{"verses":[{"id":1,"verse_number":1,"verse_key":"1:1","juz_number":1,"hizb_number":1,"rub_el_hizb_number":1,"ruku_number":1,"manzil_number":1,"sajdah_number":null,"text_uthmani":"بِسْمِ ٱللَّهِ ٱلرَّحْمَـٰنِ ٱلرَّحِيمِ","page_number":1,"words":[{"id":1,"position":1,"audio_url":"wbw/001_001_001.mp3","qpc_uthmani_hafs":"بِسۡمِ","char_type_name":"word","page_number":1,"line_number":2,"text":"ﭑ","translation":{"text":"In (the) name","language_name":"english","language_id":38},"transliteration":{"text":"bis'mi","language_name":"english","language_id":38}},{"id":2,"position":2,"audio_url":"wbw/001_001_002.mp3","qpc_uthmani_hafs":"ٱللَّهِ","char_type_name":"word","page_number":1,"line_number":2,"text":"ﭒ","translation":{"text":"(of) Allah","language_name":"english","language_id":38},"transliteration":{"text":"l-lahi","language_name":"english","language_id":38}},{"id":3,"position":3,"audio_url":"wbw/001_001_003.mp3","qpc_uthmani_hafs":"ٱلرَّحۡمَٰنِ","char_type_name":"word","page_number":1,"line_number":2,"text":"ﭓ","translation":{"text":"the Most Gracious","language_name":"english","language_id":38},"transliteration":{"text":"l-raḥmāni","language_name":"english","language_id":38}},{"id":4,"position":4,"audio_url":"wbw/001_001_004.mp3","qpc_uthmani_hafs":"ٱلرَّحِيمِ","char_type_name":"word","page_number":1,"line_number":2,"text":"ﭔ","translation":{"text":"the Most Merciful","language_name":"english","language_id":38},"transliteration":{"text":"l-raḥīmi","language_name":"english","language_id":38}},{"id":5,"position":5,"audio_url":null,"qpc_uthmani_hafs":"١","char_type_name":"end","page_number":1,"line_number":2,"text":"ﭕ","translation":{"text":"(1)","language_name":"english","language_id":38},"transliteration":{"text":null,"language_name":"english","language_id":38}}],"translations":[{"id":916430,"resource_id":134,"text":"Dengan menyebut nama Allah Yang Maha Pemurah lagi Maha Penyayang <sup foot_note=135882>1</sup>"}]},{"id":2,"verse_number":2,"verse_key":"1:2","juz_number":1,"hizb_number":1,"rub_el_hizb_number":1,"ruku_number":1,"manzil_number":1,"sajdah_number":null,"text_uthmani":"ٱلْحَمْدُ لِلَّهِ رَبِّ ٱلْعَـٰلَمِينَ","page_number":1,"words":[{"id":1130,"position":1,"audio_url":"wbw/001_002_001.mp3","qpc_uthmani_hafs":"ٱلۡحَمۡدُ","char_type_name":"word","page_number":1,"line_number":3,"text":"ﭖ","translation":{"text":"All praises and thanks","language_name":"english","language_id":38},"transliteration":{"text":"al-ḥamdu","language_name":"english","language_id":38}},{"id":1131,"position":2,"audio_url":"wbw/001_002_002.mp3","qpc_uthmani_hafs":"لِلَّهِ","char_type_name":"word","page_number":1,"line_number":3,"text":"ﭗ","translation":{"text":"(be) to Allah","language_name":"english","language_id":38},"transliteration":{"text":"lillahi","language_name":"english","language_id":38}},{"id":1132,"position":3,"audio_url":"wbw/001_002_003.mp3","qpc_uthmani_hafs":"رَبِّ","char_type_name":"word","page_number":1,"line_number":3,"text":"ﭘ","translation":{"text":"the Lord","language_name":"english","language_id":38},"transliteration":{"text":"rabbi","language_name":"english","language_id":38}},{"id":1133,"position":4,"audio_url":"wbw/001_002_004.mp3","qpc_uthmani_hafs":"ٱلۡعَٰلَمِينَ","char_type_name":"word","page_number":1,"line_number":3,"text":"ﭙ","translation":{"text":"of the universe","language_name":"english","language_id":38},"transliteration":{"text":"l-ʿālamīna","language_name":"english","language_id":38}},{"id":1134,"position":5,"audio_url":null,"qpc_uthmani_hafs":"٢","char_type_name":"end","page_number":1,"line_number":3,"text":"ﭚ","translation":{"text":"(2)","language_name":"english","language_id":38},"transliteration":{"text":null,"language_name":"english","language_id":38}}],"translations":[{"id":916431,"resource_id":134,"text":"Segala pujibagi Allah, Tuhan<sup foot_note=135883>1</sup> semesta alam."}]},{"id":3,"verse_number":3,"verse_key":"1:3","juz_number":1,"hizb_number":1,"rub_el_hizb_number":1,"ruku_number":1,"manzil_number":1,"sajdah_number":null,"text_uthmani":"ٱلرَّحْمَـٰنِ ٱلرَّحِيمِ","page_number":1,"words":[{"id":2953,"position":1,"audio_url":"wbw/001_003_001.mp3","qpc_uthmani_hafs":"ٱلرَّحۡمَٰنِ","char_type_name":"word","page_number":1,"line_number":4,"text":"ﭛ","translation":{"text":"The Most Gracious","language_name":"english","language_id":38},"transliteration":{"text":"al-raḥmāni","language_name":"english","language_id":38}},{"id":2954,"position":2,"audio_url":"wbw/001_003_002.mp3","qpc_uthmani_hafs":"ٱلرَّحِيمِ","char_type_name":"word","page_number":1,"line_number":4,"text":"ﭜ","translation":{"text":"the Most Merciful","language_name":"english","language_id":38},"transliteration":{"text":"l-raḥīmi","language_name":"english","language_id":38}},{"id":2955,"position":3,"audio_url":null,"qpc_uthmani_hafs":"٣","char_type_name":"end","page_number":1,"line_number":4,"text":"ﭝ","translation":{"text":"(3)","language_name":"english","language_id":38},"transliteration":{"text":null,"language_name":"english","language_id":38}}],"translations":[{"id":916432,"resource_id":134,"text":"Maha Pemurah lagi Maha Penyayang."}]},{"id":4,"verse_number":4,"verse_key":"1:4","juz_number":1,"hizb_number":1,"rub_el_hizb_number":1,"ruku_number":1,"manzil_number":1,"sajdah_number":null,"text_uthmani":"مَـٰلِكِ يَوْمِ ٱلدِّينِ","page_number":1,"words":[{"id":3252,"position":1,"audio_url":"wbw/001_004_001.mp3","qpc_uthmani_hafs":"مَٰلِكِ","char_type_name":"word","page_number":1,"line_number":4,"text":"ﭞ","translation":{"text":"(The) Master","language_name":"english","language_id":38},"transliteration":{"text":"māliki","language_name":"english","language_id":38}},{"id":3253,"position":2,"audio_url":"wbw/001_004_002.mp3","qpc_uthmani_hafs":"يَوۡمِ","char_type_name":"word","page_number":1,"line_number":4,"text":"ﭟ","translation":{"text":"(of the) Day","language_name":"english","language_id":38},"transliteration":{"text":"yawmi","language_name":"english","language_id":38}},{"id":3254,"position":3,"audio_url":"wbw/001_004_003.mp3","qpc_uthmani_hafs":"ٱلدِّينِ","char_type_name":"word","page_number":1,"line_number":4,"text":"ﭠ","translation":{"text":"(of the) Judgment","language_name":"english","language_id":38},"transliteration":{"text":"l-dīni","language_name":"english","language_id":38}},{"id":3255,"position":4,"audio_url":null,"qpc_uthmani_hafs":"٤","char_type_name":"end","page_number":1,"line_number":4,"text":"ﭡ","translation":{"text":"(4)","language_name":"english","language_id":38},"transliteration":{"text":null,"language_name":"english","language_id":38}}],"translations":[{"id":916433,"resource_id":134,"text":"Yang menguasaihari pembalasan<sup foot_note=135884>1</sup>."}]},{"id":5,"verse_number":5,"verse_key":"1:5","juz_number":1,"hizb_number":1,"rub_el_hizb_number":1,"ruku_number":1,"manzil_number":1,"sajdah_number":null,"text_uthmani":"إِيَّاكَ نَعْبُدُ وَإِيَّاكَ نَسْتَعِينُ","page_number":1,"words":[{"id":5334,"position":1,"audio_url":"wbw/001_005_001.mp3","qpc_uthmani_hafs":"إِيَّاكَ","char_type_name":"word","page_number":1,"line_number":5,"text":"ﭢ","translation":{"text":"You Alone","language_name":"english","language_id":38},"transliteration":{"text":"iyyāka","language_name":"english","language_id":38}},{"id":5335,"position":2,"audio_url":"wbw/001_005_002.mp3","qpc_uthmani_hafs":"نَعۡبُدُ","char_type_name":"word","page_number":1,"line_number":5,"text":"ﭣ","translation":{"text":"we worship","language_name":"english","language_id":38},"transliteration":{"text":"naʿbudu","language_name":"english","language_id":38}},{"id":5336,"position":3,"audio_url":"wbw/001_005_003.mp3","qpc_uthmani_hafs":"وَإِيَّاكَ","char_type_name":"word","page_number":1,"line_number":5,"text":"ﭤ","translation":{"text":"and You Alone","language_name":"english","language_id":38},"transliteration":{"text":"wa-iyyāka","language_name":"english","language_id":38}},{"id":5337,"position":4,"audio_url":"wbw/001_005_004.mp3","qpc_uthmani_hafs":"نَسۡتَعِينُ","char_type_name":"word","page_number":1,"line_number":5,"text":"ﭥ","translation":{"text":"we ask for help","language_name":"english","language_id":38},"transliteration":{"text":"nastaʿīnu","language_name":"english","language_id":38}},{"id":5338,"position":5,"audio_url":null,"qpc_uthmani_hafs":"٥","char_type_name":"end","page_number":1,"line_number":5,"text":"ﭦ","translation":{"text":"(5)","language_name":"english","language_id":38},"transliteration":{"text":null,"language_name":"english","language_id":38}}],"translations":[{"id":916434,"resource_id":134,"text":"Hanya kepada Engkau-lah kami menyembahdan hanya kepada Engkau-lah kami memohon pertolongan<sup foot_note=135885>1</sup>."}]},{"id":6,"verse_number":6,"verse_key":"1:6","juz_number":1,"hizb_number":1,"rub_el_hizb_number":1,"ruku_number":1,"manzil_number":1,"sajdah_number":null,"text_uthmani":"ٱهْدِنَا ٱلصِّرَٰطَ ٱلْمُسْتَقِيمَ","page_number":1,"words":[{"id":6844,"position":1,"audio_url":"wbw/001_006_001.mp3","qpc_uthmani_hafs":"ٱهۡدِنَا","char_type_name":"word","page_number":1,"line_number":5,"text":"ﭧ","translation":{"text":"Guide us","language_name":"english","language_id":38},"transliteration":{"text":"ih'dinā","language_name":"english","language_id":38}},{"id":6845,"position":2,"audio_url":"wbw/001_006_002.mp3","qpc_uthmani_hafs":"ٱلصِّرَٰطَ","char_type_name":"word","page_number":1,"line_number":6,"text":"ﭨ","translation":{"text":"(to) the path","language_name":"english","language_id":38},"transliteration":{"text":"l-ṣirāṭa","language_name":"english","language_id":38}},{"id":6846,"position":3,"audio_url":"wbw/001_006_003.mp3","qpc_uthmani_hafs":"ٱلۡمُسۡتَقِيمَ","char_type_name":"word","page_number":1,"line_number":6,"text":"ﭩ","translation":{"text":"the straight","language_name":"english","language_id":38},"transliteration":{"text":"l-mus'taqīma","language_name":"english","language_id":38}},{"id":6847,"position":4,"audio_url":null,"qpc_uthmani_hafs":"٦","char_type_name":"end","page_number":1,"line_number":6,"text":"ﭪ","translation":{"text":"(6)","language_name":"english","language_id":38},"transliteration":{"text":null,"language_name":"english","language_id":38}}],"translations":[{"id":916435,"resource_id":134,"text":"Tunjukilah kamijalan yang lurus, <sup foot_note=135886>1</sup>"}]},{"id":7,"verse_number":7,"verse_key":"1:7","juz_number":1,"hizb_number":1,"rub_el_hizb_number":1,"ruku_number":1,"manzil_number":1,"sajdah_number":null,"text_uthmani":"صِرَٰطَ ٱلَّذِينَ أَنْعَمْتَ عَلَيْهِمْ غَيْرِ ٱلْمَغْضُوبِ عَلَيْهِمْ وَلَا ٱلضَّآلِّينَ","page_number":1,"words":[{"id":8411,"position":1,"audio_url":"wbw/001_007_001.mp3","qpc_uthmani_hafs":"صِرَٰطَ","char_type_name":"word","page_number":1,"line_number":6,"text":"ﭫ","translation":{"text":"(The) path","language_name":"english","language_id":38},"transliteration":{"text":"ṣirāṭa","language_name":"english","language_id":38}},{"id":8412,"position":2,"audio_url":"wbw/001_007_002.mp3","qpc_uthmani_hafs":"ٱلَّذِينَ","char_type_name":"word","page_number":1,"line_number":6,"text":"ﭬ","translation":{"text":"(of) those","language_name":"english","language_id":38},"transliteration":{"text":"alladhīna","language_name":"english","language_id":38}},{"id":8413,"position":3,"audio_url":"wbw/001_007_003.mp3","qpc_uthmani_hafs":"أَنۡعَمۡتَ","char_type_name":"word","page_number":1,"line_number":6,"text":"ﭭ","translation":{"text":"You have bestowed (Your) Favors","language_name":"english","language_id":38},"transliteration":{"text":"anʿamta","language_name":"english","language_id":38}},{"id":8414,"position":4,"audio_url":"wbw/001_007_004.mp3","qpc_uthmani_hafs":"عَلَيۡهِمۡ","char_type_name":"word","page_number":1,"line_number":7,"text":"ﭮ","translation":{"text":"on them","language_name":"english","language_id":38},"transliteration":{"text":"ʿalayhim","language_name":"english","language_id":38}},{"id":8415,"position":5,"audio_url":"wbw/001_007_005.mp3","qpc_uthmani_hafs":"غَيۡرِ","char_type_name":"word","page_number":1,"line_number":7,"text":"ﭯ","translation":{"text":"not (of)","language_name":"english","language_id":38},"transliteration":{"text":"ghayri","language_name":"english","language_id":38}},{"id":8416,"position":6,"audio_url":"wbw/001_007_006.mp3","qpc_uthmani_hafs":"ٱلۡمَغۡضُوبِ","char_type_name":"word","page_number":1,"line_number":7,"text":"ﭰ","translation":{"text":"those who earned (Your) wrath","language_name":"english","language_id":38},"transliteration":{"text":"l-maghḍūbi","language_name":"english","language_id":38}},{"id":8417,"position":7,"audio_url":"wbw/001_007_007.mp3","qpc_uthmani_hafs":"عَلَيۡهِمۡ","char_type_name":"word","page_number":1,"line_number":7,"text":"ﭱ","translation":{"text":"on themselves","language_name":"english","language_id":38},"transliteration":{"text":"ʿalayhim","language_name":"english","language_id":38}},{"id":8418,"position":8,"audio_url":"wbw/001_007_008.mp3","qpc_uthmani_hafs":"وَلَا","char_type_name":"word","page_number":1,"line_number":8,"text":"ﭲ","translation":{"text":"and not","language_name":"english","language_id":38},"transliteration":{"text":"walā","language_name":"english","language_id":38}},{"id":8419,"position":9,"audio_url":"wbw/001_007_009.mp3","qpc_uthmani_hafs":"ٱلضَّآلِّينَ","char_type_name":"word","page_number":1,"line_number":8,"text":"ﭳ","translation":{"text":"(of) those who go astray","language_name":"english","language_id":38},"transliteration":{"text":"l-ḍālīna","language_name":"english","language_id":38}},{"id":8420,"position":10,"audio_url":null,"qpc_uthmani_hafs":"٧","char_type_name":"end","page_number":1,"line_number":8,"text":"ﭴ","translation":{"text":"(7)","language_name":"english","language_id":38},"transliteration":{"text":null,"language_name":"english","language_id":38}}],"translations":[{"id":916436,"resource_id":134,"text":"(yaitu) jalan orang-orang yang telah Engkau anugerahkan nikmat kepada mereka; bukan (jalan) mereka yang dimurkai dan bukan (pula jalan) mereka yang sesat <sup foot_note=135887>1</sup>"}]}],"pagination":{"per_page":50,"current_page":1,"next_page":null,"total_pages":1,"total_records":7}}