{"verses":[{"id":634,"verse_number":141,"verse_key":"4:141","juz_number":5,"hizb_number":10,"rub_el_hizb_number":40,"ruku_number":81,"manzil_number":1,"sajdah_number":null,"text_uthmani":"ٱلَّذِينَ يَتَرَبَّصُونَ بِكُمْ فَإِن كَانَ لَكُمْ فَتْحٌ مِّنَ ٱللَّهِ قَالُوٓا۟ أَلَمْ نَكُن مَّعَكُمْ وَإِن كَانَ لِلْكَـٰفِرِينَ نَصِيبٌ قَالُوٓا۟ أَلَمْ نَسْتَحْوِذْ عَلَيْكُمْ وَنَمْنَعْكُم مِّنَ ٱلْمُؤْمِنِينَ ۚ فَٱللَّهُ يَحْكُمُ بَيْنَكُمْ يَوْمَ ٱلْقِيَـٰمَةِ ۗ وَلَن يَجْعَلَ ٱللَّهُ لِلْكَـٰفِرِينَ عَلَى ٱلْمُؤْمِنِينَ سَبِيلًا","page_number":101,"words":[{"id":79198,"position":1,"audio_url":"wbw/004_141_001.mp3","qpc_uthmani_hafs":"ٱلَّذِينَ","char_type_name":"word","page_number":101,"line_number":1,"text":"ﭑ","translation":{"text":"Those who","language_name":"english","language_id":38},"transliteration":{"text":"alladhīna","language_name":"english","language_id":38}},{"id":79199,"position":2,"audio_url":"wbw/004_141_002.mp3","qpc_uthmani_hafs":"يَتَرَبَّصُونَ","char_type_name":"word","page_number":101,"line_number":1,"text":"ﭒ","translation":{"text":"are waiting","language_name":"english","language_id":38},"transliteration":{"text":"yatarabbaṣūna","language_name":"english","language_id":38}},{"id":79200,"position":3,"audio_url":"wbw/004_141_003.mp3","qpc_uthmani_hafs":"بِكُمۡ","char_type_name":"word","page_number":101,"line_number":1,"text":"ﭓ","translation":{"text":"for you","language_name":"english","language_id":38},"transliteration":{"text":"bikum","language_name":"english","language_id":38}},{"id":79201,"position":4,"audio_url":"wbw/004_141_004.mp3","qpc_uthmani_hafs":"فَإِن","char_type_name":"word","page_number":101,"line_number":1,"text":"ﭔ","translation":{"text":"Then if","language_name":"english","language_id":38},"transliteration":{"text":"fa-in","language_name":"english","language_id":38}},{"id":79202,"position":5,"audio_url":"wbw/004_141_005.mp3","qpc_uthmani_hafs":"كَانَ","char_type_name":"word","page_number":101,"line_number":1,"text":"ﭕ","translation":{"text":"was","language_name":"english","language_id":38},"transliteration":{"text":"kāna","language_name":"english","language_id":38}},{"id":79203,"position":6,"audio_url":"wbw/004_141_006.mp3","qpc_uthmani_hafs":"لَكُمۡ","char_type_name":"word","page_number":101,"line_number":1,"text":"ﭖ","translation":{"text":"for you","language_name":"english","language_id":38},"transliteration":{"text":"lakum","language_name":"english","language_id":38}},{"id":79204,"position":7,"audio_url":"wbw/004_141_007.mp3","qpc_uthmani_hafs":"فَتۡحٞ","char_type_name":"word","page_number":101,"line_number":1,"text":"ﭗ","translation":{"text":"a victory","language_name":"english","language_id":38},"transliteration":{"text":"fatḥun","language_name":"english","language_id":38}},{"id":79205,"position":8,"audio_url":"wbw/004_141_008.mp3","qpc_uthmani_hafs":"مِّنَ","char_type_name":"word","page_number":101,"line_number":1,"text":"ﭘ","translation":{"text":"from","language_name":"english","language_id":38},"transliteration":{"text":"mina","language_name":"english","language_id":38}},{"id":79206,"position":9,"audio_url":"wbw/004_141_009.mp3","qpc_uthmani_hafs":"ٱللَّهِ","char_type_name":"word","page_number":101,"line_number":1,"text":"ﭙ","translation":{"text":"Allah","language_name":"english","language_id":38},"transliteration":{"text":"l-lahi","language_name":"english","language_id":38}},{"id":79207,"position":10,"audio_url":"wbw/004_141_010.mp3","qpc_uthmani_hafs":"قَالُوٓاْ","char_type_name":"word","page_number":101,"line_number":1,"text":"ﭚ","translation":{"text":"they say","language_name":"english","language_id":38},"transliteration":{"text":"qālū","language_name":"english","language_id":38}},{"id":79208,"position":11,"audio_url":"wbw/004_141_011.mp3","qpc_uthmani_hafs":"أَلَمۡ","char_type_name":"word","page_number":101,"line_number":1,"text":"ﭛ","translation":{"text":"Were not","language_name":"english","language_id":38},"transliteration":{"text":"alam","language_name":"english","language_id":38}},{"id":79209,"position":12,"audio_url":"wbw/004_141_012.mp3","qpc_uthmani_hafs":"نَكُن","char_type_name":"word","page_number":101,"line_number":2,"text":"ﭜ","translation":{"text":"we","language_name":"english","language_id":38},"transliteration":{"text":"nakun","language_name":"english","language_id":38}},{"id":79210,"position":13,"audio_url":"wbw/004_141_013.mp3","qpc_uthmani_hafs":"مَّعَكُمۡ","char_type_name":"word","page_number":101,"line_number":2,"text":"ﭝ","translation":{"text":"with you","language_name":"english","language_id":38},"transliteration":{"text":"maʿakum","language_name":"english","language_id":38}},{"id":79211,"position":14,"audio_url":"wbw/004_141_014.mp3","qpc_uthmani_hafs":"وَإِن","char_type_name":"word","page_number":101,"line_number":2,"text":"ﭞ","translation":{"text":"But if","language_name":"english","language_id":38},"transliteration":{"text":"wa-in","language_name":"english","language_id":38}},{"id":79212,"position":15,"audio_url":"wbw/004_141_015.mp3","qpc_uthmani_hafs":"كَانَ","char_type_name":"word","page_number":101,"line_number":2,"text":"ﭟ","translation":{"text":"(there) was","language_name":"english","language_id":38},"transliteration":{"text":"kāna","language_name":"english","language_id":38}},{"id":79213,"position":16,"audio_url":"wbw/004_141_016.mp3","qpc_uthmani_hafs":"لِلۡكَٰفِرِينَ","char_type_name":"word","page_number":101,"line_number":2,"text":"ﭠ","translation":{"text":"for the disbelievers","language_name":"english","language_id":38},"transliteration":{"text":"lil'kāfirīna","language_name":"english","language_id":38}},{"id":79214,"position":17,"audio_url":"wbw/004_141_017.mp3","qpc_uthmani_hafs":"نَصِيبٞ","char_type_name":"word","page_number":101,"line_number":2,"text":"ﭡ","translation":{"text":"a chance","language_name":"english","language_id":38},"transliteration":{"text":"naṣībun","language_name":"english","language_id":38}},{"id":79215,"position":18,"audio_url":"wbw/004_141_018.mp3","qpc_uthmani_hafs":"قَالُوٓاْ","char_type_name":"word","page_number":101,"line_number":2,"text":"ﭢ","translation":{"text":"they said","language_name":"english","language_id":38},"transliteration":{"text":"qālū","language_name":"english","language_id":38}},{"id":79216,"position":19,"audio_url":"wbw/004_141_019.mp3","qpc_uthmani_hafs":"أَلَمۡ","char_type_name":"word","page_number":101,"line_number":2,"text":"ﭣ","translation":{"text":"Did not","language_name":"english","language_id":38},"transliteration":{"text":"alam","language_name":"english","language_id":38}},{"id":79217,"position":20,"audio_url":"wbw/004_141_020.mp3","qpc_uthmani_hafs":"نَسۡتَحۡوِذۡ","char_type_name":"word","page_number":101,"line_number":2,"text":"ﭤ","translation":{"text":"we have advantage","language_name":"english","language_id":38},"transliteration":{"text":"nastaḥwidh","language_name":"english","language_id":38}},{"id":79218,"position":21,"audio_url":"wbw/004_141_021.mp3","qpc_uthmani_hafs":"عَلَيۡكُمۡ","char_type_name":"word","page_number":101,"line_number":3,"text":"ﭥ","translation":{"text":"over you","language_name":"english","language_id":38},"transliteration":{"text":"ʿalaykum","language_name":"english","language_id":38}},{"id":79219,"position":22,"audio_url":"wbw/004_141_022.mp3","qpc_uthmani_hafs":"وَنَمۡنَعۡكُم","char_type_name":"word","page_number":101,"line_number":3,"text":"ﭦ","translation":{"text":"and we protected you","language_name":"english","language_id":38},"transliteration":{"text":"wanamnaʿkum","language_name":"english","language_id":38}},{"id":79220,"position":23,"audio_url":"wbw/004_141_023.mp3","qpc_uthmani_hafs":"مِّنَ","char_type_name":"word","page_number":101,"line_number":3,"text":"ﭧ","translation":{"text":"from","language_name":"english","language_id":38},"transliteration":{"text":"mina","language_name":"english","language_id":38}},{"id":79221,"position":24,"audio_url":"wbw/004_141_024.mp3","qpc_uthmani_hafs":"ٱلۡمُؤۡمِنِينَۚ","char_type_name":"word","page_number":101,"line_number":3,"text":"ﭨﭩ","translation":{"text":"the believers","language_name":"english","language_id":38},"transliteration":{"text":"l-mu'minīna","language_name":"english","language_id":38}},{"id":79223,"position":25,"audio_url":"wbw/004_141_026.mp3","qpc_uthmani_hafs":"فَٱللَّهُ","char_type_name":"word","page_number":101,"line_number":3,"text":"ﭪ","translation":{"text":"And Allah","language_name":"english","language_id":38},"transliteration":{"text":"fal-lahu","language_name":"english","language_id":38}},{"id":79224,"position":26,"audio_url":"wbw/004_141_027.mp3","qpc_uthmani_hafs":"يَحۡكُمُ","char_type_name":"word","page_number":101,"line_number":3,"text":"ﭫ","translation":{"text":"will judge","language_name":"english","language_id":38},"transliteration":{"text":"yaḥkumu","language_name":"english","language_id":38}},{"id":79225,"position":27,"audio_url":"wbw/004_141_028.mp3","qpc_uthmani_hafs":"بَيۡنَكُمۡ","char_type_name":"word","page_number":101,"line_number":3,"text":"ﭬ","translation":{"text":"between you","language_name":"english","language_id":38},"transliteration":{"text":"baynakum","language_name":"english","language_id":38}},{"id":79226,"position":28,"audio_url":"wbw/004_141_029.mp3","qpc_uthmani_hafs":"يَوۡمَ","char_type_name":"word","page_number":101,"line_number":3,"text":"ﭭ","translation":{"text":"(on the) Day","language_name":"english","language_id":38},"transliteration":{"text":"yawma","language_name":"english","language_id":38}},{"id":79227,"position":29,"audio_url":"wbw/004_141_030.mp3","qpc_uthmani_hafs":"ٱلۡقِيَٰمَةِۚ","char_type_name":"word","page_number":101,"line_number":4,"text":"ﭮﭯ","translation":{"text":"(of) the Resurrection","language_name":"english","language_id":38},"transliteration":{"text":"l-qiyāmati","language_name":"english","language_id":38}},{"id":79229,"position":30,"audio_url":"wbw/004_141_032.mp3","qpc_uthmani_hafs":"وَلَن","char_type_name":"word","page_number":101,"line_number":4,"text":"ﭰ","translation":{"text":"and never","language_name":"english","language_id":38},"transliteration":{"text":"walan","language_name":"english","language_id":38}},{"id":79230,"position":31,"audio_url":"wbw/004_141_033.mp3","qpc_uthmani_hafs":"يَجۡعَلَ","char_type_name":"word","page_number":101,"line_number":4,"text":"ﭱ","translation":{"text":"will make","language_name":"english","language_id":38},"transliteration":{"text":"yajʿala","language_name":"english","language_id":38}},{"id":79231,"position":32,"audio_url":"wbw/004_141_034.mp3","qpc_uthmani_hafs":"ٱللَّهُ","char_type_name":"word","page_number":101,"line_number":4,"text":"ﭲ","translation":{"text":"Allah","language_name":"english","language_id":38},"transliteration":{"text":"l-lahu","language_name":"english","language_id":38}},{"id":79232,"position":33,"audio_url":"wbw/004_141_035.mp3","qpc_uthmani_hafs":"لِلۡكَٰفِرِينَ","char_type_name":"word","page_number":101,"line_number":4,"text":"ﭳ","translation":{"text":"for the disbelievers","language_name":"english","language_id":38},"transliteration":{"text":"lil'kāfirīna","language_name":"english","language_id":38}},{"id":79233,"position":34,"audio_url":"wbw/004_141_036.mp3","qpc_uthmani_hafs":"عَلَى","char_type_name":"word","page_number":101,"line_number":4,"text":"ﭴ","translation":{"text":"over","language_name":"english","language_id":38},"transliteration":{"text":"ʿalā","language_name":"english","language_id":38}},{"id":79234,"position":35,"audio_url":"wbw/004_141_037.mp3","qpc_uthmani_hafs":"ٱلۡمُؤۡمِنِينَ","char_type_name":"word","page_number":101,"line_number":4,"text":"ﭵ","translation":{"text":"the believers","language_name":"english","language_id":38},"transliteration":{"text":"l-mu'minīna","language_name":"english","language_id":38}},{"id":79235,"position":36,"audio_url":"wbw/004_141_038.mp3","qpc_uthmani_hafs":"سَبِيلًا","char_type_name":"word","page_number":101,"line_number":4,"text":"ﭶ","translation":{"text":"a way","language_name":"english","language_id":38},"transliteration":{"text":"sabīlan","language_name":"english","language_id":38}},{"id":79236,"position":37,"audio_url":null,"qpc_uthmani_hafs":"١٤١","char_type_name":"end","page_number":101,"line_number":4,"text":"ﭷ","translation":{"text":"(141)","language_name":"english","language_id":38},"transliteration":{"text":null,"language_name":"english","language_id":38}}],"translations":[{"id":917063,"resource_id":134,"text":"(yaitu) orang-orang yang menunggu-nunggu (peristiwa) yang akan terjadi pada dirimu (hai orang-orang mukmin). Maka jika terjadi bagimu kemenangan dari Allah, mereka berkata, \"Bukankah kami (turut berperang) beserta kamu?\" Dan jika orang-orang kafir mendapat keberuntungan (kemenangan), mereka berkata, \"Bukankah kami turut memenangkanmu<sup foot_note=210132>1</sup>, dan membela kamu dari orang-orang mukmin?\" Maka Allah akan memberi keputusan di antara kamu di hari kiamat dan Allah sekali-kali tidak akan memberi jalan kepada orang-orang kafir untuk memusnahkan orang-orang yang beriman."}]},{"id":635,"verse_number":142,"verse_key":"4:142","juz_number":5,"hizb_number":10,"rub_el_hizb_number":40,"ruku_number":82,"manzil_number":1,"sajdah_number":null,"text_uthmani":"إِنَّ ٱلْمُنَـٰفِقِينَ يُخَـٰدِعُونَ ٱللَّهَ وَهُوَ خَـٰدِعُهُمْ وَإِذَا قَامُوٓا۟ إِلَى ٱلصَّلَوٰةِ قَامُوا۟ كُسَالَىٰ يُرَآءُونَ ٱلنَّاسَ وَلَا يَذْكُرُونَ ٱللَّهَ إِلَّا قَلِيلًا","page_number":101,"words":[{"id":79411,"position":1,"audio_url":"wbw/004_142_001.mp3","qpc_uthmani_hafs":"إِنَّ","char_type_name":"word","page_number":101,"line_number":5,"text":"ﭸ","translation":{"text":"Indeed","language_name":"english","language_id":38},"transliteration":{"text":"inna","language_name":"english","language_id":38}},{"id":79412,"position":2,"audio_url":"wbw/004_142_002.mp3","qpc_uthmani_hafs":"ٱلۡمُنَٰفِقِينَ","char_type_name":"word","page_number":101,"line_number":5,"text":"ﭹ","translation":{"text":"the hypocrites","language_name":"english","language_id":38},"transliteration":{"text":"l-munāfiqīna","language_name":"english","language_id":38}},{"id":79413,"position":3,"audio_url":"wbw/004_142_003.mp3","qpc_uthmani_hafs":"يُخَٰدِعُونَ","char_type_name":"word","page_number":101,"line_number":5,"text":"ﭺ","translation":{"text":"(seek to) deceive","language_name":"english","language_id":38},"transliteration":{"text":"yukhādiʿūna","language_name":"english","language_id":38}},{"id":79414,"position":4,"audio_url":"wbw/004_142_004.mp3","qpc_uthmani_hafs":"ٱللَّهَ","char_type_name":"word","page_number":101,"line_number":5,"text":"ﭻ","translation":{"text":"Allah","language_name":"english","language_id":38},"transliteration":{"text":"l-laha","language_name":"english","language_id":38}},{"id":79415,"position":5,"audio_url":"wbw/004_142_005.mp3","qpc_uthmani_hafs":"وَهُوَ","char_type_name":"word","page_number":101,"line_number":5,"text":"ﭼ","translation":{"text":"and (it is) He","language_name":"english","language_id":38},"transliteration":{"text":"wahuwa","language_name":"english","language_id":38}},{"id":79416,"position":6,"audio_url":"wbw/004_142_006.mp3","qpc_uthmani_hafs":"خَٰدِعُهُمۡ","char_type_name":"word","page_number":101,"line_number":5,"text":"ﭽ","translation":{"text":"who deceives them","language_name":"english","language_id":38},"transliteration":{"text":"khādiʿuhum","language_name":"english","language_id":38}},{"id":79417,"position":7,"audio_url":"wbw/004_142_007.mp3","qpc_uthmani_hafs":"وَإِذَا","char_type_name":"word","page_number":101,"line_number":5,"text":"ﭾ","translation":{"text":"And when","language_name":"english","language_id":38},"transliteration":{"text":"wa-idhā","language_name":"english","language_id":38}},{"id":79418,"position":8,"audio_url":"wbw/004_142_008.mp3","qpc_uthmani_hafs":"قَامُوٓاْ","char_type_name":"word","page_number":101,"line_number":5,"text":"ﭿ","translation":{"text":"they stand","language_name":"english","language_id":38},"transliteration":{"text":"qāmū","language_name":"english","language_id":38}},{"id":79419,"position":9,"audio_url":"wbw/004_142_009.mp3","qpc_uthmani_hafs":"إِلَى","char_type_name":"word","page_number":101,"line_number":5,"text":"ﮀ","translation":{"text":"for","language_name":"english","language_id":38},"transliteration":{"text":"ilā","language_name":"english","language_id":38}},{"id":79420,"position":10,"audio_url":"wbw/004_142_010.mp3","qpc_uthmani_hafs":"ٱلصَّلَوٰةِ","char_type_name":"word","page_number":101,"line_number":6,"text":"ﮁ","translation":{"text":"the prayer","language_name":"english","language_id":38},"transliteration":{"text":"l-ṣalati","language_name":"english","language_id":38}},{"id":79421,"position":11,"audio_url":"wbw/004_142_011.mp3","qpc_uthmani_hafs":"قَامُواْ","char_type_name":"word","page_number":101,"line_number":6,"text":"ﮂ","translation":{"text":"they stand","language_name":"english","language_id":38},"transliteration":{"text":"qāmū","language_name":"english","language_id":38}},{"id":79422,"position":12,"audio_url":"wbw/004_142_012.mp3","qpc_uthmani_hafs":"كُسَالَىٰ","char_type_name":"word","page_number":101,"line_number":6,"text":"ﮃ","translation":{"text":"lazily","language_name":"english","language_id":38},"transliteration":{"text":"kusālā","language_name":"english","language_id":38}},{"id":79423,"position":13,"audio_url":"wbw/004_142_013.mp3","qpc_uthmani_hafs":"يُرَآءُونَ","char_type_name":"word","page_number":101,"line_number":6,"text":"ﮄ","translation":{"text":"showing off","language_name":"english","language_id":38},"transliteration":{"text":"yurāūna","language_name":"english","language_id":38}},{"id":79424,"position":14,"audio_url":"wbw/004_142_014.mp3","qpc_uthmani_hafs":"ٱلنَّاسَ","char_type_name":"word","page_number":101,"line_number":6,"text":"ﮅ","translation":{"text":"(to) the people","language_name":"english","language_id":38},"transliteration":{"text":"l-nāsa","language_name":"english","language_id":38}},{"id":79425,"position":15,"audio_url":"wbw/004_142_015.mp3","qpc_uthmani_hafs":"وَلَا","char_type_name":"word","page_number":101,"line_number":6,"text":"ﮆ","translation":{"text":"and not","language_name":"english","language_id":38},"transliteration":{"text":"walā","language_name":"english","language_id":38}},{"id":79426,"position":16,"audio_url":"wbw/004_142_016.mp3","qpc_uthmani_hafs":"يَذۡكُرُونَ","char_type_name":"word","page_number":101,"line_number":6,"text":"ﮇ","translation":{"text":"they remember","language_name":"english","language_id":38},"transliteration":{"text":"yadhkurūna","language_name":"english","language_id":38}},{"id":79427,"position":17,"audio_url":"wbw/004_142_017.mp3","qpc_uthmani_hafs":"ٱللَّهَ","char_type_name":"word","page_number":101,"line_number":6,"text":"ﮈ","translation":{"text":"Allah","language_name":"english","language_id":38},"transliteration":{"text":"l-laha","language_name":"english","language_id":38}},{"id":79428,"position":18,"audio_url":"wbw/004_142_018.mp3","qpc_uthmani_hafs":"إِلَّا","char_type_name":"word","page_number":101,"line_number":6,"text":"ﮉ","translation":{"text":"except","language_name":"english","language_id":38},"transliteration":{"text":"illā","language_name":"english","language_id":38}},{"id":79429,"position":19,"audio_url":"wbw/004_142_019.mp3","qpc_uthmani_hafs":"قَلِيلٗا","char_type_name":"word","page_number":101,"line_number":7,"text":"ﮊ","translation":{"text":"a little","language_name":"english","language_id":38},"transliteration":{"text":"qalīlan","language_name":"english","language_id":38}},{"id":79430,"position":20,"audio_url":null,"qpc_uthmani_hafs":"١٤٢","char_type_name":"end","page_number":101,"line_number":7,"text":"ﮋ","translation":{"text":"(142)","language_name":"english","language_id":38},"transliteration":{"text":null,"language_name":"english","language_id":38}}],"translations":[{"id":917064,"resource_id":134,"text":"Sesungguhnya orang-orang munafik itu menipu Allah, dan Allah akan membalas tipuan mereka<sup foot_note=210133>1</sup>.  Dan apabila mereka berdiri untuk salat mereka berdiri dengan malas.  Mereka bermaksud ria<sup foot_note=210134>2</sup> (dengan salat) di hadapan manusia.  Dan tidaklah mereka menyebut Allah kecuali sedikit sekali<sup foot_note=210135>3</sup>."}]},{"id":636,"verse_number":143,"verse_key":"4:143","juz_number":5,"hizb_number":10,"rub_el_hizb_number":40,"ruku_number":82,"manzil_number":1,"sajdah_number":null,"text_uthmani":"مُّذَبْذَبِينَ بَيْنَ ذَٰلِكَ لَآ إِلَىٰ هَـٰٓؤُلَآءِ وَلَآ إِلَىٰ هَـٰٓؤُلَآءِ ۚ وَمَن يُضْلِلِ ٱللَّهُ فَلَن تَجِدَ لَهُۥ سَبِيلًا","page_number":101,"words":[{"id":79436,"position":1,"audio_url":"wbw/004_143_001.mp3","qpc_uthmani_hafs":"مُّذَبۡذَبِينَ","char_type_name":"word","page_number":101,"line_number":7,"text":"ﮌ","translation":{"text":"Wavering","language_name":"english","language_id":38},"transliteration":{"text":"mudhabdhabīna","language_name":"english","language_id":38}},{"id":79437,"position":2,"audio_url":"wbw/004_143_002.mp3","qpc_uthmani_hafs":"بَيۡنَ","char_type_name":"word","page_number":101,"line_number":7,"text":"ﮍ","translation":{"text":"between","language_name":"english","language_id":38},"transliteration":{"text":"bayna","language_name":"english","language_id":38}},{"id":79438,"position":3,"audio_url":"wbw/004_143_003.mp3","qpc_uthmani_hafs":"ذَٰلِكَ","char_type_name":"word","page_number":101,"line_number":7,"text":"ﮎ","translation":{"text":"that","language_name":"english","language_id":38},"transliteration":{"text":"dhālika","language_name":"english","language_id":38}},{"id":79439,"position":4,"audio_url":"wbw/004_143_004.mp3","qpc_uthmani_hafs":"لَآ","char_type_name":"word","page_number":101,"line_number":7,"text":"ﮏ","translation":{"text":"not","language_name":"english","language_id":38},"transliteration":{"text":"lā","language_name":"english","language_id":38}},{"id":79440,"position":5,"audio_url":"wbw/004_143_005.mp3","qpc_uthmani_hafs":"إِلَىٰ","char_type_name":"word","page_number":101,"line_number":7,"text":"ﮐ","translation":{"text":"to","language_name":"english","language_id":38},"transliteration":{"text":"ilā","language_name":"english","language_id":38}},{"id":79441,"position":6,"audio_url":"wbw/004_143_006.mp3","qpc_uthmani_hafs":"هَٰٓؤُلَآءِ","char_type_name":"word","page_number":101,"line_number":7,"text":"ﮑ","translation":{"text":"these","language_name":"english","language_id":38},"transliteration":{"text":"hāulāi","language_name":"english","language_id":38}},{"id":79442,"position":7,"audio_url":"wbw/004_143_007.mp3","qpc_uthmani_hafs":"وَلَآ","char_type_name":"word","page_number":101,"line_number":7,"text":"ﮒ","translation":{"text":"and not","language_name":"english","language_id":38},"transliteration":{"text":"walā","language_name":"english","language_id":38}},{"id":79443,"position":8,"audio_url":"wbw/004_143_008.mp3","qpc_uthmani_hafs":"إِلَىٰ","char_type_name":"word","page_number":101,"line_number":7,"text":"ﮓ","translation":{"text":"to","language_name":"english","language_id":38},"transliteration":{"text":"ilā","language_name":"english","language_id":38}},{"id":79444,"position":9,"audio_url":"wbw/004_143_009.mp3","qpc_uthmani_hafs":"هَٰٓؤُلَآءِۚ","char_type_name":"word","page_number":101,"line_number":7,"text":"ﮔﮕ","translation":{"text":"those","language_name":"english","language_id":38},"transliteration":{"text":"hāulāi","language_name":"english","language_id":38}},{"id":79446,"position":10,"audio_url":"wbw/004_143_011.mp3","qpc_uthmani_hafs":"وَمَن","char_type_name":"word","page_number":101,"line_number":8,"text":"ﮖ","translation":{"text":"And whoever","language_name":"english","language_id":38},"transliteration":{"text":"waman","language_name":"english","language_id":38}},{"id":79447,"position":11,"audio_url":"wbw/004_143_012.mp3","qpc_uthmani_hafs":"يُضۡلِلِ","char_type_name":"word","page_number":101,"line_number":8,"text":"ﮗ","translation":{"text":"has been lead astray","language_name":"english","language_id":38},"transliteration":{"text":"yuḍ'lili","language_name":"english","language_id":38}},{"id":79448,"position":12,"audio_url":"wbw/004_143_013.mp3","qpc_uthmani_hafs":"ٱللَّهُ","char_type_name":"word","page_number":101,"line_number":8,"text":"ﮘ","translation":{"text":"(by) Allah ","language_name":"english","language_id":38},"transliteration":{"text":"l-lahu","language_name":"english","language_id":38}},{"id":79449,"position":13,"audio_url":"wbw/004_143_014.mp3","qpc_uthmani_hafs":"فَلَن","char_type_name":"word","page_number":101,"line_number":8,"text":"ﮙ","translation":{"text":"then never","language_name":"english","language_id":38},"transliteration":{"text":"falan","language_name":"english","language_id":38}},{"id":79450,"position":14,"audio_url":"wbw/004_143_015.mp3","qpc_uthmani_hafs":"تَجِدَ","char_type_name":"word","page_number":101,"line_number":8,"text":"ﮚ","translation":{"text":"you will find","language_name":"english","language_id":38},"transliteration":{"text":"tajida","language_name":"english","language_id":38}},{"id":79451,"position":15,"audio_url":"wbw/004_143_016.mp3","qpc_uthmani_hafs":"لَهُۥ","char_type_name":"word","page_number":101,"line_number":8,"text":"ﮛ","translation":{"text":"for him","language_name":"english","language_id":38},"transliteration":{"text":"lahu","language_name":"english","language_id":38}},{"id":79452,"position":16,"audio_url":"wbw/004_143_017.mp3","qpc_uthmani_hafs":"سَبِيلٗا","char_type_name":"word","page_number":101,"line_number":8,"text":"ﮜ","translation":{"text":"a way","language_name":"english","language_id":38},"transliteration":{"text":"sabīlan","language_name":"english","language_id":38}},{"id":79453,"position":17,"audio_url":null,"qpc_uthmani_hafs":"١٤٣","char_type_name":"end","page_number":101,"line_number":8,"text":"ﮝ","translation":{"text":"(143)","language_name":"english","language_id":38},"transliteration":{"text":null,"language_name":"english","language_id":38}}],"translations":[{"id":917065,"resource_id":134,"text":"Mereka dalam keadaan ragu-ragu antara yang demikian (iman atau kafir): tidak masuk kepada golongan ini (orang-orang beriman) dan tidak (pula) kepada golongan itu (orang-orang kafir).  Barang siapa yang disesatkan Allah<sup foot_note=210136>1</sup>, maka kamu sekali-kali tidak akan mendapat jalan (untuk memberi petunjuk) baginya."}]},{"id":637,"verse_number":144,"verse_key":"4:144","juz_number":5,"hizb_number":10,"rub_el_hizb_number":40,"ruku_number":82,"manzil_number":1,"sajdah_number":null,"text_uthmani":"يَـٰٓأَيُّهَا ٱلَّذِينَ ءَامَنُوا۟ لَا تَتَّخِذُوا۟ ٱلْكَـٰفِرِينَ أَوْلِيَآءَ مِن دُونِ ٱلْمُؤْمِنِينَ ۚ أَتُرِيدُونَ أَن تَجْعَلُوا۟ لِلَّهِ عَلَيْكُمْ سُلْطَـٰنًا مُّبِينًا","page_number":101,"words":[{"id":79645,"position":1,"audio_url":"wbw/004_144_001.mp3","qpc_uthmani_hafs":"يَٰٓأَيُّهَا","char_type_name":"word","page_number":101,"line_number":8,"text":"ﮞ","translation":{"text":"O you","language_name":"english","language_id":38},"transliteration":{"text":"yāayyuhā","language_name":"english","language_id":38}},{"id":79646,"position":2,"audio_url":"wbw/004_144_002.mp3","qpc_uthmani_hafs":"ٱلَّذِينَ","char_type_name":"word","page_number":101,"line_number":8,"text":"ﮟ","translation":{"text":"who","language_name":"english","language_id":38},"transliteration":{"text":"alladhīna","language_name":"english","language_id":38}},{"id":79647,"position":3,"audio_url":"wbw/004_144_003.mp3","qpc_uthmani_hafs":"ءَامَنُواْ","char_type_name":"word","page_number":101,"line_number":8,"text":"ﮠ","translation":{"text":"believe[d]","language_name":"english","language_id":38},"transliteration":{"text":"āmanū","language_name":"english","language_id":38}},{"id":79648,"position":4,"audio_url":"wbw/004_144_004.mp3","qpc_uthmani_hafs":"لَا","char_type_name":"word","page_number":101,"line_number":9,"text":"ﮡ","translation":{"text":"(Do) not","language_name":"english","language_id":38},"transliteration":{"text":"lā","language_name":"english","language_id":38}},{"id":79649,"position":5,"audio_url":"wbw/004_144_005.mp3","qpc_uthmani_hafs":"تَتَّخِذُواْ","char_type_name":"word","page_number":101,"line_number":9,"text":"ﮢ","translation":{"text":"take","language_name":"english","language_id":38},"transliteration":{"text":"tattakhidhū","language_name":"english","language_id":38}},{"id":79650,"position":6,"audio_url":"wbw/004_144_006.mp3","qpc_uthmani_hafs":"ٱلۡكَٰفِرِينَ","char_type_name":"word","page_number":101,"line_number":9,"text":"ﮣ","translation":{"text":"the disbelievers","language_name":"english","language_id":38},"transliteration":{"text":"l-kāfirīna","language_name":"english","language_id":38}},{"id":79651,"position":7,"audio_url":"wbw/004_144_007.mp3","qpc_uthmani_hafs":"أَوۡلِيَآءَ","char_type_name":"word","page_number":101,"line_number":9,"text":"ﮤ","translation":{"text":"(as) allies","language_name":"english","language_id":38},"transliteration":{"text":"awliyāa","language_name":"english","language_id":38}},{"id":79652,"position":8,"audio_url":"wbw/004_144_008.mp3","qpc_uthmani_hafs":"مِن","char_type_name":"word","page_number":101,"line_number":9,"text":"ﮥ","translation":{"text":"from","language_name":"english","language_id":38},"transliteration":{"text":"min","language_name":"english","language_id":38}},{"id":79653,"position":9,"audio_url":"wbw/004_144_009.mp3","qpc_uthmani_hafs":"دُونِ","char_type_name":"word","page_number":101,"line_number":9,"text":"ﮦ","translation":{"text":"instead of","language_name":"english","language_id":38},"transliteration":{"text":"dūni","language_name":"english","language_id":38}},{"id":79654,"position":10,"audio_url":"wbw/004_144_010.mp3","qpc_uthmani_hafs":"ٱلۡمُؤۡمِنِينَۚ","char_type_name":"word","page_number":101,"line_number":9,"text":"ﮧﮨ","translation":{"text":"the believers","language_name":"english","language_id":38},"transliteration":{"text":"l-mu'minīna","language_name":"english","language_id":38}},{"id":79656,"position":11,"audio_url":"wbw/004_144_012.mp3","qpc_uthmani_hafs":"أَتُرِيدُونَ","char_type_name":"word","page_number":101,"line_number":9,"text":"ﮩ","translation":{"text":"Do you wish","language_name":"english","language_id":38},"transliteration":{"text":"aturīdūna","language_name":"english","language_id":38}},{"id":79657,"position":12,"audio_url":"wbw/004_144_013.mp3","qpc_uthmani_hafs":"أَن","char_type_name":"word","page_number":101,"line_number":10,"text":"ﮪ","translation":{"text":"that","language_name":"english","language_id":38},"transliteration":{"text":"an","language_name":"english","language_id":38}},{"id":79658,"position":13,"audio_url":"wbw/004_144_014.mp3","qpc_uthmani_hafs":"تَجۡعَلُواْ","char_type_name":"word","page_number":101,"line_number":10,"text":"ﮫ","translation":{"text":"you make","language_name":"english","language_id":38},"transliteration":{"text":"tajʿalū","language_name":"english","language_id":38}},{"id":79659,"position":14,"audio_url":"wbw/004_144_015.mp3","qpc_uthmani_hafs":"لِلَّهِ","char_type_name":"word","page_number":101,"line_number":10,"text":"ﮬ","translation":{"text":"for Allah","language_name":"english","language_id":38},"transliteration":{"text":"lillahi","language_name":"english","language_id":38}},{"id":79660,"position":15,"audio_url":"wbw/004_144_016.mp3","qpc_uthmani_hafs":"عَلَيۡكُمۡ","char_type_name":"word","page_number":101,"line_number":10,"text":"ﮭ","translation":{"text":"against you","language_name":"english","language_id":38},"transliteration":{"text":"ʿalaykum","language_name":"english","language_id":38}},{"id":79661,"position":16,"audio_url":"wbw/004_144_017.mp3","qpc_uthmani_hafs":"سُلۡطَٰنٗا","char_type_name":"word","page_number":101,"line_number":10,"text":"ﮮ","translation":{"text":"an evidence","language_name":"english","language_id":38},"transliteration":{"text":"sul'ṭānan","language_name":"english","language_id":38}},{"id":79662,"position":17,"audio_url":"wbw/004_144_018.mp3","qpc_uthmani_hafs":"مُّبِينًا","char_type_name":"word","page_number":101,"line_number":10,"text":"ﮯ","translation":{"text":"clear","language_name":"english","language_id":38},"transliteration":{"text":"mubīnan","language_name":"english","language_id":38}},{"id":79663,"position":18,"audio_url":null,"qpc_uthmani_hafs":"١٤٤","char_type_name":"end","page_number":101,"line_number":10,"text":"ﮰ","translation":{"text":"(144)","language_name":"english","language_id":38},"transliteration":{"text":null,"language_name":"english","language_id":38}}],"translations":[{"id":917066,"resource_id":134,"text":"Hai orang-orang yang beriman, janganlah kamu mengambil orang-orang kafir menjadi wali<sup foot_note=210137>1</sup> dengan meninggalkan orang-orang mukmin.  Inginkah kamu mengadakan alasan yang nyata bagi Allah (untuk menyiksamu)?"}]},{"id":638,"verse_number":145,"verse_key":"4:145","juz_number":5,"hizb_number":10,"rub_el_hizb_number":40,"ruku_number":82,"manzil_number":1,"sajdah_number":null,"text_uthmani":"إِنَّ ٱلْمُنَـٰفِقِينَ فِى ٱلدَّرْكِ ٱلْأَسْفَلِ مِنَ ٱلنَّارِ وَلَن تَجِدَ لَهُمْ نَصِيرًا","page_number":101,"words":[{"id":79780,"position":1,"audio_url":"wbw/004_145_001.mp3","qpc_uthmani_hafs":"إِنَّ","char_type_name":"word","page_number":101,"line_number":10,"text":"ﮱ","translation":{"text":"Indeed","language_name":"english","language_id":38},"transliteration":{"text":"inna","language_name":"english","language_id":38}},{"id":79781,"position":2,"audio_url":"wbw/004_145_002.mp3","qpc_uthmani_hafs":"ٱلۡمُنَٰفِقِينَ","char_type_name":"word","page_number":101,"line_number":10,"text":"ﯓ","translation":{"text":"the hypocrites","language_name":"english","language_id":38},"transliteration":{"text":"l-munāfiqīna","language_name":"english","language_id":38}},{"id":79782,"position":3,"audio_url":"wbw/004_145_003.mp3","qpc_uthmani_hafs":"فِي","char_type_name":"word","page_number":101,"line_number":11,"text":"ﯔ","translation":{"text":"(will be) in","language_name":"english","language_id":38},"transliteration":{"text":"fī","language_name":"english","language_id":38}},{"id":79783,"position":4,"audio_url":"wbw/004_145_004.mp3","qpc_uthmani_hafs":"ٱلدَّرۡكِ","char_type_name":"word","page_number":101,"line_number":11,"text":"ﯕ","translation":{"text":"the depths","language_name":"english","language_id":38},"transliteration":{"text":"l-darki","language_name":"english","language_id":38}},{"id":79784,"position":5,"audio_url":"wbw/004_145_005.mp3","qpc_uthmani_hafs":"ٱلۡأَسۡفَلِ","char_type_name":"word","page_number":101,"line_number":11,"text":"ﯖ","translation":{"text":"the lowest","language_name":"english","language_id":38},"transliteration":{"text":"l-asfali","language_name":"english","language_id":38}},{"id":79785,"position":6,"audio_url":"wbw/004_145_006.mp3","qpc_uthmani_hafs":"مِنَ","char_type_name":"word","page_number":101,"line_number":11,"text":"ﯗ","translation":{"text":"of","language_name":"english","language_id":38},"transliteration":{"text":"mina","language_name":"english","language_id":38}},{"id":79786,"position":7,"audio_url":"wbw/004_145_007.mp3","qpc_uthmani_hafs":"ٱلنَّارِ","char_type_name":"word","page_number":101,"line_number":11,"text":"ﯘ","translation":{"text":"the Fire","language_name":"english","language_id":38},"transliteration":{"text":"l-nāri","language_name":"english","language_id":38}},{"id":79787,"position":8,"audio_url":"wbw/004_145_008.mp3","qpc_uthmani_hafs":"وَلَن","char_type_name":"word","page_number":101,"line_number":11,"text":"ﯙ","translation":{"text":"and never","language_name":"english","language_id":38},"transliteration":{"text":"walan","language_name":"english","language_id":38}},{"id":79788,"position":9,"audio_url":"wbw/004_145_009.mp3","qpc_uthmani_hafs":"تَجِدَ","char_type_name":"word","page_number":101,"line_number":11,"text":"ﯚ","translation":{"text":"you will find","language_name":"english","language_id":38},"transliteration":{"text":"tajida","language_name":"english","language_id":38}},{"id":79789,"position":10,"audio_url":"wbw/004_145_010.mp3","qpc_uthmani_hafs":"لَهُمۡ","char_type_name":"word","page_number":101,"line_number":11,"text":"ﯛ","translation":{"text":"for them","language_name":"english","language_id":38},"transliteration":{"text":"lahum","language_name":"english","language_id":38}},{"id":79790,"position":11,"audio_url":"wbw/004_145_011.mp3","qpc_uthmani_hafs":"نَصِيرًا","char_type_name":"word","page_number":101,"line_number":11,"text":"ﯜ","translation":{"text":"any helper","language_name":"english","language_id":38},"transliteration":{"text":"naṣīran","language_name":"english","language_id":38}},{"id":79791,"position":12,"audio_url":null,"qpc_uthmani_hafs":"١٤٥","char_type_name":"end","page_number":101,"line_number":11,"text":"ﯝ","translation":{"text":"(145)","language_name":"english","language_id":38},"transliteration":{"text":null,"language_name":"english","language_id":38}}],"translations":[{"id":917067,"resource_id":134,"text":"Sesungguhnya orang-orang munafik itu (ditempatkan) pada tingkatan yang paling bawah dari neraka.  Dan kamu sekali-kali tidak akan mendapat seorang penolong pun bagi mereka."}]},{"id":639,"verse_number":146,"verse_key":"4:146","juz_number":5,"hizb_number":10,"rub_el_hizb_number":40,"ruku_number":82,"manzil_number":1,"sajdah_number":null,"text_uthmani":"إِلَّا ٱلَّذِينَ تَابُوا۟ وَأَصْلَحُوا۟ وَٱعْتَصَمُوا۟ بِٱللَّهِ وَأَخْلَصُوا۟ دِينَهُمْ لِلَّهِ فَأُو۟لَـٰٓئِكَ مَعَ ٱلْمُؤْمِنِينَ ۖ وَسَوْفَ يُؤْتِ ٱللَّهُ ٱلْمُؤْمِنِينَ أَجْرًا عَظِيمًا","page_number":101,"words":[{"id":79963,"position":1,"audio_url":"wbw/004_146_001.mp3","qpc_uthmani_hafs":"إِلَّا","char_type_name":"word","page_number":101,"line_number":12,"text":"ﯞ","translation":{"text":"Except","language_name":"english","language_id":38},"transliteration":{"text":"illā","language_name":"english","language_id":38}},{"id":79964,"position":2,"audio_url":"wbw/004_146_002.mp3","qpc_uthmani_hafs":"ٱلَّذِينَ","char_type_name":"word","page_number":101,"line_number":12,"text":"ﯟ","translation":{"text":"those who","language_name":"english","language_id":38},"transliteration":{"text":"alladhīna","language_name":"english","language_id":38}},{"id":79965,"position":3,"audio_url":"wbw/004_146_003.mp3","qpc_uthmani_hafs":"تَابُواْ","char_type_name":"word","page_number":101,"line_number":12,"text":"ﯠ","translation":{"text":"repent","language_name":"english","language_id":38},"transliteration":{"text":"tābū","language_name":"english","language_id":38}},{"id":79966,"position":4,"audio_url":"wbw/004_146_004.mp3","qpc_uthmani_hafs":"وَأَصۡلَحُواْ","char_type_name":"word","page_number":101,"line_number":12,"text":"ﯡ","translation":{"text":"and correct (themselves)","language_name":"english","language_id":38},"transliteration":{"text":"wa-aṣlaḥū","language_name":"english","language_id":38}},{"id":79967,"position":5,"audio_url":"wbw/004_146_005.mp3","qpc_uthmani_hafs":"وَٱعۡتَصَمُواْ","char_type_name":"word","page_number":101,"line_number":12,"text":"ﯢ","translation":{"text":"and hold fast","language_name":"english","language_id":38},"transliteration":{"text":"wa-iʿ'taṣamū","language_name":"english","language_id":38}},{"id":79968,"position":6,"audio_url":"wbw/004_146_006.mp3","qpc_uthmani_hafs":"بِٱللَّهِ","char_type_name":"word","page_number":101,"line_number":12,"text":"ﯣ","translation":{"text":"to Allah","language_name":"english","language_id":38},"transliteration":{"text":"bil-lahi","language_name":"english","language_id":38}},{"id":79969,"position":7,"audio_url":"wbw/004_146_007.mp3","qpc_uthmani_hafs":"وَأَخۡلَصُواْ","char_type_name":"word","page_number":101,"line_number":12,"text":"ﯤ","translation":{"text":"and are sincere","language_name":"english","language_id":38},"transliteration":{"text":"wa-akhlaṣū","language_name":"english","language_id":38}},{"id":79970,"position":8,"audio_url":"wbw/004_146_008.mp3","qpc_uthmani_hafs":"دِينَهُمۡ","char_type_name":"word","page_number":101,"line_number":13,"text":"ﯥ","translation":{"text":"(in) their religion","language_name":"english","language_id":38},"transliteration":{"text":"dīnahum","language_name":"english","language_id":38}},{"id":79971,"position":9,"audio_url":"wbw/004_146_009.mp3","qpc_uthmani_hafs":"لِلَّهِ","char_type_name":"word","page_number":101,"line_number":13,"text":"ﯦ","translation":{"text":"for Allah","language_name":"english","language_id":38},"transliteration":{"text":"lillahi","language_name":"english","language_id":38}},{"id":79972,"position":10,"audio_url":"wbw/004_146_010.mp3","qpc_uthmani_hafs":"فَأُوْلَٰٓئِكَ","char_type_name":"word","page_number":101,"line_number":13,"text":"ﯧ","translation":{"text":"then those (will be)","language_name":"english","language_id":38},"transliteration":{"text":"fa-ulāika","language_name":"english","language_id":38}},{"id":79973,"position":11,"audio_url":"wbw/004_146_011.mp3","qpc_uthmani_hafs":"مَعَ","char_type_name":"word","page_number":101,"line_number":13,"text":"ﯨ","translation":{"text":"with","language_name":"english","language_id":38},"transliteration":{"text":"maʿa","language_name":"english","language_id":38}},{"id":79974,"position":12,"audio_url":"wbw/004_146_012.mp3","qpc_uthmani_hafs":"ٱلۡمُؤۡمِنِينَۖ","char_type_name":"word","page_number":101,"line_number":13,"text":"ﯩﯪ","translation":{"text":"the believers","language_name":"english","language_id":38},"transliteration":{"text":"l-mu'minīna","language_name":"english","language_id":38}},{"id":79976,"position":13,"audio_url":"wbw/004_146_014.mp3","qpc_uthmani_hafs":"وَسَوۡفَ","char_type_name":"word","page_number":101,"line_number":13,"text":"ﯫ","translation":{"text":"And soon","language_name":"english","language_id":38},"transliteration":{"text":"wasawfa","language_name":"english","language_id":38}},{"id":79977,"position":14,"audio_url":"wbw/004_146_015.mp3","qpc_uthmani_hafs":"يُؤۡتِ","char_type_name":"word","page_number":101,"line_number":13,"text":"ﯬ","translation":{"text":"will be given","language_name":"english","language_id":38},"transliteration":{"text":"yu'ti","language_name":"english","language_id":38}},{"id":79978,"position":15,"audio_url":"wbw/004_146_016.mp3","qpc_uthmani_hafs":"ٱللَّهُ","char_type_name":"word","page_number":101,"line_number":13,"text":"ﯭ","translation":{"text":"(by) Allah","language_name":"english","language_id":38},"transliteration":{"text":"l-lahu","language_name":"english","language_id":38}},{"id":79979,"position":16,"audio_url":"wbw/004_146_017.mp3","qpc_uthmani_hafs":"ٱلۡمُؤۡمِنِينَ","char_type_name":"word","page_number":101,"line_number":14,"text":"ﯮ","translation":{"text":"the believers","language_name":"english","language_id":38},"transliteration":{"text":"l-mu'minīna","language_name":"english","language_id":38}},{"id":79980,"position":17,"audio_url":"wbw/004_146_018.mp3","qpc_uthmani_hafs":"أَجۡرًا","char_type_name":"word","page_number":101,"line_number":14,"text":"ﯯ","translation":{"text":"a reward","language_name":"english","language_id":38},"transliteration":{"text":"ajran","language_name":"english","language_id":38}},{"id":79981,"position":18,"audio_url":"wbw/004_146_019.mp3","qpc_uthmani_hafs":"عَظِيمٗا","char_type_name":"word","page_number":101,"line_number":14,"text":"ﯰ","translation":{"text":"great","language_name":"english","language_id":38},"transliteration":{"text":"ʿaẓīman","language_name":"english","language_id":38}},{"id":79982,"position":19,"audio_url":null,"qpc_uthmani_hafs":"١٤٦","char_type_name":"end","page_number":101,"line_number":14,"text":"ﯱ","translation":{"text":"(146)","language_name":"english","language_id":38},"transliteration":{"text":null,"language_name":"english","language_id":38}}],"translations":[{"id":917068,"resource_id":134,"text":"Kecuali orang-orang yang tobat dan mengadakan perbaikan<sup foot_note=210138>1</sup>, dan berpegang teguh pada (agama) Allah, dan tulus ikhlas (mengerjakan) agama mereka karena Allah.  Maka mereka itu adalah bersama-sama orang yang beriman dan kelak Allah akan memberikan kepada orang-orang yang beriman pahala yang besar."}]},{"id":640,"verse_number":147,"verse_key":"4:147","juz_number":5,"hizb_number":10,"rub_el_hizb_number":40,"ruku_number":82,"manzil_number":1,"sajdah_number":null,"text_uthmani":"مَّا يَفْعَلُ ٱللَّهُ بِعَذَابِكُمْ إِن شَكَرْتُمْ وَءَامَنتُمْ ۚ وَكَانَ ٱللَّهُ شَاكِرًا عَلِيمًا","page_number":101,"words":[{"id":80075,"position":1,"audio_url":"wbw/004_147_001.mp3","qpc_uthmani_hafs":"مَّا","char_type_name":"word","page_number":101,"line_number":14,"text":"ﯲ","translation":{"text":"What","language_name":"english","language_id":38},"transliteration":{"text":"mā","language_name":"english","language_id":38}},{"id":80076,"position":2,"audio_url":"wbw/004_147_002.mp3","qpc_uthmani_hafs":"يَفۡعَلُ","char_type_name":"word","page_number":101,"line_number":14,"text":"ﯳ","translation":{"text":"would do","language_name":"english","language_id":38},"transliteration":{"text":"yafʿalu","language_name":"english","language_id":38}},{"id":80077,"position":3,"audio_url":"wbw/004_147_003.mp3","qpc_uthmani_hafs":"ٱللَّهُ","char_type_name":"word","page_number":101,"line_number":14,"text":"ﯴ","translation":{"text":"Allah","language_name":"english","language_id":38},"transliteration":{"text":"l-lahu","language_name":"english","language_id":38}},{"id":80078,"position":4,"audio_url":"wbw/004_147_004.mp3","qpc_uthmani_hafs":"بِعَذَابِكُمۡ","char_type_name":"word","page_number":101,"line_number":14,"text":"ﯵ","translation":{"text":"by punishing you","language_name":"english","language_id":38},"transliteration":{"text":"biʿadhābikum","language_name":"english","language_id":38}},{"id":80079,"position":5,"audio_url":"wbw/004_147_005.mp3","qpc_uthmani_hafs":"إِن","char_type_name":"word","page_number":101,"line_number":15,"text":"ﯶ","translation":{"text":"if","language_name":"english","language_id":38},"transliteration":{"text":"in","language_name":"english","language_id":38}},{"id":80080,"position":6,"audio_url":"wbw/004_147_006.mp3","qpc_uthmani_hafs":"شَكَرۡتُمۡ","char_type_name":"word","page_number":101,"line_number":15,"text":"ﯷ","translation":{"text":"you are grateful","language_name":"english","language_id":38},"transliteration":{"text":"shakartum","language_name":"english","language_id":38}},{"id":80081,"position":7,"audio_url":"wbw/004_147_007.mp3","qpc_uthmani_hafs":"وَءَامَنتُمۡۚ","char_type_name":"word","page_number":101,"line_number":15,"text":"ﯸﯹ","translation":{"text":"and you believe","language_name":"english","language_id":38},"transliteration":{"text":"waāmantum","language_name":"english","language_id":38}},{"id":80083,"position":8,"audio_url":"wbw/004_147_009.mp3","qpc_uthmani_hafs":"وَكَانَ","char_type_name":"word","page_number":101,"line_number":15,"text":"ﯺ","translation":{"text":"And is","language_name":"english","language_id":38},"transliteration":{"text":"wakāna","language_name":"english","language_id":38}},{"id":80084,"position":9,"audio_url":"wbw/004_147_010.mp3","qpc_uthmani_hafs":"ٱللَّهُ","char_type_name":"word","page_number":101,"line_number":15,"text":"ﯻ","translation":{"text":"Allah","language_name":"english","language_id":38},"transliteration":{"text":"l-lahu","language_name":"english","language_id":38}},{"id":80085,"position":10,"audio_url":"wbw/004_147_011.mp3","qpc_uthmani_hafs":"شَاكِرًا","char_type_name":"word","page_number":101,"line_number":15,"text":"ﯼ","translation":{"text":"All-Appreciative","language_name":"english","language_id":38},"transliteration":{"text":"shākiran","language_name":"english","language_id":38}},{"id":80086,"position":11,"audio_url":"wbw/004_147_012.mp3","qpc_uthmani_hafs":"عَلِيمٗا","char_type_name":"word","page_number":101,"line_number":15,"text":"ﯽ","translation":{"text":"All-Knowing","language_name":"english","language_id":38},"transliteration":{"text":"ʿalīman","language_name":"english","language_id":38}},{"id":80087,"position":12,"audio_url":null,"qpc_uthmani_hafs":"١٤٧","char_type_name":"end","page_number":101,"line_number":15,"text":"ﯾ","translation":{"text":"(147)","language_name":"english","language_id":38},"transliteration":{"text":null,"language_name":"english","language_id":38}}],"translations":[{"id":917069,"resource_id":134,"text":"Mengapa Allah akan menyiksamu, jika kamu bersyukur dan beriman? Dan Allah adalah Maha Mensyukuri<sup foot_note=210139>1</sup> lagi Maha Mengetahui."}]}],"pagination":{"per_page":50,"current_page":1,"next_page":null,"total_pages":1,"total_records":7}}