{"verses":[{"id":641,"verse_number":148,"verse_key":"4:148","juz_number":6,"hizb_number":11,"rub_el_hizb_number":41,"ruku_number":82,"manzil_number":1,"sajdah_number":null,"text_uthmani":"۞ لَّا يُحِبُّ ٱللَّهُ ٱلْجَهْرَ بِٱلسُّوٓءِ مِنَ ٱلْقَوْلِ إِلَّا مَن ظُلِمَ ۚ وَكَانَ ٱللَّهُ سَمِيعًا عَلِيمًا","page_number":102,"words":[{"id":80185,"position":1,"audio_url":"wbw/004_148_002.mp3","qpc_uthmani_hafs":"۞ لَّا","char_type_name":"word","page_number":102,"line_number":1,"text":"ﭑ ﭒ","translation":{"text":"(Does) not","language_name":"english","language_id":38},"transliteration":{"text":"lā","language_name":"english","language_id":38}},{"id":80186,"position":2,"audio_url":"wbw/004_148_003.mp3","qpc_uthmani_hafs":"يُحِبُّ","char_type_name":"word","page_number":102,"line_number":1,"text":"ﭓ","translation":{"text":"love","language_name":"english","language_id":38},"transliteration":{"text":"yuḥibbu","language_name":"english","language_id":38}},{"id":80187,"position":3,"audio_url":"wbw/004_148_004.mp3","qpc_uthmani_hafs":"ٱللَّهُ","char_type_name":"word","page_number":102,"line_number":1,"text":"ﭔ","translation":{"text":"Allah","language_name":"english","language_id":38},"transliteration":{"text":"l-lahu","language_name":"english","language_id":38}},{"id":80188,"position":4,"audio_url":"wbw/004_148_005.mp3","qpc_uthmani_hafs":"ٱلۡجَهۡرَ","char_type_name":"word","page_number":102,"line_number":1,"text":"ﭕ","translation":{"text":"the public mention","language_name":"english","language_id":38},"transliteration":{"text":"l-jahra","language_name":"english","language_id":38}},{"id":80189,"position":5,"audio_url":"wbw/004_148_006.mp3","qpc_uthmani_hafs":"بِٱلسُّوٓءِ","char_type_name":"word","page_number":102,"line_number":1,"text":"ﭖ","translation":{"text":"of [the] evil","language_name":"english","language_id":38},"transliteration":{"text":"bil-sūi","language_name":"english","language_id":38}},{"id":80190,"position":6,"audio_url":"wbw/004_148_007.mp3","qpc_uthmani_hafs":"مِنَ","char_type_name":"word","page_number":102,"line_number":1,"text":"ﭗ","translation":{"text":"[of]","language_name":"english","language_id":38},"transliteration":{"text":"mina","language_name":"english","language_id":38}},{"id":80191,"position":7,"audio_url":"wbw/004_148_008.mp3","qpc_uthmani_hafs":"ٱلۡقَوۡلِ","char_type_name":"word","page_number":102,"line_number":1,"text":"ﭘ","translation":{"text":"[the] words","language_name":"english","language_id":38},"transliteration":{"text":"l-qawli","language_name":"english","language_id":38}},{"id":80192,"position":8,"audio_url":"wbw/004_148_009.mp3","qpc_uthmani_hafs":"إِلَّا","char_type_name":"word","page_number":102,"line_number":1,"text":"ﭙ","translation":{"text":"except","language_name":"english","language_id":38},"transliteration":{"text":"illā","language_name":"english","language_id":38}},{"id":80193,"position":9,"audio_url":"wbw/004_148_010.mp3","qpc_uthmani_hafs":"مَن","char_type_name":"word","page_number":102,"line_number":1,"text":"ﭚ","translation":{"text":"(by the one) who","language_name":"english","language_id":38},"transliteration":{"text":"man","language_name":"english","language_id":38}},{"id":80194,"position":10,"audio_url":"wbw/004_148_011.mp3","qpc_uthmani_hafs":"ظُلِمَۚ","char_type_name":"word","page_number":102,"line_number":1,"text":"ﭛﭜ","translation":{"text":"has been wronged","language_name":"english","language_id":38},"transliteration":{"text":"ẓulima","language_name":"english","language_id":38}},{"id":80196,"position":11,"audio_url":"wbw/004_148_013.mp3","qpc_uthmani_hafs":"وَكَانَ","char_type_name":"word","page_number":102,"line_number":1,"text":"ﭝ","translation":{"text":"And is","language_name":"english","language_id":38},"transliteration":{"text":"wakāna","language_name":"english","language_id":38}},{"id":80197,"position":12,"audio_url":"wbw/004_148_014.mp3","qpc_uthmani_hafs":"ٱللَّهُ","char_type_name":"word","page_number":102,"line_number":2,"text":"ﭞ","translation":{"text":"Allah","language_name":"english","language_id":38},"transliteration":{"text":"l-lahu","language_name":"english","language_id":38}},{"id":80198,"position":13,"audio_url":"wbw/004_148_015.mp3","qpc_uthmani_hafs":"سَمِيعًا","char_type_name":"word","page_number":102,"line_number":2,"text":"ﭟ","translation":{"text":"All-Hearing","language_name":"english","language_id":38},"transliteration":{"text":"samīʿan","language_name":"english","language_id":38}},{"id":80199,"position":14,"audio_url":"wbw/004_148_016.mp3","qpc_uthmani_hafs":"عَلِيمًا","char_type_name":"word","page_number":102,"line_number":2,"text":"ﭠ","translation":{"text":"All-Knowing","language_name":"english","language_id":38},"transliteration":{"text":"ʿalīman","language_name":"english","language_id":38}},{"id":80200,"position":15,"audio_url":null,"qpc_uthmani_hafs":"١٤٨","char_type_name":"end","page_number":102,"line_number":2,"text":"ﭡ","translation":{"text":"(148)","language_name":"english","language_id":38},"transliteration":{"text":null,"language_name":"english","language_id":38}}],"translations":[{"id":917070,"resource_id":134,"text":"Allah tidak menyukai ucapan buruk<sup foot_note=210140>1</sup> (yang diucapkan) dengan terus terang kecuali oleh orang yang dianiaya<sup foot_note=210141>2</sup>.  Allah adalah Maha Mendengar lagi Maha Mengetahui."}]},{"id":642,"verse_number":149,"verse_key":"4:149","juz_number":6,"hizb_number":11,"rub_el_hizb_number":41,"ruku_number":82,"manzil_number":1,"sajdah_number":null,"text_uthmani":"إِن تُبْدُوا۟ خَيْرًا أَوْ تُخْفُوهُ أَوْ تَعْفُوا۟ عَن سُوٓءٍ فَإِنَّ ٱللَّهَ كَانَ عَفُوًّا قَدِيرًا","page_number":102,"words":[{"id":80338,"position":1,"audio_url":"wbw/004_149_001.mp3","qpc_uthmani_hafs":"إِن","char_type_name":"word","page_number":102,"line_number":2,"text":"ﭢ","translation":{"text":"If","language_name":"english","language_id":38},"transliteration":{"text":"in","language_name":"english","language_id":38}},{"id":80339,"position":2,"audio_url":"wbw/004_149_002.mp3","qpc_uthmani_hafs":"تُبۡدُواْ","char_type_name":"word","page_number":102,"line_number":2,"text":"ﭣ","translation":{"text":"you disclose","language_name":"english","language_id":38},"transliteration":{"text":"tub'dū","language_name":"english","language_id":38}},{"id":80340,"position":3,"audio_url":"wbw/004_149_003.mp3","qpc_uthmani_hafs":"خَيۡرًا","char_type_name":"word","page_number":102,"line_number":2,"text":"ﭤ","translation":{"text":"a good","language_name":"english","language_id":38},"transliteration":{"text":"khayran","language_name":"english","language_id":38}},{"id":80341,"position":4,"audio_url":"wbw/004_149_004.mp3","qpc_uthmani_hafs":"أَوۡ","char_type_name":"word","page_number":102,"line_number":2,"text":"ﭥ","translation":{"text":"or","language_name":"english","language_id":38},"transliteration":{"text":"aw","language_name":"english","language_id":38}},{"id":80342,"position":5,"audio_url":"wbw/004_149_005.mp3","qpc_uthmani_hafs":"تُخۡفُوهُ","char_type_name":"word","page_number":102,"line_number":2,"text":"ﭦ","translation":{"text":"you conceal it","language_name":"english","language_id":38},"transliteration":{"text":"tukh'fūhu","language_name":"english","language_id":38}},{"id":80343,"position":6,"audio_url":"wbw/004_149_006.mp3","qpc_uthmani_hafs":"أَوۡ","char_type_name":"word","page_number":102,"line_number":2,"text":"ﭧ","translation":{"text":"or","language_name":"english","language_id":38},"transliteration":{"text":"aw","language_name":"english","language_id":38}},{"id":80344,"position":7,"audio_url":"wbw/004_149_007.mp3","qpc_uthmani_hafs":"تَعۡفُواْ","char_type_name":"word","page_number":102,"line_number":2,"text":"ﭨ","translation":{"text":"pardon","language_name":"english","language_id":38},"transliteration":{"text":"taʿfū","language_name":"english","language_id":38}},{"id":80345,"position":8,"audio_url":"wbw/004_149_008.mp3","qpc_uthmani_hafs":"عَن","char_type_name":"word","page_number":102,"line_number":2,"text":"ﭩ","translation":{"text":"[of]","language_name":"english","language_id":38},"transliteration":{"text":"ʿan","language_name":"english","language_id":38}},{"id":80346,"position":9,"audio_url":"wbw/004_149_009.mp3","qpc_uthmani_hafs":"سُوٓءٖ","char_type_name":"word","page_number":102,"line_number":3,"text":"ﭪ","translation":{"text":"an evil","language_name":"english","language_id":38},"transliteration":{"text":"sūin","language_name":"english","language_id":38}},{"id":80347,"position":10,"audio_url":"wbw/004_149_010.mp3","qpc_uthmani_hafs":"فَإِنَّ","char_type_name":"word","page_number":102,"line_number":3,"text":"ﭫ","translation":{"text":"then indeed","language_name":"english","language_id":38},"transliteration":{"text":"fa-inna","language_name":"english","language_id":38}},{"id":80348,"position":11,"audio_url":"wbw/004_149_011.mp3","qpc_uthmani_hafs":"ٱللَّهَ","char_type_name":"word","page_number":102,"line_number":3,"text":"ﭬ","translation":{"text":"Allah","language_name":"english","language_id":38},"transliteration":{"text":"l-laha","language_name":"english","language_id":38}},{"id":80349,"position":12,"audio_url":"wbw/004_149_012.mp3","qpc_uthmani_hafs":"كَانَ","char_type_name":"word","page_number":102,"line_number":3,"text":"ﭭ","translation":{"text":"is","language_name":"english","language_id":38},"transliteration":{"text":"kāna","language_name":"english","language_id":38}},{"id":80350,"position":13,"audio_url":"wbw/004_149_013.mp3","qpc_uthmani_hafs":"عَفُوّٗا","char_type_name":"word","page_number":102,"line_number":3,"text":"ﭮ","translation":{"text":"Oft-Pardoning","language_name":"english","language_id":38},"transliteration":{"text":"ʿafuwwan","language_name":"english","language_id":38}},{"id":80351,"position":14,"audio_url":"wbw/004_149_014.mp3","qpc_uthmani_hafs":"قَدِيرًا","char_type_name":"word","page_number":102,"line_number":3,"text":"ﭯ","translation":{"text":"All-Powerful","language_name":"english","language_id":38},"transliteration":{"text":"qadīran","language_name":"english","language_id":38}},{"id":80352,"position":15,"audio_url":null,"qpc_uthmani_hafs":"١٤٩","char_type_name":"end","page_number":102,"line_number":3,"text":"ﭰ","translation":{"text":"(149)","language_name":"english","language_id":38},"transliteration":{"text":null,"language_name":"english","language_id":38}}],"translations":[{"id":917071,"resource_id":134,"text":"Jika kamu menyatakan sesuatu kebaikan atau menyembunyikan atau memaafkan sesuatu kesalahan (orang lain), maka sesungguhnya Allah Maha Pemaaf lagi Maha Kuasa."}]},{"id":643,"verse_number":150,"verse_key":"4:150","juz_number":6,"hizb_number":11,"rub_el_hizb_number":41,"ruku_number":82,"manzil_number":1,"sajdah_number":null,"text_uthmani":"إِنَّ ٱلَّذِينَ يَكْفُرُونَ بِٱللَّهِ وَرُسُلِهِۦ وَيُرِيدُونَ أَن يُفَرِّقُوا۟ بَيْنَ ٱللَّهِ وَرُسُلِهِۦ وَيَقُولُونَ نُؤْمِنُ بِبَعْضٍ وَنَكْفُرُ بِبَعْضٍ وَيُرِيدُونَ أَن يَتَّخِذُوا۟ بَيْنَ ذَٰلِكَ سَبِيلًا","page_number":102,"words":[{"id":80363,"position":1,"audio_url":"wbw/004_150_001.mp3","qpc_uthmani_hafs":"إِنَّ","char_type_name":"word","page_number":102,"line_number":3,"text":"ﭱ","translation":{"text":"Indeed","language_name":"english","language_id":38},"transliteration":{"text":"inna","language_name":"english","language_id":38}},{"id":80364,"position":2,"audio_url":"wbw/004_150_002.mp3","qpc_uthmani_hafs":"ٱلَّذِينَ","char_type_name":"word","page_number":102,"line_number":3,"text":"ﭲ","translation":{"text":"those who","language_name":"english","language_id":38},"transliteration":{"text":"alladhīna","language_name":"english","language_id":38}},{"id":80365,"position":3,"audio_url":"wbw/004_150_003.mp3","qpc_uthmani_hafs":"يَكۡفُرُونَ","char_type_name":"word","page_number":102,"line_number":3,"text":"ﭳ","translation":{"text":"disbelieve","language_name":"english","language_id":38},"transliteration":{"text":"yakfurūna","language_name":"english","language_id":38}},{"id":80366,"position":4,"audio_url":"wbw/004_150_004.mp3","qpc_uthmani_hafs":"بِٱللَّهِ","char_type_name":"word","page_number":102,"line_number":4,"text":"ﭴ","translation":{"text":"in Allah","language_name":"english","language_id":38},"transliteration":{"text":"bil-lahi","language_name":"english","language_id":38}},{"id":80367,"position":5,"audio_url":"wbw/004_150_005.mp3","qpc_uthmani_hafs":"وَرُسُلِهِۦ","char_type_name":"word","page_number":102,"line_number":4,"text":"ﭵ","translation":{"text":"and His Messengers","language_name":"english","language_id":38},"transliteration":{"text":"warusulihi","language_name":"english","language_id":38}},{"id":80368,"position":6,"audio_url":"wbw/004_150_006.mp3","qpc_uthmani_hafs":"وَيُرِيدُونَ","char_type_name":"word","page_number":102,"line_number":4,"text":"ﭶ","translation":{"text":"and they wish","language_name":"english","language_id":38},"transliteration":{"text":"wayurīdūna","language_name":"english","language_id":38}},{"id":80369,"position":7,"audio_url":"wbw/004_150_007.mp3","qpc_uthmani_hafs":"أَن","char_type_name":"word","page_number":102,"line_number":4,"text":"ﭷ","translation":{"text":"that","language_name":"english","language_id":38},"transliteration":{"text":"an","language_name":"english","language_id":38}},{"id":80370,"position":8,"audio_url":"wbw/004_150_008.mp3","qpc_uthmani_hafs":"يُفَرِّقُواْ","char_type_name":"word","page_number":102,"line_number":4,"text":"ﭸ","translation":{"text":"they differentiate","language_name":"english","language_id":38},"transliteration":{"text":"yufarriqū","language_name":"english","language_id":38}},{"id":80371,"position":9,"audio_url":"wbw/004_150_009.mp3","qpc_uthmani_hafs":"بَيۡنَ","char_type_name":"word","page_number":102,"line_number":4,"text":"ﭹ","translation":{"text":"between","language_name":"english","language_id":38},"transliteration":{"text":"bayna","language_name":"english","language_id":38}},{"id":80372,"position":10,"audio_url":"wbw/004_150_010.mp3","qpc_uthmani_hafs":"ٱللَّهِ","char_type_name":"word","page_number":102,"line_number":4,"text":"ﭺ","translation":{"text":"Allah","language_name":"english","language_id":38},"transliteration":{"text":"l-lahi","language_name":"english","language_id":38}},{"id":80373,"position":11,"audio_url":"wbw/004_150_011.mp3","qpc_uthmani_hafs":"وَرُسُلِهِۦ","char_type_name":"word","page_number":102,"line_number":4,"text":"ﭻ","translation":{"text":"and His Messengers","language_name":"english","language_id":38},"transliteration":{"text":"warusulihi","language_name":"english","language_id":38}},{"id":80374,"position":12,"audio_url":"wbw/004_150_012.mp3","qpc_uthmani_hafs":"وَيَقُولُونَ","char_type_name":"word","page_number":102,"line_number":5,"text":"ﭼ","translation":{"text":"and they say","language_name":"english","language_id":38},"transliteration":{"text":"wayaqūlūna","language_name":"english","language_id":38}},{"id":80375,"position":13,"audio_url":"wbw/004_150_013.mp3","qpc_uthmani_hafs":"نُؤۡمِنُ","char_type_name":"word","page_number":102,"line_number":5,"text":"ﭽ","translation":{"text":"We believe","language_name":"english","language_id":38},"transliteration":{"text":"nu'minu","language_name":"english","language_id":38}},{"id":80376,"position":14,"audio_url":"wbw/004_150_014.mp3","qpc_uthmani_hafs":"بِبَعۡضٖ","char_type_name":"word","page_number":102,"line_number":5,"text":"ﭾ","translation":{"text":"in some","language_name":"english","language_id":38},"transliteration":{"text":"bibaʿḍin","language_name":"english","language_id":38}},{"id":80377,"position":15,"audio_url":"wbw/004_150_015.mp3","qpc_uthmani_hafs":"وَنَكۡفُرُ","char_type_name":"word","page_number":102,"line_number":5,"text":"ﭿ","translation":{"text":"and we disbelieve","language_name":"english","language_id":38},"transliteration":{"text":"wanakfuru","language_name":"english","language_id":38}},{"id":80378,"position":16,"audio_url":"wbw/004_150_016.mp3","qpc_uthmani_hafs":"بِبَعۡضٖ","char_type_name":"word","page_number":102,"line_number":5,"text":"ﮀ","translation":{"text":"in others","language_name":"english","language_id":38},"transliteration":{"text":"bibaʿḍin","language_name":"english","language_id":38}},{"id":80379,"position":17,"audio_url":"wbw/004_150_017.mp3","qpc_uthmani_hafs":"وَيُرِيدُونَ","char_type_name":"word","page_number":102,"line_number":5,"text":"ﮁ","translation":{"text":"And they wish","language_name":"english","language_id":38},"transliteration":{"text":"wayurīdūna","language_name":"english","language_id":38}},{"id":80380,"position":18,"audio_url":"wbw/004_150_018.mp3","qpc_uthmani_hafs":"أَن","char_type_name":"word","page_number":102,"line_number":6,"text":"ﮂ","translation":{"text":"that","language_name":"english","language_id":38},"transliteration":{"text":"an","language_name":"english","language_id":38}},{"id":80381,"position":19,"audio_url":"wbw/004_150_019.mp3","qpc_uthmani_hafs":"يَتَّخِذُواْ","char_type_name":"word","page_number":102,"line_number":6,"text":"ﮃ","translation":{"text":"they take","language_name":"english","language_id":38},"transliteration":{"text":"yattakhidhū","language_name":"english","language_id":38}},{"id":80382,"position":20,"audio_url":"wbw/004_150_020.mp3","qpc_uthmani_hafs":"بَيۡنَ","char_type_name":"word","page_number":102,"line_number":6,"text":"ﮄ","translation":{"text":"between","language_name":"english","language_id":38},"transliteration":{"text":"bayna","language_name":"english","language_id":38}},{"id":80383,"position":21,"audio_url":"wbw/004_150_021.mp3","qpc_uthmani_hafs":"ذَٰلِكَ","char_type_name":"word","page_number":102,"line_number":6,"text":"ﮅ","translation":{"text":"that","language_name":"english","language_id":38},"transliteration":{"text":"dhālika","language_name":"english","language_id":38}},{"id":80384,"position":22,"audio_url":"wbw/004_150_022.mp3","qpc_uthmani_hafs":"سَبِيلًا","char_type_name":"word","page_number":102,"line_number":6,"text":"ﮆ","translation":{"text":"a way","language_name":"english","language_id":38},"transliteration":{"text":"sabīlan","language_name":"english","language_id":38}},{"id":80385,"position":23,"audio_url":null,"qpc_uthmani_hafs":"١٥٠","char_type_name":"end","page_number":102,"line_number":6,"text":"ﮇ","translation":{"text":"(150)","language_name":"english","language_id":38},"transliteration":{"text":null,"language_name":"english","language_id":38}}],"translations":[{"id":917072,"resource_id":134,"text":"Sesungguhnya orang-orang yang kafir kepada Allah dan rasul-rasul-Nya, dan bermaksud memperbedakan<sup foot_note=210142>1</sup> antara (keimanan kepada) Allah dan rasul-rasul-Nya, dengan mengatakan, \"Kami beriman kepada yang sebagian dan kami kafir terhadap sebagian (yang lain)\", serta bermaksud (dengan perkataan itu) mengambil jalan (tengah) di antara yang demikian (iman atau kafir),"}]},{"id":644,"verse_number":151,"verse_key":"4:151","juz_number":6,"hizb_number":11,"rub_el_hizb_number":41,"ruku_number":82,"manzil_number":1,"sajdah_number":null,"text_uthmani":"أُو۟لَـٰٓئِكَ هُمُ ٱلْكَـٰفِرُونَ حَقًّا ۚ وَأَعْتَدْنَا لِلْكَـٰفِرِينَ عَذَابًا مُّهِينًا","page_number":102,"words":[{"id":80617,"position":1,"audio_url":"wbw/004_151_001.mp3","qpc_uthmani_hafs":"أُوْلَٰٓئِكَ","char_type_name":"word","page_number":102,"line_number":6,"text":"ﮈ","translation":{"text":"Those ","language_name":"english","language_id":38},"transliteration":{"text":"ulāika","language_name":"english","language_id":38}},{"id":80618,"position":2,"audio_url":"wbw/004_151_002.mp3","qpc_uthmani_hafs":"هُمُ","char_type_name":"word","page_number":102,"line_number":6,"text":"ﮉ","translation":{"text":"they","language_name":"english","language_id":38},"transliteration":{"text":"humu","language_name":"english","language_id":38}},{"id":80619,"position":3,"audio_url":"wbw/004_151_003.mp3","qpc_uthmani_hafs":"ٱلۡكَٰفِرُونَ","char_type_name":"word","page_number":102,"line_number":6,"text":"ﮊ","translation":{"text":"(are) the disbelievers","language_name":"english","language_id":38},"transliteration":{"text":"l-kāfirūna","language_name":"english","language_id":38}},{"id":80620,"position":4,"audio_url":"wbw/004_151_004.mp3","qpc_uthmani_hafs":"حَقّٗاۚ","char_type_name":"word","page_number":102,"line_number":7,"text":"ﮋﮌ","translation":{"text":"truly","language_name":"english","language_id":38},"transliteration":{"text":"ḥaqqan","language_name":"english","language_id":38}},{"id":80622,"position":5,"audio_url":"wbw/004_151_006.mp3","qpc_uthmani_hafs":"وَأَعۡتَدۡنَا","char_type_name":"word","page_number":102,"line_number":7,"text":"ﮍ","translation":{"text":"And We have prepared","language_name":"english","language_id":38},"transliteration":{"text":"wa-aʿtadnā","language_name":"english","language_id":38}},{"id":80623,"position":6,"audio_url":"wbw/004_151_007.mp3","qpc_uthmani_hafs":"لِلۡكَٰفِرِينَ","char_type_name":"word","page_number":102,"line_number":7,"text":"ﮎ","translation":{"text":"for the disbelievers","language_name":"english","language_id":38},"transliteration":{"text":"lil'kāfirīna","language_name":"english","language_id":38}},{"id":80624,"position":7,"audio_url":"wbw/004_151_008.mp3","qpc_uthmani_hafs":"عَذَابٗا","char_type_name":"word","page_number":102,"line_number":7,"text":"ﮏ","translation":{"text":"a punishment","language_name":"english","language_id":38},"transliteration":{"text":"ʿadhāban","language_name":"english","language_id":38}},{"id":80625,"position":8,"audio_url":"wbw/004_151_009.mp3","qpc_uthmani_hafs":"مُّهِينٗا","char_type_name":"word","page_number":102,"line_number":7,"text":"ﮐ","translation":{"text":"humiliating","language_name":"english","language_id":38},"transliteration":{"text":"muhīnan","language_name":"english","language_id":38}},{"id":80626,"position":9,"audio_url":null,"qpc_uthmani_hafs":"١٥١","char_type_name":"end","page_number":102,"line_number":7,"text":"ﮑ","translation":{"text":"(151)","language_name":"english","language_id":38},"transliteration":{"text":null,"language_name":"english","language_id":38}}],"translations":[{"id":917073,"resource_id":134,"text":"merekalah orang-orang yang kafir sebenar-benarnya.  Kami telah menyediakan untuk orang-orang yang kafir itu siksaan yang menghinakan."}]},{"id":645,"verse_number":152,"verse_key":"4:152","juz_number":6,"hizb_number":11,"rub_el_hizb_number":41,"ruku_number":82,"manzil_number":1,"sajdah_number":null,"text_uthmani":"وَٱلَّذِينَ ءَامَنُوا۟ بِٱللَّهِ وَرُسُلِهِۦ وَلَمْ يُفَرِّقُوا۟ بَيْنَ أَحَدٍ مِّنْهُمْ أُو۟لَـٰٓئِكَ سَوْفَ يُؤْتِيهِمْ أُجُورَهُمْ ۗ وَكَانَ ٱللَّهُ غَفُورًا رَّحِيمًا","page_number":102,"words":[{"id":80639,"position":1,"audio_url":"wbw/004_152_001.mp3","qpc_uthmani_hafs":"وَٱلَّذِينَ","char_type_name":"word","page_number":102,"line_number":7,"text":"ﮒ","translation":{"text":"And those who","language_name":"english","language_id":38},"transliteration":{"text":"wa-alladhīna","language_name":"english","language_id":38}},{"id":80640,"position":2,"audio_url":"wbw/004_152_002.mp3","qpc_uthmani_hafs":"ءَامَنُواْ","char_type_name":"word","page_number":102,"line_number":7,"text":"ﮓ","translation":{"text":"believe","language_name":"english","language_id":38},"transliteration":{"text":"āmanū","language_name":"english","language_id":38}},{"id":80641,"position":3,"audio_url":"wbw/004_152_003.mp3","qpc_uthmani_hafs":"بِٱللَّهِ","char_type_name":"word","page_number":102,"line_number":8,"text":"ﮔ","translation":{"text":"in Allah","language_name":"english","language_id":38},"transliteration":{"text":"bil-lahi","language_name":"english","language_id":38}},{"id":80642,"position":4,"audio_url":"wbw/004_152_004.mp3","qpc_uthmani_hafs":"وَرُسُلِهِۦ","char_type_name":"word","page_number":102,"line_number":8,"text":"ﮕ","translation":{"text":"and His Messengers","language_name":"english","language_id":38},"transliteration":{"text":"warusulihi","language_name":"english","language_id":38}},{"id":80643,"position":5,"audio_url":"wbw/004_152_005.mp3","qpc_uthmani_hafs":"وَلَمۡ","char_type_name":"word","page_number":102,"line_number":8,"text":"ﮖ","translation":{"text":"and not","language_name":"english","language_id":38},"transliteration":{"text":"walam","language_name":"english","language_id":38}},{"id":80644,"position":6,"audio_url":"wbw/004_152_006.mp3","qpc_uthmani_hafs":"يُفَرِّقُواْ","char_type_name":"word","page_number":102,"line_number":8,"text":"ﮗ","translation":{"text":"they differentiate","language_name":"english","language_id":38},"transliteration":{"text":"yufarriqū","language_name":"english","language_id":38}},{"id":80645,"position":7,"audio_url":"wbw/004_152_007.mp3","qpc_uthmani_hafs":"بَيۡنَ","char_type_name":"word","page_number":102,"line_number":8,"text":"ﮘ","translation":{"text":"between","language_name":"english","language_id":38},"transliteration":{"text":"bayna","language_name":"english","language_id":38}},{"id":80646,"position":8,"audio_url":"wbw/004_152_008.mp3","qpc_uthmani_hafs":"أَحَدٖ","char_type_name":"word","page_number":102,"line_number":8,"text":"ﮙ","translation":{"text":"(any) one","language_name":"english","language_id":38},"transliteration":{"text":"aḥadin","language_name":"english","language_id":38}},{"id":80647,"position":9,"audio_url":"wbw/004_152_009.mp3","qpc_uthmani_hafs":"مِّنۡهُمۡ","char_type_name":"word","page_number":102,"line_number":8,"text":"ﮚ","translation":{"text":"of them","language_name":"english","language_id":38},"transliteration":{"text":"min'hum","language_name":"english","language_id":38}},{"id":80648,"position":10,"audio_url":"wbw/004_152_010.mp3","qpc_uthmani_hafs":"أُوْلَٰٓئِكَ","char_type_name":"word","page_number":102,"line_number":8,"text":"ﮛ","translation":{"text":"those ","language_name":"english","language_id":38},"transliteration":{"text":"ulāika","language_name":"english","language_id":38}},{"id":80649,"position":11,"audio_url":"wbw/004_152_011.mp3","qpc_uthmani_hafs":"سَوۡفَ","char_type_name":"word","page_number":102,"line_number":8,"text":"ﮜ","translation":{"text":"soon","language_name":"english","language_id":38},"transliteration":{"text":"sawfa","language_name":"english","language_id":38}},{"id":80650,"position":12,"audio_url":"wbw/004_152_012.mp3","qpc_uthmani_hafs":"يُؤۡتِيهِمۡ","char_type_name":"word","page_number":102,"line_number":9,"text":"ﮝ","translation":{"text":"He will give them","language_name":"english","language_id":38},"transliteration":{"text":"yu'tīhim","language_name":"english","language_id":38}},{"id":80651,"position":13,"audio_url":"wbw/004_152_013.mp3","qpc_uthmani_hafs":"أُجُورَهُمۡۚ","char_type_name":"word","page_number":102,"line_number":9,"text":"ﮞﮟ","translation":{"text":"their reward","language_name":"english","language_id":38},"transliteration":{"text":"ujūrahum","language_name":"english","language_id":38}},{"id":80653,"position":14,"audio_url":"wbw/004_152_015.mp3","qpc_uthmani_hafs":"وَكَانَ","char_type_name":"word","page_number":102,"line_number":9,"text":"ﮠ","translation":{"text":"And is","language_name":"english","language_id":38},"transliteration":{"text":"wakāna","language_name":"english","language_id":38}},{"id":80654,"position":15,"audio_url":"wbw/004_152_016.mp3","qpc_uthmani_hafs":"ٱللَّهُ","char_type_name":"word","page_number":102,"line_number":9,"text":"ﮡ","translation":{"text":"Allah","language_name":"english","language_id":38},"transliteration":{"text":"l-lahu","language_name":"english","language_id":38}},{"id":80655,"position":16,"audio_url":"wbw/004_152_017.mp3","qpc_uthmani_hafs":"غَفُورٗا","char_type_name":"word","page_number":102,"line_number":9,"text":"ﮢ","translation":{"text":"Oft-Forgiving","language_name":"english","language_id":38},"transliteration":{"text":"ghafūran","language_name":"english","language_id":38}},{"id":80656,"position":17,"audio_url":"wbw/004_152_018.mp3","qpc_uthmani_hafs":"رَّحِيمٗا","char_type_name":"word","page_number":102,"line_number":9,"text":"ﮣ","translation":{"text":"Most Merciful","language_name":"english","language_id":38},"transliteration":{"text":"raḥīman","language_name":"english","language_id":38}},{"id":80657,"position":18,"audio_url":null,"qpc_uthmani_hafs":"١٥٢","char_type_name":"end","page_number":102,"line_number":9,"text":"ﮤ","translation":{"text":"(152)","language_name":"english","language_id":38},"transliteration":{"text":null,"language_name":"english","language_id":38}}],"translations":[{"id":917074,"resource_id":134,"text":"Orang-orang yang beriman kepada Allah dan para rasul-Nya dan tidak membeda-bedakan seorang pun di antara mereka, kelak Allah akan memberikan kepada mereka pahalanya. Dan adalah Allah Maha Pengampun lagi Maha Penyayang."}]},{"id":646,"verse_number":153,"verse_key":"4:153","juz_number":6,"hizb_number":11,"rub_el_hizb_number":41,"ruku_number":83,"manzil_number":1,"sajdah_number":null,"text_uthmani":"يَسْـَٔلُكَ أَهْلُ ٱلْكِتَـٰبِ أَن تُنَزِّلَ عَلَيْهِمْ كِتَـٰبًا مِّنَ ٱلسَّمَآءِ ۚ فَقَدْ سَأَلُوا۟ مُوسَىٰٓ أَكْبَرَ مِن ذَٰلِكَ فَقَالُوٓا۟ أَرِنَا ٱللَّهَ جَهْرَةً فَأَخَذَتْهُمُ ٱلصَّـٰعِقَةُ بِظُلْمِهِمْ ۚ ثُمَّ ٱتَّخَذُوا۟ ٱلْعِجْلَ مِنۢ بَعْدِ مَا جَآءَتْهُمُ ٱلْبَيِّنَـٰتُ فَعَفَوْنَا عَن ذَٰلِكَ ۚ وَءَاتَيْنَا مُوسَىٰ سُلْطَـٰنًا مُّبِينًا","page_number":102,"words":[{"id":80815,"position":1,"audio_url":"wbw/004_153_001.mp3","qpc_uthmani_hafs":"يَسۡـَٔلُكَ","char_type_name":"word","page_number":102,"line_number":9,"text":"ﮥ","translation":{"text":"Ask you","language_name":"english","language_id":38},"transliteration":{"text":"yasaluka","language_name":"english","language_id":38}},{"id":80816,"position":2,"audio_url":"wbw/004_153_002.mp3","qpc_uthmani_hafs":"أَهۡلُ","char_type_name":"word","page_number":102,"line_number":10,"text":"ﮦ","translation":{"text":"(the) People","language_name":"english","language_id":38},"transliteration":{"text":"ahlu","language_name":"english","language_id":38}},{"id":80817,"position":3,"audio_url":"wbw/004_153_003.mp3","qpc_uthmani_hafs":"ٱلۡكِتَٰبِ","char_type_name":"word","page_number":102,"line_number":10,"text":"ﮧ","translation":{"text":"(of) the Book","language_name":"english","language_id":38},"transliteration":{"text":"l-kitābi","language_name":"english","language_id":38}},{"id":80818,"position":4,"audio_url":"wbw/004_153_004.mp3","qpc_uthmani_hafs":"أَن","char_type_name":"word","page_number":102,"line_number":10,"text":"ﮨ","translation":{"text":"that","language_name":"english","language_id":38},"transliteration":{"text":"an","language_name":"english","language_id":38}},{"id":80819,"position":5,"audio_url":"wbw/004_153_005.mp3","qpc_uthmani_hafs":"تُنَزِّلَ","char_type_name":"word","page_number":102,"line_number":10,"text":"ﮩ","translation":{"text":"you bring down","language_name":"english","language_id":38},"transliteration":{"text":"tunazzila","language_name":"english","language_id":38}},{"id":80820,"position":6,"audio_url":"wbw/004_153_006.mp3","qpc_uthmani_hafs":"عَلَيۡهِمۡ","char_type_name":"word","page_number":102,"line_number":10,"text":"ﮪ","translation":{"text":"to them","language_name":"english","language_id":38},"transliteration":{"text":"ʿalayhim","language_name":"english","language_id":38}},{"id":80821,"position":7,"audio_url":"wbw/004_153_007.mp3","qpc_uthmani_hafs":"كِتَٰبٗا","char_type_name":"word","page_number":102,"line_number":10,"text":"ﮫ","translation":{"text":"a book","language_name":"english","language_id":38},"transliteration":{"text":"kitāban","language_name":"english","language_id":38}},{"id":80822,"position":8,"audio_url":"wbw/004_153_008.mp3","qpc_uthmani_hafs":"مِّنَ","char_type_name":"word","page_number":102,"line_number":10,"text":"ﮬ","translation":{"text":"from","language_name":"english","language_id":38},"transliteration":{"text":"mina","language_name":"english","language_id":38}},{"id":80823,"position":9,"audio_url":"wbw/004_153_009.mp3","qpc_uthmani_hafs":"ٱلسَّمَآءِۚ","char_type_name":"word","page_number":102,"line_number":10,"text":"ﮭﮮ","translation":{"text":"the heaven","language_name":"english","language_id":38},"transliteration":{"text":"l-samāi","language_name":"english","language_id":38}},{"id":80825,"position":10,"audio_url":"wbw/004_153_011.mp3","qpc_uthmani_hafs":"فَقَدۡ","char_type_name":"word","page_number":102,"line_number":10,"text":"ﮯ","translation":{"text":"Then indeed","language_name":"english","language_id":38},"transliteration":{"text":"faqad","language_name":"english","language_id":38}},{"id":80826,"position":11,"audio_url":"wbw/004_153_012.mp3","qpc_uthmani_hafs":"سَأَلُواْ","char_type_name":"word","page_number":102,"line_number":10,"text":"ﮰ","translation":{"text":"they (had) asked","language_name":"english","language_id":38},"transliteration":{"text":"sa-alū","language_name":"english","language_id":38}},{"id":80827,"position":12,"audio_url":"wbw/004_153_013.mp3","qpc_uthmani_hafs":"مُوسَىٰٓ","char_type_name":"word","page_number":102,"line_number":11,"text":"ﮱ","translation":{"text":"Musa","language_name":"english","language_id":38},"transliteration":{"text":"mūsā","language_name":"english","language_id":38}},{"id":80828,"position":13,"audio_url":"wbw/004_153_014.mp3","qpc_uthmani_hafs":"أَكۡبَرَ","char_type_name":"word","page_number":102,"line_number":11,"text":"ﯓ","translation":{"text":"greater","language_name":"english","language_id":38},"transliteration":{"text":"akbara","language_name":"english","language_id":38}},{"id":80829,"position":14,"audio_url":"wbw/004_153_015.mp3","qpc_uthmani_hafs":"مِن","char_type_name":"word","page_number":102,"line_number":11,"text":"ﯔ","translation":{"text":"than","language_name":"english","language_id":38},"transliteration":{"text":"min","language_name":"english","language_id":38}},{"id":80830,"position":15,"audio_url":"wbw/004_153_016.mp3","qpc_uthmani_hafs":"ذَٰلِكَ","char_type_name":"word","page_number":102,"line_number":11,"text":"ﯕ","translation":{"text":"that","language_name":"english","language_id":38},"transliteration":{"text":"dhālika","language_name":"english","language_id":38}},{"id":80831,"position":16,"audio_url":"wbw/004_153_017.mp3","qpc_uthmani_hafs":"فَقَالُوٓاْ","char_type_name":"word","page_number":102,"line_number":11,"text":"ﯖ","translation":{"text":"for they said","language_name":"english","language_id":38},"transliteration":{"text":"faqālū","language_name":"english","language_id":38}},{"id":80832,"position":17,"audio_url":"wbw/004_153_018.mp3","qpc_uthmani_hafs":"أَرِنَا","char_type_name":"word","page_number":102,"line_number":11,"text":"ﯗ","translation":{"text":"Show us","language_name":"english","language_id":38},"transliteration":{"text":"arinā","language_name":"english","language_id":38}},{"id":80833,"position":18,"audio_url":"wbw/004_153_019.mp3","qpc_uthmani_hafs":"ٱللَّهَ","char_type_name":"word","page_number":102,"line_number":11,"text":"ﯘ","translation":{"text":"Allah","language_name":"english","language_id":38},"transliteration":{"text":"l-laha","language_name":"english","language_id":38}},{"id":80834,"position":19,"audio_url":"wbw/004_153_020.mp3","qpc_uthmani_hafs":"جَهۡرَةٗ","char_type_name":"word","page_number":102,"line_number":11,"text":"ﯙ","translation":{"text":"manifestly","language_name":"english","language_id":38},"transliteration":{"text":"jahratan","language_name":"english","language_id":38}},{"id":80835,"position":20,"audio_url":"wbw/004_153_021.mp3","qpc_uthmani_hafs":"فَأَخَذَتۡهُمُ","char_type_name":"word","page_number":102,"line_number":11,"text":"ﯚ","translation":{"text":"so struck them","language_name":"english","language_id":38},"transliteration":{"text":"fa-akhadhathumu","language_name":"english","language_id":38}},{"id":80836,"position":21,"audio_url":"wbw/004_153_022.mp3","qpc_uthmani_hafs":"ٱلصَّٰعِقَةُ","char_type_name":"word","page_number":102,"line_number":12,"text":"ﯛ","translation":{"text":"the thunderbolt","language_name":"english","language_id":38},"transliteration":{"text":"l-ṣāʿiqatu","language_name":"english","language_id":38}},{"id":80837,"position":22,"audio_url":"wbw/004_153_023.mp3","qpc_uthmani_hafs":"بِظُلۡمِهِمۡۚ","char_type_name":"word","page_number":102,"line_number":12,"text":"ﯜﯝ","translation":{"text":"for their wrongdoing","language_name":"english","language_id":38},"transliteration":{"text":"biẓul'mihim","language_name":"english","language_id":38}},{"id":80839,"position":23,"audio_url":"wbw/004_153_025.mp3","qpc_uthmani_hafs":"ثُمَّ","char_type_name":"word","page_number":102,"line_number":12,"text":"ﯞ","translation":{"text":"Then","language_name":"english","language_id":38},"transliteration":{"text":"thumma","language_name":"english","language_id":38}},{"id":80840,"position":24,"audio_url":"wbw/004_153_026.mp3","qpc_uthmani_hafs":"ٱتَّخَذُواْ","char_type_name":"word","page_number":102,"line_number":12,"text":"ﯟ","translation":{"text":"they took","language_name":"english","language_id":38},"transliteration":{"text":"ittakhadhū","language_name":"english","language_id":38}},{"id":80841,"position":25,"audio_url":"wbw/004_153_027.mp3","qpc_uthmani_hafs":"ٱلۡعِجۡلَ","char_type_name":"word","page_number":102,"line_number":12,"text":"ﯠ","translation":{"text":"the calf (for worship)","language_name":"english","language_id":38},"transliteration":{"text":"l-ʿij'la","language_name":"english","language_id":38}},{"id":80842,"position":26,"audio_url":"wbw/004_153_028.mp3","qpc_uthmani_hafs":"مِنۢ","char_type_name":"word","page_number":102,"line_number":12,"text":"ﯡ","translation":{"text":"from","language_name":"english","language_id":38},"transliteration":{"text":"min","language_name":"english","language_id":38}},{"id":80843,"position":27,"audio_url":"wbw/004_153_029.mp3","qpc_uthmani_hafs":"بَعۡدِ","char_type_name":"word","page_number":102,"line_number":12,"text":"ﯢ","translation":{"text":"after","language_name":"english","language_id":38},"transliteration":{"text":"baʿdi","language_name":"english","language_id":38}},{"id":80844,"position":28,"audio_url":"wbw/004_153_030.mp3","qpc_uthmani_hafs":"مَا","char_type_name":"word","page_number":102,"line_number":12,"text":"ﯣ","translation":{"text":"[what]","language_name":"english","language_id":38},"transliteration":{"text":"mā","language_name":"english","language_id":38}},{"id":80845,"position":29,"audio_url":"wbw/004_153_031.mp3","qpc_uthmani_hafs":"جَآءَتۡهُمُ","char_type_name":"word","page_number":102,"line_number":12,"text":"ﯤ","translation":{"text":"came to them","language_name":"english","language_id":38},"transliteration":{"text":"jāathumu","language_name":"english","language_id":38}},{"id":80846,"position":30,"audio_url":"wbw/004_153_032.mp3","qpc_uthmani_hafs":"ٱلۡبَيِّنَٰتُ","char_type_name":"word","page_number":102,"line_number":13,"text":"ﯥ","translation":{"text":"the clear proofs","language_name":"english","language_id":38},"transliteration":{"text":"l-bayinātu","language_name":"english","language_id":38}},{"id":80847,"position":31,"audio_url":"wbw/004_153_033.mp3","qpc_uthmani_hafs":"فَعَفَوۡنَا","char_type_name":"word","page_number":102,"line_number":13,"text":"ﯦ","translation":{"text":"then We forgave them","language_name":"english","language_id":38},"transliteration":{"text":"faʿafawnā","language_name":"english","language_id":38}},{"id":80848,"position":32,"audio_url":"wbw/004_153_034.mp3","qpc_uthmani_hafs":"عَن","char_type_name":"word","page_number":102,"line_number":13,"text":"ﯧ","translation":{"text":"for","language_name":"english","language_id":38},"transliteration":{"text":"ʿan","language_name":"english","language_id":38}},{"id":80849,"position":33,"audio_url":"wbw/004_153_035.mp3","qpc_uthmani_hafs":"ذَٰلِكَۚ","char_type_name":"word","page_number":102,"line_number":13,"text":"ﯨﯩ","translation":{"text":"that","language_name":"english","language_id":38},"transliteration":{"text":"dhālika","language_name":"english","language_id":38}},{"id":80851,"position":34,"audio_url":"wbw/004_153_037.mp3","qpc_uthmani_hafs":"وَءَاتَيۡنَا","char_type_name":"word","page_number":102,"line_number":13,"text":"ﯪ","translation":{"text":"And We gave","language_name":"english","language_id":38},"transliteration":{"text":"waātaynā","language_name":"english","language_id":38}},{"id":80852,"position":35,"audio_url":"wbw/004_153_038.mp3","qpc_uthmani_hafs":"مُوسَىٰ","char_type_name":"word","page_number":102,"line_number":13,"text":"ﯫ","translation":{"text":"Musa","language_name":"english","language_id":38},"transliteration":{"text":"mūsā","language_name":"english","language_id":38}},{"id":80853,"position":36,"audio_url":"wbw/004_153_039.mp3","qpc_uthmani_hafs":"سُلۡطَٰنٗا","char_type_name":"word","page_number":102,"line_number":13,"text":"ﯬ","translation":{"text":"an authority","language_name":"english","language_id":38},"transliteration":{"text":"sul'ṭānan","language_name":"english","language_id":38}},{"id":80854,"position":37,"audio_url":"wbw/004_153_040.mp3","qpc_uthmani_hafs":"مُّبِينٗا","char_type_name":"word","page_number":102,"line_number":13,"text":"ﯭ","translation":{"text":"clear","language_name":"english","language_id":38},"transliteration":{"text":"mubīnan","language_name":"english","language_id":38}},{"id":80855,"position":38,"audio_url":null,"qpc_uthmani_hafs":"١٥٣","char_type_name":"end","page_number":102,"line_number":13,"text":"ﯮ","translation":{"text":"(153)","language_name":"english","language_id":38},"transliteration":{"text":null,"language_name":"english","language_id":38}}],"translations":[{"id":917075,"resource_id":134,"text":"Ahli kitab meminta kepadamu agar kamu menurunkan kepada mereka sebuah kitab dari langit.  Maka sesungguhnya mereka telah meminta kepada Musa yang lebih besar dari itu. Mereka berkata, \"Perlihatkanlah Allah kepada kami dengan nyata\".  Maka mereka disambar petir karena kezalimannya, dan mereka menyembah anak sapi<sup foot_note=210143>1</sup>, sesudah datang kepada mereka bukti-bukti yang nyata, lalu Kami maafkan (mereka) dari yang demikian.  Dan telah Kami berikan kepada Musa keterangan yang nyata."}]},{"id":647,"verse_number":154,"verse_key":"4:154","juz_number":6,"hizb_number":11,"rub_el_hizb_number":41,"ruku_number":83,"manzil_number":1,"sajdah_number":null,"text_uthmani":"وَرَفَعْنَا فَوْقَهُمُ ٱلطُّورَ بِمِيثَـٰقِهِمْ وَقُلْنَا لَهُمُ ٱدْخُلُوا۟ ٱلْبَابَ سُجَّدًا وَقُلْنَا لَهُمْ لَا تَعْدُوا۟ فِى ٱلسَّبْتِ وَأَخَذْنَا مِنْهُم مِّيثَـٰقًا غَلِيظًا","page_number":102,"words":[{"id":80968,"position":1,"audio_url":"wbw/004_154_001.mp3","qpc_uthmani_hafs":"وَرَفَعۡنَا","char_type_name":"word","page_number":102,"line_number":14,"text":"ﯯ","translation":{"text":"And We raised","language_name":"english","language_id":38},"transliteration":{"text":"warafaʿnā","language_name":"english","language_id":38}},{"id":80969,"position":2,"audio_url":"wbw/004_154_002.mp3","qpc_uthmani_hafs":"فَوۡقَهُمُ","char_type_name":"word","page_number":102,"line_number":14,"text":"ﯰ","translation":{"text":"over them","language_name":"english","language_id":38},"transliteration":{"text":"fawqahumu","language_name":"english","language_id":38}},{"id":80970,"position":3,"audio_url":"wbw/004_154_003.mp3","qpc_uthmani_hafs":"ٱلطُّورَ","char_type_name":"word","page_number":102,"line_number":14,"text":"ﯱ","translation":{"text":"the mount","language_name":"english","language_id":38},"transliteration":{"text":"l-ṭūra","language_name":"english","language_id":38}},{"id":80971,"position":4,"audio_url":"wbw/004_154_004.mp3","qpc_uthmani_hafs":"بِمِيثَٰقِهِمۡ","char_type_name":"word","page_number":102,"line_number":14,"text":"ﯲ","translation":{"text":"for their covenant","language_name":"english","language_id":38},"transliteration":{"text":"bimīthāqihim","language_name":"english","language_id":38}},{"id":80972,"position":5,"audio_url":"wbw/004_154_005.mp3","qpc_uthmani_hafs":"وَقُلۡنَا","char_type_name":"word","page_number":102,"line_number":14,"text":"ﯳ","translation":{"text":"and We said","language_name":"english","language_id":38},"transliteration":{"text":"waqul'nā","language_name":"english","language_id":38}},{"id":80973,"position":6,"audio_url":"wbw/004_154_006.mp3","qpc_uthmani_hafs":"لَهُمُ","char_type_name":"word","page_number":102,"line_number":14,"text":"ﯴ","translation":{"text":"to them","language_name":"english","language_id":38},"transliteration":{"text":"lahumu","language_name":"english","language_id":38}},{"id":80974,"position":7,"audio_url":"wbw/004_154_007.mp3","qpc_uthmani_hafs":"ٱدۡخُلُواْ","char_type_name":"word","page_number":102,"line_number":14,"text":"ﯵ","translation":{"text":"Enter","language_name":"english","language_id":38},"transliteration":{"text":"ud'khulū","language_name":"english","language_id":38}},{"id":80975,"position":8,"audio_url":"wbw/004_154_008.mp3","qpc_uthmani_hafs":"ٱلۡبَابَ","char_type_name":"word","page_number":102,"line_number":14,"text":"ﯶ","translation":{"text":"the gate","language_name":"english","language_id":38},"transliteration":{"text":"l-bāba","language_name":"english","language_id":38}},{"id":80976,"position":9,"audio_url":"wbw/004_154_009.mp3","qpc_uthmani_hafs":"سُجَّدٗا","char_type_name":"word","page_number":102,"line_number":14,"text":"ﯷ","translation":{"text":"prostrating","language_name":"english","language_id":38},"transliteration":{"text":"sujjadan","language_name":"english","language_id":38}},{"id":80977,"position":10,"audio_url":"wbw/004_154_010.mp3","qpc_uthmani_hafs":"وَقُلۡنَا","char_type_name":"word","page_number":102,"line_number":15,"text":"ﯸ","translation":{"text":"And We said","language_name":"english","language_id":38},"transliteration":{"text":"waqul'nā","language_name":"english","language_id":38}},{"id":80978,"position":11,"audio_url":"wbw/004_154_011.mp3","qpc_uthmani_hafs":"لَهُمۡ","char_type_name":"word","page_number":102,"line_number":15,"text":"ﯹ","translation":{"text":"to them","language_name":"english","language_id":38},"transliteration":{"text":"lahum","language_name":"english","language_id":38}},{"id":80979,"position":12,"audio_url":"wbw/004_154_012.mp3","qpc_uthmani_hafs":"لَا","char_type_name":"word","page_number":102,"line_number":15,"text":"ﯺ","translation":{"text":"(Do) not","language_name":"english","language_id":38},"transliteration":{"text":"lā","language_name":"english","language_id":38}},{"id":80980,"position":13,"audio_url":"wbw/004_154_013.mp3","qpc_uthmani_hafs":"تَعۡدُواْ","char_type_name":"word","page_number":102,"line_number":15,"text":"ﯻ","translation":{"text":"transgress","language_name":"english","language_id":38},"transliteration":{"text":"taʿdū","language_name":"english","language_id":38}},{"id":80981,"position":14,"audio_url":"wbw/004_154_014.mp3","qpc_uthmani_hafs":"فِي","char_type_name":"word","page_number":102,"line_number":15,"text":"ﯼ","translation":{"text":"in","language_name":"english","language_id":38},"transliteration":{"text":"fī","language_name":"english","language_id":38}},{"id":80982,"position":15,"audio_url":"wbw/004_154_015.mp3","qpc_uthmani_hafs":"ٱلسَّبۡتِ","char_type_name":"word","page_number":102,"line_number":15,"text":"ﯽ","translation":{"text":"the Sabbath","language_name":"english","language_id":38},"transliteration":{"text":"l-sabti","language_name":"english","language_id":38}},{"id":80983,"position":16,"audio_url":"wbw/004_154_016.mp3","qpc_uthmani_hafs":"وَأَخَذۡنَا","char_type_name":"word","page_number":102,"line_number":15,"text":"ﯾ","translation":{"text":"And We took","language_name":"english","language_id":38},"transliteration":{"text":"wa-akhadhnā","language_name":"english","language_id":38}},{"id":80984,"position":17,"audio_url":"wbw/004_154_017.mp3","qpc_uthmani_hafs":"مِنۡهُم","char_type_name":"word","page_number":102,"line_number":15,"text":"ﯿ","translation":{"text":"from them","language_name":"english","language_id":38},"transliteration":{"text":"min'hum","language_name":"english","language_id":38}},{"id":80985,"position":18,"audio_url":"wbw/004_154_018.mp3","qpc_uthmani_hafs":"مِّيثَٰقًا","char_type_name":"word","page_number":102,"line_number":15,"text":"ﰀ","translation":{"text":"a covenant","language_name":"english","language_id":38},"transliteration":{"text":"mīthāqan","language_name":"english","language_id":38}},{"id":80986,"position":19,"audio_url":"wbw/004_154_019.mp3","qpc_uthmani_hafs":"غَلِيظٗا","char_type_name":"word","page_number":102,"line_number":15,"text":"ﰁ","translation":{"text":"solemn","language_name":"english","language_id":38},"transliteration":{"text":"ghalīẓan","language_name":"english","language_id":38}},{"id":80987,"position":20,"audio_url":null,"qpc_uthmani_hafs":"١٥٤","char_type_name":"end","page_number":102,"line_number":15,"text":"ﰂ","translation":{"text":"(154)","language_name":"english","language_id":38},"transliteration":{"text":null,"language_name":"english","language_id":38}}],"translations":[{"id":917076,"resource_id":134,"text":"Dan telah Kami angkat ke atas (kepala) mereka bukit Ṭūrsīnā` untuk (menerima) perjanjian (yang telah Kami ambil dari) mereka.  Dan kami perintahkan kepada mereka, \"Masukilah pintu gerbang itu sambil bersujud<sup foot_note=210144>1</sup>\", dan Kami perintahkan (pula) kepada mereka, \"Janganlah kamu melanggar peraturan mengenai hari Sabtu<sup foot_note=210145>2</sup>\", dan Kami telah mengambil dari mereka perjanjian yang kukuh."}]}],"pagination":{"per_page":50,"current_page":1,"next_page":null,"total_pages":1,"total_records":7}}