{"verses":[{"id":790,"verse_number":1,"verse_key":"6:1","juz_number":7,"hizb_number":13,"rub_el_hizb_number":51,"ruku_number":102,"manzil_number":2,"sajdah_number":null,"text_uthmani":" ٱلْحَمْدُ لِلَّهِ ٱلَّذِى خَلَقَ ٱلسَّمَـٰوَٰتِ وَٱلْأَرْضَ وَجَعَلَ ٱلظُّلُمَـٰتِ وَٱلنُّورَ ۖ ثُمَّ ٱلَّذِينَ كَفَرُوا۟ بِرَبِّهِمْ يَعْدِلُونَ","page_number":128,"words":[{"id":736,"position":1,"audio_url":"wbw/006_001_001.mp3","qpc_uthmani_hafs":"ٱلۡحَمۡدُ","char_type_name":"word","page_number":128,"line_number":3,"text":"ﭑ","translation":{"text":"(All) the praises and thanks","language_name":"english","language_id":38},"transliteration":{"text":"al-ḥamdu","language_name":"english","language_id":38}},{"id":737,"position":2,"audio_url":"wbw/006_001_002.mp3","qpc_uthmani_hafs":"لِلَّهِ","char_type_name":"word","page_number":128,"line_number":3,"text":"ﭒ","translation":{"text":"(be) to Allah","language_name":"english","language_id":38},"transliteration":{"text":"lillahi","language_name":"english","language_id":38}},{"id":738,"position":3,"audio_url":"wbw/006_001_003.mp3","qpc_uthmani_hafs":"ٱلَّذِي","char_type_name":"word","page_number":128,"line_number":3,"text":"ﭓ","translation":{"text":"the One Who","language_name":"english","language_id":38},"transliteration":{"text":"alladhī","language_name":"english","language_id":38}},{"id":739,"position":4,"audio_url":"wbw/006_001_004.mp3","qpc_uthmani_hafs":"خَلَقَ","char_type_name":"word","page_number":128,"line_number":3,"text":"ﭔ","translation":{"text":"created","language_name":"english","language_id":38},"transliteration":{"text":"khalaqa","language_name":"english","language_id":38}},{"id":740,"position":5,"audio_url":"wbw/006_001_005.mp3","qpc_uthmani_hafs":"ٱلسَّمَٰوَٰتِ","char_type_name":"word","page_number":128,"line_number":3,"text":"ﭕ","translation":{"text":"the heavens","language_name":"english","language_id":38},"transliteration":{"text":"l-samāwāti","language_name":"english","language_id":38}},{"id":741,"position":6,"audio_url":"wbw/006_001_006.mp3","qpc_uthmani_hafs":"وَٱلۡأَرۡضَ","char_type_name":"word","page_number":128,"line_number":3,"text":"ﭖ","translation":{"text":"and the earth","language_name":"english","language_id":38},"transliteration":{"text":"wal-arḍa","language_name":"english","language_id":38}},{"id":742,"position":7,"audio_url":"wbw/006_001_007.mp3","qpc_uthmani_hafs":"وَجَعَلَ","char_type_name":"word","page_number":128,"line_number":3,"text":"ﭗ","translation":{"text":"and made","language_name":"english","language_id":38},"transliteration":{"text":"wajaʿala","language_name":"english","language_id":38}},{"id":743,"position":8,"audio_url":"wbw/006_001_008.mp3","qpc_uthmani_hafs":"ٱلظُّلُمَٰتِ","char_type_name":"word","page_number":128,"line_number":3,"text":"ﭘ","translation":{"text":"the darkness[es]","language_name":"english","language_id":38},"transliteration":{"text":"l-ẓulumāti","language_name":"english","language_id":38}},{"id":744,"position":9,"audio_url":"wbw/006_001_009.mp3","qpc_uthmani_hafs":"وَٱلنُّورَۖ","char_type_name":"word","page_number":128,"line_number":4,"text":"ﭙﭚ","translation":{"text":"and the light","language_name":"english","language_id":38},"transliteration":{"text":"wal-nūra","language_name":"english","language_id":38}},{"id":746,"position":10,"audio_url":"wbw/006_001_011.mp3","qpc_uthmani_hafs":"ثُمَّ","char_type_name":"word","page_number":128,"line_number":4,"text":"ﭛ","translation":{"text":"Then","language_name":"english","language_id":38},"transliteration":{"text":"thumma","language_name":"english","language_id":38}},{"id":747,"position":11,"audio_url":"wbw/006_001_012.mp3","qpc_uthmani_hafs":"ٱلَّذِينَ","char_type_name":"word","page_number":128,"line_number":4,"text":"ﭜ","translation":{"text":"those who","language_name":"english","language_id":38},"transliteration":{"text":"alladhīna","language_name":"english","language_id":38}},{"id":748,"position":12,"audio_url":"wbw/006_001_013.mp3","qpc_uthmani_hafs":"كَفَرُواْ","char_type_name":"word","page_number":128,"line_number":4,"text":"ﭝ","translation":{"text":"disbelieved","language_name":"english","language_id":38},"transliteration":{"text":"kafarū","language_name":"english","language_id":38}},{"id":749,"position":13,"audio_url":"wbw/006_001_014.mp3","qpc_uthmani_hafs":"بِرَبِّهِمۡ","char_type_name":"word","page_number":128,"line_number":4,"text":"ﭞ","translation":{"text":"in their Lord","language_name":"english","language_id":38},"transliteration":{"text":"birabbihim","language_name":"english","language_id":38}},{"id":750,"position":14,"audio_url":"wbw/006_001_015.mp3","qpc_uthmani_hafs":"يَعۡدِلُونَ","char_type_name":"word","page_number":128,"line_number":4,"text":"ﭟ","translation":{"text":"equate others with Him","language_name":"english","language_id":38},"transliteration":{"text":"yaʿdilūna","language_name":"english","language_id":38}},{"id":751,"position":15,"audio_url":null,"qpc_uthmani_hafs":"١","char_type_name":"end","page_number":128,"line_number":4,"text":"ﭠ","translation":{"text":"(1)","language_name":"english","language_id":38},"transliteration":{"text":null,"language_name":"english","language_id":38}}],"translations":[{"id":917219,"resource_id":134,"text":"Segala puji bagi Allah Yang telah menciptakan langit dan bumi, dan mengadakan gelap dan terang, namun orang-orang yang kafir mempersekutukan (sesuatu) dengan Tuhan mereka."}]},{"id":791,"verse_number":2,"verse_key":"6:2","juz_number":7,"hizb_number":13,"rub_el_hizb_number":51,"ruku_number":102,"manzil_number":2,"sajdah_number":null,"text_uthmani":"هُوَ ٱلَّذِى خَلَقَكُم مِّن طِينٍ ثُمَّ قَضَىٰٓ أَجَلًا ۖ وَأَجَلٌ مُّسَمًّى عِندَهُۥ ۖ ثُمَّ أَنتُمْ تَمْتَرُونَ","page_number":128,"words":[{"id":1802,"position":1,"audio_url":"wbw/006_002_001.mp3","qpc_uthmani_hafs":"هُوَ","char_type_name":"word","page_number":128,"line_number":4,"text":"ﭡ","translation":{"text":"He","language_name":"english","language_id":38},"transliteration":{"text":"huwa","language_name":"english","language_id":38}},{"id":1803,"position":2,"audio_url":"wbw/006_002_002.mp3","qpc_uthmani_hafs":"ٱلَّذِي","char_type_name":"word","page_number":128,"line_number":4,"text":"ﭢ","translation":{"text":"(is) the One Who","language_name":"english","language_id":38},"transliteration":{"text":"alladhī","language_name":"english","language_id":38}},{"id":1804,"position":3,"audio_url":"wbw/006_002_003.mp3","qpc_uthmani_hafs":"خَلَقَكُم","char_type_name":"word","page_number":128,"line_number":5,"text":"ﭣ","translation":{"text":"created you","language_name":"english","language_id":38},"transliteration":{"text":"khalaqakum","language_name":"english","language_id":38}},{"id":1805,"position":4,"audio_url":"wbw/006_002_004.mp3","qpc_uthmani_hafs":"مِّن","char_type_name":"word","page_number":128,"line_number":5,"text":"ﭤ","translation":{"text":"from","language_name":"english","language_id":38},"transliteration":{"text":"min","language_name":"english","language_id":38}},{"id":1806,"position":5,"audio_url":"wbw/006_002_005.mp3","qpc_uthmani_hafs":"طِينٖ","char_type_name":"word","page_number":128,"line_number":5,"text":"ﭥ","translation":{"text":"clay","language_name":"english","language_id":38},"transliteration":{"text":"ṭīnin","language_name":"english","language_id":38}},{"id":1807,"position":6,"audio_url":"wbw/006_002_006.mp3","qpc_uthmani_hafs":"ثُمَّ","char_type_name":"word","page_number":128,"line_number":5,"text":"ﭦ","translation":{"text":"then","language_name":"english","language_id":38},"transliteration":{"text":"thumma","language_name":"english","language_id":38}},{"id":1808,"position":7,"audio_url":"wbw/006_002_007.mp3","qpc_uthmani_hafs":"قَضَىٰٓ","char_type_name":"word","page_number":128,"line_number":5,"text":"ﭧ","translation":{"text":"He decreed","language_name":"english","language_id":38},"transliteration":{"text":"qaḍā","language_name":"english","language_id":38}},{"id":1809,"position":8,"audio_url":"wbw/006_002_008.mp3","qpc_uthmani_hafs":"أَجَلٗاۖ","char_type_name":"word","page_number":128,"line_number":5,"text":"ﭨﭩ","translation":{"text":"a term ","language_name":"english","language_id":38},"transliteration":{"text":"ajalan","language_name":"english","language_id":38}},{"id":1811,"position":9,"audio_url":"wbw/006_002_010.mp3","qpc_uthmani_hafs":"وَأَجَلٞ","char_type_name":"word","page_number":128,"line_number":5,"text":"ﭪ","translation":{"text":"and a term","language_name":"english","language_id":38},"transliteration":{"text":"wa-ajalun","language_name":"english","language_id":38}},{"id":1812,"position":10,"audio_url":"wbw/006_002_011.mp3","qpc_uthmani_hafs":"مُّسَمًّى","char_type_name":"word","page_number":128,"line_number":5,"text":"ﭫ","translation":{"text":"specified","language_name":"english","language_id":38},"transliteration":{"text":"musamman","language_name":"english","language_id":38}},{"id":1813,"position":11,"audio_url":"wbw/006_002_012.mp3","qpc_uthmani_hafs":"عِندَهُۥۖ","char_type_name":"word","page_number":128,"line_number":5,"text":"ﭬﭭ","translation":{"text":"with Him","language_name":"english","language_id":38},"transliteration":{"text":"ʿindahu","language_name":"english","language_id":38}},{"id":1815,"position":12,"audio_url":"wbw/006_002_014.mp3","qpc_uthmani_hafs":"ثُمَّ","char_type_name":"word","page_number":128,"line_number":5,"text":"ﭮ","translation":{"text":"yet","language_name":"english","language_id":38},"transliteration":{"text":"thumma","language_name":"english","language_id":38}},{"id":1816,"position":13,"audio_url":"wbw/006_002_015.mp3","qpc_uthmani_hafs":"أَنتُمۡ","char_type_name":"word","page_number":128,"line_number":5,"text":"ﭯ","translation":{"text":"you","language_name":"english","language_id":38},"transliteration":{"text":"antum","language_name":"english","language_id":38}},{"id":1817,"position":14,"audio_url":"wbw/006_002_016.mp3","qpc_uthmani_hafs":"تَمۡتَرُونَ","char_type_name":"word","page_number":128,"line_number":6,"text":"ﭰ","translation":{"text":"doubt","language_name":"english","language_id":38},"transliteration":{"text":"tamtarūna","language_name":"english","language_id":38}},{"id":1818,"position":15,"audio_url":null,"qpc_uthmani_hafs":"٢","char_type_name":"end","page_number":128,"line_number":6,"text":"ﭱ","translation":{"text":"(2)","language_name":"english","language_id":38},"transliteration":{"text":null,"language_name":"english","language_id":38}}],"translations":[{"id":917220,"resource_id":134,"text":"Dia-lah Yang menciptakan kamu dari tanah, sesudah itu ditentukan-Nya ajal (kematianmu), dan ada lagi suatu ajal yang ditentukan (untuk berbangkit) yang ada pada sisi-Nya (yang Dia sendirilah mengetahuinya), kemudian kamu masih ragu-ragu (tentang berbangkit itu)."}]},{"id":792,"verse_number":3,"verse_key":"6:3","juz_number":7,"hizb_number":13,"rub_el_hizb_number":51,"ruku_number":102,"manzil_number":2,"sajdah_number":null,"text_uthmani":"وَهُوَ ٱللَّهُ فِى ٱلسَّمَـٰوَٰتِ وَفِى ٱلْأَرْضِ ۖ يَعْلَمُ سِرَّكُمْ وَجَهْرَكُمْ وَيَعْلَمُ مَا تَكْسِبُونَ","page_number":128,"words":[{"id":2956,"position":1,"audio_url":"wbw/006_003_001.mp3","qpc_uthmani_hafs":"وَهُوَ","char_type_name":"word","page_number":128,"line_number":6,"text":"ﭲ","translation":{"text":"And He","language_name":"english","language_id":38},"transliteration":{"text":"wahuwa","language_name":"english","language_id":38}},{"id":2957,"position":2,"audio_url":"wbw/006_003_002.mp3","qpc_uthmani_hafs":"ٱللَّهُ","char_type_name":"word","page_number":128,"line_number":6,"text":"ﭳ","translation":{"text":"(is) Allah","language_name":"english","language_id":38},"transliteration":{"text":"l-lahu","language_name":"english","language_id":38}},{"id":2958,"position":3,"audio_url":"wbw/006_003_003.mp3","qpc_uthmani_hafs":"فِي","char_type_name":"word","page_number":128,"line_number":6,"text":"ﭴ","translation":{"text":"in","language_name":"english","language_id":38},"transliteration":{"text":"fī","language_name":"english","language_id":38}},{"id":2959,"position":4,"audio_url":"wbw/006_003_004.mp3","qpc_uthmani_hafs":"ٱلسَّمَٰوَٰتِ","char_type_name":"word","page_number":128,"line_number":6,"text":"ﭵ","translation":{"text":"the heavens","language_name":"english","language_id":38},"transliteration":{"text":"l-samāwāti","language_name":"english","language_id":38}},{"id":2960,"position":5,"audio_url":"wbw/006_003_005.mp3","qpc_uthmani_hafs":"وَفِي","char_type_name":"word","page_number":128,"line_number":6,"text":"ﭶ","translation":{"text":"and in","language_name":"english","language_id":38},"transliteration":{"text":"wafī","language_name":"english","language_id":38}},{"id":2961,"position":6,"audio_url":"wbw/006_003_006.mp3","qpc_uthmani_hafs":"ٱلۡأَرۡضِ","char_type_name":"word","page_number":128,"line_number":6,"text":"ﭷﭸ","translation":{"text":"the earth","language_name":"english","language_id":38},"transliteration":{"text":"l-arḍi","language_name":"english","language_id":38}},{"id":2963,"position":7,"audio_url":"wbw/006_003_008.mp3","qpc_uthmani_hafs":"يَعۡلَمُ","char_type_name":"word","page_number":128,"line_number":6,"text":"ﭹ","translation":{"text":"He knows","language_name":"english","language_id":38},"transliteration":{"text":"yaʿlamu","language_name":"english","language_id":38}},{"id":2964,"position":8,"audio_url":"wbw/006_003_009.mp3","qpc_uthmani_hafs":"سِرَّكُمۡ","char_type_name":"word","page_number":128,"line_number":6,"text":"ﭺ","translation":{"text":"your secret","language_name":"english","language_id":38},"transliteration":{"text":"sirrakum","language_name":"english","language_id":38}},{"id":2965,"position":9,"audio_url":"wbw/006_003_010.mp3","qpc_uthmani_hafs":"وَجَهۡرَكُمۡ","char_type_name":"word","page_number":128,"line_number":7,"text":"ﭻ","translation":{"text":"and what you make public","language_name":"english","language_id":38},"transliteration":{"text":"wajahrakum","language_name":"english","language_id":38}},{"id":2966,"position":10,"audio_url":"wbw/006_003_011.mp3","qpc_uthmani_hafs":"وَيَعۡلَمُ","char_type_name":"word","page_number":128,"line_number":7,"text":"ﭼ","translation":{"text":"and He knows","language_name":"english","language_id":38},"transliteration":{"text":"wayaʿlamu","language_name":"english","language_id":38}},{"id":2967,"position":11,"audio_url":"wbw/006_003_012.mp3","qpc_uthmani_hafs":"مَا","char_type_name":"word","page_number":128,"line_number":7,"text":"ﭽ","translation":{"text":"what","language_name":"english","language_id":38},"transliteration":{"text":"mā","language_name":"english","language_id":38}},{"id":2968,"position":12,"audio_url":"wbw/006_003_013.mp3","qpc_uthmani_hafs":"تَكۡسِبُونَ","char_type_name":"word","page_number":128,"line_number":7,"text":"ﭾ","translation":{"text":"you earn","language_name":"english","language_id":38},"transliteration":{"text":"taksibūna","language_name":"english","language_id":38}},{"id":2969,"position":13,"audio_url":null,"qpc_uthmani_hafs":"٣","char_type_name":"end","page_number":128,"line_number":7,"text":"ﭿ","translation":{"text":"(3)","language_name":"english","language_id":38},"transliteration":{"text":null,"language_name":"english","language_id":38}}],"translations":[{"id":917221,"resource_id":134,"text":"Dan Dia-lah Allah (yang disembah), baik di langit maupun di bumi; Dia mengetahui apa yang kamu rahasiakan dan apa yang kamu lahirkan dan mengetahui (pula) apa yang kamu usahakan."}]},{"id":793,"verse_number":4,"verse_key":"6:4","juz_number":7,"hizb_number":13,"rub_el_hizb_number":51,"ruku_number":102,"manzil_number":2,"sajdah_number":null,"text_uthmani":"وَمَا تَأْتِيهِم مِّنْ ءَايَةٍ مِّنْ ءَايَـٰتِ رَبِّهِمْ إِلَّا كَانُوا۟ عَنْهَا مُعْرِضِينَ","page_number":128,"words":[{"id":4296,"position":1,"audio_url":"wbw/006_004_001.mp3","qpc_uthmani_hafs":"وَمَا","char_type_name":"word","page_number":128,"line_number":7,"text":"ﮀ","translation":{"text":"And not","language_name":"english","language_id":38},"transliteration":{"text":"wamā","language_name":"english","language_id":38}},{"id":4297,"position":2,"audio_url":"wbw/006_004_002.mp3","qpc_uthmani_hafs":"تَأۡتِيهِم","char_type_name":"word","page_number":128,"line_number":7,"text":"ﮁ","translation":{"text":"comes to them","language_name":"english","language_id":38},"transliteration":{"text":"tatīhim","language_name":"english","language_id":38}},{"id":4298,"position":3,"audio_url":"wbw/006_004_003.mp3","qpc_uthmani_hafs":"مِّنۡ","char_type_name":"word","page_number":128,"line_number":7,"text":"ﮂ","translation":{"text":"[of]","language_name":"english","language_id":38},"transliteration":{"text":"min","language_name":"english","language_id":38}},{"id":4299,"position":4,"audio_url":"wbw/006_004_004.mp3","qpc_uthmani_hafs":"ءَايَةٖ","char_type_name":"word","page_number":128,"line_number":7,"text":"ﮃ","translation":{"text":"any sign","language_name":"english","language_id":38},"transliteration":{"text":"āyatin","language_name":"english","language_id":38}},{"id":4300,"position":5,"audio_url":"wbw/006_004_005.mp3","qpc_uthmani_hafs":"مِّنۡ","char_type_name":"word","page_number":128,"line_number":7,"text":"ﮄ","translation":{"text":"from","language_name":"english","language_id":38},"transliteration":{"text":"min","language_name":"english","language_id":38}},{"id":4301,"position":6,"audio_url":"wbw/006_004_006.mp3","qpc_uthmani_hafs":"ءَايَٰتِ","char_type_name":"word","page_number":128,"line_number":8,"text":"ﮅ","translation":{"text":"(the) Signs","language_name":"english","language_id":38},"transliteration":{"text":"āyāti","language_name":"english","language_id":38}},{"id":4302,"position":7,"audio_url":"wbw/006_004_007.mp3","qpc_uthmani_hafs":"رَبِّهِمۡ","char_type_name":"word","page_number":128,"line_number":8,"text":"ﮆ","translation":{"text":"(of) their Lord","language_name":"english","language_id":38},"transliteration":{"text":"rabbihim","language_name":"english","language_id":38}},{"id":4303,"position":8,"audio_url":"wbw/006_004_008.mp3","qpc_uthmani_hafs":"إِلَّا","char_type_name":"word","page_number":128,"line_number":8,"text":"ﮇ","translation":{"text":"but","language_name":"english","language_id":38},"transliteration":{"text":"illā","language_name":"english","language_id":38}},{"id":4304,"position":9,"audio_url":"wbw/006_004_009.mp3","qpc_uthmani_hafs":"كَانُواْ","char_type_name":"word","page_number":128,"line_number":8,"text":"ﮈ","translation":{"text":"they are","language_name":"english","language_id":38},"transliteration":{"text":"kānū","language_name":"english","language_id":38}},{"id":4305,"position":10,"audio_url":"wbw/006_004_010.mp3","qpc_uthmani_hafs":"عَنۡهَا","char_type_name":"word","page_number":128,"line_number":8,"text":"ﮉ","translation":{"text":"from it","language_name":"english","language_id":38},"transliteration":{"text":"ʿanhā","language_name":"english","language_id":38}},{"id":4306,"position":11,"audio_url":"wbw/006_004_011.mp3","qpc_uthmani_hafs":"مُعۡرِضِينَ","char_type_name":"word","page_number":128,"line_number":8,"text":"ﮊ","translation":{"text":"turning away","language_name":"english","language_id":38},"transliteration":{"text":"muʿ'riḍīna","language_name":"english","language_id":38}},{"id":4307,"position":12,"audio_url":null,"qpc_uthmani_hafs":"٤","char_type_name":"end","page_number":128,"line_number":8,"text":"ﮋ","translation":{"text":"(4)","language_name":"english","language_id":38},"transliteration":{"text":null,"language_name":"english","language_id":38}}],"translations":[{"id":917222,"resource_id":134,"text":"Dan tak ada sesuatu ayat pun dari ayat-ayat<sup foot_note=210227>1</sup> Tuhan sampai kepada mereka, melainkan mereka selalu berpaling darinya (mendustakannya)."}]},{"id":794,"verse_number":5,"verse_key":"6:5","juz_number":7,"hizb_number":13,"rub_el_hizb_number":51,"ruku_number":102,"manzil_number":2,"sajdah_number":null,"text_uthmani":"فَقَدْ كَذَّبُوا۟ بِٱلْحَقِّ لَمَّا جَآءَهُمْ ۖ فَسَوْفَ يَأْتِيهِمْ أَنۢبَـٰٓؤُا۟ مَا كَانُوا۟ بِهِۦ يَسْتَهْزِءُونَ","page_number":128,"words":[{"id":5584,"position":1,"audio_url":"wbw/006_005_001.mp3","qpc_uthmani_hafs":"فَقَدۡ","char_type_name":"word","page_number":128,"line_number":8,"text":"ﮌ","translation":{"text":"Then indeed","language_name":"english","language_id":38},"transliteration":{"text":"faqad","language_name":"english","language_id":38}},{"id":5585,"position":2,"audio_url":"wbw/006_005_002.mp3","qpc_uthmani_hafs":"كَذَّبُواْ","char_type_name":"word","page_number":128,"line_number":8,"text":"ﮍ","translation":{"text":"they denied","language_name":"english","language_id":38},"transliteration":{"text":"kadhabū","language_name":"english","language_id":38}},{"id":5586,"position":3,"audio_url":"wbw/006_005_003.mp3","qpc_uthmani_hafs":"بِٱلۡحَقِّ","char_type_name":"word","page_number":128,"line_number":8,"text":"ﮎ","translation":{"text":"the truth","language_name":"english","language_id":38},"transliteration":{"text":"bil-ḥaqi","language_name":"english","language_id":38}},{"id":5587,"position":4,"audio_url":"wbw/006_005_004.mp3","qpc_uthmani_hafs":"لَمَّا","char_type_name":"word","page_number":128,"line_number":9,"text":"ﮏ","translation":{"text":"when","language_name":"english","language_id":38},"transliteration":{"text":"lammā","language_name":"english","language_id":38}},{"id":5588,"position":5,"audio_url":"wbw/006_005_005.mp3","qpc_uthmani_hafs":"جَآءَهُمۡ","char_type_name":"word","page_number":128,"line_number":9,"text":"ﮐﮑ","translation":{"text":"it came to them","language_name":"english","language_id":38},"transliteration":{"text":"jāahum","language_name":"english","language_id":38}},{"id":5590,"position":6,"audio_url":"wbw/006_005_007.mp3","qpc_uthmani_hafs":"فَسَوۡفَ","char_type_name":"word","page_number":128,"line_number":9,"text":"ﮒ","translation":{"text":"but soon","language_name":"english","language_id":38},"transliteration":{"text":"fasawfa","language_name":"english","language_id":38}},{"id":5591,"position":7,"audio_url":"wbw/006_005_008.mp3","qpc_uthmani_hafs":"يَأۡتِيهِمۡ","char_type_name":"word","page_number":128,"line_number":9,"text":"ﮓ","translation":{"text":"will come to them","language_name":"english","language_id":38},"transliteration":{"text":"yatīhim","language_name":"english","language_id":38}},{"id":5592,"position":8,"audio_url":"wbw/006_005_009.mp3","qpc_uthmani_hafs":"أَنۢبَٰٓؤُاْ","char_type_name":"word","page_number":128,"line_number":9,"text":"ﮔ","translation":{"text":"news","language_name":"english","language_id":38},"transliteration":{"text":"anbāu","language_name":"english","language_id":38}},{"id":5593,"position":9,"audio_url":"wbw/006_005_010.mp3","qpc_uthmani_hafs":"مَا","char_type_name":"word","page_number":128,"line_number":9,"text":"ﮕ","translation":{"text":"(of) what","language_name":"english","language_id":38},"transliteration":{"text":"mā","language_name":"english","language_id":38}},{"id":5594,"position":10,"audio_url":"wbw/006_005_011.mp3","qpc_uthmani_hafs":"كَانُواْ","char_type_name":"word","page_number":128,"line_number":9,"text":"ﮖ","translation":{"text":"they used to","language_name":"english","language_id":38},"transliteration":{"text":"kānū","language_name":"english","language_id":38}},{"id":5595,"position":11,"audio_url":"wbw/006_005_012.mp3","qpc_uthmani_hafs":"بِهِۦ","char_type_name":"word","page_number":128,"line_number":9,"text":"ﮗ","translation":{"text":"[at it]","language_name":"english","language_id":38},"transliteration":{"text":"bihi","language_name":"english","language_id":38}},{"id":5596,"position":12,"audio_url":"wbw/006_005_013.mp3","qpc_uthmani_hafs":"يَسۡتَهۡزِءُونَ","char_type_name":"word","page_number":128,"line_number":9,"text":"ﮘ","translation":{"text":"mock","language_name":"english","language_id":38},"transliteration":{"text":"yastahziūna","language_name":"english","language_id":38}},{"id":5597,"position":13,"audio_url":null,"qpc_uthmani_hafs":"٥","char_type_name":"end","page_number":128,"line_number":9,"text":"ﮙ","translation":{"text":"(5)","language_name":"english","language_id":38},"transliteration":{"text":null,"language_name":"english","language_id":38}}],"translations":[{"id":917223,"resource_id":134,"text":"Sesungguhnya mereka telah mendustakan yang haq (Al-Qur`ān) tatkala sampai kepada mereka, maka kelak akan sampai kepada mereka (kenyataan dari) berita-berita yang selalu mereka perolok-olokkan."}]},{"id":795,"verse_number":6,"verse_key":"6:6","juz_number":7,"hizb_number":13,"rub_el_hizb_number":51,"ruku_number":102,"manzil_number":2,"sajdah_number":null,"text_uthmani":"أَلَمْ يَرَوْا۟ كَمْ أَهْلَكْنَا مِن قَبْلِهِم مِّن قَرْنٍ مَّكَّنَّـٰهُمْ فِى ٱلْأَرْضِ مَا لَمْ نُمَكِّن لَّكُمْ وَأَرْسَلْنَا ٱلسَّمَآءَ عَلَيْهِم مِّدْرَارًا وَجَعَلْنَا ٱلْأَنْهَـٰرَ تَجْرِى مِن تَحْتِهِمْ فَأَهْلَكْنَـٰهُم بِذُنُوبِهِمْ وَأَنشَأْنَا مِنۢ بَعْدِهِمْ قَرْنًا ءَاخَرِينَ","page_number":128,"words":[{"id":6848,"position":1,"audio_url":"wbw/006_006_001.mp3","qpc_uthmani_hafs":"أَلَمۡ","char_type_name":"word","page_number":128,"line_number":9,"text":"ﮚ","translation":{"text":"Did not","language_name":"english","language_id":38},"transliteration":{"text":"alam","language_name":"english","language_id":38}},{"id":6849,"position":2,"audio_url":"wbw/006_006_002.mp3","qpc_uthmani_hafs":"يَرَوۡاْ","char_type_name":"word","page_number":128,"line_number":10,"text":"ﮛ","translation":{"text":"they see","language_name":"english","language_id":38},"transliteration":{"text":"yaraw","language_name":"english","language_id":38}},{"id":6850,"position":3,"audio_url":"wbw/006_006_003.mp3","qpc_uthmani_hafs":"كَمۡ","char_type_name":"word","page_number":128,"line_number":10,"text":"ﮜ","translation":{"text":"how many","language_name":"english","language_id":38},"transliteration":{"text":"kam","language_name":"english","language_id":38}},{"id":6851,"position":4,"audio_url":"wbw/006_006_004.mp3","qpc_uthmani_hafs":"أَهۡلَكۡنَا","char_type_name":"word","page_number":128,"line_number":10,"text":"ﮝ","translation":{"text":"We destroyed","language_name":"english","language_id":38},"transliteration":{"text":"ahlaknā","language_name":"english","language_id":38}},{"id":6852,"position":5,"audio_url":"wbw/006_006_005.mp3","qpc_uthmani_hafs":"مِن","char_type_name":"word","page_number":128,"line_number":10,"text":"ﮞ","translation":{"text":"from","language_name":"english","language_id":38},"transliteration":{"text":"min","language_name":"english","language_id":38}},{"id":6853,"position":6,"audio_url":"wbw/006_006_006.mp3","qpc_uthmani_hafs":"قَبۡلِهِم","char_type_name":"word","page_number":128,"line_number":10,"text":"ﮟ","translation":{"text":"before them","language_name":"english","language_id":38},"transliteration":{"text":"qablihim","language_name":"english","language_id":38}},{"id":6854,"position":7,"audio_url":"wbw/006_006_007.mp3","qpc_uthmani_hafs":"مِّن","char_type_name":"word","page_number":128,"line_number":10,"text":"ﮠ","translation":{"text":"of","language_name":"english","language_id":38},"transliteration":{"text":"min","language_name":"english","language_id":38}},{"id":6855,"position":8,"audio_url":"wbw/006_006_008.mp3","qpc_uthmani_hafs":"قَرۡنٖ","char_type_name":"word","page_number":128,"line_number":10,"text":"ﮡ","translation":{"text":"generations","language_name":"english","language_id":38},"transliteration":{"text":"qarnin","language_name":"english","language_id":38}},{"id":6856,"position":9,"audio_url":"wbw/006_006_009.mp3","qpc_uthmani_hafs":"مَّكَّنَّٰهُمۡ","char_type_name":"word","page_number":128,"line_number":10,"text":"ﮢ","translation":{"text":"We had established them","language_name":"english","language_id":38},"transliteration":{"text":"makkannāhum","language_name":"english","language_id":38}},{"id":6857,"position":10,"audio_url":"wbw/006_006_010.mp3","qpc_uthmani_hafs":"فِي","char_type_name":"word","page_number":128,"line_number":10,"text":"ﮣ","translation":{"text":"in","language_name":"english","language_id":38},"transliteration":{"text":"fī","language_name":"english","language_id":38}},{"id":6858,"position":11,"audio_url":"wbw/006_006_011.mp3","qpc_uthmani_hafs":"ٱلۡأَرۡضِ","char_type_name":"word","page_number":128,"line_number":10,"text":"ﮤ","translation":{"text":"the earth","language_name":"english","language_id":38},"transliteration":{"text":"l-arḍi","language_name":"english","language_id":38}},{"id":6859,"position":12,"audio_url":"wbw/006_006_012.mp3","qpc_uthmani_hafs":"مَا","char_type_name":"word","page_number":128,"line_number":10,"text":"ﮥ","translation":{"text":"what","language_name":"english","language_id":38},"transliteration":{"text":"mā","language_name":"english","language_id":38}},{"id":6860,"position":13,"audio_url":"wbw/006_006_013.mp3","qpc_uthmani_hafs":"لَمۡ","char_type_name":"word","page_number":128,"line_number":10,"text":"ﮦ","translation":{"text":"not","language_name":"english","language_id":38},"transliteration":{"text":"lam","language_name":"english","language_id":38}},{"id":6861,"position":14,"audio_url":"wbw/006_006_014.mp3","qpc_uthmani_hafs":"نُمَكِّن","char_type_name":"word","page_number":128,"line_number":11,"text":"ﮧ","translation":{"text":"We (have) established","language_name":"english","language_id":38},"transliteration":{"text":"numakkin","language_name":"english","language_id":38}},{"id":6862,"position":15,"audio_url":"wbw/006_006_015.mp3","qpc_uthmani_hafs":"لَّكُمۡ","char_type_name":"word","page_number":128,"line_number":11,"text":"ﮨ","translation":{"text":"for you","language_name":"english","language_id":38},"transliteration":{"text":"lakum","language_name":"english","language_id":38}},{"id":6863,"position":16,"audio_url":"wbw/006_006_016.mp3","qpc_uthmani_hafs":"وَأَرۡسَلۡنَا","char_type_name":"word","page_number":128,"line_number":11,"text":"ﮩ","translation":{"text":"And We sent","language_name":"english","language_id":38},"transliteration":{"text":"wa-arsalnā","language_name":"english","language_id":38}},{"id":6864,"position":17,"audio_url":"wbw/006_006_017.mp3","qpc_uthmani_hafs":"ٱلسَّمَآءَ","char_type_name":"word","page_number":128,"line_number":11,"text":"ﮪ","translation":{"text":"(rain from) the sky","language_name":"english","language_id":38},"transliteration":{"text":"l-samāa","language_name":"english","language_id":38}},{"id":6865,"position":18,"audio_url":"wbw/006_006_018.mp3","qpc_uthmani_hafs":"عَلَيۡهِم","char_type_name":"word","page_number":128,"line_number":11,"text":"ﮫ","translation":{"text":"upon them","language_name":"english","language_id":38},"transliteration":{"text":"ʿalayhim","language_name":"english","language_id":38}},{"id":6866,"position":19,"audio_url":"wbw/006_006_019.mp3","qpc_uthmani_hafs":"مِّدۡرَارٗا","char_type_name":"word","page_number":128,"line_number":11,"text":"ﮬ","translation":{"text":"showering abundantly","language_name":"english","language_id":38},"transliteration":{"text":"mid'rāran","language_name":"english","language_id":38}},{"id":6867,"position":20,"audio_url":"wbw/006_006_020.mp3","qpc_uthmani_hafs":"وَجَعَلۡنَا","char_type_name":"word","page_number":128,"line_number":11,"text":"ﮭ","translation":{"text":"and We made","language_name":"english","language_id":38},"transliteration":{"text":"wajaʿalnā","language_name":"english","language_id":38}},{"id":6868,"position":21,"audio_url":"wbw/006_006_021.mp3","qpc_uthmani_hafs":"ٱلۡأَنۡهَٰرَ","char_type_name":"word","page_number":128,"line_number":11,"text":"ﮮ","translation":{"text":"the rivers","language_name":"english","language_id":38},"transliteration":{"text":"l-anhāra","language_name":"english","language_id":38}},{"id":6869,"position":22,"audio_url":"wbw/006_006_022.mp3","qpc_uthmani_hafs":"تَجۡرِي","char_type_name":"word","page_number":128,"line_number":12,"text":"ﮯ","translation":{"text":"flow","language_name":"english","language_id":38},"transliteration":{"text":"tajrī","language_name":"english","language_id":38}},{"id":6870,"position":23,"audio_url":"wbw/006_006_023.mp3","qpc_uthmani_hafs":"مِن","char_type_name":"word","page_number":128,"line_number":12,"text":"ﮰ","translation":{"text":"from","language_name":"english","language_id":38},"transliteration":{"text":"min","language_name":"english","language_id":38}},{"id":6871,"position":24,"audio_url":"wbw/006_006_024.mp3","qpc_uthmani_hafs":"تَحۡتِهِمۡ","char_type_name":"word","page_number":128,"line_number":12,"text":"ﮱ","translation":{"text":"underneath them","language_name":"english","language_id":38},"transliteration":{"text":"taḥtihim","language_name":"english","language_id":38}},{"id":6872,"position":25,"audio_url":"wbw/006_006_025.mp3","qpc_uthmani_hafs":"فَأَهۡلَكۡنَٰهُم","char_type_name":"word","page_number":128,"line_number":12,"text":"ﯓ","translation":{"text":"Then We destroyed them","language_name":"english","language_id":38},"transliteration":{"text":"fa-ahlaknāhum","language_name":"english","language_id":38}},{"id":6873,"position":26,"audio_url":"wbw/006_006_026.mp3","qpc_uthmani_hafs":"بِذُنُوبِهِمۡ","char_type_name":"word","page_number":128,"line_number":12,"text":"ﯔ","translation":{"text":"for their sins","language_name":"english","language_id":38},"transliteration":{"text":"bidhunūbihim","language_name":"english","language_id":38}},{"id":6874,"position":27,"audio_url":"wbw/006_006_027.mp3","qpc_uthmani_hafs":"وَأَنشَأۡنَا","char_type_name":"word","page_number":128,"line_number":12,"text":"ﯕ","translation":{"text":"and We raised","language_name":"english","language_id":38},"transliteration":{"text":"wa-anshanā","language_name":"english","language_id":38}},{"id":6875,"position":28,"audio_url":"wbw/006_006_028.mp3","qpc_uthmani_hafs":"مِنۢ","char_type_name":"word","page_number":128,"line_number":12,"text":"ﯖ","translation":{"text":"from","language_name":"english","language_id":38},"transliteration":{"text":"min","language_name":"english","language_id":38}},{"id":6876,"position":29,"audio_url":"wbw/006_006_029.mp3","qpc_uthmani_hafs":"بَعۡدِهِمۡ","char_type_name":"word","page_number":128,"line_number":12,"text":"ﯗ","translation":{"text":"after them","language_name":"english","language_id":38},"transliteration":{"text":"baʿdihim","language_name":"english","language_id":38}},{"id":6877,"position":30,"audio_url":"wbw/006_006_030.mp3","qpc_uthmani_hafs":"قَرۡنًا","char_type_name":"word","page_number":128,"line_number":12,"text":"ﯘ","translation":{"text":"generations","language_name":"english","language_id":38},"transliteration":{"text":"qarnan","language_name":"english","language_id":38}},{"id":6878,"position":31,"audio_url":"wbw/006_006_031.mp3","qpc_uthmani_hafs":"ءَاخَرِينَ","char_type_name":"word","page_number":128,"line_number":13,"text":"ﯙ","translation":{"text":"other","language_name":"english","language_id":38},"transliteration":{"text":"ākharīna","language_name":"english","language_id":38}},{"id":6879,"position":32,"audio_url":null,"qpc_uthmani_hafs":"٦","char_type_name":"end","page_number":128,"line_number":13,"text":"ﯚ","translation":{"text":"(6)","language_name":"english","language_id":38},"transliteration":{"text":null,"language_name":"english","language_id":38}}],"translations":[{"id":917224,"resource_id":134,"text":"Apakah mereka tidak memperhatikan berapa banyaknya generasi-generasi yang telah Kami binasakan sebelum mereka, padahal (generasi itu), telah Kami teguhkan kedudukan mereka di muka bumi, yaitu keteguhan yang belum pernah Kami berikan kepadamu, dan Kami curahkan hujan yang lebat atas mereka dan Kami jadikan sungai-sungai mengalir di bawah mereka, kemudian Kami binasakan mereka karena dosa mereka sendiri, dan Kami ciptakan sesudah mereka generasi yang lain."}]},{"id":796,"verse_number":7,"verse_key":"6:7","juz_number":7,"hizb_number":13,"rub_el_hizb_number":51,"ruku_number":102,"manzil_number":2,"sajdah_number":null,"text_uthmani":"وَلَوْ نَزَّلْنَا عَلَيْكَ كِتَـٰبًا فِى قِرْطَاسٍ فَلَمَسُوهُ بِأَيْدِيهِمْ لَقَالَ ٱلَّذِينَ كَفَرُوٓا۟ إِنْ هَـٰذَآ إِلَّا سِحْرٌ مُّبِينٌ","page_number":128,"words":[{"id":8182,"position":1,"audio_url":"wbw/006_007_001.mp3","qpc_uthmani_hafs":"وَلَوۡ","char_type_name":"word","page_number":128,"line_number":13,"text":"ﯛ","translation":{"text":"And (even) if","language_name":"english","language_id":38},"transliteration":{"text":"walaw","language_name":"english","language_id":38}},{"id":8183,"position":2,"audio_url":"wbw/006_007_002.mp3","qpc_uthmani_hafs":"نَزَّلۡنَا","char_type_name":"word","page_number":128,"line_number":13,"text":"ﯜ","translation":{"text":"We (had) sent down","language_name":"english","language_id":38},"transliteration":{"text":"nazzalnā","language_name":"english","language_id":38}},{"id":8184,"position":3,"audio_url":"wbw/006_007_003.mp3","qpc_uthmani_hafs":"عَلَيۡكَ","char_type_name":"word","page_number":128,"line_number":13,"text":"ﯝ","translation":{"text":"to you","language_name":"english","language_id":38},"transliteration":{"text":"ʿalayka","language_name":"english","language_id":38}},{"id":8185,"position":4,"audio_url":"wbw/006_007_004.mp3","qpc_uthmani_hafs":"كِتَٰبٗا","char_type_name":"word","page_number":128,"line_number":13,"text":"ﯞ","translation":{"text":"a written Scripture","language_name":"english","language_id":38},"transliteration":{"text":"kitāban","language_name":"english","language_id":38}},{"id":8186,"position":5,"audio_url":"wbw/006_007_005.mp3","qpc_uthmani_hafs":"فِي","char_type_name":"word","page_number":128,"line_number":13,"text":"ﯟ","translation":{"text":"in","language_name":"english","language_id":38},"transliteration":{"text":"fī","language_name":"english","language_id":38}},{"id":8187,"position":6,"audio_url":"wbw/006_007_006.mp3","qpc_uthmani_hafs":"قِرۡطَاسٖ","char_type_name":"word","page_number":128,"line_number":13,"text":"ﯠ","translation":{"text":"a parchment","language_name":"english","language_id":38},"transliteration":{"text":"qir'ṭāsin","language_name":"english","language_id":38}},{"id":8188,"position":7,"audio_url":"wbw/006_007_007.mp3","qpc_uthmani_hafs":"فَلَمَسُوهُ","char_type_name":"word","page_number":128,"line_number":13,"text":"ﯡ","translation":{"text":"and they touched it","language_name":"english","language_id":38},"transliteration":{"text":"falamasūhu","language_name":"english","language_id":38}},{"id":8189,"position":8,"audio_url":"wbw/006_007_008.mp3","qpc_uthmani_hafs":"بِأَيۡدِيهِمۡ","char_type_name":"word","page_number":128,"line_number":13,"text":"ﯢ","translation":{"text":"with their hands","language_name":"english","language_id":38},"transliteration":{"text":"bi-aydīhim","language_name":"english","language_id":38}},{"id":8190,"position":9,"audio_url":"wbw/006_007_009.mp3","qpc_uthmani_hafs":"لَقَالَ","char_type_name":"word","page_number":128,"line_number":14,"text":"ﯣ","translation":{"text":"surely (would) have said","language_name":"english","language_id":38},"transliteration":{"text":"laqāla","language_name":"english","language_id":38}},{"id":8191,"position":10,"audio_url":"wbw/006_007_010.mp3","qpc_uthmani_hafs":"ٱلَّذِينَ","char_type_name":"word","page_number":128,"line_number":14,"text":"ﯤ","translation":{"text":"those who","language_name":"english","language_id":38},"transliteration":{"text":"alladhīna","language_name":"english","language_id":38}},{"id":8192,"position":11,"audio_url":"wbw/006_007_011.mp3","qpc_uthmani_hafs":"كَفَرُوٓاْ","char_type_name":"word","page_number":128,"line_number":14,"text":"ﯥ","translation":{"text":"disbelieved","language_name":"english","language_id":38},"transliteration":{"text":"kafarū","language_name":"english","language_id":38}},{"id":8193,"position":12,"audio_url":"wbw/006_007_012.mp3","qpc_uthmani_hafs":"إِنۡ","char_type_name":"word","page_number":128,"line_number":14,"text":"ﯦ","translation":{"text":"Not","language_name":"english","language_id":38},"transliteration":{"text":"in","language_name":"english","language_id":38}},{"id":8194,"position":13,"audio_url":"wbw/006_007_013.mp3","qpc_uthmani_hafs":"هَٰذَآ","char_type_name":"word","page_number":128,"line_number":14,"text":"ﯧ","translation":{"text":"(is) this","language_name":"english","language_id":38},"transliteration":{"text":"hādhā","language_name":"english","language_id":38}},{"id":8195,"position":14,"audio_url":"wbw/006_007_014.mp3","qpc_uthmani_hafs":"إِلَّا","char_type_name":"word","page_number":128,"line_number":14,"text":"ﯨ","translation":{"text":"but","language_name":"english","language_id":38},"transliteration":{"text":"illā","language_name":"english","language_id":38}},{"id":8196,"position":15,"audio_url":"wbw/006_007_015.mp3","qpc_uthmani_hafs":"سِحۡرٞ","char_type_name":"word","page_number":128,"line_number":14,"text":"ﯩ","translation":{"text":"magic","language_name":"english","language_id":38},"transliteration":{"text":"siḥ'run","language_name":"english","language_id":38}},{"id":8197,"position":16,"audio_url":"wbw/006_007_016.mp3","qpc_uthmani_hafs":"مُّبِينٞ","char_type_name":"word","page_number":128,"line_number":14,"text":"ﯪ","translation":{"text":"clear","language_name":"english","language_id":38},"transliteration":{"text":"mubīnun","language_name":"english","language_id":38}},{"id":8198,"position":17,"audio_url":null,"qpc_uthmani_hafs":"٧","char_type_name":"end","page_number":128,"line_number":14,"text":"ﯫ","translation":{"text":"(7)","language_name":"english","language_id":38},"transliteration":{"text":null,"language_name":"english","language_id":38}}],"translations":[{"id":917225,"resource_id":134,"text":"Dan kalau Kami turunkan kepadamu tulisan di atas kertas, lalu mereka dapat memegangnya dengan tangan mereka sendiri, tentulah orang-orang kafir itu berkata, \"Ini tidak lain hanyalah sihir yang nyata\"."}]},{"id":797,"verse_number":8,"verse_key":"6:8","juz_number":7,"hizb_number":13,"rub_el_hizb_number":51,"ruku_number":102,"manzil_number":2,"sajdah_number":null,"text_uthmani":"وَقَالُوا۟ لَوْلَآ أُنزِلَ عَلَيْهِ مَلَكٌ ۖ وَلَوْ أَنزَلْنَا مَلَكًا لَّقُضِىَ ٱلْأَمْرُ ثُمَّ لَا يُنظَرُونَ","page_number":128,"words":[{"id":9346,"position":1,"audio_url":"wbw/006_008_001.mp3","qpc_uthmani_hafs":"وَقَالُواْ","char_type_name":"word","page_number":128,"line_number":14,"text":"ﯬ","translation":{"text":"And they said","language_name":"english","language_id":38},"transliteration":{"text":"waqālū","language_name":"english","language_id":38}},{"id":9347,"position":2,"audio_url":"wbw/006_008_002.mp3","qpc_uthmani_hafs":"لَوۡلَآ","char_type_name":"word","page_number":128,"line_number":14,"text":"ﯭ","translation":{"text":"Why has not been","language_name":"english","language_id":38},"transliteration":{"text":"lawlā","language_name":"english","language_id":38}},{"id":9348,"position":3,"audio_url":"wbw/006_008_003.mp3","qpc_uthmani_hafs":"أُنزِلَ","char_type_name":"word","page_number":128,"line_number":14,"text":"ﯮ","translation":{"text":"sent down","language_name":"english","language_id":38},"transliteration":{"text":"unzila","language_name":"english","language_id":38}},{"id":9349,"position":4,"audio_url":"wbw/006_008_004.mp3","qpc_uthmani_hafs":"عَلَيۡهِ","char_type_name":"word","page_number":128,"line_number":15,"text":"ﯯ","translation":{"text":"to him","language_name":"english","language_id":38},"transliteration":{"text":"ʿalayhi","language_name":"english","language_id":38}},{"id":9350,"position":5,"audio_url":"wbw/006_008_005.mp3","qpc_uthmani_hafs":"مَلَكٞۖ","char_type_name":"word","page_number":128,"line_number":15,"text":"ﯰﯱ","translation":{"text":"an Angel","language_name":"english","language_id":38},"transliteration":{"text":"malakun","language_name":"english","language_id":38}},{"id":9352,"position":6,"audio_url":"wbw/006_008_007.mp3","qpc_uthmani_hafs":"وَلَوۡ","char_type_name":"word","page_number":128,"line_number":15,"text":"ﯲ","translation":{"text":"And if","language_name":"english","language_id":38},"transliteration":{"text":"walaw","language_name":"english","language_id":38}},{"id":9353,"position":7,"audio_url":"wbw/006_008_008.mp3","qpc_uthmani_hafs":"أَنزَلۡنَا","char_type_name":"word","page_number":128,"line_number":15,"text":"ﯳ","translation":{"text":"We (had) sent down","language_name":"english","language_id":38},"transliteration":{"text":"anzalnā","language_name":"english","language_id":38}},{"id":9354,"position":8,"audio_url":"wbw/006_008_009.mp3","qpc_uthmani_hafs":"مَلَكٗا","char_type_name":"word","page_number":128,"line_number":15,"text":"ﯴ","translation":{"text":"an Angel","language_name":"english","language_id":38},"transliteration":{"text":"malakan","language_name":"english","language_id":38}},{"id":9355,"position":9,"audio_url":"wbw/006_008_010.mp3","qpc_uthmani_hafs":"لَّقُضِيَ","char_type_name":"word","page_number":128,"line_number":15,"text":"ﯵ","translation":{"text":"surely (would) have been decided","language_name":"english","language_id":38},"transliteration":{"text":"laquḍiya","language_name":"english","language_id":38}},{"id":9356,"position":10,"audio_url":"wbw/006_008_011.mp3","qpc_uthmani_hafs":"ٱلۡأَمۡرُ","char_type_name":"word","page_number":128,"line_number":15,"text":"ﯶ","translation":{"text":"the matter","language_name":"english","language_id":38},"transliteration":{"text":"l-amru","language_name":"english","language_id":38}},{"id":9357,"position":11,"audio_url":"wbw/006_008_012.mp3","qpc_uthmani_hafs":"ثُمَّ","char_type_name":"word","page_number":128,"line_number":15,"text":"ﯷ","translation":{"text":"then","language_name":"english","language_id":38},"transliteration":{"text":"thumma","language_name":"english","language_id":38}},{"id":9358,"position":12,"audio_url":"wbw/006_008_013.mp3","qpc_uthmani_hafs":"لَا","char_type_name":"word","page_number":128,"line_number":15,"text":"ﯸ","translation":{"text":"no","language_name":"english","language_id":38},"transliteration":{"text":"lā","language_name":"english","language_id":38}},{"id":9359,"position":13,"audio_url":"wbw/006_008_014.mp3","qpc_uthmani_hafs":"يُنظَرُونَ","char_type_name":"word","page_number":128,"line_number":15,"text":"ﯹ","translation":{"text":"respite would have been granted to them","language_name":"english","language_id":38},"transliteration":{"text":"yunẓarūna","language_name":"english","language_id":38}},{"id":9360,"position":14,"audio_url":null,"qpc_uthmani_hafs":"٨","char_type_name":"end","page_number":128,"line_number":15,"text":"ﯺ","translation":{"text":"(8)","language_name":"english","language_id":38},"transliteration":{"text":null,"language_name":"english","language_id":38}}],"translations":[{"id":917226,"resource_id":134,"text":"Dan mereka berkata, \"Mengapa tidak diturunkan kepadanya (Muhammad) seorang malaikat<sup foot_note=210228>1</sup>?\" Dan kalau Kami turunkan (kepadanya) seorang malaikat, tentulah selesai urusan itu<sup foot_note=210229>2</sup>, kemudian mereka tidak diberi tangguh (sedikit pun)."}]}],"pagination":{"per_page":50,"current_page":1,"next_page":null,"total_pages":1,"total_records":8}}