{"verses":[{"id":808,"verse_number":19,"verse_key":"6:19","juz_number":7,"hizb_number":13,"rub_el_hizb_number":52,"ruku_number":103,"manzil_number":2,"sajdah_number":null,"text_uthmani":"قُلْ أَىُّ شَىْءٍ أَكْبَرُ شَهَـٰدَةً ۖ قُلِ ٱللَّهُ ۖ شَهِيدٌۢ بَيْنِى وَبَيْنَكُمْ ۚ وَأُوحِىَ إِلَىَّ هَـٰذَا ٱلْقُرْءَانُ لِأُنذِرَكُم بِهِۦ وَمَنۢ بَلَغَ ۚ أَئِنَّكُمْ لَتَشْهَدُونَ أَنَّ مَعَ ٱللَّهِ ءَالِهَةً أُخْرَىٰ ۚ قُل لَّآ أَشْهَدُ ۚ قُلْ إِنَّمَا هُوَ إِلَـٰهٌ وَٰحِدٌ وَإِنَّنِى بَرِىٓءٌ مِّمَّا تُشْرِكُونَ","page_number":130,"words":[{"id":21968,"position":1,"audio_url":"wbw/006_019_001.mp3","qpc_uthmani_hafs":"قُلۡ","char_type_name":"word","page_number":130,"line_number":1,"text":"ﭑ","translation":{"text":"Say","language_name":"english","language_id":38},"transliteration":{"text":"qul","language_name":"english","language_id":38}},{"id":21969,"position":2,"audio_url":"wbw/006_019_002.mp3","qpc_uthmani_hafs":"أَيُّ","char_type_name":"word","page_number":130,"line_number":1,"text":"ﭒ","translation":{"text":"What","language_name":"english","language_id":38},"transliteration":{"text":"ayyu","language_name":"english","language_id":38}},{"id":21970,"position":3,"audio_url":"wbw/006_019_003.mp3","qpc_uthmani_hafs":"شَيۡءٍ","char_type_name":"word","page_number":130,"line_number":1,"text":"ﭓ","translation":{"text":"thing","language_name":"english","language_id":38},"transliteration":{"text":"shayin","language_name":"english","language_id":38}},{"id":21971,"position":4,"audio_url":"wbw/006_019_004.mp3","qpc_uthmani_hafs":"أَكۡبَرُ","char_type_name":"word","page_number":130,"line_number":1,"text":"ﭔ","translation":{"text":"(is) greatest","language_name":"english","language_id":38},"transliteration":{"text":"akbaru","language_name":"english","language_id":38}},{"id":21972,"position":5,"audio_url":"wbw/006_019_005.mp3","qpc_uthmani_hafs":"شَهَٰدَةٗۖ","char_type_name":"word","page_number":130,"line_number":1,"text":"ﭕﭖ","translation":{"text":"(as) a testimony","language_name":"english","language_id":38},"transliteration":{"text":"shahādatan","language_name":"english","language_id":38}},{"id":21974,"position":6,"audio_url":"wbw/006_019_007.mp3","qpc_uthmani_hafs":"قُلِ","char_type_name":"word","page_number":130,"line_number":1,"text":"ﭗ","translation":{"text":"Say","language_name":"english","language_id":38},"transliteration":{"text":"quli","language_name":"english","language_id":38}},{"id":21975,"position":7,"audio_url":"wbw/006_019_008.mp3","qpc_uthmani_hafs":"ٱللَّهُۖ","char_type_name":"word","page_number":130,"line_number":1,"text":"ﭘﭙ","translation":{"text":"Allah","language_name":"english","language_id":38},"transliteration":{"text":"l-lahu","language_name":"english","language_id":38}},{"id":21977,"position":8,"audio_url":"wbw/006_019_010.mp3","qpc_uthmani_hafs":"شَهِيدُۢ","char_type_name":"word","page_number":130,"line_number":1,"text":"ﭚ","translation":{"text":"(is) Witness","language_name":"english","language_id":38},"transliteration":{"text":"shahīdun","language_name":"english","language_id":38}},{"id":21978,"position":9,"audio_url":"wbw/006_019_011.mp3","qpc_uthmani_hafs":"بَيۡنِي","char_type_name":"word","page_number":130,"line_number":1,"text":"ﭛ","translation":{"text":"between me","language_name":"english","language_id":38},"transliteration":{"text":"baynī","language_name":"english","language_id":38}},{"id":21979,"position":10,"audio_url":"wbw/006_019_012.mp3","qpc_uthmani_hafs":"وَبَيۡنَكُمۡۚ","char_type_name":"word","page_number":130,"line_number":1,"text":"ﭜﭝ","translation":{"text":"and between you","language_name":"english","language_id":38},"transliteration":{"text":"wabaynakum","language_name":"english","language_id":38}},{"id":21981,"position":11,"audio_url":"wbw/006_019_014.mp3","qpc_uthmani_hafs":"وَأُوحِيَ","char_type_name":"word","page_number":130,"line_number":1,"text":"ﭞ","translation":{"text":"and has been revealed","language_name":"english","language_id":38},"transliteration":{"text":"waūḥiya","language_name":"english","language_id":38}},{"id":21982,"position":12,"audio_url":"wbw/006_019_015.mp3","qpc_uthmani_hafs":"إِلَيَّ","char_type_name":"word","page_number":130,"line_number":1,"text":"ﭟ","translation":{"text":"to me","language_name":"english","language_id":38},"transliteration":{"text":"ilayya","language_name":"english","language_id":38}},{"id":21983,"position":13,"audio_url":"wbw/006_019_016.mp3","qpc_uthmani_hafs":"هَٰذَا","char_type_name":"word","page_number":130,"line_number":1,"text":"ﭠ","translation":{"text":"this","language_name":"english","language_id":38},"transliteration":{"text":"hādhā","language_name":"english","language_id":38}},{"id":21984,"position":14,"audio_url":"wbw/006_019_017.mp3","qpc_uthmani_hafs":"ٱلۡقُرۡءَانُ","char_type_name":"word","page_number":130,"line_number":2,"text":"ﭡ","translation":{"text":"[the] Quran","language_name":"english","language_id":38},"transliteration":{"text":"l-qur'ānu","language_name":"english","language_id":38}},{"id":21985,"position":15,"audio_url":"wbw/006_019_018.mp3","qpc_uthmani_hafs":"لِأُنذِرَكُم","char_type_name":"word","page_number":130,"line_number":2,"text":"ﭢ","translation":{"text":"that I may warn you","language_name":"english","language_id":38},"transliteration":{"text":"li-undhirakum","language_name":"english","language_id":38}},{"id":21986,"position":16,"audio_url":"wbw/006_019_019.mp3","qpc_uthmani_hafs":"بِهِۦ","char_type_name":"word","page_number":130,"line_number":2,"text":"ﭣ","translation":{"text":"with it","language_name":"english","language_id":38},"transliteration":{"text":"bihi","language_name":"english","language_id":38}},{"id":21987,"position":17,"audio_url":"wbw/006_019_020.mp3","qpc_uthmani_hafs":"وَمَنۢ","char_type_name":"word","page_number":130,"line_number":2,"text":"ﭤ","translation":{"text":"and whoever","language_name":"english","language_id":38},"transliteration":{"text":"waman","language_name":"english","language_id":38}},{"id":21988,"position":18,"audio_url":"wbw/006_019_021.mp3","qpc_uthmani_hafs":"بَلَغَۚ","char_type_name":"word","page_number":130,"line_number":2,"text":"ﭥﭦ","translation":{"text":"it reaches","language_name":"english","language_id":38},"transliteration":{"text":"balagha","language_name":"english","language_id":38}},{"id":21990,"position":19,"audio_url":"wbw/006_019_023.mp3","qpc_uthmani_hafs":"أَئِنَّكُمۡ","char_type_name":"word","page_number":130,"line_number":2,"text":"ﭧ","translation":{"text":"Do you truly","language_name":"english","language_id":38},"transliteration":{"text":"a-innakum","language_name":"english","language_id":38}},{"id":21991,"position":20,"audio_url":"wbw/006_019_024.mp3","qpc_uthmani_hafs":"لَتَشۡهَدُونَ","char_type_name":"word","page_number":130,"line_number":2,"text":"ﭨ","translation":{"text":"testify","language_name":"english","language_id":38},"transliteration":{"text":"latashhadūna","language_name":"english","language_id":38}},{"id":21992,"position":21,"audio_url":"wbw/006_019_025.mp3","qpc_uthmani_hafs":"أَنَّ","char_type_name":"word","page_number":130,"line_number":2,"text":"ﭩ","translation":{"text":"that","language_name":"english","language_id":38},"transliteration":{"text":"anna","language_name":"english","language_id":38}},{"id":21993,"position":22,"audio_url":"wbw/006_019_026.mp3","qpc_uthmani_hafs":"مَعَ","char_type_name":"word","page_number":130,"line_number":2,"text":"ﭪ","translation":{"text":"with","language_name":"english","language_id":38},"transliteration":{"text":"maʿa","language_name":"english","language_id":38}},{"id":21994,"position":23,"audio_url":"wbw/006_019_027.mp3","qpc_uthmani_hafs":"ٱللَّهِ","char_type_name":"word","page_number":130,"line_number":2,"text":"ﭫ","translation":{"text":"Allah","language_name":"english","language_id":38},"transliteration":{"text":"l-lahi","language_name":"english","language_id":38}},{"id":21995,"position":24,"audio_url":"wbw/006_019_028.mp3","qpc_uthmani_hafs":"ءَالِهَةً","char_type_name":"word","page_number":130,"line_number":3,"text":"ﭬ","translation":{"text":"(there are) gods","language_name":"english","language_id":38},"transliteration":{"text":"ālihatan","language_name":"english","language_id":38}},{"id":21996,"position":25,"audio_url":"wbw/006_019_029.mp3","qpc_uthmani_hafs":"أُخۡرَىٰۚ","char_type_name":"word","page_number":130,"line_number":3,"text":"ﭭﭮ","translation":{"text":"other","language_name":"english","language_id":38},"transliteration":{"text":"ukh'rā","language_name":"english","language_id":38}},{"id":21998,"position":26,"audio_url":"wbw/006_019_031.mp3","qpc_uthmani_hafs":"قُل","char_type_name":"word","page_number":130,"line_number":3,"text":"ﭯ","translation":{"text":"Say","language_name":"english","language_id":38},"transliteration":{"text":"qul","language_name":"english","language_id":38}},{"id":21999,"position":27,"audio_url":"wbw/006_019_032.mp3","qpc_uthmani_hafs":"لَّآ","char_type_name":"word","page_number":130,"line_number":3,"text":"ﭰ","translation":{"text":"Not","language_name":"english","language_id":38},"transliteration":{"text":"lā","language_name":"english","language_id":38}},{"id":22000,"position":28,"audio_url":"wbw/006_019_033.mp3","qpc_uthmani_hafs":"أَشۡهَدُۚ","char_type_name":"word","page_number":130,"line_number":3,"text":"ﭱﭲ","translation":{"text":"(do) I testify","language_name":"english","language_id":38},"transliteration":{"text":"ashhadu","language_name":"english","language_id":38}},{"id":22002,"position":29,"audio_url":"wbw/006_019_035.mp3","qpc_uthmani_hafs":"قُلۡ","char_type_name":"word","page_number":130,"line_number":3,"text":"ﭳ","translation":{"text":"Say","language_name":"english","language_id":38},"transliteration":{"text":"qul","language_name":"english","language_id":38}},{"id":22003,"position":30,"audio_url":"wbw/006_019_036.mp3","qpc_uthmani_hafs":"إِنَّمَا","char_type_name":"word","page_number":130,"line_number":3,"text":"ﭴ","translation":{"text":"Only","language_name":"english","language_id":38},"transliteration":{"text":"innamā","language_name":"english","language_id":38}},{"id":22004,"position":31,"audio_url":"wbw/006_019_037.mp3","qpc_uthmani_hafs":"هُوَ","char_type_name":"word","page_number":130,"line_number":3,"text":"ﭵ","translation":{"text":"He","language_name":"english","language_id":38},"transliteration":{"text":"huwa","language_name":"english","language_id":38}},{"id":22005,"position":32,"audio_url":"wbw/006_019_038.mp3","qpc_uthmani_hafs":"إِلَٰهٞ","char_type_name":"word","page_number":130,"line_number":3,"text":"ﭶ","translation":{"text":"(is) God","language_name":"english","language_id":38},"transliteration":{"text":"ilāhun","language_name":"english","language_id":38}},{"id":22006,"position":33,"audio_url":"wbw/006_019_039.mp3","qpc_uthmani_hafs":"وَٰحِدٞ","char_type_name":"word","page_number":130,"line_number":3,"text":"ﭷ","translation":{"text":"One","language_name":"english","language_id":38},"transliteration":{"text":"wāḥidun","language_name":"english","language_id":38}},{"id":22007,"position":34,"audio_url":"wbw/006_019_040.mp3","qpc_uthmani_hafs":"وَإِنَّنِي","char_type_name":"word","page_number":130,"line_number":3,"text":"ﭸ","translation":{"text":"and indeed, I am","language_name":"english","language_id":38},"transliteration":{"text":"wa-innanī","language_name":"english","language_id":38}},{"id":22008,"position":35,"audio_url":"wbw/006_019_041.mp3","qpc_uthmani_hafs":"بَرِيٓءٞ","char_type_name":"word","page_number":130,"line_number":3,"text":"ﭹ","translation":{"text":"free","language_name":"english","language_id":38},"transliteration":{"text":"barīon","language_name":"english","language_id":38}},{"id":22009,"position":36,"audio_url":"wbw/006_019_042.mp3","qpc_uthmani_hafs":"مِّمَّا","char_type_name":"word","page_number":130,"line_number":3,"text":"ﭺ","translation":{"text":"of what","language_name":"english","language_id":38},"transliteration":{"text":"mimmā","language_name":"english","language_id":38}},{"id":22010,"position":37,"audio_url":"wbw/006_019_043.mp3","qpc_uthmani_hafs":"تُشۡرِكُونَ","char_type_name":"word","page_number":130,"line_number":4,"text":"ﭻ","translation":{"text":"you associate (with Him)","language_name":"english","language_id":38},"transliteration":{"text":"tush'rikūna","language_name":"english","language_id":38}},{"id":22011,"position":38,"audio_url":null,"qpc_uthmani_hafs":"١٩","char_type_name":"end","page_number":130,"line_number":4,"text":"ﭼ","translation":{"text":"(19)","language_name":"english","language_id":38},"transliteration":{"text":null,"language_name":"english","language_id":38}}],"translations":[{"id":917237,"resource_id":134,"text":"Katakanlah, \"Siapakah yang lebih kuat persaksiannya?\"  Katakanlah, \"Allah, Dia menjadi saksi antara aku dan kamu.  Dan Al-Qur`ān ini diwahyukan kepadaku supaya dengannya aku memberi peringatan kepadamu dan kepada orang-orang yang sampai Al-Qur`ān (kepadanya).  Apakah sesungguhnya kamu mengakui bahwa ada tuhan-tuhan lain di samping Allah?\" Katakanlah, \"Aku tidak mengakui\".  Katakanlah, \"Sesungguhnya Dia adalah Tuhan Yang Maha Esa dan sesungguhnya aku berlepas diri dari apa yang kamu persekutukan (dengan Allah)\"."}]},{"id":809,"verse_number":20,"verse_key":"6:20","juz_number":7,"hizb_number":13,"rub_el_hizb_number":52,"ruku_number":103,"manzil_number":2,"sajdah_number":null,"text_uthmani":"ٱلَّذِينَ ءَاتَيْنَـٰهُمُ ٱلْكِتَـٰبَ يَعْرِفُونَهُۥ كَمَا يَعْرِفُونَ أَبْنَآءَهُمُ ۘ ٱلَّذِينَ خَسِرُوٓا۟ أَنفُسَهُمْ فَهُمْ لَا يُؤْمِنُونَ","page_number":130,"words":[{"id":23036,"position":1,"audio_url":"wbw/006_020_001.mp3","qpc_uthmani_hafs":"ٱلَّذِينَ","char_type_name":"word","page_number":130,"line_number":4,"text":"ﭽ","translation":{"text":"Those (to) whom","language_name":"english","language_id":38},"transliteration":{"text":"alladhīna","language_name":"english","language_id":38}},{"id":23037,"position":2,"audio_url":"wbw/006_020_002.mp3","qpc_uthmani_hafs":"ءَاتَيۡنَٰهُمُ","char_type_name":"word","page_number":130,"line_number":4,"text":"ﭾ","translation":{"text":"We have given them","language_name":"english","language_id":38},"transliteration":{"text":"ātaynāhumu","language_name":"english","language_id":38}},{"id":23038,"position":3,"audio_url":"wbw/006_020_003.mp3","qpc_uthmani_hafs":"ٱلۡكِتَٰبَ","char_type_name":"word","page_number":130,"line_number":4,"text":"ﭿ","translation":{"text":"the Book","language_name":"english","language_id":38},"transliteration":{"text":"l-kitāba","language_name":"english","language_id":38}},{"id":23039,"position":4,"audio_url":"wbw/006_020_004.mp3","qpc_uthmani_hafs":"يَعۡرِفُونَهُۥ","char_type_name":"word","page_number":130,"line_number":4,"text":"ﮀ","translation":{"text":"they recognize him","language_name":"english","language_id":38},"transliteration":{"text":"yaʿrifūnahu","language_name":"english","language_id":38}},{"id":23040,"position":5,"audio_url":"wbw/006_020_005.mp3","qpc_uthmani_hafs":"كَمَا","char_type_name":"word","page_number":130,"line_number":4,"text":"ﮁ","translation":{"text":"as","language_name":"english","language_id":38},"transliteration":{"text":"kamā","language_name":"english","language_id":38}},{"id":23041,"position":6,"audio_url":"wbw/006_020_006.mp3","qpc_uthmani_hafs":"يَعۡرِفُونَ","char_type_name":"word","page_number":130,"line_number":4,"text":"ﮂ","translation":{"text":"they recognize","language_name":"english","language_id":38},"transliteration":{"text":"yaʿrifūna","language_name":"english","language_id":38}},{"id":23042,"position":7,"audio_url":"wbw/006_020_007.mp3","qpc_uthmani_hafs":"أَبۡنَآءَهُمُۘ","char_type_name":"word","page_number":130,"line_number":5,"text":"ﮃﮄ","translation":{"text":"their sons","language_name":"english","language_id":38},"transliteration":{"text":"abnāahumu","language_name":"english","language_id":38}},{"id":23044,"position":8,"audio_url":"wbw/006_020_009.mp3","qpc_uthmani_hafs":"ٱلَّذِينَ","char_type_name":"word","page_number":130,"line_number":5,"text":"ﮅ","translation":{"text":"Those who","language_name":"english","language_id":38},"transliteration":{"text":"alladhīna","language_name":"english","language_id":38}},{"id":23045,"position":9,"audio_url":"wbw/006_020_010.mp3","qpc_uthmani_hafs":"خَسِرُوٓاْ","char_type_name":"word","page_number":130,"line_number":5,"text":"ﮆ","translation":{"text":"lost","language_name":"english","language_id":38},"transliteration":{"text":"khasirū","language_name":"english","language_id":38}},{"id":23046,"position":10,"audio_url":"wbw/006_020_011.mp3","qpc_uthmani_hafs":"أَنفُسَهُمۡ","char_type_name":"word","page_number":130,"line_number":5,"text":"ﮇ","translation":{"text":"themselves","language_name":"english","language_id":38},"transliteration":{"text":"anfusahum","language_name":"english","language_id":38}},{"id":23047,"position":11,"audio_url":"wbw/006_020_012.mp3","qpc_uthmani_hafs":"فَهُمۡ","char_type_name":"word","page_number":130,"line_number":5,"text":"ﮈ","translation":{"text":"then they","language_name":"english","language_id":38},"transliteration":{"text":"fahum","language_name":"english","language_id":38}},{"id":23048,"position":12,"audio_url":"wbw/006_020_013.mp3","qpc_uthmani_hafs":"لَا","char_type_name":"word","page_number":130,"line_number":5,"text":"ﮉ","translation":{"text":"(do) not","language_name":"english","language_id":38},"transliteration":{"text":"lā","language_name":"english","language_id":38}},{"id":23049,"position":13,"audio_url":"wbw/006_020_014.mp3","qpc_uthmani_hafs":"يُؤۡمِنُونَ","char_type_name":"word","page_number":130,"line_number":5,"text":"ﮊ","translation":{"text":"believe","language_name":"english","language_id":38},"transliteration":{"text":"yu'minūna","language_name":"english","language_id":38}},{"id":23050,"position":14,"audio_url":null,"qpc_uthmani_hafs":"٢٠","char_type_name":"end","page_number":130,"line_number":5,"text":"ﮋ","translation":{"text":"(20)","language_name":"english","language_id":38},"transliteration":{"text":null,"language_name":"english","language_id":38}}],"translations":[{"id":917238,"resource_id":134,"text":"Orang-orang yang telah Kami berikan kitab kepadanya, mereka mengenalnya (Muhammad) seperti mereka mengenal anak-anaknya sendiri. Orang-orang yang merugikan dirinya, mereka itu tidak beriman (kepada Allah)."}]},{"id":810,"verse_number":21,"verse_key":"6:21","juz_number":7,"hizb_number":13,"rub_el_hizb_number":52,"ruku_number":104,"manzil_number":2,"sajdah_number":null,"text_uthmani":"وَمَنْ أَظْلَمُ مِمَّنِ ٱفْتَرَىٰ عَلَى ٱللَّهِ كَذِبًا أَوْ كَذَّبَ بِـَٔايَـٰتِهِۦٓ ۗ إِنَّهُۥ لَا يُفْلِحُ ٱلظَّـٰلِمُونَ","page_number":130,"words":[{"id":24082,"position":1,"audio_url":"wbw/006_021_001.mp3","qpc_uthmani_hafs":"وَمَنۡ","char_type_name":"word","page_number":130,"line_number":5,"text":"ﮌ","translation":{"text":"And who","language_name":"english","language_id":38},"transliteration":{"text":"waman","language_name":"english","language_id":38}},{"id":24083,"position":2,"audio_url":"wbw/006_021_002.mp3","qpc_uthmani_hafs":"أَظۡلَمُ","char_type_name":"word","page_number":130,"line_number":5,"text":"ﮍ","translation":{"text":"(is) more unjust","language_name":"english","language_id":38},"transliteration":{"text":"aẓlamu","language_name":"english","language_id":38}},{"id":24084,"position":3,"audio_url":"wbw/006_021_003.mp3","qpc_uthmani_hafs":"مِمَّنِ","char_type_name":"word","page_number":130,"line_number":6,"text":"ﮎ","translation":{"text":"than (he) who","language_name":"english","language_id":38},"transliteration":{"text":"mimmani","language_name":"english","language_id":38}},{"id":24085,"position":4,"audio_url":"wbw/006_021_004.mp3","qpc_uthmani_hafs":"ٱفۡتَرَىٰ","char_type_name":"word","page_number":130,"line_number":6,"text":"ﮏ","translation":{"text":"invents","language_name":"english","language_id":38},"transliteration":{"text":"if'tarā","language_name":"english","language_id":38}},{"id":24086,"position":5,"audio_url":"wbw/006_021_005.mp3","qpc_uthmani_hafs":"عَلَى","char_type_name":"word","page_number":130,"line_number":6,"text":"ﮐ","translation":{"text":"against","language_name":"english","language_id":38},"transliteration":{"text":"ʿalā","language_name":"english","language_id":38}},{"id":24087,"position":6,"audio_url":"wbw/006_021_006.mp3","qpc_uthmani_hafs":"ٱللَّهِ","char_type_name":"word","page_number":130,"line_number":6,"text":"ﮑ","translation":{"text":"Allah","language_name":"english","language_id":38},"transliteration":{"text":"l-lahi","language_name":"english","language_id":38}},{"id":24088,"position":7,"audio_url":"wbw/006_021_007.mp3","qpc_uthmani_hafs":"كَذِبًا","char_type_name":"word","page_number":130,"line_number":6,"text":"ﮒ","translation":{"text":"a lie","language_name":"english","language_id":38},"transliteration":{"text":"kadhiban","language_name":"english","language_id":38}},{"id":24089,"position":8,"audio_url":"wbw/006_021_008.mp3","qpc_uthmani_hafs":"أَوۡ","char_type_name":"word","page_number":130,"line_number":6,"text":"ﮓ","translation":{"text":"or","language_name":"english","language_id":38},"transliteration":{"text":"aw","language_name":"english","language_id":38}},{"id":24090,"position":9,"audio_url":"wbw/006_021_009.mp3","qpc_uthmani_hafs":"كَذَّبَ","char_type_name":"word","page_number":130,"line_number":6,"text":"ﮔ","translation":{"text":"rejects","language_name":"english","language_id":38},"transliteration":{"text":"kadhaba","language_name":"english","language_id":38}},{"id":24091,"position":10,"audio_url":"wbw/006_021_010.mp3","qpc_uthmani_hafs":"بِـَٔايَٰتِهِۦٓۚ","char_type_name":"word","page_number":130,"line_number":6,"text":"ﮕﮖ","translation":{"text":"His Signs","language_name":"english","language_id":38},"transliteration":{"text":"biāyātihi","language_name":"english","language_id":38}},{"id":24093,"position":11,"audio_url":"wbw/006_021_012.mp3","qpc_uthmani_hafs":"إِنَّهُۥ","char_type_name":"word","page_number":130,"line_number":6,"text":"ﮗ","translation":{"text":"Indeed","language_name":"english","language_id":38},"transliteration":{"text":"innahu","language_name":"english","language_id":38}},{"id":24094,"position":12,"audio_url":"wbw/006_021_013.mp3","qpc_uthmani_hafs":"لَا","char_type_name":"word","page_number":130,"line_number":6,"text":"ﮘ","translation":{"text":"not","language_name":"english","language_id":38},"transliteration":{"text":"lā","language_name":"english","language_id":38}},{"id":24095,"position":13,"audio_url":"wbw/006_021_014.mp3","qpc_uthmani_hafs":"يُفۡلِحُ","char_type_name":"word","page_number":130,"line_number":6,"text":"ﮙ","translation":{"text":"will be successful","language_name":"english","language_id":38},"transliteration":{"text":"yuf'liḥu","language_name":"english","language_id":38}},{"id":24096,"position":14,"audio_url":"wbw/006_021_015.mp3","qpc_uthmani_hafs":"ٱلظَّٰلِمُونَ","char_type_name":"word","page_number":130,"line_number":6,"text":"ﮚ","translation":{"text":"the wrongdoers","language_name":"english","language_id":38},"transliteration":{"text":"l-ẓālimūna","language_name":"english","language_id":38}},{"id":24097,"position":15,"audio_url":null,"qpc_uthmani_hafs":"٢١","char_type_name":"end","page_number":130,"line_number":7,"text":"ﮛ","translation":{"text":"(21)","language_name":"english","language_id":38},"transliteration":{"text":null,"language_name":"english","language_id":38}}],"translations":[{"id":917239,"resource_id":134,"text":"Dan siapakah yang lebih aniaya daripada orang yang membuat-buat suatu kedustaan terhadap Allah, atau mendustakan ayat-ayat-Nya? Sesungguhnya orang-orang yang aniaya itu tidak mendapat keberuntungan."}]},{"id":811,"verse_number":22,"verse_key":"6:22","juz_number":7,"hizb_number":13,"rub_el_hizb_number":52,"ruku_number":104,"manzil_number":2,"sajdah_number":null,"text_uthmani":"وَيَوْمَ نَحْشُرُهُمْ جَمِيعًا ثُمَّ نَقُولُ لِلَّذِينَ أَشْرَكُوٓا۟ أَيْنَ شُرَكَآؤُكُمُ ٱلَّذِينَ كُنتُمْ تَزْعُمُونَ","page_number":130,"words":[{"id":25082,"position":1,"audio_url":"wbw/006_022_001.mp3","qpc_uthmani_hafs":"وَيَوۡمَ","char_type_name":"word","page_number":130,"line_number":7,"text":"ﮜ","translation":{"text":"And (the) Day","language_name":"english","language_id":38},"transliteration":{"text":"wayawma","language_name":"english","language_id":38}},{"id":25083,"position":2,"audio_url":"wbw/006_022_002.mp3","qpc_uthmani_hafs":"نَحۡشُرُهُمۡ","char_type_name":"word","page_number":130,"line_number":7,"text":"ﮝ","translation":{"text":"We will gather them","language_name":"english","language_id":38},"transliteration":{"text":"naḥshuruhum","language_name":"english","language_id":38}},{"id":25084,"position":3,"audio_url":"wbw/006_022_003.mp3","qpc_uthmani_hafs":"جَمِيعٗا","char_type_name":"word","page_number":130,"line_number":7,"text":"ﮞ","translation":{"text":"all","language_name":"english","language_id":38},"transliteration":{"text":"jamīʿan","language_name":"english","language_id":38}},{"id":25085,"position":4,"audio_url":"wbw/006_022_004.mp3","qpc_uthmani_hafs":"ثُمَّ","char_type_name":"word","page_number":130,"line_number":7,"text":"ﮟ","translation":{"text":"then","language_name":"english","language_id":38},"transliteration":{"text":"thumma","language_name":"english","language_id":38}},{"id":25086,"position":5,"audio_url":"wbw/006_022_005.mp3","qpc_uthmani_hafs":"نَقُولُ","char_type_name":"word","page_number":130,"line_number":7,"text":"ﮠ","translation":{"text":"We will say","language_name":"english","language_id":38},"transliteration":{"text":"naqūlu","language_name":"english","language_id":38}},{"id":25087,"position":6,"audio_url":"wbw/006_022_006.mp3","qpc_uthmani_hafs":"لِلَّذِينَ","char_type_name":"word","page_number":130,"line_number":7,"text":"ﮡ","translation":{"text":"to those who","language_name":"english","language_id":38},"transliteration":{"text":"lilladhīna","language_name":"english","language_id":38}},{"id":25088,"position":7,"audio_url":"wbw/006_022_007.mp3","qpc_uthmani_hafs":"أَشۡرَكُوٓاْ","char_type_name":"word","page_number":130,"line_number":7,"text":"ﮢ","translation":{"text":"associated others with Allah","language_name":"english","language_id":38},"transliteration":{"text":"ashrakū","language_name":"english","language_id":38}},{"id":25089,"position":8,"audio_url":"wbw/006_022_008.mp3","qpc_uthmani_hafs":"أَيۡنَ","char_type_name":"word","page_number":130,"line_number":7,"text":"ﮣ","translation":{"text":"Where (are)","language_name":"english","language_id":38},"transliteration":{"text":"ayna","language_name":"english","language_id":38}},{"id":25090,"position":9,"audio_url":"wbw/006_022_009.mp3","qpc_uthmani_hafs":"شُرَكَآؤُكُمُ","char_type_name":"word","page_number":130,"line_number":7,"text":"ﮤ","translation":{"text":"your partners","language_name":"english","language_id":38},"transliteration":{"text":"shurakāukumu","language_name":"english","language_id":38}},{"id":25091,"position":10,"audio_url":"wbw/006_022_010.mp3","qpc_uthmani_hafs":"ٱلَّذِينَ","char_type_name":"word","page_number":130,"line_number":8,"text":"ﮥ","translation":{"text":"those whom","language_name":"english","language_id":38},"transliteration":{"text":"alladhīna","language_name":"english","language_id":38}},{"id":25092,"position":11,"audio_url":"wbw/006_022_011.mp3","qpc_uthmani_hafs":"كُنتُمۡ","char_type_name":"word","page_number":130,"line_number":8,"text":"ﮦ","translation":{"text":"you used to","language_name":"english","language_id":38},"transliteration":{"text":"kuntum","language_name":"english","language_id":38}},{"id":25093,"position":12,"audio_url":"wbw/006_022_012.mp3","qpc_uthmani_hafs":"تَزۡعُمُونَ","char_type_name":"word","page_number":130,"line_number":8,"text":"ﮧ","translation":{"text":"claim","language_name":"english","language_id":38},"transliteration":{"text":"tazʿumūna","language_name":"english","language_id":38}},{"id":25094,"position":13,"audio_url":null,"qpc_uthmani_hafs":"٢٢","char_type_name":"end","page_number":130,"line_number":8,"text":"ﮨ","translation":{"text":"(22)","language_name":"english","language_id":38},"transliteration":{"text":null,"language_name":"english","language_id":38}}],"translations":[{"id":917240,"resource_id":134,"text":"Dan (ingatlah), hari yang di waktu itu Kami menghimpun mereka semuanya<sup foot_note=210233>1</sup>, kemudian Kami berkata kepada orang-orang musyrik, \"Di manakah sembahan-sembahan kamu yang dahulu kamu katakan (sekutu-sekutu Kami)?\""}]},{"id":812,"verse_number":23,"verse_key":"6:23","juz_number":7,"hizb_number":13,"rub_el_hizb_number":52,"ruku_number":104,"manzil_number":2,"sajdah_number":null,"text_uthmani":"ثُمَّ لَمْ تَكُن فِتْنَتُهُمْ إِلَّآ أَن قَالُوا۟ وَٱللَّهِ رَبِّنَا مَا كُنَّا مُشْرِكِينَ","page_number":130,"words":[{"id":26203,"position":1,"audio_url":"wbw/006_023_001.mp3","qpc_uthmani_hafs":"ثُمَّ","char_type_name":"word","page_number":130,"line_number":8,"text":"ﮩ","translation":{"text":"Then","language_name":"english","language_id":38},"transliteration":{"text":"thumma","language_name":"english","language_id":38}},{"id":26204,"position":2,"audio_url":"wbw/006_023_002.mp3","qpc_uthmani_hafs":"لَمۡ","char_type_name":"word","page_number":130,"line_number":8,"text":"ﮪ","translation":{"text":"not","language_name":"english","language_id":38},"transliteration":{"text":"lam","language_name":"english","language_id":38}},{"id":26205,"position":3,"audio_url":"wbw/006_023_003.mp3","qpc_uthmani_hafs":"تَكُن","char_type_name":"word","page_number":130,"line_number":8,"text":"ﮫ","translation":{"text":"will be","language_name":"english","language_id":38},"transliteration":{"text":"takun","language_name":"english","language_id":38}},{"id":26206,"position":4,"audio_url":"wbw/006_023_004.mp3","qpc_uthmani_hafs":"فِتۡنَتُهُمۡ","char_type_name":"word","page_number":130,"line_number":8,"text":"ﮬ","translation":{"text":"(for) them a plea","language_name":"english","language_id":38},"transliteration":{"text":"fit'natuhum","language_name":"english","language_id":38}},{"id":26207,"position":5,"audio_url":"wbw/006_023_005.mp3","qpc_uthmani_hafs":"إِلَّآ","char_type_name":"word","page_number":130,"line_number":8,"text":"ﮭ","translation":{"text":"except","language_name":"english","language_id":38},"transliteration":{"text":"illā","language_name":"english","language_id":38}},{"id":26208,"position":6,"audio_url":"wbw/006_023_006.mp3","qpc_uthmani_hafs":"أَن","char_type_name":"word","page_number":130,"line_number":8,"text":"ﮮ","translation":{"text":"that","language_name":"english","language_id":38},"transliteration":{"text":"an","language_name":"english","language_id":38}},{"id":26209,"position":7,"audio_url":"wbw/006_023_007.mp3","qpc_uthmani_hafs":"قَالُواْ","char_type_name":"word","page_number":130,"line_number":8,"text":"ﮯ","translation":{"text":"they say","language_name":"english","language_id":38},"transliteration":{"text":"qālū","language_name":"english","language_id":38}},{"id":26210,"position":8,"audio_url":"wbw/006_023_008.mp3","qpc_uthmani_hafs":"وَٱللَّهِ","char_type_name":"word","page_number":130,"line_number":8,"text":"ﮰ","translation":{"text":"By Allah","language_name":"english","language_id":38},"transliteration":{"text":"wal-lahi","language_name":"english","language_id":38}},{"id":26211,"position":9,"audio_url":"wbw/006_023_009.mp3","qpc_uthmani_hafs":"رَبِّنَا","char_type_name":"word","page_number":130,"line_number":9,"text":"ﮱ","translation":{"text":"our Lord","language_name":"english","language_id":38},"transliteration":{"text":"rabbinā","language_name":"english","language_id":38}},{"id":26212,"position":10,"audio_url":"wbw/006_023_010.mp3","qpc_uthmani_hafs":"مَا","char_type_name":"word","page_number":130,"line_number":9,"text":"ﯓ","translation":{"text":"not","language_name":"english","language_id":38},"transliteration":{"text":"mā","language_name":"english","language_id":38}},{"id":26213,"position":11,"audio_url":"wbw/006_023_011.mp3","qpc_uthmani_hafs":"كُنَّا","char_type_name":"word","page_number":130,"line_number":9,"text":"ﯔ","translation":{"text":"we were","language_name":"english","language_id":38},"transliteration":{"text":"kunnā","language_name":"english","language_id":38}},{"id":26214,"position":12,"audio_url":"wbw/006_023_012.mp3","qpc_uthmani_hafs":"مُشۡرِكِينَ","char_type_name":"word","page_number":130,"line_number":9,"text":"ﯕ","translation":{"text":"those who associated others (with Allah)","language_name":"english","language_id":38},"transliteration":{"text":"mush'rikīna","language_name":"english","language_id":38}},{"id":26215,"position":13,"audio_url":null,"qpc_uthmani_hafs":"٢٣","char_type_name":"end","page_number":130,"line_number":9,"text":"ﯖ","translation":{"text":"(23)","language_name":"english","language_id":38},"transliteration":{"text":null,"language_name":"english","language_id":38}}],"translations":[{"id":917241,"resource_id":134,"text":"Kemudian tiadalah fitnah<sup foot_note=210234>1</sup> mereka, kecuali mengatakan, \"Demi Allah, Tuhan kami, tiadalah kami mempersekutukan Allah\"."}]},{"id":813,"verse_number":24,"verse_key":"6:24","juz_number":7,"hizb_number":13,"rub_el_hizb_number":52,"ruku_number":104,"manzil_number":2,"sajdah_number":null,"text_uthmani":"ٱنظُرْ كَيْفَ كَذَبُوا۟ عَلَىٰٓ أَنفُسِهِمْ ۚ وَضَلَّ عَنْهُم مَّا كَانُوا۟ يَفْتَرُونَ","page_number":130,"words":[{"id":27235,"position":1,"audio_url":"wbw/006_024_001.mp3","qpc_uthmani_hafs":"ٱنظُرۡ","char_type_name":"word","page_number":130,"line_number":9,"text":"ﯗ","translation":{"text":"Look","language_name":"english","language_id":38},"transliteration":{"text":"unẓur","language_name":"english","language_id":38}},{"id":27236,"position":2,"audio_url":"wbw/006_024_002.mp3","qpc_uthmani_hafs":"كَيۡفَ","char_type_name":"word","page_number":130,"line_number":9,"text":"ﯘ","translation":{"text":"how","language_name":"english","language_id":38},"transliteration":{"text":"kayfa","language_name":"english","language_id":38}},{"id":27237,"position":3,"audio_url":"wbw/006_024_003.mp3","qpc_uthmani_hafs":"كَذَبُواْ","char_type_name":"word","page_number":130,"line_number":9,"text":"ﯙ","translation":{"text":"they lied","language_name":"english","language_id":38},"transliteration":{"text":"kadhabū","language_name":"english","language_id":38}},{"id":27238,"position":4,"audio_url":"wbw/006_024_004.mp3","qpc_uthmani_hafs":"عَلَىٰٓ","char_type_name":"word","page_number":130,"line_number":9,"text":"ﯚ","translation":{"text":"against","language_name":"english","language_id":38},"transliteration":{"text":"ʿalā","language_name":"english","language_id":38}},{"id":27239,"position":5,"audio_url":"wbw/006_024_005.mp3","qpc_uthmani_hafs":"أَنفُسِهِمۡۚ","char_type_name":"word","page_number":130,"line_number":9,"text":"ﯛﯜ","translation":{"text":"themselves","language_name":"english","language_id":38},"transliteration":{"text":"anfusihim","language_name":"english","language_id":38}},{"id":27241,"position":6,"audio_url":"wbw/006_024_007.mp3","qpc_uthmani_hafs":"وَضَلَّ","char_type_name":"word","page_number":130,"line_number":9,"text":"ﯝ","translation":{"text":"And lost","language_name":"english","language_id":38},"transliteration":{"text":"waḍalla","language_name":"english","language_id":38}},{"id":27242,"position":7,"audio_url":"wbw/006_024_008.mp3","qpc_uthmani_hafs":"عَنۡهُم","char_type_name":"word","page_number":130,"line_number":10,"text":"ﯞ","translation":{"text":"from them","language_name":"english","language_id":38},"transliteration":{"text":"ʿanhum","language_name":"english","language_id":38}},{"id":27243,"position":8,"audio_url":"wbw/006_024_009.mp3","qpc_uthmani_hafs":"مَّا","char_type_name":"word","page_number":130,"line_number":10,"text":"ﯟ","translation":{"text":"what","language_name":"english","language_id":38},"transliteration":{"text":"mā","language_name":"english","language_id":38}},{"id":27244,"position":9,"audio_url":"wbw/006_024_010.mp3","qpc_uthmani_hafs":"كَانُواْ","char_type_name":"word","page_number":130,"line_number":10,"text":"ﯠ","translation":{"text":"they used to","language_name":"english","language_id":38},"transliteration":{"text":"kānū","language_name":"english","language_id":38}},{"id":27245,"position":10,"audio_url":"wbw/006_024_011.mp3","qpc_uthmani_hafs":"يَفۡتَرُونَ","char_type_name":"word","page_number":130,"line_number":10,"text":"ﯡ","translation":{"text":"invent","language_name":"english","language_id":38},"transliteration":{"text":"yaftarūna","language_name":"english","language_id":38}},{"id":27246,"position":11,"audio_url":null,"qpc_uthmani_hafs":"٢٤","char_type_name":"end","page_number":130,"line_number":10,"text":"ﯢ","translation":{"text":"(24)","language_name":"english","language_id":38},"transliteration":{"text":null,"language_name":"english","language_id":38}}],"translations":[{"id":917242,"resource_id":134,"text":"Lihatlah, bagaimana mereka telah berdusta terhadap diri mereka sendiri dan hilanglah dari mereka sembahan-sembahan yang dahulu mereka ada-adakan."}]},{"id":814,"verse_number":25,"verse_key":"6:25","juz_number":7,"hizb_number":13,"rub_el_hizb_number":52,"ruku_number":104,"manzil_number":2,"sajdah_number":null,"text_uthmani":"وَمِنْهُم مَّن يَسْتَمِعُ إِلَيْكَ ۖ وَجَعَلْنَا عَلَىٰ قُلُوبِهِمْ أَكِنَّةً أَن يَفْقَهُوهُ وَفِىٓ ءَاذَانِهِمْ وَقْرًا ۚ وَإِن يَرَوْا۟ كُلَّ ءَايَةٍ لَّا يُؤْمِنُوا۟ بِهَا ۚ حَتَّىٰٓ إِذَا جَآءُوكَ يُجَـٰدِلُونَكَ يَقُولُ ٱلَّذِينَ كَفَرُوٓا۟ إِنْ هَـٰذَآ إِلَّآ أَسَـٰطِيرُ ٱلْأَوَّلِينَ","page_number":130,"words":[{"id":28264,"position":1,"audio_url":"wbw/006_025_001.mp3","qpc_uthmani_hafs":"وَمِنۡهُم","char_type_name":"word","page_number":130,"line_number":10,"text":"ﯣ","translation":{"text":"And among them","language_name":"english","language_id":38},"transliteration":{"text":"wamin'hum","language_name":"english","language_id":38}},{"id":28265,"position":2,"audio_url":"wbw/006_025_002.mp3","qpc_uthmani_hafs":"مَّن","char_type_name":"word","page_number":130,"line_number":10,"text":"ﯤ","translation":{"text":"(are those) who","language_name":"english","language_id":38},"transliteration":{"text":"man","language_name":"english","language_id":38}},{"id":28266,"position":3,"audio_url":"wbw/006_025_003.mp3","qpc_uthmani_hafs":"يَسۡتَمِعُ","char_type_name":"word","page_number":130,"line_number":10,"text":"ﯥ","translation":{"text":"listen","language_name":"english","language_id":38},"transliteration":{"text":"yastamiʿu","language_name":"english","language_id":38}},{"id":28267,"position":4,"audio_url":"wbw/006_025_004.mp3","qpc_uthmani_hafs":"إِلَيۡكَۖ","char_type_name":"word","page_number":130,"line_number":10,"text":"ﯦﯧ","translation":{"text":"to you","language_name":"english","language_id":38},"transliteration":{"text":"ilayka","language_name":"english","language_id":38}},{"id":28269,"position":5,"audio_url":"wbw/006_025_006.mp3","qpc_uthmani_hafs":"وَجَعَلۡنَا","char_type_name":"word","page_number":130,"line_number":10,"text":"ﯨ","translation":{"text":"but We have placed","language_name":"english","language_id":38},"transliteration":{"text":"wajaʿalnā","language_name":"english","language_id":38}},{"id":28270,"position":6,"audio_url":"wbw/006_025_007.mp3","qpc_uthmani_hafs":"عَلَىٰ","char_type_name":"word","page_number":130,"line_number":10,"text":"ﯩ","translation":{"text":"over","language_name":"english","language_id":38},"transliteration":{"text":"ʿalā","language_name":"english","language_id":38}},{"id":28271,"position":7,"audio_url":"wbw/006_025_008.mp3","qpc_uthmani_hafs":"قُلُوبِهِمۡ","char_type_name":"word","page_number":130,"line_number":11,"text":"ﯪ","translation":{"text":"their hearts","language_name":"english","language_id":38},"transliteration":{"text":"qulūbihim","language_name":"english","language_id":38}},{"id":28272,"position":8,"audio_url":"wbw/006_025_009.mp3","qpc_uthmani_hafs":"أَكِنَّةً","char_type_name":"word","page_number":130,"line_number":11,"text":"ﯫ","translation":{"text":"coverings","language_name":"english","language_id":38},"transliteration":{"text":"akinnatan","language_name":"english","language_id":38}},{"id":28273,"position":9,"audio_url":"wbw/006_025_010.mp3","qpc_uthmani_hafs":"أَن","char_type_name":"word","page_number":130,"line_number":11,"text":"ﯬ","translation":{"text":"lest","language_name":"english","language_id":38},"transliteration":{"text":"an","language_name":"english","language_id":38}},{"id":28274,"position":10,"audio_url":"wbw/006_025_011.mp3","qpc_uthmani_hafs":"يَفۡقَهُوهُ","char_type_name":"word","page_number":130,"line_number":11,"text":"ﯭ","translation":{"text":"they understand it","language_name":"english","language_id":38},"transliteration":{"text":"yafqahūhu","language_name":"english","language_id":38}},{"id":28275,"position":11,"audio_url":"wbw/006_025_012.mp3","qpc_uthmani_hafs":"وَفِيٓ","char_type_name":"word","page_number":130,"line_number":11,"text":"ﯮ","translation":{"text":"and in","language_name":"english","language_id":38},"transliteration":{"text":"wafī","language_name":"english","language_id":38}},{"id":28276,"position":12,"audio_url":"wbw/006_025_013.mp3","qpc_uthmani_hafs":"ءَاذَانِهِمۡ","char_type_name":"word","page_number":130,"line_number":11,"text":"ﯯ","translation":{"text":"their ears","language_name":"english","language_id":38},"transliteration":{"text":"ādhānihim","language_name":"english","language_id":38}},{"id":28277,"position":13,"audio_url":"wbw/006_025_014.mp3","qpc_uthmani_hafs":"وَقۡرٗاۚ","char_type_name":"word","page_number":130,"line_number":11,"text":"ﯰﯱ","translation":{"text":"deafness","language_name":"english","language_id":38},"transliteration":{"text":"waqran","language_name":"english","language_id":38}},{"id":28279,"position":14,"audio_url":"wbw/006_025_016.mp3","qpc_uthmani_hafs":"وَإِن","char_type_name":"word","page_number":130,"line_number":11,"text":"ﯲ","translation":{"text":"And if","language_name":"english","language_id":38},"transliteration":{"text":"wa-in","language_name":"english","language_id":38}},{"id":28280,"position":15,"audio_url":"wbw/006_025_017.mp3","qpc_uthmani_hafs":"يَرَوۡاْ","char_type_name":"word","page_number":130,"line_number":11,"text":"ﯳ","translation":{"text":"they see","language_name":"english","language_id":38},"transliteration":{"text":"yaraw","language_name":"english","language_id":38}},{"id":28281,"position":16,"audio_url":"wbw/006_025_018.mp3","qpc_uthmani_hafs":"كُلَّ","char_type_name":"word","page_number":130,"line_number":11,"text":"ﯴ","translation":{"text":"every","language_name":"english","language_id":38},"transliteration":{"text":"kulla","language_name":"english","language_id":38}},{"id":28282,"position":17,"audio_url":"wbw/006_025_019.mp3","qpc_uthmani_hafs":"ءَايَةٖ","char_type_name":"word","page_number":130,"line_number":11,"text":"ﯵ","translation":{"text":"sign","language_name":"english","language_id":38},"transliteration":{"text":"āyatin","language_name":"english","language_id":38}},{"id":28283,"position":18,"audio_url":"wbw/006_025_020.mp3","qpc_uthmani_hafs":"لَّا","char_type_name":"word","page_number":130,"line_number":12,"text":"ﯶ","translation":{"text":"not","language_name":"english","language_id":38},"transliteration":{"text":"lā","language_name":"english","language_id":38}},{"id":28284,"position":19,"audio_url":"wbw/006_025_021.mp3","qpc_uthmani_hafs":"يُؤۡمِنُواْ","char_type_name":"word","page_number":130,"line_number":12,"text":"ﯷ","translation":{"text":"will they believe","language_name":"english","language_id":38},"transliteration":{"text":"yu'minū","language_name":"english","language_id":38}},{"id":28285,"position":20,"audio_url":"wbw/006_025_022.mp3","qpc_uthmani_hafs":"بِهَاۖ","char_type_name":"word","page_number":130,"line_number":12,"text":"ﯸﯹ","translation":{"text":"in it","language_name":"english","language_id":38},"transliteration":{"text":"bihā","language_name":"english","language_id":38}},{"id":28287,"position":21,"audio_url":"wbw/006_025_024.mp3","qpc_uthmani_hafs":"حَتَّىٰٓ","char_type_name":"word","page_number":130,"line_number":12,"text":"ﯺ","translation":{"text":"Until","language_name":"english","language_id":38},"transliteration":{"text":"ḥattā","language_name":"english","language_id":38}},{"id":28288,"position":22,"audio_url":"wbw/006_025_025.mp3","qpc_uthmani_hafs":"إِذَا","char_type_name":"word","page_number":130,"line_number":12,"text":"ﯻ","translation":{"text":"when","language_name":"english","language_id":38},"transliteration":{"text":"idhā","language_name":"english","language_id":38}},{"id":28289,"position":23,"audio_url":"wbw/006_025_026.mp3","qpc_uthmani_hafs":"جَآءُوكَ","char_type_name":"word","page_number":130,"line_number":12,"text":"ﯼ","translation":{"text":"they come to you","language_name":"english","language_id":38},"transliteration":{"text":"jāūka","language_name":"english","language_id":38}},{"id":28290,"position":24,"audio_url":"wbw/006_025_027.mp3","qpc_uthmani_hafs":"يُجَٰدِلُونَكَ","char_type_name":"word","page_number":130,"line_number":12,"text":"ﯽ","translation":{"text":"and argue with you","language_name":"english","language_id":38},"transliteration":{"text":"yujādilūnaka","language_name":"english","language_id":38}},{"id":28291,"position":25,"audio_url":"wbw/006_025_028.mp3","qpc_uthmani_hafs":"يَقُولُ","char_type_name":"word","page_number":130,"line_number":12,"text":"ﯾ","translation":{"text":"say","language_name":"english","language_id":38},"transliteration":{"text":"yaqūlu","language_name":"english","language_id":38}},{"id":28292,"position":26,"audio_url":"wbw/006_025_029.mp3","qpc_uthmani_hafs":"ٱلَّذِينَ","char_type_name":"word","page_number":130,"line_number":12,"text":"ﯿ","translation":{"text":"those who","language_name":"english","language_id":38},"transliteration":{"text":"alladhīna","language_name":"english","language_id":38}},{"id":28293,"position":27,"audio_url":"wbw/006_025_030.mp3","qpc_uthmani_hafs":"كَفَرُوٓاْ","char_type_name":"word","page_number":130,"line_number":12,"text":"ﰀ","translation":{"text":"disbelieved","language_name":"english","language_id":38},"transliteration":{"text":"kafarū","language_name":"english","language_id":38}},{"id":28294,"position":28,"audio_url":"wbw/006_025_031.mp3","qpc_uthmani_hafs":"إِنۡ","char_type_name":"word","page_number":130,"line_number":12,"text":"ﰁ","translation":{"text":"Not","language_name":"english","language_id":38},"transliteration":{"text":"in","language_name":"english","language_id":38}},{"id":28295,"position":29,"audio_url":"wbw/006_025_032.mp3","qpc_uthmani_hafs":"هَٰذَآ","char_type_name":"word","page_number":130,"line_number":12,"text":"ﰂ","translation":{"text":"(is) this","language_name":"english","language_id":38},"transliteration":{"text":"hādhā","language_name":"english","language_id":38}},{"id":28296,"position":30,"audio_url":"wbw/006_025_033.mp3","qpc_uthmani_hafs":"إِلَّآ","char_type_name":"word","page_number":130,"line_number":13,"text":"ﰃ","translation":{"text":"but","language_name":"english","language_id":38},"transliteration":{"text":"illā","language_name":"english","language_id":38}},{"id":28297,"position":31,"audio_url":"wbw/006_025_034.mp3","qpc_uthmani_hafs":"أَسَٰطِيرُ","char_type_name":"word","page_number":130,"line_number":13,"text":"ﰄ","translation":{"text":"(the) tales","language_name":"english","language_id":38},"transliteration":{"text":"asāṭīru","language_name":"english","language_id":38}},{"id":28298,"position":32,"audio_url":"wbw/006_025_035.mp3","qpc_uthmani_hafs":"ٱلۡأَوَّلِينَ","char_type_name":"word","page_number":130,"line_number":13,"text":"ﰅ","translation":{"text":"(of) the former (people)","language_name":"english","language_id":38},"transliteration":{"text":"l-awalīna","language_name":"english","language_id":38}},{"id":28299,"position":33,"audio_url":null,"qpc_uthmani_hafs":"٢٥","char_type_name":"end","page_number":130,"line_number":13,"text":"ﰆ","translation":{"text":"(25)","language_name":"english","language_id":38},"transliteration":{"text":null,"language_name":"english","language_id":38}}],"translations":[{"id":917243,"resource_id":134,"text":"Dan di antara mereka ada orang yang mendengarkan (bacaan)mu, padahal Kami telah meletakkan tutupan di atas hati mereka (sehingga mereka tidak) memahaminya dan (Kami letakkan) sumbatan di telinganya.  Dan jika pun mereka melihat segala tanda (kebenaran), mereka tetap tidak mau beriman kepadanya.  Sehingga apabila mereka datang kepadamu untuk membantahmu, orang-orang kafir itu berkata, \"Al-Qur`ān ini tidak lain hanyalah dongengan orang-orang dahulu\"."}]},{"id":815,"verse_number":26,"verse_key":"6:26","juz_number":7,"hizb_number":13,"rub_el_hizb_number":52,"ruku_number":104,"manzil_number":2,"sajdah_number":null,"text_uthmani":"وَهُمْ يَنْهَوْنَ عَنْهُ وَيَنْـَٔوْنَ عَنْهُ ۖ وَإِن يُهْلِكُونَ إِلَّآ أَنفُسَهُمْ وَمَا يَشْعُرُونَ","page_number":130,"words":[{"id":29213,"position":1,"audio_url":"wbw/006_026_001.mp3","qpc_uthmani_hafs":"وَهُمۡ","char_type_name":"word","page_number":130,"line_number":13,"text":"ﰇ","translation":{"text":"And they","language_name":"english","language_id":38},"transliteration":{"text":"wahum","language_name":"english","language_id":38}},{"id":29214,"position":2,"audio_url":"wbw/006_026_002.mp3","qpc_uthmani_hafs":"يَنۡهَوۡنَ","char_type_name":"word","page_number":130,"line_number":13,"text":"ﰈ","translation":{"text":"forbid (others)","language_name":"english","language_id":38},"transliteration":{"text":"yanhawna","language_name":"english","language_id":38}},{"id":29215,"position":3,"audio_url":"wbw/006_026_003.mp3","qpc_uthmani_hafs":"عَنۡهُ","char_type_name":"word","page_number":130,"line_number":13,"text":"ﰉ","translation":{"text":"from it","language_name":"english","language_id":38},"transliteration":{"text":"ʿanhu","language_name":"english","language_id":38}},{"id":29216,"position":4,"audio_url":"wbw/006_026_004.mp3","qpc_uthmani_hafs":"وَيَنۡـَٔوۡنَ","char_type_name":"word","page_number":130,"line_number":13,"text":"ﰊ","translation":{"text":"and they keep away","language_name":"english","language_id":38},"transliteration":{"text":"wayanawna","language_name":"english","language_id":38}},{"id":29217,"position":5,"audio_url":"wbw/006_026_005.mp3","qpc_uthmani_hafs":"عَنۡهُۖ","char_type_name":"word","page_number":130,"line_number":13,"text":"ﰋﰌ","translation":{"text":"from it","language_name":"english","language_id":38},"transliteration":{"text":"ʿanhu","language_name":"english","language_id":38}},{"id":29219,"position":6,"audio_url":"wbw/006_026_007.mp3","qpc_uthmani_hafs":"وَإِن","char_type_name":"word","page_number":130,"line_number":13,"text":"ﰍ","translation":{"text":"And not","language_name":"english","language_id":38},"transliteration":{"text":"wa-in","language_name":"english","language_id":38}},{"id":29220,"position":7,"audio_url":"wbw/006_026_008.mp3","qpc_uthmani_hafs":"يُهۡلِكُونَ","char_type_name":"word","page_number":130,"line_number":14,"text":"ﰎ","translation":{"text":"they destroy","language_name":"english","language_id":38},"transliteration":{"text":"yuh'likūna","language_name":"english","language_id":38}},{"id":29221,"position":8,"audio_url":"wbw/006_026_009.mp3","qpc_uthmani_hafs":"إِلَّآ","char_type_name":"word","page_number":130,"line_number":14,"text":"ﰏ","translation":{"text":"except","language_name":"english","language_id":38},"transliteration":{"text":"illā","language_name":"english","language_id":38}},{"id":29222,"position":9,"audio_url":"wbw/006_026_010.mp3","qpc_uthmani_hafs":"أَنفُسَهُمۡ","char_type_name":"word","page_number":130,"line_number":14,"text":"ﰐ","translation":{"text":"themselves","language_name":"english","language_id":38},"transliteration":{"text":"anfusahum","language_name":"english","language_id":38}},{"id":29223,"position":10,"audio_url":"wbw/006_026_011.mp3","qpc_uthmani_hafs":"وَمَا","char_type_name":"word","page_number":130,"line_number":14,"text":"ﰑ","translation":{"text":"and not","language_name":"english","language_id":38},"transliteration":{"text":"wamā","language_name":"english","language_id":38}},{"id":29224,"position":11,"audio_url":"wbw/006_026_012.mp3","qpc_uthmani_hafs":"يَشۡعُرُونَ","char_type_name":"word","page_number":130,"line_number":14,"text":"ﰒ","translation":{"text":"they perceive","language_name":"english","language_id":38},"transliteration":{"text":"yashʿurūna","language_name":"english","language_id":38}},{"id":29225,"position":12,"audio_url":null,"qpc_uthmani_hafs":"٢٦","char_type_name":"end","page_number":130,"line_number":14,"text":"ﰓ","translation":{"text":"(26)","language_name":"english","language_id":38},"transliteration":{"text":null,"language_name":"english","language_id":38}}],"translations":[{"id":917244,"resource_id":134,"text":"Dan mereka melarang (orang lain) mendengarkan Al-Qur`ān dan mereka sendiri menjauhkan diri darinya, dan mereka hanyalah membinasakan diri mereka sendiri, sedang mereka tidak menyadari."}]},{"id":816,"verse_number":27,"verse_key":"6:27","juz_number":7,"hizb_number":13,"rub_el_hizb_number":52,"ruku_number":104,"manzil_number":2,"sajdah_number":null,"text_uthmani":"وَلَوْ تَرَىٰٓ إِذْ وُقِفُوا۟ عَلَى ٱلنَّارِ فَقَالُوا۟ يَـٰلَيْتَنَا نُرَدُّ وَلَا نُكَذِّبَ بِـَٔايَـٰتِ رَبِّنَا وَنَكُونَ مِنَ ٱلْمُؤْمِنِينَ","page_number":130,"words":[{"id":30125,"position":1,"audio_url":"wbw/006_027_001.mp3","qpc_uthmani_hafs":"وَلَوۡ","char_type_name":"word","page_number":130,"line_number":14,"text":"ﰔ","translation":{"text":"And if","language_name":"english","language_id":38},"transliteration":{"text":"walaw","language_name":"english","language_id":38}},{"id":30126,"position":2,"audio_url":"wbw/006_027_002.mp3","qpc_uthmani_hafs":"تَرَىٰٓ","char_type_name":"word","page_number":130,"line_number":14,"text":"ﰕ","translation":{"text":"you (could) see","language_name":"english","language_id":38},"transliteration":{"text":"tarā","language_name":"english","language_id":38}},{"id":30127,"position":3,"audio_url":"wbw/006_027_003.mp3","qpc_uthmani_hafs":"إِذۡ","char_type_name":"word","page_number":130,"line_number":14,"text":"ﰖ","translation":{"text":"when","language_name":"english","language_id":38},"transliteration":{"text":"idh","language_name":"english","language_id":38}},{"id":30128,"position":4,"audio_url":"wbw/006_027_004.mp3","qpc_uthmani_hafs":"وُقِفُواْ","char_type_name":"word","page_number":130,"line_number":14,"text":"ﰗ","translation":{"text":"they are made to stand","language_name":"english","language_id":38},"transliteration":{"text":"wuqifū","language_name":"english","language_id":38}},{"id":30129,"position":5,"audio_url":"wbw/006_027_005.mp3","qpc_uthmani_hafs":"عَلَى","char_type_name":"word","page_number":130,"line_number":14,"text":"ﰘ","translation":{"text":"by","language_name":"english","language_id":38},"transliteration":{"text":"ʿalā","language_name":"english","language_id":38}},{"id":30130,"position":6,"audio_url":"wbw/006_027_006.mp3","qpc_uthmani_hafs":"ٱلنَّارِ","char_type_name":"word","page_number":130,"line_number":14,"text":"ﰙ","translation":{"text":"the Fire","language_name":"english","language_id":38},"transliteration":{"text":"l-nāri","language_name":"english","language_id":38}},{"id":30131,"position":7,"audio_url":"wbw/006_027_007.mp3","qpc_uthmani_hafs":"فَقَالُواْ","char_type_name":"word","page_number":130,"line_number":15,"text":"ﰚ","translation":{"text":"then they (will) say","language_name":"english","language_id":38},"transliteration":{"text":"faqālū","language_name":"english","language_id":38}},{"id":30132,"position":8,"audio_url":"wbw/006_027_008.mp3","qpc_uthmani_hafs":"يَٰلَيۡتَنَا","char_type_name":"word","page_number":130,"line_number":15,"text":"ﰛ","translation":{"text":"Oh! Would that we","language_name":"english","language_id":38},"transliteration":{"text":"yālaytanā","language_name":"english","language_id":38}},{"id":30133,"position":9,"audio_url":"wbw/006_027_009.mp3","qpc_uthmani_hafs":"نُرَدُّ","char_type_name":"word","page_number":130,"line_number":15,"text":"ﰜ","translation":{"text":"were sent back","language_name":"english","language_id":38},"transliteration":{"text":"nuraddu","language_name":"english","language_id":38}},{"id":30134,"position":10,"audio_url":"wbw/006_027_010.mp3","qpc_uthmani_hafs":"وَلَا","char_type_name":"word","page_number":130,"line_number":15,"text":"ﰝ","translation":{"text":"and not","language_name":"english","language_id":38},"transliteration":{"text":"walā","language_name":"english","language_id":38}},{"id":30135,"position":11,"audio_url":"wbw/006_027_011.mp3","qpc_uthmani_hafs":"نُكَذِّبَ","char_type_name":"word","page_number":130,"line_number":15,"text":"ﰞ","translation":{"text":"we would deny","language_name":"english","language_id":38},"transliteration":{"text":"nukadhiba","language_name":"english","language_id":38}},{"id":30136,"position":12,"audio_url":"wbw/006_027_012.mp3","qpc_uthmani_hafs":"بِـَٔايَٰتِ","char_type_name":"word","page_number":130,"line_number":15,"text":"ﰟ","translation":{"text":"(the) Signs","language_name":"english","language_id":38},"transliteration":{"text":"biāyāti","language_name":"english","language_id":38}},{"id":30137,"position":13,"audio_url":"wbw/006_027_013.mp3","qpc_uthmani_hafs":"رَبِّنَا","char_type_name":"word","page_number":130,"line_number":15,"text":"ﰠ","translation":{"text":"(of) our Lord","language_name":"english","language_id":38},"transliteration":{"text":"rabbinā","language_name":"english","language_id":38}},{"id":30138,"position":14,"audio_url":"wbw/006_027_014.mp3","qpc_uthmani_hafs":"وَنَكُونَ","char_type_name":"word","page_number":130,"line_number":15,"text":"ﰡ","translation":{"text":"and we would be","language_name":"english","language_id":38},"transliteration":{"text":"wanakūna","language_name":"english","language_id":38}},{"id":30139,"position":15,"audio_url":"wbw/006_027_015.mp3","qpc_uthmani_hafs":"مِنَ","char_type_name":"word","page_number":130,"line_number":15,"text":"ﰢ","translation":{"text":"among","language_name":"english","language_id":38},"transliteration":{"text":"mina","language_name":"english","language_id":38}},{"id":30140,"position":16,"audio_url":"wbw/006_027_016.mp3","qpc_uthmani_hafs":"ٱلۡمُؤۡمِنِينَ","char_type_name":"word","page_number":130,"line_number":15,"text":"ﰣ","translation":{"text":"the believers","language_name":"english","language_id":38},"transliteration":{"text":"l-mu'minīna","language_name":"english","language_id":38}},{"id":30141,"position":17,"audio_url":null,"qpc_uthmani_hafs":"٢٧","char_type_name":"end","page_number":130,"line_number":15,"text":"ﰤ","translation":{"text":"(27)","language_name":"english","language_id":38},"transliteration":{"text":null,"language_name":"english","language_id":38}}],"translations":[{"id":917245,"resource_id":134,"text":"Dan jika kamu (Muhammad) melihat ketika mereka dihadapkan ke neraka, lalu mereka berkata, \"Kiranya kami dikembalikan (ke dunia) dan tidak mendustakan ayat-ayat Tuhan kami, serta menjadi orang-orang yang beriman\", (tentulah kamu melihat suatu peristiwa yang mengharukan)."}]}],"pagination":{"per_page":50,"current_page":1,"next_page":null,"total_pages":1,"total_records":9}}