{"verses":[{"id":932,"verse_number":143,"verse_key":"6:143","juz_number":8,"hizb_number":15,"rub_el_hizb_number":59,"ruku_number":118,"manzil_number":2,"sajdah_number":null,"text_uthmani":"ثَمَـٰنِيَةَ أَزْوَٰجٍ ۖ مِّنَ ٱلضَّأْنِ ٱثْنَيْنِ وَمِنَ ٱلْمَعْزِ ٱثْنَيْنِ ۗ قُلْ ءَآلذَّكَرَيْنِ حَرَّمَ أَمِ ٱلْأُنثَيَيْنِ أَمَّا ٱشْتَمَلَتْ عَلَيْهِ أَرْحَامُ ٱلْأُنثَيَيْنِ ۖ نَبِّـُٔونِى بِعِلْمٍ إِن كُنتُمْ صَـٰدِقِينَ","page_number":147,"words":[{"id":79573,"position":1,"audio_url":"wbw/006_143_001.mp3","qpc_uthmani_hafs":"ثَمَٰنِيَةَ","char_type_name":"word","page_number":147,"line_number":1,"text":"ﭑ","translation":{"text":"Eight","language_name":"english","language_id":38},"transliteration":{"text":"thamāniyata","language_name":"english","language_id":38}},{"id":79574,"position":2,"audio_url":"wbw/006_143_002.mp3","qpc_uthmani_hafs":"أَزۡوَٰجٖۖ","char_type_name":"word","page_number":147,"line_number":1,"text":"ﭒﭓ","translation":{"text":"pairs ","language_name":"english","language_id":38},"transliteration":{"text":"azwājin","language_name":"english","language_id":38}},{"id":79576,"position":3,"audio_url":"wbw/006_143_004.mp3","qpc_uthmani_hafs":"مِّنَ","char_type_name":"word","page_number":147,"line_number":1,"text":"ﭔ","translation":{"text":"of","language_name":"english","language_id":38},"transliteration":{"text":"mina","language_name":"english","language_id":38}},{"id":79577,"position":4,"audio_url":"wbw/006_143_005.mp3","qpc_uthmani_hafs":"ٱلضَّأۡنِ","char_type_name":"word","page_number":147,"line_number":1,"text":"ﭕ","translation":{"text":"the sheep","language_name":"english","language_id":38},"transliteration":{"text":"l-ḍani","language_name":"english","language_id":38}},{"id":79578,"position":5,"audio_url":"wbw/006_143_006.mp3","qpc_uthmani_hafs":"ٱثۡنَيۡنِ","char_type_name":"word","page_number":147,"line_number":1,"text":"ﭖ","translation":{"text":"two","language_name":"english","language_id":38},"transliteration":{"text":"ith'nayni","language_name":"english","language_id":38}},{"id":79579,"position":6,"audio_url":"wbw/006_143_007.mp3","qpc_uthmani_hafs":"وَمِنَ","char_type_name":"word","page_number":147,"line_number":1,"text":"ﭗ","translation":{"text":"and of","language_name":"english","language_id":38},"transliteration":{"text":"wamina","language_name":"english","language_id":38}},{"id":79580,"position":7,"audio_url":"wbw/006_143_008.mp3","qpc_uthmani_hafs":"ٱلۡمَعۡزِ","char_type_name":"word","page_number":147,"line_number":1,"text":"ﭘ","translation":{"text":"the goats","language_name":"english","language_id":38},"transliteration":{"text":"l-maʿzi","language_name":"english","language_id":38}},{"id":79581,"position":8,"audio_url":"wbw/006_143_009.mp3","qpc_uthmani_hafs":"ٱثۡنَيۡنِۗ","char_type_name":"word","page_number":147,"line_number":1,"text":"ﭙﭚ","translation":{"text":"two","language_name":"english","language_id":38},"transliteration":{"text":"ith'nayni","language_name":"english","language_id":38}},{"id":79583,"position":9,"audio_url":"wbw/006_143_011.mp3","qpc_uthmani_hafs":"قُلۡ","char_type_name":"word","page_number":147,"line_number":2,"text":"ﭛ","translation":{"text":"Say","language_name":"english","language_id":38},"transliteration":{"text":"qul","language_name":"english","language_id":38}},{"id":79584,"position":10,"audio_url":"wbw/006_143_012.mp3","qpc_uthmani_hafs":"ءَآلذَّكَرَيۡنِ","char_type_name":"word","page_number":147,"line_number":2,"text":"ﭜ","translation":{"text":"(Are) the two males","language_name":"english","language_id":38},"transliteration":{"text":"āldhakarayni","language_name":"english","language_id":38}},{"id":79585,"position":11,"audio_url":"wbw/006_143_013.mp3","qpc_uthmani_hafs":"حَرَّمَ","char_type_name":"word","page_number":147,"line_number":2,"text":"ﭝ","translation":{"text":"He has forbidden","language_name":"english","language_id":38},"transliteration":{"text":"ḥarrama","language_name":"english","language_id":38}},{"id":79586,"position":12,"audio_url":"wbw/006_143_014.mp3","qpc_uthmani_hafs":"أَمِ","char_type_name":"word","page_number":147,"line_number":2,"text":"ﭞ","translation":{"text":"or","language_name":"english","language_id":38},"transliteration":{"text":"ami","language_name":"english","language_id":38}},{"id":79587,"position":13,"audio_url":"wbw/006_143_015.mp3","qpc_uthmani_hafs":"ٱلۡأُنثَيَيۡنِ","char_type_name":"word","page_number":147,"line_number":2,"text":"ﭟ","translation":{"text":"the two females","language_name":"english","language_id":38},"transliteration":{"text":"l-unthayayni","language_name":"english","language_id":38}},{"id":79588,"position":14,"audio_url":"wbw/006_143_016.mp3","qpc_uthmani_hafs":"أَمَّا","char_type_name":"word","page_number":147,"line_number":2,"text":"ﭠ","translation":{"text":"or what","language_name":"english","language_id":38},"transliteration":{"text":"ammā","language_name":"english","language_id":38}},{"id":79589,"position":15,"audio_url":"wbw/006_143_017.mp3","qpc_uthmani_hafs":"ٱشۡتَمَلَتۡ","char_type_name":"word","page_number":147,"line_number":2,"text":"ﭡ","translation":{"text":"contains","language_name":"english","language_id":38},"transliteration":{"text":"ish'tamalat","language_name":"english","language_id":38}},{"id":79590,"position":16,"audio_url":"wbw/006_143_018.mp3","qpc_uthmani_hafs":"عَلَيۡهِ","char_type_name":"word","page_number":147,"line_number":2,"text":"ﭢ","translation":{"text":"[in it]","language_name":"english","language_id":38},"transliteration":{"text":"ʿalayhi","language_name":"english","language_id":38}},{"id":79591,"position":17,"audio_url":"wbw/006_143_019.mp3","qpc_uthmani_hafs":"أَرۡحَامُ","char_type_name":"word","page_number":147,"line_number":3,"text":"ﭣ","translation":{"text":"(the) wombs","language_name":"english","language_id":38},"transliteration":{"text":"arḥāmu","language_name":"english","language_id":38}},{"id":79592,"position":18,"audio_url":"wbw/006_143_020.mp3","qpc_uthmani_hafs":"ٱلۡأُنثَيَيۡنِۖ","char_type_name":"word","page_number":147,"line_number":3,"text":"ﭤﭥ","translation":{"text":"(of) the two females","language_name":"english","language_id":38},"transliteration":{"text":"l-unthayayni","language_name":"english","language_id":38}},{"id":79594,"position":19,"audio_url":"wbw/006_143_022.mp3","qpc_uthmani_hafs":"نَبِّـُٔونِي","char_type_name":"word","page_number":147,"line_number":3,"text":"ﭦ","translation":{"text":"Inform me","language_name":"english","language_id":38},"transliteration":{"text":"nabbiūnī","language_name":"english","language_id":38}},{"id":79595,"position":20,"audio_url":"wbw/006_143_023.mp3","qpc_uthmani_hafs":"بِعِلۡمٍ","char_type_name":"word","page_number":147,"line_number":3,"text":"ﭧ","translation":{"text":"with knowledge","language_name":"english","language_id":38},"transliteration":{"text":"biʿil'min","language_name":"english","language_id":38}},{"id":79596,"position":21,"audio_url":"wbw/006_143_024.mp3","qpc_uthmani_hafs":"إِن","char_type_name":"word","page_number":147,"line_number":3,"text":"ﭨ","translation":{"text":"if","language_name":"english","language_id":38},"transliteration":{"text":"in","language_name":"english","language_id":38}},{"id":79597,"position":22,"audio_url":"wbw/006_143_025.mp3","qpc_uthmani_hafs":"كُنتُمۡ","char_type_name":"word","page_number":147,"line_number":3,"text":"ﭩ","translation":{"text":"you are","language_name":"english","language_id":38},"transliteration":{"text":"kuntum","language_name":"english","language_id":38}},{"id":79598,"position":23,"audio_url":"wbw/006_143_026.mp3","qpc_uthmani_hafs":"صَٰدِقِينَ","char_type_name":"word","page_number":147,"line_number":3,"text":"ﭪ","translation":{"text":"truthful","language_name":"english","language_id":38},"transliteration":{"text":"ṣādiqīna","language_name":"english","language_id":38}},{"id":79599,"position":24,"audio_url":null,"qpc_uthmani_hafs":"١٤٣","char_type_name":"end","page_number":147,"line_number":3,"text":"ﭫ","translation":{"text":"(143)","language_name":"english","language_id":38},"transliteration":{"text":null,"language_name":"english","language_id":38}}],"translations":[{"id":917361,"resource_id":134,"text":"(yaitu) delapan binatang yang berpasangan<sup foot_note=210284>1</sup>, sepasang domba<sup foot_note=210285>2</sup>, sepasang dari kambing<sup foot_note=210286>3</sup>.  Katakanlah, \"Apakah dua yang jantan yang diharamkan Allah ataukah dua yang betina, ataukah yang ada dalam kandungan dua betinanya?\" Terangkanlah kepadaku dengan berdasar pengetahuan jika kamu memang orang-orang yang benar,"}]},{"id":933,"verse_number":144,"verse_key":"6:144","juz_number":8,"hizb_number":15,"rub_el_hizb_number":59,"ruku_number":118,"manzil_number":2,"sajdah_number":null,"text_uthmani":"وَمِنَ ٱلْإِبِلِ ٱثْنَيْنِ وَمِنَ ٱلْبَقَرِ ٱثْنَيْنِ ۗ قُلْ ءَآلذَّكَرَيْنِ حَرَّمَ أَمِ ٱلْأُنثَيَيْنِ أَمَّا ٱشْتَمَلَتْ عَلَيْهِ أَرْحَامُ ٱلْأُنثَيَيْنِ ۖ أَمْ كُنتُمْ شُهَدَآءَ إِذْ وَصَّىٰكُمُ ٱللَّهُ بِهَـٰذَا ۚ فَمَنْ أَظْلَمُ مِمَّنِ ٱفْتَرَىٰ عَلَى ٱللَّهِ كَذِبًا لِّيُضِلَّ ٱلنَّاسَ بِغَيْرِ عِلْمٍ ۗ إِنَّ ٱللَّهَ لَا يَهْدِى ٱلْقَوْمَ ٱلظَّـٰلِمِينَ","page_number":147,"words":[{"id":79600,"position":1,"audio_url":"wbw/006_144_001.mp3","qpc_uthmani_hafs":"وَمِنَ","char_type_name":"word","page_number":147,"line_number":4,"text":"ﭬ","translation":{"text":"And of","language_name":"english","language_id":38},"transliteration":{"text":"wamina","language_name":"english","language_id":38}},{"id":79601,"position":2,"audio_url":"wbw/006_144_002.mp3","qpc_uthmani_hafs":"ٱلۡإِبِلِ","char_type_name":"word","page_number":147,"line_number":4,"text":"ﭭ","translation":{"text":"the camels","language_name":"english","language_id":38},"transliteration":{"text":"l-ibili","language_name":"english","language_id":38}},{"id":79602,"position":3,"audio_url":"wbw/006_144_003.mp3","qpc_uthmani_hafs":"ٱثۡنَيۡنِ","char_type_name":"word","page_number":147,"line_number":4,"text":"ﭮ","translation":{"text":"two","language_name":"english","language_id":38},"transliteration":{"text":"ith'nayni","language_name":"english","language_id":38}},{"id":79603,"position":4,"audio_url":"wbw/006_144_004.mp3","qpc_uthmani_hafs":"وَمِنَ","char_type_name":"word","page_number":147,"line_number":4,"text":"ﭯ","translation":{"text":"and of","language_name":"english","language_id":38},"transliteration":{"text":"wamina","language_name":"english","language_id":38}},{"id":79604,"position":5,"audio_url":"wbw/006_144_005.mp3","qpc_uthmani_hafs":"ٱلۡبَقَرِ","char_type_name":"word","page_number":147,"line_number":4,"text":"ﭰ","translation":{"text":"the cows","language_name":"english","language_id":38},"transliteration":{"text":"l-baqari","language_name":"english","language_id":38}},{"id":79605,"position":6,"audio_url":"wbw/006_144_006.mp3","qpc_uthmani_hafs":"ٱثۡنَيۡنِۗ","char_type_name":"word","page_number":147,"line_number":4,"text":"ﭱﭲ","translation":{"text":"two","language_name":"english","language_id":38},"transliteration":{"text":"ith'nayni","language_name":"english","language_id":38}},{"id":79607,"position":7,"audio_url":"wbw/006_144_008.mp3","qpc_uthmani_hafs":"قُلۡ","char_type_name":"word","page_number":147,"line_number":4,"text":"ﭳ","translation":{"text":"Say","language_name":"english","language_id":38},"transliteration":{"text":"qul","language_name":"english","language_id":38}},{"id":79608,"position":8,"audio_url":"wbw/006_144_009.mp3","qpc_uthmani_hafs":"ءَآلذَّكَرَيۡنِ","char_type_name":"word","page_number":147,"line_number":4,"text":"ﭴ","translation":{"text":"(Is it) the two males","language_name":"english","language_id":38},"transliteration":{"text":"āldhakarayni","language_name":"english","language_id":38}},{"id":79609,"position":9,"audio_url":"wbw/006_144_010.mp3","qpc_uthmani_hafs":"حَرَّمَ","char_type_name":"word","page_number":147,"line_number":5,"text":"ﭵ","translation":{"text":"He (has) forbidden","language_name":"english","language_id":38},"transliteration":{"text":"ḥarrama","language_name":"english","language_id":38}},{"id":79610,"position":10,"audio_url":"wbw/006_144_011.mp3","qpc_uthmani_hafs":"أَمِ","char_type_name":"word","page_number":147,"line_number":5,"text":"ﭶ","translation":{"text":"or","language_name":"english","language_id":38},"transliteration":{"text":"ami","language_name":"english","language_id":38}},{"id":79611,"position":11,"audio_url":"wbw/006_144_012.mp3","qpc_uthmani_hafs":"ٱلۡأُنثَيَيۡنِ","char_type_name":"word","page_number":147,"line_number":5,"text":"ﭷ","translation":{"text":"the two females","language_name":"english","language_id":38},"transliteration":{"text":"l-unthayayni","language_name":"english","language_id":38}},{"id":79612,"position":12,"audio_url":"wbw/006_144_013.mp3","qpc_uthmani_hafs":"أَمَّا","char_type_name":"word","page_number":147,"line_number":5,"text":"ﭸ","translation":{"text":"or what","language_name":"english","language_id":38},"transliteration":{"text":"ammā","language_name":"english","language_id":38}},{"id":79613,"position":13,"audio_url":"wbw/006_144_014.mp3","qpc_uthmani_hafs":"ٱشۡتَمَلَتۡ","char_type_name":"word","page_number":147,"line_number":5,"text":"ﭹ","translation":{"text":"contains","language_name":"english","language_id":38},"transliteration":{"text":"ish'tamalat","language_name":"english","language_id":38}},{"id":79614,"position":14,"audio_url":"wbw/006_144_015.mp3","qpc_uthmani_hafs":"عَلَيۡهِ","char_type_name":"word","page_number":147,"line_number":5,"text":"ﭺ","translation":{"text":"[in it]","language_name":"english","language_id":38},"transliteration":{"text":"ʿalayhi","language_name":"english","language_id":38}},{"id":79615,"position":15,"audio_url":"wbw/006_144_016.mp3","qpc_uthmani_hafs":"أَرۡحَامُ","char_type_name":"word","page_number":147,"line_number":5,"text":"ﭻ","translation":{"text":"(the) wombs","language_name":"english","language_id":38},"transliteration":{"text":"arḥāmu","language_name":"english","language_id":38}},{"id":79616,"position":16,"audio_url":"wbw/006_144_017.mp3","qpc_uthmani_hafs":"ٱلۡأُنثَيَيۡنِۖ","char_type_name":"word","page_number":147,"line_number":5,"text":"ﭼﭽ","translation":{"text":"(of) the two females","language_name":"english","language_id":38},"transliteration":{"text":"l-unthayayni","language_name":"english","language_id":38}},{"id":79618,"position":17,"audio_url":"wbw/006_144_019.mp3","qpc_uthmani_hafs":"أَمۡ","char_type_name":"word","page_number":147,"line_number":6,"text":"ﭾ","translation":{"text":"Or","language_name":"english","language_id":38},"transliteration":{"text":"am","language_name":"english","language_id":38}},{"id":79619,"position":18,"audio_url":"wbw/006_144_020.mp3","qpc_uthmani_hafs":"كُنتُمۡ","char_type_name":"word","page_number":147,"line_number":6,"text":"ﭿ","translation":{"text":"were you","language_name":"english","language_id":38},"transliteration":{"text":"kuntum","language_name":"english","language_id":38}},{"id":79620,"position":19,"audio_url":"wbw/006_144_021.mp3","qpc_uthmani_hafs":"شُهَدَآءَ","char_type_name":"word","page_number":147,"line_number":6,"text":"ﮀ","translation":{"text":"witnesses","language_name":"english","language_id":38},"transliteration":{"text":"shuhadāa","language_name":"english","language_id":38}},{"id":79621,"position":20,"audio_url":"wbw/006_144_022.mp3","qpc_uthmani_hafs":"إِذۡ","char_type_name":"word","page_number":147,"line_number":6,"text":"ﮁ","translation":{"text":"when","language_name":"english","language_id":38},"transliteration":{"text":"idh","language_name":"english","language_id":38}},{"id":79622,"position":21,"audio_url":"wbw/006_144_023.mp3","qpc_uthmani_hafs":"وَصَّىٰكُمُ","char_type_name":"word","page_number":147,"line_number":6,"text":"ﮂ","translation":{"text":"enjoined you","language_name":"english","language_id":38},"transliteration":{"text":"waṣṣākumu","language_name":"english","language_id":38}},{"id":79623,"position":22,"audio_url":"wbw/006_144_024.mp3","qpc_uthmani_hafs":"ٱللَّهُ","char_type_name":"word","page_number":147,"line_number":6,"text":"ﮃ","translation":{"text":"Allah","language_name":"english","language_id":38},"transliteration":{"text":"l-lahu","language_name":"english","language_id":38}},{"id":79624,"position":23,"audio_url":"wbw/006_144_025.mp3","qpc_uthmani_hafs":"بِهَٰذَاۚ","char_type_name":"word","page_number":147,"line_number":6,"text":"ﮄﮅ","translation":{"text":"with this","language_name":"english","language_id":38},"transliteration":{"text":"bihādhā","language_name":"english","language_id":38}},{"id":79626,"position":24,"audio_url":"wbw/006_144_027.mp3","qpc_uthmani_hafs":"فَمَنۡ","char_type_name":"word","page_number":147,"line_number":6,"text":"ﮆ","translation":{"text":"Then who","language_name":"english","language_id":38},"transliteration":{"text":"faman","language_name":"english","language_id":38}},{"id":79627,"position":25,"audio_url":"wbw/006_144_028.mp3","qpc_uthmani_hafs":"أَظۡلَمُ","char_type_name":"word","page_number":147,"line_number":7,"text":"ﮇ","translation":{"text":"(is) more unjust","language_name":"english","language_id":38},"transliteration":{"text":"aẓlamu","language_name":"english","language_id":38}},{"id":79628,"position":26,"audio_url":"wbw/006_144_029.mp3","qpc_uthmani_hafs":"مِمَّنِ","char_type_name":"word","page_number":147,"line_number":7,"text":"ﮈ","translation":{"text":"than (one) who","language_name":"english","language_id":38},"transliteration":{"text":"mimmani","language_name":"english","language_id":38}},{"id":79629,"position":27,"audio_url":"wbw/006_144_030.mp3","qpc_uthmani_hafs":"ٱفۡتَرَىٰ","char_type_name":"word","page_number":147,"line_number":7,"text":"ﮉ","translation":{"text":"invents","language_name":"english","language_id":38},"transliteration":{"text":"if'tarā","language_name":"english","language_id":38}},{"id":79630,"position":28,"audio_url":"wbw/006_144_031.mp3","qpc_uthmani_hafs":"عَلَى","char_type_name":"word","page_number":147,"line_number":7,"text":"ﮊ","translation":{"text":"against","language_name":"english","language_id":38},"transliteration":{"text":"ʿalā","language_name":"english","language_id":38}},{"id":79631,"position":29,"audio_url":"wbw/006_144_032.mp3","qpc_uthmani_hafs":"ٱللَّهِ","char_type_name":"word","page_number":147,"line_number":7,"text":"ﮋ","translation":{"text":"Allah","language_name":"english","language_id":38},"transliteration":{"text":"l-lahi","language_name":"english","language_id":38}},{"id":79632,"position":30,"audio_url":"wbw/006_144_033.mp3","qpc_uthmani_hafs":"كَذِبٗا","char_type_name":"word","page_number":147,"line_number":7,"text":"ﮌ","translation":{"text":"a lie","language_name":"english","language_id":38},"transliteration":{"text":"kadhiban","language_name":"english","language_id":38}},{"id":79633,"position":31,"audio_url":"wbw/006_144_034.mp3","qpc_uthmani_hafs":"لِّيُضِلَّ","char_type_name":"word","page_number":147,"line_number":7,"text":"ﮍ","translation":{"text":"to mislead","language_name":"english","language_id":38},"transliteration":{"text":"liyuḍilla","language_name":"english","language_id":38}},{"id":79634,"position":32,"audio_url":"wbw/006_144_035.mp3","qpc_uthmani_hafs":"ٱلنَّاسَ","char_type_name":"word","page_number":147,"line_number":7,"text":"ﮎ","translation":{"text":"the people","language_name":"english","language_id":38},"transliteration":{"text":"l-nāsa","language_name":"english","language_id":38}},{"id":79635,"position":33,"audio_url":"wbw/006_144_036.mp3","qpc_uthmani_hafs":"بِغَيۡرِ","char_type_name":"word","page_number":147,"line_number":7,"text":"ﮏ","translation":{"text":"without","language_name":"english","language_id":38},"transliteration":{"text":"bighayri","language_name":"english","language_id":38}},{"id":79636,"position":34,"audio_url":"wbw/006_144_037.mp3","qpc_uthmani_hafs":"عِلۡمٍۚ","char_type_name":"word","page_number":147,"line_number":8,"text":"ﮐﮑ","translation":{"text":"knowledge","language_name":"english","language_id":38},"transliteration":{"text":"ʿil'min","language_name":"english","language_id":38}},{"id":79638,"position":35,"audio_url":"wbw/006_144_039.mp3","qpc_uthmani_hafs":"إِنَّ","char_type_name":"word","page_number":147,"line_number":8,"text":"ﮒ","translation":{"text":"Indeed","language_name":"english","language_id":38},"transliteration":{"text":"inna","language_name":"english","language_id":38}},{"id":79639,"position":36,"audio_url":"wbw/006_144_040.mp3","qpc_uthmani_hafs":"ٱللَّهَ","char_type_name":"word","page_number":147,"line_number":8,"text":"ﮓ","translation":{"text":"Allah","language_name":"english","language_id":38},"transliteration":{"text":"l-laha","language_name":"english","language_id":38}},{"id":79640,"position":37,"audio_url":"wbw/006_144_041.mp3","qpc_uthmani_hafs":"لَا","char_type_name":"word","page_number":147,"line_number":8,"text":"ﮔ","translation":{"text":"(does) not","language_name":"english","language_id":38},"transliteration":{"text":"lā","language_name":"english","language_id":38}},{"id":79641,"position":38,"audio_url":"wbw/006_144_042.mp3","qpc_uthmani_hafs":"يَهۡدِي","char_type_name":"word","page_number":147,"line_number":8,"text":"ﮕ","translation":{"text":"guide","language_name":"english","language_id":38},"transliteration":{"text":"yahdī","language_name":"english","language_id":38}},{"id":79642,"position":39,"audio_url":"wbw/006_144_043.mp3","qpc_uthmani_hafs":"ٱلۡقَوۡمَ","char_type_name":"word","page_number":147,"line_number":8,"text":"ﮖ","translation":{"text":"the people","language_name":"english","language_id":38},"transliteration":{"text":"l-qawma","language_name":"english","language_id":38}},{"id":79643,"position":40,"audio_url":"wbw/006_144_044.mp3","qpc_uthmani_hafs":"ٱلظَّٰلِمِينَ","char_type_name":"word","page_number":147,"line_number":8,"text":"ﮗ","translation":{"text":"the wrongdoing","language_name":"english","language_id":38},"transliteration":{"text":"l-ẓālimīna","language_name":"english","language_id":38}},{"id":79644,"position":41,"audio_url":null,"qpc_uthmani_hafs":"١٤٤","char_type_name":"end","page_number":147,"line_number":8,"text":"ﮘ","translation":{"text":"(144)","language_name":"english","language_id":38},"transliteration":{"text":null,"language_name":"english","language_id":38}}],"translations":[{"id":917362,"resource_id":134,"text":"dan sepasang dari unta dan sepasang dari lembu. Katakanlah, \"Apakah dua yang jantan yang diharamkan ataukah dua yang betina, ataukah yang ada dalam kandungan dua betinanya.  Apakah kamu menyaksikan di waktu Allah menetapkan ini bagimu? Maka siapakah yang lebih zalim daripada orang-orang yang membuat-buat dusta terhadap Allah untuk menyesatkan manusia tanpa pengetahuan?\" Sesungguhnya Allah tidak memberi petunjuk kepada orang-orang yang zalim."}]},{"id":934,"verse_number":145,"verse_key":"6:145","juz_number":8,"hizb_number":15,"rub_el_hizb_number":59,"ruku_number":119,"manzil_number":2,"sajdah_number":null,"text_uthmani":"قُل لَّآ أَجِدُ فِى مَآ أُوحِىَ إِلَىَّ مُحَرَّمًا عَلَىٰ طَاعِمٍ يَطْعَمُهُۥٓ إِلَّآ أَن يَكُونَ مَيْتَةً أَوْ دَمًا مَّسْفُوحًا أَوْ لَحْمَ خِنزِيرٍ فَإِنَّهُۥ رِجْسٌ أَوْ فِسْقًا أُهِلَّ لِغَيْرِ ٱللَّهِ بِهِۦ ۚ فَمَنِ ٱضْطُرَّ غَيْرَ بَاغٍ وَلَا عَادٍ فَإِنَّ رَبَّكَ غَفُورٌ رَّحِيمٌ","page_number":147,"words":[{"id":79829,"position":1,"audio_url":"wbw/006_145_001.mp3","qpc_uthmani_hafs":"قُل","char_type_name":"word","page_number":147,"line_number":8,"text":"ﮙ","translation":{"text":"Say","language_name":"english","language_id":38},"transliteration":{"text":"qul","language_name":"english","language_id":38}},{"id":79830,"position":2,"audio_url":"wbw/006_145_002.mp3","qpc_uthmani_hafs":"لَّآ","char_type_name":"word","page_number":147,"line_number":8,"text":"ﮚ","translation":{"text":"Not","language_name":"english","language_id":38},"transliteration":{"text":"lā","language_name":"english","language_id":38}},{"id":79831,"position":3,"audio_url":"wbw/006_145_003.mp3","qpc_uthmani_hafs":"أَجِدُ","char_type_name":"word","page_number":147,"line_number":8,"text":"ﮛ","translation":{"text":"(do) I find","language_name":"english","language_id":38},"transliteration":{"text":"ajidu","language_name":"english","language_id":38}},{"id":79832,"position":4,"audio_url":"wbw/006_145_004.mp3","qpc_uthmani_hafs":"فِي","char_type_name":"word","page_number":147,"line_number":9,"text":"ﮜ","translation":{"text":"in","language_name":"english","language_id":38},"transliteration":{"text":"fī","language_name":"english","language_id":38}},{"id":79833,"position":5,"audio_url":"wbw/006_145_005.mp3","qpc_uthmani_hafs":"مَآ","char_type_name":"word","page_number":147,"line_number":9,"text":"ﮝ","translation":{"text":"what","language_name":"english","language_id":38},"transliteration":{"text":"mā","language_name":"english","language_id":38}},{"id":79834,"position":6,"audio_url":"wbw/006_145_006.mp3","qpc_uthmani_hafs":"أُوحِيَ","char_type_name":"word","page_number":147,"line_number":9,"text":"ﮞ","translation":{"text":"has been revealed","language_name":"english","language_id":38},"transliteration":{"text":"ūḥiya","language_name":"english","language_id":38}},{"id":79835,"position":7,"audio_url":"wbw/006_145_007.mp3","qpc_uthmani_hafs":"إِلَيَّ","char_type_name":"word","page_number":147,"line_number":9,"text":"ﮟ","translation":{"text":"to me","language_name":"english","language_id":38},"transliteration":{"text":"ilayya","language_name":"english","language_id":38}},{"id":79836,"position":8,"audio_url":"wbw/006_145_008.mp3","qpc_uthmani_hafs":"مُحَرَّمًا","char_type_name":"word","page_number":147,"line_number":9,"text":"ﮠ","translation":{"text":"(anything) forbidden","language_name":"english","language_id":38},"transliteration":{"text":"muḥarraman","language_name":"english","language_id":38}},{"id":79837,"position":9,"audio_url":"wbw/006_145_009.mp3","qpc_uthmani_hafs":"عَلَىٰ","char_type_name":"word","page_number":147,"line_number":9,"text":"ﮡ","translation":{"text":"to","language_name":"english","language_id":38},"transliteration":{"text":"ʿalā","language_name":"english","language_id":38}},{"id":79838,"position":10,"audio_url":"wbw/006_145_010.mp3","qpc_uthmani_hafs":"طَاعِمٖ","char_type_name":"word","page_number":147,"line_number":9,"text":"ﮢ","translation":{"text":"an eater","language_name":"english","language_id":38},"transliteration":{"text":"ṭāʿimin","language_name":"english","language_id":38}},{"id":79839,"position":11,"audio_url":"wbw/006_145_011.mp3","qpc_uthmani_hafs":"يَطۡعَمُهُۥٓ","char_type_name":"word","page_number":147,"line_number":9,"text":"ﮣ","translation":{"text":"who eats it","language_name":"english","language_id":38},"transliteration":{"text":"yaṭʿamuhu","language_name":"english","language_id":38}},{"id":79840,"position":12,"audio_url":"wbw/006_145_012.mp3","qpc_uthmani_hafs":"إِلَّآ","char_type_name":"word","page_number":147,"line_number":9,"text":"ﮤ","translation":{"text":"except","language_name":"english","language_id":38},"transliteration":{"text":"illā","language_name":"english","language_id":38}},{"id":79841,"position":13,"audio_url":"wbw/006_145_013.mp3","qpc_uthmani_hafs":"أَن","char_type_name":"word","page_number":147,"line_number":9,"text":"ﮥ","translation":{"text":"that","language_name":"english","language_id":38},"transliteration":{"text":"an","language_name":"english","language_id":38}},{"id":79842,"position":14,"audio_url":"wbw/006_145_014.mp3","qpc_uthmani_hafs":"يَكُونَ","char_type_name":"word","page_number":147,"line_number":9,"text":"ﮦ","translation":{"text":"it be","language_name":"english","language_id":38},"transliteration":{"text":"yakūna","language_name":"english","language_id":38}},{"id":79843,"position":15,"audio_url":"wbw/006_145_015.mp3","qpc_uthmani_hafs":"مَيۡتَةً","char_type_name":"word","page_number":147,"line_number":10,"text":"ﮧ","translation":{"text":"dead","language_name":"english","language_id":38},"transliteration":{"text":"maytatan","language_name":"english","language_id":38}},{"id":79844,"position":16,"audio_url":"wbw/006_145_016.mp3","qpc_uthmani_hafs":"أَوۡ","char_type_name":"word","page_number":147,"line_number":10,"text":"ﮨ","translation":{"text":"or","language_name":"english","language_id":38},"transliteration":{"text":"aw","language_name":"english","language_id":38}},{"id":79845,"position":17,"audio_url":"wbw/006_145_017.mp3","qpc_uthmani_hafs":"دَمٗا","char_type_name":"word","page_number":147,"line_number":10,"text":"ﮩ","translation":{"text":"blood","language_name":"english","language_id":38},"transliteration":{"text":"daman","language_name":"english","language_id":38}},{"id":79846,"position":18,"audio_url":"wbw/006_145_018.mp3","qpc_uthmani_hafs":"مَّسۡفُوحًا","char_type_name":"word","page_number":147,"line_number":10,"text":"ﮪ","translation":{"text":"poured forth","language_name":"english","language_id":38},"transliteration":{"text":"masfūḥan","language_name":"english","language_id":38}},{"id":79847,"position":19,"audio_url":"wbw/006_145_019.mp3","qpc_uthmani_hafs":"أَوۡ","char_type_name":"word","page_number":147,"line_number":10,"text":"ﮫ","translation":{"text":"or","language_name":"english","language_id":38},"transliteration":{"text":"aw","language_name":"english","language_id":38}},{"id":79848,"position":20,"audio_url":"wbw/006_145_020.mp3","qpc_uthmani_hafs":"لَحۡمَ","char_type_name":"word","page_number":147,"line_number":10,"text":"ﮬ","translation":{"text":"(the) flesh","language_name":"english","language_id":38},"transliteration":{"text":"laḥma","language_name":"english","language_id":38}},{"id":79849,"position":21,"audio_url":"wbw/006_145_021.mp3","qpc_uthmani_hafs":"خِنزِيرٖ","char_type_name":"word","page_number":147,"line_number":10,"text":"ﮭ","translation":{"text":"(of) swine ","language_name":"english","language_id":38},"transliteration":{"text":"khinzīrin","language_name":"english","language_id":38}},{"id":79850,"position":22,"audio_url":"wbw/006_145_022.mp3","qpc_uthmani_hafs":"فَإِنَّهُۥ","char_type_name":"word","page_number":147,"line_number":10,"text":"ﮮ","translation":{"text":"for indeed, it","language_name":"english","language_id":38},"transliteration":{"text":"fa-innahu","language_name":"english","language_id":38}},{"id":79851,"position":23,"audio_url":"wbw/006_145_023.mp3","qpc_uthmani_hafs":"رِجۡسٌ","char_type_name":"word","page_number":147,"line_number":10,"text":"ﮯ","translation":{"text":"(is) filth ","language_name":"english","language_id":38},"transliteration":{"text":"rij'sun","language_name":"english","language_id":38}},{"id":79852,"position":24,"audio_url":"wbw/006_145_024.mp3","qpc_uthmani_hafs":"أَوۡ","char_type_name":"word","page_number":147,"line_number":10,"text":"ﮰ","translation":{"text":"or","language_name":"english","language_id":38},"transliteration":{"text":"aw","language_name":"english","language_id":38}},{"id":79853,"position":25,"audio_url":"wbw/006_145_025.mp3","qpc_uthmani_hafs":"فِسۡقًا","char_type_name":"word","page_number":147,"line_number":11,"text":"ﮱ","translation":{"text":"(it be) disobedience","language_name":"english","language_id":38},"transliteration":{"text":"fis'qan","language_name":"english","language_id":38}},{"id":79854,"position":26,"audio_url":"wbw/006_145_026.mp3","qpc_uthmani_hafs":"أُهِلَّ","char_type_name":"word","page_number":147,"line_number":11,"text":"ﯓ","translation":{"text":"[is] dedicated","language_name":"english","language_id":38},"transliteration":{"text":"uhilla","language_name":"english","language_id":38}},{"id":79855,"position":27,"audio_url":"wbw/006_145_027.mp3","qpc_uthmani_hafs":"لِغَيۡرِ","char_type_name":"word","page_number":147,"line_number":11,"text":"ﯔ","translation":{"text":"to other than","language_name":"english","language_id":38},"transliteration":{"text":"lighayri","language_name":"english","language_id":38}},{"id":79856,"position":28,"audio_url":"wbw/006_145_028.mp3","qpc_uthmani_hafs":"ٱللَّهِ","char_type_name":"word","page_number":147,"line_number":11,"text":"ﯕ","translation":{"text":"Allah","language_name":"english","language_id":38},"transliteration":{"text":"l-lahi","language_name":"english","language_id":38}},{"id":79857,"position":29,"audio_url":"wbw/006_145_029.mp3","qpc_uthmani_hafs":"بِهِۦۚ","char_type_name":"word","page_number":147,"line_number":11,"text":"ﯖﯗ","translation":{"text":"[on it]","language_name":"english","language_id":38},"transliteration":{"text":"bihi","language_name":"english","language_id":38}},{"id":79859,"position":30,"audio_url":"wbw/006_145_031.mp3","qpc_uthmani_hafs":"فَمَنِ","char_type_name":"word","page_number":147,"line_number":11,"text":"ﯘ","translation":{"text":"But whoever","language_name":"english","language_id":38},"transliteration":{"text":"famani","language_name":"english","language_id":38}},{"id":79860,"position":31,"audio_url":"wbw/006_145_032.mp3","qpc_uthmani_hafs":"ٱضۡطُرَّ","char_type_name":"word","page_number":147,"line_number":11,"text":"ﯙ","translation":{"text":"(is) compelled","language_name":"english","language_id":38},"transliteration":{"text":"uḍ'ṭurra","language_name":"english","language_id":38}},{"id":79861,"position":32,"audio_url":"wbw/006_145_033.mp3","qpc_uthmani_hafs":"غَيۡرَ","char_type_name":"word","page_number":147,"line_number":11,"text":"ﯚ","translation":{"text":"not","language_name":"english","language_id":38},"transliteration":{"text":"ghayra","language_name":"english","language_id":38}},{"id":79862,"position":33,"audio_url":"wbw/006_145_034.mp3","qpc_uthmani_hafs":"بَاغٖ","char_type_name":"word","page_number":147,"line_number":11,"text":"ﯛ","translation":{"text":"desiring","language_name":"english","language_id":38},"transliteration":{"text":"bāghin","language_name":"english","language_id":38}},{"id":79863,"position":34,"audio_url":"wbw/006_145_035.mp3","qpc_uthmani_hafs":"وَلَا","char_type_name":"word","page_number":147,"line_number":11,"text":"ﯜ","translation":{"text":"and not","language_name":"english","language_id":38},"transliteration":{"text":"walā","language_name":"english","language_id":38}},{"id":79864,"position":35,"audio_url":"wbw/006_145_036.mp3","qpc_uthmani_hafs":"عَادٖ","char_type_name":"word","page_number":147,"line_number":11,"text":"ﯝ","translation":{"text":"transgressing","language_name":"english","language_id":38},"transliteration":{"text":"ʿādin","language_name":"english","language_id":38}},{"id":79865,"position":36,"audio_url":"wbw/006_145_037.mp3","qpc_uthmani_hafs":"فَإِنَّ","char_type_name":"word","page_number":147,"line_number":11,"text":"ﯞ","translation":{"text":"then indeed","language_name":"english","language_id":38},"transliteration":{"text":"fa-inna","language_name":"english","language_id":38}},{"id":79866,"position":37,"audio_url":"wbw/006_145_038.mp3","qpc_uthmani_hafs":"رَبَّكَ","char_type_name":"word","page_number":147,"line_number":12,"text":"ﯟ","translation":{"text":"your Lord","language_name":"english","language_id":38},"transliteration":{"text":"rabbaka","language_name":"english","language_id":38}},{"id":79867,"position":38,"audio_url":"wbw/006_145_039.mp3","qpc_uthmani_hafs":"غَفُورٞ","char_type_name":"word","page_number":147,"line_number":12,"text":"ﯠ","translation":{"text":"(is) Oft-Forgiving","language_name":"english","language_id":38},"transliteration":{"text":"ghafūrun","language_name":"english","language_id":38}},{"id":79868,"position":39,"audio_url":"wbw/006_145_040.mp3","qpc_uthmani_hafs":"رَّحِيمٞ","char_type_name":"word","page_number":147,"line_number":12,"text":"ﯡ","translation":{"text":"Most Merciful","language_name":"english","language_id":38},"transliteration":{"text":"raḥīmun","language_name":"english","language_id":38}},{"id":79869,"position":40,"audio_url":null,"qpc_uthmani_hafs":"١٤٥","char_type_name":"end","page_number":147,"line_number":12,"text":"ﯢ","translation":{"text":"(145)","language_name":"english","language_id":38},"transliteration":{"text":null,"language_name":"english","language_id":38}}],"translations":[{"id":917363,"resource_id":134,"text":"Katakanlah, \"Tiadalah aku peroleh dalam wahyu yang diwahyukan kepadaku, sesuatu yang diharamkan bagi orang yang hendak memakannya, kecuali kalau makanan itu bangkai, atau darah yang mengalir, atau daging babi karena sesungguhnya semua itu kotor, atau binatang yang disembelih atas nama selain Allah.  Barang siapa yang dalam keadaan terpaksa sedang dia tidak menginginkannya dan tidak (pula) melampaui batas, maka sesungguhnya Tuhan-mu Maha Pengampun lagi Maha Penyayang\"."}]},{"id":935,"verse_number":146,"verse_key":"6:146","juz_number":8,"hizb_number":15,"rub_el_hizb_number":59,"ruku_number":119,"manzil_number":2,"sajdah_number":null,"text_uthmani":"وَعَلَى ٱلَّذِينَ هَادُوا۟ حَرَّمْنَا كُلَّ ذِى ظُفُرٍ ۖ وَمِنَ ٱلْبَقَرِ وَٱلْغَنَمِ حَرَّمْنَا عَلَيْهِمْ شُحُومَهُمَآ إِلَّا مَا حَمَلَتْ ظُهُورُهُمَآ أَوِ ٱلْحَوَايَآ أَوْ مَا ٱخْتَلَطَ بِعَظْمٍ ۚ ذَٰلِكَ جَزَيْنَـٰهُم بِبَغْيِهِمْ ۖ وَإِنَّا لَصَـٰدِقُونَ","page_number":147,"words":[{"id":79931,"position":1,"audio_url":"wbw/006_146_001.mp3","qpc_uthmani_hafs":"وَعَلَى","char_type_name":"word","page_number":147,"line_number":12,"text":"ﯣ","translation":{"text":"And to","language_name":"english","language_id":38},"transliteration":{"text":"waʿalā","language_name":"english","language_id":38}},{"id":79932,"position":2,"audio_url":"wbw/006_146_002.mp3","qpc_uthmani_hafs":"ٱلَّذِينَ","char_type_name":"word","page_number":147,"line_number":12,"text":"ﯤ","translation":{"text":"those who","language_name":"english","language_id":38},"transliteration":{"text":"alladhīna","language_name":"english","language_id":38}},{"id":79933,"position":3,"audio_url":"wbw/006_146_003.mp3","qpc_uthmani_hafs":"هَادُواْ","char_type_name":"word","page_number":147,"line_number":12,"text":"ﯥ","translation":{"text":"are Jews","language_name":"english","language_id":38},"transliteration":{"text":"hādū","language_name":"english","language_id":38}},{"id":79934,"position":4,"audio_url":"wbw/006_146_004.mp3","qpc_uthmani_hafs":"حَرَّمۡنَا","char_type_name":"word","page_number":147,"line_number":12,"text":"ﯦ","translation":{"text":"We forbade","language_name":"english","language_id":38},"transliteration":{"text":"ḥarramnā","language_name":"english","language_id":38}},{"id":79935,"position":5,"audio_url":"wbw/006_146_005.mp3","qpc_uthmani_hafs":"كُلَّ","char_type_name":"word","page_number":147,"line_number":13,"text":"ﯧ","translation":{"text":"every","language_name":"english","language_id":38},"transliteration":{"text":"kulla","language_name":"english","language_id":38}},{"id":79936,"position":6,"audio_url":"wbw/006_146_006.mp3","qpc_uthmani_hafs":"ذِي","char_type_name":"word","page_number":147,"line_number":13,"text":"ﯨ","translation":{"text":"(animal) with","language_name":"english","language_id":38},"transliteration":{"text":"dhī","language_name":"english","language_id":38}},{"id":79937,"position":7,"audio_url":"wbw/006_146_007.mp3","qpc_uthmani_hafs":"ظُفُرٖۖ","char_type_name":"word","page_number":147,"line_number":13,"text":"ﯩﯪ","translation":{"text":"claws","language_name":"english","language_id":38},"transliteration":{"text":"ẓufurin","language_name":"english","language_id":38}},{"id":79939,"position":8,"audio_url":"wbw/006_146_009.mp3","qpc_uthmani_hafs":"وَمِنَ","char_type_name":"word","page_number":147,"line_number":13,"text":"ﯫ","translation":{"text":"and of","language_name":"english","language_id":38},"transliteration":{"text":"wamina","language_name":"english","language_id":38}},{"id":79940,"position":9,"audio_url":"wbw/006_146_010.mp3","qpc_uthmani_hafs":"ٱلۡبَقَرِ","char_type_name":"word","page_number":147,"line_number":13,"text":"ﯬ","translation":{"text":"the cows","language_name":"english","language_id":38},"transliteration":{"text":"l-baqari","language_name":"english","language_id":38}},{"id":79941,"position":10,"audio_url":"wbw/006_146_011.mp3","qpc_uthmani_hafs":"وَٱلۡغَنَمِ","char_type_name":"word","page_number":147,"line_number":13,"text":"ﯭ","translation":{"text":"and the sheep","language_name":"english","language_id":38},"transliteration":{"text":"wal-ghanami","language_name":"english","language_id":38}},{"id":79942,"position":11,"audio_url":"wbw/006_146_012.mp3","qpc_uthmani_hafs":"حَرَّمۡنَا","char_type_name":"word","page_number":147,"line_number":13,"text":"ﯮ","translation":{"text":"We forbade","language_name":"english","language_id":38},"transliteration":{"text":"ḥarramnā","language_name":"english","language_id":38}},{"id":79943,"position":12,"audio_url":"wbw/006_146_013.mp3","qpc_uthmani_hafs":"عَلَيۡهِمۡ","char_type_name":"word","page_number":147,"line_number":13,"text":"ﯯ","translation":{"text":"to them","language_name":"english","language_id":38},"transliteration":{"text":"ʿalayhim","language_name":"english","language_id":38}},{"id":79944,"position":13,"audio_url":"wbw/006_146_014.mp3","qpc_uthmani_hafs":"شُحُومَهُمَآ","char_type_name":"word","page_number":147,"line_number":14,"text":"ﯰ","translation":{"text":"their fat","language_name":"english","language_id":38},"transliteration":{"text":"shuḥūmahumā","language_name":"english","language_id":38}},{"id":79945,"position":14,"audio_url":"wbw/006_146_015.mp3","qpc_uthmani_hafs":"إِلَّا","char_type_name":"word","page_number":147,"line_number":14,"text":"ﯱ","translation":{"text":"except","language_name":"english","language_id":38},"transliteration":{"text":"illā","language_name":"english","language_id":38}},{"id":79946,"position":15,"audio_url":"wbw/006_146_016.mp3","qpc_uthmani_hafs":"مَا","char_type_name":"word","page_number":147,"line_number":14,"text":"ﯲ","translation":{"text":"what","language_name":"english","language_id":38},"transliteration":{"text":"mā","language_name":"english","language_id":38}},{"id":79947,"position":16,"audio_url":"wbw/006_146_017.mp3","qpc_uthmani_hafs":"حَمَلَتۡ","char_type_name":"word","page_number":147,"line_number":14,"text":"ﯳ","translation":{"text":"carried","language_name":"english","language_id":38},"transliteration":{"text":"ḥamalat","language_name":"english","language_id":38}},{"id":79948,"position":17,"audio_url":"wbw/006_146_018.mp3","qpc_uthmani_hafs":"ظُهُورُهُمَآ","char_type_name":"word","page_number":147,"line_number":14,"text":"ﯴ","translation":{"text":"their backs","language_name":"english","language_id":38},"transliteration":{"text":"ẓuhūruhumā","language_name":"english","language_id":38}},{"id":79949,"position":18,"audio_url":"wbw/006_146_019.mp3","qpc_uthmani_hafs":"أَوِ","char_type_name":"word","page_number":147,"line_number":14,"text":"ﯵ","translation":{"text":"or","language_name":"english","language_id":38},"transliteration":{"text":"awi","language_name":"english","language_id":38}},{"id":79950,"position":19,"audio_url":"wbw/006_146_020.mp3","qpc_uthmani_hafs":"ٱلۡحَوَايَآ","char_type_name":"word","page_number":147,"line_number":14,"text":"ﯶ","translation":{"text":"the entrails","language_name":"english","language_id":38},"transliteration":{"text":"l-ḥawāyā","language_name":"english","language_id":38}},{"id":79951,"position":20,"audio_url":"wbw/006_146_021.mp3","qpc_uthmani_hafs":"أَوۡ","char_type_name":"word","page_number":147,"line_number":14,"text":"ﯷ","translation":{"text":"or","language_name":"english","language_id":38},"transliteration":{"text":"aw","language_name":"english","language_id":38}},{"id":79952,"position":21,"audio_url":"wbw/006_146_022.mp3","qpc_uthmani_hafs":"مَا","char_type_name":"word","page_number":147,"line_number":14,"text":"ﯸ","translation":{"text":"what","language_name":"english","language_id":38},"transliteration":{"text":"mā","language_name":"english","language_id":38}},{"id":79953,"position":22,"audio_url":"wbw/006_146_023.mp3","qpc_uthmani_hafs":"ٱخۡتَلَطَ","char_type_name":"word","page_number":147,"line_number":15,"text":"ﯹ","translation":{"text":"(is) joined","language_name":"english","language_id":38},"transliteration":{"text":"ikh'talaṭa","language_name":"english","language_id":38}},{"id":79954,"position":23,"audio_url":"wbw/006_146_024.mp3","qpc_uthmani_hafs":"بِعَظۡمٖۚ","char_type_name":"word","page_number":147,"line_number":15,"text":"ﯺﯻ","translation":{"text":"with the bone","language_name":"english","language_id":38},"transliteration":{"text":"biʿaẓmin","language_name":"english","language_id":38}},{"id":79956,"position":24,"audio_url":"wbw/006_146_026.mp3","qpc_uthmani_hafs":"ذَٰلِكَ","char_type_name":"word","page_number":147,"line_number":15,"text":"ﯼ","translation":{"text":"That","language_name":"english","language_id":38},"transliteration":{"text":"dhālika","language_name":"english","language_id":38}},{"id":79957,"position":25,"audio_url":"wbw/006_146_027.mp3","qpc_uthmani_hafs":"جَزَيۡنَٰهُم","char_type_name":"word","page_number":147,"line_number":15,"text":"ﯽ","translation":{"text":"(is) their recompense","language_name":"english","language_id":38},"transliteration":{"text":"jazaynāhum","language_name":"english","language_id":38}},{"id":79958,"position":26,"audio_url":"wbw/006_146_028.mp3","qpc_uthmani_hafs":"بِبَغۡيِهِمۡۖ","char_type_name":"word","page_number":147,"line_number":15,"text":"ﯾﯿ","translation":{"text":"for their rebellion","language_name":"english","language_id":38},"transliteration":{"text":"bibaghyihim","language_name":"english","language_id":38}},{"id":79960,"position":27,"audio_url":"wbw/006_146_030.mp3","qpc_uthmani_hafs":"وَإِنَّا","char_type_name":"word","page_number":147,"line_number":15,"text":"ﰀ","translation":{"text":"And indeed, We","language_name":"english","language_id":38},"transliteration":{"text":"wa-innā","language_name":"english","language_id":38}},{"id":79961,"position":28,"audio_url":"wbw/006_146_031.mp3","qpc_uthmani_hafs":"لَصَٰدِقُونَ","char_type_name":"word","page_number":147,"line_number":15,"text":"ﰁ","translation":{"text":"[surely] are truthful","language_name":"english","language_id":38},"transliteration":{"text":"laṣādiqūna","language_name":"english","language_id":38}},{"id":79962,"position":29,"audio_url":null,"qpc_uthmani_hafs":"١٤٦","char_type_name":"end","page_number":147,"line_number":15,"text":"ﰂ","translation":{"text":"(146)","language_name":"english","language_id":38},"transliteration":{"text":null,"language_name":"english","language_id":38}}],"translations":[{"id":917364,"resource_id":134,"text":"Dan kepada orang-orang Yahudi, Kami haramkan segala binatang yang berkuku<sup foot_note=210287>1</sup>; dan dari sapi dan domba, Kami haramkan atas mereka lemak dari kedua binatang itu, selain lemak yang melekat di punggung keduanya, atau yang di perut besar dan usus atau yang bercampur dengan tulang.  Demikianlah, Kami hukum mereka disebabkan kedurhakaan mereka; dan sesungguhnya Kami adalah Maha Benar."}]}],"pagination":{"per_page":50,"current_page":1,"next_page":null,"total_pages":1,"total_records":4}}