{"verses":[{"id":941,"verse_number":152,"verse_key":"6:152","juz_number":8,"hizb_number":15,"rub_el_hizb_number":60,"ruku_number":120,"manzil_number":2,"sajdah_number":null,"text_uthmani":"وَلَا تَقْرَبُوا۟ مَالَ ٱلْيَتِيمِ إِلَّا بِٱلَّتِى هِىَ أَحْسَنُ حَتَّىٰ يَبْلُغَ أَشُدَّهُۥ ۖ وَأَوْفُوا۟ ٱلْكَيْلَ وَٱلْمِيزَانَ بِٱلْقِسْطِ ۖ لَا نُكَلِّفُ نَفْسًا إِلَّا وُسْعَهَا ۖ وَإِذَا قُلْتُمْ فَٱعْدِلُوا۟ وَلَوْ كَانَ ذَا قُرْبَىٰ ۖ وَبِعَهْدِ ٱللَّهِ أَوْفُوا۟ ۚ ذَٰلِكُمْ وَصَّىٰكُم بِهِۦ لَعَلَّكُمْ تَذَكَّرُونَ","page_number":149,"words":[{"id":80716,"position":1,"audio_url":"wbw/006_152_001.mp3","qpc_uthmani_hafs":"وَلَا","char_type_name":"word","page_number":149,"line_number":1,"text":"ﭑ","translation":{"text":"And (do) not","language_name":"english","language_id":38},"transliteration":{"text":"walā","language_name":"english","language_id":38}},{"id":80717,"position":2,"audio_url":"wbw/006_152_002.mp3","qpc_uthmani_hafs":"تَقۡرَبُواْ","char_type_name":"word","page_number":149,"line_number":1,"text":"ﭒ","translation":{"text":"go near","language_name":"english","language_id":38},"transliteration":{"text":"taqrabū","language_name":"english","language_id":38}},{"id":80718,"position":3,"audio_url":"wbw/006_152_003.mp3","qpc_uthmani_hafs":"مَالَ","char_type_name":"word","page_number":149,"line_number":1,"text":"ﭓ","translation":{"text":"wealth","language_name":"english","language_id":38},"transliteration":{"text":"māla","language_name":"english","language_id":38}},{"id":80719,"position":4,"audio_url":"wbw/006_152_004.mp3","qpc_uthmani_hafs":"ٱلۡيَتِيمِ","char_type_name":"word","page_number":149,"line_number":1,"text":"ﭔ","translation":{"text":"(of) the orphans","language_name":"english","language_id":38},"transliteration":{"text":"l-yatīmi","language_name":"english","language_id":38}},{"id":80720,"position":5,"audio_url":"wbw/006_152_005.mp3","qpc_uthmani_hafs":"إِلَّا","char_type_name":"word","page_number":149,"line_number":1,"text":"ﭕ","translation":{"text":"except","language_name":"english","language_id":38},"transliteration":{"text":"illā","language_name":"english","language_id":38}},{"id":80721,"position":6,"audio_url":"wbw/006_152_006.mp3","qpc_uthmani_hafs":"بِٱلَّتِي","char_type_name":"word","page_number":149,"line_number":1,"text":"ﭖ","translation":{"text":"with that","language_name":"english","language_id":38},"transliteration":{"text":"bi-allatī","language_name":"english","language_id":38}},{"id":80722,"position":7,"audio_url":"wbw/006_152_007.mp3","qpc_uthmani_hafs":"هِيَ","char_type_name":"word","page_number":149,"line_number":1,"text":"ﭗ","translation":{"text":"which","language_name":"english","language_id":38},"transliteration":{"text":"hiya","language_name":"english","language_id":38}},{"id":80723,"position":8,"audio_url":"wbw/006_152_008.mp3","qpc_uthmani_hafs":"أَحۡسَنُ","char_type_name":"word","page_number":149,"line_number":1,"text":"ﭘ","translation":{"text":"(is) best","language_name":"english","language_id":38},"transliteration":{"text":"aḥsanu","language_name":"english","language_id":38}},{"id":80724,"position":9,"audio_url":"wbw/006_152_009.mp3","qpc_uthmani_hafs":"حَتَّىٰ","char_type_name":"word","page_number":149,"line_number":1,"text":"ﭙ","translation":{"text":"until","language_name":"english","language_id":38},"transliteration":{"text":"ḥattā","language_name":"english","language_id":38}},{"id":80725,"position":10,"audio_url":"wbw/006_152_010.mp3","qpc_uthmani_hafs":"يَبۡلُغَ","char_type_name":"word","page_number":149,"line_number":1,"text":"ﭚ","translation":{"text":"he reaches","language_name":"english","language_id":38},"transliteration":{"text":"yablugha","language_name":"english","language_id":38}},{"id":80726,"position":11,"audio_url":"wbw/006_152_011.mp3","qpc_uthmani_hafs":"أَشُدَّهُۥۚ","char_type_name":"word","page_number":149,"line_number":1,"text":"ﭛﭜ","translation":{"text":"his maturity","language_name":"english","language_id":38},"transliteration":{"text":"ashuddahu","language_name":"english","language_id":38}},{"id":80728,"position":12,"audio_url":"wbw/006_152_013.mp3","qpc_uthmani_hafs":"وَأَوۡفُواْ","char_type_name":"word","page_number":149,"line_number":2,"text":"ﭝ","translation":{"text":"And give full","language_name":"english","language_id":38},"transliteration":{"text":"wa-awfū","language_name":"english","language_id":38}},{"id":80729,"position":13,"audio_url":"wbw/006_152_014.mp3","qpc_uthmani_hafs":"ٱلۡكَيۡلَ","char_type_name":"word","page_number":149,"line_number":2,"text":"ﭞ","translation":{"text":"[the] measure","language_name":"english","language_id":38},"transliteration":{"text":"l-kayla","language_name":"english","language_id":38}},{"id":80730,"position":14,"audio_url":"wbw/006_152_015.mp3","qpc_uthmani_hafs":"وَٱلۡمِيزَانَ","char_type_name":"word","page_number":149,"line_number":2,"text":"ﭟ","translation":{"text":"and the weight","language_name":"english","language_id":38},"transliteration":{"text":"wal-mīzāna","language_name":"english","language_id":38}},{"id":80731,"position":15,"audio_url":"wbw/006_152_016.mp3","qpc_uthmani_hafs":"بِٱلۡقِسۡطِۖ","char_type_name":"word","page_number":149,"line_number":2,"text":"ﭠﭡ","translation":{"text":"with justice","language_name":"english","language_id":38},"transliteration":{"text":"bil-qis'ṭi","language_name":"english","language_id":38}},{"id":80733,"position":16,"audio_url":"wbw/006_152_018.mp3","qpc_uthmani_hafs":"لَا","char_type_name":"word","page_number":149,"line_number":2,"text":"ﭢ","translation":{"text":"Not","language_name":"english","language_id":38},"transliteration":{"text":"lā","language_name":"english","language_id":38}},{"id":80734,"position":17,"audio_url":"wbw/006_152_019.mp3","qpc_uthmani_hafs":"نُكَلِّفُ","char_type_name":"word","page_number":149,"line_number":2,"text":"ﭣ","translation":{"text":"We burden","language_name":"english","language_id":38},"transliteration":{"text":"nukallifu","language_name":"english","language_id":38}},{"id":80735,"position":18,"audio_url":"wbw/006_152_020.mp3","qpc_uthmani_hafs":"نَفۡسًا","char_type_name":"word","page_number":149,"line_number":2,"text":"ﭤ","translation":{"text":"any soul","language_name":"english","language_id":38},"transliteration":{"text":"nafsan","language_name":"english","language_id":38}},{"id":80736,"position":19,"audio_url":"wbw/006_152_021.mp3","qpc_uthmani_hafs":"إِلَّا","char_type_name":"word","page_number":149,"line_number":2,"text":"ﭥ","translation":{"text":"except","language_name":"english","language_id":38},"transliteration":{"text":"illā","language_name":"english","language_id":38}},{"id":80737,"position":20,"audio_url":"wbw/006_152_022.mp3","qpc_uthmani_hafs":"وُسۡعَهَاۖ","char_type_name":"word","page_number":149,"line_number":3,"text":"ﭦﭧ","translation":{"text":"(to) its capacity","language_name":"english","language_id":38},"transliteration":{"text":"wus'ʿahā","language_name":"english","language_id":38}},{"id":80739,"position":21,"audio_url":"wbw/006_152_024.mp3","qpc_uthmani_hafs":"وَإِذَا","char_type_name":"word","page_number":149,"line_number":3,"text":"ﭨ","translation":{"text":"And when","language_name":"english","language_id":38},"transliteration":{"text":"wa-idhā","language_name":"english","language_id":38}},{"id":80740,"position":22,"audio_url":"wbw/006_152_025.mp3","qpc_uthmani_hafs":"قُلۡتُمۡ","char_type_name":"word","page_number":149,"line_number":3,"text":"ﭩ","translation":{"text":"you speak","language_name":"english","language_id":38},"transliteration":{"text":"qul'tum","language_name":"english","language_id":38}},{"id":80741,"position":23,"audio_url":"wbw/006_152_026.mp3","qpc_uthmani_hafs":"فَٱعۡدِلُواْ","char_type_name":"word","page_number":149,"line_number":3,"text":"ﭪ","translation":{"text":"then be just","language_name":"english","language_id":38},"transliteration":{"text":"fa-iʿ'dilū","language_name":"english","language_id":38}},{"id":80742,"position":24,"audio_url":"wbw/006_152_027.mp3","qpc_uthmani_hafs":"وَلَوۡ","char_type_name":"word","page_number":149,"line_number":3,"text":"ﭫ","translation":{"text":"even if","language_name":"english","language_id":38},"transliteration":{"text":"walaw","language_name":"english","language_id":38}},{"id":80743,"position":25,"audio_url":"wbw/006_152_028.mp3","qpc_uthmani_hafs":"كَانَ","char_type_name":"word","page_number":149,"line_number":3,"text":"ﭬ","translation":{"text":"he is","language_name":"english","language_id":38},"transliteration":{"text":"kāna","language_name":"english","language_id":38}},{"id":80744,"position":26,"audio_url":"wbw/006_152_029.mp3","qpc_uthmani_hafs":"ذَا","char_type_name":"word","page_number":149,"line_number":3,"text":"ﭭ","translation":{"text":"(one of)","language_name":"english","language_id":38},"transliteration":{"text":"dhā","language_name":"english","language_id":38}},{"id":80745,"position":27,"audio_url":"wbw/006_152_030.mp3","qpc_uthmani_hafs":"قُرۡبَىٰۖ","char_type_name":"word","page_number":149,"line_number":3,"text":"ﭮﭯ","translation":{"text":"a near relative","language_name":"english","language_id":38},"transliteration":{"text":"qur'bā","language_name":"english","language_id":38}},{"id":80747,"position":28,"audio_url":"wbw/006_152_032.mp3","qpc_uthmani_hafs":"وَبِعَهۡدِ","char_type_name":"word","page_number":149,"line_number":3,"text":"ﭰ","translation":{"text":"And (the) Covenant","language_name":"english","language_id":38},"transliteration":{"text":"wabiʿahdi","language_name":"english","language_id":38}},{"id":80748,"position":29,"audio_url":"wbw/006_152_033.mp3","qpc_uthmani_hafs":"ٱللَّهِ","char_type_name":"word","page_number":149,"line_number":4,"text":"ﭱ","translation":{"text":"(of) Allah","language_name":"english","language_id":38},"transliteration":{"text":"l-lahi","language_name":"english","language_id":38}},{"id":80749,"position":30,"audio_url":"wbw/006_152_034.mp3","qpc_uthmani_hafs":"أَوۡفُواْۚ","char_type_name":"word","page_number":149,"line_number":4,"text":"ﭲﭳ","translation":{"text":"fulfil","language_name":"english","language_id":38},"transliteration":{"text":"awfū","language_name":"english","language_id":38}},{"id":80751,"position":31,"audio_url":"wbw/006_152_036.mp3","qpc_uthmani_hafs":"ذَٰلِكُمۡ","char_type_name":"word","page_number":149,"line_number":4,"text":"ﭴ","translation":{"text":"That","language_name":"english","language_id":38},"transliteration":{"text":"dhālikum","language_name":"english","language_id":38}},{"id":80752,"position":32,"audio_url":"wbw/006_152_037.mp3","qpc_uthmani_hafs":"وَصَّىٰكُم","char_type_name":"word","page_number":149,"line_number":4,"text":"ﭵ","translation":{"text":"(He) has enjoined on you","language_name":"english","language_id":38},"transliteration":{"text":"waṣṣākum","language_name":"english","language_id":38}},{"id":80753,"position":33,"audio_url":"wbw/006_152_038.mp3","qpc_uthmani_hafs":"بِهِۦ","char_type_name":"word","page_number":149,"line_number":4,"text":"ﭶ","translation":{"text":"with it","language_name":"english","language_id":38},"transliteration":{"text":"bihi","language_name":"english","language_id":38}},{"id":80754,"position":34,"audio_url":"wbw/006_152_039.mp3","qpc_uthmani_hafs":"لَعَلَّكُمۡ","char_type_name":"word","page_number":149,"line_number":4,"text":"ﭷ","translation":{"text":"so that you may","language_name":"english","language_id":38},"transliteration":{"text":"laʿallakum","language_name":"english","language_id":38}},{"id":80755,"position":35,"audio_url":"wbw/006_152_040.mp3","qpc_uthmani_hafs":"تَذَكَّرُونَ","char_type_name":"word","page_number":149,"line_number":4,"text":"ﭸ","translation":{"text":"remember","language_name":"english","language_id":38},"transliteration":{"text":"tadhakkarūna","language_name":"english","language_id":38}},{"id":80756,"position":36,"audio_url":null,"qpc_uthmani_hafs":"١٥٢","char_type_name":"end","page_number":149,"line_number":4,"text":"ﭹ","translation":{"text":"(152)","language_name":"english","language_id":38},"transliteration":{"text":null,"language_name":"english","language_id":38}}],"translations":[{"id":917370,"resource_id":134,"text":"Dan janganlah kamu dekati harta anak yatim, kecuali dengan cara yang lebih bermanfaat, hingga sampai ia dewasa.  Dan sempurnakanlah takaran dan timbangan dengan adil.  Kami tidak memikulkan beban kepada seseorang melainkan sekedar kesanggupannya.  Dan apabila kamu berkata, \"Maka hendaklah kamu berlaku adil, kendatipun ia adalah kerabat(mu)<sup foot_note=210289>1</sup>, dan penuhilah janji Allah<sup foot_note=210290>2</sup>.  Yang demikian itu diperintahkan Allah kepadamu agar kamu ingat."}]},{"id":942,"verse_number":153,"verse_key":"6:153","juz_number":8,"hizb_number":15,"rub_el_hizb_number":60,"ruku_number":120,"manzil_number":2,"sajdah_number":null,"text_uthmani":"وَأَنَّ هَـٰذَا صِرَٰطِى مُسْتَقِيمًا فَٱتَّبِعُوهُ ۖ وَلَا تَتَّبِعُوا۟ ٱلسُّبُلَ فَتَفَرَّقَ بِكُمْ عَن سَبِيلِهِۦ ۚ ذَٰلِكُمْ وَصَّىٰكُم بِهِۦ لَعَلَّكُمْ تَتَّقُونَ","page_number":149,"words":[{"id":80774,"position":1,"audio_url":"wbw/006_153_001.mp3","qpc_uthmani_hafs":"وَأَنَّ","char_type_name":"word","page_number":149,"line_number":5,"text":"ﭺ","translation":{"text":"And that","language_name":"english","language_id":38},"transliteration":{"text":"wa-anna","language_name":"english","language_id":38}},{"id":80775,"position":2,"audio_url":"wbw/006_153_002.mp3","qpc_uthmani_hafs":"هَٰذَا","char_type_name":"word","page_number":149,"line_number":5,"text":"ﭻ","translation":{"text":"this","language_name":"english","language_id":38},"transliteration":{"text":"hādhā","language_name":"english","language_id":38}},{"id":80776,"position":3,"audio_url":"wbw/006_153_003.mp3","qpc_uthmani_hafs":"صِرَٰطِي","char_type_name":"word","page_number":149,"line_number":5,"text":"ﭼ","translation":{"text":"(is) My path","language_name":"english","language_id":38},"transliteration":{"text":"ṣirāṭī","language_name":"english","language_id":38}},{"id":80777,"position":4,"audio_url":"wbw/006_153_004.mp3","qpc_uthmani_hafs":"مُسۡتَقِيمٗا","char_type_name":"word","page_number":149,"line_number":5,"text":"ﭽ","translation":{"text":"straight","language_name":"english","language_id":38},"transliteration":{"text":"mus'taqīman","language_name":"english","language_id":38}},{"id":80778,"position":5,"audio_url":"wbw/006_153_005.mp3","qpc_uthmani_hafs":"فَٱتَّبِعُوهُۖ","char_type_name":"word","page_number":149,"line_number":5,"text":"ﭾﭿ","translation":{"text":"so follow it","language_name":"english","language_id":38},"transliteration":{"text":"fa-ittabiʿūhu","language_name":"english","language_id":38}},{"id":80780,"position":6,"audio_url":"wbw/006_153_007.mp3","qpc_uthmani_hafs":"وَلَا","char_type_name":"word","page_number":149,"line_number":5,"text":"ﮀ","translation":{"text":"And (do) not","language_name":"english","language_id":38},"transliteration":{"text":"walā","language_name":"english","language_id":38}},{"id":80781,"position":7,"audio_url":"wbw/006_153_008.mp3","qpc_uthmani_hafs":"تَتَّبِعُواْ","char_type_name":"word","page_number":149,"line_number":5,"text":"ﮁ","translation":{"text":"follow","language_name":"english","language_id":38},"transliteration":{"text":"tattabiʿū","language_name":"english","language_id":38}},{"id":80782,"position":8,"audio_url":"wbw/006_153_009.mp3","qpc_uthmani_hafs":"ٱلسُّبُلَ","char_type_name":"word","page_number":149,"line_number":5,"text":"ﮂ","translation":{"text":"the (other) paths","language_name":"english","language_id":38},"transliteration":{"text":"l-subula","language_name":"english","language_id":38}},{"id":80783,"position":9,"audio_url":"wbw/006_153_010.mp3","qpc_uthmani_hafs":"فَتَفَرَّقَ","char_type_name":"word","page_number":149,"line_number":6,"text":"ﮃ","translation":{"text":"then they will separate","language_name":"english","language_id":38},"transliteration":{"text":"fatafarraqa","language_name":"english","language_id":38}},{"id":80784,"position":10,"audio_url":"wbw/006_153_011.mp3","qpc_uthmani_hafs":"بِكُمۡ","char_type_name":"word","page_number":149,"line_number":6,"text":"ﮄ","translation":{"text":"you","language_name":"english","language_id":38},"transliteration":{"text":"bikum","language_name":"english","language_id":38}},{"id":80785,"position":11,"audio_url":"wbw/006_153_012.mp3","qpc_uthmani_hafs":"عَن","char_type_name":"word","page_number":149,"line_number":6,"text":"ﮅ","translation":{"text":"from","language_name":"english","language_id":38},"transliteration":{"text":"ʿan","language_name":"english","language_id":38}},{"id":80786,"position":12,"audio_url":"wbw/006_153_013.mp3","qpc_uthmani_hafs":"سَبِيلِهِۦۚ","char_type_name":"word","page_number":149,"line_number":6,"text":"ﮆﮇ","translation":{"text":"His path","language_name":"english","language_id":38},"transliteration":{"text":"sabīlihi","language_name":"english","language_id":38}},{"id":80788,"position":13,"audio_url":"wbw/006_153_015.mp3","qpc_uthmani_hafs":"ذَٰلِكُمۡ","char_type_name":"word","page_number":149,"line_number":6,"text":"ﮈ","translation":{"text":"That","language_name":"english","language_id":38},"transliteration":{"text":"dhālikum","language_name":"english","language_id":38}},{"id":80789,"position":14,"audio_url":"wbw/006_153_016.mp3","qpc_uthmani_hafs":"وَصَّىٰكُم","char_type_name":"word","page_number":149,"line_number":6,"text":"ﮉ","translation":{"text":"(He) has enjoined on you","language_name":"english","language_id":38},"transliteration":{"text":"waṣṣākum","language_name":"english","language_id":38}},{"id":80790,"position":15,"audio_url":"wbw/006_153_017.mp3","qpc_uthmani_hafs":"بِهِۦ","char_type_name":"word","page_number":149,"line_number":6,"text":"ﮊ","translation":{"text":"[with it]","language_name":"english","language_id":38},"transliteration":{"text":"bihi","language_name":"english","language_id":38}},{"id":80791,"position":16,"audio_url":"wbw/006_153_018.mp3","qpc_uthmani_hafs":"لَعَلَّكُمۡ","char_type_name":"word","page_number":149,"line_number":6,"text":"ﮋ","translation":{"text":"so that you may","language_name":"english","language_id":38},"transliteration":{"text":"laʿallakum","language_name":"english","language_id":38}},{"id":80792,"position":17,"audio_url":"wbw/006_153_019.mp3","qpc_uthmani_hafs":"تَتَّقُونَ","char_type_name":"word","page_number":149,"line_number":7,"text":"ﮌ","translation":{"text":"become righteous","language_name":"english","language_id":38},"transliteration":{"text":"tattaqūna","language_name":"english","language_id":38}},{"id":80793,"position":18,"audio_url":null,"qpc_uthmani_hafs":"١٥٣","char_type_name":"end","page_number":149,"line_number":7,"text":"ﮍ","translation":{"text":"(153)","language_name":"english","language_id":38},"transliteration":{"text":null,"language_name":"english","language_id":38}}],"translations":[{"id":917371,"resource_id":134,"text":"dan bahwa (yang Kami perintahkan ini) adalah jalan-Ku yang lurus, maka ikutilah dia; dan janganlah kamu mengikuti jalan-jalan (yang lain)<sup foot_note=210291>1</sup>, karena jalan-jalan itu mencerai beraikan kamu dari jalan-Nya.  Yang demikian itu diperintahkan Allah kepadamu agar kamu bertakwa."}]},{"id":943,"verse_number":154,"verse_key":"6:154","juz_number":8,"hizb_number":15,"rub_el_hizb_number":60,"ruku_number":120,"manzil_number":2,"sajdah_number":null,"text_uthmani":"ثُمَّ ءَاتَيْنَا مُوسَى ٱلْكِتَـٰبَ تَمَامًا عَلَى ٱلَّذِىٓ أَحْسَنَ وَتَفْصِيلًا لِّكُلِّ شَىْءٍ وَهُدًى وَرَحْمَةً لَّعَلَّهُم بِلِقَآءِ رَبِّهِمْ يُؤْمِنُونَ","page_number":149,"words":[{"id":80901,"position":1,"audio_url":"wbw/006_154_001.mp3","qpc_uthmani_hafs":"ثُمَّ","char_type_name":"word","page_number":149,"line_number":7,"text":"ﮎ","translation":{"text":"Moreover","language_name":"english","language_id":38},"transliteration":{"text":"thumma","language_name":"english","language_id":38}},{"id":80902,"position":2,"audio_url":"wbw/006_154_002.mp3","qpc_uthmani_hafs":"ءَاتَيۡنَا","char_type_name":"word","page_number":149,"line_number":7,"text":"ﮏ","translation":{"text":"We gave","language_name":"english","language_id":38},"transliteration":{"text":"ātaynā","language_name":"english","language_id":38}},{"id":80903,"position":3,"audio_url":"wbw/006_154_003.mp3","qpc_uthmani_hafs":"مُوسَى","char_type_name":"word","page_number":149,"line_number":7,"text":"ﮐ","translation":{"text":"Musa","language_name":"english","language_id":38},"transliteration":{"text":"mūsā","language_name":"english","language_id":38}},{"id":80904,"position":4,"audio_url":"wbw/006_154_004.mp3","qpc_uthmani_hafs":"ٱلۡكِتَٰبَ","char_type_name":"word","page_number":149,"line_number":7,"text":"ﮑ","translation":{"text":"the Book","language_name":"english","language_id":38},"transliteration":{"text":"l-kitāba","language_name":"english","language_id":38}},{"id":80905,"position":5,"audio_url":"wbw/006_154_005.mp3","qpc_uthmani_hafs":"تَمَامًا","char_type_name":"word","page_number":149,"line_number":7,"text":"ﮒ","translation":{"text":"completing (Our Favor)","language_name":"english","language_id":38},"transliteration":{"text":"tamāman","language_name":"english","language_id":38}},{"id":80906,"position":6,"audio_url":"wbw/006_154_006.mp3","qpc_uthmani_hafs":"عَلَى","char_type_name":"word","page_number":149,"line_number":7,"text":"ﮓ","translation":{"text":"on","language_name":"english","language_id":38},"transliteration":{"text":"ʿalā","language_name":"english","language_id":38}},{"id":80907,"position":7,"audio_url":"wbw/006_154_007.mp3","qpc_uthmani_hafs":"ٱلَّذِيٓ","char_type_name":"word","page_number":149,"line_number":7,"text":"ﮔ","translation":{"text":"the one who","language_name":"english","language_id":38},"transliteration":{"text":"alladhī","language_name":"english","language_id":38}},{"id":80908,"position":8,"audio_url":"wbw/006_154_008.mp3","qpc_uthmani_hafs":"أَحۡسَنَ","char_type_name":"word","page_number":149,"line_number":8,"text":"ﮕ","translation":{"text":"did good","language_name":"english","language_id":38},"transliteration":{"text":"aḥsana","language_name":"english","language_id":38}},{"id":80909,"position":9,"audio_url":"wbw/006_154_009.mp3","qpc_uthmani_hafs":"وَتَفۡصِيلٗا","char_type_name":"word","page_number":149,"line_number":8,"text":"ﮖ","translation":{"text":"and an explanation","language_name":"english","language_id":38},"transliteration":{"text":"watafṣīlan","language_name":"english","language_id":38}},{"id":80910,"position":10,"audio_url":"wbw/006_154_010.mp3","qpc_uthmani_hafs":"لِّكُلِّ","char_type_name":"word","page_number":149,"line_number":8,"text":"ﮗ","translation":{"text":"of every","language_name":"english","language_id":38},"transliteration":{"text":"likulli","language_name":"english","language_id":38}},{"id":80911,"position":11,"audio_url":"wbw/006_154_011.mp3","qpc_uthmani_hafs":"شَيۡءٖ","char_type_name":"word","page_number":149,"line_number":8,"text":"ﮘ","translation":{"text":"thing","language_name":"english","language_id":38},"transliteration":{"text":"shayin","language_name":"english","language_id":38}},{"id":80912,"position":12,"audio_url":"wbw/006_154_012.mp3","qpc_uthmani_hafs":"وَهُدٗى","char_type_name":"word","page_number":149,"line_number":8,"text":"ﮙ","translation":{"text":"and a guidance","language_name":"english","language_id":38},"transliteration":{"text":"wahudan","language_name":"english","language_id":38}},{"id":80913,"position":13,"audio_url":"wbw/006_154_013.mp3","qpc_uthmani_hafs":"وَرَحۡمَةٗ","char_type_name":"word","page_number":149,"line_number":8,"text":"ﮚ","translation":{"text":"and mercy","language_name":"english","language_id":38},"transliteration":{"text":"waraḥmatan","language_name":"english","language_id":38}},{"id":80914,"position":14,"audio_url":"wbw/006_154_014.mp3","qpc_uthmani_hafs":"لَّعَلَّهُم","char_type_name":"word","page_number":149,"line_number":8,"text":"ﮛ","translation":{"text":"so that they may","language_name":"english","language_id":38},"transliteration":{"text":"laʿallahum","language_name":"english","language_id":38}},{"id":80915,"position":15,"audio_url":"wbw/006_154_015.mp3","qpc_uthmani_hafs":"بِلِقَآءِ","char_type_name":"word","page_number":149,"line_number":8,"text":"ﮜ","translation":{"text":"in (the) meeting","language_name":"english","language_id":38},"transliteration":{"text":"biliqāi","language_name":"english","language_id":38}},{"id":80916,"position":16,"audio_url":"wbw/006_154_016.mp3","qpc_uthmani_hafs":"رَبِّهِمۡ","char_type_name":"word","page_number":149,"line_number":9,"text":"ﮝ","translation":{"text":"(with) their Lord","language_name":"english","language_id":38},"transliteration":{"text":"rabbihim","language_name":"english","language_id":38}},{"id":80917,"position":17,"audio_url":"wbw/006_154_017.mp3","qpc_uthmani_hafs":"يُؤۡمِنُونَ","char_type_name":"word","page_number":149,"line_number":9,"text":"ﮞ","translation":{"text":"believe","language_name":"english","language_id":38},"transliteration":{"text":"yu'minūna","language_name":"english","language_id":38}},{"id":80918,"position":18,"audio_url":null,"qpc_uthmani_hafs":"١٥٤","char_type_name":"end","page_number":149,"line_number":9,"text":"ﮟ","translation":{"text":"(154)","language_name":"english","language_id":38},"transliteration":{"text":null,"language_name":"english","language_id":38}}],"translations":[{"id":917372,"resource_id":134,"text":"Kemudian Kami telah memberikan Alkitab (Taurat) kepada Musa untuk menyempurnakan (nikmat Kami) kepada orang yang berbuat kebaikan, dan untuk menjelaskan segala sesuatu dan sebagai petunjuk dan rahmat agar mereka beriman (bahwa) mereka akan menemui Tuhan mereka."}]},{"id":944,"verse_number":155,"verse_key":"6:155","juz_number":8,"hizb_number":15,"rub_el_hizb_number":60,"ruku_number":121,"manzil_number":2,"sajdah_number":null,"text_uthmani":"وَهَـٰذَا كِتَـٰبٌ أَنزَلْنَـٰهُ مُبَارَكٌ فَٱتَّبِعُوهُ وَٱتَّقُوا۟ لَعَلَّكُمْ تُرْحَمُونَ","page_number":149,"words":[{"id":81086,"position":1,"audio_url":"wbw/006_155_001.mp3","qpc_uthmani_hafs":"وَهَٰذَا","char_type_name":"word","page_number":149,"line_number":9,"text":"ﮠ","translation":{"text":"And this","language_name":"english","language_id":38},"transliteration":{"text":"wahādhā","language_name":"english","language_id":38}},{"id":81087,"position":2,"audio_url":"wbw/006_155_002.mp3","qpc_uthmani_hafs":"كِتَٰبٌ","char_type_name":"word","page_number":149,"line_number":9,"text":"ﮡ","translation":{"text":"(is) a Book","language_name":"english","language_id":38},"transliteration":{"text":"kitābun","language_name":"english","language_id":38}},{"id":81088,"position":3,"audio_url":"wbw/006_155_003.mp3","qpc_uthmani_hafs":"أَنزَلۡنَٰهُ","char_type_name":"word","page_number":149,"line_number":9,"text":"ﮢ","translation":{"text":"We have revealed it ","language_name":"english","language_id":38},"transliteration":{"text":"anzalnāhu","language_name":"english","language_id":38}},{"id":81089,"position":4,"audio_url":"wbw/006_155_004.mp3","qpc_uthmani_hafs":"مُبَارَكٞ","char_type_name":"word","page_number":149,"line_number":9,"text":"ﮣ","translation":{"text":"blessed","language_name":"english","language_id":38},"transliteration":{"text":"mubārakun","language_name":"english","language_id":38}},{"id":81090,"position":5,"audio_url":"wbw/006_155_005.mp3","qpc_uthmani_hafs":"فَٱتَّبِعُوهُ","char_type_name":"word","page_number":149,"line_number":9,"text":"ﮤ","translation":{"text":"so follow it","language_name":"english","language_id":38},"transliteration":{"text":"fa-ittabiʿūhu","language_name":"english","language_id":38}},{"id":81091,"position":6,"audio_url":"wbw/006_155_006.mp3","qpc_uthmani_hafs":"وَٱتَّقُواْ","char_type_name":"word","page_number":149,"line_number":10,"text":"ﮥ","translation":{"text":"and fear (Allah)","language_name":"english","language_id":38},"transliteration":{"text":"wa-ittaqū","language_name":"english","language_id":38}},{"id":81092,"position":7,"audio_url":"wbw/006_155_007.mp3","qpc_uthmani_hafs":"لَعَلَّكُمۡ","char_type_name":"word","page_number":149,"line_number":10,"text":"ﮦ","translation":{"text":"so that you may","language_name":"english","language_id":38},"transliteration":{"text":"laʿallakum","language_name":"english","language_id":38}},{"id":81093,"position":8,"audio_url":"wbw/006_155_008.mp3","qpc_uthmani_hafs":"تُرۡحَمُونَ","char_type_name":"word","page_number":149,"line_number":10,"text":"ﮧ","translation":{"text":"receive mercy","language_name":"english","language_id":38},"transliteration":{"text":"tur'ḥamūna","language_name":"english","language_id":38}},{"id":81094,"position":9,"audio_url":null,"qpc_uthmani_hafs":"١٥٥","char_type_name":"end","page_number":149,"line_number":10,"text":"ﮨ","translation":{"text":"(155)","language_name":"english","language_id":38},"transliteration":{"text":null,"language_name":"english","language_id":38}}],"translations":[{"id":917373,"resource_id":134,"text":"Dan Al-Qur`ān itu adalah kitab yang Kami turunkan yang diberkahi, maka ikutilah dia dan bertakwalah agar kamu diberi rahmat,"}]},{"id":945,"verse_number":156,"verse_key":"6:156","juz_number":8,"hizb_number":15,"rub_el_hizb_number":60,"ruku_number":121,"manzil_number":2,"sajdah_number":null,"text_uthmani":"أَن تَقُولُوٓا۟ إِنَّمَآ أُنزِلَ ٱلْكِتَـٰبُ عَلَىٰ طَآئِفَتَيْنِ مِن قَبْلِنَا وَإِن كُنَّا عَن دِرَاسَتِهِمْ لَغَـٰفِلِينَ","page_number":149,"words":[{"id":81269,"position":1,"audio_url":"wbw/006_156_001.mp3","qpc_uthmani_hafs":"أَن","char_type_name":"word","page_number":149,"line_number":10,"text":"ﮩ","translation":{"text":"Lest","language_name":"english","language_id":38},"transliteration":{"text":"an","language_name":"english","language_id":38}},{"id":81270,"position":2,"audio_url":"wbw/006_156_002.mp3","qpc_uthmani_hafs":"تَقُولُوٓاْ","char_type_name":"word","page_number":149,"line_number":10,"text":"ﮪ","translation":{"text":"you say","language_name":"english","language_id":38},"transliteration":{"text":"taqūlū","language_name":"english","language_id":38}},{"id":81271,"position":3,"audio_url":"wbw/006_156_003.mp3","qpc_uthmani_hafs":"إِنَّمَآ","char_type_name":"word","page_number":149,"line_number":10,"text":"ﮫ","translation":{"text":"Only","language_name":"english","language_id":38},"transliteration":{"text":"innamā","language_name":"english","language_id":38}},{"id":81272,"position":4,"audio_url":"wbw/006_156_004.mp3","qpc_uthmani_hafs":"أُنزِلَ","char_type_name":"word","page_number":149,"line_number":10,"text":"ﮬ","translation":{"text":"was revealed","language_name":"english","language_id":38},"transliteration":{"text":"unzila","language_name":"english","language_id":38}},{"id":81273,"position":5,"audio_url":"wbw/006_156_005.mp3","qpc_uthmani_hafs":"ٱلۡكِتَٰبُ","char_type_name":"word","page_number":149,"line_number":10,"text":"ﮭ","translation":{"text":"the Book","language_name":"english","language_id":38},"transliteration":{"text":"l-kitābu","language_name":"english","language_id":38}},{"id":81274,"position":6,"audio_url":"wbw/006_156_006.mp3","qpc_uthmani_hafs":"عَلَىٰ","char_type_name":"word","page_number":149,"line_number":11,"text":"ﮮ","translation":{"text":"on","language_name":"english","language_id":38},"transliteration":{"text":"ʿalā","language_name":"english","language_id":38}},{"id":81275,"position":7,"audio_url":"wbw/006_156_007.mp3","qpc_uthmani_hafs":"طَآئِفَتَيۡنِ","char_type_name":"word","page_number":149,"line_number":11,"text":"ﮯ","translation":{"text":"the two groups","language_name":"english","language_id":38},"transliteration":{"text":"ṭāifatayni","language_name":"english","language_id":38}},{"id":81276,"position":8,"audio_url":"wbw/006_156_008.mp3","qpc_uthmani_hafs":"مِن","char_type_name":"word","page_number":149,"line_number":11,"text":"ﮰ","translation":{"text":"from","language_name":"english","language_id":38},"transliteration":{"text":"min","language_name":"english","language_id":38}},{"id":81277,"position":9,"audio_url":"wbw/006_156_009.mp3","qpc_uthmani_hafs":"قَبۡلِنَا","char_type_name":"word","page_number":149,"line_number":11,"text":"ﮱ","translation":{"text":"before us","language_name":"english","language_id":38},"transliteration":{"text":"qablinā","language_name":"english","language_id":38}},{"id":81278,"position":10,"audio_url":"wbw/006_156_010.mp3","qpc_uthmani_hafs":"وَإِن","char_type_name":"word","page_number":149,"line_number":11,"text":"ﯓ","translation":{"text":"and indeed","language_name":"english","language_id":38},"transliteration":{"text":"wa-in","language_name":"english","language_id":38}},{"id":81279,"position":11,"audio_url":"wbw/006_156_011.mp3","qpc_uthmani_hafs":"كُنَّا","char_type_name":"word","page_number":149,"line_number":11,"text":"ﯔ","translation":{"text":"we were","language_name":"english","language_id":38},"transliteration":{"text":"kunnā","language_name":"english","language_id":38}},{"id":81280,"position":12,"audio_url":"wbw/006_156_012.mp3","qpc_uthmani_hafs":"عَن","char_type_name":"word","page_number":149,"line_number":11,"text":"ﯕ","translation":{"text":"about","language_name":"english","language_id":38},"transliteration":{"text":"ʿan","language_name":"english","language_id":38}},{"id":81281,"position":13,"audio_url":"wbw/006_156_013.mp3","qpc_uthmani_hafs":"دِرَاسَتِهِمۡ","char_type_name":"word","page_number":149,"line_number":11,"text":"ﯖ","translation":{"text":"their study","language_name":"english","language_id":38},"transliteration":{"text":"dirāsatihim","language_name":"english","language_id":38}},{"id":81282,"position":14,"audio_url":"wbw/006_156_014.mp3","qpc_uthmani_hafs":"لَغَٰفِلِينَ","char_type_name":"word","page_number":149,"line_number":11,"text":"ﯗ","translation":{"text":"certainly unaware","language_name":"english","language_id":38},"transliteration":{"text":"laghāfilīna","language_name":"english","language_id":38}},{"id":81283,"position":15,"audio_url":null,"qpc_uthmani_hafs":"١٥٦","char_type_name":"end","page_number":149,"line_number":12,"text":"ﯘ","translation":{"text":"(156)","language_name":"english","language_id":38},"transliteration":{"text":null,"language_name":"english","language_id":38}}],"translations":[{"id":917374,"resource_id":134,"text":"(Kami turunkan Al-Qur`ān itu) agar kamu (tidak) mengatakan, \"Bahwa kitab itu hanya diturunkan kepada dua golongan<sup foot_note=210292>1</sup> saja sebelum kami, dan sesungguhnya kami tidak memperhatikan apa yang mereka baca\"<sup foot_note=210293>2</sup>."}]},{"id":946,"verse_number":157,"verse_key":"6:157","juz_number":8,"hizb_number":15,"rub_el_hizb_number":60,"ruku_number":121,"manzil_number":2,"sajdah_number":null,"text_uthmani":"أَوْ تَقُولُوا۟ لَوْ أَنَّآ أُنزِلَ عَلَيْنَا ٱلْكِتَـٰبُ لَكُنَّآ أَهْدَىٰ مِنْهُمْ ۚ فَقَدْ جَآءَكُم بَيِّنَةٌ مِّن رَّبِّكُمْ وَهُدًى وَرَحْمَةٌ ۚ فَمَنْ أَظْلَمُ مِمَّن كَذَّبَ بِـَٔايَـٰتِ ٱللَّهِ وَصَدَفَ عَنْهَا ۗ سَنَجْزِى ٱلَّذِينَ يَصْدِفُونَ عَنْ ءَايَـٰتِنَا سُوٓءَ ٱلْعَذَابِ بِمَا كَانُوا۟ يَصْدِفُونَ","page_number":149,"words":[{"id":81349,"position":1,"audio_url":"wbw/006_157_001.mp3","qpc_uthmani_hafs":"أَوۡ","char_type_name":"word","page_number":149,"line_number":12,"text":"ﯙ","translation":{"text":"Or","language_name":"english","language_id":38},"transliteration":{"text":"aw","language_name":"english","language_id":38}},{"id":81350,"position":2,"audio_url":"wbw/006_157_002.mp3","qpc_uthmani_hafs":"تَقُولُواْ","char_type_name":"word","page_number":149,"line_number":12,"text":"ﯚ","translation":{"text":"you say","language_name":"english","language_id":38},"transliteration":{"text":"taqūlū","language_name":"english","language_id":38}},{"id":81351,"position":3,"audio_url":"wbw/006_157_003.mp3","qpc_uthmani_hafs":"لَوۡ","char_type_name":"word","page_number":149,"line_number":12,"text":"ﯛ","translation":{"text":"If","language_name":"english","language_id":38},"transliteration":{"text":"law","language_name":"english","language_id":38}},{"id":81352,"position":4,"audio_url":"wbw/006_157_004.mp3","qpc_uthmani_hafs":"أَنَّآ","char_type_name":"word","page_number":149,"line_number":12,"text":"ﯜ","translation":{"text":"[that]","language_name":"english","language_id":38},"transliteration":{"text":"annā","language_name":"english","language_id":38}},{"id":81353,"position":5,"audio_url":"wbw/006_157_005.mp3","qpc_uthmani_hafs":"أُنزِلَ","char_type_name":"word","page_number":149,"line_number":12,"text":"ﯝ","translation":{"text":"was revealed","language_name":"english","language_id":38},"transliteration":{"text":"unzila","language_name":"english","language_id":38}},{"id":81354,"position":6,"audio_url":"wbw/006_157_006.mp3","qpc_uthmani_hafs":"عَلَيۡنَا","char_type_name":"word","page_number":149,"line_number":12,"text":"ﯞ","translation":{"text":"to us","language_name":"english","language_id":38},"transliteration":{"text":"ʿalaynā","language_name":"english","language_id":38}},{"id":81355,"position":7,"audio_url":"wbw/006_157_007.mp3","qpc_uthmani_hafs":"ٱلۡكِتَٰبُ","char_type_name":"word","page_number":149,"line_number":12,"text":"ﯟ","translation":{"text":"the Book","language_name":"english","language_id":38},"transliteration":{"text":"l-kitābu","language_name":"english","language_id":38}},{"id":81356,"position":8,"audio_url":"wbw/006_157_008.mp3","qpc_uthmani_hafs":"لَكُنَّآ","char_type_name":"word","page_number":149,"line_number":12,"text":"ﯠ","translation":{"text":"surely we (would) have been","language_name":"english","language_id":38},"transliteration":{"text":"lakunnā","language_name":"english","language_id":38}},{"id":81357,"position":9,"audio_url":"wbw/006_157_009.mp3","qpc_uthmani_hafs":"أَهۡدَىٰ","char_type_name":"word","page_number":149,"line_number":12,"text":"ﯡ","translation":{"text":"better guided","language_name":"english","language_id":38},"transliteration":{"text":"ahdā","language_name":"english","language_id":38}},{"id":81358,"position":10,"audio_url":"wbw/006_157_010.mp3","qpc_uthmani_hafs":"مِنۡهُمۡۚ","char_type_name":"word","page_number":149,"line_number":12,"text":"ﯢﯣ","translation":{"text":"than them","language_name":"english","language_id":38},"transliteration":{"text":"min'hum","language_name":"english","language_id":38}},{"id":81360,"position":11,"audio_url":"wbw/006_157_012.mp3","qpc_uthmani_hafs":"فَقَدۡ","char_type_name":"word","page_number":149,"line_number":13,"text":"ﯤ","translation":{"text":"So verily","language_name":"english","language_id":38},"transliteration":{"text":"faqad","language_name":"english","language_id":38}},{"id":81361,"position":12,"audio_url":"wbw/006_157_013.mp3","qpc_uthmani_hafs":"جَآءَكُم","char_type_name":"word","page_number":149,"line_number":13,"text":"ﯥ","translation":{"text":"has come to you","language_name":"english","language_id":38},"transliteration":{"text":"jāakum","language_name":"english","language_id":38}},{"id":81362,"position":13,"audio_url":"wbw/006_157_014.mp3","qpc_uthmani_hafs":"بَيِّنَةٞ","char_type_name":"word","page_number":149,"line_number":13,"text":"ﯦ","translation":{"text":"clear proofs","language_name":"english","language_id":38},"transliteration":{"text":"bayyinatun","language_name":"english","language_id":38}},{"id":81363,"position":14,"audio_url":"wbw/006_157_015.mp3","qpc_uthmani_hafs":"مِّن","char_type_name":"word","page_number":149,"line_number":13,"text":"ﯧ","translation":{"text":"from","language_name":"english","language_id":38},"transliteration":{"text":"min","language_name":"english","language_id":38}},{"id":81364,"position":15,"audio_url":"wbw/006_157_016.mp3","qpc_uthmani_hafs":"رَّبِّكُمۡ","char_type_name":"word","page_number":149,"line_number":13,"text":"ﯨ","translation":{"text":"your Lord","language_name":"english","language_id":38},"transliteration":{"text":"rabbikum","language_name":"english","language_id":38}},{"id":81365,"position":16,"audio_url":"wbw/006_157_017.mp3","qpc_uthmani_hafs":"وَهُدٗى","char_type_name":"word","page_number":149,"line_number":13,"text":"ﯩ","translation":{"text":"and a Guidance","language_name":"english","language_id":38},"transliteration":{"text":"wahudan","language_name":"english","language_id":38}},{"id":81366,"position":17,"audio_url":"wbw/006_157_018.mp3","qpc_uthmani_hafs":"وَرَحۡمَةٞۚ","char_type_name":"word","page_number":149,"line_number":13,"text":"ﯪﯫ","translation":{"text":"and a Mercy","language_name":"english","language_id":38},"transliteration":{"text":"waraḥmatun","language_name":"english","language_id":38}},{"id":81368,"position":18,"audio_url":"wbw/006_157_020.mp3","qpc_uthmani_hafs":"فَمَنۡ","char_type_name":"word","page_number":149,"line_number":13,"text":"ﯬ","translation":{"text":"Then who","language_name":"english","language_id":38},"transliteration":{"text":"faman","language_name":"english","language_id":38}},{"id":81369,"position":19,"audio_url":"wbw/006_157_021.mp3","qpc_uthmani_hafs":"أَظۡلَمُ","char_type_name":"word","page_number":149,"line_number":14,"text":"ﯭ","translation":{"text":"(is) more unjust","language_name":"english","language_id":38},"transliteration":{"text":"aẓlamu","language_name":"english","language_id":38}},{"id":81370,"position":20,"audio_url":"wbw/006_157_022.mp3","qpc_uthmani_hafs":"مِمَّن","char_type_name":"word","page_number":149,"line_number":14,"text":"ﯮ","translation":{"text":"than (he) who","language_name":"english","language_id":38},"transliteration":{"text":"mimman","language_name":"english","language_id":38}},{"id":81371,"position":21,"audio_url":"wbw/006_157_023.mp3","qpc_uthmani_hafs":"كَذَّبَ","char_type_name":"word","page_number":149,"line_number":14,"text":"ﯯ","translation":{"text":"denies","language_name":"english","language_id":38},"transliteration":{"text":"kadhaba","language_name":"english","language_id":38}},{"id":81372,"position":22,"audio_url":"wbw/006_157_024.mp3","qpc_uthmani_hafs":"بِـَٔايَٰتِ","char_type_name":"word","page_number":149,"line_number":14,"text":"ﯰ","translation":{"text":"[with] (the) Verses","language_name":"english","language_id":38},"transliteration":{"text":"biāyāti","language_name":"english","language_id":38}},{"id":81373,"position":23,"audio_url":"wbw/006_157_025.mp3","qpc_uthmani_hafs":"ٱللَّهِ","char_type_name":"word","page_number":149,"line_number":14,"text":"ﯱ","translation":{"text":"(of) Allah","language_name":"english","language_id":38},"transliteration":{"text":"l-lahi","language_name":"english","language_id":38}},{"id":81374,"position":24,"audio_url":"wbw/006_157_026.mp3","qpc_uthmani_hafs":"وَصَدَفَ","char_type_name":"word","page_number":149,"line_number":14,"text":"ﯲ","translation":{"text":"and turns away","language_name":"english","language_id":38},"transliteration":{"text":"waṣadafa","language_name":"english","language_id":38}},{"id":81375,"position":25,"audio_url":"wbw/006_157_027.mp3","qpc_uthmani_hafs":"عَنۡهَاۗ","char_type_name":"word","page_number":149,"line_number":14,"text":"ﯳﯴ","translation":{"text":"from them","language_name":"english","language_id":38},"transliteration":{"text":"ʿanhā","language_name":"english","language_id":38}},{"id":81377,"position":26,"audio_url":"wbw/006_157_029.mp3","qpc_uthmani_hafs":"سَنَجۡزِي","char_type_name":"word","page_number":149,"line_number":14,"text":"ﯵ","translation":{"text":"We will recompense","language_name":"english","language_id":38},"transliteration":{"text":"sanajzī","language_name":"english","language_id":38}},{"id":81378,"position":27,"audio_url":"wbw/006_157_030.mp3","qpc_uthmani_hafs":"ٱلَّذِينَ","char_type_name":"word","page_number":149,"line_number":14,"text":"ﯶ","translation":{"text":"those who","language_name":"english","language_id":38},"transliteration":{"text":"alladhīna","language_name":"english","language_id":38}},{"id":81379,"position":28,"audio_url":"wbw/006_157_031.mp3","qpc_uthmani_hafs":"يَصۡدِفُونَ","char_type_name":"word","page_number":149,"line_number":15,"text":"ﯷ","translation":{"text":"turn away","language_name":"english","language_id":38},"transliteration":{"text":"yaṣdifūna","language_name":"english","language_id":38}},{"id":81380,"position":29,"audio_url":"wbw/006_157_032.mp3","qpc_uthmani_hafs":"عَنۡ","char_type_name":"word","page_number":149,"line_number":15,"text":"ﯸ","translation":{"text":"from","language_name":"english","language_id":38},"transliteration":{"text":"ʿan","language_name":"english","language_id":38}},{"id":81381,"position":30,"audio_url":"wbw/006_157_033.mp3","qpc_uthmani_hafs":"ءَايَٰتِنَا","char_type_name":"word","page_number":149,"line_number":15,"text":"ﯹ","translation":{"text":"Our Signs","language_name":"english","language_id":38},"transliteration":{"text":"āyātinā","language_name":"english","language_id":38}},{"id":81382,"position":31,"audio_url":"wbw/006_157_034.mp3","qpc_uthmani_hafs":"سُوٓءَ","char_type_name":"word","page_number":149,"line_number":15,"text":"ﯺ","translation":{"text":"(with) an evil","language_name":"english","language_id":38},"transliteration":{"text":"sūa","language_name":"english","language_id":38}},{"id":81383,"position":32,"audio_url":"wbw/006_157_035.mp3","qpc_uthmani_hafs":"ٱلۡعَذَابِ","char_type_name":"word","page_number":149,"line_number":15,"text":"ﯻ","translation":{"text":"punishment","language_name":"english","language_id":38},"transliteration":{"text":"l-ʿadhābi","language_name":"english","language_id":38}},{"id":81384,"position":33,"audio_url":"wbw/006_157_036.mp3","qpc_uthmani_hafs":"بِمَا","char_type_name":"word","page_number":149,"line_number":15,"text":"ﯼ","translation":{"text":"because","language_name":"english","language_id":38},"transliteration":{"text":"bimā","language_name":"english","language_id":38}},{"id":81385,"position":34,"audio_url":"wbw/006_157_037.mp3","qpc_uthmani_hafs":"كَانُواْ","char_type_name":"word","page_number":149,"line_number":15,"text":"ﯽ","translation":{"text":"they used to","language_name":"english","language_id":38},"transliteration":{"text":"kānū","language_name":"english","language_id":38}},{"id":81386,"position":35,"audio_url":"wbw/006_157_038.mp3","qpc_uthmani_hafs":"يَصۡدِفُونَ","char_type_name":"word","page_number":149,"line_number":15,"text":"ﯾ","translation":{"text":"turn away","language_name":"english","language_id":38},"transliteration":{"text":"yaṣdifūna","language_name":"english","language_id":38}},{"id":81387,"position":36,"audio_url":null,"qpc_uthmani_hafs":"١٥٧","char_type_name":"end","page_number":149,"line_number":15,"text":"ﯿ","translation":{"text":"(157)","language_name":"english","language_id":38},"transliteration":{"text":null,"language_name":"english","language_id":38}}],"translations":[{"id":917375,"resource_id":134,"text":"Atau agar kamu (tidak) mengatakan, \"Sesungguhnya jikalau kitab ini diturunkan kepada kami, tentulah kami lebih mendapat petunjuk dari mereka\".  Sesungguhnya telah datang kepada kamu keterangan yang nyata dari Tuhan-mu, petunjuk, dan rahmat.  Maka siapakah yang lebih zalim daripada orang yang mendustakan ayat-ayat Allah dan berpaling daripadanya? Kelak Kami akan memberi balasan kepada orang-orang yang berpaling dari ayat-ayat Kami dengan siksa yang buruk, disebabkan mereka selalu berpaling."}]}],"pagination":{"per_page":50,"current_page":1,"next_page":null,"total_pages":1,"total_records":6}}