{"verses":[{"id":977,"verse_number":23,"verse_key":"7:23","juz_number":8,"hizb_number":16,"rub_el_hizb_number":61,"ruku_number":123,"manzil_number":2,"sajdah_number":null,"text_uthmani":"قَالَا رَبَّنَا ظَلَمْنَآ أَنفُسَنَا وَإِن لَّمْ تَغْفِرْ لَنَا وَتَرْحَمْنَا لَنَكُونَنَّ مِنَ ٱلْخَـٰسِرِينَ","page_number":153,"words":[{"id":26452,"position":1,"audio_url":"wbw/007_023_001.mp3","qpc_uthmani_hafs":"قَالَا","char_type_name":"word","page_number":153,"line_number":1,"text":"ﭑ","translation":{"text":"Both of them said","language_name":"english","language_id":38},"transliteration":{"text":"qālā","language_name":"english","language_id":38}},{"id":26453,"position":2,"audio_url":"wbw/007_023_002.mp3","qpc_uthmani_hafs":"رَبَّنَا","char_type_name":"word","page_number":153,"line_number":1,"text":"ﭒ","translation":{"text":"Our Lord","language_name":"english","language_id":38},"transliteration":{"text":"rabbanā","language_name":"english","language_id":38}},{"id":26454,"position":3,"audio_url":"wbw/007_023_003.mp3","qpc_uthmani_hafs":"ظَلَمۡنَآ","char_type_name":"word","page_number":153,"line_number":1,"text":"ﭓ","translation":{"text":"we have wronged","language_name":"english","language_id":38},"transliteration":{"text":"ẓalamnā","language_name":"english","language_id":38}},{"id":26455,"position":4,"audio_url":"wbw/007_023_004.mp3","qpc_uthmani_hafs":"أَنفُسَنَا","char_type_name":"word","page_number":153,"line_number":1,"text":"ﭔ","translation":{"text":"ourselves","language_name":"english","language_id":38},"transliteration":{"text":"anfusanā","language_name":"english","language_id":38}},{"id":26456,"position":5,"audio_url":"wbw/007_023_005.mp3","qpc_uthmani_hafs":"وَإِن","char_type_name":"word","page_number":153,"line_number":1,"text":"ﭕ","translation":{"text":"and if","language_name":"english","language_id":38},"transliteration":{"text":"wa-in","language_name":"english","language_id":38}},{"id":26457,"position":6,"audio_url":"wbw/007_023_006.mp3","qpc_uthmani_hafs":"لَّمۡ","char_type_name":"word","page_number":153,"line_number":1,"text":"ﭖ","translation":{"text":"not","language_name":"english","language_id":38},"transliteration":{"text":"lam","language_name":"english","language_id":38}},{"id":26458,"position":7,"audio_url":"wbw/007_023_007.mp3","qpc_uthmani_hafs":"تَغۡفِرۡ","char_type_name":"word","page_number":153,"line_number":1,"text":"ﭗ","translation":{"text":"You forgive","language_name":"english","language_id":38},"transliteration":{"text":"taghfir","language_name":"english","language_id":38}},{"id":26459,"position":8,"audio_url":"wbw/007_023_008.mp3","qpc_uthmani_hafs":"لَنَا","char_type_name":"word","page_number":153,"line_number":1,"text":"ﭘ","translation":{"text":"[for] us","language_name":"english","language_id":38},"transliteration":{"text":"lanā","language_name":"english","language_id":38}},{"id":26460,"position":9,"audio_url":"wbw/007_023_009.mp3","qpc_uthmani_hafs":"وَتَرۡحَمۡنَا","char_type_name":"word","page_number":153,"line_number":1,"text":"ﭙ","translation":{"text":"and have mercy (on) us","language_name":"english","language_id":38},"transliteration":{"text":"watarḥamnā","language_name":"english","language_id":38}},{"id":26461,"position":10,"audio_url":"wbw/007_023_010.mp3","qpc_uthmani_hafs":"لَنَكُونَنَّ","char_type_name":"word","page_number":153,"line_number":1,"text":"ﭚ","translation":{"text":"surely, we will be","language_name":"english","language_id":38},"transliteration":{"text":"lanakūnanna","language_name":"english","language_id":38}},{"id":26462,"position":11,"audio_url":"wbw/007_023_011.mp3","qpc_uthmani_hafs":"مِنَ","char_type_name":"word","page_number":153,"line_number":1,"text":"ﭛ","translation":{"text":"among","language_name":"english","language_id":38},"transliteration":{"text":"mina","language_name":"english","language_id":38}},{"id":26463,"position":12,"audio_url":"wbw/007_023_012.mp3","qpc_uthmani_hafs":"ٱلۡخَٰسِرِينَ","char_type_name":"word","page_number":153,"line_number":2,"text":"ﭜ","translation":{"text":"the losers","language_name":"english","language_id":38},"transliteration":{"text":"l-khāsirīna","language_name":"english","language_id":38}},{"id":26464,"position":13,"audio_url":null,"qpc_uthmani_hafs":"٢٣","char_type_name":"end","page_number":153,"line_number":2,"text":"ﭝ","translation":{"text":"(23)","language_name":"english","language_id":38},"transliteration":{"text":null,"language_name":"english","language_id":38}}],"translations":[{"id":917406,"resource_id":134,"text":"Keduanya berkata, \"Ya Tuhan kami, kami telah menganiaya diri kami sendiri, dan jika Engkau tidak mengampuni kami dan memberi rahmat kepada kami, niscaya pastilah kami termasuk orang-orang yang merugi."}]},{"id":978,"verse_number":24,"verse_key":"7:24","juz_number":8,"hizb_number":16,"rub_el_hizb_number":61,"ruku_number":123,"manzil_number":2,"sajdah_number":null,"text_uthmani":"قَالَ ٱهْبِطُوا۟ بَعْضُكُمْ لِبَعْضٍ عَدُوٌّ ۖ وَلَكُمْ فِى ٱلْأَرْضِ مُسْتَقَرٌّ وَمَتَـٰعٌ إِلَىٰ حِينٍ","page_number":153,"words":[{"id":27449,"position":1,"audio_url":"wbw/007_024_001.mp3","qpc_uthmani_hafs":"قَالَ","char_type_name":"word","page_number":153,"line_number":2,"text":"ﭞ","translation":{"text":"(Allah) said","language_name":"english","language_id":38},"transliteration":{"text":"qāla","language_name":"english","language_id":38}},{"id":27450,"position":2,"audio_url":"wbw/007_024_002.mp3","qpc_uthmani_hafs":"ٱهۡبِطُواْ","char_type_name":"word","page_number":153,"line_number":2,"text":"ﭟ","translation":{"text":"Get down","language_name":"english","language_id":38},"transliteration":{"text":"ih'biṭū","language_name":"english","language_id":38}},{"id":27451,"position":3,"audio_url":"wbw/007_024_003.mp3","qpc_uthmani_hafs":"بَعۡضُكُمۡ","char_type_name":"word","page_number":153,"line_number":2,"text":"ﭠ","translation":{"text":"some of you","language_name":"english","language_id":38},"transliteration":{"text":"baʿḍukum","language_name":"english","language_id":38}},{"id":27452,"position":4,"audio_url":"wbw/007_024_004.mp3","qpc_uthmani_hafs":"لِبَعۡضٍ","char_type_name":"word","page_number":153,"line_number":2,"text":"ﭡ","translation":{"text":"to some others","language_name":"english","language_id":38},"transliteration":{"text":"libaʿḍin","language_name":"english","language_id":38}},{"id":27453,"position":5,"audio_url":"wbw/007_024_005.mp3","qpc_uthmani_hafs":"عَدُوّٞۖ","char_type_name":"word","page_number":153,"line_number":2,"text":"ﭢﭣ","translation":{"text":"(as) enemy","language_name":"english","language_id":38},"transliteration":{"text":"ʿaduwwun","language_name":"english","language_id":38}},{"id":27455,"position":6,"audio_url":"wbw/007_024_007.mp3","qpc_uthmani_hafs":"وَلَكُمۡ","char_type_name":"word","page_number":153,"line_number":2,"text":"ﭤ","translation":{"text":"And for you","language_name":"english","language_id":38},"transliteration":{"text":"walakum","language_name":"english","language_id":38}},{"id":27456,"position":7,"audio_url":"wbw/007_024_008.mp3","qpc_uthmani_hafs":"فِي","char_type_name":"word","page_number":153,"line_number":2,"text":"ﭥ","translation":{"text":"in","language_name":"english","language_id":38},"transliteration":{"text":"fī","language_name":"english","language_id":38}},{"id":27457,"position":8,"audio_url":"wbw/007_024_009.mp3","qpc_uthmani_hafs":"ٱلۡأَرۡضِ","char_type_name":"word","page_number":153,"line_number":3,"text":"ﭦ","translation":{"text":"the earth","language_name":"english","language_id":38},"transliteration":{"text":"l-arḍi","language_name":"english","language_id":38}},{"id":27458,"position":9,"audio_url":"wbw/007_024_010.mp3","qpc_uthmani_hafs":"مُسۡتَقَرّٞ","char_type_name":"word","page_number":153,"line_number":3,"text":"ﭧ","translation":{"text":"(is) a dwelling place","language_name":"english","language_id":38},"transliteration":{"text":"mus'taqarrun","language_name":"english","language_id":38}},{"id":27459,"position":10,"audio_url":"wbw/007_024_011.mp3","qpc_uthmani_hafs":"وَمَتَٰعٌ","char_type_name":"word","page_number":153,"line_number":3,"text":"ﭨ","translation":{"text":"and livelihood","language_name":"english","language_id":38},"transliteration":{"text":"wamatāʿun","language_name":"english","language_id":38}},{"id":27460,"position":11,"audio_url":"wbw/007_024_012.mp3","qpc_uthmani_hafs":"إِلَىٰ","char_type_name":"word","page_number":153,"line_number":3,"text":"ﭩ","translation":{"text":"for","language_name":"english","language_id":38},"transliteration":{"text":"ilā","language_name":"english","language_id":38}},{"id":27461,"position":12,"audio_url":"wbw/007_024_013.mp3","qpc_uthmani_hafs":"حِينٖ","char_type_name":"word","page_number":153,"line_number":3,"text":"ﭪ","translation":{"text":"a time","language_name":"english","language_id":38},"transliteration":{"text":"ḥīnin","language_name":"english","language_id":38}},{"id":27462,"position":13,"audio_url":null,"qpc_uthmani_hafs":"٢٤","char_type_name":"end","page_number":153,"line_number":3,"text":"ﭫ","translation":{"text":"(24)","language_name":"english","language_id":38},"transliteration":{"text":null,"language_name":"english","language_id":38}}],"translations":[{"id":917407,"resource_id":134,"text":"Allah berfirman, \"Turunlah kamu sekalian, sebagian kamu menjadi musuh bagi sebagian yang lain.  Dan kamu mempunyai tempat kediaman dan kesenangan (tempat mencari kehidupan) di muka bumi sampai waktu yang telah ditentukan\"."}]},{"id":979,"verse_number":25,"verse_key":"7:25","juz_number":8,"hizb_number":16,"rub_el_hizb_number":61,"ruku_number":123,"manzil_number":2,"sajdah_number":null,"text_uthmani":"قَالَ فِيهَا تَحْيَوْنَ وَفِيهَا تَمُوتُونَ وَمِنْهَا تُخْرَجُونَ","page_number":153,"words":[{"id":28512,"position":1,"audio_url":"wbw/007_025_001.mp3","qpc_uthmani_hafs":"قَالَ","char_type_name":"word","page_number":153,"line_number":3,"text":"ﭬ","translation":{"text":"He said","language_name":"english","language_id":38},"transliteration":{"text":"qāla","language_name":"english","language_id":38}},{"id":28513,"position":2,"audio_url":"wbw/007_025_002.mp3","qpc_uthmani_hafs":"فِيهَا","char_type_name":"word","page_number":153,"line_number":3,"text":"ﭭ","translation":{"text":"In it","language_name":"english","language_id":38},"transliteration":{"text":"fīhā","language_name":"english","language_id":38}},{"id":28514,"position":3,"audio_url":"wbw/007_025_003.mp3","qpc_uthmani_hafs":"تَحۡيَوۡنَ","char_type_name":"word","page_number":153,"line_number":3,"text":"ﭮ","translation":{"text":"you will live","language_name":"english","language_id":38},"transliteration":{"text":"taḥyawna","language_name":"english","language_id":38}},{"id":28515,"position":4,"audio_url":"wbw/007_025_004.mp3","qpc_uthmani_hafs":"وَفِيهَا","char_type_name":"word","page_number":153,"line_number":3,"text":"ﭯ","translation":{"text":"and in it","language_name":"english","language_id":38},"transliteration":{"text":"wafīhā","language_name":"english","language_id":38}},{"id":28516,"position":5,"audio_url":"wbw/007_025_005.mp3","qpc_uthmani_hafs":"تَمُوتُونَ","char_type_name":"word","page_number":153,"line_number":4,"text":"ﭰ","translation":{"text":"you will die","language_name":"english","language_id":38},"transliteration":{"text":"tamūtūna","language_name":"english","language_id":38}},{"id":28517,"position":6,"audio_url":"wbw/007_025_006.mp3","qpc_uthmani_hafs":"وَمِنۡهَا","char_type_name":"word","page_number":153,"line_number":4,"text":"ﭱ","translation":{"text":"and from it","language_name":"english","language_id":38},"transliteration":{"text":"wamin'hā","language_name":"english","language_id":38}},{"id":28518,"position":7,"audio_url":"wbw/007_025_007.mp3","qpc_uthmani_hafs":"تُخۡرَجُونَ","char_type_name":"word","page_number":153,"line_number":4,"text":"ﭲ","translation":{"text":"you will be brought forth","language_name":"english","language_id":38},"transliteration":{"text":"tukh'rajūna","language_name":"english","language_id":38}},{"id":28519,"position":8,"audio_url":null,"qpc_uthmani_hafs":"٢٥","char_type_name":"end","page_number":153,"line_number":4,"text":"ﭳ","translation":{"text":"(25)","language_name":"english","language_id":38},"transliteration":{"text":null,"language_name":"english","language_id":38}}],"translations":[{"id":917408,"resource_id":134,"text":"Allah berfirman, \"Di bumi itu kamu hidup dan di bumi itu kamu mati, dan dari bumi itu (pula) kamu akan dibangkitkan."}]},{"id":980,"verse_number":26,"verse_key":"7:26","juz_number":8,"hizb_number":16,"rub_el_hizb_number":61,"ruku_number":124,"manzil_number":2,"sajdah_number":null,"text_uthmani":"يَـٰبَنِىٓ ءَادَمَ قَدْ أَنزَلْنَا عَلَيْكُمْ لِبَاسًا يُوَٰرِى سَوْءَٰتِكُمْ وَرِيشًا ۖ وَلِبَاسُ ٱلتَّقْوَىٰ ذَٰلِكَ خَيْرٌ ۚ ذَٰلِكَ مِنْ ءَايَـٰتِ ٱللَّهِ لَعَلَّهُمْ يَذَّكَّرُونَ","page_number":153,"words":[{"id":29449,"position":1,"audio_url":"wbw/007_026_001.mp3","qpc_uthmani_hafs":"يَٰبَنِيٓ","char_type_name":"word","page_number":153,"line_number":4,"text":"ﭴ","translation":{"text":"O Children","language_name":"english","language_id":38},"transliteration":{"text":"yābanī","language_name":"english","language_id":38}},{"id":29450,"position":2,"audio_url":"wbw/007_026_002.mp3","qpc_uthmani_hafs":"ءَادَمَ","char_type_name":"word","page_number":153,"line_number":4,"text":"ﭵ","translation":{"text":"(of) Adam","language_name":"english","language_id":38},"transliteration":{"text":"ādama","language_name":"english","language_id":38}},{"id":29451,"position":3,"audio_url":"wbw/007_026_003.mp3","qpc_uthmani_hafs":"قَدۡ","char_type_name":"word","page_number":153,"line_number":4,"text":"ﭶ","translation":{"text":"Verily","language_name":"english","language_id":38},"transliteration":{"text":"qad","language_name":"english","language_id":38}},{"id":29452,"position":4,"audio_url":"wbw/007_026_004.mp3","qpc_uthmani_hafs":"أَنزَلۡنَا","char_type_name":"word","page_number":153,"line_number":4,"text":"ﭷ","translation":{"text":"We have sent down","language_name":"english","language_id":38},"transliteration":{"text":"anzalnā","language_name":"english","language_id":38}},{"id":29453,"position":5,"audio_url":"wbw/007_026_005.mp3","qpc_uthmani_hafs":"عَلَيۡكُمۡ","char_type_name":"word","page_number":153,"line_number":4,"text":"ﭸ","translation":{"text":"to you","language_name":"english","language_id":38},"transliteration":{"text":"ʿalaykum","language_name":"english","language_id":38}},{"id":29454,"position":6,"audio_url":"wbw/007_026_006.mp3","qpc_uthmani_hafs":"لِبَاسٗا","char_type_name":"word","page_number":153,"line_number":4,"text":"ﭹ","translation":{"text":"clothing","language_name":"english","language_id":38},"transliteration":{"text":"libāsan","language_name":"english","language_id":38}},{"id":29455,"position":7,"audio_url":"wbw/007_026_007.mp3","qpc_uthmani_hafs":"يُوَٰرِي","char_type_name":"word","page_number":153,"line_number":5,"text":"ﭺ","translation":{"text":"it covers","language_name":"english","language_id":38},"transliteration":{"text":"yuwārī","language_name":"english","language_id":38}},{"id":29456,"position":8,"audio_url":"wbw/007_026_008.mp3","qpc_uthmani_hafs":"سَوۡءَٰتِكُمۡ","char_type_name":"word","page_number":153,"line_number":5,"text":"ﭻ","translation":{"text":"your shame","language_name":"english","language_id":38},"transliteration":{"text":"sawātikum","language_name":"english","language_id":38}},{"id":29457,"position":9,"audio_url":"wbw/007_026_009.mp3","qpc_uthmani_hafs":"وَرِيشٗاۖ","char_type_name":"word","page_number":153,"line_number":5,"text":"ﭼﭽ","translation":{"text":"and (as) an adornment","language_name":"english","language_id":38},"transliteration":{"text":"warīshan","language_name":"english","language_id":38}},{"id":29459,"position":10,"audio_url":"wbw/007_026_011.mp3","qpc_uthmani_hafs":"وَلِبَاسُ","char_type_name":"word","page_number":153,"line_number":5,"text":"ﭾ","translation":{"text":"But the clothing","language_name":"english","language_id":38},"transliteration":{"text":"walibāsu","language_name":"english","language_id":38}},{"id":29460,"position":11,"audio_url":"wbw/007_026_012.mp3","qpc_uthmani_hafs":"ٱلتَّقۡوَىٰ","char_type_name":"word","page_number":153,"line_number":5,"text":"ﭿ","translation":{"text":"(of) [the] righteousness ","language_name":"english","language_id":38},"transliteration":{"text":"l-taqwā","language_name":"english","language_id":38}},{"id":29461,"position":12,"audio_url":"wbw/007_026_013.mp3","qpc_uthmani_hafs":"ذَٰلِكَ","char_type_name":"word","page_number":153,"line_number":5,"text":"ﮀ","translation":{"text":"that","language_name":"english","language_id":38},"transliteration":{"text":"dhālika","language_name":"english","language_id":38}},{"id":29462,"position":13,"audio_url":"wbw/007_026_014.mp3","qpc_uthmani_hafs":"خَيۡرٞۚ","char_type_name":"word","page_number":153,"line_number":5,"text":"ﮁﮂ","translation":{"text":"(is) best","language_name":"english","language_id":38},"transliteration":{"text":"khayrun","language_name":"english","language_id":38}},{"id":29464,"position":14,"audio_url":"wbw/007_026_016.mp3","qpc_uthmani_hafs":"ذَٰلِكَ","char_type_name":"word","page_number":153,"line_number":5,"text":"ﮃ","translation":{"text":"That","language_name":"english","language_id":38},"transliteration":{"text":"dhālika","language_name":"english","language_id":38}},{"id":29465,"position":15,"audio_url":"wbw/007_026_017.mp3","qpc_uthmani_hafs":"مِنۡ","char_type_name":"word","page_number":153,"line_number":5,"text":"ﮄ","translation":{"text":"(is) from","language_name":"english","language_id":38},"transliteration":{"text":"min","language_name":"english","language_id":38}},{"id":29466,"position":16,"audio_url":"wbw/007_026_018.mp3","qpc_uthmani_hafs":"ءَايَٰتِ","char_type_name":"word","page_number":153,"line_number":6,"text":"ﮅ","translation":{"text":"(the) Signs","language_name":"english","language_id":38},"transliteration":{"text":"āyāti","language_name":"english","language_id":38}},{"id":29467,"position":17,"audio_url":"wbw/007_026_019.mp3","qpc_uthmani_hafs":"ٱللَّهِ","char_type_name":"word","page_number":153,"line_number":6,"text":"ﮆ","translation":{"text":"(of) Allah","language_name":"english","language_id":38},"transliteration":{"text":"l-lahi","language_name":"english","language_id":38}},{"id":29468,"position":18,"audio_url":"wbw/007_026_020.mp3","qpc_uthmani_hafs":"لَعَلَّهُمۡ","char_type_name":"word","page_number":153,"line_number":6,"text":"ﮇ","translation":{"text":"so that they may","language_name":"english","language_id":38},"transliteration":{"text":"laʿallahum","language_name":"english","language_id":38}},{"id":29469,"position":19,"audio_url":"wbw/007_026_021.mp3","qpc_uthmani_hafs":"يَذَّكَّرُونَ","char_type_name":"word","page_number":153,"line_number":6,"text":"ﮈ","translation":{"text":"remember","language_name":"english","language_id":38},"transliteration":{"text":"yadhakkarūna","language_name":"english","language_id":38}},{"id":29470,"position":20,"audio_url":null,"qpc_uthmani_hafs":"٢٦","char_type_name":"end","page_number":153,"line_number":6,"text":"ﮉ","translation":{"text":"(26)","language_name":"english","language_id":38},"transliteration":{"text":null,"language_name":"english","language_id":38}}],"translations":[{"id":917409,"resource_id":134,"text":"Hai anak Adam<sup foot_note=210300>1</sup>, sesungguhnya Kami telah menurunkan kepadamu pakaian untuk menutup auratmu dan pakaian indah untuk perhiasan . Dan pakaian takwa<sup foot_note=210301>2</sup> itulah yang paling baik. Yang demikian itu adalah sebagian dari tanda-tanda kekuasaan Allah, mudah-mudahan mereka selalu ingat."}]},{"id":981,"verse_number":27,"verse_key":"7:27","juz_number":8,"hizb_number":16,"rub_el_hizb_number":61,"ruku_number":124,"manzil_number":2,"sajdah_number":null,"text_uthmani":"يَـٰبَنِىٓ ءَادَمَ لَا يَفْتِنَنَّكُمُ ٱلشَّيْطَـٰنُ كَمَآ أَخْرَجَ أَبَوَيْكُم مِّنَ ٱلْجَنَّةِ يَنزِعُ عَنْهُمَا لِبَاسَهُمَا لِيُرِيَهُمَا سَوْءَٰتِهِمَآ ۗ إِنَّهُۥ يَرَىٰكُمْ هُوَ وَقَبِيلُهُۥ مِنْ حَيْثُ لَا تَرَوْنَهُمْ ۗ إِنَّا جَعَلْنَا ٱلشَّيَـٰطِينَ أَوْلِيَآءَ لِلَّذِينَ لَا يُؤْمِنُونَ","page_number":153,"words":[{"id":30443,"position":1,"audio_url":"wbw/007_027_001.mp3","qpc_uthmani_hafs":"يَٰبَنِيٓ","char_type_name":"word","page_number":153,"line_number":6,"text":"ﮊ","translation":{"text":"O Children","language_name":"english","language_id":38},"transliteration":{"text":"yābanī","language_name":"english","language_id":38}},{"id":30444,"position":2,"audio_url":"wbw/007_027_002.mp3","qpc_uthmani_hafs":"ءَادَمَ","char_type_name":"word","page_number":153,"line_number":6,"text":"ﮋ","translation":{"text":"(of) Adam","language_name":"english","language_id":38},"transliteration":{"text":"ādama","language_name":"english","language_id":38}},{"id":30445,"position":3,"audio_url":"wbw/007_027_003.mp3","qpc_uthmani_hafs":"لَا","char_type_name":"word","page_number":153,"line_number":6,"text":"ﮌ","translation":{"text":"(Let) not","language_name":"english","language_id":38},"transliteration":{"text":"lā","language_name":"english","language_id":38}},{"id":30446,"position":4,"audio_url":"wbw/007_027_004.mp3","qpc_uthmani_hafs":"يَفۡتِنَنَّكُمُ","char_type_name":"word","page_number":153,"line_number":6,"text":"ﮍ","translation":{"text":"tempt you","language_name":"english","language_id":38},"transliteration":{"text":"yaftinannakumu","language_name":"english","language_id":38}},{"id":30447,"position":5,"audio_url":"wbw/007_027_005.mp3","qpc_uthmani_hafs":"ٱلشَّيۡطَٰنُ","char_type_name":"word","page_number":153,"line_number":7,"text":"ﮎ","translation":{"text":"[the] Shaitaan","language_name":"english","language_id":38},"transliteration":{"text":"l-shayṭānu","language_name":"english","language_id":38}},{"id":30448,"position":6,"audio_url":"wbw/007_027_006.mp3","qpc_uthmani_hafs":"كَمَآ","char_type_name":"word","page_number":153,"line_number":7,"text":"ﮏ","translation":{"text":"as","language_name":"english","language_id":38},"transliteration":{"text":"kamā","language_name":"english","language_id":38}},{"id":30449,"position":7,"audio_url":"wbw/007_027_007.mp3","qpc_uthmani_hafs":"أَخۡرَجَ","char_type_name":"word","page_number":153,"line_number":7,"text":"ﮐ","translation":{"text":"he drove out","language_name":"english","language_id":38},"transliteration":{"text":"akhraja","language_name":"english","language_id":38}},{"id":30450,"position":8,"audio_url":"wbw/007_027_008.mp3","qpc_uthmani_hafs":"أَبَوَيۡكُم","char_type_name":"word","page_number":153,"line_number":7,"text":"ﮑ","translation":{"text":"your parents","language_name":"english","language_id":38},"transliteration":{"text":"abawaykum","language_name":"english","language_id":38}},{"id":30451,"position":9,"audio_url":"wbw/007_027_009.mp3","qpc_uthmani_hafs":"مِّنَ","char_type_name":"word","page_number":153,"line_number":7,"text":"ﮒ","translation":{"text":"from","language_name":"english","language_id":38},"transliteration":{"text":"mina","language_name":"english","language_id":38}},{"id":30452,"position":10,"audio_url":"wbw/007_027_010.mp3","qpc_uthmani_hafs":"ٱلۡجَنَّةِ","char_type_name":"word","page_number":153,"line_number":7,"text":"ﮓ","translation":{"text":"Paradise","language_name":"english","language_id":38},"transliteration":{"text":"l-janati","language_name":"english","language_id":38}},{"id":30453,"position":11,"audio_url":"wbw/007_027_011.mp3","qpc_uthmani_hafs":"يَنزِعُ","char_type_name":"word","page_number":153,"line_number":7,"text":"ﮔ","translation":{"text":"stripping","language_name":"english","language_id":38},"transliteration":{"text":"yanziʿu","language_name":"english","language_id":38}},{"id":30454,"position":12,"audio_url":"wbw/007_027_012.mp3","qpc_uthmani_hafs":"عَنۡهُمَا","char_type_name":"word","page_number":153,"line_number":7,"text":"ﮕ","translation":{"text":"from both of them","language_name":"english","language_id":38},"transliteration":{"text":"ʿanhumā","language_name":"english","language_id":38}},{"id":30455,"position":13,"audio_url":"wbw/007_027_013.mp3","qpc_uthmani_hafs":"لِبَاسَهُمَا","char_type_name":"word","page_number":153,"line_number":7,"text":"ﮖ","translation":{"text":"their clothing","language_name":"english","language_id":38},"transliteration":{"text":"libāsahumā","language_name":"english","language_id":38}},{"id":30456,"position":14,"audio_url":"wbw/007_027_014.mp3","qpc_uthmani_hafs":"لِيُرِيَهُمَا","char_type_name":"word","page_number":153,"line_number":8,"text":"ﮗ","translation":{"text":"to show both of them","language_name":"english","language_id":38},"transliteration":{"text":"liyuriyahumā","language_name":"english","language_id":38}},{"id":30457,"position":15,"audio_url":"wbw/007_027_015.mp3","qpc_uthmani_hafs":"سَوۡءَٰتِهِمَآۚ","char_type_name":"word","page_number":153,"line_number":8,"text":"ﮘﮙ","translation":{"text":"their shame","language_name":"english","language_id":38},"transliteration":{"text":"sawātihimā","language_name":"english","language_id":38}},{"id":30459,"position":16,"audio_url":"wbw/007_027_017.mp3","qpc_uthmani_hafs":"إِنَّهُۥ","char_type_name":"word","page_number":153,"line_number":8,"text":"ﮚ","translation":{"text":"Indeed, he","language_name":"english","language_id":38},"transliteration":{"text":"innahu","language_name":"english","language_id":38}},{"id":30460,"position":17,"audio_url":"wbw/007_027_018.mp3","qpc_uthmani_hafs":"يَرَىٰكُمۡ","char_type_name":"word","page_number":153,"line_number":8,"text":"ﮛ","translation":{"text":"sees you ","language_name":"english","language_id":38},"transliteration":{"text":"yarākum","language_name":"english","language_id":38}},{"id":30461,"position":18,"audio_url":"wbw/007_027_019.mp3","qpc_uthmani_hafs":"هُوَ","char_type_name":"word","page_number":153,"line_number":8,"text":"ﮜ","translation":{"text":"he","language_name":"english","language_id":38},"transliteration":{"text":"huwa","language_name":"english","language_id":38}},{"id":30462,"position":19,"audio_url":"wbw/007_027_020.mp3","qpc_uthmani_hafs":"وَقَبِيلُهُۥ","char_type_name":"word","page_number":153,"line_number":8,"text":"ﮝ","translation":{"text":"and his tribe","language_name":"english","language_id":38},"transliteration":{"text":"waqabīluhu","language_name":"english","language_id":38}},{"id":30463,"position":20,"audio_url":"wbw/007_027_021.mp3","qpc_uthmani_hafs":"مِنۡ","char_type_name":"word","page_number":153,"line_number":8,"text":"ﮞ","translation":{"text":"from","language_name":"english","language_id":38},"transliteration":{"text":"min","language_name":"english","language_id":38}},{"id":30464,"position":21,"audio_url":"wbw/007_027_022.mp3","qpc_uthmani_hafs":"حَيۡثُ","char_type_name":"word","page_number":153,"line_number":8,"text":"ﮟ","translation":{"text":"where","language_name":"english","language_id":38},"transliteration":{"text":"ḥaythu","language_name":"english","language_id":38}},{"id":30465,"position":22,"audio_url":"wbw/007_027_023.mp3","qpc_uthmani_hafs":"لَا","char_type_name":"word","page_number":153,"line_number":8,"text":"ﮠ","translation":{"text":"not","language_name":"english","language_id":38},"transliteration":{"text":"lā","language_name":"english","language_id":38}},{"id":30466,"position":23,"audio_url":"wbw/007_027_024.mp3","qpc_uthmani_hafs":"تَرَوۡنَهُمۡۗ","char_type_name":"word","page_number":153,"line_number":8,"text":"ﮡﮢ","translation":{"text":"you see them","language_name":"english","language_id":38},"transliteration":{"text":"tarawnahum","language_name":"english","language_id":38}},{"id":30468,"position":24,"audio_url":"wbw/007_027_026.mp3","qpc_uthmani_hafs":"إِنَّا","char_type_name":"word","page_number":153,"line_number":9,"text":"ﮣ","translation":{"text":"Indeed","language_name":"english","language_id":38},"transliteration":{"text":"innā","language_name":"english","language_id":38}},{"id":30469,"position":25,"audio_url":"wbw/007_027_027.mp3","qpc_uthmani_hafs":"جَعَلۡنَا","char_type_name":"word","page_number":153,"line_number":9,"text":"ﮤ","translation":{"text":"We have made","language_name":"english","language_id":38},"transliteration":{"text":"jaʿalnā","language_name":"english","language_id":38}},{"id":30470,"position":26,"audio_url":"wbw/007_027_028.mp3","qpc_uthmani_hafs":"ٱلشَّيَٰطِينَ","char_type_name":"word","page_number":153,"line_number":9,"text":"ﮥ","translation":{"text":"the devils","language_name":"english","language_id":38},"transliteration":{"text":"l-shayāṭīna","language_name":"english","language_id":38}},{"id":30471,"position":27,"audio_url":"wbw/007_027_029.mp3","qpc_uthmani_hafs":"أَوۡلِيَآءَ","char_type_name":"word","page_number":153,"line_number":9,"text":"ﮦ","translation":{"text":"friends","language_name":"english","language_id":38},"transliteration":{"text":"awliyāa","language_name":"english","language_id":38}},{"id":30472,"position":28,"audio_url":"wbw/007_027_030.mp3","qpc_uthmani_hafs":"لِلَّذِينَ","char_type_name":"word","page_number":153,"line_number":9,"text":"ﮧ","translation":{"text":"of those who","language_name":"english","language_id":38},"transliteration":{"text":"lilladhīna","language_name":"english","language_id":38}},{"id":30473,"position":29,"audio_url":"wbw/007_027_031.mp3","qpc_uthmani_hafs":"لَا","char_type_name":"word","page_number":153,"line_number":9,"text":"ﮨ","translation":{"text":"(do) not","language_name":"english","language_id":38},"transliteration":{"text":"lā","language_name":"english","language_id":38}},{"id":30474,"position":30,"audio_url":"wbw/007_027_032.mp3","qpc_uthmani_hafs":"يُؤۡمِنُونَ","char_type_name":"word","page_number":153,"line_number":9,"text":"ﮩ","translation":{"text":"believe","language_name":"english","language_id":38},"transliteration":{"text":"yu'minūna","language_name":"english","language_id":38}},{"id":30475,"position":31,"audio_url":null,"qpc_uthmani_hafs":"٢٧","char_type_name":"end","page_number":153,"line_number":9,"text":"ﮪ","translation":{"text":"(27)","language_name":"english","language_id":38},"transliteration":{"text":null,"language_name":"english","language_id":38}}],"translations":[{"id":917410,"resource_id":134,"text":"Hai anak Adam, janganlah sekali-kali kamu dapat ditipu oleh setan sebagaimana ia telah mengeluarkan kedua ibu bapkamu dari surga, ia menanggalkan dari keduanya pakaiannya untuk memperlihatkan kepada keduanya auratnya.  Sesungguhnya ia dan pengikut-pengikutnya melihat kamu dan suatu tempat yang kamu tidak bisa melihat mereka.  Sesungguhnya Kami telah menjadikan setan-setan itu pemimpin-pemimpin bagi orang-orang yang tidak beriman."}]},{"id":982,"verse_number":28,"verse_key":"7:28","juz_number":8,"hizb_number":16,"rub_el_hizb_number":61,"ruku_number":124,"manzil_number":2,"sajdah_number":null,"text_uthmani":"وَإِذَا فَعَلُوا۟ فَـٰحِشَةً قَالُوا۟ وَجَدْنَا عَلَيْهَآ ءَابَآءَنَا وَٱللَّهُ أَمَرَنَا بِهَا ۗ قُلْ إِنَّ ٱللَّهَ لَا يَأْمُرُ بِٱلْفَحْشَآءِ ۖ أَتَقُولُونَ عَلَى ٱللَّهِ مَا لَا تَعْلَمُونَ","page_number":153,"words":[{"id":31438,"position":1,"audio_url":"wbw/007_028_001.mp3","qpc_uthmani_hafs":"وَإِذَا","char_type_name":"word","page_number":153,"line_number":9,"text":"ﮫ","translation":{"text":"And when","language_name":"english","language_id":38},"transliteration":{"text":"wa-idhā","language_name":"english","language_id":38}},{"id":31439,"position":2,"audio_url":"wbw/007_028_002.mp3","qpc_uthmani_hafs":"فَعَلُواْ","char_type_name":"word","page_number":153,"line_number":9,"text":"ﮬ","translation":{"text":"they do","language_name":"english","language_id":38},"transliteration":{"text":"faʿalū","language_name":"english","language_id":38}},{"id":31440,"position":3,"audio_url":"wbw/007_028_003.mp3","qpc_uthmani_hafs":"فَٰحِشَةٗ","char_type_name":"word","page_number":153,"line_number":10,"text":"ﮭ","translation":{"text":"immorality","language_name":"english","language_id":38},"transliteration":{"text":"fāḥishatan","language_name":"english","language_id":38}},{"id":31441,"position":4,"audio_url":"wbw/007_028_004.mp3","qpc_uthmani_hafs":"قَالُواْ","char_type_name":"word","page_number":153,"line_number":10,"text":"ﮮ","translation":{"text":"they say","language_name":"english","language_id":38},"transliteration":{"text":"qālū","language_name":"english","language_id":38}},{"id":31442,"position":5,"audio_url":"wbw/007_028_005.mp3","qpc_uthmani_hafs":"وَجَدۡنَا","char_type_name":"word","page_number":153,"line_number":10,"text":"ﮯ","translation":{"text":"We found","language_name":"english","language_id":38},"transliteration":{"text":"wajadnā","language_name":"english","language_id":38}},{"id":31443,"position":6,"audio_url":"wbw/007_028_006.mp3","qpc_uthmani_hafs":"عَلَيۡهَآ","char_type_name":"word","page_number":153,"line_number":10,"text":"ﮰ","translation":{"text":"on it","language_name":"english","language_id":38},"transliteration":{"text":"ʿalayhā","language_name":"english","language_id":38}},{"id":31444,"position":7,"audio_url":"wbw/007_028_007.mp3","qpc_uthmani_hafs":"ءَابَآءَنَا","char_type_name":"word","page_number":153,"line_number":10,"text":"ﮱ","translation":{"text":"our forefathers","language_name":"english","language_id":38},"transliteration":{"text":"ābāanā","language_name":"english","language_id":38}},{"id":31445,"position":8,"audio_url":"wbw/007_028_008.mp3","qpc_uthmani_hafs":"وَٱللَّهُ","char_type_name":"word","page_number":153,"line_number":10,"text":"ﯓ","translation":{"text":"and Allah","language_name":"english","language_id":38},"transliteration":{"text":"wal-lahu","language_name":"english","language_id":38}},{"id":31446,"position":9,"audio_url":"wbw/007_028_009.mp3","qpc_uthmani_hafs":"أَمَرَنَا","char_type_name":"word","page_number":153,"line_number":10,"text":"ﯔ","translation":{"text":"(has) ordered us","language_name":"english","language_id":38},"transliteration":{"text":"amaranā","language_name":"english","language_id":38}},{"id":31447,"position":10,"audio_url":"wbw/007_028_010.mp3","qpc_uthmani_hafs":"بِهَاۗ","char_type_name":"word","page_number":153,"line_number":10,"text":"ﯕﯖ","translation":{"text":"of it","language_name":"english","language_id":38},"transliteration":{"text":"bihā","language_name":"english","language_id":38}},{"id":31449,"position":11,"audio_url":"wbw/007_028_012.mp3","qpc_uthmani_hafs":"قُلۡ","char_type_name":"word","page_number":153,"line_number":10,"text":"ﯗ","translation":{"text":"Say","language_name":"english","language_id":38},"transliteration":{"text":"qul","language_name":"english","language_id":38}},{"id":31450,"position":12,"audio_url":"wbw/007_028_013.mp3","qpc_uthmani_hafs":"إِنَّ","char_type_name":"word","page_number":153,"line_number":10,"text":"ﯘ","translation":{"text":"Indeed","language_name":"english","language_id":38},"transliteration":{"text":"inna","language_name":"english","language_id":38}},{"id":31451,"position":13,"audio_url":"wbw/007_028_014.mp3","qpc_uthmani_hafs":"ٱللَّهَ","char_type_name":"word","page_number":153,"line_number":10,"text":"ﯙ","translation":{"text":"Allah","language_name":"english","language_id":38},"transliteration":{"text":"l-laha","language_name":"english","language_id":38}},{"id":31452,"position":14,"audio_url":"wbw/007_028_015.mp3","qpc_uthmani_hafs":"لَا","char_type_name":"word","page_number":153,"line_number":11,"text":"ﯚ","translation":{"text":"(does) not","language_name":"english","language_id":38},"transliteration":{"text":"lā","language_name":"english","language_id":38}},{"id":31453,"position":15,"audio_url":"wbw/007_028_016.mp3","qpc_uthmani_hafs":"يَأۡمُرُ","char_type_name":"word","page_number":153,"line_number":11,"text":"ﯛ","translation":{"text":"order","language_name":"english","language_id":38},"transliteration":{"text":"yamuru","language_name":"english","language_id":38}},{"id":31454,"position":16,"audio_url":"wbw/007_028_017.mp3","qpc_uthmani_hafs":"بِٱلۡفَحۡشَآءِۖ","char_type_name":"word","page_number":153,"line_number":11,"text":"ﯜﯝ","translation":{"text":"immorality","language_name":"english","language_id":38},"transliteration":{"text":"bil-faḥshāi","language_name":"english","language_id":38}},{"id":31456,"position":17,"audio_url":"wbw/007_028_019.mp3","qpc_uthmani_hafs":"أَتَقُولُونَ","char_type_name":"word","page_number":153,"line_number":11,"text":"ﯞ","translation":{"text":"Do you say","language_name":"english","language_id":38},"transliteration":{"text":"ataqūlūna","language_name":"english","language_id":38}},{"id":31457,"position":18,"audio_url":"wbw/007_028_020.mp3","qpc_uthmani_hafs":"عَلَى","char_type_name":"word","page_number":153,"line_number":11,"text":"ﯟ","translation":{"text":"about","language_name":"english","language_id":38},"transliteration":{"text":"ʿalā","language_name":"english","language_id":38}},{"id":31458,"position":19,"audio_url":"wbw/007_028_021.mp3","qpc_uthmani_hafs":"ٱللَّهِ","char_type_name":"word","page_number":153,"line_number":11,"text":"ﯠ","translation":{"text":"Allah","language_name":"english","language_id":38},"transliteration":{"text":"l-lahi","language_name":"english","language_id":38}},{"id":31459,"position":20,"audio_url":"wbw/007_028_022.mp3","qpc_uthmani_hafs":"مَا","char_type_name":"word","page_number":153,"line_number":11,"text":"ﯡ","translation":{"text":"what","language_name":"english","language_id":38},"transliteration":{"text":"mā","language_name":"english","language_id":38}},{"id":31460,"position":21,"audio_url":"wbw/007_028_023.mp3","qpc_uthmani_hafs":"لَا","char_type_name":"word","page_number":153,"line_number":11,"text":"ﯢ","translation":{"text":"not","language_name":"english","language_id":38},"transliteration":{"text":"lā","language_name":"english","language_id":38}},{"id":31461,"position":22,"audio_url":"wbw/007_028_024.mp3","qpc_uthmani_hafs":"تَعۡلَمُونَ","char_type_name":"word","page_number":153,"line_number":11,"text":"ﯣ","translation":{"text":"you know","language_name":"english","language_id":38},"transliteration":{"text":"taʿlamūna","language_name":"english","language_id":38}},{"id":31462,"position":23,"audio_url":null,"qpc_uthmani_hafs":"٢٨","char_type_name":"end","page_number":153,"line_number":11,"text":"ﯤ","translation":{"text":"(28)","language_name":"english","language_id":38},"transliteration":{"text":null,"language_name":"english","language_id":38}}],"translations":[{"id":917411,"resource_id":134,"text":"Dan apabila mereka melakukan perbuatan keji, mereka berkata, \"Kami mendapati nenek moyang kami mengerjakan yang demikian itu, dan Allah menyuruh kami mengerjakannya. Katakanlah, \"Sesungguhnya Allah tidak menyuruh (mengerjakan) perbuatan yang keji\"<sup foot_note=210302>1</sup>. Mengapa kamu mengada-adakan terhadap Allah apa yang tidak kamu ketahui?"}]},{"id":983,"verse_number":29,"verse_key":"7:29","juz_number":8,"hizb_number":16,"rub_el_hizb_number":61,"ruku_number":124,"manzil_number":2,"sajdah_number":null,"text_uthmani":"قُلْ أَمَرَ رَبِّى بِٱلْقِسْطِ ۖ وَأَقِيمُوا۟ وُجُوهَكُمْ عِندَ كُلِّ مَسْجِدٍ وَٱدْعُوهُ مُخْلِصِينَ لَهُ ٱلدِّينَ ۚ كَمَا بَدَأَكُمْ تَعُودُونَ","page_number":153,"words":[{"id":32406,"position":1,"audio_url":"wbw/007_029_001.mp3","qpc_uthmani_hafs":"قُلۡ","char_type_name":"word","page_number":153,"line_number":11,"text":"ﯥ","translation":{"text":"Say","language_name":"english","language_id":38},"transliteration":{"text":"qul","language_name":"english","language_id":38}},{"id":32407,"position":2,"audio_url":"wbw/007_029_002.mp3","qpc_uthmani_hafs":"أَمَرَ","char_type_name":"word","page_number":153,"line_number":12,"text":"ﯦ","translation":{"text":"(Has been) ordered","language_name":"english","language_id":38},"transliteration":{"text":"amara","language_name":"english","language_id":38}},{"id":32408,"position":3,"audio_url":"wbw/007_029_003.mp3","qpc_uthmani_hafs":"رَبِّي","char_type_name":"word","page_number":153,"line_number":12,"text":"ﯧ","translation":{"text":"(by) my Lord","language_name":"english","language_id":38},"transliteration":{"text":"rabbī","language_name":"english","language_id":38}},{"id":32409,"position":4,"audio_url":"wbw/007_029_004.mp3","qpc_uthmani_hafs":"بِٱلۡقِسۡطِۖ","char_type_name":"word","page_number":153,"line_number":12,"text":"ﯨﯩ","translation":{"text":"justice","language_name":"english","language_id":38},"transliteration":{"text":"bil-qis'ṭi","language_name":"english","language_id":38}},{"id":32411,"position":5,"audio_url":"wbw/007_029_006.mp3","qpc_uthmani_hafs":"وَأَقِيمُواْ","char_type_name":"word","page_number":153,"line_number":12,"text":"ﯪ","translation":{"text":"and set","language_name":"english","language_id":38},"transliteration":{"text":"wa-aqīmū","language_name":"english","language_id":38}},{"id":32412,"position":6,"audio_url":"wbw/007_029_007.mp3","qpc_uthmani_hafs":"وُجُوهَكُمۡ","char_type_name":"word","page_number":153,"line_number":12,"text":"ﯫ","translation":{"text":"your faces","language_name":"english","language_id":38},"transliteration":{"text":"wujūhakum","language_name":"english","language_id":38}},{"id":32413,"position":7,"audio_url":"wbw/007_029_008.mp3","qpc_uthmani_hafs":"عِندَ","char_type_name":"word","page_number":153,"line_number":12,"text":"ﯬ","translation":{"text":"at","language_name":"english","language_id":38},"transliteration":{"text":"ʿinda","language_name":"english","language_id":38}},{"id":32414,"position":8,"audio_url":"wbw/007_029_009.mp3","qpc_uthmani_hafs":"كُلِّ","char_type_name":"word","page_number":153,"line_number":12,"text":"ﯭ","translation":{"text":"every","language_name":"english","language_id":38},"transliteration":{"text":"kulli","language_name":"english","language_id":38}},{"id":32415,"position":9,"audio_url":"wbw/007_029_010.mp3","qpc_uthmani_hafs":"مَسۡجِدٖ","char_type_name":"word","page_number":153,"line_number":12,"text":"ﯮ","translation":{"text":"masjid","language_name":"english","language_id":38},"transliteration":{"text":"masjidin","language_name":"english","language_id":38}},{"id":32416,"position":10,"audio_url":"wbw/007_029_011.mp3","qpc_uthmani_hafs":"وَٱدۡعُوهُ","char_type_name":"word","page_number":153,"line_number":13,"text":"ﯯ","translation":{"text":"and invoke Him","language_name":"english","language_id":38},"transliteration":{"text":"wa-id'ʿūhu","language_name":"english","language_id":38}},{"id":32417,"position":11,"audio_url":"wbw/007_029_012.mp3","qpc_uthmani_hafs":"مُخۡلِصِينَ","char_type_name":"word","page_number":153,"line_number":13,"text":"ﯰ","translation":{"text":"(being) sincere","language_name":"english","language_id":38},"transliteration":{"text":"mukh'liṣīna","language_name":"english","language_id":38}},{"id":32418,"position":12,"audio_url":"wbw/007_029_013.mp3","qpc_uthmani_hafs":"لَهُ","char_type_name":"word","page_number":153,"line_number":13,"text":"ﯱ","translation":{"text":"to Him","language_name":"english","language_id":38},"transliteration":{"text":"lahu","language_name":"english","language_id":38}},{"id":32419,"position":13,"audio_url":"wbw/007_029_014.mp3","qpc_uthmani_hafs":"ٱلدِّينَۚ","char_type_name":"word","page_number":153,"line_number":13,"text":"ﯲﯳ","translation":{"text":"(in) the religion","language_name":"english","language_id":38},"transliteration":{"text":"l-dīna","language_name":"english","language_id":38}},{"id":32421,"position":14,"audio_url":"wbw/007_029_016.mp3","qpc_uthmani_hafs":"كَمَا","char_type_name":"word","page_number":153,"line_number":13,"text":"ﯴ","translation":{"text":"As","language_name":"english","language_id":38},"transliteration":{"text":"kamā","language_name":"english","language_id":38}},{"id":32422,"position":15,"audio_url":"wbw/007_029_017.mp3","qpc_uthmani_hafs":"بَدَأَكُمۡ","char_type_name":"word","page_number":153,"line_number":13,"text":"ﯵ","translation":{"text":"He originated you","language_name":"english","language_id":38},"transliteration":{"text":"bada-akum","language_name":"english","language_id":38}},{"id":32423,"position":16,"audio_url":"wbw/007_029_018.mp3","qpc_uthmani_hafs":"تَعُودُونَ","char_type_name":"word","page_number":153,"line_number":13,"text":"ﯶ","translation":{"text":"(so) will you return","language_name":"english","language_id":38},"transliteration":{"text":"taʿūdūna","language_name":"english","language_id":38}},{"id":32424,"position":17,"audio_url":null,"qpc_uthmani_hafs":"٢٩","char_type_name":"end","page_number":153,"line_number":13,"text":"ﯷ","translation":{"text":"(29)","language_name":"english","language_id":38},"transliteration":{"text":null,"language_name":"english","language_id":38}}],"translations":[{"id":917412,"resource_id":134,"text":"Katakanlah, \"Tuhan-ku menyuruh menjalankan keadilan\".  Dan (katakanlah), \"Luruskanlah muka (diri)mu<sup foot_note=210303>1</sup> di setiap salat dan sembahlah Allah dengan mengikhlaskan ketaatanmu kepada-Nya.  Sebagaimana Dia telah menciptakan kamu pada permulaan (demikian pulalah kamu akan kembali kepada-Nya)\"."}]},{"id":984,"verse_number":30,"verse_key":"7:30","juz_number":8,"hizb_number":16,"rub_el_hizb_number":61,"ruku_number":124,"manzil_number":2,"sajdah_number":null,"text_uthmani":"فَرِيقًا هَدَىٰ وَفَرِيقًا حَقَّ عَلَيْهِمُ ٱلضَّلَـٰلَةُ ۗ إِنَّهُمُ ٱتَّخَذُوا۟ ٱلشَّيَـٰطِينَ أَوْلِيَآءَ مِن دُونِ ٱللَّهِ وَيَحْسَبُونَ أَنَّهُم مُّهْتَدُونَ","page_number":153,"words":[{"id":33251,"position":1,"audio_url":"wbw/007_030_001.mp3","qpc_uthmani_hafs":"فَرِيقًا","char_type_name":"word","page_number":153,"line_number":13,"text":"ﯸ","translation":{"text":"A group","language_name":"english","language_id":38},"transliteration":{"text":"farīqan","language_name":"english","language_id":38}},{"id":33252,"position":2,"audio_url":"wbw/007_030_002.mp3","qpc_uthmani_hafs":"هَدَىٰ","char_type_name":"word","page_number":153,"line_number":14,"text":"ﯹ","translation":{"text":"He guided","language_name":"english","language_id":38},"transliteration":{"text":"hadā","language_name":"english","language_id":38}},{"id":33253,"position":3,"audio_url":"wbw/007_030_003.mp3","qpc_uthmani_hafs":"وَفَرِيقًا","char_type_name":"word","page_number":153,"line_number":14,"text":"ﯺ","translation":{"text":"and a group","language_name":"english","language_id":38},"transliteration":{"text":"wafarīqan","language_name":"english","language_id":38}},{"id":33254,"position":4,"audio_url":"wbw/007_030_004.mp3","qpc_uthmani_hafs":"حَقَّ","char_type_name":"word","page_number":153,"line_number":14,"text":"ﯻ","translation":{"text":"deserved ","language_name":"english","language_id":38},"transliteration":{"text":"ḥaqqa","language_name":"english","language_id":38}},{"id":33255,"position":5,"audio_url":"wbw/007_030_005.mp3","qpc_uthmani_hafs":"عَلَيۡهِمُ","char_type_name":"word","page_number":153,"line_number":14,"text":"ﯼ","translation":{"text":"[on] they","language_name":"english","language_id":38},"transliteration":{"text":"ʿalayhimu","language_name":"english","language_id":38}},{"id":33256,"position":6,"audio_url":"wbw/007_030_006.mp3","qpc_uthmani_hafs":"ٱلضَّلَٰلَةُۚ","char_type_name":"word","page_number":153,"line_number":14,"text":"ﯽﯾ","translation":{"text":"the astraying","language_name":"english","language_id":38},"transliteration":{"text":"l-ḍalālatu","language_name":"english","language_id":38}},{"id":33258,"position":7,"audio_url":"wbw/007_030_008.mp3","qpc_uthmani_hafs":"إِنَّهُمُ","char_type_name":"word","page_number":153,"line_number":14,"text":"ﯿ","translation":{"text":"Indeed, they","language_name":"english","language_id":38},"transliteration":{"text":"innahumu","language_name":"english","language_id":38}},{"id":33259,"position":8,"audio_url":"wbw/007_030_009.mp3","qpc_uthmani_hafs":"ٱتَّخَذُواْ","char_type_name":"word","page_number":153,"line_number":14,"text":"ﰀ","translation":{"text":"take","language_name":"english","language_id":38},"transliteration":{"text":"ittakhadhū","language_name":"english","language_id":38}},{"id":33260,"position":9,"audio_url":"wbw/007_030_010.mp3","qpc_uthmani_hafs":"ٱلشَّيَٰطِينَ","char_type_name":"word","page_number":153,"line_number":14,"text":"ﰁ","translation":{"text":"the devils","language_name":"english","language_id":38},"transliteration":{"text":"l-shayāṭīna","language_name":"english","language_id":38}},{"id":33261,"position":10,"audio_url":"wbw/007_030_011.mp3","qpc_uthmani_hafs":"أَوۡلِيَآءَ","char_type_name":"word","page_number":153,"line_number":15,"text":"ﰂ","translation":{"text":"(as) allies","language_name":"english","language_id":38},"transliteration":{"text":"awliyāa","language_name":"english","language_id":38}},{"id":33262,"position":11,"audio_url":"wbw/007_030_012.mp3","qpc_uthmani_hafs":"مِن","char_type_name":"word","page_number":153,"line_number":15,"text":"ﰃ","translation":{"text":"from","language_name":"english","language_id":38},"transliteration":{"text":"min","language_name":"english","language_id":38}},{"id":33263,"position":12,"audio_url":"wbw/007_030_013.mp3","qpc_uthmani_hafs":"دُونِ","char_type_name":"word","page_number":153,"line_number":15,"text":"ﰄ","translation":{"text":"besides","language_name":"english","language_id":38},"transliteration":{"text":"dūni","language_name":"english","language_id":38}},{"id":33264,"position":13,"audio_url":"wbw/007_030_014.mp3","qpc_uthmani_hafs":"ٱللَّهِ","char_type_name":"word","page_number":153,"line_number":15,"text":"ﰅ","translation":{"text":"Allah","language_name":"english","language_id":38},"transliteration":{"text":"l-lahi","language_name":"english","language_id":38}},{"id":33265,"position":14,"audio_url":"wbw/007_030_015.mp3","qpc_uthmani_hafs":"وَيَحۡسَبُونَ","char_type_name":"word","page_number":153,"line_number":15,"text":"ﰆ","translation":{"text":"while they think","language_name":"english","language_id":38},"transliteration":{"text":"wayaḥsabūna","language_name":"english","language_id":38}},{"id":33266,"position":15,"audio_url":"wbw/007_030_016.mp3","qpc_uthmani_hafs":"أَنَّهُم","char_type_name":"word","page_number":153,"line_number":15,"text":"ﰇ","translation":{"text":"that they","language_name":"english","language_id":38},"transliteration":{"text":"annahum","language_name":"english","language_id":38}},{"id":33267,"position":16,"audio_url":"wbw/007_030_017.mp3","qpc_uthmani_hafs":"مُّهۡتَدُونَ","char_type_name":"word","page_number":153,"line_number":15,"text":"ﰈ","translation":{"text":"(are the) guided-ones","language_name":"english","language_id":38},"transliteration":{"text":"muh'tadūna","language_name":"english","language_id":38}},{"id":33268,"position":17,"audio_url":null,"qpc_uthmani_hafs":"٣٠","char_type_name":"end","page_number":153,"line_number":15,"text":"ﰉ","translation":{"text":"(30)","language_name":"english","language_id":38},"transliteration":{"text":null,"language_name":"english","language_id":38}}],"translations":[{"id":917413,"resource_id":134,"text":"Sebagian diberi-Nya petunjuk dan sebagian lagi telah pasti kesesatan bagi mereka. Sesungguhnya mereka menjadikan setan-setan pelindung (mereka) selain Allah, dan mereka mengira bahwa mereka mendapat petunjuk."}]}],"pagination":{"per_page":50,"current_page":1,"next_page":null,"total_pages":1,"total_records":8}}