{"verses":[{"id":1022,"verse_number":68,"verse_key":"7:68","juz_number":8,"hizb_number":16,"rub_el_hizb_number":64,"ruku_number":130,"manzil_number":2,"sajdah_number":null,"text_uthmani":"أُبَلِّغُكُمْ رِسَـٰلَـٰتِ رَبِّى وَأَنَا۠ لَكُمْ نَاصِحٌ أَمِينٌ","page_number":159,"words":[{"id":58521,"position":1,"audio_url":"wbw/007_068_001.mp3","qpc_uthmani_hafs":"أُبَلِّغُكُمۡ","char_type_name":"word","page_number":159,"line_number":1,"text":"ﭑ","translation":{"text":"I convey to you","language_name":"english","language_id":38},"transliteration":{"text":"uballighukum","language_name":"english","language_id":38}},{"id":58522,"position":2,"audio_url":"wbw/007_068_002.mp3","qpc_uthmani_hafs":"رِسَٰلَٰتِ","char_type_name":"word","page_number":159,"line_number":1,"text":"ﭒ","translation":{"text":"Messages","language_name":"english","language_id":38},"transliteration":{"text":"risālāti","language_name":"english","language_id":38}},{"id":58523,"position":3,"audio_url":"wbw/007_068_003.mp3","qpc_uthmani_hafs":"رَبِّي","char_type_name":"word","page_number":159,"line_number":1,"text":"ﭓ","translation":{"text":"(of) my Lord","language_name":"english","language_id":38},"transliteration":{"text":"rabbī","language_name":"english","language_id":38}},{"id":58524,"position":4,"audio_url":"wbw/007_068_004.mp3","qpc_uthmani_hafs":"وَأَنَا۠","char_type_name":"word","page_number":159,"line_number":1,"text":"ﭔ","translation":{"text":"and I am","language_name":"english","language_id":38},"transliteration":{"text":"wa-anā","language_name":"english","language_id":38}},{"id":58525,"position":5,"audio_url":"wbw/007_068_005.mp3","qpc_uthmani_hafs":"لَكُمۡ","char_type_name":"word","page_number":159,"line_number":1,"text":"ﭕ","translation":{"text":"to you","language_name":"english","language_id":38},"transliteration":{"text":"lakum","language_name":"english","language_id":38}},{"id":58526,"position":6,"audio_url":"wbw/007_068_006.mp3","qpc_uthmani_hafs":"نَاصِحٌ","char_type_name":"word","page_number":159,"line_number":1,"text":"ﭖ","translation":{"text":"an adviser ","language_name":"english","language_id":38},"transliteration":{"text":"nāṣiḥun","language_name":"english","language_id":38}},{"id":58527,"position":7,"audio_url":"wbw/007_068_007.mp3","qpc_uthmani_hafs":"أَمِينٌ","char_type_name":"word","page_number":159,"line_number":1,"text":"ﭗ","translation":{"text":"trustworthy","language_name":"english","language_id":38},"transliteration":{"text":"amīnun","language_name":"english","language_id":38}},{"id":58528,"position":8,"audio_url":null,"qpc_uthmani_hafs":"٦٨","char_type_name":"end","page_number":159,"line_number":1,"text":"ﭘ","translation":{"text":"(68)","language_name":"english","language_id":38},"transliteration":{"text":null,"language_name":"english","language_id":38}}],"translations":[{"id":917451,"resource_id":134,"text":"\"Aku menyampaikan amanat-amanat Tuhan-ku kepadamu dan aku hanyalah pemberi nasihat yang terpercaya bagimu\"."}]},{"id":1023,"verse_number":69,"verse_key":"7:69","juz_number":8,"hizb_number":16,"rub_el_hizb_number":64,"ruku_number":130,"manzil_number":2,"sajdah_number":null,"text_uthmani":"أَوَعَجِبْتُمْ أَن جَآءَكُمْ ذِكْرٌ مِّن رَّبِّكُمْ عَلَىٰ رَجُلٍ مِّنكُمْ لِيُنذِرَكُمْ ۚ وَٱذْكُرُوٓا۟ إِذْ جَعَلَكُمْ خُلَفَآءَ مِنۢ بَعْدِ قَوْمِ نُوحٍ وَزَادَكُمْ فِى ٱلْخَلْقِ بَصْۜطَةً ۖ فَٱذْكُرُوٓا۟ ءَالَآءَ ٱللَّهِ لَعَلَّكُمْ تُفْلِحُونَ","page_number":159,"words":[{"id":58876,"position":1,"audio_url":"wbw/007_069_001.mp3","qpc_uthmani_hafs":"أَوَعَجِبۡتُمۡ","char_type_name":"word","page_number":159,"line_number":1,"text":"ﭙ","translation":{"text":"Do you wonder","language_name":"english","language_id":38},"transliteration":{"text":"awaʿajib'tum","language_name":"english","language_id":38}},{"id":58877,"position":2,"audio_url":"wbw/007_069_002.mp3","qpc_uthmani_hafs":"أَن","char_type_name":"word","page_number":159,"line_number":2,"text":"ﭚ","translation":{"text":"that","language_name":"english","language_id":38},"transliteration":{"text":"an","language_name":"english","language_id":38}},{"id":58878,"position":3,"audio_url":"wbw/007_069_003.mp3","qpc_uthmani_hafs":"جَآءَكُمۡ","char_type_name":"word","page_number":159,"line_number":2,"text":"ﭛ","translation":{"text":"has come to you","language_name":"english","language_id":38},"transliteration":{"text":"jāakum","language_name":"english","language_id":38}},{"id":58879,"position":4,"audio_url":"wbw/007_069_004.mp3","qpc_uthmani_hafs":"ذِكۡرٞ","char_type_name":"word","page_number":159,"line_number":2,"text":"ﭜ","translation":{"text":"a reminder","language_name":"english","language_id":38},"transliteration":{"text":"dhik'run","language_name":"english","language_id":38}},{"id":58880,"position":5,"audio_url":"wbw/007_069_005.mp3","qpc_uthmani_hafs":"مِّن","char_type_name":"word","page_number":159,"line_number":2,"text":"ﭝ","translation":{"text":"from","language_name":"english","language_id":38},"transliteration":{"text":"min","language_name":"english","language_id":38}},{"id":58881,"position":6,"audio_url":"wbw/007_069_006.mp3","qpc_uthmani_hafs":"رَّبِّكُمۡ","char_type_name":"word","page_number":159,"line_number":2,"text":"ﭞ","translation":{"text":"your Lord","language_name":"english","language_id":38},"transliteration":{"text":"rabbikum","language_name":"english","language_id":38}},{"id":58882,"position":7,"audio_url":"wbw/007_069_007.mp3","qpc_uthmani_hafs":"عَلَىٰ","char_type_name":"word","page_number":159,"line_number":2,"text":"ﭟ","translation":{"text":"on","language_name":"english","language_id":38},"transliteration":{"text":"ʿalā","language_name":"english","language_id":38}},{"id":58883,"position":8,"audio_url":"wbw/007_069_008.mp3","qpc_uthmani_hafs":"رَجُلٖ","char_type_name":"word","page_number":159,"line_number":2,"text":"ﭠ","translation":{"text":"a man","language_name":"english","language_id":38},"transliteration":{"text":"rajulin","language_name":"english","language_id":38}},{"id":58884,"position":9,"audio_url":"wbw/007_069_009.mp3","qpc_uthmani_hafs":"مِّنكُمۡ","char_type_name":"word","page_number":159,"line_number":2,"text":"ﭡ","translation":{"text":"among you","language_name":"english","language_id":38},"transliteration":{"text":"minkum","language_name":"english","language_id":38}},{"id":58885,"position":10,"audio_url":"wbw/007_069_010.mp3","qpc_uthmani_hafs":"لِيُنذِرَكُمۡۚ","char_type_name":"word","page_number":159,"line_number":2,"text":"ﭢﭣ","translation":{"text":"that he may warn you","language_name":"english","language_id":38},"transliteration":{"text":"liyundhirakum","language_name":"english","language_id":38}},{"id":58887,"position":11,"audio_url":"wbw/007_069_012.mp3","qpc_uthmani_hafs":"وَٱذۡكُرُوٓاْ","char_type_name":"word","page_number":159,"line_number":3,"text":"ﭤ","translation":{"text":"And remember","language_name":"english","language_id":38},"transliteration":{"text":"wa-udh'kurū","language_name":"english","language_id":38}},{"id":58888,"position":12,"audio_url":"wbw/007_069_013.mp3","qpc_uthmani_hafs":"إِذۡ","char_type_name":"word","page_number":159,"line_number":3,"text":"ﭥ","translation":{"text":"when","language_name":"english","language_id":38},"transliteration":{"text":"idh","language_name":"english","language_id":38}},{"id":58889,"position":13,"audio_url":"wbw/007_069_014.mp3","qpc_uthmani_hafs":"جَعَلَكُمۡ","char_type_name":"word","page_number":159,"line_number":3,"text":"ﭦ","translation":{"text":"He made you","language_name":"english","language_id":38},"transliteration":{"text":"jaʿalakum","language_name":"english","language_id":38}},{"id":58890,"position":14,"audio_url":"wbw/007_069_015.mp3","qpc_uthmani_hafs":"خُلَفَآءَ","char_type_name":"word","page_number":159,"line_number":3,"text":"ﭧ","translation":{"text":"successors","language_name":"english","language_id":38},"transliteration":{"text":"khulafāa","language_name":"english","language_id":38}},{"id":58891,"position":15,"audio_url":"wbw/007_069_016.mp3","qpc_uthmani_hafs":"مِنۢ","char_type_name":"word","page_number":159,"line_number":3,"text":"ﭨ","translation":{"text":"from","language_name":"english","language_id":38},"transliteration":{"text":"min","language_name":"english","language_id":38}},{"id":58892,"position":16,"audio_url":"wbw/007_069_017.mp3","qpc_uthmani_hafs":"بَعۡدِ","char_type_name":"word","page_number":159,"line_number":3,"text":"ﭩ","translation":{"text":"after","language_name":"english","language_id":38},"transliteration":{"text":"baʿdi","language_name":"english","language_id":38}},{"id":58893,"position":17,"audio_url":"wbw/007_069_018.mp3","qpc_uthmani_hafs":"قَوۡمِ","char_type_name":"word","page_number":159,"line_number":3,"text":"ﭪ","translation":{"text":"(the) people","language_name":"english","language_id":38},"transliteration":{"text":"qawmi","language_name":"english","language_id":38}},{"id":58894,"position":18,"audio_url":"wbw/007_069_019.mp3","qpc_uthmani_hafs":"نُوحٖ","char_type_name":"word","page_number":159,"line_number":3,"text":"ﭫ","translation":{"text":"(of) Nuh","language_name":"english","language_id":38},"transliteration":{"text":"nūḥin","language_name":"english","language_id":38}},{"id":58895,"position":19,"audio_url":"wbw/007_069_020.mp3","qpc_uthmani_hafs":"وَزَادَكُمۡ","char_type_name":"word","page_number":159,"line_number":3,"text":"ﭬ","translation":{"text":"and increased you","language_name":"english","language_id":38},"transliteration":{"text":"wazādakum","language_name":"english","language_id":38}},{"id":58896,"position":20,"audio_url":"wbw/007_069_021.mp3","qpc_uthmani_hafs":"فِي","char_type_name":"word","page_number":159,"line_number":4,"text":"ﭭ","translation":{"text":"in","language_name":"english","language_id":38},"transliteration":{"text":"fī","language_name":"english","language_id":38}},{"id":58897,"position":21,"audio_url":"wbw/007_069_022.mp3","qpc_uthmani_hafs":"ٱلۡخَلۡقِ","char_type_name":"word","page_number":159,"line_number":4,"text":"ﭮ","translation":{"text":"the stature","language_name":"english","language_id":38},"transliteration":{"text":"l-khalqi","language_name":"english","language_id":38}},{"id":58898,"position":22,"audio_url":"wbw/007_069_023.mp3","qpc_uthmani_hafs":"بَصۜۡطَةٗۖ","char_type_name":"word","page_number":159,"line_number":4,"text":"ﭯﭰ","translation":{"text":"extensively","language_name":"english","language_id":38},"transliteration":{"text":"baṣ'ṭatan","language_name":"english","language_id":38}},{"id":58900,"position":23,"audio_url":"wbw/007_069_025.mp3","qpc_uthmani_hafs":"فَٱذۡكُرُوٓاْ","char_type_name":"word","page_number":159,"line_number":4,"text":"ﭱ","translation":{"text":"So remember","language_name":"english","language_id":38},"transliteration":{"text":"fa-udh'kurū","language_name":"english","language_id":38}},{"id":58901,"position":24,"audio_url":"wbw/007_069_026.mp3","qpc_uthmani_hafs":"ءَالَآءَ","char_type_name":"word","page_number":159,"line_number":4,"text":"ﭲ","translation":{"text":"(the) Bounties","language_name":"english","language_id":38},"transliteration":{"text":"ālāa","language_name":"english","language_id":38}},{"id":58902,"position":25,"audio_url":"wbw/007_069_027.mp3","qpc_uthmani_hafs":"ٱللَّهِ","char_type_name":"word","page_number":159,"line_number":4,"text":"ﭳ","translation":{"text":"(of) Allah","language_name":"english","language_id":38},"transliteration":{"text":"l-lahi","language_name":"english","language_id":38}},{"id":58903,"position":26,"audio_url":"wbw/007_069_028.mp3","qpc_uthmani_hafs":"لَعَلَّكُمۡ","char_type_name":"word","page_number":159,"line_number":4,"text":"ﭴ","translation":{"text":"so that you may","language_name":"english","language_id":38},"transliteration":{"text":"laʿallakum","language_name":"english","language_id":38}},{"id":58904,"position":27,"audio_url":"wbw/007_069_029.mp3","qpc_uthmani_hafs":"تُفۡلِحُونَ","char_type_name":"word","page_number":159,"line_number":4,"text":"ﭵ","translation":{"text":"succeed","language_name":"english","language_id":38},"transliteration":{"text":"tuf'liḥūna","language_name":"english","language_id":38}},{"id":58905,"position":28,"audio_url":null,"qpc_uthmani_hafs":"٦٩","char_type_name":"end","page_number":159,"line_number":5,"text":"ﭶ","translation":{"text":"(69)","language_name":"english","language_id":38},"transliteration":{"text":null,"language_name":"english","language_id":38}}],"translations":[{"id":917452,"resource_id":134,"text":"\"Apakah kamu (tidak percaya) dan heran bahwa datang kepadamu peringatan dari Tuhan-mu yang dibawa oleh seorang laki-laki di antaramu untuk memberi peringatan kepadamu? Dan ingatlah oleh kamu sekalian di waktu Allah menjadikan kamu sebagai pengganti-pengganti (yang berkuasa) sesudah lenyapnya kaum Nūḥ, dan Tuhan telah melebihkan kekuatan tubuh dan perawakanmu (dari kaum Nūḥ itu).  Maka ingatlah nikmat-nikmat Allah supaya kamu mendapat keberuntungan\"."}]},{"id":1024,"verse_number":70,"verse_key":"7:70","juz_number":8,"hizb_number":16,"rub_el_hizb_number":64,"ruku_number":130,"manzil_number":2,"sajdah_number":null,"text_uthmani":"قَالُوٓا۟ أَجِئْتَنَا لِنَعْبُدَ ٱللَّهَ وَحْدَهُۥ وَنَذَرَ مَا كَانَ يَعْبُدُ ءَابَآؤُنَا ۖ فَأْتِنَا بِمَا تَعِدُنَآ إِن كُنتَ مِنَ ٱلصَّـٰدِقِينَ","page_number":159,"words":[{"id":59569,"position":1,"audio_url":"wbw/007_070_001.mp3","qpc_uthmani_hafs":"قَالُوٓاْ","char_type_name":"word","page_number":159,"line_number":5,"text":"ﭷ","translation":{"text":"They said","language_name":"english","language_id":38},"transliteration":{"text":"qālū","language_name":"english","language_id":38}},{"id":59570,"position":2,"audio_url":"wbw/007_070_002.mp3","qpc_uthmani_hafs":"أَجِئۡتَنَا","char_type_name":"word","page_number":159,"line_number":5,"text":"ﭸ","translation":{"text":"Have you come to us","language_name":"english","language_id":38},"transliteration":{"text":"aji'tanā","language_name":"english","language_id":38}},{"id":59571,"position":3,"audio_url":"wbw/007_070_003.mp3","qpc_uthmani_hafs":"لِنَعۡبُدَ","char_type_name":"word","page_number":159,"line_number":5,"text":"ﭹ","translation":{"text":"that we (should) worship","language_name":"english","language_id":38},"transliteration":{"text":"linaʿbuda","language_name":"english","language_id":38}},{"id":59572,"position":4,"audio_url":"wbw/007_070_004.mp3","qpc_uthmani_hafs":"ٱللَّهَ","char_type_name":"word","page_number":159,"line_number":5,"text":"ﭺ","translation":{"text":"Allah","language_name":"english","language_id":38},"transliteration":{"text":"l-laha","language_name":"english","language_id":38}},{"id":59573,"position":5,"audio_url":"wbw/007_070_005.mp3","qpc_uthmani_hafs":"وَحۡدَهُۥ","char_type_name":"word","page_number":159,"line_number":5,"text":"ﭻ","translation":{"text":"Alone","language_name":"english","language_id":38},"transliteration":{"text":"waḥdahu","language_name":"english","language_id":38}},{"id":59574,"position":6,"audio_url":"wbw/007_070_006.mp3","qpc_uthmani_hafs":"وَنَذَرَ","char_type_name":"word","page_number":159,"line_number":5,"text":"ﭼ","translation":{"text":"and we forsake","language_name":"english","language_id":38},"transliteration":{"text":"wanadhara","language_name":"english","language_id":38}},{"id":59575,"position":7,"audio_url":"wbw/007_070_007.mp3","qpc_uthmani_hafs":"مَا","char_type_name":"word","page_number":159,"line_number":5,"text":"ﭽ","translation":{"text":"what","language_name":"english","language_id":38},"transliteration":{"text":"mā","language_name":"english","language_id":38}},{"id":59576,"position":8,"audio_url":"wbw/007_070_008.mp3","qpc_uthmani_hafs":"كَانَ","char_type_name":"word","page_number":159,"line_number":5,"text":"ﭾ","translation":{"text":"used to","language_name":"english","language_id":38},"transliteration":{"text":"kāna","language_name":"english","language_id":38}},{"id":59577,"position":9,"audio_url":"wbw/007_070_009.mp3","qpc_uthmani_hafs":"يَعۡبُدُ","char_type_name":"word","page_number":159,"line_number":6,"text":"ﭿ","translation":{"text":"worship","language_name":"english","language_id":38},"transliteration":{"text":"yaʿbudu","language_name":"english","language_id":38}},{"id":59578,"position":10,"audio_url":"wbw/007_070_010.mp3","qpc_uthmani_hafs":"ءَابَآؤُنَا","char_type_name":"word","page_number":159,"line_number":6,"text":"ﮀﮁ","translation":{"text":"our forefathers","language_name":"english","language_id":38},"transliteration":{"text":"ābāunā","language_name":"english","language_id":38}},{"id":59580,"position":11,"audio_url":"wbw/007_070_012.mp3","qpc_uthmani_hafs":"فَأۡتِنَا","char_type_name":"word","page_number":159,"line_number":6,"text":"ﮂ","translation":{"text":"Then bring us","language_name":"english","language_id":38},"transliteration":{"text":"fatinā","language_name":"english","language_id":38}},{"id":59581,"position":12,"audio_url":"wbw/007_070_013.mp3","qpc_uthmani_hafs":"بِمَا","char_type_name":"word","page_number":159,"line_number":6,"text":"ﮃ","translation":{"text":"of what","language_name":"english","language_id":38},"transliteration":{"text":"bimā","language_name":"english","language_id":38}},{"id":59582,"position":13,"audio_url":"wbw/007_070_014.mp3","qpc_uthmani_hafs":"تَعِدُنَآ","char_type_name":"word","page_number":159,"line_number":6,"text":"ﮄ","translation":{"text":"you promise us","language_name":"english","language_id":38},"transliteration":{"text":"taʿidunā","language_name":"english","language_id":38}},{"id":59583,"position":14,"audio_url":"wbw/007_070_015.mp3","qpc_uthmani_hafs":"إِن","char_type_name":"word","page_number":159,"line_number":6,"text":"ﮅ","translation":{"text":"if","language_name":"english","language_id":38},"transliteration":{"text":"in","language_name":"english","language_id":38}},{"id":59584,"position":15,"audio_url":"wbw/007_070_016.mp3","qpc_uthmani_hafs":"كُنتَ","char_type_name":"word","page_number":159,"line_number":6,"text":"ﮆ","translation":{"text":"you are","language_name":"english","language_id":38},"transliteration":{"text":"kunta","language_name":"english","language_id":38}},{"id":59585,"position":16,"audio_url":"wbw/007_070_017.mp3","qpc_uthmani_hafs":"مِنَ","char_type_name":"word","page_number":159,"line_number":6,"text":"ﮇ","translation":{"text":"of","language_name":"english","language_id":38},"transliteration":{"text":"mina","language_name":"english","language_id":38}},{"id":59586,"position":17,"audio_url":"wbw/007_070_018.mp3","qpc_uthmani_hafs":"ٱلصَّٰدِقِينَ","char_type_name":"word","page_number":159,"line_number":6,"text":"ﮈ","translation":{"text":"the truthful","language_name":"english","language_id":38},"transliteration":{"text":"l-ṣādiqīna","language_name":"english","language_id":38}},{"id":59587,"position":18,"audio_url":null,"qpc_uthmani_hafs":"٧٠","char_type_name":"end","page_number":159,"line_number":7,"text":"ﮉ","translation":{"text":"(70)","language_name":"english","language_id":38},"transliteration":{"text":null,"language_name":"english","language_id":38}}],"translations":[{"id":917453,"resource_id":134,"text":"Mereka berkata, \"Apakah kamu datang kepada kami agar kami hanya menyembah Allah saja dan meninggalkan apa yang biasa disembah oleh bapak-bapak kami? maka datangkanlah azab yang kamu ancamkan kepada kami jika kamu termasuk orang-orang yang benar\"."}]},{"id":1025,"verse_number":71,"verse_key":"7:71","juz_number":8,"hizb_number":16,"rub_el_hizb_number":64,"ruku_number":130,"manzil_number":2,"sajdah_number":null,"text_uthmani":"قَالَ قَدْ وَقَعَ عَلَيْكُم مِّن رَّبِّكُمْ رِجْسٌ وَغَضَبٌ ۖ أَتُجَـٰدِلُونَنِى فِىٓ أَسْمَآءٍ سَمَّيْتُمُوهَآ أَنتُمْ وَءَابَآؤُكُم مَّا نَزَّلَ ٱللَّهُ بِهَا مِن سُلْطَـٰنٍ ۚ فَٱنتَظِرُوٓا۟ إِنِّى مَعَكُم مِّنَ ٱلْمُنتَظِرِينَ","page_number":159,"words":[{"id":60298,"position":1,"audio_url":"wbw/007_071_001.mp3","qpc_uthmani_hafs":"قَالَ","char_type_name":"word","page_number":159,"line_number":7,"text":"ﮊ","translation":{"text":"He said","language_name":"english","language_id":38},"transliteration":{"text":"qāla","language_name":"english","language_id":38}},{"id":60299,"position":2,"audio_url":"wbw/007_071_002.mp3","qpc_uthmani_hafs":"قَدۡ","char_type_name":"word","page_number":159,"line_number":7,"text":"ﮋ","translation":{"text":"Verily","language_name":"english","language_id":38},"transliteration":{"text":"qad","language_name":"english","language_id":38}},{"id":60300,"position":3,"audio_url":"wbw/007_071_003.mp3","qpc_uthmani_hafs":"وَقَعَ","char_type_name":"word","page_number":159,"line_number":7,"text":"ﮌ","translation":{"text":"has fallen","language_name":"english","language_id":38},"transliteration":{"text":"waqaʿa","language_name":"english","language_id":38}},{"id":60301,"position":4,"audio_url":"wbw/007_071_004.mp3","qpc_uthmani_hafs":"عَلَيۡكُم","char_type_name":"word","page_number":159,"line_number":7,"text":"ﮍ","translation":{"text":"upon you","language_name":"english","language_id":38},"transliteration":{"text":"ʿalaykum","language_name":"english","language_id":38}},{"id":60302,"position":5,"audio_url":"wbw/007_071_005.mp3","qpc_uthmani_hafs":"مِّن","char_type_name":"word","page_number":159,"line_number":7,"text":"ﮎ","translation":{"text":"from","language_name":"english","language_id":38},"transliteration":{"text":"min","language_name":"english","language_id":38}},{"id":60303,"position":6,"audio_url":"wbw/007_071_006.mp3","qpc_uthmani_hafs":"رَّبِّكُمۡ","char_type_name":"word","page_number":159,"line_number":7,"text":"ﮏ","translation":{"text":"your Lord","language_name":"english","language_id":38},"transliteration":{"text":"rabbikum","language_name":"english","language_id":38}},{"id":60304,"position":7,"audio_url":"wbw/007_071_007.mp3","qpc_uthmani_hafs":"رِجۡسٞ","char_type_name":"word","page_number":159,"line_number":7,"text":"ﮐ","translation":{"text":"punishment","language_name":"english","language_id":38},"transliteration":{"text":"rij'sun","language_name":"english","language_id":38}},{"id":60305,"position":8,"audio_url":"wbw/007_071_008.mp3","qpc_uthmani_hafs":"وَغَضَبٌۖ","char_type_name":"word","page_number":159,"line_number":7,"text":"ﮑﮒ","translation":{"text":"and anger","language_name":"english","language_id":38},"transliteration":{"text":"waghaḍabun","language_name":"english","language_id":38}},{"id":60307,"position":9,"audio_url":"wbw/007_071_010.mp3","qpc_uthmani_hafs":"أَتُجَٰدِلُونَنِي","char_type_name":"word","page_number":159,"line_number":8,"text":"ﮓ","translation":{"text":"Do you dispute with me","language_name":"english","language_id":38},"transliteration":{"text":"atujādilūnanī","language_name":"english","language_id":38}},{"id":60308,"position":10,"audio_url":"wbw/007_071_011.mp3","qpc_uthmani_hafs":"فِيٓ","char_type_name":"word","page_number":159,"line_number":8,"text":"ﮔ","translation":{"text":"concerning","language_name":"english","language_id":38},"transliteration":{"text":"fī","language_name":"english","language_id":38}},{"id":60309,"position":11,"audio_url":"wbw/007_071_012.mp3","qpc_uthmani_hafs":"أَسۡمَآءٖ","char_type_name":"word","page_number":159,"line_number":8,"text":"ﮕ","translation":{"text":"names","language_name":"english","language_id":38},"transliteration":{"text":"asmāin","language_name":"english","language_id":38}},{"id":60310,"position":12,"audio_url":"wbw/007_071_013.mp3","qpc_uthmani_hafs":"سَمَّيۡتُمُوهَآ","char_type_name":"word","page_number":159,"line_number":8,"text":"ﮖ","translation":{"text":"you have named them ","language_name":"english","language_id":38},"transliteration":{"text":"sammaytumūhā","language_name":"english","language_id":38}},{"id":60311,"position":13,"audio_url":"wbw/007_071_014.mp3","qpc_uthmani_hafs":"أَنتُمۡ","char_type_name":"word","page_number":159,"line_number":8,"text":"ﮗ","translation":{"text":"you","language_name":"english","language_id":38},"transliteration":{"text":"antum","language_name":"english","language_id":38}},{"id":60312,"position":14,"audio_url":"wbw/007_071_015.mp3","qpc_uthmani_hafs":"وَءَابَآؤُكُم","char_type_name":"word","page_number":159,"line_number":8,"text":"ﮘ","translation":{"text":"and your forefathers","language_name":"english","language_id":38},"transliteration":{"text":"waābāukum","language_name":"english","language_id":38}},{"id":60313,"position":15,"audio_url":"wbw/007_071_016.mp3","qpc_uthmani_hafs":"مَّا","char_type_name":"word","page_number":159,"line_number":9,"text":"ﮙ","translation":{"text":"Not","language_name":"english","language_id":38},"transliteration":{"text":"mā","language_name":"english","language_id":38}},{"id":60314,"position":16,"audio_url":"wbw/007_071_017.mp3","qpc_uthmani_hafs":"نَزَّلَ","char_type_name":"word","page_number":159,"line_number":9,"text":"ﮚ","translation":{"text":"(has been) sent down","language_name":"english","language_id":38},"transliteration":{"text":"nazzala","language_name":"english","language_id":38}},{"id":60315,"position":17,"audio_url":"wbw/007_071_018.mp3","qpc_uthmani_hafs":"ٱللَّهُ","char_type_name":"word","page_number":159,"line_number":9,"text":"ﮛ","translation":{"text":"(by) Allah","language_name":"english","language_id":38},"transliteration":{"text":"l-lahu","language_name":"english","language_id":38}},{"id":60316,"position":18,"audio_url":"wbw/007_071_019.mp3","qpc_uthmani_hafs":"بِهَا","char_type_name":"word","page_number":159,"line_number":9,"text":"ﮜ","translation":{"text":"for it","language_name":"english","language_id":38},"transliteration":{"text":"bihā","language_name":"english","language_id":38}},{"id":60317,"position":19,"audio_url":"wbw/007_071_020.mp3","qpc_uthmani_hafs":"مِن","char_type_name":"word","page_number":159,"line_number":9,"text":"ﮝ","translation":{"text":"any","language_name":"english","language_id":38},"transliteration":{"text":"min","language_name":"english","language_id":38}},{"id":60318,"position":20,"audio_url":"wbw/007_071_021.mp3","qpc_uthmani_hafs":"سُلۡطَٰنٖۚ","char_type_name":"word","page_number":159,"line_number":9,"text":"ﮞﮟ","translation":{"text":"authority","language_name":"english","language_id":38},"transliteration":{"text":"sul'ṭānin","language_name":"english","language_id":38}},{"id":60320,"position":21,"audio_url":"wbw/007_071_023.mp3","qpc_uthmani_hafs":"فَٱنتَظِرُوٓاْ","char_type_name":"word","page_number":159,"line_number":9,"text":"ﮠ","translation":{"text":"Then wait","language_name":"english","language_id":38},"transliteration":{"text":"fa-intaẓirū","language_name":"english","language_id":38}},{"id":60321,"position":22,"audio_url":"wbw/007_071_024.mp3","qpc_uthmani_hafs":"إِنِّي","char_type_name":"word","page_number":159,"line_number":9,"text":"ﮡ","translation":{"text":"indeed, I am","language_name":"english","language_id":38},"transliteration":{"text":"innī","language_name":"english","language_id":38}},{"id":60322,"position":23,"audio_url":"wbw/007_071_025.mp3","qpc_uthmani_hafs":"مَعَكُم","char_type_name":"word","page_number":159,"line_number":9,"text":"ﮢ","translation":{"text":"with you","language_name":"english","language_id":38},"transliteration":{"text":"maʿakum","language_name":"english","language_id":38}},{"id":60323,"position":24,"audio_url":"wbw/007_071_026.mp3","qpc_uthmani_hafs":"مِّنَ","char_type_name":"word","page_number":159,"line_number":9,"text":"ﮣ","translation":{"text":"of","language_name":"english","language_id":38},"transliteration":{"text":"mina","language_name":"english","language_id":38}},{"id":60324,"position":25,"audio_url":"wbw/007_071_027.mp3","qpc_uthmani_hafs":"ٱلۡمُنتَظِرِينَ","char_type_name":"word","page_number":159,"line_number":10,"text":"ﮤ","translation":{"text":"the ones who wait","language_name":"english","language_id":38},"transliteration":{"text":"l-muntaẓirīna","language_name":"english","language_id":38}},{"id":60325,"position":26,"audio_url":null,"qpc_uthmani_hafs":"٧١","char_type_name":"end","page_number":159,"line_number":10,"text":"ﮥ","translation":{"text":"(71)","language_name":"english","language_id":38},"transliteration":{"text":null,"language_name":"english","language_id":38}}],"translations":[{"id":917454,"resource_id":134,"text":"Ia berkata, \"Sungguh sudah pasti kamu akan ditimpa azab dan kemarahan dari Tuhan-mu. Apakah kamu sekalian hendak berbantah dengan aku tentang nama-nama (berhala) yang kamu beserta nenek moyangmu menamakannya, padahal Allah sekali-kali tidak menurunkan hujah untuk itu? Maka tunggulah (azab itu), sesungguhnya aku juga termasuk orang yamg menunggu bersama kamu\"."}]},{"id":1026,"verse_number":72,"verse_key":"7:72","juz_number":8,"hizb_number":16,"rub_el_hizb_number":64,"ruku_number":130,"manzil_number":2,"sajdah_number":null,"text_uthmani":"فَأَنجَيْنَـٰهُ وَٱلَّذِينَ مَعَهُۥ بِرَحْمَةٍ مِّنَّا وَقَطَعْنَا دَابِرَ ٱلَّذِينَ كَذَّبُوا۟ بِـَٔايَـٰتِنَا ۖ وَمَا كَانُوا۟ مُؤْمِنِينَ","page_number":159,"words":[{"id":60795,"position":1,"audio_url":"wbw/007_072_001.mp3","qpc_uthmani_hafs":"فَأَنجَيۡنَٰهُ","char_type_name":"word","page_number":159,"line_number":10,"text":"ﮦ","translation":{"text":"So We saved him","language_name":"english","language_id":38},"transliteration":{"text":"fa-anjaynāhu","language_name":"english","language_id":38}},{"id":60796,"position":2,"audio_url":"wbw/007_072_002.mp3","qpc_uthmani_hafs":"وَٱلَّذِينَ","char_type_name":"word","page_number":159,"line_number":10,"text":"ﮧ","translation":{"text":"and those","language_name":"english","language_id":38},"transliteration":{"text":"wa-alladhīna","language_name":"english","language_id":38}},{"id":60797,"position":3,"audio_url":"wbw/007_072_003.mp3","qpc_uthmani_hafs":"مَعَهُۥ","char_type_name":"word","page_number":159,"line_number":10,"text":"ﮨ","translation":{"text":"with him","language_name":"english","language_id":38},"transliteration":{"text":"maʿahu","language_name":"english","language_id":38}},{"id":60798,"position":4,"audio_url":"wbw/007_072_004.mp3","qpc_uthmani_hafs":"بِرَحۡمَةٖ","char_type_name":"word","page_number":159,"line_number":10,"text":"ﮩ","translation":{"text":"by Mercy","language_name":"english","language_id":38},"transliteration":{"text":"biraḥmatin","language_name":"english","language_id":38}},{"id":60799,"position":5,"audio_url":"wbw/007_072_005.mp3","qpc_uthmani_hafs":"مِّنَّا","char_type_name":"word","page_number":159,"line_number":10,"text":"ﮪ","translation":{"text":"from Us","language_name":"english","language_id":38},"transliteration":{"text":"minnā","language_name":"english","language_id":38}},{"id":60800,"position":6,"audio_url":"wbw/007_072_006.mp3","qpc_uthmani_hafs":"وَقَطَعۡنَا","char_type_name":"word","page_number":159,"line_number":11,"text":"ﮫ","translation":{"text":"And We cut off","language_name":"english","language_id":38},"transliteration":{"text":"waqaṭaʿnā","language_name":"english","language_id":38}},{"id":60801,"position":7,"audio_url":"wbw/007_072_007.mp3","qpc_uthmani_hafs":"دَابِرَ","char_type_name":"word","page_number":159,"line_number":11,"text":"ﮬ","translation":{"text":"the roots","language_name":"english","language_id":38},"transliteration":{"text":"dābira","language_name":"english","language_id":38}},{"id":60802,"position":8,"audio_url":"wbw/007_072_008.mp3","qpc_uthmani_hafs":"ٱلَّذِينَ","char_type_name":"word","page_number":159,"line_number":11,"text":"ﮭ","translation":{"text":"(of) those who","language_name":"english","language_id":38},"transliteration":{"text":"alladhīna","language_name":"english","language_id":38}},{"id":60803,"position":9,"audio_url":"wbw/007_072_009.mp3","qpc_uthmani_hafs":"كَذَّبُواْ","char_type_name":"word","page_number":159,"line_number":11,"text":"ﮮ","translation":{"text":"denied","language_name":"english","language_id":38},"transliteration":{"text":"kadhabū","language_name":"english","language_id":38}},{"id":60804,"position":10,"audio_url":"wbw/007_072_010.mp3","qpc_uthmani_hafs":"بِـَٔايَٰتِنَاۖ","char_type_name":"word","page_number":159,"line_number":11,"text":"ﮯﮰ","translation":{"text":"Our Signs","language_name":"english","language_id":38},"transliteration":{"text":"biāyātinā","language_name":"english","language_id":38}},{"id":60806,"position":11,"audio_url":"wbw/007_072_012.mp3","qpc_uthmani_hafs":"وَمَا","char_type_name":"word","page_number":159,"line_number":11,"text":"ﮱ","translation":{"text":"and not","language_name":"english","language_id":38},"transliteration":{"text":"wamā","language_name":"english","language_id":38}},{"id":60807,"position":12,"audio_url":"wbw/007_072_013.mp3","qpc_uthmani_hafs":"كَانُواْ","char_type_name":"word","page_number":159,"line_number":11,"text":"ﯓ","translation":{"text":"they were","language_name":"english","language_id":38},"transliteration":{"text":"kānū","language_name":"english","language_id":38}},{"id":60808,"position":13,"audio_url":"wbw/007_072_014.mp3","qpc_uthmani_hafs":"مُؤۡمِنِينَ","char_type_name":"word","page_number":159,"line_number":11,"text":"ﯔ","translation":{"text":"believers","language_name":"english","language_id":38},"transliteration":{"text":"mu'minīna","language_name":"english","language_id":38}},{"id":60809,"position":14,"audio_url":null,"qpc_uthmani_hafs":"٧٢","char_type_name":"end","page_number":159,"line_number":12,"text":"ﯕ","translation":{"text":"(72)","language_name":"english","language_id":38},"transliteration":{"text":null,"language_name":"english","language_id":38}}],"translations":[{"id":917455,"resource_id":134,"text":"Maka kami selamatkan Hūd beserta orang-orang yang bersamanya dengan rahmat yang besar dari Kami dan Kami tumpas orang-orang yang mendustakan ayat-ayat Kami, dan tiadalah mereka orang-orang yang beriman."}]},{"id":1027,"verse_number":73,"verse_key":"7:73","juz_number":8,"hizb_number":16,"rub_el_hizb_number":64,"ruku_number":131,"manzil_number":2,"sajdah_number":null,"text_uthmani":"وَإِلَىٰ ثَمُودَ أَخَاهُمْ صَـٰلِحًا ۗ قَالَ يَـٰقَوْمِ ٱعْبُدُوا۟ ٱللَّهَ مَا لَكُم مِّنْ إِلَـٰهٍ غَيْرُهُۥ ۖ قَدْ جَآءَتْكُم بَيِّنَةٌ مِّن رَّبِّكُمْ ۖ هَـٰذِهِۦ نَاقَةُ ٱللَّهِ لَكُمْ ءَايَةً ۖ فَذَرُوهَا تَأْكُلْ فِىٓ أَرْضِ ٱللَّهِ ۖ وَلَا تَمَسُّوهَا بِسُوٓءٍ فَيَأْخُذَكُمْ عَذَابٌ أَلِيمٌ","page_number":159,"words":[{"id":61193,"position":1,"audio_url":"wbw/007_073_001.mp3","qpc_uthmani_hafs":"وَإِلَىٰ","char_type_name":"word","page_number":159,"line_number":12,"text":"ﯖ","translation":{"text":"And to","language_name":"english","language_id":38},"transliteration":{"text":"wa-ilā","language_name":"english","language_id":38}},{"id":61194,"position":2,"audio_url":"wbw/007_073_002.mp3","qpc_uthmani_hafs":"ثَمُودَ","char_type_name":"word","page_number":159,"line_number":12,"text":"ﯗ","translation":{"text":"Thamud","language_name":"english","language_id":38},"transliteration":{"text":"thamūda","language_name":"english","language_id":38}},{"id":61195,"position":3,"audio_url":"wbw/007_073_003.mp3","qpc_uthmani_hafs":"أَخَاهُمۡ","char_type_name":"word","page_number":159,"line_number":12,"text":"ﯘ","translation":{"text":"(We sent) their brother","language_name":"english","language_id":38},"transliteration":{"text":"akhāhum","language_name":"english","language_id":38}},{"id":61196,"position":4,"audio_url":"wbw/007_073_004.mp3","qpc_uthmani_hafs":"صَٰلِحٗاۚ","char_type_name":"word","page_number":159,"line_number":12,"text":"ﯙﯚ","translation":{"text":"Salih","language_name":"english","language_id":38},"transliteration":{"text":"ṣāliḥan","language_name":"english","language_id":38}},{"id":61198,"position":5,"audio_url":"wbw/007_073_006.mp3","qpc_uthmani_hafs":"قَالَ","char_type_name":"word","page_number":159,"line_number":12,"text":"ﯛ","translation":{"text":"He said","language_name":"english","language_id":38},"transliteration":{"text":"qāla","language_name":"english","language_id":38}},{"id":61199,"position":6,"audio_url":"wbw/007_073_007.mp3","qpc_uthmani_hafs":"يَٰقَوۡمِ","char_type_name":"word","page_number":159,"line_number":12,"text":"ﯜ","translation":{"text":"O my people","language_name":"english","language_id":38},"transliteration":{"text":"yāqawmi","language_name":"english","language_id":38}},{"id":61200,"position":7,"audio_url":"wbw/007_073_008.mp3","qpc_uthmani_hafs":"ٱعۡبُدُواْ","char_type_name":"word","page_number":159,"line_number":12,"text":"ﯝ","translation":{"text":"Worship","language_name":"english","language_id":38},"transliteration":{"text":"uʿ'budū","language_name":"english","language_id":38}},{"id":61201,"position":8,"audio_url":"wbw/007_073_009.mp3","qpc_uthmani_hafs":"ٱللَّهَ","char_type_name":"word","page_number":159,"line_number":12,"text":"ﯞ","translation":{"text":"Allah","language_name":"english","language_id":38},"transliteration":{"text":"l-laha","language_name":"english","language_id":38}},{"id":61202,"position":9,"audio_url":"wbw/007_073_010.mp3","qpc_uthmani_hafs":"مَا","char_type_name":"word","page_number":159,"line_number":13,"text":"ﯟ","translation":{"text":"not","language_name":"english","language_id":38},"transliteration":{"text":"mā","language_name":"english","language_id":38}},{"id":61203,"position":10,"audio_url":"wbw/007_073_011.mp3","qpc_uthmani_hafs":"لَكُم","char_type_name":"word","page_number":159,"line_number":13,"text":"ﯠ","translation":{"text":"for you","language_name":"english","language_id":38},"transliteration":{"text":"lakum","language_name":"english","language_id":38}},{"id":61204,"position":11,"audio_url":"wbw/007_073_012.mp3","qpc_uthmani_hafs":"مِّنۡ","char_type_name":"word","page_number":159,"line_number":13,"text":"ﯡ","translation":{"text":"any","language_name":"english","language_id":38},"transliteration":{"text":"min","language_name":"english","language_id":38}},{"id":61205,"position":12,"audio_url":"wbw/007_073_013.mp3","qpc_uthmani_hafs":"إِلَٰهٍ","char_type_name":"word","page_number":159,"line_number":13,"text":"ﯢ","translation":{"text":"god","language_name":"english","language_id":38},"transliteration":{"text":"ilāhin","language_name":"english","language_id":38}},{"id":61206,"position":13,"audio_url":"wbw/007_073_014.mp3","qpc_uthmani_hafs":"غَيۡرُهُۥۖ","char_type_name":"word","page_number":159,"line_number":13,"text":"ﯣﯤ","translation":{"text":"other than Him","language_name":"english","language_id":38},"transliteration":{"text":"ghayruhu","language_name":"english","language_id":38}},{"id":61208,"position":14,"audio_url":"wbw/007_073_016.mp3","qpc_uthmani_hafs":"قَدۡ","char_type_name":"word","page_number":159,"line_number":13,"text":"ﯥ","translation":{"text":"Verily","language_name":"english","language_id":38},"transliteration":{"text":"qad","language_name":"english","language_id":38}},{"id":61209,"position":15,"audio_url":"wbw/007_073_017.mp3","qpc_uthmani_hafs":"جَآءَتۡكُم","char_type_name":"word","page_number":159,"line_number":13,"text":"ﯦ","translation":{"text":"has come to you","language_name":"english","language_id":38},"transliteration":{"text":"jāatkum","language_name":"english","language_id":38}},{"id":61210,"position":16,"audio_url":"wbw/007_073_018.mp3","qpc_uthmani_hafs":"بَيِّنَةٞ","char_type_name":"word","page_number":159,"line_number":13,"text":"ﯧ","translation":{"text":"a clear proof","language_name":"english","language_id":38},"transliteration":{"text":"bayyinatun","language_name":"english","language_id":38}},{"id":61211,"position":17,"audio_url":"wbw/007_073_019.mp3","qpc_uthmani_hafs":"مِّن","char_type_name":"word","page_number":159,"line_number":13,"text":"ﯨ","translation":{"text":"from","language_name":"english","language_id":38},"transliteration":{"text":"min","language_name":"english","language_id":38}},{"id":61212,"position":18,"audio_url":"wbw/007_073_020.mp3","qpc_uthmani_hafs":"رَّبِّكُمۡۖ","char_type_name":"word","page_number":159,"line_number":14,"text":"ﯩﯪ","translation":{"text":"your Lord","language_name":"english","language_id":38},"transliteration":{"text":"rabbikum","language_name":"english","language_id":38}},{"id":61214,"position":19,"audio_url":"wbw/007_073_022.mp3","qpc_uthmani_hafs":"هَٰذِهِۦ","char_type_name":"word","page_number":159,"line_number":14,"text":"ﯫ","translation":{"text":"This","language_name":"english","language_id":38},"transliteration":{"text":"hādhihi","language_name":"english","language_id":38}},{"id":61215,"position":20,"audio_url":"wbw/007_073_023.mp3","qpc_uthmani_hafs":"نَاقَةُ","char_type_name":"word","page_number":159,"line_number":14,"text":"ﯬ","translation":{"text":"(is) a she-camel","language_name":"english","language_id":38},"transliteration":{"text":"nāqatu","language_name":"english","language_id":38}},{"id":61216,"position":21,"audio_url":"wbw/007_073_024.mp3","qpc_uthmani_hafs":"ٱللَّهِ","char_type_name":"word","page_number":159,"line_number":14,"text":"ﯭ","translation":{"text":"(of) Allah","language_name":"english","language_id":38},"transliteration":{"text":"l-lahi","language_name":"english","language_id":38}},{"id":61217,"position":22,"audio_url":"wbw/007_073_025.mp3","qpc_uthmani_hafs":"لَكُمۡ","char_type_name":"word","page_number":159,"line_number":14,"text":"ﯮ","translation":{"text":"(it is) for you","language_name":"english","language_id":38},"transliteration":{"text":"lakum","language_name":"english","language_id":38}},{"id":61218,"position":23,"audio_url":"wbw/007_073_026.mp3","qpc_uthmani_hafs":"ءَايَةٗۖ","char_type_name":"word","page_number":159,"line_number":14,"text":"ﯯﯰ","translation":{"text":"a Sign","language_name":"english","language_id":38},"transliteration":{"text":"āyatan","language_name":"english","language_id":38}},{"id":61220,"position":24,"audio_url":"wbw/007_073_028.mp3","qpc_uthmani_hafs":"فَذَرُوهَا","char_type_name":"word","page_number":159,"line_number":14,"text":"ﯱ","translation":{"text":"So you leave her","language_name":"english","language_id":38},"transliteration":{"text":"fadharūhā","language_name":"english","language_id":38}},{"id":61221,"position":25,"audio_url":"wbw/007_073_029.mp3","qpc_uthmani_hafs":"تَأۡكُلۡ","char_type_name":"word","page_number":159,"line_number":14,"text":"ﯲ","translation":{"text":"(to) eat","language_name":"english","language_id":38},"transliteration":{"text":"takul","language_name":"english","language_id":38}},{"id":61222,"position":26,"audio_url":"wbw/007_073_030.mp3","qpc_uthmani_hafs":"فِيٓ","char_type_name":"word","page_number":159,"line_number":15,"text":"ﯳ","translation":{"text":"on","language_name":"english","language_id":38},"transliteration":{"text":"fī","language_name":"english","language_id":38}},{"id":61223,"position":27,"audio_url":"wbw/007_073_031.mp3","qpc_uthmani_hafs":"أَرۡضِ","char_type_name":"word","page_number":159,"line_number":15,"text":"ﯴ","translation":{"text":"(the) earth","language_name":"english","language_id":38},"transliteration":{"text":"arḍi","language_name":"english","language_id":38}},{"id":61224,"position":28,"audio_url":"wbw/007_073_032.mp3","qpc_uthmani_hafs":"ٱللَّهِۖ","char_type_name":"word","page_number":159,"line_number":15,"text":"ﯵﯶ","translation":{"text":"(of) Allah","language_name":"english","language_id":38},"transliteration":{"text":"l-lahi","language_name":"english","language_id":38}},{"id":61226,"position":29,"audio_url":"wbw/007_073_034.mp3","qpc_uthmani_hafs":"وَلَا","char_type_name":"word","page_number":159,"line_number":15,"text":"ﯷ","translation":{"text":"and (do) not","language_name":"english","language_id":38},"transliteration":{"text":"walā","language_name":"english","language_id":38}},{"id":61227,"position":30,"audio_url":"wbw/007_073_035.mp3","qpc_uthmani_hafs":"تَمَسُّوهَا","char_type_name":"word","page_number":159,"line_number":15,"text":"ﯸ","translation":{"text":"touch her","language_name":"english","language_id":38},"transliteration":{"text":"tamassūhā","language_name":"english","language_id":38}},{"id":61228,"position":31,"audio_url":"wbw/007_073_036.mp3","qpc_uthmani_hafs":"بِسُوٓءٖ","char_type_name":"word","page_number":159,"line_number":15,"text":"ﯹ","translation":{"text":"with harm","language_name":"english","language_id":38},"transliteration":{"text":"bisūin","language_name":"english","language_id":38}},{"id":61229,"position":32,"audio_url":"wbw/007_073_037.mp3","qpc_uthmani_hafs":"فَيَأۡخُذَكُمۡ","char_type_name":"word","page_number":159,"line_number":15,"text":"ﯺ","translation":{"text":"lest seizes you","language_name":"english","language_id":38},"transliteration":{"text":"fayakhudhakum","language_name":"english","language_id":38}},{"id":61230,"position":33,"audio_url":"wbw/007_073_038.mp3","qpc_uthmani_hafs":"عَذَابٌ","char_type_name":"word","page_number":159,"line_number":15,"text":"ﯻ","translation":{"text":"a punishment","language_name":"english","language_id":38},"transliteration":{"text":"ʿadhābun","language_name":"english","language_id":38}},{"id":61231,"position":34,"audio_url":"wbw/007_073_039.mp3","qpc_uthmani_hafs":"أَلِيمٞ","char_type_name":"word","page_number":159,"line_number":15,"text":"ﯼ","translation":{"text":"painful","language_name":"english","language_id":38},"transliteration":{"text":"alīmun","language_name":"english","language_id":38}},{"id":61232,"position":35,"audio_url":null,"qpc_uthmani_hafs":"٧٣","char_type_name":"end","page_number":159,"line_number":15,"text":"ﯽ","translation":{"text":"(73)","language_name":"english","language_id":38},"transliteration":{"text":null,"language_name":"english","language_id":38}}],"translations":[{"id":917456,"resource_id":134,"text":"Dan (Kami telah mengutus) kepada kaum Ṡamūd saudara mereka, Ṣālīḥ.  Ia berkata, \"Hai kaumku, sembahlah Allah, sekali-kali tidak ada Tuhan bagimu selain-Nya.  Sesungguhnya telah datang bukti yang nyata kepadamu dari Tuhan-mu.  Unta betina Allah ini menjadi tanda bagimu, maka biarkanlah dia makan di bumi Allah, dan janganlah kamu mengganggunya dengan gangguan apa pun, (yang karenanya) kamu akan ditimpa siksaan yang pedih\"."}]}],"pagination":{"per_page":50,"current_page":1,"next_page":null,"total_pages":1,"total_records":6}}