{"verses":[{"id":1028,"verse_number":74,"verse_key":"7:74","juz_number":8,"hizb_number":16,"rub_el_hizb_number":64,"ruku_number":131,"manzil_number":2,"sajdah_number":null,"text_uthmani":"وَٱذْكُرُوٓا۟ إِذْ جَعَلَكُمْ خُلَفَآءَ مِنۢ بَعْدِ عَادٍ وَبَوَّأَكُمْ فِى ٱلْأَرْضِ تَتَّخِذُونَ مِن سُهُولِهَا قُصُورًا وَتَنْحِتُونَ ٱلْجِبَالَ بُيُوتًا ۖ فَٱذْكُرُوٓا۟ ءَالَآءَ ٱللَّهِ وَلَا تَعْثَوْا۟ فِى ٱلْأَرْضِ مُفْسِدِينَ","page_number":160,"words":[{"id":61586,"position":1,"audio_url":"wbw/007_074_001.mp3","qpc_uthmani_hafs":"وَٱذۡكُرُوٓاْ","char_type_name":"word","page_number":160,"line_number":1,"text":"ﭑ","translation":{"text":"And remember","language_name":"english","language_id":38},"transliteration":{"text":"wa-udh'kurū","language_name":"english","language_id":38}},{"id":61587,"position":2,"audio_url":"wbw/007_074_002.mp3","qpc_uthmani_hafs":"إِذۡ","char_type_name":"word","page_number":160,"line_number":1,"text":"ﭒ","translation":{"text":"when","language_name":"english","language_id":38},"transliteration":{"text":"idh","language_name":"english","language_id":38}},{"id":61588,"position":3,"audio_url":"wbw/007_074_003.mp3","qpc_uthmani_hafs":"جَعَلَكُمۡ","char_type_name":"word","page_number":160,"line_number":1,"text":"ﭓ","translation":{"text":"He made you","language_name":"english","language_id":38},"transliteration":{"text":"jaʿalakum","language_name":"english","language_id":38}},{"id":61589,"position":4,"audio_url":"wbw/007_074_004.mp3","qpc_uthmani_hafs":"خُلَفَآءَ","char_type_name":"word","page_number":160,"line_number":1,"text":"ﭔ","translation":{"text":"successors","language_name":"english","language_id":38},"transliteration":{"text":"khulafāa","language_name":"english","language_id":38}},{"id":61590,"position":5,"audio_url":"wbw/007_074_005.mp3","qpc_uthmani_hafs":"مِنۢ","char_type_name":"word","page_number":160,"line_number":1,"text":"ﭕ","translation":{"text":"from","language_name":"english","language_id":38},"transliteration":{"text":"min","language_name":"english","language_id":38}},{"id":61591,"position":6,"audio_url":"wbw/007_074_006.mp3","qpc_uthmani_hafs":"بَعۡدِ","char_type_name":"word","page_number":160,"line_number":1,"text":"ﭖ","translation":{"text":"after","language_name":"english","language_id":38},"transliteration":{"text":"baʿdi","language_name":"english","language_id":38}},{"id":61592,"position":7,"audio_url":"wbw/007_074_007.mp3","qpc_uthmani_hafs":"عَادٖ","char_type_name":"word","page_number":160,"line_number":1,"text":"ﭗ","translation":{"text":"Aad","language_name":"english","language_id":38},"transliteration":{"text":"ʿādin","language_name":"english","language_id":38}},{"id":61593,"position":8,"audio_url":"wbw/007_074_008.mp3","qpc_uthmani_hafs":"وَبَوَّأَكُمۡ","char_type_name":"word","page_number":160,"line_number":1,"text":"ﭘ","translation":{"text":"and settled you","language_name":"english","language_id":38},"transliteration":{"text":"wabawwa-akum","language_name":"english","language_id":38}},{"id":61594,"position":9,"audio_url":"wbw/007_074_009.mp3","qpc_uthmani_hafs":"فِي","char_type_name":"word","page_number":160,"line_number":2,"text":"ﭙ","translation":{"text":"in","language_name":"english","language_id":38},"transliteration":{"text":"fī","language_name":"english","language_id":38}},{"id":61595,"position":10,"audio_url":"wbw/007_074_010.mp3","qpc_uthmani_hafs":"ٱلۡأَرۡضِ","char_type_name":"word","page_number":160,"line_number":2,"text":"ﭚ","translation":{"text":"the earth","language_name":"english","language_id":38},"transliteration":{"text":"l-arḍi","language_name":"english","language_id":38}},{"id":61596,"position":11,"audio_url":"wbw/007_074_011.mp3","qpc_uthmani_hafs":"تَتَّخِذُونَ","char_type_name":"word","page_number":160,"line_number":2,"text":"ﭛ","translation":{"text":"You take","language_name":"english","language_id":38},"transliteration":{"text":"tattakhidhūna","language_name":"english","language_id":38}},{"id":61597,"position":12,"audio_url":"wbw/007_074_012.mp3","qpc_uthmani_hafs":"مِن","char_type_name":"word","page_number":160,"line_number":2,"text":"ﭜ","translation":{"text":"from","language_name":"english","language_id":38},"transliteration":{"text":"min","language_name":"english","language_id":38}},{"id":61598,"position":13,"audio_url":"wbw/007_074_013.mp3","qpc_uthmani_hafs":"سُهُولِهَا","char_type_name":"word","page_number":160,"line_number":2,"text":"ﭝ","translation":{"text":"its plains","language_name":"english","language_id":38},"transliteration":{"text":"suhūlihā","language_name":"english","language_id":38}},{"id":61599,"position":14,"audio_url":"wbw/007_074_014.mp3","qpc_uthmani_hafs":"قُصُورٗا","char_type_name":"word","page_number":160,"line_number":2,"text":"ﭞ","translation":{"text":"palaces","language_name":"english","language_id":38},"transliteration":{"text":"quṣūran","language_name":"english","language_id":38}},{"id":61600,"position":15,"audio_url":"wbw/007_074_015.mp3","qpc_uthmani_hafs":"وَتَنۡحِتُونَ","char_type_name":"word","page_number":160,"line_number":2,"text":"ﭟ","translation":{"text":"and you carve out","language_name":"english","language_id":38},"transliteration":{"text":"watanḥitūna","language_name":"english","language_id":38}},{"id":61601,"position":16,"audio_url":"wbw/007_074_016.mp3","qpc_uthmani_hafs":"ٱلۡجِبَالَ","char_type_name":"word","page_number":160,"line_number":3,"text":"ﭠ","translation":{"text":"the mountains","language_name":"english","language_id":38},"transliteration":{"text":"l-jibāla","language_name":"english","language_id":38}},{"id":61602,"position":17,"audio_url":"wbw/007_074_017.mp3","qpc_uthmani_hafs":"بُيُوتٗاۖ","char_type_name":"word","page_number":160,"line_number":3,"text":"ﭡﭢ","translation":{"text":"(as) homes","language_name":"english","language_id":38},"transliteration":{"text":"buyūtan","language_name":"english","language_id":38}},{"id":61604,"position":18,"audio_url":"wbw/007_074_019.mp3","qpc_uthmani_hafs":"فَٱذۡكُرُوٓاْ","char_type_name":"word","page_number":160,"line_number":3,"text":"ﭣ","translation":{"text":"So remember","language_name":"english","language_id":38},"transliteration":{"text":"fa-udh'kurū","language_name":"english","language_id":38}},{"id":61605,"position":19,"audio_url":"wbw/007_074_020.mp3","qpc_uthmani_hafs":"ءَالَآءَ","char_type_name":"word","page_number":160,"line_number":3,"text":"ﭤ","translation":{"text":"(the) Bounties","language_name":"english","language_id":38},"transliteration":{"text":"ālāa","language_name":"english","language_id":38}},{"id":61606,"position":20,"audio_url":"wbw/007_074_021.mp3","qpc_uthmani_hafs":"ٱللَّهِ","char_type_name":"word","page_number":160,"line_number":3,"text":"ﭥ","translation":{"text":"(of) Allah","language_name":"english","language_id":38},"transliteration":{"text":"l-lahi","language_name":"english","language_id":38}},{"id":61607,"position":21,"audio_url":"wbw/007_074_022.mp3","qpc_uthmani_hafs":"وَلَا","char_type_name":"word","page_number":160,"line_number":3,"text":"ﭦ","translation":{"text":"and (do) not","language_name":"english","language_id":38},"transliteration":{"text":"walā","language_name":"english","language_id":38}},{"id":61608,"position":22,"audio_url":"wbw/007_074_023.mp3","qpc_uthmani_hafs":"تَعۡثَوۡاْ","char_type_name":"word","page_number":160,"line_number":3,"text":"ﭧ","translation":{"text":"act wickedly","language_name":"english","language_id":38},"transliteration":{"text":"taʿthaw","language_name":"english","language_id":38}},{"id":61609,"position":23,"audio_url":"wbw/007_074_024.mp3","qpc_uthmani_hafs":"فِي","char_type_name":"word","page_number":160,"line_number":3,"text":"ﭨ","translation":{"text":"in","language_name":"english","language_id":38},"transliteration":{"text":"fī","language_name":"english","language_id":38}},{"id":61610,"position":24,"audio_url":"wbw/007_074_025.mp3","qpc_uthmani_hafs":"ٱلۡأَرۡضِ","char_type_name":"word","page_number":160,"line_number":3,"text":"ﭩ","translation":{"text":"(the) earth","language_name":"english","language_id":38},"transliteration":{"text":"l-arḍi","language_name":"english","language_id":38}},{"id":61611,"position":25,"audio_url":"wbw/007_074_026.mp3","qpc_uthmani_hafs":"مُفۡسِدِينَ","char_type_name":"word","page_number":160,"line_number":4,"text":"ﭪ","translation":{"text":"spreading corruption","language_name":"english","language_id":38},"transliteration":{"text":"muf'sidīna","language_name":"english","language_id":38}},{"id":61612,"position":26,"audio_url":null,"qpc_uthmani_hafs":"٧٤","char_type_name":"end","page_number":160,"line_number":4,"text":"ﭫ","translation":{"text":"(74)","language_name":"english","language_id":38},"transliteration":{"text":null,"language_name":"english","language_id":38}}],"translations":[{"id":917457,"resource_id":134,"text":"Dan ingatlah olehmu di waktu Tuhan menjadikan kamu pengganti-pengganti (yang berkuasa) sesudah kaum ʻĀd dan memberikan tempat bagimu di bumi.  Kamu dirikan istana-istana di tanah-tanahnya yang datar dan kamu pahat gunung-gunungnya untuk dijadikan rumah; maka ingatlah nikmat-nikmat Allah dan janganlah kamu merajalela di muka bumi membuat kerusakan."}]},{"id":1029,"verse_number":75,"verse_key":"7:75","juz_number":8,"hizb_number":16,"rub_el_hizb_number":64,"ruku_number":131,"manzil_number":2,"sajdah_number":null,"text_uthmani":"قَالَ ٱلْمَلَأُ ٱلَّذِينَ ٱسْتَكْبَرُوا۟ مِن قَوْمِهِۦ لِلَّذِينَ ٱسْتُضْعِفُوا۟ لِمَنْ ءَامَنَ مِنْهُمْ أَتَعْلَمُونَ أَنَّ صَـٰلِحًا مُّرْسَلٌ مِّن رَّبِّهِۦ ۚ قَالُوٓا۟ إِنَّا بِمَآ أُرْسِلَ بِهِۦ مُؤْمِنُونَ","page_number":160,"words":[{"id":62167,"position":1,"audio_url":"wbw/007_075_001.mp3","qpc_uthmani_hafs":"قَالَ","char_type_name":"word","page_number":160,"line_number":4,"text":"ﭬ","translation":{"text":"Said","language_name":"english","language_id":38},"transliteration":{"text":"qāla","language_name":"english","language_id":38}},{"id":62168,"position":2,"audio_url":"wbw/007_075_002.mp3","qpc_uthmani_hafs":"ٱلۡمَلَأُ","char_type_name":"word","page_number":160,"line_number":4,"text":"ﭭ","translation":{"text":"the chiefs","language_name":"english","language_id":38},"transliteration":{"text":"l-mala-u","language_name":"english","language_id":38}},{"id":62169,"position":3,"audio_url":"wbw/007_075_003.mp3","qpc_uthmani_hafs":"ٱلَّذِينَ","char_type_name":"word","page_number":160,"line_number":4,"text":"ﭮ","translation":{"text":" those","language_name":"english","language_id":38},"transliteration":{"text":"alladhīna","language_name":"english","language_id":38}},{"id":62170,"position":4,"audio_url":"wbw/007_075_004.mp3","qpc_uthmani_hafs":"ٱسۡتَكۡبَرُواْ","char_type_name":"word","page_number":160,"line_number":4,"text":"ﭯ","translation":{"text":"(who) were arrogant","language_name":"english","language_id":38},"transliteration":{"text":"is'takbarū","language_name":"english","language_id":38}},{"id":62171,"position":5,"audio_url":"wbw/007_075_005.mp3","qpc_uthmani_hafs":"مِن","char_type_name":"word","page_number":160,"line_number":4,"text":"ﭰ","translation":{"text":"among","language_name":"english","language_id":38},"transliteration":{"text":"min","language_name":"english","language_id":38}},{"id":62172,"position":6,"audio_url":"wbw/007_075_006.mp3","qpc_uthmani_hafs":"قَوۡمِهِۦ","char_type_name":"word","page_number":160,"line_number":5,"text":"ﭱ","translation":{"text":"his people","language_name":"english","language_id":38},"transliteration":{"text":"qawmihi","language_name":"english","language_id":38}},{"id":62173,"position":7,"audio_url":"wbw/007_075_007.mp3","qpc_uthmani_hafs":"لِلَّذِينَ","char_type_name":"word","page_number":160,"line_number":5,"text":"ﭲ","translation":{"text":"to those who","language_name":"english","language_id":38},"transliteration":{"text":"lilladhīna","language_name":"english","language_id":38}},{"id":62174,"position":8,"audio_url":"wbw/007_075_008.mp3","qpc_uthmani_hafs":"ٱسۡتُضۡعِفُواْ","char_type_name":"word","page_number":160,"line_number":5,"text":"ﭳ","translation":{"text":"were oppressed ","language_name":"english","language_id":38},"transliteration":{"text":"us'tuḍ'ʿifū","language_name":"english","language_id":38}},{"id":62175,"position":9,"audio_url":"wbw/007_075_009.mp3","qpc_uthmani_hafs":"لِمَنۡ","char_type_name":"word","page_number":160,"line_number":5,"text":"ﭴ","translation":{"text":"[to] those who","language_name":"english","language_id":38},"transliteration":{"text":"liman","language_name":"english","language_id":38}},{"id":62176,"position":10,"audio_url":"wbw/007_075_010.mp3","qpc_uthmani_hafs":"ءَامَنَ","char_type_name":"word","page_number":160,"line_number":5,"text":"ﭵ","translation":{"text":"believed","language_name":"english","language_id":38},"transliteration":{"text":"āmana","language_name":"english","language_id":38}},{"id":62177,"position":11,"audio_url":"wbw/007_075_011.mp3","qpc_uthmani_hafs":"مِنۡهُمۡ","char_type_name":"word","page_number":160,"line_number":5,"text":"ﭶ","translation":{"text":"among them","language_name":"english","language_id":38},"transliteration":{"text":"min'hum","language_name":"english","language_id":38}},{"id":62178,"position":12,"audio_url":"wbw/007_075_012.mp3","qpc_uthmani_hafs":"أَتَعۡلَمُونَ","char_type_name":"word","page_number":160,"line_number":5,"text":"ﭷ","translation":{"text":"Do you know","language_name":"english","language_id":38},"transliteration":{"text":"ataʿlamūna","language_name":"english","language_id":38}},{"id":62179,"position":13,"audio_url":"wbw/007_075_013.mp3","qpc_uthmani_hafs":"أَنَّ","char_type_name":"word","page_number":160,"line_number":6,"text":"ﭸ","translation":{"text":"that","language_name":"english","language_id":38},"transliteration":{"text":"anna","language_name":"english","language_id":38}},{"id":62180,"position":14,"audio_url":"wbw/007_075_014.mp3","qpc_uthmani_hafs":"صَٰلِحٗا","char_type_name":"word","page_number":160,"line_number":6,"text":"ﭹ","translation":{"text":"Salih","language_name":"english","language_id":38},"transliteration":{"text":"ṣāliḥan","language_name":"english","language_id":38}},{"id":62181,"position":15,"audio_url":"wbw/007_075_015.mp3","qpc_uthmani_hafs":"مُّرۡسَلٞ","char_type_name":"word","page_number":160,"line_number":6,"text":"ﭺ","translation":{"text":"(is the) one sent","language_name":"english","language_id":38},"transliteration":{"text":"mur'salun","language_name":"english","language_id":38}},{"id":62182,"position":16,"audio_url":"wbw/007_075_016.mp3","qpc_uthmani_hafs":"مِّن","char_type_name":"word","page_number":160,"line_number":6,"text":"ﭻ","translation":{"text":"from","language_name":"english","language_id":38},"transliteration":{"text":"min","language_name":"english","language_id":38}},{"id":62183,"position":17,"audio_url":"wbw/007_075_017.mp3","qpc_uthmani_hafs":"رَّبِّهِۦۚ","char_type_name":"word","page_number":160,"line_number":6,"text":"ﭼﭽ","translation":{"text":"his Lord","language_name":"english","language_id":38},"transliteration":{"text":"rabbihi","language_name":"english","language_id":38}},{"id":62185,"position":18,"audio_url":"wbw/007_075_019.mp3","qpc_uthmani_hafs":"قَالُوٓاْ","char_type_name":"word","page_number":160,"line_number":6,"text":"ﭾ","translation":{"text":"They said","language_name":"english","language_id":38},"transliteration":{"text":"qālū","language_name":"english","language_id":38}},{"id":62186,"position":19,"audio_url":"wbw/007_075_020.mp3","qpc_uthmani_hafs":"إِنَّا","char_type_name":"word","page_number":160,"line_number":6,"text":"ﭿ","translation":{"text":"Indeed, we","language_name":"english","language_id":38},"transliteration":{"text":"innā","language_name":"english","language_id":38}},{"id":62187,"position":20,"audio_url":"wbw/007_075_021.mp3","qpc_uthmani_hafs":"بِمَآ","char_type_name":"word","page_number":160,"line_number":6,"text":"ﮀ","translation":{"text":"in what","language_name":"english","language_id":38},"transliteration":{"text":"bimā","language_name":"english","language_id":38}},{"id":62188,"position":21,"audio_url":"wbw/007_075_022.mp3","qpc_uthmani_hafs":"أُرۡسِلَ","char_type_name":"word","page_number":160,"line_number":6,"text":"ﮁ","translation":{"text":"he has been sent","language_name":"english","language_id":38},"transliteration":{"text":"ur'sila","language_name":"english","language_id":38}},{"id":62189,"position":22,"audio_url":"wbw/007_075_023.mp3","qpc_uthmani_hafs":"بِهِۦ","char_type_name":"word","page_number":160,"line_number":6,"text":"ﮂ","translation":{"text":"with [it]","language_name":"english","language_id":38},"transliteration":{"text":"bihi","language_name":"english","language_id":38}},{"id":62190,"position":23,"audio_url":"wbw/007_075_024.mp3","qpc_uthmani_hafs":"مُؤۡمِنُونَ","char_type_name":"word","page_number":160,"line_number":7,"text":"ﮃ","translation":{"text":"(are) believers","language_name":"english","language_id":38},"transliteration":{"text":"mu'minūna","language_name":"english","language_id":38}},{"id":62191,"position":24,"audio_url":null,"qpc_uthmani_hafs":"٧٥","char_type_name":"end","page_number":160,"line_number":7,"text":"ﮄ","translation":{"text":"(75)","language_name":"english","language_id":38},"transliteration":{"text":null,"language_name":"english","language_id":38}}],"translations":[{"id":917458,"resource_id":134,"text":"Pemuka-pemuka yang menyombongkan diri di antara kaumnya berkata kepada orang-orang yang dianggap lemah yang telah beriman di antara mereka, \"Tahukah kamu bahwa Ṣālīḥ di utus (menjadi rasul) oleh Tuhan-nya?\" Mereka menjawab, \"Sesungguhnya kami beriman kepada wahyu, yang Ṣālīḥ diutus untuk menyampaikannya\"."}]},{"id":1030,"verse_number":76,"verse_key":"7:76","juz_number":8,"hizb_number":16,"rub_el_hizb_number":64,"ruku_number":131,"manzil_number":2,"sajdah_number":null,"text_uthmani":"قَالَ ٱلَّذِينَ ٱسْتَكْبَرُوٓا۟ إِنَّا بِٱلَّذِىٓ ءَامَنتُم بِهِۦ كَـٰفِرُونَ","page_number":160,"words":[{"id":62499,"position":1,"audio_url":"wbw/007_076_001.mp3","qpc_uthmani_hafs":"قَالَ","char_type_name":"word","page_number":160,"line_number":7,"text":"ﮅ","translation":{"text":"Said","language_name":"english","language_id":38},"transliteration":{"text":"qāla","language_name":"english","language_id":38}},{"id":62500,"position":2,"audio_url":"wbw/007_076_002.mp3","qpc_uthmani_hafs":"ٱلَّذِينَ","char_type_name":"word","page_number":160,"line_number":7,"text":"ﮆ","translation":{"text":"those who","language_name":"english","language_id":38},"transliteration":{"text":"alladhīna","language_name":"english","language_id":38}},{"id":62501,"position":3,"audio_url":"wbw/007_076_003.mp3","qpc_uthmani_hafs":"ٱسۡتَكۡبَرُوٓاْ","char_type_name":"word","page_number":160,"line_number":7,"text":"ﮇ","translation":{"text":"were arrogant","language_name":"english","language_id":38},"transliteration":{"text":"is'takbarū","language_name":"english","language_id":38}},{"id":62502,"position":4,"audio_url":"wbw/007_076_004.mp3","qpc_uthmani_hafs":"إِنَّا","char_type_name":"word","page_number":160,"line_number":7,"text":"ﮈ","translation":{"text":"Indeed we","language_name":"english","language_id":38},"transliteration":{"text":"innā","language_name":"english","language_id":38}},{"id":62503,"position":5,"audio_url":"wbw/007_076_005.mp3","qpc_uthmani_hafs":"بِٱلَّذِيٓ","char_type_name":"word","page_number":160,"line_number":7,"text":"ﮉ","translation":{"text":"in that which","language_name":"english","language_id":38},"transliteration":{"text":"bi-alladhī","language_name":"english","language_id":38}},{"id":62504,"position":6,"audio_url":"wbw/007_076_006.mp3","qpc_uthmani_hafs":"ءَامَنتُم","char_type_name":"word","page_number":160,"line_number":8,"text":"ﮊ","translation":{"text":"you believe","language_name":"english","language_id":38},"transliteration":{"text":"āmantum","language_name":"english","language_id":38}},{"id":62505,"position":7,"audio_url":"wbw/007_076_007.mp3","qpc_uthmani_hafs":"بِهِۦ","char_type_name":"word","page_number":160,"line_number":8,"text":"ﮋ","translation":{"text":"in it","language_name":"english","language_id":38},"transliteration":{"text":"bihi","language_name":"english","language_id":38}},{"id":62506,"position":8,"audio_url":"wbw/007_076_008.mp3","qpc_uthmani_hafs":"كَٰفِرُونَ","char_type_name":"word","page_number":160,"line_number":8,"text":"ﮌ","translation":{"text":"(are) disbelievers","language_name":"english","language_id":38},"transliteration":{"text":"kāfirūna","language_name":"english","language_id":38}},{"id":62507,"position":9,"audio_url":null,"qpc_uthmani_hafs":"٧٦","char_type_name":"end","page_number":160,"line_number":8,"text":"ﮍ","translation":{"text":"(76)","language_name":"english","language_id":38},"transliteration":{"text":null,"language_name":"english","language_id":38}}],"translations":[{"id":917459,"resource_id":134,"text":"Orang-orang yang menyombongkan diri berkata, \"Sesungguhnya kami adalah orang yang tidak percaya kepada apa yang kamu imani itu\"."}]},{"id":1031,"verse_number":77,"verse_key":"7:77","juz_number":8,"hizb_number":16,"rub_el_hizb_number":64,"ruku_number":131,"manzil_number":2,"sajdah_number":null,"text_uthmani":"فَعَقَرُوا۟ ٱلنَّاقَةَ وَعَتَوْا۟ عَنْ أَمْرِ رَبِّهِمْ وَقَالُوا۟ يَـٰصَـٰلِحُ ٱئْتِنَا بِمَا تَعِدُنَآ إِن كُنتَ مِنَ ٱلْمُرْسَلِينَ","page_number":160,"words":[{"id":62774,"position":1,"audio_url":"wbw/007_077_001.mp3","qpc_uthmani_hafs":"فَعَقَرُواْ","char_type_name":"word","page_number":160,"line_number":8,"text":"ﮎ","translation":{"text":"Then they hamstrung","language_name":"english","language_id":38},"transliteration":{"text":"faʿaqarū","language_name":"english","language_id":38}},{"id":62775,"position":2,"audio_url":"wbw/007_077_002.mp3","qpc_uthmani_hafs":"ٱلنَّاقَةَ","char_type_name":"word","page_number":160,"line_number":8,"text":"ﮏ","translation":{"text":"the she-camel","language_name":"english","language_id":38},"transliteration":{"text":"l-nāqata","language_name":"english","language_id":38}},{"id":62776,"position":3,"audio_url":"wbw/007_077_003.mp3","qpc_uthmani_hafs":"وَعَتَوۡاْ","char_type_name":"word","page_number":160,"line_number":8,"text":"ﮐ","translation":{"text":"and (were) insolent","language_name":"english","language_id":38},"transliteration":{"text":"waʿataw","language_name":"english","language_id":38}},{"id":62777,"position":4,"audio_url":"wbw/007_077_004.mp3","qpc_uthmani_hafs":"عَنۡ","char_type_name":"word","page_number":160,"line_number":8,"text":"ﮑ","translation":{"text":"towards","language_name":"english","language_id":38},"transliteration":{"text":"ʿan","language_name":"english","language_id":38}},{"id":62778,"position":5,"audio_url":"wbw/007_077_005.mp3","qpc_uthmani_hafs":"أَمۡرِ","char_type_name":"word","page_number":160,"line_number":9,"text":"ﮒ","translation":{"text":"(the) command","language_name":"english","language_id":38},"transliteration":{"text":"amri","language_name":"english","language_id":38}},{"id":62779,"position":6,"audio_url":"wbw/007_077_006.mp3","qpc_uthmani_hafs":"رَبِّهِمۡ","char_type_name":"word","page_number":160,"line_number":9,"text":"ﮓ","translation":{"text":"(of) their Lord","language_name":"english","language_id":38},"transliteration":{"text":"rabbihim","language_name":"english","language_id":38}},{"id":62780,"position":7,"audio_url":"wbw/007_077_007.mp3","qpc_uthmani_hafs":"وَقَالُواْ","char_type_name":"word","page_number":160,"line_number":9,"text":"ﮔ","translation":{"text":"and they said","language_name":"english","language_id":38},"transliteration":{"text":"waqālū","language_name":"english","language_id":38}},{"id":62781,"position":8,"audio_url":"wbw/007_077_008.mp3","qpc_uthmani_hafs":"يَٰصَٰلِحُ","char_type_name":"word","page_number":160,"line_number":9,"text":"ﮕ","translation":{"text":"O Salih","language_name":"english","language_id":38},"transliteration":{"text":"yāṣāliḥu","language_name":"english","language_id":38}},{"id":62782,"position":9,"audio_url":"wbw/007_077_009.mp3","qpc_uthmani_hafs":"ٱئۡتِنَا","char_type_name":"word","page_number":160,"line_number":9,"text":"ﮖ","translation":{"text":"Bring us","language_name":"english","language_id":38},"transliteration":{"text":"i'tinā","language_name":"english","language_id":38}},{"id":62783,"position":10,"audio_url":"wbw/007_077_010.mp3","qpc_uthmani_hafs":"بِمَا","char_type_name":"word","page_number":160,"line_number":9,"text":"ﮗ","translation":{"text":"what","language_name":"english","language_id":38},"transliteration":{"text":"bimā","language_name":"english","language_id":38}},{"id":62784,"position":11,"audio_url":"wbw/007_077_011.mp3","qpc_uthmani_hafs":"تَعِدُنَآ","char_type_name":"word","page_number":160,"line_number":9,"text":"ﮘ","translation":{"text":"you promise us","language_name":"english","language_id":38},"transliteration":{"text":"taʿidunā","language_name":"english","language_id":38}},{"id":62785,"position":12,"audio_url":"wbw/007_077_012.mp3","qpc_uthmani_hafs":"إِن","char_type_name":"word","page_number":160,"line_number":9,"text":"ﮙ","translation":{"text":"if","language_name":"english","language_id":38},"transliteration":{"text":"in","language_name":"english","language_id":38}},{"id":62786,"position":13,"audio_url":"wbw/007_077_013.mp3","qpc_uthmani_hafs":"كُنتَ","char_type_name":"word","page_number":160,"line_number":9,"text":"ﮚ","translation":{"text":"you are","language_name":"english","language_id":38},"transliteration":{"text":"kunta","language_name":"english","language_id":38}},{"id":62787,"position":14,"audio_url":"wbw/007_077_014.mp3","qpc_uthmani_hafs":"مِنَ","char_type_name":"word","page_number":160,"line_number":9,"text":"ﮛ","translation":{"text":"of","language_name":"english","language_id":38},"transliteration":{"text":"mina","language_name":"english","language_id":38}},{"id":62788,"position":15,"audio_url":"wbw/007_077_015.mp3","qpc_uthmani_hafs":"ٱلۡمُرۡسَلِينَ","char_type_name":"word","page_number":160,"line_number":10,"text":"ﮜ","translation":{"text":"the Messengers","language_name":"english","language_id":38},"transliteration":{"text":"l-mur'salīna","language_name":"english","language_id":38}},{"id":62789,"position":16,"audio_url":null,"qpc_uthmani_hafs":"٧٧","char_type_name":"end","page_number":160,"line_number":10,"text":"ﮝ","translation":{"text":"(77)","language_name":"english","language_id":38},"transliteration":{"text":null,"language_name":"english","language_id":38}}],"translations":[{"id":917460,"resource_id":134,"text":"Kemudian mereka sembelih unta betina itu, dan mereka berlaku angkuh terhadap perintah Tuhan.  Dan mereka berkata, \"Hai Ṣālīḥ, datangkanlah apa yang kamu ancamkan itu kepada kami, jika (betul) kamu termasuk orang-orang yang diutus (Allah)\"."}]},{"id":1032,"verse_number":78,"verse_key":"7:78","juz_number":8,"hizb_number":16,"rub_el_hizb_number":64,"ruku_number":131,"manzil_number":2,"sajdah_number":null,"text_uthmani":"فَأَخَذَتْهُمُ ٱلرَّجْفَةُ فَأَصْبَحُوا۟ فِى دَارِهِمْ جَـٰثِمِينَ","page_number":160,"words":[{"id":63475,"position":1,"audio_url":"wbw/007_078_001.mp3","qpc_uthmani_hafs":"فَأَخَذَتۡهُمُ","char_type_name":"word","page_number":160,"line_number":10,"text":"ﮞ","translation":{"text":"So seized them","language_name":"english","language_id":38},"transliteration":{"text":"fa-akhadhathumu","language_name":"english","language_id":38}},{"id":63476,"position":2,"audio_url":"wbw/007_078_002.mp3","qpc_uthmani_hafs":"ٱلرَّجۡفَةُ","char_type_name":"word","page_number":160,"line_number":10,"text":"ﮟ","translation":{"text":"the earthquake","language_name":"english","language_id":38},"transliteration":{"text":"l-rajfatu","language_name":"english","language_id":38}},{"id":63477,"position":3,"audio_url":"wbw/007_078_003.mp3","qpc_uthmani_hafs":"فَأَصۡبَحُواْ","char_type_name":"word","page_number":160,"line_number":10,"text":"ﮠ","translation":{"text":"then they became","language_name":"english","language_id":38},"transliteration":{"text":"fa-aṣbaḥū","language_name":"english","language_id":38}},{"id":63478,"position":4,"audio_url":"wbw/007_078_004.mp3","qpc_uthmani_hafs":"فِي","char_type_name":"word","page_number":160,"line_number":10,"text":"ﮡ","translation":{"text":"in","language_name":"english","language_id":38},"transliteration":{"text":"fī","language_name":"english","language_id":38}},{"id":63479,"position":5,"audio_url":"wbw/007_078_005.mp3","qpc_uthmani_hafs":"دَارِهِمۡ","char_type_name":"word","page_number":160,"line_number":10,"text":"ﮢ","translation":{"text":"their homes","language_name":"english","language_id":38},"transliteration":{"text":"dārihim","language_name":"english","language_id":38}},{"id":63480,"position":6,"audio_url":"wbw/007_078_006.mp3","qpc_uthmani_hafs":"جَٰثِمِينَ","char_type_name":"word","page_number":160,"line_number":11,"text":"ﮣ","translation":{"text":"fallen prone","language_name":"english","language_id":38},"transliteration":{"text":"jāthimīna","language_name":"english","language_id":38}},{"id":63481,"position":7,"audio_url":null,"qpc_uthmani_hafs":"٧٨","char_type_name":"end","page_number":160,"line_number":11,"text":"ﮤ","translation":{"text":"(78)","language_name":"english","language_id":38},"transliteration":{"text":null,"language_name":"english","language_id":38}}],"translations":[{"id":917461,"resource_id":134,"text":"Karena itu, mereka ditimpa gempa, maka jadilah mereka mayat-mayat yang bergelimpangan di tempat tinggal mereka."}]},{"id":1033,"verse_number":79,"verse_key":"7:79","juz_number":8,"hizb_number":16,"rub_el_hizb_number":64,"ruku_number":131,"manzil_number":2,"sajdah_number":null,"text_uthmani":"فَتَوَلَّىٰ عَنْهُمْ وَقَالَ يَـٰقَوْمِ لَقَدْ أَبْلَغْتُكُمْ رِسَالَةَ رَبِّى وَنَصَحْتُ لَكُمْ وَلَـٰكِن لَّا تُحِبُّونَ ٱلنَّـٰصِحِينَ","page_number":160,"words":[{"id":63880,"position":1,"audio_url":"wbw/007_079_001.mp3","qpc_uthmani_hafs":"فَتَوَلَّىٰ","char_type_name":"word","page_number":160,"line_number":11,"text":"ﮥ","translation":{"text":"So he turned away","language_name":"english","language_id":38},"transliteration":{"text":"fatawallā","language_name":"english","language_id":38}},{"id":63881,"position":2,"audio_url":"wbw/007_079_002.mp3","qpc_uthmani_hafs":"عَنۡهُمۡ","char_type_name":"word","page_number":160,"line_number":11,"text":"ﮦ","translation":{"text":"from them","language_name":"english","language_id":38},"transliteration":{"text":"ʿanhum","language_name":"english","language_id":38}},{"id":63882,"position":3,"audio_url":"wbw/007_079_003.mp3","qpc_uthmani_hafs":"وَقَالَ","char_type_name":"word","page_number":160,"line_number":11,"text":"ﮧ","translation":{"text":"and he said","language_name":"english","language_id":38},"transliteration":{"text":"waqāla","language_name":"english","language_id":38}},{"id":63883,"position":4,"audio_url":"wbw/007_079_004.mp3","qpc_uthmani_hafs":"يَٰقَوۡمِ","char_type_name":"word","page_number":160,"line_number":11,"text":"ﮨ","translation":{"text":"O my people","language_name":"english","language_id":38},"transliteration":{"text":"yāqawmi","language_name":"english","language_id":38}},{"id":63884,"position":5,"audio_url":"wbw/007_079_005.mp3","qpc_uthmani_hafs":"لَقَدۡ","char_type_name":"word","page_number":160,"line_number":11,"text":"ﮩ","translation":{"text":"Verily","language_name":"english","language_id":38},"transliteration":{"text":"laqad","language_name":"english","language_id":38}},{"id":63885,"position":6,"audio_url":"wbw/007_079_006.mp3","qpc_uthmani_hafs":"أَبۡلَغۡتُكُمۡ","char_type_name":"word","page_number":160,"line_number":11,"text":"ﮪ","translation":{"text":"I have conveyed to you","language_name":"english","language_id":38},"transliteration":{"text":"ablaghtukum","language_name":"english","language_id":38}},{"id":63886,"position":7,"audio_url":"wbw/007_079_007.mp3","qpc_uthmani_hafs":"رِسَالَةَ","char_type_name":"word","page_number":160,"line_number":12,"text":"ﮫ","translation":{"text":"(the) Message","language_name":"english","language_id":38},"transliteration":{"text":"risālata","language_name":"english","language_id":38}},{"id":63887,"position":8,"audio_url":"wbw/007_079_008.mp3","qpc_uthmani_hafs":"رَبِّي","char_type_name":"word","page_number":160,"line_number":12,"text":"ﮬ","translation":{"text":"(of) my Lord","language_name":"english","language_id":38},"transliteration":{"text":"rabbī","language_name":"english","language_id":38}},{"id":63888,"position":9,"audio_url":"wbw/007_079_009.mp3","qpc_uthmani_hafs":"وَنَصَحۡتُ","char_type_name":"word","page_number":160,"line_number":12,"text":"ﮭ","translation":{"text":"and [I] advised","language_name":"english","language_id":38},"transliteration":{"text":"wanaṣaḥtu","language_name":"english","language_id":38}},{"id":63889,"position":10,"audio_url":"wbw/007_079_010.mp3","qpc_uthmani_hafs":"لَكُمۡ","char_type_name":"word","page_number":160,"line_number":12,"text":"ﮮ","translation":{"text":"[to] you","language_name":"english","language_id":38},"transliteration":{"text":"lakum","language_name":"english","language_id":38}},{"id":63890,"position":11,"audio_url":"wbw/007_079_011.mp3","qpc_uthmani_hafs":"وَلَٰكِن","char_type_name":"word","page_number":160,"line_number":12,"text":"ﮯ","translation":{"text":"but","language_name":"english","language_id":38},"transliteration":{"text":"walākin","language_name":"english","language_id":38}},{"id":63891,"position":12,"audio_url":"wbw/007_079_012.mp3","qpc_uthmani_hafs":"لَّا","char_type_name":"word","page_number":160,"line_number":12,"text":"ﮰ","translation":{"text":"not","language_name":"english","language_id":38},"transliteration":{"text":"lā","language_name":"english","language_id":38}},{"id":63892,"position":13,"audio_url":"wbw/007_079_013.mp3","qpc_uthmani_hafs":"تُحِبُّونَ","char_type_name":"word","page_number":160,"line_number":12,"text":"ﮱ","translation":{"text":"you like","language_name":"english","language_id":38},"transliteration":{"text":"tuḥibbūna","language_name":"english","language_id":38}},{"id":63893,"position":14,"audio_url":"wbw/007_079_014.mp3","qpc_uthmani_hafs":"ٱلنَّٰصِحِينَ","char_type_name":"word","page_number":160,"line_number":12,"text":"ﯓ","translation":{"text":"the advisers","language_name":"english","language_id":38},"transliteration":{"text":"l-nāṣiḥīna","language_name":"english","language_id":38}},{"id":63894,"position":15,"audio_url":null,"qpc_uthmani_hafs":"٧٩","char_type_name":"end","page_number":160,"line_number":13,"text":"ﯔ","translation":{"text":"(79)","language_name":"english","language_id":38},"transliteration":{"text":null,"language_name":"english","language_id":38}}],"translations":[{"id":917462,"resource_id":134,"text":"Maka Ṣālīḥ meninggalkan mereka seraya berkata, \"Hai kaumku sesungguhnya aku telah menyampaikan kepadamu amanat Tuhan-ku, dan aku telah memberi nasihat kepadamu, tetapi kamu tidak menyukai orang-orang yang memberi nasihat\"."}]},{"id":1034,"verse_number":80,"verse_key":"7:80","juz_number":8,"hizb_number":16,"rub_el_hizb_number":64,"ruku_number":131,"manzil_number":2,"sajdah_number":null,"text_uthmani":"وَلُوطًا إِذْ قَالَ لِقَوْمِهِۦٓ أَتَأْتُونَ ٱلْفَـٰحِشَةَ مَا سَبَقَكُم بِهَا مِنْ أَحَدٍ مِّنَ ٱلْعَـٰلَمِينَ","page_number":160,"words":[{"id":64148,"position":1,"audio_url":"wbw/007_080_001.mp3","qpc_uthmani_hafs":"وَلُوطًا","char_type_name":"word","page_number":160,"line_number":13,"text":"ﯕ","translation":{"text":"And Lut","language_name":"english","language_id":38},"transliteration":{"text":"walūṭan","language_name":"english","language_id":38}},{"id":64149,"position":2,"audio_url":"wbw/007_080_002.mp3","qpc_uthmani_hafs":"إِذۡ","char_type_name":"word","page_number":160,"line_number":13,"text":"ﯖ","translation":{"text":"when","language_name":"english","language_id":38},"transliteration":{"text":"idh","language_name":"english","language_id":38}},{"id":64150,"position":3,"audio_url":"wbw/007_080_003.mp3","qpc_uthmani_hafs":"قَالَ","char_type_name":"word","page_number":160,"line_number":13,"text":"ﯗ","translation":{"text":"he said","language_name":"english","language_id":38},"transliteration":{"text":"qāla","language_name":"english","language_id":38}},{"id":64151,"position":4,"audio_url":"wbw/007_080_004.mp3","qpc_uthmani_hafs":"لِقَوۡمِهِۦٓ","char_type_name":"word","page_number":160,"line_number":13,"text":"ﯘ","translation":{"text":"to his people","language_name":"english","language_id":38},"transliteration":{"text":"liqawmihi","language_name":"english","language_id":38}},{"id":64152,"position":5,"audio_url":"wbw/007_080_005.mp3","qpc_uthmani_hafs":"أَتَأۡتُونَ","char_type_name":"word","page_number":160,"line_number":13,"text":"ﯙ","translation":{"text":"Do you commit","language_name":"english","language_id":38},"transliteration":{"text":"atatūna","language_name":"english","language_id":38}},{"id":64153,"position":6,"audio_url":"wbw/007_080_006.mp3","qpc_uthmani_hafs":"ٱلۡفَٰحِشَةَ","char_type_name":"word","page_number":160,"line_number":13,"text":"ﯚ","translation":{"text":"(such) immorality","language_name":"english","language_id":38},"transliteration":{"text":"l-fāḥishata","language_name":"english","language_id":38}},{"id":64154,"position":7,"audio_url":"wbw/007_080_007.mp3","qpc_uthmani_hafs":"مَا","char_type_name":"word","page_number":160,"line_number":13,"text":"ﯛ","translation":{"text":"not","language_name":"english","language_id":38},"transliteration":{"text":"mā","language_name":"english","language_id":38}},{"id":64155,"position":8,"audio_url":"wbw/007_080_008.mp3","qpc_uthmani_hafs":"سَبَقَكُم","char_type_name":"word","page_number":160,"line_number":13,"text":"ﯜ","translation":{"text":"has preceded you","language_name":"english","language_id":38},"transliteration":{"text":"sabaqakum","language_name":"english","language_id":38}},{"id":64156,"position":9,"audio_url":"wbw/007_080_009.mp3","qpc_uthmani_hafs":"بِهَا","char_type_name":"word","page_number":160,"line_number":14,"text":"ﯝ","translation":{"text":"therein","language_name":"english","language_id":38},"transliteration":{"text":"bihā","language_name":"english","language_id":38}},{"id":64157,"position":10,"audio_url":"wbw/007_080_010.mp3","qpc_uthmani_hafs":"مِنۡ","char_type_name":"word","page_number":160,"line_number":14,"text":"ﯞ","translation":{"text":"any","language_name":"english","language_id":38},"transliteration":{"text":"min","language_name":"english","language_id":38}},{"id":64158,"position":11,"audio_url":"wbw/007_080_011.mp3","qpc_uthmani_hafs":"أَحَدٖ","char_type_name":"word","page_number":160,"line_number":14,"text":"ﯟ","translation":{"text":"one","language_name":"english","language_id":38},"transliteration":{"text":"aḥadin","language_name":"english","language_id":38}},{"id":64159,"position":12,"audio_url":"wbw/007_080_012.mp3","qpc_uthmani_hafs":"مِّنَ","char_type_name":"word","page_number":160,"line_number":14,"text":"ﯠ","translation":{"text":"of","language_name":"english","language_id":38},"transliteration":{"text":"mina","language_name":"english","language_id":38}},{"id":64160,"position":13,"audio_url":"wbw/007_080_013.mp3","qpc_uthmani_hafs":"ٱلۡعَٰلَمِينَ","char_type_name":"word","page_number":160,"line_number":14,"text":"ﯡ","translation":{"text":"the worlds","language_name":"english","language_id":38},"transliteration":{"text":"l-ʿālamīna","language_name":"english","language_id":38}},{"id":64161,"position":14,"audio_url":null,"qpc_uthmani_hafs":"٨٠","char_type_name":"end","page_number":160,"line_number":14,"text":"ﯢ","translation":{"text":"(80)","language_name":"english","language_id":38},"transliteration":{"text":null,"language_name":"english","language_id":38}}],"translations":[{"id":917463,"resource_id":134,"text":"Dan (Kami juga telah mengutus) Lūṭ (kepada kaumnya).  (Ingatlah) tatkala dia berkata kepada mereka, \"Mengapa kamu mengerjakan perbuatan fāḥisyah itu<sup foot_note=210321>1</sup>, yang belum pernah dikerjakan oleh seorang pun (di dunia ini) sebelummu?\""}]},{"id":1035,"verse_number":81,"verse_key":"7:81","juz_number":8,"hizb_number":16,"rub_el_hizb_number":64,"ruku_number":131,"manzil_number":2,"sajdah_number":null,"text_uthmani":"إِنَّكُمْ لَتَأْتُونَ ٱلرِّجَالَ شَهْوَةً مِّن دُونِ ٱلنِّسَآءِ ۚ بَلْ أَنتُمْ قَوْمٌ مُّسْرِفُونَ","page_number":160,"words":[{"id":64658,"position":1,"audio_url":"wbw/007_081_001.mp3","qpc_uthmani_hafs":"إِنَّكُمۡ","char_type_name":"word","page_number":160,"line_number":14,"text":"ﯣ","translation":{"text":"Indeed, you","language_name":"english","language_id":38},"transliteration":{"text":"innakum","language_name":"english","language_id":38}},{"id":64659,"position":2,"audio_url":"wbw/007_081_002.mp3","qpc_uthmani_hafs":"لَتَأۡتُونَ","char_type_name":"word","page_number":160,"line_number":14,"text":"ﯤ","translation":{"text":"you approach","language_name":"english","language_id":38},"transliteration":{"text":"latatūna","language_name":"english","language_id":38}},{"id":64660,"position":3,"audio_url":"wbw/007_081_003.mp3","qpc_uthmani_hafs":"ٱلرِّجَالَ","char_type_name":"word","page_number":160,"line_number":14,"text":"ﯥ","translation":{"text":"the men","language_name":"english","language_id":38},"transliteration":{"text":"l-rijāla","language_name":"english","language_id":38}},{"id":64661,"position":4,"audio_url":"wbw/007_081_004.mp3","qpc_uthmani_hafs":"شَهۡوَةٗ","char_type_name":"word","page_number":160,"line_number":15,"text":"ﯦ","translation":{"text":"lustfully","language_name":"english","language_id":38},"transliteration":{"text":"shahwatan","language_name":"english","language_id":38}},{"id":64662,"position":5,"audio_url":"wbw/007_081_005.mp3","qpc_uthmani_hafs":"مِّن","char_type_name":"word","page_number":160,"line_number":15,"text":"ﯧ","translation":{"text":"from","language_name":"english","language_id":38},"transliteration":{"text":"min","language_name":"english","language_id":38}},{"id":64663,"position":6,"audio_url":"wbw/007_081_006.mp3","qpc_uthmani_hafs":"دُونِ","char_type_name":"word","page_number":160,"line_number":15,"text":"ﯨ","translation":{"text":"instead of","language_name":"english","language_id":38},"transliteration":{"text":"dūni","language_name":"english","language_id":38}},{"id":64664,"position":7,"audio_url":"wbw/007_081_007.mp3","qpc_uthmani_hafs":"ٱلنِّسَآءِۚ","char_type_name":"word","page_number":160,"line_number":15,"text":"ﯩﯪ","translation":{"text":"the women","language_name":"english","language_id":38},"transliteration":{"text":"l-nisāi","language_name":"english","language_id":38}},{"id":64666,"position":8,"audio_url":"wbw/007_081_009.mp3","qpc_uthmani_hafs":"بَلۡ","char_type_name":"word","page_number":160,"line_number":15,"text":"ﯫ","translation":{"text":"Nay","language_name":"english","language_id":38},"transliteration":{"text":"bal","language_name":"english","language_id":38}},{"id":64667,"position":9,"audio_url":"wbw/007_081_010.mp3","qpc_uthmani_hafs":"أَنتُمۡ","char_type_name":"word","page_number":160,"line_number":15,"text":"ﯬ","translation":{"text":"you","language_name":"english","language_id":38},"transliteration":{"text":"antum","language_name":"english","language_id":38}},{"id":64668,"position":10,"audio_url":"wbw/007_081_011.mp3","qpc_uthmani_hafs":"قَوۡمٞ","char_type_name":"word","page_number":160,"line_number":15,"text":"ﯭ","translation":{"text":"(are) a people","language_name":"english","language_id":38},"transliteration":{"text":"qawmun","language_name":"english","language_id":38}},{"id":64669,"position":11,"audio_url":"wbw/007_081_012.mp3","qpc_uthmani_hafs":"مُّسۡرِفُونَ","char_type_name":"word","page_number":160,"line_number":15,"text":"ﯮ","translation":{"text":"(who) commit excesses","language_name":"english","language_id":38},"transliteration":{"text":"mus'rifūna","language_name":"english","language_id":38}},{"id":64670,"position":12,"audio_url":null,"qpc_uthmani_hafs":"٨١","char_type_name":"end","page_number":160,"line_number":15,"text":"ﯯ","translation":{"text":"(81)","language_name":"english","language_id":38},"transliteration":{"text":null,"language_name":"english","language_id":38}}],"translations":[{"id":917464,"resource_id":134,"text":"Sesungguhnya kamu mendatangi lelaki untuk melepaskan nafsumu (kepada mereka), bukan kepada wanita, malah kamu ini adalah kaum yang melampaui batas."}]}],"pagination":{"per_page":50,"current_page":1,"next_page":null,"total_pages":1,"total_records":8}}