{"verses":[{"id":1114,"verse_number":160,"verse_key":"7:160","juz_number":9,"hizb_number":17,"rub_el_hizb_number":68,"ruku_number":141,"manzil_number":2,"sajdah_number":null,"text_uthmani":"وَقَطَّعْنَـٰهُمُ ٱثْنَتَىْ عَشْرَةَ أَسْبَاطًا أُمَمًا ۚ وَأَوْحَيْنَآ إِلَىٰ مُوسَىٰٓ إِذِ ٱسْتَسْقَىٰهُ قَوْمُهُۥٓ أَنِ ٱضْرِب بِّعَصَاكَ ٱلْحَجَرَ ۖ فَٱنۢبَجَسَتْ مِنْهُ ٱثْنَتَا عَشْرَةَ عَيْنًا ۖ قَدْ عَلِمَ كُلُّ أُنَاسٍ مَّشْرَبَهُمْ ۚ وَظَلَّلْنَا عَلَيْهِمُ ٱلْغَمَـٰمَ وَأَنزَلْنَا عَلَيْهِمُ ٱلْمَنَّ وَٱلسَّلْوَىٰ ۖ كُلُوا۟ مِن طَيِّبَـٰتِ مَا رَزَقْنَـٰكُمْ ۚ وَمَا ظَلَمُونَا وَلَـٰكِن كَانُوٓا۟ أَنفُسَهُمْ يَظْلِمُونَ","page_number":171,"words":[{"id":81798,"position":1,"audio_url":"wbw/007_160_001.mp3","qpc_uthmani_hafs":"وَقَطَّعۡنَٰهُمُ","char_type_name":"word","page_number":171,"line_number":1,"text":"ﭑ","translation":{"text":"And We divided them","language_name":"english","language_id":38},"transliteration":{"text":"waqaṭṭaʿnāhumu","language_name":"english","language_id":38}},{"id":81799,"position":2,"audio_url":"wbw/007_160_002.mp3","qpc_uthmani_hafs":"ٱثۡنَتَيۡ","char_type_name":"word","page_number":171,"line_number":1,"text":"ﭒ","translation":{"text":"(into) two","language_name":"english","language_id":38},"transliteration":{"text":"ith'natay","language_name":"english","language_id":38}},{"id":81800,"position":3,"audio_url":"wbw/007_160_003.mp3","qpc_uthmani_hafs":"عَشۡرَةَ","char_type_name":"word","page_number":171,"line_number":1,"text":"ﭓ","translation":{"text":"(and) ten [i.e. twelve]","language_name":"english","language_id":38},"transliteration":{"text":"ʿashrata","language_name":"english","language_id":38}},{"id":81801,"position":4,"audio_url":"wbw/007_160_004.mp3","qpc_uthmani_hafs":"أَسۡبَاطًا","char_type_name":"word","page_number":171,"line_number":1,"text":"ﭔ","translation":{"text":"tribes","language_name":"english","language_id":38},"transliteration":{"text":"asbāṭan","language_name":"english","language_id":38}},{"id":81802,"position":5,"audio_url":"wbw/007_160_005.mp3","qpc_uthmani_hafs":"أُمَمٗاۚ","char_type_name":"word","page_number":171,"line_number":1,"text":"ﭕﭖ","translation":{"text":"(as) communities","language_name":"english","language_id":38},"transliteration":{"text":"umaman","language_name":"english","language_id":38}},{"id":81804,"position":6,"audio_url":"wbw/007_160_007.mp3","qpc_uthmani_hafs":"وَأَوۡحَيۡنَآ","char_type_name":"word","page_number":171,"line_number":1,"text":"ﭗ","translation":{"text":"And We inspired","language_name":"english","language_id":38},"transliteration":{"text":"wa-awḥaynā","language_name":"english","language_id":38}},{"id":81805,"position":7,"audio_url":"wbw/007_160_008.mp3","qpc_uthmani_hafs":"إِلَىٰ","char_type_name":"word","page_number":171,"line_number":1,"text":"ﭘ","translation":{"text":"to","language_name":"english","language_id":38},"transliteration":{"text":"ilā","language_name":"english","language_id":38}},{"id":81806,"position":8,"audio_url":"wbw/007_160_009.mp3","qpc_uthmani_hafs":"مُوسَىٰٓ","char_type_name":"word","page_number":171,"line_number":1,"text":"ﭙ","translation":{"text":"Musa","language_name":"english","language_id":38},"transliteration":{"text":"mūsā","language_name":"english","language_id":38}},{"id":81807,"position":9,"audio_url":"wbw/007_160_010.mp3","qpc_uthmani_hafs":"إِذِ","char_type_name":"word","page_number":171,"line_number":2,"text":"ﭚ","translation":{"text":"when","language_name":"english","language_id":38},"transliteration":{"text":"idhi","language_name":"english","language_id":38}},{"id":81808,"position":10,"audio_url":"wbw/007_160_011.mp3","qpc_uthmani_hafs":"ٱسۡتَسۡقَىٰهُ","char_type_name":"word","page_number":171,"line_number":2,"text":"ﭛ","translation":{"text":"asked him for water","language_name":"english","language_id":38},"transliteration":{"text":"is'tasqāhu","language_name":"english","language_id":38}},{"id":81809,"position":11,"audio_url":"wbw/007_160_012.mp3","qpc_uthmani_hafs":"قَوۡمُهُۥٓ","char_type_name":"word","page_number":171,"line_number":2,"text":"ﭜ","translation":{"text":"his people","language_name":"english","language_id":38},"transliteration":{"text":"qawmuhu","language_name":"english","language_id":38}},{"id":81810,"position":12,"audio_url":"wbw/007_160_013.mp3","qpc_uthmani_hafs":"أَنِ","char_type_name":"word","page_number":171,"line_number":2,"text":"ﭝ","translation":{"text":"[that]","language_name":"english","language_id":38},"transliteration":{"text":"ani","language_name":"english","language_id":38}},{"id":81811,"position":13,"audio_url":"wbw/007_160_014.mp3","qpc_uthmani_hafs":"ٱضۡرِب","char_type_name":"word","page_number":171,"line_number":2,"text":"ﭞ","translation":{"text":"Strike","language_name":"english","language_id":38},"transliteration":{"text":"iḍ'rib","language_name":"english","language_id":38}},{"id":81812,"position":14,"audio_url":"wbw/007_160_015.mp3","qpc_uthmani_hafs":"بِّعَصَاكَ","char_type_name":"word","page_number":171,"line_number":2,"text":"ﭟ","translation":{"text":"with your staff","language_name":"english","language_id":38},"transliteration":{"text":"biʿaṣāka","language_name":"english","language_id":38}},{"id":81813,"position":15,"audio_url":"wbw/007_160_016.mp3","qpc_uthmani_hafs":"ٱلۡحَجَرَۖ","char_type_name":"word","page_number":171,"line_number":2,"text":"ﭠﭡ","translation":{"text":"the stone","language_name":"english","language_id":38},"transliteration":{"text":"l-ḥajara","language_name":"english","language_id":38}},{"id":81815,"position":16,"audio_url":"wbw/007_160_018.mp3","qpc_uthmani_hafs":"فَٱنۢبَجَسَتۡ","char_type_name":"word","page_number":171,"line_number":3,"text":"ﭢ","translation":{"text":"Then gushed forth","language_name":"english","language_id":38},"transliteration":{"text":"fa-inbajasat","language_name":"english","language_id":38}},{"id":81816,"position":17,"audio_url":"wbw/007_160_019.mp3","qpc_uthmani_hafs":"مِنۡهُ","char_type_name":"word","page_number":171,"line_number":3,"text":"ﭣ","translation":{"text":"from it","language_name":"english","language_id":38},"transliteration":{"text":"min'hu","language_name":"english","language_id":38}},{"id":81817,"position":18,"audio_url":"wbw/007_160_020.mp3","qpc_uthmani_hafs":"ٱثۡنَتَا","char_type_name":"word","page_number":171,"line_number":3,"text":"ﭤ","translation":{"text":"two","language_name":"english","language_id":38},"transliteration":{"text":"ith'natā","language_name":"english","language_id":38}},{"id":81818,"position":19,"audio_url":"wbw/007_160_021.mp3","qpc_uthmani_hafs":"عَشۡرَةَ","char_type_name":"word","page_number":171,"line_number":3,"text":"ﭥ","translation":{"text":"(and) ten [i.e. twelve]","language_name":"english","language_id":38},"transliteration":{"text":"ʿashrata","language_name":"english","language_id":38}},{"id":81819,"position":20,"audio_url":"wbw/007_160_022.mp3","qpc_uthmani_hafs":"عَيۡنٗاۖ","char_type_name":"word","page_number":171,"line_number":3,"text":"ﭦﭧ","translation":{"text":"springs","language_name":"english","language_id":38},"transliteration":{"text":"ʿaynan","language_name":"english","language_id":38}},{"id":81821,"position":21,"audio_url":"wbw/007_160_024.mp3","qpc_uthmani_hafs":"قَدۡ","char_type_name":"word","page_number":171,"line_number":3,"text":"ﭨ","translation":{"text":"Certainly","language_name":"english","language_id":38},"transliteration":{"text":"qad","language_name":"english","language_id":38}},{"id":81822,"position":22,"audio_url":"wbw/007_160_025.mp3","qpc_uthmani_hafs":"عَلِمَ","char_type_name":"word","page_number":171,"line_number":3,"text":"ﭩ","translation":{"text":"knew","language_name":"english","language_id":38},"transliteration":{"text":"ʿalima","language_name":"english","language_id":38}},{"id":81823,"position":23,"audio_url":"wbw/007_160_026.mp3","qpc_uthmani_hafs":"كُلُّ","char_type_name":"word","page_number":171,"line_number":3,"text":"ﭪ","translation":{"text":"each","language_name":"english","language_id":38},"transliteration":{"text":"kullu","language_name":"english","language_id":38}},{"id":81824,"position":24,"audio_url":"wbw/007_160_027.mp3","qpc_uthmani_hafs":"أُنَاسٖ","char_type_name":"word","page_number":171,"line_number":3,"text":"ﭫ","translation":{"text":"people","language_name":"english","language_id":38},"transliteration":{"text":"unāsin","language_name":"english","language_id":38}},{"id":81825,"position":25,"audio_url":"wbw/007_160_028.mp3","qpc_uthmani_hafs":"مَّشۡرَبَهُمۡۚ","char_type_name":"word","page_number":171,"line_number":4,"text":"ﭬﭭ","translation":{"text":"their drinking place","language_name":"english","language_id":38},"transliteration":{"text":"mashrabahum","language_name":"english","language_id":38}},{"id":81827,"position":26,"audio_url":"wbw/007_160_030.mp3","qpc_uthmani_hafs":"وَظَلَّلۡنَا","char_type_name":"word","page_number":171,"line_number":4,"text":"ﭮ","translation":{"text":"And We shaded","language_name":"english","language_id":38},"transliteration":{"text":"waẓallalnā","language_name":"english","language_id":38}},{"id":81828,"position":27,"audio_url":"wbw/007_160_031.mp3","qpc_uthmani_hafs":"عَلَيۡهِمُ","char_type_name":"word","page_number":171,"line_number":4,"text":"ﭯ","translation":{"text":"[on] them","language_name":"english","language_id":38},"transliteration":{"text":"ʿalayhimu","language_name":"english","language_id":38}},{"id":81829,"position":28,"audio_url":"wbw/007_160_032.mp3","qpc_uthmani_hafs":"ٱلۡغَمَٰمَ","char_type_name":"word","page_number":171,"line_number":4,"text":"ﭰ","translation":{"text":"(with) the clouds","language_name":"english","language_id":38},"transliteration":{"text":"l-ghamāma","language_name":"english","language_id":38}},{"id":81830,"position":29,"audio_url":"wbw/007_160_033.mp3","qpc_uthmani_hafs":"وَأَنزَلۡنَا","char_type_name":"word","page_number":171,"line_number":4,"text":"ﭱ","translation":{"text":"and We sent down","language_name":"english","language_id":38},"transliteration":{"text":"wa-anzalnā","language_name":"english","language_id":38}},{"id":81831,"position":30,"audio_url":"wbw/007_160_034.mp3","qpc_uthmani_hafs":"عَلَيۡهِمُ","char_type_name":"word","page_number":171,"line_number":4,"text":"ﭲ","translation":{"text":"upon them","language_name":"english","language_id":38},"transliteration":{"text":"ʿalayhimu","language_name":"english","language_id":38}},{"id":81832,"position":31,"audio_url":"wbw/007_160_035.mp3","qpc_uthmani_hafs":"ٱلۡمَنَّ","char_type_name":"word","page_number":171,"line_number":4,"text":"ﭳ","translation":{"text":"the manna","language_name":"english","language_id":38},"transliteration":{"text":"l-mana","language_name":"english","language_id":38}},{"id":81833,"position":32,"audio_url":"wbw/007_160_036.mp3","qpc_uthmani_hafs":"وَٱلسَّلۡوَىٰۖ","char_type_name":"word","page_number":171,"line_number":5,"text":"ﭴﭵ","translation":{"text":"and the quails","language_name":"english","language_id":38},"transliteration":{"text":"wal-salwā","language_name":"english","language_id":38}},{"id":81835,"position":33,"audio_url":"wbw/007_160_038.mp3","qpc_uthmani_hafs":"كُلُواْ","char_type_name":"word","page_number":171,"line_number":5,"text":"ﭶ","translation":{"text":"Eat","language_name":"english","language_id":38},"transliteration":{"text":"kulū","language_name":"english","language_id":38}},{"id":81836,"position":34,"audio_url":"wbw/007_160_039.mp3","qpc_uthmani_hafs":"مِن","char_type_name":"word","page_number":171,"line_number":5,"text":"ﭷ","translation":{"text":"from","language_name":"english","language_id":38},"transliteration":{"text":"min","language_name":"english","language_id":38}},{"id":81837,"position":35,"audio_url":"wbw/007_160_040.mp3","qpc_uthmani_hafs":"طَيِّبَٰتِ","char_type_name":"word","page_number":171,"line_number":5,"text":"ﭸ","translation":{"text":"(the) good things","language_name":"english","language_id":38},"transliteration":{"text":"ṭayyibāti","language_name":"english","language_id":38}},{"id":81838,"position":36,"audio_url":"wbw/007_160_041.mp3","qpc_uthmani_hafs":"مَا","char_type_name":"word","page_number":171,"line_number":5,"text":"ﭹ","translation":{"text":"which","language_name":"english","language_id":38},"transliteration":{"text":"mā","language_name":"english","language_id":38}},{"id":81839,"position":37,"audio_url":"wbw/007_160_042.mp3","qpc_uthmani_hafs":"رَزَقۡنَٰكُمۡۚ","char_type_name":"word","page_number":171,"line_number":5,"text":"ﭺﭻ","translation":{"text":"We have provided you","language_name":"english","language_id":38},"transliteration":{"text":"razaqnākum","language_name":"english","language_id":38}},{"id":81841,"position":38,"audio_url":"wbw/007_160_044.mp3","qpc_uthmani_hafs":"وَمَا","char_type_name":"word","page_number":171,"line_number":5,"text":"ﭼ","translation":{"text":"And not","language_name":"english","language_id":38},"transliteration":{"text":"wamā","language_name":"english","language_id":38}},{"id":81842,"position":39,"audio_url":"wbw/007_160_045.mp3","qpc_uthmani_hafs":"ظَلَمُونَا","char_type_name":"word","page_number":171,"line_number":6,"text":"ﭽ","translation":{"text":"they wronged Us","language_name":"english","language_id":38},"transliteration":{"text":"ẓalamūnā","language_name":"english","language_id":38}},{"id":81843,"position":40,"audio_url":"wbw/007_160_046.mp3","qpc_uthmani_hafs":"وَلَٰكِن","char_type_name":"word","page_number":171,"line_number":6,"text":"ﭾ","translation":{"text":"but","language_name":"english","language_id":38},"transliteration":{"text":"walākin","language_name":"english","language_id":38}},{"id":81844,"position":41,"audio_url":"wbw/007_160_047.mp3","qpc_uthmani_hafs":"كَانُوٓاْ","char_type_name":"word","page_number":171,"line_number":6,"text":"ﭿ","translation":{"text":"they were","language_name":"english","language_id":38},"transliteration":{"text":"kānū","language_name":"english","language_id":38}},{"id":81845,"position":42,"audio_url":"wbw/007_160_048.mp3","qpc_uthmani_hafs":"أَنفُسَهُمۡ","char_type_name":"word","page_number":171,"line_number":6,"text":"ﮀ","translation":{"text":"(to) themselves","language_name":"english","language_id":38},"transliteration":{"text":"anfusahum","language_name":"english","language_id":38}},{"id":81846,"position":43,"audio_url":"wbw/007_160_049.mp3","qpc_uthmani_hafs":"يَظۡلِمُونَ","char_type_name":"word","page_number":171,"line_number":6,"text":"ﮁ","translation":{"text":"doing wrong","language_name":"english","language_id":38},"transliteration":{"text":"yaẓlimūna","language_name":"english","language_id":38}},{"id":81847,"position":44,"audio_url":null,"qpc_uthmani_hafs":"١٦٠","char_type_name":"end","page_number":171,"line_number":6,"text":"ﮂ","translation":{"text":"(160)","language_name":"english","language_id":38},"transliteration":{"text":null,"language_name":"english","language_id":38}}],"translations":[{"id":917543,"resource_id":134,"text":"Dan mereka Kami bagi menjadi dua belas suku yang masing-masingnya berjumlah besar dan Kami wahyukan kepada Musa ketika kaumnya meminta air kepadanya, \"Pukullah batu itu dengan tongkatmu!\"  Maka memancarlah darinya dua belas mata air.  Sesungguhnya tiap-tiap suku mengetahui tempat minum masing-masing.  Dan Kami naungkan awan di atas mereka dan Kami turunkan kepada mereka manna dan salwā<sup foot_note=210346>1</sup>.  (Kami berfirman), \"Makanlah yang baik-baik dari apa yang telah Kami rezekikan kepadamu\".  Mereka tidak menganiaya Kami, tetapi merekalah yang selalu menganiaya dirinya sendiri."}]},{"id":1115,"verse_number":161,"verse_key":"7:161","juz_number":9,"hizb_number":17,"rub_el_hizb_number":68,"ruku_number":141,"manzil_number":2,"sajdah_number":null,"text_uthmani":"وَإِذْ قِيلَ لَهُمُ ٱسْكُنُوا۟ هَـٰذِهِ ٱلْقَرْيَةَ وَكُلُوا۟ مِنْهَا حَيْثُ شِئْتُمْ وَقُولُوا۟ حِطَّةٌ وَٱدْخُلُوا۟ ٱلْبَابَ سُجَّدًا نَّغْفِرْ لَكُمْ خَطِيٓـَٔـٰتِكُمْ ۚ سَنَزِيدُ ٱلْمُحْسِنِينَ","page_number":171,"words":[{"id":81952,"position":1,"audio_url":"wbw/007_161_001.mp3","qpc_uthmani_hafs":"وَإِذۡ","char_type_name":"word","page_number":171,"line_number":6,"text":"ﮃ","translation":{"text":"And when","language_name":"english","language_id":38},"transliteration":{"text":"wa-idh","language_name":"english","language_id":38}},{"id":81953,"position":2,"audio_url":"wbw/007_161_002.mp3","qpc_uthmani_hafs":"قِيلَ","char_type_name":"word","page_number":171,"line_number":7,"text":"ﮄ","translation":{"text":"it was said","language_name":"english","language_id":38},"transliteration":{"text":"qīla","language_name":"english","language_id":38}},{"id":81954,"position":3,"audio_url":"wbw/007_161_003.mp3","qpc_uthmani_hafs":"لَهُمُ","char_type_name":"word","page_number":171,"line_number":7,"text":"ﮅ","translation":{"text":"to them","language_name":"english","language_id":38},"transliteration":{"text":"lahumu","language_name":"english","language_id":38}},{"id":81955,"position":4,"audio_url":"wbw/007_161_004.mp3","qpc_uthmani_hafs":"ٱسۡكُنُواْ","char_type_name":"word","page_number":171,"line_number":7,"text":"ﮆ","translation":{"text":"Live","language_name":"english","language_id":38},"transliteration":{"text":"us'kunū","language_name":"english","language_id":38}},{"id":81956,"position":5,"audio_url":"wbw/007_161_005.mp3","qpc_uthmani_hafs":"هَٰذِهِ","char_type_name":"word","page_number":171,"line_number":7,"text":"ﮇ","translation":{"text":"(in) this","language_name":"english","language_id":38},"transliteration":{"text":"hādhihi","language_name":"english","language_id":38}},{"id":81957,"position":6,"audio_url":"wbw/007_161_006.mp3","qpc_uthmani_hafs":"ٱلۡقَرۡيَةَ","char_type_name":"word","page_number":171,"line_number":7,"text":"ﮈ","translation":{"text":"city","language_name":"english","language_id":38},"transliteration":{"text":"l-qaryata","language_name":"english","language_id":38}},{"id":81958,"position":7,"audio_url":"wbw/007_161_007.mp3","qpc_uthmani_hafs":"وَكُلُواْ","char_type_name":"word","page_number":171,"line_number":7,"text":"ﮉ","translation":{"text":"and eat","language_name":"english","language_id":38},"transliteration":{"text":"wakulū","language_name":"english","language_id":38}},{"id":81959,"position":8,"audio_url":"wbw/007_161_008.mp3","qpc_uthmani_hafs":"مِنۡهَا","char_type_name":"word","page_number":171,"line_number":7,"text":"ﮊ","translation":{"text":"from it","language_name":"english","language_id":38},"transliteration":{"text":"min'hā","language_name":"english","language_id":38}},{"id":81960,"position":9,"audio_url":"wbw/007_161_009.mp3","qpc_uthmani_hafs":"حَيۡثُ","char_type_name":"word","page_number":171,"line_number":7,"text":"ﮋ","translation":{"text":"wherever","language_name":"english","language_id":38},"transliteration":{"text":"ḥaythu","language_name":"english","language_id":38}},{"id":81961,"position":10,"audio_url":"wbw/007_161_010.mp3","qpc_uthmani_hafs":"شِئۡتُمۡ","char_type_name":"word","page_number":171,"line_number":8,"text":"ﮌ","translation":{"text":"you wish","language_name":"english","language_id":38},"transliteration":{"text":"shi'tum","language_name":"english","language_id":38}},{"id":81962,"position":11,"audio_url":"wbw/007_161_011.mp3","qpc_uthmani_hafs":"وَقُولُواْ","char_type_name":"word","page_number":171,"line_number":8,"text":"ﮍ","translation":{"text":"and say","language_name":"english","language_id":38},"transliteration":{"text":"waqūlū","language_name":"english","language_id":38}},{"id":81963,"position":12,"audio_url":"wbw/007_161_012.mp3","qpc_uthmani_hafs":"حِطَّةٞ","char_type_name":"word","page_number":171,"line_number":8,"text":"ﮎ","translation":{"text":"Repentance","language_name":"english","language_id":38},"transliteration":{"text":"ḥiṭṭatun","language_name":"english","language_id":38}},{"id":81964,"position":13,"audio_url":"wbw/007_161_013.mp3","qpc_uthmani_hafs":"وَٱدۡخُلُواْ","char_type_name":"word","page_number":171,"line_number":8,"text":"ﮏ","translation":{"text":"and enter","language_name":"english","language_id":38},"transliteration":{"text":"wa-ud'khulū","language_name":"english","language_id":38}},{"id":81965,"position":14,"audio_url":"wbw/007_161_014.mp3","qpc_uthmani_hafs":"ٱلۡبَابَ","char_type_name":"word","page_number":171,"line_number":8,"text":"ﮐ","translation":{"text":"the gate","language_name":"english","language_id":38},"transliteration":{"text":"l-bāba","language_name":"english","language_id":38}},{"id":81966,"position":15,"audio_url":"wbw/007_161_015.mp3","qpc_uthmani_hafs":"سُجَّدٗا","char_type_name":"word","page_number":171,"line_number":8,"text":"ﮑ","translation":{"text":"prostrating","language_name":"english","language_id":38},"transliteration":{"text":"sujjadan","language_name":"english","language_id":38}},{"id":81967,"position":16,"audio_url":"wbw/007_161_016.mp3","qpc_uthmani_hafs":"نَّغۡفِرۡ","char_type_name":"word","page_number":171,"line_number":8,"text":"ﮒ","translation":{"text":"We will forgive","language_name":"english","language_id":38},"transliteration":{"text":"naghfir","language_name":"english","language_id":38}},{"id":81968,"position":17,"audio_url":"wbw/007_161_017.mp3","qpc_uthmani_hafs":"لَكُمۡ","char_type_name":"word","page_number":171,"line_number":9,"text":"ﮓ","translation":{"text":"for you","language_name":"english","language_id":38},"transliteration":{"text":"lakum","language_name":"english","language_id":38}},{"id":81969,"position":18,"audio_url":"wbw/007_161_018.mp3","qpc_uthmani_hafs":"خَطِيٓـَٰٔتِكُمۡۚ","char_type_name":"word","page_number":171,"line_number":9,"text":"ﮔﮕ","translation":{"text":"your sins","language_name":"english","language_id":38},"transliteration":{"text":"khaṭīātikum","language_name":"english","language_id":38}},{"id":81971,"position":19,"audio_url":"wbw/007_161_020.mp3","qpc_uthmani_hafs":"سَنَزِيدُ","char_type_name":"word","page_number":171,"line_number":9,"text":"ﮖ","translation":{"text":"We will increase (reward)","language_name":"english","language_id":38},"transliteration":{"text":"sanazīdu","language_name":"english","language_id":38}},{"id":81972,"position":20,"audio_url":"wbw/007_161_021.mp3","qpc_uthmani_hafs":"ٱلۡمُحۡسِنِينَ","char_type_name":"word","page_number":171,"line_number":9,"text":"ﮗ","translation":{"text":"(of) the good-doers","language_name":"english","language_id":38},"transliteration":{"text":"l-muḥ'sinīna","language_name":"english","language_id":38}},{"id":81973,"position":21,"audio_url":null,"qpc_uthmani_hafs":"١٦١","char_type_name":"end","page_number":171,"line_number":9,"text":"ﮘ","translation":{"text":"(161)","language_name":"english","language_id":38},"transliteration":{"text":null,"language_name":"english","language_id":38}}],"translations":[{"id":917544,"resource_id":134,"text":"Dan (ingatlah), ketika dikatakan kepada mereka (Bani Isrā`īl), \"Diamlah di negeri ini saja (Baitul Maqdis) dan makanlah dari (hasil bumi)nya di mana saja kamu kehendaki\".  Dan katakanlah, \"Bebaskanlah kami dari dosa kami dan masukilah pintu gerbangnya sambil membungkuk, niscaya Kami ampuni kesalahan-kesalahanmu\".  Kelak akan Kami tambah (pahala) kepada orang-orang yang berbuat baik."}]},{"id":1116,"verse_number":162,"verse_key":"7:162","juz_number":9,"hizb_number":17,"rub_el_hizb_number":68,"ruku_number":141,"manzil_number":2,"sajdah_number":null,"text_uthmani":"فَبَدَّلَ ٱلَّذِينَ ظَلَمُوا۟ مِنْهُمْ قَوْلًا غَيْرَ ٱلَّذِى قِيلَ لَهُمْ فَأَرْسَلْنَا عَلَيْهِمْ رِجْزًا مِّنَ ٱلسَّمَآءِ بِمَا كَانُوا۟ يَظْلِمُونَ","page_number":171,"words":[{"id":81994,"position":1,"audio_url":"wbw/007_162_001.mp3","qpc_uthmani_hafs":"فَبَدَّلَ","char_type_name":"word","page_number":171,"line_number":10,"text":"ﮙ","translation":{"text":"But changed","language_name":"english","language_id":38},"transliteration":{"text":"fabaddala","language_name":"english","language_id":38}},{"id":81995,"position":2,"audio_url":"wbw/007_162_002.mp3","qpc_uthmani_hafs":"ٱلَّذِينَ","char_type_name":"word","page_number":171,"line_number":10,"text":"ﮚ","translation":{"text":"those who","language_name":"english","language_id":38},"transliteration":{"text":"alladhīna","language_name":"english","language_id":38}},{"id":81996,"position":3,"audio_url":"wbw/007_162_003.mp3","qpc_uthmani_hafs":"ظَلَمُواْ","char_type_name":"word","page_number":171,"line_number":10,"text":"ﮛ","translation":{"text":"wronged","language_name":"english","language_id":38},"transliteration":{"text":"ẓalamū","language_name":"english","language_id":38}},{"id":81997,"position":4,"audio_url":"wbw/007_162_004.mp3","qpc_uthmani_hafs":"مِنۡهُمۡ","char_type_name":"word","page_number":171,"line_number":10,"text":"ﮜ","translation":{"text":"among them","language_name":"english","language_id":38},"transliteration":{"text":"min'hum","language_name":"english","language_id":38}},{"id":81998,"position":5,"audio_url":"wbw/007_162_005.mp3","qpc_uthmani_hafs":"قَوۡلًا","char_type_name":"word","page_number":171,"line_number":10,"text":"ﮝ","translation":{"text":"word","language_name":"english","language_id":38},"transliteration":{"text":"qawlan","language_name":"english","language_id":38}},{"id":81999,"position":6,"audio_url":"wbw/007_162_006.mp3","qpc_uthmani_hafs":"غَيۡرَ","char_type_name":"word","page_number":171,"line_number":10,"text":"ﮞ","translation":{"text":"other than","language_name":"english","language_id":38},"transliteration":{"text":"ghayra","language_name":"english","language_id":38}},{"id":82000,"position":7,"audio_url":"wbw/007_162_007.mp3","qpc_uthmani_hafs":"ٱلَّذِي","char_type_name":"word","page_number":171,"line_number":10,"text":"ﮟ","translation":{"text":"(that) which","language_name":"english","language_id":38},"transliteration":{"text":"alladhī","language_name":"english","language_id":38}},{"id":82001,"position":8,"audio_url":"wbw/007_162_008.mp3","qpc_uthmani_hafs":"قِيلَ","char_type_name":"word","page_number":171,"line_number":10,"text":"ﮠ","translation":{"text":"was said","language_name":"english","language_id":38},"transliteration":{"text":"qīla","language_name":"english","language_id":38}},{"id":82002,"position":9,"audio_url":"wbw/007_162_009.mp3","qpc_uthmani_hafs":"لَهُمۡ","char_type_name":"word","page_number":171,"line_number":10,"text":"ﮡ","translation":{"text":"to them","language_name":"english","language_id":38},"transliteration":{"text":"lahum","language_name":"english","language_id":38}},{"id":82003,"position":10,"audio_url":"wbw/007_162_010.mp3","qpc_uthmani_hafs":"فَأَرۡسَلۡنَا","char_type_name":"word","page_number":171,"line_number":11,"text":"ﮢ","translation":{"text":"So We sent","language_name":"english","language_id":38},"transliteration":{"text":"fa-arsalnā","language_name":"english","language_id":38}},{"id":82004,"position":11,"audio_url":"wbw/007_162_011.mp3","qpc_uthmani_hafs":"عَلَيۡهِمۡ","char_type_name":"word","page_number":171,"line_number":11,"text":"ﮣ","translation":{"text":"upon them","language_name":"english","language_id":38},"transliteration":{"text":"ʿalayhim","language_name":"english","language_id":38}},{"id":82005,"position":12,"audio_url":"wbw/007_162_012.mp3","qpc_uthmani_hafs":"رِجۡزٗا","char_type_name":"word","page_number":171,"line_number":11,"text":"ﮤ","translation":{"text":"torment","language_name":"english","language_id":38},"transliteration":{"text":"rij'zan","language_name":"english","language_id":38}},{"id":82006,"position":13,"audio_url":"wbw/007_162_013.mp3","qpc_uthmani_hafs":"مِّنَ","char_type_name":"word","page_number":171,"line_number":11,"text":"ﮥ","translation":{"text":"from","language_name":"english","language_id":38},"transliteration":{"text":"mina","language_name":"english","language_id":38}},{"id":82007,"position":14,"audio_url":"wbw/007_162_014.mp3","qpc_uthmani_hafs":"ٱلسَّمَآءِ","char_type_name":"word","page_number":171,"line_number":11,"text":"ﮦ","translation":{"text":"the sky","language_name":"english","language_id":38},"transliteration":{"text":"l-samāi","language_name":"english","language_id":38}},{"id":82008,"position":15,"audio_url":"wbw/007_162_015.mp3","qpc_uthmani_hafs":"بِمَا","char_type_name":"word","page_number":171,"line_number":11,"text":"ﮧ","translation":{"text":"because","language_name":"english","language_id":38},"transliteration":{"text":"bimā","language_name":"english","language_id":38}},{"id":82009,"position":16,"audio_url":"wbw/007_162_016.mp3","qpc_uthmani_hafs":"كَانُواْ","char_type_name":"word","page_number":171,"line_number":11,"text":"ﮨ","translation":{"text":"they were","language_name":"english","language_id":38},"transliteration":{"text":"kānū","language_name":"english","language_id":38}},{"id":82010,"position":17,"audio_url":"wbw/007_162_017.mp3","qpc_uthmani_hafs":"يَظۡلِمُونَ","char_type_name":"word","page_number":171,"line_number":12,"text":"ﮩ","translation":{"text":"doing wrong","language_name":"english","language_id":38},"transliteration":{"text":"yaẓlimūna","language_name":"english","language_id":38}},{"id":82011,"position":18,"audio_url":null,"qpc_uthmani_hafs":"١٦٢","char_type_name":"end","page_number":171,"line_number":12,"text":"ﮪ","translation":{"text":"(162)","language_name":"english","language_id":38},"transliteration":{"text":null,"language_name":"english","language_id":38}}],"translations":[{"id":917545,"resource_id":134,"text":"Maka orang-orang yang zalim di antara mereka itu mengganti (perkataan itu) dengan perkataan yang tidak dikatakan kepada mereka<sup foot_note=210347>1</sup>, maka Kami timpakan kepada mereka azab dari langit disebabkan kezaliman mereka."}]},{"id":1117,"verse_number":163,"verse_key":"7:163","juz_number":9,"hizb_number":17,"rub_el_hizb_number":68,"ruku_number":142,"manzil_number":2,"sajdah_number":null,"text_uthmani":"وَسْـَٔلْهُمْ عَنِ ٱلْقَرْيَةِ ٱلَّتِى كَانَتْ حَاضِرَةَ ٱلْبَحْرِ إِذْ يَعْدُونَ فِى ٱلسَّبْتِ إِذْ تَأْتِيهِمْ حِيتَانُهُمْ يَوْمَ سَبْتِهِمْ شُرَّعًا وَيَوْمَ لَا يَسْبِتُونَ ۙ لَا تَأْتِيهِمْ ۚ كَذَٰلِكَ نَبْلُوهُم بِمَا كَانُوا۟ يَفْسُقُونَ","page_number":171,"words":[{"id":82116,"position":1,"audio_url":"wbw/007_163_001.mp3","qpc_uthmani_hafs":"وَسۡـَٔلۡهُمۡ","char_type_name":"word","page_number":171,"line_number":12,"text":"ﮫ","translation":{"text":"And ask them","language_name":"english","language_id":38},"transliteration":{"text":"wasalhum","language_name":"english","language_id":38}},{"id":82117,"position":2,"audio_url":"wbw/007_163_002.mp3","qpc_uthmani_hafs":"عَنِ","char_type_name":"word","page_number":171,"line_number":12,"text":"ﮬ","translation":{"text":"about","language_name":"english","language_id":38},"transliteration":{"text":"ʿani","language_name":"english","language_id":38}},{"id":82118,"position":3,"audio_url":"wbw/007_163_003.mp3","qpc_uthmani_hafs":"ٱلۡقَرۡيَةِ","char_type_name":"word","page_number":171,"line_number":12,"text":"ﮭ","translation":{"text":"the town","language_name":"english","language_id":38},"transliteration":{"text":"l-qaryati","language_name":"english","language_id":38}},{"id":82119,"position":4,"audio_url":"wbw/007_163_004.mp3","qpc_uthmani_hafs":"ٱلَّتِي","char_type_name":"word","page_number":171,"line_number":12,"text":"ﮮ","translation":{"text":"which","language_name":"english","language_id":38},"transliteration":{"text":"allatī","language_name":"english","language_id":38}},{"id":82120,"position":5,"audio_url":"wbw/007_163_005.mp3","qpc_uthmani_hafs":"كَانَتۡ","char_type_name":"word","page_number":171,"line_number":12,"text":"ﮯ","translation":{"text":"was","language_name":"english","language_id":38},"transliteration":{"text":"kānat","language_name":"english","language_id":38}},{"id":82121,"position":6,"audio_url":"wbw/007_163_006.mp3","qpc_uthmani_hafs":"حَاضِرَةَ","char_type_name":"word","page_number":171,"line_number":13,"text":"ﮰ","translation":{"text":"situated","language_name":"english","language_id":38},"transliteration":{"text":"ḥāḍirata","language_name":"english","language_id":38}},{"id":82122,"position":7,"audio_url":"wbw/007_163_007.mp3","qpc_uthmani_hafs":"ٱلۡبَحۡرِ","char_type_name":"word","page_number":171,"line_number":13,"text":"ﮱ","translation":{"text":"(by) the sea","language_name":"english","language_id":38},"transliteration":{"text":"l-baḥri","language_name":"english","language_id":38}},{"id":82123,"position":8,"audio_url":"wbw/007_163_008.mp3","qpc_uthmani_hafs":"إِذۡ","char_type_name":"word","page_number":171,"line_number":13,"text":"ﯓ","translation":{"text":"when","language_name":"english","language_id":38},"transliteration":{"text":"idh","language_name":"english","language_id":38}},{"id":82124,"position":9,"audio_url":"wbw/007_163_009.mp3","qpc_uthmani_hafs":"يَعۡدُونَ","char_type_name":"word","page_number":171,"line_number":13,"text":"ﯔ","translation":{"text":"they transgressed","language_name":"english","language_id":38},"transliteration":{"text":"yaʿdūna","language_name":"english","language_id":38}},{"id":82125,"position":10,"audio_url":"wbw/007_163_010.mp3","qpc_uthmani_hafs":"فِي","char_type_name":"word","page_number":171,"line_number":13,"text":"ﯕ","translation":{"text":"in","language_name":"english","language_id":38},"transliteration":{"text":"fī","language_name":"english","language_id":38}},{"id":82126,"position":11,"audio_url":"wbw/007_163_011.mp3","qpc_uthmani_hafs":"ٱلسَّبۡتِ","char_type_name":"word","page_number":171,"line_number":13,"text":"ﯖ","translation":{"text":"the (matter of) Sabbath","language_name":"english","language_id":38},"transliteration":{"text":"l-sabti","language_name":"english","language_id":38}},{"id":82127,"position":12,"audio_url":"wbw/007_163_012.mp3","qpc_uthmani_hafs":"إِذۡ","char_type_name":"word","page_number":171,"line_number":13,"text":"ﯗ","translation":{"text":"when","language_name":"english","language_id":38},"transliteration":{"text":"idh","language_name":"english","language_id":38}},{"id":82128,"position":13,"audio_url":"wbw/007_163_013.mp3","qpc_uthmani_hafs":"تَأۡتِيهِمۡ","char_type_name":"word","page_number":171,"line_number":13,"text":"ﯘ","translation":{"text":"came to them","language_name":"english","language_id":38},"transliteration":{"text":"tatīhim","language_name":"english","language_id":38}},{"id":82129,"position":14,"audio_url":"wbw/007_163_014.mp3","qpc_uthmani_hafs":"حِيتَانُهُمۡ","char_type_name":"word","page_number":171,"line_number":14,"text":"ﯙ","translation":{"text":"their fish","language_name":"english","language_id":38},"transliteration":{"text":"ḥītānuhum","language_name":"english","language_id":38}},{"id":82130,"position":15,"audio_url":"wbw/007_163_015.mp3","qpc_uthmani_hafs":"يَوۡمَ","char_type_name":"word","page_number":171,"line_number":14,"text":"ﯚ","translation":{"text":"(on the) day","language_name":"english","language_id":38},"transliteration":{"text":"yawma","language_name":"english","language_id":38}},{"id":82131,"position":16,"audio_url":"wbw/007_163_016.mp3","qpc_uthmani_hafs":"سَبۡتِهِمۡ","char_type_name":"word","page_number":171,"line_number":14,"text":"ﯛ","translation":{"text":"(of) their Sabbath","language_name":"english","language_id":38},"transliteration":{"text":"sabtihim","language_name":"english","language_id":38}},{"id":82132,"position":17,"audio_url":"wbw/007_163_017.mp3","qpc_uthmani_hafs":"شُرَّعٗا","char_type_name":"word","page_number":171,"line_number":14,"text":"ﯜ","translation":{"text":"visibly","language_name":"english","language_id":38},"transliteration":{"text":"shurraʿan","language_name":"english","language_id":38}},{"id":82133,"position":18,"audio_url":"wbw/007_163_018.mp3","qpc_uthmani_hafs":"وَيَوۡمَ","char_type_name":"word","page_number":171,"line_number":14,"text":"ﯝ","translation":{"text":"and (on the) day","language_name":"english","language_id":38},"transliteration":{"text":"wayawma","language_name":"english","language_id":38}},{"id":82134,"position":19,"audio_url":"wbw/007_163_019.mp3","qpc_uthmani_hafs":"لَا","char_type_name":"word","page_number":171,"line_number":14,"text":"ﯞ","translation":{"text":"not","language_name":"english","language_id":38},"transliteration":{"text":"lā","language_name":"english","language_id":38}},{"id":82135,"position":20,"audio_url":"wbw/007_163_020.mp3","qpc_uthmani_hafs":"يَسۡبِتُونَ","char_type_name":"word","page_number":171,"line_number":14,"text":"ﯟﯠ","translation":{"text":"they had Sabbath","language_name":"english","language_id":38},"transliteration":{"text":"yasbitūna","language_name":"english","language_id":38}},{"id":82137,"position":21,"audio_url":"wbw/007_163_022.mp3","qpc_uthmani_hafs":"لَا","char_type_name":"word","page_number":171,"line_number":15,"text":"ﯡ","translation":{"text":"(they did) not","language_name":"english","language_id":38},"transliteration":{"text":"lā","language_name":"english","language_id":38}},{"id":82138,"position":22,"audio_url":"wbw/007_163_023.mp3","qpc_uthmani_hafs":"تَأۡتِيهِمۡۚ","char_type_name":"word","page_number":171,"line_number":15,"text":"ﯢﯣ","translation":{"text":"come to them","language_name":"english","language_id":38},"transliteration":{"text":"tatīhim","language_name":"english","language_id":38}},{"id":82140,"position":23,"audio_url":"wbw/007_163_025.mp3","qpc_uthmani_hafs":"كَذَٰلِكَ","char_type_name":"word","page_number":171,"line_number":15,"text":"ﯤ","translation":{"text":"Thus","language_name":"english","language_id":38},"transliteration":{"text":"kadhālika","language_name":"english","language_id":38}},{"id":82141,"position":24,"audio_url":"wbw/007_163_026.mp3","qpc_uthmani_hafs":"نَبۡلُوهُم","char_type_name":"word","page_number":171,"line_number":15,"text":"ﯥ","translation":{"text":"We test them","language_name":"english","language_id":38},"transliteration":{"text":"nablūhum","language_name":"english","language_id":38}},{"id":82142,"position":25,"audio_url":"wbw/007_163_027.mp3","qpc_uthmani_hafs":"بِمَا","char_type_name":"word","page_number":171,"line_number":15,"text":"ﯦ","translation":{"text":"because","language_name":"english","language_id":38},"transliteration":{"text":"bimā","language_name":"english","language_id":38}},{"id":82143,"position":26,"audio_url":"wbw/007_163_028.mp3","qpc_uthmani_hafs":"كَانُواْ","char_type_name":"word","page_number":171,"line_number":15,"text":"ﯧ","translation":{"text":"they were","language_name":"english","language_id":38},"transliteration":{"text":"kānū","language_name":"english","language_id":38}},{"id":82144,"position":27,"audio_url":"wbw/007_163_029.mp3","qpc_uthmani_hafs":"يَفۡسُقُونَ","char_type_name":"word","page_number":171,"line_number":15,"text":"ﯨ","translation":{"text":"defiantly disobeying","language_name":"english","language_id":38},"transliteration":{"text":"yafsuqūna","language_name":"english","language_id":38}},{"id":82145,"position":28,"audio_url":null,"qpc_uthmani_hafs":"١٦٣","char_type_name":"end","page_number":171,"line_number":15,"text":"ﯩ","translation":{"text":"(163)","language_name":"english","language_id":38},"transliteration":{"text":null,"language_name":"english","language_id":38}}],"translations":[{"id":917546,"resource_id":134,"text":"Dan tanyakanlah kepada Bani Isrā`īl tentang negeri<sup foot_note=210348>1</sup> yang terletak di dekat laut ketika mereka melanggar aturan pada hari Sabtu<sup foot_note=210349>2</sup>, di waktu datang kepada mereka ikan-ikan (yang berada di sekitar) mereka terapung-apung di permukaan air, dan di hari-hari yang bukan Sabtu, ikan-ikan itu tidak datang kepada mereka.  Demikianlah Kami mencoba mereka disebabkan mereka berlaku fasik."}]}],"pagination":{"per_page":50,"current_page":1,"next_page":null,"total_pages":1,"total_records":4}}