{"verses":[{"id":1133,"verse_number":179,"verse_key":"7:179","juz_number":9,"hizb_number":18,"rub_el_hizb_number":69,"ruku_number":143,"manzil_number":2,"sajdah_number":null,"text_uthmani":"وَلَقَدْ ذَرَأْنَا لِجَهَنَّمَ كَثِيرًا مِّنَ ٱلْجِنِّ وَٱلْإِنسِ ۖ لَهُمْ قُلُوبٌ لَّا يَفْقَهُونَ بِهَا وَلَهُمْ أَعْيُنٌ لَّا يُبْصِرُونَ بِهَا وَلَهُمْ ءَاذَانٌ لَّا يَسْمَعُونَ بِهَآ ۚ أُو۟لَـٰٓئِكَ كَٱلْأَنْعَـٰمِ بَلْ هُمْ أَضَلُّ ۚ أُو۟لَـٰٓئِكَ هُمُ ٱلْغَـٰفِلُونَ","page_number":174,"words":[{"id":83737,"position":1,"audio_url":"wbw/007_179_001.mp3","qpc_uthmani_hafs":"وَلَقَدۡ","char_type_name":"word","page_number":174,"line_number":1,"text":"ﭑ","translation":{"text":"And certainly","language_name":"english","language_id":38},"transliteration":{"text":"walaqad","language_name":"english","language_id":38}},{"id":83738,"position":2,"audio_url":"wbw/007_179_002.mp3","qpc_uthmani_hafs":"ذَرَأۡنَا","char_type_name":"word","page_number":174,"line_number":1,"text":"ﭒ","translation":{"text":"We have created","language_name":"english","language_id":38},"transliteration":{"text":"dharanā","language_name":"english","language_id":38}},{"id":83739,"position":3,"audio_url":"wbw/007_179_003.mp3","qpc_uthmani_hafs":"لِجَهَنَّمَ","char_type_name":"word","page_number":174,"line_number":1,"text":"ﭓ","translation":{"text":"for Hell","language_name":"english","language_id":38},"transliteration":{"text":"lijahannama","language_name":"english","language_id":38}},{"id":83740,"position":4,"audio_url":"wbw/007_179_004.mp3","qpc_uthmani_hafs":"كَثِيرٗا","char_type_name":"word","page_number":174,"line_number":1,"text":"ﭔ","translation":{"text":"many","language_name":"english","language_id":38},"transliteration":{"text":"kathīran","language_name":"english","language_id":38}},{"id":83741,"position":5,"audio_url":"wbw/007_179_005.mp3","qpc_uthmani_hafs":"مِّنَ","char_type_name":"word","page_number":174,"line_number":1,"text":"ﭕ","translation":{"text":"of","language_name":"english","language_id":38},"transliteration":{"text":"mina","language_name":"english","language_id":38}},{"id":83742,"position":6,"audio_url":"wbw/007_179_006.mp3","qpc_uthmani_hafs":"ٱلۡجِنِّ","char_type_name":"word","page_number":174,"line_number":1,"text":"ﭖ","translation":{"text":"the jinn","language_name":"english","language_id":38},"transliteration":{"text":"l-jini","language_name":"english","language_id":38}},{"id":83743,"position":7,"audio_url":"wbw/007_179_007.mp3","qpc_uthmani_hafs":"وَٱلۡإِنسِۖ","char_type_name":"word","page_number":174,"line_number":1,"text":"ﭗﭘ","translation":{"text":"and men","language_name":"english","language_id":38},"transliteration":{"text":"wal-insi","language_name":"english","language_id":38}},{"id":83745,"position":8,"audio_url":"wbw/007_179_009.mp3","qpc_uthmani_hafs":"لَهُمۡ","char_type_name":"word","page_number":174,"line_number":1,"text":"ﭙ","translation":{"text":"For them","language_name":"english","language_id":38},"transliteration":{"text":"lahum","language_name":"english","language_id":38}},{"id":83746,"position":9,"audio_url":"wbw/007_179_010.mp3","qpc_uthmani_hafs":"قُلُوبٞ","char_type_name":"word","page_number":174,"line_number":1,"text":"ﭚ","translation":{"text":"(are) hearts","language_name":"english","language_id":38},"transliteration":{"text":"qulūbun","language_name":"english","language_id":38}},{"id":83747,"position":10,"audio_url":"wbw/007_179_011.mp3","qpc_uthmani_hafs":"لَّا","char_type_name":"word","page_number":174,"line_number":2,"text":"ﭛ","translation":{"text":"(but) not","language_name":"english","language_id":38},"transliteration":{"text":"lā","language_name":"english","language_id":38}},{"id":83748,"position":11,"audio_url":"wbw/007_179_012.mp3","qpc_uthmani_hafs":"يَفۡقَهُونَ","char_type_name":"word","page_number":174,"line_number":2,"text":"ﭜ","translation":{"text":"they understand","language_name":"english","language_id":38},"transliteration":{"text":"yafqahūna","language_name":"english","language_id":38}},{"id":83749,"position":12,"audio_url":"wbw/007_179_013.mp3","qpc_uthmani_hafs":"بِهَا","char_type_name":"word","page_number":174,"line_number":2,"text":"ﭝ","translation":{"text":"with them","language_name":"english","language_id":38},"transliteration":{"text":"bihā","language_name":"english","language_id":38}},{"id":83750,"position":13,"audio_url":"wbw/007_179_014.mp3","qpc_uthmani_hafs":"وَلَهُمۡ","char_type_name":"word","page_number":174,"line_number":2,"text":"ﭞ","translation":{"text":"and for them","language_name":"english","language_id":38},"transliteration":{"text":"walahum","language_name":"english","language_id":38}},{"id":83751,"position":14,"audio_url":"wbw/007_179_015.mp3","qpc_uthmani_hafs":"أَعۡيُنٞ","char_type_name":"word","page_number":174,"line_number":2,"text":"ﭟ","translation":{"text":"(are) eyes","language_name":"english","language_id":38},"transliteration":{"text":"aʿyunun","language_name":"english","language_id":38}},{"id":83752,"position":15,"audio_url":"wbw/007_179_016.mp3","qpc_uthmani_hafs":"لَّا","char_type_name":"word","page_number":174,"line_number":2,"text":"ﭠ","translation":{"text":"(but) not","language_name":"english","language_id":38},"transliteration":{"text":"lā","language_name":"english","language_id":38}},{"id":83753,"position":16,"audio_url":"wbw/007_179_017.mp3","qpc_uthmani_hafs":"يُبۡصِرُونَ","char_type_name":"word","page_number":174,"line_number":2,"text":"ﭡ","translation":{"text":"they see","language_name":"english","language_id":38},"transliteration":{"text":"yub'ṣirūna","language_name":"english","language_id":38}},{"id":83754,"position":17,"audio_url":"wbw/007_179_018.mp3","qpc_uthmani_hafs":"بِهَا","char_type_name":"word","page_number":174,"line_number":2,"text":"ﭢ","translation":{"text":"with them","language_name":"english","language_id":38},"transliteration":{"text":"bihā","language_name":"english","language_id":38}},{"id":83755,"position":18,"audio_url":"wbw/007_179_019.mp3","qpc_uthmani_hafs":"وَلَهُمۡ","char_type_name":"word","page_number":174,"line_number":2,"text":"ﭣ","translation":{"text":"and for them","language_name":"english","language_id":38},"transliteration":{"text":"walahum","language_name":"english","language_id":38}},{"id":83756,"position":19,"audio_url":"wbw/007_179_020.mp3","qpc_uthmani_hafs":"ءَاذَانٞ","char_type_name":"word","page_number":174,"line_number":2,"text":"ﭤ","translation":{"text":"(are) ears","language_name":"english","language_id":38},"transliteration":{"text":"ādhānun","language_name":"english","language_id":38}},{"id":83757,"position":20,"audio_url":"wbw/007_179_021.mp3","qpc_uthmani_hafs":"لَّا","char_type_name":"word","page_number":174,"line_number":2,"text":"ﭥ","translation":{"text":"(but) not","language_name":"english","language_id":38},"transliteration":{"text":"lā","language_name":"english","language_id":38}},{"id":83758,"position":21,"audio_url":"wbw/007_179_022.mp3","qpc_uthmani_hafs":"يَسۡمَعُونَ","char_type_name":"word","page_number":174,"line_number":2,"text":"ﭦ","translation":{"text":"they hear","language_name":"english","language_id":38},"transliteration":{"text":"yasmaʿūna","language_name":"english","language_id":38}},{"id":83759,"position":22,"audio_url":"wbw/007_179_023.mp3","qpc_uthmani_hafs":"بِهَآۚ","char_type_name":"word","page_number":174,"line_number":3,"text":"ﭧﭨ","translation":{"text":"with them","language_name":"english","language_id":38},"transliteration":{"text":"bihā","language_name":"english","language_id":38}},{"id":83761,"position":23,"audio_url":"wbw/007_179_025.mp3","qpc_uthmani_hafs":"أُوْلَٰٓئِكَ","char_type_name":"word","page_number":174,"line_number":3,"text":"ﭩ","translation":{"text":"Those","language_name":"english","language_id":38},"transliteration":{"text":"ulāika","language_name":"english","language_id":38}},{"id":83762,"position":24,"audio_url":"wbw/007_179_026.mp3","qpc_uthmani_hafs":"كَٱلۡأَنۡعَٰمِ","char_type_name":"word","page_number":174,"line_number":3,"text":"ﭪ","translation":{"text":"(are) like cattle","language_name":"english","language_id":38},"transliteration":{"text":"kal-anʿāmi","language_name":"english","language_id":38}},{"id":83763,"position":25,"audio_url":"wbw/007_179_027.mp3","qpc_uthmani_hafs":"بَلۡ","char_type_name":"word","page_number":174,"line_number":3,"text":"ﭫ","translation":{"text":"nay","language_name":"english","language_id":38},"transliteration":{"text":"bal","language_name":"english","language_id":38}},{"id":83764,"position":26,"audio_url":"wbw/007_179_028.mp3","qpc_uthmani_hafs":"هُمۡ","char_type_name":"word","page_number":174,"line_number":3,"text":"ﭬ","translation":{"text":"they","language_name":"english","language_id":38},"transliteration":{"text":"hum","language_name":"english","language_id":38}},{"id":83765,"position":27,"audio_url":"wbw/007_179_029.mp3","qpc_uthmani_hafs":"أَضَلُّۚ","char_type_name":"word","page_number":174,"line_number":3,"text":"ﭭﭮ","translation":{"text":"(are) more astray","language_name":"english","language_id":38},"transliteration":{"text":"aḍallu","language_name":"english","language_id":38}},{"id":83767,"position":28,"audio_url":"wbw/007_179_031.mp3","qpc_uthmani_hafs":"أُوْلَٰٓئِكَ","char_type_name":"word","page_number":174,"line_number":3,"text":"ﭯ","translation":{"text":"Those ","language_name":"english","language_id":38},"transliteration":{"text":"ulāika","language_name":"english","language_id":38}},{"id":83768,"position":29,"audio_url":"wbw/007_179_032.mp3","qpc_uthmani_hafs":"هُمُ","char_type_name":"word","page_number":174,"line_number":3,"text":"ﭰ","translation":{"text":"they","language_name":"english","language_id":38},"transliteration":{"text":"humu","language_name":"english","language_id":38}},{"id":83769,"position":30,"audio_url":"wbw/007_179_033.mp3","qpc_uthmani_hafs":"ٱلۡغَٰفِلُونَ","char_type_name":"word","page_number":174,"line_number":3,"text":"ﭱ","translation":{"text":"(are) the heedless","language_name":"english","language_id":38},"transliteration":{"text":"l-ghāfilūna","language_name":"english","language_id":38}},{"id":83770,"position":31,"audio_url":null,"qpc_uthmani_hafs":"١٧٩","char_type_name":"end","page_number":174,"line_number":3,"text":"ﭲ","translation":{"text":"(179)","language_name":"english","language_id":38},"transliteration":{"text":null,"language_name":"english","language_id":38}}],"translations":[{"id":917562,"resource_id":134,"text":"Dan sesungguhnya Kami jadikan untuk (isi neraka Jahanam) kebanyakan dari jin dan manusia, mereka mempunyai hati, tetapi tidak dipergunakannya untuk memahami (ayat-ayat Allah), dan mereka mempunyai mata (tetapi) tidak dipergunakannya untuk melihat (tanda-tanda kekuasaan Allah), dan mereka mempunyai telinga (tetapi) tidak dipergunakannya untuk mendengar (ayat-ayat Allah). Mereka itu seperti binatang ternak, bahkan mereka lebih sesat lagi.  Mereka itulah orang-orang yang lalai."}]},{"id":1134,"verse_number":180,"verse_key":"7:180","juz_number":9,"hizb_number":18,"rub_el_hizb_number":69,"ruku_number":143,"manzil_number":2,"sajdah_number":null,"text_uthmani":"وَلِلَّهِ ٱلْأَسْمَآءُ ٱلْحُسْنَىٰ فَٱدْعُوهُ بِهَا ۖ وَذَرُوا۟ ٱلَّذِينَ يُلْحِدُونَ فِىٓ أَسْمَـٰٓئِهِۦ ۚ سَيُجْزَوْنَ مَا كَانُوا۟ يَعْمَلُونَ","page_number":174,"words":[{"id":83775,"position":1,"audio_url":"wbw/007_180_001.mp3","qpc_uthmani_hafs":"وَلِلَّهِ","char_type_name":"word","page_number":174,"line_number":4,"text":"ﭳ","translation":{"text":"And for Allah","language_name":"english","language_id":38},"transliteration":{"text":"walillahi","language_name":"english","language_id":38}},{"id":83776,"position":2,"audio_url":"wbw/007_180_002.mp3","qpc_uthmani_hafs":"ٱلۡأَسۡمَآءُ","char_type_name":"word","page_number":174,"line_number":4,"text":"ﭴ","translation":{"text":"(are) the names ","language_name":"english","language_id":38},"transliteration":{"text":"l-asmāu","language_name":"english","language_id":38}},{"id":83777,"position":3,"audio_url":"wbw/007_180_003.mp3","qpc_uthmani_hafs":"ٱلۡحُسۡنَىٰ","char_type_name":"word","page_number":174,"line_number":4,"text":"ﭵ","translation":{"text":"the most beautiful","language_name":"english","language_id":38},"transliteration":{"text":"l-ḥus'nā","language_name":"english","language_id":38}},{"id":83778,"position":4,"audio_url":"wbw/007_180_004.mp3","qpc_uthmani_hafs":"فَٱدۡعُوهُ","char_type_name":"word","page_number":174,"line_number":4,"text":"ﭶ","translation":{"text":"so invoke Him","language_name":"english","language_id":38},"transliteration":{"text":"fa-id'ʿūhu","language_name":"english","language_id":38}},{"id":83779,"position":5,"audio_url":"wbw/007_180_005.mp3","qpc_uthmani_hafs":"بِهَاۖ","char_type_name":"word","page_number":174,"line_number":4,"text":"ﭷﭸ","translation":{"text":"by them","language_name":"english","language_id":38},"transliteration":{"text":"bihā","language_name":"english","language_id":38}},{"id":83781,"position":6,"audio_url":"wbw/007_180_007.mp3","qpc_uthmani_hafs":"وَذَرُواْ","char_type_name":"word","page_number":174,"line_number":4,"text":"ﭹ","translation":{"text":"And leave","language_name":"english","language_id":38},"transliteration":{"text":"wadharū","language_name":"english","language_id":38}},{"id":83782,"position":7,"audio_url":"wbw/007_180_008.mp3","qpc_uthmani_hafs":"ٱلَّذِينَ","char_type_name":"word","page_number":174,"line_number":4,"text":"ﭺ","translation":{"text":"those who","language_name":"english","language_id":38},"transliteration":{"text":"alladhīna","language_name":"english","language_id":38}},{"id":83783,"position":8,"audio_url":"wbw/007_180_009.mp3","qpc_uthmani_hafs":"يُلۡحِدُونَ","char_type_name":"word","page_number":174,"line_number":4,"text":"ﭻ","translation":{"text":"deviate","language_name":"english","language_id":38},"transliteration":{"text":"yul'ḥidūna","language_name":"english","language_id":38}},{"id":83784,"position":9,"audio_url":"wbw/007_180_010.mp3","qpc_uthmani_hafs":"فِيٓ","char_type_name":"word","page_number":174,"line_number":4,"text":"ﭼ","translation":{"text":"concerning","language_name":"english","language_id":38},"transliteration":{"text":"fī","language_name":"english","language_id":38}},{"id":83785,"position":10,"audio_url":"wbw/007_180_011.mp3","qpc_uthmani_hafs":"أَسۡمَٰٓئِهِۦۚ","char_type_name":"word","page_number":174,"line_number":5,"text":"ﭽﭾ","translation":{"text":"His names","language_name":"english","language_id":38},"transliteration":{"text":"asmāihi","language_name":"english","language_id":38}},{"id":83787,"position":11,"audio_url":"wbw/007_180_013.mp3","qpc_uthmani_hafs":"سَيُجۡزَوۡنَ","char_type_name":"word","page_number":174,"line_number":5,"text":"ﭿ","translation":{"text":"They will be recompensed","language_name":"english","language_id":38},"transliteration":{"text":"sayuj'zawna","language_name":"english","language_id":38}},{"id":83788,"position":12,"audio_url":"wbw/007_180_014.mp3","qpc_uthmani_hafs":"مَا","char_type_name":"word","page_number":174,"line_number":5,"text":"ﮀ","translation":{"text":"for what","language_name":"english","language_id":38},"transliteration":{"text":"mā","language_name":"english","language_id":38}},{"id":83789,"position":13,"audio_url":"wbw/007_180_015.mp3","qpc_uthmani_hafs":"كَانُواْ","char_type_name":"word","page_number":174,"line_number":5,"text":"ﮁ","translation":{"text":"they used to","language_name":"english","language_id":38},"transliteration":{"text":"kānū","language_name":"english","language_id":38}},{"id":83790,"position":14,"audio_url":"wbw/007_180_016.mp3","qpc_uthmani_hafs":"يَعۡمَلُونَ","char_type_name":"word","page_number":174,"line_number":5,"text":"ﮂ","translation":{"text":"do","language_name":"english","language_id":38},"transliteration":{"text":"yaʿmalūna","language_name":"english","language_id":38}},{"id":83791,"position":15,"audio_url":null,"qpc_uthmani_hafs":"١٨٠","char_type_name":"end","page_number":174,"line_number":5,"text":"ﮃ","translation":{"text":"(180)","language_name":"english","language_id":38},"transliteration":{"text":null,"language_name":"english","language_id":38}}],"translations":[{"id":917563,"resource_id":134,"text":"Hanya milik Allah Asmā`ul ῌusnā<sup foot_note=210354>1</sup>, maka bermohonlah kepada-Nya dengan menyebut Asmā`ul ῌusnā itu dan tinggalkanlah orang-orang yang menyimpang dari kebenaran dalam (menyebut) nama-nama-Nya<sup foot_note=210355>2</sup>.  Nanti mereka akan mendapat balasan terhadap apa yang telah mereka kerjakan."}]},{"id":1135,"verse_number":181,"verse_key":"7:181","juz_number":9,"hizb_number":18,"rub_el_hizb_number":69,"ruku_number":143,"manzil_number":2,"sajdah_number":null,"text_uthmani":"وَمِمَّنْ خَلَقْنَآ أُمَّةٌ يَهْدُونَ بِٱلْحَقِّ وَبِهِۦ يَعْدِلُونَ","page_number":174,"words":[{"id":83905,"position":1,"audio_url":"wbw/007_181_001.mp3","qpc_uthmani_hafs":"وَمِمَّنۡ","char_type_name":"word","page_number":174,"line_number":5,"text":"ﮄ","translation":{"text":"And of (those) whom","language_name":"english","language_id":38},"transliteration":{"text":"wamimman","language_name":"english","language_id":38}},{"id":83906,"position":2,"audio_url":"wbw/007_181_002.mp3","qpc_uthmani_hafs":"خَلَقۡنَآ","char_type_name":"word","page_number":174,"line_number":5,"text":"ﮅ","translation":{"text":"We have created","language_name":"english","language_id":38},"transliteration":{"text":"khalaqnā","language_name":"english","language_id":38}},{"id":83907,"position":3,"audio_url":"wbw/007_181_003.mp3","qpc_uthmani_hafs":"أُمَّةٞ","char_type_name":"word","page_number":174,"line_number":5,"text":"ﮆ","translation":{"text":"(is) a nation","language_name":"english","language_id":38},"transliteration":{"text":"ummatun","language_name":"english","language_id":38}},{"id":83908,"position":4,"audio_url":"wbw/007_181_004.mp3","qpc_uthmani_hafs":"يَهۡدُونَ","char_type_name":"word","page_number":174,"line_number":6,"text":"ﮇ","translation":{"text":"who guides","language_name":"english","language_id":38},"transliteration":{"text":"yahdūna","language_name":"english","language_id":38}},{"id":83909,"position":5,"audio_url":"wbw/007_181_005.mp3","qpc_uthmani_hafs":"بِٱلۡحَقِّ","char_type_name":"word","page_number":174,"line_number":6,"text":"ﮈ","translation":{"text":"with the truth","language_name":"english","language_id":38},"transliteration":{"text":"bil-ḥaqi","language_name":"english","language_id":38}},{"id":83910,"position":6,"audio_url":"wbw/007_181_006.mp3","qpc_uthmani_hafs":"وَبِهِۦ","char_type_name":"word","page_number":174,"line_number":6,"text":"ﮉ","translation":{"text":"and thereby","language_name":"english","language_id":38},"transliteration":{"text":"wabihi","language_name":"english","language_id":38}},{"id":83911,"position":7,"audio_url":"wbw/007_181_007.mp3","qpc_uthmani_hafs":"يَعۡدِلُونَ","char_type_name":"word","page_number":174,"line_number":6,"text":"ﮊ","translation":{"text":"they establish justice","language_name":"english","language_id":38},"transliteration":{"text":"yaʿdilūna","language_name":"english","language_id":38}},{"id":83912,"position":8,"audio_url":null,"qpc_uthmani_hafs":"١٨١","char_type_name":"end","page_number":174,"line_number":6,"text":"ﮋ","translation":{"text":"(181)","language_name":"english","language_id":38},"transliteration":{"text":null,"language_name":"english","language_id":38}}],"translations":[{"id":917564,"resource_id":134,"text":"Dan di antara orang-orang yang Kami ciptakan, ada umat yang memberi petunjuk dengan hak, dan dengan yang hak itu (pula) mereka menjalankan keadilan."}]},{"id":1136,"verse_number":182,"verse_key":"7:182","juz_number":9,"hizb_number":18,"rub_el_hizb_number":69,"ruku_number":144,"manzil_number":2,"sajdah_number":null,"text_uthmani":"وَٱلَّذِينَ كَذَّبُوا۟ بِـَٔايَـٰتِنَا سَنَسْتَدْرِجُهُم مِّنْ حَيْثُ لَا يَعْلَمُونَ","page_number":174,"words":[{"id":83947,"position":1,"audio_url":"wbw/007_182_001.mp3","qpc_uthmani_hafs":"وَٱلَّذِينَ","char_type_name":"word","page_number":174,"line_number":6,"text":"ﮌ","translation":{"text":"But those who","language_name":"english","language_id":38},"transliteration":{"text":"wa-alladhīna","language_name":"english","language_id":38}},{"id":83948,"position":2,"audio_url":"wbw/007_182_002.mp3","qpc_uthmani_hafs":"كَذَّبُواْ","char_type_name":"word","page_number":174,"line_number":6,"text":"ﮍ","translation":{"text":"denied","language_name":"english","language_id":38},"transliteration":{"text":"kadhabū","language_name":"english","language_id":38}},{"id":83949,"position":3,"audio_url":"wbw/007_182_003.mp3","qpc_uthmani_hafs":"بِـَٔايَٰتِنَا","char_type_name":"word","page_number":174,"line_number":6,"text":"ﮎ","translation":{"text":"Our Signs","language_name":"english","language_id":38},"transliteration":{"text":"biāyātinā","language_name":"english","language_id":38}},{"id":83950,"position":4,"audio_url":"wbw/007_182_004.mp3","qpc_uthmani_hafs":"سَنَسۡتَدۡرِجُهُم","char_type_name":"word","page_number":174,"line_number":7,"text":"ﮏ","translation":{"text":"We will gradually lead them","language_name":"english","language_id":38},"transliteration":{"text":"sanastadrijuhum","language_name":"english","language_id":38}},{"id":83951,"position":5,"audio_url":"wbw/007_182_005.mp3","qpc_uthmani_hafs":"مِّنۡ","char_type_name":"word","page_number":174,"line_number":7,"text":"ﮐ","translation":{"text":"from","language_name":"english","language_id":38},"transliteration":{"text":"min","language_name":"english","language_id":38}},{"id":83952,"position":6,"audio_url":"wbw/007_182_006.mp3","qpc_uthmani_hafs":"حَيۡثُ","char_type_name":"word","page_number":174,"line_number":7,"text":"ﮑ","translation":{"text":"where","language_name":"english","language_id":38},"transliteration":{"text":"ḥaythu","language_name":"english","language_id":38}},{"id":83953,"position":7,"audio_url":"wbw/007_182_007.mp3","qpc_uthmani_hafs":"لَا","char_type_name":"word","page_number":174,"line_number":7,"text":"ﮒ","translation":{"text":"not","language_name":"english","language_id":38},"transliteration":{"text":"lā","language_name":"english","language_id":38}},{"id":83954,"position":8,"audio_url":"wbw/007_182_008.mp3","qpc_uthmani_hafs":"يَعۡلَمُونَ","char_type_name":"word","page_number":174,"line_number":7,"text":"ﮓ","translation":{"text":"they know","language_name":"english","language_id":38},"transliteration":{"text":"yaʿlamūna","language_name":"english","language_id":38}},{"id":83955,"position":9,"audio_url":null,"qpc_uthmani_hafs":"١٨٢","char_type_name":"end","page_number":174,"line_number":7,"text":"ﮔ","translation":{"text":"(182)","language_name":"english","language_id":38},"transliteration":{"text":null,"language_name":"english","language_id":38}}],"translations":[{"id":917565,"resource_id":134,"text":"Dan orang-orang yang mendustakan ayat-ayat Kami, nanti Kami akan menarik mereka dengan berangsur-angsur (ke arah kebinasaan), dengan cara yang tidak mereka ketahui."}]},{"id":1137,"verse_number":183,"verse_key":"7:183","juz_number":9,"hizb_number":18,"rub_el_hizb_number":69,"ruku_number":144,"manzil_number":2,"sajdah_number":null,"text_uthmani":"وَأُمْلِى لَهُمْ ۚ إِنَّ كَيْدِى مَتِينٌ","page_number":174,"words":[{"id":84026,"position":1,"audio_url":"wbw/007_183_001.mp3","qpc_uthmani_hafs":"وَأُمۡلِي","char_type_name":"word","page_number":174,"line_number":7,"text":"ﮕ","translation":{"text":"And I will give respite","language_name":"english","language_id":38},"transliteration":{"text":"wa-um'lī","language_name":"english","language_id":38}},{"id":84027,"position":2,"audio_url":"wbw/007_183_002.mp3","qpc_uthmani_hafs":"لَهُمۡۚ","char_type_name":"word","page_number":174,"line_number":7,"text":"ﮖﮗ","translation":{"text":"to them","language_name":"english","language_id":38},"transliteration":{"text":"lahum","language_name":"english","language_id":38}},{"id":84029,"position":3,"audio_url":"wbw/007_183_004.mp3","qpc_uthmani_hafs":"إِنَّ","char_type_name":"word","page_number":174,"line_number":7,"text":"ﮘ","translation":{"text":"Indeed","language_name":"english","language_id":38},"transliteration":{"text":"inna","language_name":"english","language_id":38}},{"id":84030,"position":4,"audio_url":"wbw/007_183_005.mp3","qpc_uthmani_hafs":"كَيۡدِي","char_type_name":"word","page_number":174,"line_number":8,"text":"ﮙ","translation":{"text":"My plan","language_name":"english","language_id":38},"transliteration":{"text":"kaydī","language_name":"english","language_id":38}},{"id":84031,"position":5,"audio_url":"wbw/007_183_006.mp3","qpc_uthmani_hafs":"مَتِينٌ","char_type_name":"word","page_number":174,"line_number":8,"text":"ﮚ","translation":{"text":"(is) firm","language_name":"english","language_id":38},"transliteration":{"text":"matīnun","language_name":"english","language_id":38}},{"id":84032,"position":6,"audio_url":null,"qpc_uthmani_hafs":"١٨٣","char_type_name":"end","page_number":174,"line_number":8,"text":"ﮛ","translation":{"text":"(183)","language_name":"english","language_id":38},"transliteration":{"text":null,"language_name":"english","language_id":38}}],"translations":[{"id":917566,"resource_id":134,"text":"Dan Aku memberi tangguh kepada mereka. Sesungguhnya rencana-Ku amat teguh."}]},{"id":1138,"verse_number":184,"verse_key":"7:184","juz_number":9,"hizb_number":18,"rub_el_hizb_number":69,"ruku_number":144,"manzil_number":2,"sajdah_number":null,"text_uthmani":"أَوَلَمْ يَتَفَكَّرُوا۟ ۗ مَا بِصَاحِبِهِم مِّن جِنَّةٍ ۚ إِنْ هُوَ إِلَّا نَذِيرٌ مُّبِينٌ","page_number":174,"words":[{"id":84039,"position":1,"audio_url":"wbw/007_184_001.mp3","qpc_uthmani_hafs":"أَوَلَمۡ","char_type_name":"word","page_number":174,"line_number":8,"text":"ﮜ","translation":{"text":"Do not","language_name":"english","language_id":38},"transliteration":{"text":"awalam","language_name":"english","language_id":38}},{"id":84040,"position":2,"audio_url":"wbw/007_184_002.mp3","qpc_uthmani_hafs":"يَتَفَكَّرُواْۗ","char_type_name":"word","page_number":174,"line_number":8,"text":"ﮝﮞ","translation":{"text":"they reflect","language_name":"english","language_id":38},"transliteration":{"text":"yatafakkarū","language_name":"english","language_id":38}},{"id":84042,"position":3,"audio_url":"wbw/007_184_004.mp3","qpc_uthmani_hafs":"مَا","char_type_name":"word","page_number":174,"line_number":8,"text":"ﮟ","translation":{"text":"Not","language_name":"english","language_id":38},"transliteration":{"text":"mā","language_name":"english","language_id":38}},{"id":84043,"position":4,"audio_url":"wbw/007_184_005.mp3","qpc_uthmani_hafs":"بِصَاحِبِهِم","char_type_name":"word","page_number":174,"line_number":8,"text":"ﮠ","translation":{"text":"in their companion","language_name":"english","language_id":38},"transliteration":{"text":"biṣāḥibihim","language_name":"english","language_id":38}},{"id":84044,"position":5,"audio_url":"wbw/007_184_006.mp3","qpc_uthmani_hafs":"مِّن","char_type_name":"word","page_number":174,"line_number":8,"text":"ﮡ","translation":{"text":"[of]","language_name":"english","language_id":38},"transliteration":{"text":"min","language_name":"english","language_id":38}},{"id":84045,"position":6,"audio_url":"wbw/007_184_007.mp3","qpc_uthmani_hafs":"جِنَّةٍۚ","char_type_name":"word","page_number":174,"line_number":8,"text":"ﮢﮣ","translation":{"text":"(is) any madness","language_name":"english","language_id":38},"transliteration":{"text":"jinnatin","language_name":"english","language_id":38}},{"id":84047,"position":7,"audio_url":"wbw/007_184_009.mp3","qpc_uthmani_hafs":"إِنۡ","char_type_name":"word","page_number":174,"line_number":8,"text":"ﮤ","translation":{"text":"Not","language_name":"english","language_id":38},"transliteration":{"text":"in","language_name":"english","language_id":38}},{"id":84048,"position":8,"audio_url":"wbw/007_184_010.mp3","qpc_uthmani_hafs":"هُوَ","char_type_name":"word","page_number":174,"line_number":9,"text":"ﮥ","translation":{"text":"he","language_name":"english","language_id":38},"transliteration":{"text":"huwa","language_name":"english","language_id":38}},{"id":84049,"position":9,"audio_url":"wbw/007_184_011.mp3","qpc_uthmani_hafs":"إِلَّا","char_type_name":"word","page_number":174,"line_number":9,"text":"ﮦ","translation":{"text":"(is) but","language_name":"english","language_id":38},"transliteration":{"text":"illā","language_name":"english","language_id":38}},{"id":84050,"position":10,"audio_url":"wbw/007_184_012.mp3","qpc_uthmani_hafs":"نَذِيرٞ","char_type_name":"word","page_number":174,"line_number":9,"text":"ﮧ","translation":{"text":"a warner","language_name":"english","language_id":38},"transliteration":{"text":"nadhīrun","language_name":"english","language_id":38}},{"id":84051,"position":11,"audio_url":"wbw/007_184_013.mp3","qpc_uthmani_hafs":"مُّبِينٌ","char_type_name":"word","page_number":174,"line_number":9,"text":"ﮨ","translation":{"text":"clear","language_name":"english","language_id":38},"transliteration":{"text":"mubīnun","language_name":"english","language_id":38}},{"id":84052,"position":12,"audio_url":null,"qpc_uthmani_hafs":"١٨٤","char_type_name":"end","page_number":174,"line_number":9,"text":"ﮩ","translation":{"text":"(184)","language_name":"english","language_id":38},"transliteration":{"text":null,"language_name":"english","language_id":38}}],"translations":[{"id":917567,"resource_id":134,"text":"Apakah (mereka lalai) dan tidak memikirkan bahwa teman mereka (Muhammad) tidak berpenyakit gila.  Dia (Muhammad itu) tidak lain hanyalah seorang pemberi peringatan lagi pemberi penjelasan."}]},{"id":1139,"verse_number":185,"verse_key":"7:185","juz_number":9,"hizb_number":18,"rub_el_hizb_number":69,"ruku_number":144,"manzil_number":2,"sajdah_number":null,"text_uthmani":"أَوَلَمْ يَنظُرُوا۟ فِى مَلَكُوتِ ٱلسَّمَـٰوَٰتِ وَٱلْأَرْضِ وَمَا خَلَقَ ٱللَّهُ مِن شَىْءٍ وَأَنْ عَسَىٰٓ أَن يَكُونَ قَدِ ٱقْتَرَبَ أَجَلُهُمْ ۖ فَبِأَىِّ حَدِيثٍۭ بَعْدَهُۥ يُؤْمِنُونَ","page_number":174,"words":[{"id":84185,"position":1,"audio_url":"wbw/007_185_001.mp3","qpc_uthmani_hafs":"أَوَلَمۡ","char_type_name":"word","page_number":174,"line_number":9,"text":"ﮪ","translation":{"text":"Do not","language_name":"english","language_id":38},"transliteration":{"text":"awalam","language_name":"english","language_id":38}},{"id":84186,"position":2,"audio_url":"wbw/007_185_002.mp3","qpc_uthmani_hafs":"يَنظُرُواْ","char_type_name":"word","page_number":174,"line_number":9,"text":"ﮫ","translation":{"text":"they look","language_name":"english","language_id":38},"transliteration":{"text":"yanẓurū","language_name":"english","language_id":38}},{"id":84187,"position":3,"audio_url":"wbw/007_185_003.mp3","qpc_uthmani_hafs":"فِي","char_type_name":"word","page_number":174,"line_number":9,"text":"ﮬ","translation":{"text":"in","language_name":"english","language_id":38},"transliteration":{"text":"fī","language_name":"english","language_id":38}},{"id":84188,"position":4,"audio_url":"wbw/007_185_004.mp3","qpc_uthmani_hafs":"مَلَكُوتِ","char_type_name":"word","page_number":174,"line_number":9,"text":"ﮭ","translation":{"text":"(the) dominion","language_name":"english","language_id":38},"transliteration":{"text":"malakūti","language_name":"english","language_id":38}},{"id":84189,"position":5,"audio_url":"wbw/007_185_005.mp3","qpc_uthmani_hafs":"ٱلسَّمَٰوَٰتِ","char_type_name":"word","page_number":174,"line_number":9,"text":"ﮮ","translation":{"text":"(of) the heavens","language_name":"english","language_id":38},"transliteration":{"text":"l-samāwāti","language_name":"english","language_id":38}},{"id":84190,"position":6,"audio_url":"wbw/007_185_006.mp3","qpc_uthmani_hafs":"وَٱلۡأَرۡضِ","char_type_name":"word","page_number":174,"line_number":10,"text":"ﮯ","translation":{"text":"and the earth","language_name":"english","language_id":38},"transliteration":{"text":"wal-arḍi","language_name":"english","language_id":38}},{"id":84191,"position":7,"audio_url":"wbw/007_185_007.mp3","qpc_uthmani_hafs":"وَمَا","char_type_name":"word","page_number":174,"line_number":10,"text":"ﮰ","translation":{"text":"and what","language_name":"english","language_id":38},"transliteration":{"text":"wamā","language_name":"english","language_id":38}},{"id":84192,"position":8,"audio_url":"wbw/007_185_008.mp3","qpc_uthmani_hafs":"خَلَقَ","char_type_name":"word","page_number":174,"line_number":10,"text":"ﮱ","translation":{"text":"has (been) created","language_name":"english","language_id":38},"transliteration":{"text":"khalaqa","language_name":"english","language_id":38}},{"id":84193,"position":9,"audio_url":"wbw/007_185_009.mp3","qpc_uthmani_hafs":"ٱللَّهُ","char_type_name":"word","page_number":174,"line_number":10,"text":"ﯓ","translation":{"text":"(by) Allah","language_name":"english","language_id":38},"transliteration":{"text":"l-lahu","language_name":"english","language_id":38}},{"id":84194,"position":10,"audio_url":"wbw/007_185_010.mp3","qpc_uthmani_hafs":"مِن","char_type_name":"word","page_number":174,"line_number":10,"text":"ﯔ","translation":{"text":"of","language_name":"english","language_id":38},"transliteration":{"text":"min","language_name":"english","language_id":38}},{"id":84195,"position":11,"audio_url":"wbw/007_185_011.mp3","qpc_uthmani_hafs":"شَيۡءٖ","char_type_name":"word","page_number":174,"line_number":10,"text":"ﯕ","translation":{"text":"(every)thing","language_name":"english","language_id":38},"transliteration":{"text":"shayin","language_name":"english","language_id":38}},{"id":84196,"position":12,"audio_url":"wbw/007_185_012.mp3","qpc_uthmani_hafs":"وَأَنۡ","char_type_name":"word","page_number":174,"line_number":10,"text":"ﯖ","translation":{"text":"and that","language_name":"english","language_id":38},"transliteration":{"text":"wa-an","language_name":"english","language_id":38}},{"id":84197,"position":13,"audio_url":"wbw/007_185_013.mp3","qpc_uthmani_hafs":"عَسَىٰٓ","char_type_name":"word","page_number":174,"line_number":10,"text":"ﯗ","translation":{"text":"perhaps","language_name":"english","language_id":38},"transliteration":{"text":"ʿasā","language_name":"english","language_id":38}},{"id":84198,"position":14,"audio_url":"wbw/007_185_014.mp3","qpc_uthmani_hafs":"أَن","char_type_name":"word","page_number":174,"line_number":10,"text":"ﯘ","translation":{"text":"[that]","language_name":"english","language_id":38},"transliteration":{"text":"an","language_name":"english","language_id":38}},{"id":84199,"position":15,"audio_url":"wbw/007_185_015.mp3","qpc_uthmani_hafs":"يَكُونَ","char_type_name":"word","page_number":174,"line_number":10,"text":"ﯙ","translation":{"text":"has","language_name":"english","language_id":38},"transliteration":{"text":"yakūna","language_name":"english","language_id":38}},{"id":84200,"position":16,"audio_url":"wbw/007_185_016.mp3","qpc_uthmani_hafs":"قَدِ","char_type_name":"word","page_number":174,"line_number":10,"text":"ﯚ","translation":{"text":"verily","language_name":"english","language_id":38},"transliteration":{"text":"qadi","language_name":"english","language_id":38}},{"id":84201,"position":17,"audio_url":"wbw/007_185_017.mp3","qpc_uthmani_hafs":"ٱقۡتَرَبَ","char_type_name":"word","page_number":174,"line_number":10,"text":"ﯛ","translation":{"text":"come near ","language_name":"english","language_id":38},"transliteration":{"text":"iq'taraba","language_name":"english","language_id":38}},{"id":84202,"position":18,"audio_url":"wbw/007_185_018.mp3","qpc_uthmani_hafs":"أَجَلُهُمۡۖ","char_type_name":"word","page_number":174,"line_number":11,"text":"ﯜﯝ","translation":{"text":"their term","language_name":"english","language_id":38},"transliteration":{"text":"ajaluhum","language_name":"english","language_id":38}},{"id":84204,"position":19,"audio_url":"wbw/007_185_020.mp3","qpc_uthmani_hafs":"فَبِأَيِّ","char_type_name":"word","page_number":174,"line_number":11,"text":"ﯞ","translation":{"text":"So in what","language_name":"english","language_id":38},"transliteration":{"text":"fabi-ayyi","language_name":"english","language_id":38}},{"id":84205,"position":20,"audio_url":"wbw/007_185_021.mp3","qpc_uthmani_hafs":"حَدِيثِۭ","char_type_name":"word","page_number":174,"line_number":11,"text":"ﯟ","translation":{"text":"statement","language_name":"english","language_id":38},"transliteration":{"text":"ḥadīthin","language_name":"english","language_id":38}},{"id":84206,"position":21,"audio_url":"wbw/007_185_022.mp3","qpc_uthmani_hafs":"بَعۡدَهُۥ","char_type_name":"word","page_number":174,"line_number":11,"text":"ﯠ","translation":{"text":"after this","language_name":"english","language_id":38},"transliteration":{"text":"baʿdahu","language_name":"english","language_id":38}},{"id":84207,"position":22,"audio_url":"wbw/007_185_023.mp3","qpc_uthmani_hafs":"يُؤۡمِنُونَ","char_type_name":"word","page_number":174,"line_number":11,"text":"ﯡ","translation":{"text":"will they believe","language_name":"english","language_id":38},"transliteration":{"text":"yu'minūna","language_name":"english","language_id":38}},{"id":84208,"position":23,"audio_url":null,"qpc_uthmani_hafs":"١٨٥","char_type_name":"end","page_number":174,"line_number":11,"text":"ﯢ","translation":{"text":"(185)","language_name":"english","language_id":38},"transliteration":{"text":null,"language_name":"english","language_id":38}}],"translations":[{"id":917568,"resource_id":134,"text":"Dan apakah mereka tidak memperhatikan kerajaan langit dan bumi dan segala sesuatu yang diciptakan Allah, dan kemungkinan telah dekatnya kebinasaan mereka? Maka kepada berita manakah lagi mereka akan beriman sesudah Al-Qur`ān itu?"}]},{"id":1140,"verse_number":186,"verse_key":"7:186","juz_number":9,"hizb_number":18,"rub_el_hizb_number":69,"ruku_number":144,"manzil_number":2,"sajdah_number":null,"text_uthmani":"مَن يُضْلِلِ ٱللَّهُ فَلَا هَادِىَ لَهُۥ ۚ وَيَذَرُهُمْ فِى طُغْيَـٰنِهِمْ يَعْمَهُونَ","page_number":174,"words":[{"id":84246,"position":1,"audio_url":"wbw/007_186_001.mp3","qpc_uthmani_hafs":"مَن","char_type_name":"word","page_number":174,"line_number":11,"text":"ﯣ","translation":{"text":"Whoever","language_name":"english","language_id":38},"transliteration":{"text":"man","language_name":"english","language_id":38}},{"id":84247,"position":2,"audio_url":"wbw/007_186_002.mp3","qpc_uthmani_hafs":"يُضۡلِلِ","char_type_name":"word","page_number":174,"line_number":11,"text":"ﯤ","translation":{"text":"(is) let go astray","language_name":"english","language_id":38},"transliteration":{"text":"yuḍ'lili","language_name":"english","language_id":38}},{"id":84248,"position":3,"audio_url":"wbw/007_186_003.mp3","qpc_uthmani_hafs":"ٱللَّهُ","char_type_name":"word","page_number":174,"line_number":11,"text":"ﯥ","translation":{"text":"(by) Allah","language_name":"english","language_id":38},"transliteration":{"text":"l-lahu","language_name":"english","language_id":38}},{"id":84249,"position":4,"audio_url":"wbw/007_186_004.mp3","qpc_uthmani_hafs":"فَلَا","char_type_name":"word","page_number":174,"line_number":11,"text":"ﯦ","translation":{"text":"then (there is) no","language_name":"english","language_id":38},"transliteration":{"text":"falā","language_name":"english","language_id":38}},{"id":84250,"position":5,"audio_url":"wbw/007_186_005.mp3","qpc_uthmani_hafs":"هَادِيَ","char_type_name":"word","page_number":174,"line_number":12,"text":"ﯧ","translation":{"text":"guide","language_name":"english","language_id":38},"transliteration":{"text":"hādiya","language_name":"english","language_id":38}},{"id":84251,"position":6,"audio_url":"wbw/007_186_006.mp3","qpc_uthmani_hafs":"لَهُۥۚ","char_type_name":"word","page_number":174,"line_number":12,"text":"ﯨﯩ","translation":{"text":"for him","language_name":"english","language_id":38},"transliteration":{"text":"lahu","language_name":"english","language_id":38}},{"id":84253,"position":7,"audio_url":"wbw/007_186_008.mp3","qpc_uthmani_hafs":"وَيَذَرُهُمۡ","char_type_name":"word","page_number":174,"line_number":12,"text":"ﯪ","translation":{"text":"And He leaves them","language_name":"english","language_id":38},"transliteration":{"text":"wayadharuhum","language_name":"english","language_id":38}},{"id":84254,"position":8,"audio_url":"wbw/007_186_009.mp3","qpc_uthmani_hafs":"فِي","char_type_name":"word","page_number":174,"line_number":12,"text":"ﯫ","translation":{"text":"in","language_name":"english","language_id":38},"transliteration":{"text":"fī","language_name":"english","language_id":38}},{"id":84255,"position":9,"audio_url":"wbw/007_186_010.mp3","qpc_uthmani_hafs":"طُغۡيَٰنِهِمۡ","char_type_name":"word","page_number":174,"line_number":12,"text":"ﯬ","translation":{"text":"their transgression","language_name":"english","language_id":38},"transliteration":{"text":"ṭugh'yānihim","language_name":"english","language_id":38}},{"id":84256,"position":10,"audio_url":"wbw/007_186_011.mp3","qpc_uthmani_hafs":"يَعۡمَهُونَ","char_type_name":"word","page_number":174,"line_number":12,"text":"ﯭ","translation":{"text":"wandering blindly","language_name":"english","language_id":38},"transliteration":{"text":"yaʿmahūna","language_name":"english","language_id":38}},{"id":84257,"position":11,"audio_url":null,"qpc_uthmani_hafs":"١٨٦","char_type_name":"end","page_number":174,"line_number":12,"text":"ﯮ","translation":{"text":"(186)","language_name":"english","language_id":38},"transliteration":{"text":null,"language_name":"english","language_id":38}}],"translations":[{"id":917569,"resource_id":134,"text":"Barang siapa yang Allah sesatkan<sup foot_note=210356>1</sup>, maka baginya tak ada orang yang akan memberi petunjuk. Dan Allah membiarkan mereka terombang-ambing dalam kesesatan."}]},{"id":1141,"verse_number":187,"verse_key":"7:187","juz_number":9,"hizb_number":18,"rub_el_hizb_number":69,"ruku_number":144,"manzil_number":2,"sajdah_number":null,"text_uthmani":"يَسْـَٔلُونَكَ عَنِ ٱلسَّاعَةِ أَيَّانَ مُرْسَىٰهَا ۖ قُلْ إِنَّمَا عِلْمُهَا عِندَ رَبِّى ۖ لَا يُجَلِّيهَا لِوَقْتِهَآ إِلَّا هُوَ ۚ ثَقُلَتْ فِى ٱلسَّمَـٰوَٰتِ وَٱلْأَرْضِ ۚ لَا تَأْتِيكُمْ إِلَّا بَغْتَةً ۗ يَسْـَٔلُونَكَ كَأَنَّكَ حَفِىٌّ عَنْهَا ۖ قُلْ إِنَّمَا عِلْمُهَا عِندَ ٱللَّهِ وَلَـٰكِنَّ أَكْثَرَ ٱلنَّاسِ لَا يَعْلَمُونَ","page_number":174,"words":[{"id":84311,"position":1,"audio_url":"wbw/007_187_001.mp3","qpc_uthmani_hafs":"يَسۡـَٔلُونَكَ","char_type_name":"word","page_number":174,"line_number":12,"text":"ﯯ","translation":{"text":"They ask you","language_name":"english","language_id":38},"transliteration":{"text":"yasalūnaka","language_name":"english","language_id":38}},{"id":84312,"position":2,"audio_url":"wbw/007_187_002.mp3","qpc_uthmani_hafs":"عَنِ","char_type_name":"word","page_number":174,"line_number":12,"text":"ﯰ","translation":{"text":"about","language_name":"english","language_id":38},"transliteration":{"text":"ʿani","language_name":"english","language_id":38}},{"id":84313,"position":3,"audio_url":"wbw/007_187_003.mp3","qpc_uthmani_hafs":"ٱلسَّاعَةِ","char_type_name":"word","page_number":174,"line_number":12,"text":"ﯱ","translation":{"text":"the Hour","language_name":"english","language_id":38},"transliteration":{"text":"l-sāʿati","language_name":"english","language_id":38}},{"id":84314,"position":4,"audio_url":"wbw/007_187_004.mp3","qpc_uthmani_hafs":"أَيَّانَ","char_type_name":"word","page_number":174,"line_number":13,"text":"ﯲ","translation":{"text":"when will be","language_name":"english","language_id":38},"transliteration":{"text":"ayyāna","language_name":"english","language_id":38}},{"id":84315,"position":5,"audio_url":"wbw/007_187_005.mp3","qpc_uthmani_hafs":"مُرۡسَىٰهَاۖ","char_type_name":"word","page_number":174,"line_number":13,"text":"ﯳﯴ","translation":{"text":"its appointed time","language_name":"english","language_id":38},"transliteration":{"text":"mur'sāhā","language_name":"english","language_id":38}},{"id":84317,"position":6,"audio_url":"wbw/007_187_007.mp3","qpc_uthmani_hafs":"قُلۡ","char_type_name":"word","page_number":174,"line_number":13,"text":"ﯵ","translation":{"text":"Say","language_name":"english","language_id":38},"transliteration":{"text":"qul","language_name":"english","language_id":38}},{"id":84318,"position":7,"audio_url":"wbw/007_187_008.mp3","qpc_uthmani_hafs":"إِنَّمَا","char_type_name":"word","page_number":174,"line_number":13,"text":"ﯶ","translation":{"text":"Only","language_name":"english","language_id":38},"transliteration":{"text":"innamā","language_name":"english","language_id":38}},{"id":84319,"position":8,"audio_url":"wbw/007_187_009.mp3","qpc_uthmani_hafs":"عِلۡمُهَا","char_type_name":"word","page_number":174,"line_number":13,"text":"ﯷ","translation":{"text":"its knowledge","language_name":"english","language_id":38},"transliteration":{"text":"ʿil'muhā","language_name":"english","language_id":38}},{"id":84320,"position":9,"audio_url":"wbw/007_187_010.mp3","qpc_uthmani_hafs":"عِندَ","char_type_name":"word","page_number":174,"line_number":13,"text":"ﯸ","translation":{"text":"(is) with","language_name":"english","language_id":38},"transliteration":{"text":"ʿinda","language_name":"english","language_id":38}},{"id":84321,"position":10,"audio_url":"wbw/007_187_011.mp3","qpc_uthmani_hafs":"رَبِّيۖ","char_type_name":"word","page_number":174,"line_number":13,"text":"ﯹﯺ","translation":{"text":"my Lord","language_name":"english","language_id":38},"transliteration":{"text":"rabbī","language_name":"english","language_id":38}},{"id":84323,"position":11,"audio_url":"wbw/007_187_013.mp3","qpc_uthmani_hafs":"لَا","char_type_name":"word","page_number":174,"line_number":13,"text":"ﯻ","translation":{"text":"no (one)","language_name":"english","language_id":38},"transliteration":{"text":"lā","language_name":"english","language_id":38}},{"id":84324,"position":12,"audio_url":"wbw/007_187_014.mp3","qpc_uthmani_hafs":"يُجَلِّيهَا","char_type_name":"word","page_number":174,"line_number":13,"text":"ﯼ","translation":{"text":"can reveal [it]","language_name":"english","language_id":38},"transliteration":{"text":"yujallīhā","language_name":"english","language_id":38}},{"id":84325,"position":13,"audio_url":"wbw/007_187_015.mp3","qpc_uthmani_hafs":"لِوَقۡتِهَآ","char_type_name":"word","page_number":174,"line_number":13,"text":"ﯽ","translation":{"text":"its time","language_name":"english","language_id":38},"transliteration":{"text":"liwaqtihā","language_name":"english","language_id":38}},{"id":84326,"position":14,"audio_url":"wbw/007_187_016.mp3","qpc_uthmani_hafs":"إِلَّا","char_type_name":"word","page_number":174,"line_number":13,"text":"ﯾ","translation":{"text":"except","language_name":"english","language_id":38},"transliteration":{"text":"illā","language_name":"english","language_id":38}},{"id":84327,"position":15,"audio_url":"wbw/007_187_017.mp3","qpc_uthmani_hafs":"هُوَۚ","char_type_name":"word","page_number":174,"line_number":13,"text":"ﯿﰀ","translation":{"text":"Him","language_name":"english","language_id":38},"transliteration":{"text":"huwa","language_name":"english","language_id":38}},{"id":84329,"position":16,"audio_url":"wbw/007_187_019.mp3","qpc_uthmani_hafs":"ثَقُلَتۡ","char_type_name":"word","page_number":174,"line_number":13,"text":"ﰁ","translation":{"text":"It lays heavily","language_name":"english","language_id":38},"transliteration":{"text":"thaqulat","language_name":"english","language_id":38}},{"id":84330,"position":17,"audio_url":"wbw/007_187_020.mp3","qpc_uthmani_hafs":"فِي","char_type_name":"word","page_number":174,"line_number":14,"text":"ﰂ","translation":{"text":"in","language_name":"english","language_id":38},"transliteration":{"text":"fī","language_name":"english","language_id":38}},{"id":84331,"position":18,"audio_url":"wbw/007_187_021.mp3","qpc_uthmani_hafs":"ٱلسَّمَٰوَٰتِ","char_type_name":"word","page_number":174,"line_number":14,"text":"ﰃ","translation":{"text":"the heavens","language_name":"english","language_id":38},"transliteration":{"text":"l-samāwāti","language_name":"english","language_id":38}},{"id":84332,"position":19,"audio_url":"wbw/007_187_022.mp3","qpc_uthmani_hafs":"وَٱلۡأَرۡضِۚ","char_type_name":"word","page_number":174,"line_number":14,"text":"ﰄﰅ","translation":{"text":"and the earth","language_name":"english","language_id":38},"transliteration":{"text":"wal-arḍi","language_name":"english","language_id":38}},{"id":84334,"position":20,"audio_url":"wbw/007_187_024.mp3","qpc_uthmani_hafs":"لَا","char_type_name":"word","page_number":174,"line_number":14,"text":"ﰆ","translation":{"text":"Not","language_name":"english","language_id":38},"transliteration":{"text":"lā","language_name":"english","language_id":38}},{"id":84335,"position":21,"audio_url":"wbw/007_187_025.mp3","qpc_uthmani_hafs":"تَأۡتِيكُمۡ","char_type_name":"word","page_number":174,"line_number":14,"text":"ﰇ","translation":{"text":"will it come to you","language_name":"english","language_id":38},"transliteration":{"text":"tatīkum","language_name":"english","language_id":38}},{"id":84336,"position":22,"audio_url":"wbw/007_187_026.mp3","qpc_uthmani_hafs":"إِلَّا","char_type_name":"word","page_number":174,"line_number":14,"text":"ﰈ","translation":{"text":"but","language_name":"english","language_id":38},"transliteration":{"text":"illā","language_name":"english","language_id":38}},{"id":84337,"position":23,"audio_url":"wbw/007_187_027.mp3","qpc_uthmani_hafs":"بَغۡتَةٗۗ","char_type_name":"word","page_number":174,"line_number":14,"text":"ﰉﰊ","translation":{"text":"suddenly","language_name":"english","language_id":38},"transliteration":{"text":"baghtatan","language_name":"english","language_id":38}},{"id":84339,"position":24,"audio_url":"wbw/007_187_029.mp3","qpc_uthmani_hafs":"يَسۡـَٔلُونَكَ","char_type_name":"word","page_number":174,"line_number":14,"text":"ﰋ","translation":{"text":"They ask you","language_name":"english","language_id":38},"transliteration":{"text":"yasalūnaka","language_name":"english","language_id":38}},{"id":84340,"position":25,"audio_url":"wbw/007_187_030.mp3","qpc_uthmani_hafs":"كَأَنَّكَ","char_type_name":"word","page_number":174,"line_number":14,"text":"ﰌ","translation":{"text":"as if you","language_name":"english","language_id":38},"transliteration":{"text":"ka-annaka","language_name":"english","language_id":38}},{"id":84341,"position":26,"audio_url":"wbw/007_187_031.mp3","qpc_uthmani_hafs":"حَفِيٌّ","char_type_name":"word","page_number":174,"line_number":14,"text":"ﰍ","translation":{"text":"(were) well informed","language_name":"english","language_id":38},"transliteration":{"text":"ḥafiyyun","language_name":"english","language_id":38}},{"id":84342,"position":27,"audio_url":"wbw/007_187_032.mp3","qpc_uthmani_hafs":"عَنۡهَاۖ","char_type_name":"word","page_number":174,"line_number":15,"text":"ﰎﰏ","translation":{"text":"about it","language_name":"english","language_id":38},"transliteration":{"text":"ʿanhā","language_name":"english","language_id":38}},{"id":84344,"position":28,"audio_url":"wbw/007_187_034.mp3","qpc_uthmani_hafs":"قُلۡ","char_type_name":"word","page_number":174,"line_number":15,"text":"ﰐ","translation":{"text":"Say","language_name":"english","language_id":38},"transliteration":{"text":"qul","language_name":"english","language_id":38}},{"id":84345,"position":29,"audio_url":"wbw/007_187_035.mp3","qpc_uthmani_hafs":"إِنَّمَا","char_type_name":"word","page_number":174,"line_number":15,"text":"ﰑ","translation":{"text":"Only","language_name":"english","language_id":38},"transliteration":{"text":"innamā","language_name":"english","language_id":38}},{"id":84346,"position":30,"audio_url":"wbw/007_187_036.mp3","qpc_uthmani_hafs":"عِلۡمُهَا","char_type_name":"word","page_number":174,"line_number":15,"text":"ﰒ","translation":{"text":"its knowledge","language_name":"english","language_id":38},"transliteration":{"text":"ʿil'muhā","language_name":"english","language_id":38}},{"id":84347,"position":31,"audio_url":"wbw/007_187_037.mp3","qpc_uthmani_hafs":"عِندَ","char_type_name":"word","page_number":174,"line_number":15,"text":"ﰓ","translation":{"text":"(is) with","language_name":"english","language_id":38},"transliteration":{"text":"ʿinda","language_name":"english","language_id":38}},{"id":84348,"position":32,"audio_url":"wbw/007_187_038.mp3","qpc_uthmani_hafs":"ٱللَّهِ","char_type_name":"word","page_number":174,"line_number":15,"text":"ﰔ","translation":{"text":"Allah","language_name":"english","language_id":38},"transliteration":{"text":"l-lahi","language_name":"english","language_id":38}},{"id":84349,"position":33,"audio_url":"wbw/007_187_039.mp3","qpc_uthmani_hafs":"وَلَٰكِنَّ","char_type_name":"word","page_number":174,"line_number":15,"text":"ﰕ","translation":{"text":"but","language_name":"english","language_id":38},"transliteration":{"text":"walākinna","language_name":"english","language_id":38}},{"id":84350,"position":34,"audio_url":"wbw/007_187_040.mp3","qpc_uthmani_hafs":"أَكۡثَرَ","char_type_name":"word","page_number":174,"line_number":15,"text":"ﰖ","translation":{"text":"most","language_name":"english","language_id":38},"transliteration":{"text":"akthara","language_name":"english","language_id":38}},{"id":84351,"position":35,"audio_url":"wbw/007_187_041.mp3","qpc_uthmani_hafs":"ٱلنَّاسِ","char_type_name":"word","page_number":174,"line_number":15,"text":"ﰗ","translation":{"text":"(of) the people","language_name":"english","language_id":38},"transliteration":{"text":"l-nāsi","language_name":"english","language_id":38}},{"id":84352,"position":36,"audio_url":"wbw/007_187_042.mp3","qpc_uthmani_hafs":"لَا","char_type_name":"word","page_number":174,"line_number":15,"text":"ﰘ","translation":{"text":"(do) not","language_name":"english","language_id":38},"transliteration":{"text":"lā","language_name":"english","language_id":38}},{"id":84353,"position":37,"audio_url":"wbw/007_187_043.mp3","qpc_uthmani_hafs":"يَعۡلَمُونَ","char_type_name":"word","page_number":174,"line_number":15,"text":"ﰙ","translation":{"text":"know","language_name":"english","language_id":38},"transliteration":{"text":"yaʿlamūna","language_name":"english","language_id":38}},{"id":84354,"position":38,"audio_url":null,"qpc_uthmani_hafs":"١٨٧","char_type_name":"end","page_number":174,"line_number":15,"text":"ﰚ","translation":{"text":"(187)","language_name":"english","language_id":38},"transliteration":{"text":null,"language_name":"english","language_id":38}}],"translations":[{"id":917570,"resource_id":134,"text":"Mereka menanyakan kepadamu tentang kiamat, \"Bilakah terjadinya?\" Katakanlah, \"Sesungguhnya pengetahuan tentang kiamat itu adalah pada sisi Tuhan-ku; tidak seorang pun yang dapat menjelaskan waktu kedatangannya selain Dia.  Kiamat itu amat berat (huru-haranya bagi makhluk) yang di langit dan di bumi.  Kiamat itu tidak akan datang kepadamu melainkan dengan tiba-tiba\".  Mereka bertanya kepadamu seakan-akan kamu benar-benar mengetahuinya. Katakanlah, \"Sesungguhnya pengetahuan tentang bari kiamat itu adalah di sisi Allah, tetapi kebanyakan manusia tidak mengetahui\"."}]}],"pagination":{"per_page":50,"current_page":1,"next_page":null,"total_pages":1,"total_records":9}}