{"verses":[{"id":120,"verse_number":113,"verse_key":"2:113","juz_number":1,"hizb_number":2,"rub_el_hizb_number":7,"ruku_number":15,"manzil_number":1,"sajdah_number":null,"text_uthmani":"وَقَالَتِ ٱلْيَهُودُ لَيْسَتِ ٱلنَّصَـٰرَىٰ عَلَىٰ شَىْءٍ وَقَالَتِ ٱلنَّصَـٰرَىٰ لَيْسَتِ ٱلْيَهُودُ عَلَىٰ شَىْءٍ وَهُمْ يَتْلُونَ ٱلْكِتَـٰبَ ۗ كَذَٰلِكَ قَالَ ٱلَّذِينَ لَا يَعْلَمُونَ مِثْلَ قَوْلِهِمْ ۚ فَٱللَّهُ يَحْكُمُ بَيْنَهُمْ يَوْمَ ٱلْقِيَـٰمَةِ فِيمَا كَانُوا۟ فِيهِ يَخْتَلِفُونَ","page_number":18,"words":[{"id":74842,"position":1,"audio_url":"wbw/002_113_001.mp3","qpc_uthmani_hafs":"وَقَالَتِ","char_type_name":"word","page_number":18,"line_number":1,"text":"ﭑ","translation":{"text":"And said","language_name":"english","language_id":38},"transliteration":{"text":"waqālati","language_name":"english","language_id":38}},{"id":74843,"position":2,"audio_url":"wbw/002_113_002.mp3","qpc_uthmani_hafs":"ٱلۡيَهُودُ","char_type_name":"word","page_number":18,"line_number":1,"text":"ﭒ","translation":{"text":"the Jews","language_name":"english","language_id":38},"transliteration":{"text":"l-yahūdu","language_name":"english","language_id":38}},{"id":74844,"position":3,"audio_url":"wbw/002_113_003.mp3","qpc_uthmani_hafs":"لَيۡسَتِ","char_type_name":"word","page_number":18,"line_number":1,"text":"ﭓ","translation":{"text":"Not","language_name":"english","language_id":38},"transliteration":{"text":"laysati","language_name":"english","language_id":38}},{"id":74845,"position":4,"audio_url":"wbw/002_113_004.mp3","qpc_uthmani_hafs":"ٱلنَّصَٰرَىٰ","char_type_name":"word","page_number":18,"line_number":1,"text":"ﭔ","translation":{"text":"the Christians","language_name":"english","language_id":38},"transliteration":{"text":"l-naṣārā","language_name":"english","language_id":38}},{"id":74846,"position":5,"audio_url":"wbw/002_113_005.mp3","qpc_uthmani_hafs":"عَلَىٰ","char_type_name":"word","page_number":18,"line_number":1,"text":"ﭕ","translation":{"text":"(are) on","language_name":"english","language_id":38},"transliteration":{"text":"ʿalā","language_name":"english","language_id":38}},{"id":74847,"position":6,"audio_url":"wbw/002_113_006.mp3","qpc_uthmani_hafs":"شَيۡءٖ","char_type_name":"word","page_number":18,"line_number":1,"text":"ﭖ","translation":{"text":"anything","language_name":"english","language_id":38},"transliteration":{"text":"shayin","language_name":"english","language_id":38}},{"id":74848,"position":7,"audio_url":"wbw/002_113_007.mp3","qpc_uthmani_hafs":"وَقَالَتِ","char_type_name":"word","page_number":18,"line_number":1,"text":"ﭗ","translation":{"text":"and said","language_name":"english","language_id":38},"transliteration":{"text":"waqālati","language_name":"english","language_id":38}},{"id":74849,"position":8,"audio_url":"wbw/002_113_008.mp3","qpc_uthmani_hafs":"ٱلنَّصَٰرَىٰ","char_type_name":"word","page_number":18,"line_number":1,"text":"ﭘ","translation":{"text":"the Christians","language_name":"english","language_id":38},"transliteration":{"text":"l-naṣārā","language_name":"english","language_id":38}},{"id":74850,"position":9,"audio_url":"wbw/002_113_009.mp3","qpc_uthmani_hafs":"لَيۡسَتِ","char_type_name":"word","page_number":18,"line_number":2,"text":"ﭙ","translation":{"text":"Not","language_name":"english","language_id":38},"transliteration":{"text":"laysati","language_name":"english","language_id":38}},{"id":74851,"position":10,"audio_url":"wbw/002_113_010.mp3","qpc_uthmani_hafs":"ٱلۡيَهُودُ","char_type_name":"word","page_number":18,"line_number":2,"text":"ﭚ","translation":{"text":"the Jews","language_name":"english","language_id":38},"transliteration":{"text":"l-yahūdu","language_name":"english","language_id":38}},{"id":74852,"position":11,"audio_url":"wbw/002_113_011.mp3","qpc_uthmani_hafs":"عَلَىٰ","char_type_name":"word","page_number":18,"line_number":2,"text":"ﭛ","translation":{"text":"(are) on","language_name":"english","language_id":38},"transliteration":{"text":"ʿalā","language_name":"english","language_id":38}},{"id":74853,"position":12,"audio_url":"wbw/002_113_012.mp3","qpc_uthmani_hafs":"شَيۡءٖ","char_type_name":"word","page_number":18,"line_number":2,"text":"ﭜ","translation":{"text":"anything","language_name":"english","language_id":38},"transliteration":{"text":"shayin","language_name":"english","language_id":38}},{"id":74854,"position":13,"audio_url":"wbw/002_113_013.mp3","qpc_uthmani_hafs":"وَهُمۡ","char_type_name":"word","page_number":18,"line_number":2,"text":"ﭝ","translation":{"text":"although they","language_name":"english","language_id":38},"transliteration":{"text":"wahum","language_name":"english","language_id":38}},{"id":74855,"position":14,"audio_url":"wbw/002_113_014.mp3","qpc_uthmani_hafs":"يَتۡلُونَ","char_type_name":"word","page_number":18,"line_number":2,"text":"ﭞ","translation":{"text":"recite","language_name":"english","language_id":38},"transliteration":{"text":"yatlūna","language_name":"english","language_id":38}},{"id":74856,"position":15,"audio_url":"wbw/002_113_015.mp3","qpc_uthmani_hafs":"ٱلۡكِتَٰبَۗ","char_type_name":"word","page_number":18,"line_number":2,"text":"ﭟﭠ","translation":{"text":"the Book","language_name":"english","language_id":38},"transliteration":{"text":"l-kitāba","language_name":"english","language_id":38}},{"id":74858,"position":16,"audio_url":"wbw/002_113_017.mp3","qpc_uthmani_hafs":"كَذَٰلِكَ","char_type_name":"word","page_number":18,"line_number":2,"text":"ﭡ","translation":{"text":"Like that","language_name":"english","language_id":38},"transliteration":{"text":"kadhālika","language_name":"english","language_id":38}},{"id":74859,"position":17,"audio_url":"wbw/002_113_018.mp3","qpc_uthmani_hafs":"قَالَ","char_type_name":"word","page_number":18,"line_number":2,"text":"ﭢ","translation":{"text":"said","language_name":"english","language_id":38},"transliteration":{"text":"qāla","language_name":"english","language_id":38}},{"id":74860,"position":18,"audio_url":"wbw/002_113_019.mp3","qpc_uthmani_hafs":"ٱلَّذِينَ","char_type_name":"word","page_number":18,"line_number":3,"text":"ﭣ","translation":{"text":"those who","language_name":"english","language_id":38},"transliteration":{"text":"alladhīna","language_name":"english","language_id":38}},{"id":74861,"position":19,"audio_url":"wbw/002_113_020.mp3","qpc_uthmani_hafs":"لَا","char_type_name":"word","page_number":18,"line_number":3,"text":"ﭤ","translation":{"text":"(do) not","language_name":"english","language_id":38},"transliteration":{"text":"lā","language_name":"english","language_id":38}},{"id":74862,"position":20,"audio_url":"wbw/002_113_021.mp3","qpc_uthmani_hafs":"يَعۡلَمُونَ","char_type_name":"word","page_number":18,"line_number":3,"text":"ﭥ","translation":{"text":"know","language_name":"english","language_id":38},"transliteration":{"text":"yaʿlamūna","language_name":"english","language_id":38}},{"id":74863,"position":21,"audio_url":"wbw/002_113_022.mp3","qpc_uthmani_hafs":"مِثۡلَ","char_type_name":"word","page_number":18,"line_number":3,"text":"ﭦ","translation":{"text":"similar","language_name":"english","language_id":38},"transliteration":{"text":"mith'la","language_name":"english","language_id":38}},{"id":74864,"position":22,"audio_url":"wbw/002_113_023.mp3","qpc_uthmani_hafs":"قَوۡلِهِمۡۚ","char_type_name":"word","page_number":18,"line_number":3,"text":"ﭧﭨ","translation":{"text":"their saying","language_name":"english","language_id":38},"transliteration":{"text":"qawlihim","language_name":"english","language_id":38}},{"id":74866,"position":23,"audio_url":"wbw/002_113_025.mp3","qpc_uthmani_hafs":"فَٱللَّهُ","char_type_name":"word","page_number":18,"line_number":3,"text":"ﭩ","translation":{"text":"[So] Allah","language_name":"english","language_id":38},"transliteration":{"text":"fal-lahu","language_name":"english","language_id":38}},{"id":74867,"position":24,"audio_url":"wbw/002_113_026.mp3","qpc_uthmani_hafs":"يَحۡكُمُ","char_type_name":"word","page_number":18,"line_number":3,"text":"ﭪ","translation":{"text":"will judge","language_name":"english","language_id":38},"transliteration":{"text":"yaḥkumu","language_name":"english","language_id":38}},{"id":74868,"position":25,"audio_url":"wbw/002_113_027.mp3","qpc_uthmani_hafs":"بَيۡنَهُمۡ","char_type_name":"word","page_number":18,"line_number":3,"text":"ﭫ","translation":{"text":"between them","language_name":"english","language_id":38},"transliteration":{"text":"baynahum","language_name":"english","language_id":38}},{"id":74869,"position":26,"audio_url":"wbw/002_113_028.mp3","qpc_uthmani_hafs":"يَوۡمَ","char_type_name":"word","page_number":18,"line_number":3,"text":"ﭬ","translation":{"text":"(on the) Day","language_name":"english","language_id":38},"transliteration":{"text":"yawma","language_name":"english","language_id":38}},{"id":74870,"position":27,"audio_url":"wbw/002_113_029.mp3","qpc_uthmani_hafs":"ٱلۡقِيَٰمَةِ","char_type_name":"word","page_number":18,"line_number":3,"text":"ﭭ","translation":{"text":"(of) Resurrection","language_name":"english","language_id":38},"transliteration":{"text":"l-qiyāmati","language_name":"english","language_id":38}},{"id":74871,"position":28,"audio_url":"wbw/002_113_030.mp3","qpc_uthmani_hafs":"فِيمَا","char_type_name":"word","page_number":18,"line_number":4,"text":"ﭮ","translation":{"text":"in what","language_name":"english","language_id":38},"transliteration":{"text":"fīmā","language_name":"english","language_id":38}},{"id":74872,"position":29,"audio_url":"wbw/002_113_031.mp3","qpc_uthmani_hafs":"كَانُواْ","char_type_name":"word","page_number":18,"line_number":4,"text":"ﭯ","translation":{"text":"they were","language_name":"english","language_id":38},"transliteration":{"text":"kānū","language_name":"english","language_id":38}},{"id":74873,"position":30,"audio_url":"wbw/002_113_032.mp3","qpc_uthmani_hafs":"فِيهِ","char_type_name":"word","page_number":18,"line_number":4,"text":"ﭰ","translation":{"text":"[in it]","language_name":"english","language_id":38},"transliteration":{"text":"fīhi","language_name":"english","language_id":38}},{"id":74874,"position":31,"audio_url":"wbw/002_113_033.mp3","qpc_uthmani_hafs":"يَخۡتَلِفُونَ","char_type_name":"word","page_number":18,"line_number":4,"text":"ﭱ","translation":{"text":"differing","language_name":"english","language_id":38},"transliteration":{"text":"yakhtalifūna","language_name":"english","language_id":38}},{"id":74875,"position":32,"audio_url":null,"qpc_uthmani_hafs":"١١٣","char_type_name":"end","page_number":18,"line_number":4,"text":"ﭲ","translation":{"text":"(113)","language_name":"english","language_id":38},"transliteration":{"text":null,"language_name":"english","language_id":38}}],"translations":[{"id":916549,"resource_id":134,"text":"Dan orang-orang Yahudi berkata, \"Orang-orang Nasrani itu tidak mempunyai suatu pegangan\", dan orang-orang Nasrani berkata, \"Orang-orang Yahudi tidak mempunyai sesuatu pegangan\", padahal mereka (sama-sama) membaca Alkitab.  Demikian pula orang-orang yang tidak mengetahui, mengatakan seperti ucapan mereka itu.  Maka Allah akan mengadili diantara mereka pada hari kiamat, tentang apa-apa yang mereka berselisih padanya."}]},{"id":121,"verse_number":114,"verse_key":"2:114","juz_number":1,"hizb_number":2,"rub_el_hizb_number":7,"ruku_number":15,"manzil_number":1,"sajdah_number":null,"text_uthmani":"وَمَنْ أَظْلَمُ مِمَّن مَّنَعَ مَسَـٰجِدَ ٱللَّهِ أَن يُذْكَرَ فِيهَا ٱسْمُهُۥ وَسَعَىٰ فِى خَرَابِهَآ ۚ أُو۟لَـٰٓئِكَ مَا كَانَ لَهُمْ أَن يَدْخُلُوهَآ إِلَّا خَآئِفِينَ ۚ لَهُمْ فِى ٱلدُّنْيَا خِزْىٌ وَلَهُمْ فِى ٱلْـَٔاخِرَةِ عَذَابٌ عَظِيمٌ","page_number":18,"words":[{"id":75136,"position":1,"audio_url":"wbw/002_114_001.mp3","qpc_uthmani_hafs":"وَمَنۡ","char_type_name":"word","page_number":18,"line_number":4,"text":"ﭳ","translation":{"text":"And who","language_name":"english","language_id":38},"transliteration":{"text":"waman","language_name":"english","language_id":38}},{"id":75137,"position":2,"audio_url":"wbw/002_114_002.mp3","qpc_uthmani_hafs":"أَظۡلَمُ","char_type_name":"word","page_number":18,"line_number":4,"text":"ﭴ","translation":{"text":"(is) more unjust","language_name":"english","language_id":38},"transliteration":{"text":"aẓlamu","language_name":"english","language_id":38}},{"id":75138,"position":3,"audio_url":"wbw/002_114_003.mp3","qpc_uthmani_hafs":"مِمَّن","char_type_name":"word","page_number":18,"line_number":4,"text":"ﭵ","translation":{"text":"than (one) who","language_name":"english","language_id":38},"transliteration":{"text":"mimman","language_name":"english","language_id":38}},{"id":75139,"position":4,"audio_url":"wbw/002_114_004.mp3","qpc_uthmani_hafs":"مَّنَعَ","char_type_name":"word","page_number":18,"line_number":4,"text":"ﭶ","translation":{"text":"prevents","language_name":"english","language_id":38},"transliteration":{"text":"manaʿa","language_name":"english","language_id":38}},{"id":75140,"position":5,"audio_url":"wbw/002_114_005.mp3","qpc_uthmani_hafs":"مَسَٰجِدَ","char_type_name":"word","page_number":18,"line_number":4,"text":"ﭷ","translation":{"text":"(the) masajid","language_name":"english","language_id":38},"transliteration":{"text":"masājida","language_name":"english","language_id":38}},{"id":75141,"position":6,"audio_url":"wbw/002_114_006.mp3","qpc_uthmani_hafs":"ٱللَّهِ","char_type_name":"word","page_number":18,"line_number":5,"text":"ﭸ","translation":{"text":"(of) Allah","language_name":"english","language_id":38},"transliteration":{"text":"l-lahi","language_name":"english","language_id":38}},{"id":75142,"position":7,"audio_url":"wbw/002_114_007.mp3","qpc_uthmani_hafs":"أَن","char_type_name":"word","page_number":18,"line_number":5,"text":"ﭹ","translation":{"text":"to","language_name":"english","language_id":38},"transliteration":{"text":"an","language_name":"english","language_id":38}},{"id":75143,"position":8,"audio_url":"wbw/002_114_008.mp3","qpc_uthmani_hafs":"يُذۡكَرَ","char_type_name":"word","page_number":18,"line_number":5,"text":"ﭺ","translation":{"text":"be mentioned","language_name":"english","language_id":38},"transliteration":{"text":"yudh'kara","language_name":"english","language_id":38}},{"id":75144,"position":9,"audio_url":"wbw/002_114_009.mp3","qpc_uthmani_hafs":"فِيهَا","char_type_name":"word","page_number":18,"line_number":5,"text":"ﭻ","translation":{"text":"in them","language_name":"english","language_id":38},"transliteration":{"text":"fīhā","language_name":"english","language_id":38}},{"id":75145,"position":10,"audio_url":"wbw/002_114_010.mp3","qpc_uthmani_hafs":"ٱسۡمُهُۥ","char_type_name":"word","page_number":18,"line_number":5,"text":"ﭼ","translation":{"text":"His name","language_name":"english","language_id":38},"transliteration":{"text":"us'muhu","language_name":"english","language_id":38}},{"id":75146,"position":11,"audio_url":"wbw/002_114_011.mp3","qpc_uthmani_hafs":"وَسَعَىٰ","char_type_name":"word","page_number":18,"line_number":5,"text":"ﭽ","translation":{"text":"and strives","language_name":"english","language_id":38},"transliteration":{"text":"wasaʿā","language_name":"english","language_id":38}},{"id":75147,"position":12,"audio_url":"wbw/002_114_012.mp3","qpc_uthmani_hafs":"فِي","char_type_name":"word","page_number":18,"line_number":5,"text":"ﭾ","translation":{"text":"for","language_name":"english","language_id":38},"transliteration":{"text":"fī","language_name":"english","language_id":38}},{"id":75148,"position":13,"audio_url":"wbw/002_114_013.mp3","qpc_uthmani_hafs":"خَرَابِهَآۚ","char_type_name":"word","page_number":18,"line_number":5,"text":"ﭿﮀ","translation":{"text":"their destruction","language_name":"english","language_id":38},"transliteration":{"text":"kharābihā","language_name":"english","language_id":38}},{"id":75150,"position":14,"audio_url":"wbw/002_114_015.mp3","qpc_uthmani_hafs":"أُوْلَٰٓئِكَ","char_type_name":"word","page_number":18,"line_number":5,"text":"ﮁ","translation":{"text":"Those","language_name":"english","language_id":38},"transliteration":{"text":"ulāika","language_name":"english","language_id":38}},{"id":75151,"position":15,"audio_url":"wbw/002_114_016.mp3","qpc_uthmani_hafs":"مَا","char_type_name":"word","page_number":18,"line_number":5,"text":"ﮂ","translation":{"text":"Not","language_name":"english","language_id":38},"transliteration":{"text":"mā","language_name":"english","language_id":38}},{"id":75152,"position":16,"audio_url":"wbw/002_114_017.mp3","qpc_uthmani_hafs":"كَانَ","char_type_name":"word","page_number":18,"line_number":5,"text":"ﮃ","translation":{"text":"it is","language_name":"english","language_id":38},"transliteration":{"text":"kāna","language_name":"english","language_id":38}},{"id":75153,"position":17,"audio_url":"wbw/002_114_018.mp3","qpc_uthmani_hafs":"لَهُمۡ","char_type_name":"word","page_number":18,"line_number":6,"text":"ﮄ","translation":{"text":"for them","language_name":"english","language_id":38},"transliteration":{"text":"lahum","language_name":"english","language_id":38}},{"id":75154,"position":18,"audio_url":"wbw/002_114_019.mp3","qpc_uthmani_hafs":"أَن","char_type_name":"word","page_number":18,"line_number":6,"text":"ﮅ","translation":{"text":"that","language_name":"english","language_id":38},"transliteration":{"text":"an","language_name":"english","language_id":38}},{"id":75155,"position":19,"audio_url":"wbw/002_114_020.mp3","qpc_uthmani_hafs":"يَدۡخُلُوهَآ","char_type_name":"word","page_number":18,"line_number":6,"text":"ﮆ","translation":{"text":"they enter them","language_name":"english","language_id":38},"transliteration":{"text":"yadkhulūhā","language_name":"english","language_id":38}},{"id":75156,"position":20,"audio_url":"wbw/002_114_021.mp3","qpc_uthmani_hafs":"إِلَّا","char_type_name":"word","page_number":18,"line_number":6,"text":"ﮇ","translation":{"text":"except","language_name":"english","language_id":38},"transliteration":{"text":"illā","language_name":"english","language_id":38}},{"id":75157,"position":21,"audio_url":"wbw/002_114_022.mp3","qpc_uthmani_hafs":"خَآئِفِينَۚ","char_type_name":"word","page_number":18,"line_number":6,"text":"ﮈﮉ","translation":{"text":"(like) those in fear","language_name":"english","language_id":38},"transliteration":{"text":"khāifīna","language_name":"english","language_id":38}},{"id":75159,"position":22,"audio_url":"wbw/002_114_024.mp3","qpc_uthmani_hafs":"لَهُمۡ","char_type_name":"word","page_number":18,"line_number":6,"text":"ﮊ","translation":{"text":"For them","language_name":"english","language_id":38},"transliteration":{"text":"lahum","language_name":"english","language_id":38}},{"id":75160,"position":23,"audio_url":"wbw/002_114_025.mp3","qpc_uthmani_hafs":"فِي","char_type_name":"word","page_number":18,"line_number":6,"text":"ﮋ","translation":{"text":"in","language_name":"english","language_id":38},"transliteration":{"text":"fī","language_name":"english","language_id":38}},{"id":75161,"position":24,"audio_url":"wbw/002_114_026.mp3","qpc_uthmani_hafs":"ٱلدُّنۡيَا","char_type_name":"word","page_number":18,"line_number":6,"text":"ﮌ","translation":{"text":"the world","language_name":"english","language_id":38},"transliteration":{"text":"l-dun'yā","language_name":"english","language_id":38}},{"id":75162,"position":25,"audio_url":"wbw/002_114_027.mp3","qpc_uthmani_hafs":"خِزۡيٞ","char_type_name":"word","page_number":18,"line_number":6,"text":"ﮍ","translation":{"text":"(is) disgrace","language_name":"english","language_id":38},"transliteration":{"text":"khiz'yun","language_name":"english","language_id":38}},{"id":75163,"position":26,"audio_url":"wbw/002_114_028.mp3","qpc_uthmani_hafs":"وَلَهُمۡ","char_type_name":"word","page_number":18,"line_number":7,"text":"ﮎ","translation":{"text":"and for them","language_name":"english","language_id":38},"transliteration":{"text":"walahum","language_name":"english","language_id":38}},{"id":75164,"position":27,"audio_url":"wbw/002_114_029.mp3","qpc_uthmani_hafs":"فِي","char_type_name":"word","page_number":18,"line_number":7,"text":"ﮏ","translation":{"text":"in","language_name":"english","language_id":38},"transliteration":{"text":"fī","language_name":"english","language_id":38}},{"id":75165,"position":28,"audio_url":"wbw/002_114_030.mp3","qpc_uthmani_hafs":"ٱلۡأٓخِرَةِ","char_type_name":"word","page_number":18,"line_number":7,"text":"ﮐ","translation":{"text":"the Hereafter","language_name":"english","language_id":38},"transliteration":{"text":"l-ākhirati","language_name":"english","language_id":38}},{"id":75166,"position":29,"audio_url":"wbw/002_114_031.mp3","qpc_uthmani_hafs":"عَذَابٌ","char_type_name":"word","page_number":18,"line_number":7,"text":"ﮑ","translation":{"text":"(is) a punishment","language_name":"english","language_id":38},"transliteration":{"text":"ʿadhābun","language_name":"english","language_id":38}},{"id":75167,"position":30,"audio_url":"wbw/002_114_032.mp3","qpc_uthmani_hafs":"عَظِيمٞ","char_type_name":"word","page_number":18,"line_number":7,"text":"ﮒ","translation":{"text":"great","language_name":"english","language_id":38},"transliteration":{"text":"ʿaẓīmun","language_name":"english","language_id":38}},{"id":75168,"position":31,"audio_url":null,"qpc_uthmani_hafs":"١١٤","char_type_name":"end","page_number":18,"line_number":7,"text":"ﮓ","translation":{"text":"(114)","language_name":"english","language_id":38},"transliteration":{"text":null,"language_name":"english","language_id":38}}],"translations":[{"id":916550,"resource_id":134,"text":"Dan siapakah yang lebih aniaya daripada orang yang menghalang-halangi menyebut nama Allah dalam masjid-masjid-Nya, dan berusaha untuk merobohkannya? Mereka itu tidak sepatutnya masuk ke dalamnya (masjid Allah), kecuali dengan rasa takut (kepada Allah). Mereka di dunia mendapat kehinaan dan di akhirat mendapat siksa yang berat."}]},{"id":122,"verse_number":115,"verse_key":"2:115","juz_number":1,"hizb_number":2,"rub_el_hizb_number":7,"ruku_number":15,"manzil_number":1,"sajdah_number":null,"text_uthmani":"وَلِلَّهِ ٱلْمَشْرِقُ وَٱلْمَغْرِبُ ۚ فَأَيْنَمَا تُوَلُّوا۟ فَثَمَّ وَجْهُ ٱللَّهِ ۚ إِنَّ ٱللَّهَ وَٰسِعٌ عَلِيمٌ","page_number":18,"words":[{"id":75425,"position":1,"audio_url":"wbw/002_115_001.mp3","qpc_uthmani_hafs":"وَلِلَّهِ","char_type_name":"word","page_number":18,"line_number":7,"text":"ﮔ","translation":{"text":"And for Allah","language_name":"english","language_id":38},"transliteration":{"text":"walillahi","language_name":"english","language_id":38}},{"id":75426,"position":2,"audio_url":"wbw/002_115_002.mp3","qpc_uthmani_hafs":"ٱلۡمَشۡرِقُ","char_type_name":"word","page_number":18,"line_number":7,"text":"ﮕ","translation":{"text":"(is) the east","language_name":"english","language_id":38},"transliteration":{"text":"l-mashriqu","language_name":"english","language_id":38}},{"id":75427,"position":3,"audio_url":"wbw/002_115_003.mp3","qpc_uthmani_hafs":"وَٱلۡمَغۡرِبُۚ","char_type_name":"word","page_number":18,"line_number":7,"text":"ﮖﮗ","translation":{"text":"and the west","language_name":"english","language_id":38},"transliteration":{"text":"wal-maghribu","language_name":"english","language_id":38}},{"id":75429,"position":4,"audio_url":"wbw/002_115_005.mp3","qpc_uthmani_hafs":"فَأَيۡنَمَا","char_type_name":"word","page_number":18,"line_number":8,"text":"ﮘ","translation":{"text":"so wherever","language_name":"english","language_id":38},"transliteration":{"text":"fa-aynamā","language_name":"english","language_id":38}},{"id":75430,"position":5,"audio_url":"wbw/002_115_006.mp3","qpc_uthmani_hafs":"تُوَلُّواْ","char_type_name":"word","page_number":18,"line_number":8,"text":"ﮙ","translation":{"text":"you turn","language_name":"english","language_id":38},"transliteration":{"text":"tuwallū","language_name":"english","language_id":38}},{"id":75431,"position":6,"audio_url":"wbw/002_115_007.mp3","qpc_uthmani_hafs":"فَثَمَّ","char_type_name":"word","page_number":18,"line_number":8,"text":"ﮚ","translation":{"text":"[so] there","language_name":"english","language_id":38},"transliteration":{"text":"fathamma","language_name":"english","language_id":38}},{"id":75432,"position":7,"audio_url":"wbw/002_115_008.mp3","qpc_uthmani_hafs":"وَجۡهُ","char_type_name":"word","page_number":18,"line_number":8,"text":"ﮛ","translation":{"text":"(is the) face","language_name":"english","language_id":38},"transliteration":{"text":"wajhu","language_name":"english","language_id":38}},{"id":75433,"position":8,"audio_url":"wbw/002_115_009.mp3","qpc_uthmani_hafs":"ٱللَّهِۚ","char_type_name":"word","page_number":18,"line_number":8,"text":"ﮜﮝ","translation":{"text":"(of) Allah","language_name":"english","language_id":38},"transliteration":{"text":"l-lahi","language_name":"english","language_id":38}},{"id":75435,"position":9,"audio_url":"wbw/002_115_011.mp3","qpc_uthmani_hafs":"إِنَّ","char_type_name":"word","page_number":18,"line_number":8,"text":"ﮞ","translation":{"text":"Indeed","language_name":"english","language_id":38},"transliteration":{"text":"inna","language_name":"english","language_id":38}},{"id":75436,"position":10,"audio_url":"wbw/002_115_012.mp3","qpc_uthmani_hafs":"ٱللَّهَ","char_type_name":"word","page_number":18,"line_number":8,"text":"ﮟ","translation":{"text":"Allah","language_name":"english","language_id":38},"transliteration":{"text":"l-laha","language_name":"english","language_id":38}},{"id":75437,"position":11,"audio_url":"wbw/002_115_013.mp3","qpc_uthmani_hafs":"وَٰسِعٌ","char_type_name":"word","page_number":18,"line_number":8,"text":"ﮠ","translation":{"text":"(is) All-Encompassing","language_name":"english","language_id":38},"transliteration":{"text":"wāsiʿun","language_name":"english","language_id":38}},{"id":75438,"position":12,"audio_url":"wbw/002_115_014.mp3","qpc_uthmani_hafs":"عَلِيمٞ","char_type_name":"word","page_number":18,"line_number":8,"text":"ﮡ","translation":{"text":"All-Knowing","language_name":"english","language_id":38},"transliteration":{"text":"ʿalīmun","language_name":"english","language_id":38}},{"id":75439,"position":13,"audio_url":null,"qpc_uthmani_hafs":"١١٥","char_type_name":"end","page_number":18,"line_number":8,"text":"ﮢ","translation":{"text":"(115)","language_name":"english","language_id":38},"transliteration":{"text":null,"language_name":"english","language_id":38}}],"translations":[{"id":916551,"resource_id":134,"text":"Dan kepunyaan Allah-lah timur dan barat, maka kemana pun kamu menghadap di situlah wajah Allah<sup foot_note=209852>1</sup>.  Sesungguhnya Allah Maha Luas (rahmat-Nya) lagi Maha Mengetahui."}]},{"id":123,"verse_number":116,"verse_key":"2:116","juz_number":1,"hizb_number":2,"rub_el_hizb_number":7,"ruku_number":15,"manzil_number":1,"sajdah_number":null,"text_uthmani":"وَقَالُوا۟ ٱتَّخَذَ ٱللَّهُ وَلَدًا ۗ سُبْحَـٰنَهُۥ ۖ بَل لَّهُۥ مَا فِى ٱلسَّمَـٰوَٰتِ وَٱلْأَرْضِ ۖ كُلٌّ لَّهُۥ قَـٰنِتُونَ","page_number":18,"words":[{"id":75477,"position":1,"audio_url":"wbw/002_116_001.mp3","qpc_uthmani_hafs":"وَقَالُواْ","char_type_name":"word","page_number":18,"line_number":9,"text":"ﮣ","translation":{"text":"And they said","language_name":"english","language_id":38},"transliteration":{"text":"waqālū","language_name":"english","language_id":38}},{"id":75478,"position":2,"audio_url":"wbw/002_116_002.mp3","qpc_uthmani_hafs":"ٱتَّخَذَ","char_type_name":"word","page_number":18,"line_number":9,"text":"ﮤ","translation":{"text":"has taken","language_name":"english","language_id":38},"transliteration":{"text":"ittakhadha","language_name":"english","language_id":38}},{"id":75479,"position":3,"audio_url":"wbw/002_116_003.mp3","qpc_uthmani_hafs":"ٱللَّهُ","char_type_name":"word","page_number":18,"line_number":9,"text":"ﮥ","translation":{"text":"Allah","language_name":"english","language_id":38},"transliteration":{"text":"l-lahu","language_name":"english","language_id":38}},{"id":75480,"position":4,"audio_url":"wbw/002_116_004.mp3","qpc_uthmani_hafs":"وَلَدٗاۗ","char_type_name":"word","page_number":18,"line_number":9,"text":"ﮦﮧ","translation":{"text":"a son","language_name":"english","language_id":38},"transliteration":{"text":"waladan","language_name":"english","language_id":38}},{"id":75482,"position":5,"audio_url":"wbw/002_116_006.mp3","qpc_uthmani_hafs":"سُبۡحَٰنَهُۥۖ","char_type_name":"word","page_number":18,"line_number":9,"text":"ﮨﮩ","translation":{"text":"Glory be to Him","language_name":"english","language_id":38},"transliteration":{"text":"sub'ḥānahu","language_name":"english","language_id":38}},{"id":75484,"position":6,"audio_url":"wbw/002_116_008.mp3","qpc_uthmani_hafs":"بَل","char_type_name":"word","page_number":18,"line_number":9,"text":"ﮪ","translation":{"text":"Nay","language_name":"english","language_id":38},"transliteration":{"text":"bal","language_name":"english","language_id":38}},{"id":75485,"position":7,"audio_url":"wbw/002_116_009.mp3","qpc_uthmani_hafs":"لَّهُۥ","char_type_name":"word","page_number":18,"line_number":9,"text":"ﮫ","translation":{"text":"for Him","language_name":"english","language_id":38},"transliteration":{"text":"lahu","language_name":"english","language_id":38}},{"id":75486,"position":8,"audio_url":"wbw/002_116_010.mp3","qpc_uthmani_hafs":"مَا","char_type_name":"word","page_number":18,"line_number":9,"text":"ﮬ","translation":{"text":"(is) what","language_name":"english","language_id":38},"transliteration":{"text":"mā","language_name":"english","language_id":38}},{"id":75487,"position":9,"audio_url":"wbw/002_116_011.mp3","qpc_uthmani_hafs":"فِي","char_type_name":"word","page_number":18,"line_number":9,"text":"ﮭ","translation":{"text":"(is) in","language_name":"english","language_id":38},"transliteration":{"text":"fī","language_name":"english","language_id":38}},{"id":75488,"position":10,"audio_url":"wbw/002_116_012.mp3","qpc_uthmani_hafs":"ٱلسَّمَٰوَٰتِ","char_type_name":"word","page_number":18,"line_number":9,"text":"ﮮ","translation":{"text":"the heavens","language_name":"english","language_id":38},"transliteration":{"text":"l-samāwāti","language_name":"english","language_id":38}},{"id":75489,"position":11,"audio_url":"wbw/002_116_013.mp3","qpc_uthmani_hafs":"وَٱلۡأَرۡضِۖ","char_type_name":"word","page_number":18,"line_number":10,"text":"ﮯﮰ","translation":{"text":"and the earth","language_name":"english","language_id":38},"transliteration":{"text":"wal-arḍi","language_name":"english","language_id":38}},{"id":75491,"position":12,"audio_url":"wbw/002_116_015.mp3","qpc_uthmani_hafs":"كُلّٞ","char_type_name":"word","page_number":18,"line_number":10,"text":"ﮱ","translation":{"text":"All","language_name":"english","language_id":38},"transliteration":{"text":"kullun","language_name":"english","language_id":38}},{"id":75492,"position":13,"audio_url":"wbw/002_116_016.mp3","qpc_uthmani_hafs":"لَّهُۥ","char_type_name":"word","page_number":18,"line_number":10,"text":"ﯓ","translation":{"text":"to Him","language_name":"english","language_id":38},"transliteration":{"text":"lahu","language_name":"english","language_id":38}},{"id":75493,"position":14,"audio_url":"wbw/002_116_017.mp3","qpc_uthmani_hafs":"قَٰنِتُونَ","char_type_name":"word","page_number":18,"line_number":10,"text":"ﯔ","translation":{"text":"(are) humbly obedient","language_name":"english","language_id":38},"transliteration":{"text":"qānitūna","language_name":"english","language_id":38}},{"id":75494,"position":15,"audio_url":null,"qpc_uthmani_hafs":"١١٦","char_type_name":"end","page_number":18,"line_number":10,"text":"ﯕ","translation":{"text":"(116)","language_name":"english","language_id":38},"transliteration":{"text":null,"language_name":"english","language_id":38}}],"translations":[{"id":916552,"resource_id":134,"text":"Mereka (orang-orang kafir) berkata, \"Allah mempunyai anak\".  Maha Suci Allah, bahkan apa yang ada di langit dan di bumi adalah kepunyaan Allah; semua tunduk kepada-Nya."}]},{"id":124,"verse_number":117,"verse_key":"2:117","juz_number":1,"hizb_number":2,"rub_el_hizb_number":7,"ruku_number":15,"manzil_number":1,"sajdah_number":null,"text_uthmani":"بَدِيعُ ٱلسَّمَـٰوَٰتِ وَٱلْأَرْضِ ۖ وَإِذَا قَضَىٰٓ أَمْرًا فَإِنَّمَا يَقُولُ لَهُۥ كُن فَيَكُونُ","page_number":18,"words":[{"id":75795,"position":1,"audio_url":"wbw/002_117_001.mp3","qpc_uthmani_hafs":"بَدِيعُ","char_type_name":"word","page_number":18,"line_number":10,"text":"ﯖ","translation":{"text":"(The) Originator","language_name":"english","language_id":38},"transliteration":{"text":"badīʿu","language_name":"english","language_id":38}},{"id":75796,"position":2,"audio_url":"wbw/002_117_002.mp3","qpc_uthmani_hafs":"ٱلسَّمَٰوَٰتِ","char_type_name":"word","page_number":18,"line_number":10,"text":"ﯗ","translation":{"text":"(of) the heavens","language_name":"english","language_id":38},"transliteration":{"text":"l-samāwāti","language_name":"english","language_id":38}},{"id":75797,"position":3,"audio_url":"wbw/002_117_003.mp3","qpc_uthmani_hafs":"وَٱلۡأَرۡضِۖ","char_type_name":"word","page_number":18,"line_number":10,"text":"ﯘﯙ","translation":{"text":"and the earth","language_name":"english","language_id":38},"transliteration":{"text":"wal-arḍi","language_name":"english","language_id":38}},{"id":75799,"position":4,"audio_url":"wbw/002_117_005.mp3","qpc_uthmani_hafs":"وَإِذَا","char_type_name":"word","page_number":18,"line_number":11,"text":"ﯚ","translation":{"text":"And when","language_name":"english","language_id":38},"transliteration":{"text":"wa-idhā","language_name":"english","language_id":38}},{"id":75800,"position":5,"audio_url":"wbw/002_117_006.mp3","qpc_uthmani_hafs":"قَضَىٰٓ","char_type_name":"word","page_number":18,"line_number":11,"text":"ﯛ","translation":{"text":"He decrees","language_name":"english","language_id":38},"transliteration":{"text":"qaḍā","language_name":"english","language_id":38}},{"id":75801,"position":6,"audio_url":"wbw/002_117_007.mp3","qpc_uthmani_hafs":"أَمۡرٗا","char_type_name":"word","page_number":18,"line_number":11,"text":"ﯜ","translation":{"text":"a matter","language_name":"english","language_id":38},"transliteration":{"text":"amran","language_name":"english","language_id":38}},{"id":75802,"position":7,"audio_url":"wbw/002_117_008.mp3","qpc_uthmani_hafs":"فَإِنَّمَا","char_type_name":"word","page_number":18,"line_number":11,"text":"ﯝ","translation":{"text":"[so] only","language_name":"english","language_id":38},"transliteration":{"text":"fa-innamā","language_name":"english","language_id":38}},{"id":75803,"position":8,"audio_url":"wbw/002_117_009.mp3","qpc_uthmani_hafs":"يَقُولُ","char_type_name":"word","page_number":18,"line_number":11,"text":"ﯞ","translation":{"text":"He says","language_name":"english","language_id":38},"transliteration":{"text":"yaqūlu","language_name":"english","language_id":38}},{"id":75804,"position":9,"audio_url":"wbw/002_117_010.mp3","qpc_uthmani_hafs":"لَهُۥ","char_type_name":"word","page_number":18,"line_number":11,"text":"ﯟ","translation":{"text":"to it","language_name":"english","language_id":38},"transliteration":{"text":"lahu","language_name":"english","language_id":38}},{"id":75805,"position":10,"audio_url":"wbw/002_117_011.mp3","qpc_uthmani_hafs":"كُن","char_type_name":"word","page_number":18,"line_number":11,"text":"ﯠ","translation":{"text":"Be","language_name":"english","language_id":38},"transliteration":{"text":"kun","language_name":"english","language_id":38}},{"id":75806,"position":11,"audio_url":"wbw/002_117_012.mp3","qpc_uthmani_hafs":"فَيَكُونُ","char_type_name":"word","page_number":18,"line_number":11,"text":"ﯡ","translation":{"text":"and it becomes","language_name":"english","language_id":38},"transliteration":{"text":"fayakūnu","language_name":"english","language_id":38}},{"id":75807,"position":12,"audio_url":null,"qpc_uthmani_hafs":"١١٧","char_type_name":"end","page_number":18,"line_number":11,"text":"ﯢ","translation":{"text":"(117)","language_name":"english","language_id":38},"transliteration":{"text":null,"language_name":"english","language_id":38}}],"translations":[{"id":916553,"resource_id":134,"text":"Allah Pencipta langit dan bumi, dan bila Dia berkehendak (untuk menciptakan) sesuatu, maka (cukuplah) Dia hanya mengatakan kepadanya, \"Jadilah\".  Lalu jadilah ia."}]},{"id":125,"verse_number":118,"verse_key":"2:118","juz_number":1,"hizb_number":2,"rub_el_hizb_number":7,"ruku_number":15,"manzil_number":1,"sajdah_number":null,"text_uthmani":"وَقَالَ ٱلَّذِينَ لَا يَعْلَمُونَ لَوْلَا يُكَلِّمُنَا ٱللَّهُ أَوْ تَأْتِينَآ ءَايَةٌ ۗ كَذَٰلِكَ قَالَ ٱلَّذِينَ مِن قَبْلِهِم مِّثْلَ قَوْلِهِمْ ۘ تَشَـٰبَهَتْ قُلُوبُهُمْ ۗ قَدْ بَيَّنَّا ٱلْـَٔايَـٰتِ لِقَوْمٍ يُوقِنُونَ","page_number":18,"words":[{"id":76042,"position":1,"audio_url":"wbw/002_118_001.mp3","qpc_uthmani_hafs":"وَقَالَ","char_type_name":"word","page_number":18,"line_number":11,"text":"ﯣ","translation":{"text":"And said","language_name":"english","language_id":38},"transliteration":{"text":"waqāla","language_name":"english","language_id":38}},{"id":76043,"position":2,"audio_url":"wbw/002_118_002.mp3","qpc_uthmani_hafs":"ٱلَّذِينَ","char_type_name":"word","page_number":18,"line_number":11,"text":"ﯤ","translation":{"text":"those who","language_name":"english","language_id":38},"transliteration":{"text":"alladhīna","language_name":"english","language_id":38}},{"id":76044,"position":3,"audio_url":"wbw/002_118_003.mp3","qpc_uthmani_hafs":"لَا","char_type_name":"word","page_number":18,"line_number":12,"text":"ﯥ","translation":{"text":"(do) not","language_name":"english","language_id":38},"transliteration":{"text":"lā","language_name":"english","language_id":38}},{"id":76045,"position":4,"audio_url":"wbw/002_118_004.mp3","qpc_uthmani_hafs":"يَعۡلَمُونَ","char_type_name":"word","page_number":18,"line_number":12,"text":"ﯦ","translation":{"text":"know","language_name":"english","language_id":38},"transliteration":{"text":"yaʿlamūna","language_name":"english","language_id":38}},{"id":76046,"position":5,"audio_url":"wbw/002_118_005.mp3","qpc_uthmani_hafs":"لَوۡلَا","char_type_name":"word","page_number":18,"line_number":12,"text":"ﯧ","translation":{"text":"Why not","language_name":"english","language_id":38},"transliteration":{"text":"lawlā","language_name":"english","language_id":38}},{"id":76047,"position":6,"audio_url":"wbw/002_118_006.mp3","qpc_uthmani_hafs":"يُكَلِّمُنَا","char_type_name":"word","page_number":18,"line_number":12,"text":"ﯨ","translation":{"text":"speaks to us","language_name":"english","language_id":38},"transliteration":{"text":"yukallimunā","language_name":"english","language_id":38}},{"id":76048,"position":7,"audio_url":"wbw/002_118_007.mp3","qpc_uthmani_hafs":"ٱللَّهُ","char_type_name":"word","page_number":18,"line_number":12,"text":"ﯩ","translation":{"text":"Allah","language_name":"english","language_id":38},"transliteration":{"text":"l-lahu","language_name":"english","language_id":38}},{"id":76049,"position":8,"audio_url":"wbw/002_118_008.mp3","qpc_uthmani_hafs":"أَوۡ","char_type_name":"word","page_number":18,"line_number":12,"text":"ﯪ","translation":{"text":"or","language_name":"english","language_id":38},"transliteration":{"text":"aw","language_name":"english","language_id":38}},{"id":76050,"position":9,"audio_url":"wbw/002_118_009.mp3","qpc_uthmani_hafs":"تَأۡتِينَآ","char_type_name":"word","page_number":18,"line_number":12,"text":"ﯫ","translation":{"text":"comes to us","language_name":"english","language_id":38},"transliteration":{"text":"tatīnā","language_name":"english","language_id":38}},{"id":76051,"position":10,"audio_url":"wbw/002_118_010.mp3","qpc_uthmani_hafs":"ءَايَةٞۗ","char_type_name":"word","page_number":18,"line_number":12,"text":"ﯬﯭ","translation":{"text":"a sign","language_name":"english","language_id":38},"transliteration":{"text":"āyatun","language_name":"english","language_id":38}},{"id":76053,"position":11,"audio_url":"wbw/002_118_012.mp3","qpc_uthmani_hafs":"كَذَٰلِكَ","char_type_name":"word","page_number":18,"line_number":12,"text":"ﯮ","translation":{"text":"Like that","language_name":"english","language_id":38},"transliteration":{"text":"kadhālika","language_name":"english","language_id":38}},{"id":76054,"position":12,"audio_url":"wbw/002_118_013.mp3","qpc_uthmani_hafs":"قَالَ","char_type_name":"word","page_number":18,"line_number":13,"text":"ﯯ","translation":{"text":"said","language_name":"english","language_id":38},"transliteration":{"text":"qāla","language_name":"english","language_id":38}},{"id":76055,"position":13,"audio_url":"wbw/002_118_014.mp3","qpc_uthmani_hafs":"ٱلَّذِينَ","char_type_name":"word","page_number":18,"line_number":13,"text":"ﯰ","translation":{"text":"those","language_name":"english","language_id":38},"transliteration":{"text":"alladhīna","language_name":"english","language_id":38}},{"id":76056,"position":14,"audio_url":"wbw/002_118_015.mp3","qpc_uthmani_hafs":"مِن","char_type_name":"word","page_number":18,"line_number":13,"text":"ﯱ","translation":{"text":"from","language_name":"english","language_id":38},"transliteration":{"text":"min","language_name":"english","language_id":38}},{"id":76057,"position":15,"audio_url":"wbw/002_118_016.mp3","qpc_uthmani_hafs":"قَبۡلِهِم","char_type_name":"word","page_number":18,"line_number":13,"text":"ﯲ","translation":{"text":"before them","language_name":"english","language_id":38},"transliteration":{"text":"qablihim","language_name":"english","language_id":38}},{"id":76058,"position":16,"audio_url":"wbw/002_118_017.mp3","qpc_uthmani_hafs":"مِّثۡلَ","char_type_name":"word","page_number":18,"line_number":13,"text":"ﯳ","translation":{"text":"similar","language_name":"english","language_id":38},"transliteration":{"text":"mith'la","language_name":"english","language_id":38}},{"id":76059,"position":17,"audio_url":"wbw/002_118_018.mp3","qpc_uthmani_hafs":"قَوۡلِهِمۡۘ","char_type_name":"word","page_number":18,"line_number":13,"text":"ﯴﯵ","translation":{"text":"their saying","language_name":"english","language_id":38},"transliteration":{"text":"qawlihim","language_name":"english","language_id":38}},{"id":76061,"position":18,"audio_url":"wbw/002_118_020.mp3","qpc_uthmani_hafs":"تَشَٰبَهَتۡ","char_type_name":"word","page_number":18,"line_number":13,"text":"ﯶ","translation":{"text":"Became alike","language_name":"english","language_id":38},"transliteration":{"text":"tashābahat","language_name":"english","language_id":38}},{"id":76062,"position":19,"audio_url":"wbw/002_118_021.mp3","qpc_uthmani_hafs":"قُلُوبُهُمۡۗ","char_type_name":"word","page_number":18,"line_number":13,"text":"ﯷﯸ","translation":{"text":"their hearts","language_name":"english","language_id":38},"transliteration":{"text":"qulūbuhum","language_name":"english","language_id":38}},{"id":76064,"position":20,"audio_url":"wbw/002_118_023.mp3","qpc_uthmani_hafs":"قَدۡ","char_type_name":"word","page_number":18,"line_number":14,"text":"ﯹ","translation":{"text":"Indeed","language_name":"english","language_id":38},"transliteration":{"text":"qad","language_name":"english","language_id":38}},{"id":76065,"position":21,"audio_url":"wbw/002_118_024.mp3","qpc_uthmani_hafs":"بَيَّنَّا","char_type_name":"word","page_number":18,"line_number":14,"text":"ﯺ","translation":{"text":"We have made clear","language_name":"english","language_id":38},"transliteration":{"text":"bayyannā","language_name":"english","language_id":38}},{"id":76066,"position":22,"audio_url":"wbw/002_118_025.mp3","qpc_uthmani_hafs":"ٱلۡأٓيَٰتِ","char_type_name":"word","page_number":18,"line_number":14,"text":"ﯻ","translation":{"text":"the signs","language_name":"english","language_id":38},"transliteration":{"text":"l-āyāti","language_name":"english","language_id":38}},{"id":76067,"position":23,"audio_url":"wbw/002_118_026.mp3","qpc_uthmani_hafs":"لِقَوۡمٖ","char_type_name":"word","page_number":18,"line_number":14,"text":"ﯼ","translation":{"text":"for people","language_name":"english","language_id":38},"transliteration":{"text":"liqawmin","language_name":"english","language_id":38}},{"id":76068,"position":24,"audio_url":"wbw/002_118_027.mp3","qpc_uthmani_hafs":"يُوقِنُونَ","char_type_name":"word","page_number":18,"line_number":14,"text":"ﯽ","translation":{"text":"(who) firmly believe","language_name":"english","language_id":38},"transliteration":{"text":"yūqinūna","language_name":"english","language_id":38}},{"id":76069,"position":25,"audio_url":null,"qpc_uthmani_hafs":"١١٨","char_type_name":"end","page_number":18,"line_number":14,"text":"ﯾ","translation":{"text":"(118)","language_name":"english","language_id":38},"transliteration":{"text":null,"language_name":"english","language_id":38}}],"translations":[{"id":916554,"resource_id":134,"text":"Dan orang-orang yang tidak mengetahui berkata, \"Mengapa Allah tidak (langsung) berbicara dengan kami atau datang tanda-tanda kekuasaan-Nya kepada kami?\" Demikian pula orang-orang yang sebelum mereka telah mengatakan seperti ucapan mereka itu; hati mereka serupa.  Sesungguhnya Kami telah menjelaskan tanda-tanda kekuasaan Kami kepada kaum yang yakin."}]},{"id":126,"verse_number":119,"verse_key":"2:119","juz_number":1,"hizb_number":2,"rub_el_hizb_number":7,"ruku_number":15,"manzil_number":1,"sajdah_number":null,"text_uthmani":"إِنَّآ أَرْسَلْنَـٰكَ بِٱلْحَقِّ بَشِيرًا وَنَذِيرًا ۖ وَلَا تُسْـَٔلُ عَنْ أَصْحَـٰبِ ٱلْجَحِيمِ","page_number":18,"words":[{"id":76208,"position":1,"audio_url":"wbw/002_119_001.mp3","qpc_uthmani_hafs":"إِنَّآ","char_type_name":"word","page_number":18,"line_number":14,"text":"ﯿ","translation":{"text":"Indeed We","language_name":"english","language_id":38},"transliteration":{"text":"innā","language_name":"english","language_id":38}},{"id":76209,"position":2,"audio_url":"wbw/002_119_002.mp3","qpc_uthmani_hafs":"أَرۡسَلۡنَٰكَ","char_type_name":"word","page_number":18,"line_number":14,"text":"ﰀ","translation":{"text":"[We] have sent you","language_name":"english","language_id":38},"transliteration":{"text":"arsalnāka","language_name":"english","language_id":38}},{"id":76210,"position":3,"audio_url":"wbw/002_119_003.mp3","qpc_uthmani_hafs":"بِٱلۡحَقِّ","char_type_name":"word","page_number":18,"line_number":15,"text":"ﰁ","translation":{"text":"with the truth","language_name":"english","language_id":38},"transliteration":{"text":"bil-ḥaqi","language_name":"english","language_id":38}},{"id":76211,"position":4,"audio_url":"wbw/002_119_004.mp3","qpc_uthmani_hafs":"بَشِيرٗا","char_type_name":"word","page_number":18,"line_number":15,"text":"ﰂ","translation":{"text":"(as) a bearer of good news","language_name":"english","language_id":38},"transliteration":{"text":"bashīran","language_name":"english","language_id":38}},{"id":76212,"position":5,"audio_url":"wbw/002_119_005.mp3","qpc_uthmani_hafs":"وَنَذِيرٗاۖ","char_type_name":"word","page_number":18,"line_number":15,"text":"ﰃﰄ","translation":{"text":"and (as) a warner","language_name":"english","language_id":38},"transliteration":{"text":"wanadhīran","language_name":"english","language_id":38}},{"id":76214,"position":6,"audio_url":"wbw/002_119_007.mp3","qpc_uthmani_hafs":"وَلَا","char_type_name":"word","page_number":18,"line_number":15,"text":"ﰅ","translation":{"text":"And not","language_name":"english","language_id":38},"transliteration":{"text":"walā","language_name":"english","language_id":38}},{"id":76215,"position":7,"audio_url":"wbw/002_119_008.mp3","qpc_uthmani_hafs":"تُسۡـَٔلُ","char_type_name":"word","page_number":18,"line_number":15,"text":"ﰆ","translation":{"text":"you will be asked","language_name":"english","language_id":38},"transliteration":{"text":"tus'alu","language_name":"english","language_id":38}},{"id":76216,"position":8,"audio_url":"wbw/002_119_009.mp3","qpc_uthmani_hafs":"عَنۡ","char_type_name":"word","page_number":18,"line_number":15,"text":"ﰇ","translation":{"text":"about","language_name":"english","language_id":38},"transliteration":{"text":"ʿan","language_name":"english","language_id":38}},{"id":76217,"position":9,"audio_url":"wbw/002_119_010.mp3","qpc_uthmani_hafs":"أَصۡحَٰبِ","char_type_name":"word","page_number":18,"line_number":15,"text":"ﰈ","translation":{"text":"(the) companions","language_name":"english","language_id":38},"transliteration":{"text":"aṣḥābi","language_name":"english","language_id":38}},{"id":76218,"position":10,"audio_url":"wbw/002_119_011.mp3","qpc_uthmani_hafs":"ٱلۡجَحِيمِ","char_type_name":"word","page_number":18,"line_number":15,"text":"ﰉ","translation":{"text":"(of) the blazing Fire","language_name":"english","language_id":38},"transliteration":{"text":"l-jaḥīmi","language_name":"english","language_id":38}},{"id":76219,"position":11,"audio_url":null,"qpc_uthmani_hafs":"١١٩","char_type_name":"end","page_number":18,"line_number":15,"text":"ﰊ","translation":{"text":"(119)","language_name":"english","language_id":38},"transliteration":{"text":null,"language_name":"english","language_id":38}}],"translations":[{"id":916555,"resource_id":134,"text":"Sesungguhnya Kami telah mengutusmu (Muhammad) dengan kebenaran sebagai pembawa berita gembira dan pemberi peringatan, dan kamu tidak akan diminta (pertanggunganjawaban) tentang penghuni-penghuni neraka."}]}],"pagination":{"per_page":50,"current_page":1,"next_page":null,"total_pages":1,"total_records":7}}