{"verses":[{"id":1186,"verse_number":26,"verse_key":"8:26","juz_number":9,"hizb_number":18,"rub_el_hizb_number":72,"ruku_number":148,"manzil_number":2,"sajdah_number":null,"text_uthmani":"وَٱذْكُرُوٓا۟ إِذْ أَنتُمْ قَلِيلٌ مُّسْتَضْعَفُونَ فِى ٱلْأَرْضِ تَخَافُونَ أَن يَتَخَطَّفَكُمُ ٱلنَّاسُ فَـَٔاوَىٰكُمْ وَأَيَّدَكُم بِنَصْرِهِۦ وَرَزَقَكُم مِّنَ ٱلطَّيِّبَـٰتِ لَعَلَّكُمْ تَشْكُرُونَ","page_number":180,"words":[{"id":28848,"position":1,"audio_url":"wbw/008_026_001.mp3","qpc_uthmani_hafs":"وَٱذۡكُرُوٓاْ","char_type_name":"word","page_number":180,"line_number":1,"text":"ﭑ","translation":{"text":"And remember","language_name":"english","language_id":38},"transliteration":{"text":"wa-udh'kurū","language_name":"english","language_id":38}},{"id":28849,"position":2,"audio_url":"wbw/008_026_002.mp3","qpc_uthmani_hafs":"إِذۡ","char_type_name":"word","page_number":180,"line_number":1,"text":"ﭒ","translation":{"text":"when","language_name":"english","language_id":38},"transliteration":{"text":"idh","language_name":"english","language_id":38}},{"id":28850,"position":3,"audio_url":"wbw/008_026_003.mp3","qpc_uthmani_hafs":"أَنتُمۡ","char_type_name":"word","page_number":180,"line_number":1,"text":"ﭓ","translation":{"text":"you","language_name":"english","language_id":38},"transliteration":{"text":"antum","language_name":"english","language_id":38}},{"id":28851,"position":4,"audio_url":"wbw/008_026_004.mp3","qpc_uthmani_hafs":"قَلِيلٞ","char_type_name":"word","page_number":180,"line_number":1,"text":"ﭔ","translation":{"text":"(were) few","language_name":"english","language_id":38},"transliteration":{"text":"qalīlun","language_name":"english","language_id":38}},{"id":28852,"position":5,"audio_url":"wbw/008_026_005.mp3","qpc_uthmani_hafs":"مُّسۡتَضۡعَفُونَ","char_type_name":"word","page_number":180,"line_number":1,"text":"ﭕ","translation":{"text":"(and) deemed weak","language_name":"english","language_id":38},"transliteration":{"text":"mus'taḍʿafūna","language_name":"english","language_id":38}},{"id":28853,"position":6,"audio_url":"wbw/008_026_006.mp3","qpc_uthmani_hafs":"فِي","char_type_name":"word","page_number":180,"line_number":1,"text":"ﭖ","translation":{"text":"in","language_name":"english","language_id":38},"transliteration":{"text":"fī","language_name":"english","language_id":38}},{"id":28854,"position":7,"audio_url":"wbw/008_026_007.mp3","qpc_uthmani_hafs":"ٱلۡأَرۡضِ","char_type_name":"word","page_number":180,"line_number":1,"text":"ﭗ","translation":{"text":"the earth","language_name":"english","language_id":38},"transliteration":{"text":"l-arḍi","language_name":"english","language_id":38}},{"id":28855,"position":8,"audio_url":"wbw/008_026_008.mp3","qpc_uthmani_hafs":"تَخَافُونَ","char_type_name":"word","page_number":180,"line_number":1,"text":"ﭘ","translation":{"text":"fearing","language_name":"english","language_id":38},"transliteration":{"text":"takhāfūna","language_name":"english","language_id":38}},{"id":28856,"position":9,"audio_url":"wbw/008_026_009.mp3","qpc_uthmani_hafs":"أَن","char_type_name":"word","page_number":180,"line_number":2,"text":"ﭙ","translation":{"text":"that","language_name":"english","language_id":38},"transliteration":{"text":"an","language_name":"english","language_id":38}},{"id":28857,"position":10,"audio_url":"wbw/008_026_010.mp3","qpc_uthmani_hafs":"يَتَخَطَّفَكُمُ","char_type_name":"word","page_number":180,"line_number":2,"text":"ﭚ","translation":{"text":"might do away with you","language_name":"english","language_id":38},"transliteration":{"text":"yatakhaṭṭafakumu","language_name":"english","language_id":38}},{"id":28858,"position":11,"audio_url":"wbw/008_026_011.mp3","qpc_uthmani_hafs":"ٱلنَّاسُ","char_type_name":"word","page_number":180,"line_number":2,"text":"ﭛ","translation":{"text":"the men","language_name":"english","language_id":38},"transliteration":{"text":"l-nāsu","language_name":"english","language_id":38}},{"id":28859,"position":12,"audio_url":"wbw/008_026_012.mp3","qpc_uthmani_hafs":"فَـَٔاوَىٰكُمۡ","char_type_name":"word","page_number":180,"line_number":2,"text":"ﭜ","translation":{"text":"then He sheltered you","language_name":"english","language_id":38},"transliteration":{"text":"faāwākum","language_name":"english","language_id":38}},{"id":28860,"position":13,"audio_url":"wbw/008_026_013.mp3","qpc_uthmani_hafs":"وَأَيَّدَكُم","char_type_name":"word","page_number":180,"line_number":2,"text":"ﭝ","translation":{"text":"and strengthened you","language_name":"english","language_id":38},"transliteration":{"text":"wa-ayyadakum","language_name":"english","language_id":38}},{"id":28861,"position":14,"audio_url":"wbw/008_026_014.mp3","qpc_uthmani_hafs":"بِنَصۡرِهِۦ","char_type_name":"word","page_number":180,"line_number":2,"text":"ﭞ","translation":{"text":"with His help","language_name":"english","language_id":38},"transliteration":{"text":"binaṣrihi","language_name":"english","language_id":38}},{"id":28862,"position":15,"audio_url":"wbw/008_026_015.mp3","qpc_uthmani_hafs":"وَرَزَقَكُم","char_type_name":"word","page_number":180,"line_number":2,"text":"ﭟ","translation":{"text":"and provided you","language_name":"english","language_id":38},"transliteration":{"text":"warazaqakum","language_name":"english","language_id":38}},{"id":28863,"position":16,"audio_url":"wbw/008_026_016.mp3","qpc_uthmani_hafs":"مِّنَ","char_type_name":"word","page_number":180,"line_number":3,"text":"ﭠ","translation":{"text":"of","language_name":"english","language_id":38},"transliteration":{"text":"mina","language_name":"english","language_id":38}},{"id":28864,"position":17,"audio_url":"wbw/008_026_017.mp3","qpc_uthmani_hafs":"ٱلطَّيِّبَٰتِ","char_type_name":"word","page_number":180,"line_number":3,"text":"ﭡ","translation":{"text":"the good things","language_name":"english","language_id":38},"transliteration":{"text":"l-ṭayibāti","language_name":"english","language_id":38}},{"id":28865,"position":18,"audio_url":"wbw/008_026_018.mp3","qpc_uthmani_hafs":"لَعَلَّكُمۡ","char_type_name":"word","page_number":180,"line_number":3,"text":"ﭢ","translation":{"text":"so that you may","language_name":"english","language_id":38},"transliteration":{"text":"laʿallakum","language_name":"english","language_id":38}},{"id":28866,"position":19,"audio_url":"wbw/008_026_019.mp3","qpc_uthmani_hafs":"تَشۡكُرُونَ","char_type_name":"word","page_number":180,"line_number":3,"text":"ﭣ","translation":{"text":"(be) thankful","language_name":"english","language_id":38},"transliteration":{"text":"tashkurūna","language_name":"english","language_id":38}},{"id":28867,"position":20,"audio_url":null,"qpc_uthmani_hafs":"٢٦","char_type_name":"end","page_number":180,"line_number":3,"text":"ﭤ","translation":{"text":"(26)","language_name":"english","language_id":38},"transliteration":{"text":null,"language_name":"english","language_id":38}}],"translations":[{"id":917615,"resource_id":134,"text":"Dan ingatlah (hai para muhajirin) ketika kamu masih berjumlah sedikit lagi tertindas di muka bumi (Mekah), kamu takut orang-orang (Mekah) akan menculik kamu, maka Allah memberi kamu tempat menetap (Madinah) dan dijadikan-Nya kamu kuat dengan pertolongan-Nya dan diberi-Nya kamu rezeki dari yang baik-baik agar kamu bersyukur."}]},{"id":1187,"verse_number":27,"verse_key":"8:27","juz_number":9,"hizb_number":18,"rub_el_hizb_number":72,"ruku_number":148,"manzil_number":2,"sajdah_number":null,"text_uthmani":"يَـٰٓأَيُّهَا ٱلَّذِينَ ءَامَنُوا۟ لَا تَخُونُوا۟ ٱللَّهَ وَٱلرَّسُولَ وَتَخُونُوٓا۟ أَمَـٰنَـٰتِكُمْ وَأَنتُمْ تَعْلَمُونَ","page_number":180,"words":[{"id":29652,"position":1,"audio_url":"wbw/008_027_001.mp3","qpc_uthmani_hafs":"يَٰٓأَيُّهَا","char_type_name":"word","page_number":180,"line_number":3,"text":"ﭥ","translation":{"text":"O you","language_name":"english","language_id":38},"transliteration":{"text":"yāayyuhā","language_name":"english","language_id":38}},{"id":29653,"position":2,"audio_url":"wbw/008_027_002.mp3","qpc_uthmani_hafs":"ٱلَّذِينَ","char_type_name":"word","page_number":180,"line_number":3,"text":"ﭦ","translation":{"text":"who","language_name":"english","language_id":38},"transliteration":{"text":"alladhīna","language_name":"english","language_id":38}},{"id":29654,"position":3,"audio_url":"wbw/008_027_003.mp3","qpc_uthmani_hafs":"ءَامَنُواْ","char_type_name":"word","page_number":180,"line_number":3,"text":"ﭧ","translation":{"text":"believe","language_name":"english","language_id":38},"transliteration":{"text":"āmanū","language_name":"english","language_id":38}},{"id":29655,"position":4,"audio_url":"wbw/008_027_004.mp3","qpc_uthmani_hafs":"لَا","char_type_name":"word","page_number":180,"line_number":4,"text":"ﭨ","translation":{"text":"(Do) not","language_name":"english","language_id":38},"transliteration":{"text":"lā","language_name":"english","language_id":38}},{"id":29656,"position":5,"audio_url":"wbw/008_027_005.mp3","qpc_uthmani_hafs":"تَخُونُواْ","char_type_name":"word","page_number":180,"line_number":4,"text":"ﭩ","translation":{"text":"betray","language_name":"english","language_id":38},"transliteration":{"text":"takhūnū","language_name":"english","language_id":38}},{"id":29657,"position":6,"audio_url":"wbw/008_027_006.mp3","qpc_uthmani_hafs":"ٱللَّهَ","char_type_name":"word","page_number":180,"line_number":4,"text":"ﭪ","translation":{"text":"Allah","language_name":"english","language_id":38},"transliteration":{"text":"l-laha","language_name":"english","language_id":38}},{"id":29658,"position":7,"audio_url":"wbw/008_027_007.mp3","qpc_uthmani_hafs":"وَٱلرَّسُولَ","char_type_name":"word","page_number":180,"line_number":4,"text":"ﭫ","translation":{"text":"and the Messenger","language_name":"english","language_id":38},"transliteration":{"text":"wal-rasūla","language_name":"english","language_id":38}},{"id":29659,"position":8,"audio_url":"wbw/008_027_008.mp3","qpc_uthmani_hafs":"وَتَخُونُوٓاْ","char_type_name":"word","page_number":180,"line_number":4,"text":"ﭬ","translation":{"text":"or betray","language_name":"english","language_id":38},"transliteration":{"text":"watakhūnū","language_name":"english","language_id":38}},{"id":29660,"position":9,"audio_url":"wbw/008_027_009.mp3","qpc_uthmani_hafs":"أَمَٰنَٰتِكُمۡ","char_type_name":"word","page_number":180,"line_number":4,"text":"ﭭ","translation":{"text":"your trusts","language_name":"english","language_id":38},"transliteration":{"text":"amānātikum","language_name":"english","language_id":38}},{"id":29661,"position":10,"audio_url":"wbw/008_027_010.mp3","qpc_uthmani_hafs":"وَأَنتُمۡ","char_type_name":"word","page_number":180,"line_number":4,"text":"ﭮ","translation":{"text":"while you","language_name":"english","language_id":38},"transliteration":{"text":"wa-antum","language_name":"english","language_id":38}},{"id":29662,"position":11,"audio_url":"wbw/008_027_011.mp3","qpc_uthmani_hafs":"تَعۡلَمُونَ","char_type_name":"word","page_number":180,"line_number":4,"text":"ﭯ","translation":{"text":"know","language_name":"english","language_id":38},"transliteration":{"text":"taʿlamūna","language_name":"english","language_id":38}},{"id":29663,"position":12,"audio_url":null,"qpc_uthmani_hafs":"٢٧","char_type_name":"end","page_number":180,"line_number":5,"text":"ﭰ","translation":{"text":"(27)","language_name":"english","language_id":38},"transliteration":{"text":null,"language_name":"english","language_id":38}}],"translations":[{"id":917616,"resource_id":134,"text":"Hai orang-orang yang beriman, janganlah kamu mengkhianati Allah dan Rasul (Muhammad), dan (juga) janganlah kamu mengkhianati amanat-amanat yang dipercayakan kepadamu, sedang kamu mengetahui."}]},{"id":1188,"verse_number":28,"verse_key":"8:28","juz_number":9,"hizb_number":18,"rub_el_hizb_number":72,"ruku_number":148,"manzil_number":2,"sajdah_number":null,"text_uthmani":"وَٱعْلَمُوٓا۟ أَنَّمَآ أَمْوَٰلُكُمْ وَأَوْلَـٰدُكُمْ فِتْنَةٌ وَأَنَّ ٱللَّهَ عِندَهُۥٓ أَجْرٌ عَظِيمٌ","page_number":180,"words":[{"id":30738,"position":1,"audio_url":"wbw/008_028_001.mp3","qpc_uthmani_hafs":"وَٱعۡلَمُوٓاْ","char_type_name":"word","page_number":180,"line_number":5,"text":"ﭱ","translation":{"text":"And know","language_name":"english","language_id":38},"transliteration":{"text":"wa-iʿ'lamū","language_name":"english","language_id":38}},{"id":30739,"position":2,"audio_url":"wbw/008_028_002.mp3","qpc_uthmani_hafs":"أَنَّمَآ","char_type_name":"word","page_number":180,"line_number":5,"text":"ﭲ","translation":{"text":"that","language_name":"english","language_id":38},"transliteration":{"text":"annamā","language_name":"english","language_id":38}},{"id":30740,"position":3,"audio_url":"wbw/008_028_003.mp3","qpc_uthmani_hafs":"أَمۡوَٰلُكُمۡ","char_type_name":"word","page_number":180,"line_number":5,"text":"ﭳ","translation":{"text":"your wealth","language_name":"english","language_id":38},"transliteration":{"text":"amwālukum","language_name":"english","language_id":38}},{"id":30741,"position":4,"audio_url":"wbw/008_028_004.mp3","qpc_uthmani_hafs":"وَأَوۡلَٰدُكُمۡ","char_type_name":"word","page_number":180,"line_number":5,"text":"ﭴ","translation":{"text":"and your children","language_name":"english","language_id":38},"transliteration":{"text":"wa-awlādukum","language_name":"english","language_id":38}},{"id":30742,"position":5,"audio_url":"wbw/008_028_005.mp3","qpc_uthmani_hafs":"فِتۡنَةٞ","char_type_name":"word","page_number":180,"line_number":5,"text":"ﭵ","translation":{"text":"(are) a trial","language_name":"english","language_id":38},"transliteration":{"text":"fit'natun","language_name":"english","language_id":38}},{"id":30743,"position":6,"audio_url":"wbw/008_028_006.mp3","qpc_uthmani_hafs":"وَأَنَّ","char_type_name":"word","page_number":180,"line_number":5,"text":"ﭶ","translation":{"text":"And that","language_name":"english","language_id":38},"transliteration":{"text":"wa-anna","language_name":"english","language_id":38}},{"id":30744,"position":7,"audio_url":"wbw/008_028_007.mp3","qpc_uthmani_hafs":"ٱللَّهَ","char_type_name":"word","page_number":180,"line_number":5,"text":"ﭷ","translation":{"text":"Allah ","language_name":"english","language_id":38},"transliteration":{"text":"l-laha","language_name":"english","language_id":38}},{"id":30745,"position":8,"audio_url":"wbw/008_028_008.mp3","qpc_uthmani_hafs":"عِندَهُۥٓ","char_type_name":"word","page_number":180,"line_number":6,"text":"ﭸ","translation":{"text":"with Him","language_name":"english","language_id":38},"transliteration":{"text":"ʿindahu","language_name":"english","language_id":38}},{"id":30746,"position":9,"audio_url":"wbw/008_028_009.mp3","qpc_uthmani_hafs":"أَجۡرٌ","char_type_name":"word","page_number":180,"line_number":6,"text":"ﭹ","translation":{"text":"(is) a reward","language_name":"english","language_id":38},"transliteration":{"text":"ajrun","language_name":"english","language_id":38}},{"id":30747,"position":10,"audio_url":"wbw/008_028_010.mp3","qpc_uthmani_hafs":"عَظِيمٞ","char_type_name":"word","page_number":180,"line_number":6,"text":"ﭺ","translation":{"text":"great","language_name":"english","language_id":38},"transliteration":{"text":"ʿaẓīmun","language_name":"english","language_id":38}},{"id":30748,"position":11,"audio_url":null,"qpc_uthmani_hafs":"٢٨","char_type_name":"end","page_number":180,"line_number":6,"text":"ﭻ","translation":{"text":"(28)","language_name":"english","language_id":38},"transliteration":{"text":null,"language_name":"english","language_id":38}}],"translations":[{"id":917617,"resource_id":134,"text":"Dan ketahuilah bahwa hartamu dan anak-anakmu itu hanyalah sebagai cobaan dan sesungguhnya di sisi Allah-lah pahala yang besar."}]},{"id":1189,"verse_number":29,"verse_key":"8:29","juz_number":9,"hizb_number":18,"rub_el_hizb_number":72,"ruku_number":149,"manzil_number":2,"sajdah_number":null,"text_uthmani":"يَـٰٓأَيُّهَا ٱلَّذِينَ ءَامَنُوٓا۟ إِن تَتَّقُوا۟ ٱللَّهَ يَجْعَل لَّكُمْ فُرْقَانًا وَيُكَفِّرْ عَنكُمْ سَيِّـَٔاتِكُمْ وَيَغْفِرْ لَكُمْ ۗ وَٱللَّهُ ذُو ٱلْفَضْلِ ٱلْعَظِيمِ","page_number":180,"words":[{"id":31810,"position":1,"audio_url":"wbw/008_029_001.mp3","qpc_uthmani_hafs":"يَٰٓأَيُّهَا","char_type_name":"word","page_number":180,"line_number":6,"text":"ﭼ","translation":{"text":"O you","language_name":"english","language_id":38},"transliteration":{"text":"yāayyuhā","language_name":"english","language_id":38}},{"id":31811,"position":2,"audio_url":"wbw/008_029_002.mp3","qpc_uthmani_hafs":"ٱلَّذِينَ","char_type_name":"word","page_number":180,"line_number":6,"text":"ﭽ","translation":{"text":"who","language_name":"english","language_id":38},"transliteration":{"text":"alladhīna","language_name":"english","language_id":38}},{"id":31812,"position":3,"audio_url":"wbw/008_029_003.mp3","qpc_uthmani_hafs":"ءَامَنُوٓاْ","char_type_name":"word","page_number":180,"line_number":6,"text":"ﭾ","translation":{"text":"believe","language_name":"english","language_id":38},"transliteration":{"text":"āmanū","language_name":"english","language_id":38}},{"id":31813,"position":4,"audio_url":"wbw/008_029_004.mp3","qpc_uthmani_hafs":"إِن","char_type_name":"word","page_number":180,"line_number":6,"text":"ﭿ","translation":{"text":"If","language_name":"english","language_id":38},"transliteration":{"text":"in","language_name":"english","language_id":38}},{"id":31814,"position":5,"audio_url":"wbw/008_029_005.mp3","qpc_uthmani_hafs":"تَتَّقُواْ","char_type_name":"word","page_number":180,"line_number":6,"text":"ﮀ","translation":{"text":"you fear","language_name":"english","language_id":38},"transliteration":{"text":"tattaqū","language_name":"english","language_id":38}},{"id":31815,"position":6,"audio_url":"wbw/008_029_006.mp3","qpc_uthmani_hafs":"ٱللَّهَ","char_type_name":"word","page_number":180,"line_number":7,"text":"ﮁ","translation":{"text":"Allah","language_name":"english","language_id":38},"transliteration":{"text":"l-laha","language_name":"english","language_id":38}},{"id":31816,"position":7,"audio_url":"wbw/008_029_007.mp3","qpc_uthmani_hafs":"يَجۡعَل","char_type_name":"word","page_number":180,"line_number":7,"text":"ﮂ","translation":{"text":"He will grant","language_name":"english","language_id":38},"transliteration":{"text":"yajʿal","language_name":"english","language_id":38}},{"id":31817,"position":8,"audio_url":"wbw/008_029_008.mp3","qpc_uthmani_hafs":"لَّكُمۡ","char_type_name":"word","page_number":180,"line_number":7,"text":"ﮃ","translation":{"text":"you","language_name":"english","language_id":38},"transliteration":{"text":"lakum","language_name":"english","language_id":38}},{"id":31818,"position":9,"audio_url":"wbw/008_029_009.mp3","qpc_uthmani_hafs":"فُرۡقَانٗا","char_type_name":"word","page_number":180,"line_number":7,"text":"ﮄ","translation":{"text":"a criterion","language_name":"english","language_id":38},"transliteration":{"text":"fur'qānan","language_name":"english","language_id":38}},{"id":31819,"position":10,"audio_url":"wbw/008_029_010.mp3","qpc_uthmani_hafs":"وَيُكَفِّرۡ","char_type_name":"word","page_number":180,"line_number":7,"text":"ﮅ","translation":{"text":"and will remove","language_name":"english","language_id":38},"transliteration":{"text":"wayukaffir","language_name":"english","language_id":38}},{"id":31820,"position":11,"audio_url":"wbw/008_029_011.mp3","qpc_uthmani_hafs":"عَنكُمۡ","char_type_name":"word","page_number":180,"line_number":7,"text":"ﮆ","translation":{"text":"from you","language_name":"english","language_id":38},"transliteration":{"text":"ʿankum","language_name":"english","language_id":38}},{"id":31821,"position":12,"audio_url":"wbw/008_029_012.mp3","qpc_uthmani_hafs":"سَيِّـَٔاتِكُمۡ","char_type_name":"word","page_number":180,"line_number":7,"text":"ﮇ","translation":{"text":"your evil deeds","language_name":"english","language_id":38},"transliteration":{"text":"sayyiātikum","language_name":"english","language_id":38}},{"id":31822,"position":13,"audio_url":"wbw/008_029_013.mp3","qpc_uthmani_hafs":"وَيَغۡفِرۡ","char_type_name":"word","page_number":180,"line_number":7,"text":"ﮈ","translation":{"text":"and forgive","language_name":"english","language_id":38},"transliteration":{"text":"wayaghfir","language_name":"english","language_id":38}},{"id":31823,"position":14,"audio_url":"wbw/008_029_014.mp3","qpc_uthmani_hafs":"لَكُمۡۗ","char_type_name":"word","page_number":180,"line_number":8,"text":"ﮉﮊ","translation":{"text":"you","language_name":"english","language_id":38},"transliteration":{"text":"lakum","language_name":"english","language_id":38}},{"id":31825,"position":15,"audio_url":"wbw/008_029_016.mp3","qpc_uthmani_hafs":"وَٱللَّهُ","char_type_name":"word","page_number":180,"line_number":8,"text":"ﮋ","translation":{"text":"And Allah","language_name":"english","language_id":38},"transliteration":{"text":"wal-lahu","language_name":"english","language_id":38}},{"id":31826,"position":16,"audio_url":"wbw/008_029_017.mp3","qpc_uthmani_hafs":"ذُو","char_type_name":"word","page_number":180,"line_number":8,"text":"ﮌ","translation":{"text":"(is) the Possessor","language_name":"english","language_id":38},"transliteration":{"text":"dhū","language_name":"english","language_id":38}},{"id":31827,"position":17,"audio_url":"wbw/008_029_018.mp3","qpc_uthmani_hafs":"ٱلۡفَضۡلِ","char_type_name":"word","page_number":180,"line_number":8,"text":"ﮍ","translation":{"text":"(of) Bounty","language_name":"english","language_id":38},"transliteration":{"text":"l-faḍli","language_name":"english","language_id":38}},{"id":31828,"position":18,"audio_url":"wbw/008_029_019.mp3","qpc_uthmani_hafs":"ٱلۡعَظِيمِ","char_type_name":"word","page_number":180,"line_number":8,"text":"ﮎ","translation":{"text":"the Great","language_name":"english","language_id":38},"transliteration":{"text":"l-ʿaẓīmi","language_name":"english","language_id":38}},{"id":31829,"position":19,"audio_url":null,"qpc_uthmani_hafs":"٢٩","char_type_name":"end","page_number":180,"line_number":8,"text":"ﮏ","translation":{"text":"(29)","language_name":"english","language_id":38},"transliteration":{"text":null,"language_name":"english","language_id":38}}],"translations":[{"id":917618,"resource_id":134,"text":"Hai orang-orang beriman, jika kamu bertakwa kepada Allah, niscaya Dia akan memberikan kepadamu Furqān<sup foot_note=210376>1</sup>.   Dan menghapuskan segala kesalahan-kesalahanmu, dan mengampuni (dosa-dosa)mu.  Dan Allah mempunyai karunia yang besar."}]},{"id":1190,"verse_number":30,"verse_key":"8:30","juz_number":9,"hizb_number":18,"rub_el_hizb_number":72,"ruku_number":149,"manzil_number":2,"sajdah_number":null,"text_uthmani":"وَإِذْ يَمْكُرُ بِكَ ٱلَّذِينَ كَفَرُوا۟ لِيُثْبِتُوكَ أَوْ يَقْتُلُوكَ أَوْ يُخْرِجُوكَ ۚ وَيَمْكُرُونَ وَيَمْكُرُ ٱللَّهُ ۖ وَٱللَّهُ خَيْرُ ٱلْمَـٰكِرِينَ","page_number":180,"words":[{"id":32662,"position":1,"audio_url":"wbw/008_030_001.mp3","qpc_uthmani_hafs":"وَإِذۡ","char_type_name":"word","page_number":180,"line_number":8,"text":"ﮐ","translation":{"text":"And when","language_name":"english","language_id":38},"transliteration":{"text":"wa-idh","language_name":"english","language_id":38}},{"id":32663,"position":2,"audio_url":"wbw/008_030_002.mp3","qpc_uthmani_hafs":"يَمۡكُرُ","char_type_name":"word","page_number":180,"line_number":8,"text":"ﮑ","translation":{"text":"plotted","language_name":"english","language_id":38},"transliteration":{"text":"yamkuru","language_name":"english","language_id":38}},{"id":32664,"position":3,"audio_url":"wbw/008_030_003.mp3","qpc_uthmani_hafs":"بِكَ","char_type_name":"word","page_number":180,"line_number":8,"text":"ﮒ","translation":{"text":"against you","language_name":"english","language_id":38},"transliteration":{"text":"bika","language_name":"english","language_id":38}},{"id":32665,"position":4,"audio_url":"wbw/008_030_004.mp3","qpc_uthmani_hafs":"ٱلَّذِينَ","char_type_name":"word","page_number":180,"line_number":8,"text":"ﮓ","translation":{"text":"those who","language_name":"english","language_id":38},"transliteration":{"text":"alladhīna","language_name":"english","language_id":38}},{"id":32666,"position":5,"audio_url":"wbw/008_030_005.mp3","qpc_uthmani_hafs":"كَفَرُواْ","char_type_name":"word","page_number":180,"line_number":9,"text":"ﮔ","translation":{"text":"disbelieved","language_name":"english","language_id":38},"transliteration":{"text":"kafarū","language_name":"english","language_id":38}},{"id":32667,"position":6,"audio_url":"wbw/008_030_006.mp3","qpc_uthmani_hafs":"لِيُثۡبِتُوكَ","char_type_name":"word","page_number":180,"line_number":9,"text":"ﮕ","translation":{"text":"that they restrain you","language_name":"english","language_id":38},"transliteration":{"text":"liyuth'bitūka","language_name":"english","language_id":38}},{"id":32668,"position":7,"audio_url":"wbw/008_030_007.mp3","qpc_uthmani_hafs":"أَوۡ","char_type_name":"word","page_number":180,"line_number":9,"text":"ﮖ","translation":{"text":"or","language_name":"english","language_id":38},"transliteration":{"text":"aw","language_name":"english","language_id":38}},{"id":32669,"position":8,"audio_url":"wbw/008_030_008.mp3","qpc_uthmani_hafs":"يَقۡتُلُوكَ","char_type_name":"word","page_number":180,"line_number":9,"text":"ﮗ","translation":{"text":"kill you","language_name":"english","language_id":38},"transliteration":{"text":"yaqtulūka","language_name":"english","language_id":38}},{"id":32670,"position":9,"audio_url":"wbw/008_030_009.mp3","qpc_uthmani_hafs":"أَوۡ","char_type_name":"word","page_number":180,"line_number":9,"text":"ﮘ","translation":{"text":"or","language_name":"english","language_id":38},"transliteration":{"text":"aw","language_name":"english","language_id":38}},{"id":32671,"position":10,"audio_url":"wbw/008_030_010.mp3","qpc_uthmani_hafs":"يُخۡرِجُوكَۚ","char_type_name":"word","page_number":180,"line_number":9,"text":"ﮙﮚ","translation":{"text":"drive you out","language_name":"english","language_id":38},"transliteration":{"text":"yukh'rijūka","language_name":"english","language_id":38}},{"id":32673,"position":11,"audio_url":"wbw/008_030_012.mp3","qpc_uthmani_hafs":"وَيَمۡكُرُونَ","char_type_name":"word","page_number":180,"line_number":9,"text":"ﮛ","translation":{"text":"And they were planning","language_name":"english","language_id":38},"transliteration":{"text":"wayamkurūna","language_name":"english","language_id":38}},{"id":32674,"position":12,"audio_url":"wbw/008_030_013.mp3","qpc_uthmani_hafs":"وَيَمۡكُرُ","char_type_name":"word","page_number":180,"line_number":9,"text":"ﮜ","translation":{"text":"and (also) was planning","language_name":"english","language_id":38},"transliteration":{"text":"wayamkuru","language_name":"english","language_id":38}},{"id":32675,"position":13,"audio_url":"wbw/008_030_014.mp3","qpc_uthmani_hafs":"ٱللَّهُۖ","char_type_name":"word","page_number":180,"line_number":10,"text":"ﮝﮞ","translation":{"text":"Allah","language_name":"english","language_id":38},"transliteration":{"text":"l-lahu","language_name":"english","language_id":38}},{"id":32677,"position":14,"audio_url":"wbw/008_030_016.mp3","qpc_uthmani_hafs":"وَٱللَّهُ","char_type_name":"word","page_number":180,"line_number":10,"text":"ﮟ","translation":{"text":"And Allah","language_name":"english","language_id":38},"transliteration":{"text":"wal-lahu","language_name":"english","language_id":38}},{"id":32678,"position":15,"audio_url":"wbw/008_030_017.mp3","qpc_uthmani_hafs":"خَيۡرُ","char_type_name":"word","page_number":180,"line_number":10,"text":"ﮠ","translation":{"text":"is (the) Best","language_name":"english","language_id":38},"transliteration":{"text":"khayru","language_name":"english","language_id":38}},{"id":32679,"position":16,"audio_url":"wbw/008_030_018.mp3","qpc_uthmani_hafs":"ٱلۡمَٰكِرِينَ","char_type_name":"word","page_number":180,"line_number":10,"text":"ﮡ","translation":{"text":"(of) the Planners","language_name":"english","language_id":38},"transliteration":{"text":"l-mākirīna","language_name":"english","language_id":38}},{"id":32680,"position":17,"audio_url":null,"qpc_uthmani_hafs":"٣٠","char_type_name":"end","page_number":180,"line_number":10,"text":"ﮢ","translation":{"text":"(30)","language_name":"english","language_id":38},"transliteration":{"text":null,"language_name":"english","language_id":38}}],"translations":[{"id":917619,"resource_id":134,"text":"Dan (ingatlah), ketika orang-orang kafir (Quraisy) memikirkan daya upaya terhadapmu untuk menangkap dan memenjarakanmu, atau membunuhmu, atau mengusirmu.  Mereka memikirkan tipu daya dan Allah menggagalkan tipu daya itu.  Dan Allah sebaik-baik Pembalas tipu daya."}]},{"id":1191,"verse_number":31,"verse_key":"8:31","juz_number":9,"hizb_number":18,"rub_el_hizb_number":72,"ruku_number":149,"manzil_number":2,"sajdah_number":null,"text_uthmani":"وَإِذَا تُتْلَىٰ عَلَيْهِمْ ءَايَـٰتُنَا قَالُوا۟ قَدْ سَمِعْنَا لَوْ نَشَآءُ لَقُلْنَا مِثْلَ هَـٰذَآ ۙ إِنْ هَـٰذَآ إِلَّآ أَسَـٰطِيرُ ٱلْأَوَّلِينَ","page_number":180,"words":[{"id":33730,"position":1,"audio_url":"wbw/008_031_001.mp3","qpc_uthmani_hafs":"وَإِذَا","char_type_name":"word","page_number":180,"line_number":10,"text":"ﮣ","translation":{"text":"And when","language_name":"english","language_id":38},"transliteration":{"text":"wa-idhā","language_name":"english","language_id":38}},{"id":33731,"position":2,"audio_url":"wbw/008_031_002.mp3","qpc_uthmani_hafs":"تُتۡلَىٰ","char_type_name":"word","page_number":180,"line_number":10,"text":"ﮤ","translation":{"text":"are recited","language_name":"english","language_id":38},"transliteration":{"text":"tut'lā","language_name":"english","language_id":38}},{"id":33732,"position":3,"audio_url":"wbw/008_031_003.mp3","qpc_uthmani_hafs":"عَلَيۡهِمۡ","char_type_name":"word","page_number":180,"line_number":10,"text":"ﮥ","translation":{"text":"to them","language_name":"english","language_id":38},"transliteration":{"text":"ʿalayhim","language_name":"english","language_id":38}},{"id":33733,"position":4,"audio_url":"wbw/008_031_004.mp3","qpc_uthmani_hafs":"ءَايَٰتُنَا","char_type_name":"word","page_number":180,"line_number":10,"text":"ﮦ","translation":{"text":"Our Verses","language_name":"english","language_id":38},"transliteration":{"text":"āyātunā","language_name":"english","language_id":38}},{"id":33734,"position":5,"audio_url":"wbw/008_031_005.mp3","qpc_uthmani_hafs":"قَالُواْ","char_type_name":"word","page_number":180,"line_number":11,"text":"ﮧ","translation":{"text":"they say","language_name":"english","language_id":38},"transliteration":{"text":"qālū","language_name":"english","language_id":38}},{"id":33735,"position":6,"audio_url":"wbw/008_031_006.mp3","qpc_uthmani_hafs":"قَدۡ","char_type_name":"word","page_number":180,"line_number":11,"text":"ﮨ","translation":{"text":"Verily","language_name":"english","language_id":38},"transliteration":{"text":"qad","language_name":"english","language_id":38}},{"id":33736,"position":7,"audio_url":"wbw/008_031_007.mp3","qpc_uthmani_hafs":"سَمِعۡنَا","char_type_name":"word","page_number":180,"line_number":11,"text":"ﮩ","translation":{"text":"we have heard","language_name":"english","language_id":38},"transliteration":{"text":"samiʿ'nā","language_name":"english","language_id":38}},{"id":33737,"position":8,"audio_url":"wbw/008_031_008.mp3","qpc_uthmani_hafs":"لَوۡ","char_type_name":"word","page_number":180,"line_number":11,"text":"ﮪ","translation":{"text":"if","language_name":"english","language_id":38},"transliteration":{"text":"law","language_name":"english","language_id":38}},{"id":33738,"position":9,"audio_url":"wbw/008_031_009.mp3","qpc_uthmani_hafs":"نَشَآءُ","char_type_name":"word","page_number":180,"line_number":11,"text":"ﮫ","translation":{"text":"we wish","language_name":"english","language_id":38},"transliteration":{"text":"nashāu","language_name":"english","language_id":38}},{"id":33739,"position":10,"audio_url":"wbw/008_031_010.mp3","qpc_uthmani_hafs":"لَقُلۡنَا","char_type_name":"word","page_number":180,"line_number":11,"text":"ﮬ","translation":{"text":"surely, we could say","language_name":"english","language_id":38},"transliteration":{"text":"laqul'nā","language_name":"english","language_id":38}},{"id":33740,"position":11,"audio_url":"wbw/008_031_011.mp3","qpc_uthmani_hafs":"مِثۡلَ","char_type_name":"word","page_number":180,"line_number":11,"text":"ﮭ","translation":{"text":"like","language_name":"english","language_id":38},"transliteration":{"text":"mith'la","language_name":"english","language_id":38}},{"id":33741,"position":12,"audio_url":"wbw/008_031_012.mp3","qpc_uthmani_hafs":"هَٰذَآ","char_type_name":"word","page_number":180,"line_number":11,"text":"ﮮﮯ","translation":{"text":"this","language_name":"english","language_id":38},"transliteration":{"text":"hādhā","language_name":"english","language_id":38}},{"id":33743,"position":13,"audio_url":"wbw/008_031_014.mp3","qpc_uthmani_hafs":"إِنۡ","char_type_name":"word","page_number":180,"line_number":11,"text":"ﮰ","translation":{"text":"Not","language_name":"english","language_id":38},"transliteration":{"text":"in","language_name":"english","language_id":38}},{"id":33744,"position":14,"audio_url":"wbw/008_031_015.mp3","qpc_uthmani_hafs":"هَٰذَآ","char_type_name":"word","page_number":180,"line_number":11,"text":"ﮱ","translation":{"text":"is this","language_name":"english","language_id":38},"transliteration":{"text":"hādhā","language_name":"english","language_id":38}},{"id":33745,"position":15,"audio_url":"wbw/008_031_016.mp3","qpc_uthmani_hafs":"إِلَّآ","char_type_name":"word","page_number":180,"line_number":11,"text":"ﯓ","translation":{"text":"but","language_name":"english","language_id":38},"transliteration":{"text":"illā","language_name":"english","language_id":38}},{"id":33746,"position":16,"audio_url":"wbw/008_031_017.mp3","qpc_uthmani_hafs":"أَسَٰطِيرُ","char_type_name":"word","page_number":180,"line_number":12,"text":"ﯔ","translation":{"text":"tales","language_name":"english","language_id":38},"transliteration":{"text":"asāṭīru","language_name":"english","language_id":38}},{"id":33747,"position":17,"audio_url":"wbw/008_031_018.mp3","qpc_uthmani_hafs":"ٱلۡأَوَّلِينَ","char_type_name":"word","page_number":180,"line_number":12,"text":"ﯕ","translation":{"text":"(of) the former (people)","language_name":"english","language_id":38},"transliteration":{"text":"l-awalīna","language_name":"english","language_id":38}},{"id":33748,"position":18,"audio_url":null,"qpc_uthmani_hafs":"٣١","char_type_name":"end","page_number":180,"line_number":12,"text":"ﯖ","translation":{"text":"(31)","language_name":"english","language_id":38},"transliteration":{"text":null,"language_name":"english","language_id":38}}],"translations":[{"id":917620,"resource_id":134,"text":"Dan apabila dibacakan kepada mereka ayat-ayat Kami, mereka berkata, \"Sesungguhnya kami telah mendengar (ayat-ayat yang seperti ini), kalau kami menhendaki niscaya kami dapat membacakan yang seperti ini, (Al-Qur`ān) ini tidak lain hanyalah dongengan-dongengan orang-orang purbakala\"."}]},{"id":1192,"verse_number":32,"verse_key":"8:32","juz_number":9,"hizb_number":18,"rub_el_hizb_number":72,"ruku_number":149,"manzil_number":2,"sajdah_number":null,"text_uthmani":"وَإِذْ قَالُوا۟ ٱللَّهُمَّ إِن كَانَ هَـٰذَا هُوَ ٱلْحَقَّ مِنْ عِندِكَ فَأَمْطِرْ عَلَيْنَا حِجَارَةً مِّنَ ٱلسَّمَآءِ أَوِ ٱئْتِنَا بِعَذَابٍ أَلِيمٍ","page_number":180,"words":[{"id":34610,"position":1,"audio_url":"wbw/008_032_001.mp3","qpc_uthmani_hafs":"وَإِذۡ","char_type_name":"word","page_number":180,"line_number":12,"text":"ﯗ","translation":{"text":"And when","language_name":"english","language_id":38},"transliteration":{"text":"wa-idh","language_name":"english","language_id":38}},{"id":34611,"position":2,"audio_url":"wbw/008_032_002.mp3","qpc_uthmani_hafs":"قَالُواْ","char_type_name":"word","page_number":180,"line_number":12,"text":"ﯘ","translation":{"text":"they said","language_name":"english","language_id":38},"transliteration":{"text":"qālū","language_name":"english","language_id":38}},{"id":34612,"position":3,"audio_url":"wbw/008_032_003.mp3","qpc_uthmani_hafs":"ٱللَّهُمَّ","char_type_name":"word","page_number":180,"line_number":12,"text":"ﯙ","translation":{"text":"O Allah","language_name":"english","language_id":38},"transliteration":{"text":"l-lahuma","language_name":"english","language_id":38}},{"id":34613,"position":4,"audio_url":"wbw/008_032_004.mp3","qpc_uthmani_hafs":"إِن","char_type_name":"word","page_number":180,"line_number":12,"text":"ﯚ","translation":{"text":"If","language_name":"english","language_id":38},"transliteration":{"text":"in","language_name":"english","language_id":38}},{"id":34614,"position":5,"audio_url":"wbw/008_032_005.mp3","qpc_uthmani_hafs":"كَانَ","char_type_name":"word","page_number":180,"line_number":12,"text":"ﯛ","translation":{"text":"was","language_name":"english","language_id":38},"transliteration":{"text":"kāna","language_name":"english","language_id":38}},{"id":34615,"position":6,"audio_url":"wbw/008_032_006.mp3","qpc_uthmani_hafs":"هَٰذَا","char_type_name":"word","page_number":180,"line_number":12,"text":"ﯜ","translation":{"text":"this","language_name":"english","language_id":38},"transliteration":{"text":"hādhā","language_name":"english","language_id":38}},{"id":34616,"position":7,"audio_url":"wbw/008_032_007.mp3","qpc_uthmani_hafs":"هُوَ","char_type_name":"word","page_number":180,"line_number":13,"text":"ﯝ","translation":{"text":"[it]","language_name":"english","language_id":38},"transliteration":{"text":"huwa","language_name":"english","language_id":38}},{"id":34617,"position":8,"audio_url":"wbw/008_032_008.mp3","qpc_uthmani_hafs":"ٱلۡحَقَّ","char_type_name":"word","page_number":180,"line_number":13,"text":"ﯞ","translation":{"text":"the truth","language_name":"english","language_id":38},"transliteration":{"text":"l-ḥaqa","language_name":"english","language_id":38}},{"id":34618,"position":9,"audio_url":"wbw/008_032_009.mp3","qpc_uthmani_hafs":"مِنۡ","char_type_name":"word","page_number":180,"line_number":13,"text":"ﯟ","translation":{"text":"[of]","language_name":"english","language_id":38},"transliteration":{"text":"min","language_name":"english","language_id":38}},{"id":34619,"position":10,"audio_url":"wbw/008_032_010.mp3","qpc_uthmani_hafs":"عِندِكَ","char_type_name":"word","page_number":180,"line_number":13,"text":"ﯠ","translation":{"text":"from You","language_name":"english","language_id":38},"transliteration":{"text":"ʿindika","language_name":"english","language_id":38}},{"id":34620,"position":11,"audio_url":"wbw/008_032_011.mp3","qpc_uthmani_hafs":"فَأَمۡطِرۡ","char_type_name":"word","page_number":180,"line_number":13,"text":"ﯡ","translation":{"text":"then (send) rain","language_name":"english","language_id":38},"transliteration":{"text":"fa-amṭir","language_name":"english","language_id":38}},{"id":34621,"position":12,"audio_url":"wbw/008_032_012.mp3","qpc_uthmani_hafs":"عَلَيۡنَا","char_type_name":"word","page_number":180,"line_number":13,"text":"ﯢ","translation":{"text":"upon us","language_name":"english","language_id":38},"transliteration":{"text":"ʿalaynā","language_name":"english","language_id":38}},{"id":34622,"position":13,"audio_url":"wbw/008_032_013.mp3","qpc_uthmani_hafs":"حِجَارَةٗ","char_type_name":"word","page_number":180,"line_number":13,"text":"ﯣ","translation":{"text":"(of) stones","language_name":"english","language_id":38},"transliteration":{"text":"ḥijāratan","language_name":"english","language_id":38}},{"id":34623,"position":14,"audio_url":"wbw/008_032_014.mp3","qpc_uthmani_hafs":"مِّنَ","char_type_name":"word","page_number":180,"line_number":13,"text":"ﯤ","translation":{"text":"from","language_name":"english","language_id":38},"transliteration":{"text":"mina","language_name":"english","language_id":38}},{"id":34624,"position":15,"audio_url":"wbw/008_032_015.mp3","qpc_uthmani_hafs":"ٱلسَّمَآءِ","char_type_name":"word","page_number":180,"line_number":13,"text":"ﯥ","translation":{"text":"the sky","language_name":"english","language_id":38},"transliteration":{"text":"l-samāi","language_name":"english","language_id":38}},{"id":34625,"position":16,"audio_url":"wbw/008_032_016.mp3","qpc_uthmani_hafs":"أَوِ","char_type_name":"word","page_number":180,"line_number":14,"text":"ﯦ","translation":{"text":"or","language_name":"english","language_id":38},"transliteration":{"text":"awi","language_name":"english","language_id":38}},{"id":34626,"position":17,"audio_url":"wbw/008_032_017.mp3","qpc_uthmani_hafs":"ٱئۡتِنَا","char_type_name":"word","page_number":180,"line_number":14,"text":"ﯧ","translation":{"text":"bring (upon) us","language_name":"english","language_id":38},"transliteration":{"text":"i'tinā","language_name":"english","language_id":38}},{"id":34627,"position":18,"audio_url":"wbw/008_032_018.mp3","qpc_uthmani_hafs":"بِعَذَابٍ","char_type_name":"word","page_number":180,"line_number":14,"text":"ﯨ","translation":{"text":"a punishment","language_name":"english","language_id":38},"transliteration":{"text":"biʿadhābin","language_name":"english","language_id":38}},{"id":34628,"position":19,"audio_url":"wbw/008_032_019.mp3","qpc_uthmani_hafs":"أَلِيمٖ","char_type_name":"word","page_number":180,"line_number":14,"text":"ﯩ","translation":{"text":"painful","language_name":"english","language_id":38},"transliteration":{"text":"alīmin","language_name":"english","language_id":38}},{"id":34629,"position":20,"audio_url":null,"qpc_uthmani_hafs":"٣٢","char_type_name":"end","page_number":180,"line_number":14,"text":"ﯪ","translation":{"text":"(32)","language_name":"english","language_id":38},"transliteration":{"text":null,"language_name":"english","language_id":38}}],"translations":[{"id":917621,"resource_id":134,"text":"Dan (ingatlah), ketika mereka (orang-orang musyrik) berkata, \"Ya Allah, jika betul (Al-Qur`ān) ini, dialah yang benar dari sisi Engkau, maka hujanilah kami dengan batu dari langit, atau datangkanlah kepada kami azab yang pedih\"."}]},{"id":1193,"verse_number":33,"verse_key":"8:33","juz_number":9,"hizb_number":18,"rub_el_hizb_number":72,"ruku_number":149,"manzil_number":2,"sajdah_number":null,"text_uthmani":"وَمَا كَانَ ٱللَّهُ لِيُعَذِّبَهُمْ وَأَنتَ فِيهِمْ ۚ وَمَا كَانَ ٱللَّهُ مُعَذِّبَهُمْ وَهُمْ يَسْتَغْفِرُونَ","page_number":180,"words":[{"id":35387,"position":1,"audio_url":"wbw/008_033_001.mp3","qpc_uthmani_hafs":"وَمَا","char_type_name":"word","page_number":180,"line_number":14,"text":"ﯫ","translation":{"text":"But not","language_name":"english","language_id":38},"transliteration":{"text":"wamā","language_name":"english","language_id":38}},{"id":35388,"position":2,"audio_url":"wbw/008_033_002.mp3","qpc_uthmani_hafs":"كَانَ","char_type_name":"word","page_number":180,"line_number":14,"text":"ﯬ","translation":{"text":"is","language_name":"english","language_id":38},"transliteration":{"text":"kāna","language_name":"english","language_id":38}},{"id":35389,"position":3,"audio_url":"wbw/008_033_003.mp3","qpc_uthmani_hafs":"ٱللَّهُ","char_type_name":"word","page_number":180,"line_number":14,"text":"ﯭ","translation":{"text":"(for) Allah","language_name":"english","language_id":38},"transliteration":{"text":"l-lahu","language_name":"english","language_id":38}},{"id":35390,"position":4,"audio_url":"wbw/008_033_004.mp3","qpc_uthmani_hafs":"لِيُعَذِّبَهُمۡ","char_type_name":"word","page_number":180,"line_number":14,"text":"ﯮ","translation":{"text":"that He punishes them","language_name":"english","language_id":38},"transliteration":{"text":"liyuʿadhibahum","language_name":"english","language_id":38}},{"id":35391,"position":5,"audio_url":"wbw/008_033_005.mp3","qpc_uthmani_hafs":"وَأَنتَ","char_type_name":"word","page_number":180,"line_number":15,"text":"ﯯ","translation":{"text":"while you","language_name":"english","language_id":38},"transliteration":{"text":"wa-anta","language_name":"english","language_id":38}},{"id":35392,"position":6,"audio_url":"wbw/008_033_006.mp3","qpc_uthmani_hafs":"فِيهِمۡۚ","char_type_name":"word","page_number":180,"line_number":15,"text":"ﯰﯱ","translation":{"text":"(are) among them","language_name":"english","language_id":38},"transliteration":{"text":"fīhim","language_name":"english","language_id":38}},{"id":35394,"position":7,"audio_url":"wbw/008_033_008.mp3","qpc_uthmani_hafs":"وَمَا","char_type_name":"word","page_number":180,"line_number":15,"text":"ﯲ","translation":{"text":"and not","language_name":"english","language_id":38},"transliteration":{"text":"wamā","language_name":"english","language_id":38}},{"id":35395,"position":8,"audio_url":"wbw/008_033_009.mp3","qpc_uthmani_hafs":"كَانَ","char_type_name":"word","page_number":180,"line_number":15,"text":"ﯳ","translation":{"text":"is","language_name":"english","language_id":38},"transliteration":{"text":"kāna","language_name":"english","language_id":38}},{"id":35396,"position":9,"audio_url":"wbw/008_033_010.mp3","qpc_uthmani_hafs":"ٱللَّهُ","char_type_name":"word","page_number":180,"line_number":15,"text":"ﯴ","translation":{"text":"Allah","language_name":"english","language_id":38},"transliteration":{"text":"l-lahu","language_name":"english","language_id":38}},{"id":35397,"position":10,"audio_url":"wbw/008_033_011.mp3","qpc_uthmani_hafs":"مُعَذِّبَهُمۡ","char_type_name":"word","page_number":180,"line_number":15,"text":"ﯵ","translation":{"text":"the One Who punishes them","language_name":"english","language_id":38},"transliteration":{"text":"muʿadhibahum","language_name":"english","language_id":38}},{"id":35398,"position":11,"audio_url":"wbw/008_033_012.mp3","qpc_uthmani_hafs":"وَهُمۡ","char_type_name":"word","page_number":180,"line_number":15,"text":"ﯶ","translation":{"text":"while they","language_name":"english","language_id":38},"transliteration":{"text":"wahum","language_name":"english","language_id":38}},{"id":35399,"position":12,"audio_url":"wbw/008_033_013.mp3","qpc_uthmani_hafs":"يَسۡتَغۡفِرُونَ","char_type_name":"word","page_number":180,"line_number":15,"text":"ﯷ","translation":{"text":"seek forgiveness","language_name":"english","language_id":38},"transliteration":{"text":"yastaghfirūna","language_name":"english","language_id":38}},{"id":35400,"position":13,"audio_url":null,"qpc_uthmani_hafs":"٣٣","char_type_name":"end","page_number":180,"line_number":15,"text":"ﯸ","translation":{"text":"(33)","language_name":"english","language_id":38},"transliteration":{"text":null,"language_name":"english","language_id":38}}],"translations":[{"id":917622,"resource_id":134,"text":"Dan Allah sekali-kali tidak akan mengazab mereka, sedang kamu berada di antara mereka. Dan tidaklah (pula) Allah akan mengazab mereka, sedang mereka meminta ampun<sup foot_note=210377>1</sup>."}]}],"pagination":{"per_page":50,"current_page":1,"next_page":null,"total_pages":1,"total_records":8}}