{"verses":[{"id":1213,"verse_number":53,"verse_key":"8:53","juz_number":10,"hizb_number":19,"rub_el_hizb_number":73,"ruku_number":152,"manzil_number":2,"sajdah_number":null,"text_uthmani":"ذَٰلِكَ بِأَنَّ ٱللَّهَ لَمْ يَكُ مُغَيِّرًا نِّعْمَةً أَنْعَمَهَا عَلَىٰ قَوْمٍ حَتَّىٰ يُغَيِّرُوا۟ مَا بِأَنفُسِهِمْ ۙ وَأَنَّ ٱللَّهَ سَمِيعٌ عَلِيمٌ","page_number":184,"words":[{"id":50534,"position":1,"audio_url":"wbw/008_053_001.mp3","qpc_uthmani_hafs":"ذَٰلِكَ","char_type_name":"word","page_number":184,"line_number":1,"text":"ﭑ","translation":{"text":"That","language_name":"english","language_id":38},"transliteration":{"text":"dhālika","language_name":"english","language_id":38}},{"id":50535,"position":2,"audio_url":"wbw/008_053_002.mp3","qpc_uthmani_hafs":"بِأَنَّ","char_type_name":"word","page_number":184,"line_number":1,"text":"ﭒ","translation":{"text":"(is) because","language_name":"english","language_id":38},"transliteration":{"text":"bi-anna","language_name":"english","language_id":38}},{"id":50536,"position":3,"audio_url":"wbw/008_053_003.mp3","qpc_uthmani_hafs":"ٱللَّهَ","char_type_name":"word","page_number":184,"line_number":1,"text":"ﭓ","translation":{"text":"Allah","language_name":"english","language_id":38},"transliteration":{"text":"l-laha","language_name":"english","language_id":38}},{"id":50537,"position":4,"audio_url":"wbw/008_053_004.mp3","qpc_uthmani_hafs":"لَمۡ","char_type_name":"word","page_number":184,"line_number":1,"text":"ﭔ","translation":{"text":"not","language_name":"english","language_id":38},"transliteration":{"text":"lam","language_name":"english","language_id":38}},{"id":50538,"position":5,"audio_url":"wbw/008_053_005.mp3","qpc_uthmani_hafs":"يَكُ","char_type_name":"word","page_number":184,"line_number":1,"text":"ﭕ","translation":{"text":"is","language_name":"english","language_id":38},"transliteration":{"text":"yaku","language_name":"english","language_id":38}},{"id":50539,"position":6,"audio_url":"wbw/008_053_006.mp3","qpc_uthmani_hafs":"مُغَيِّرٗا","char_type_name":"word","page_number":184,"line_number":1,"text":"ﭖ","translation":{"text":"One Who changes","language_name":"english","language_id":38},"transliteration":{"text":"mughayyiran","language_name":"english","language_id":38}},{"id":50540,"position":7,"audio_url":"wbw/008_053_007.mp3","qpc_uthmani_hafs":"نِّعۡمَةً","char_type_name":"word","page_number":184,"line_number":1,"text":"ﭗ","translation":{"text":"a favor","language_name":"english","language_id":38},"transliteration":{"text":"niʿ'matan","language_name":"english","language_id":38}},{"id":50541,"position":8,"audio_url":"wbw/008_053_008.mp3","qpc_uthmani_hafs":"أَنۡعَمَهَا","char_type_name":"word","page_number":184,"line_number":1,"text":"ﭘ","translation":{"text":"which He had bestowed","language_name":"english","language_id":38},"transliteration":{"text":"anʿamahā","language_name":"english","language_id":38}},{"id":50542,"position":9,"audio_url":"wbw/008_053_009.mp3","qpc_uthmani_hafs":"عَلَىٰ","char_type_name":"word","page_number":184,"line_number":1,"text":"ﭙ","translation":{"text":"on","language_name":"english","language_id":38},"transliteration":{"text":"ʿalā","language_name":"english","language_id":38}},{"id":50543,"position":10,"audio_url":"wbw/008_053_010.mp3","qpc_uthmani_hafs":"قَوۡمٍ","char_type_name":"word","page_number":184,"line_number":1,"text":"ﭚ","translation":{"text":"a people","language_name":"english","language_id":38},"transliteration":{"text":"qawmin","language_name":"english","language_id":38}},{"id":50544,"position":11,"audio_url":"wbw/008_053_011.mp3","qpc_uthmani_hafs":"حَتَّىٰ","char_type_name":"word","page_number":184,"line_number":1,"text":"ﭛ","translation":{"text":"until","language_name":"english","language_id":38},"transliteration":{"text":"ḥattā","language_name":"english","language_id":38}},{"id":50545,"position":12,"audio_url":"wbw/008_053_012.mp3","qpc_uthmani_hafs":"يُغَيِّرُواْ","char_type_name":"word","page_number":184,"line_number":1,"text":"ﭜ","translation":{"text":"they change","language_name":"english","language_id":38},"transliteration":{"text":"yughayyirū","language_name":"english","language_id":38}},{"id":50546,"position":13,"audio_url":"wbw/008_053_013.mp3","qpc_uthmani_hafs":"مَا","char_type_name":"word","page_number":184,"line_number":2,"text":"ﭝ","translation":{"text":"what","language_name":"english","language_id":38},"transliteration":{"text":"mā","language_name":"english","language_id":38}},{"id":50547,"position":14,"audio_url":"wbw/008_053_014.mp3","qpc_uthmani_hafs":"بِأَنفُسِهِمۡ","char_type_name":"word","page_number":184,"line_number":2,"text":"ﭞﭟ","translation":{"text":"(is) in themselves","language_name":"english","language_id":38},"transliteration":{"text":"bi-anfusihim","language_name":"english","language_id":38}},{"id":50549,"position":15,"audio_url":"wbw/008_053_016.mp3","qpc_uthmani_hafs":"وَأَنَّ","char_type_name":"word","page_number":184,"line_number":2,"text":"ﭠ","translation":{"text":"And indeed","language_name":"english","language_id":38},"transliteration":{"text":"wa-anna","language_name":"english","language_id":38}},{"id":50550,"position":16,"audio_url":"wbw/008_053_017.mp3","qpc_uthmani_hafs":"ٱللَّهَ","char_type_name":"word","page_number":184,"line_number":2,"text":"ﭡ","translation":{"text":"Allah","language_name":"english","language_id":38},"transliteration":{"text":"l-laha","language_name":"english","language_id":38}},{"id":50551,"position":17,"audio_url":"wbw/008_053_018.mp3","qpc_uthmani_hafs":"سَمِيعٌ","char_type_name":"word","page_number":184,"line_number":2,"text":"ﭢ","translation":{"text":"(is) All-Hearing","language_name":"english","language_id":38},"transliteration":{"text":"samīʿun","language_name":"english","language_id":38}},{"id":50552,"position":18,"audio_url":"wbw/008_053_019.mp3","qpc_uthmani_hafs":"عَلِيمٞ","char_type_name":"word","page_number":184,"line_number":2,"text":"ﭣ","translation":{"text":"All-Knowing","language_name":"english","language_id":38},"transliteration":{"text":"ʿalīmun","language_name":"english","language_id":38}},{"id":50553,"position":19,"audio_url":null,"qpc_uthmani_hafs":"٥٣","char_type_name":"end","page_number":184,"line_number":2,"text":"ﭤ","translation":{"text":"(53)","language_name":"english","language_id":38},"transliteration":{"text":null,"language_name":"english","language_id":38}}],"translations":[{"id":917642,"resource_id":134,"text":"Yang demikian (siksaan) itu adalah karena sesungguhnya Allah sekali-kali tidak akan merubah sesuatu nikmat yang telah dianugerahkan-Nya kepada suatu kaum<sup foot_note=210390>1</sup>, hingga kaum itu merubah apa-apa yang ada pada diri mereka sendiri, dan sesungguhnya Allah Maha Mendengar lagi Maha Mengetahui,"}]},{"id":1214,"verse_number":54,"verse_key":"8:54","juz_number":10,"hizb_number":19,"rub_el_hizb_number":73,"ruku_number":152,"manzil_number":2,"sajdah_number":null,"text_uthmani":"كَدَأْبِ ءَالِ فِرْعَوْنَ ۙ وَٱلَّذِينَ مِن قَبْلِهِمْ ۚ كَذَّبُوا۟ بِـَٔايَـٰتِ رَبِّهِمْ فَأَهْلَكْنَـٰهُم بِذُنُوبِهِمْ وَأَغْرَقْنَآ ءَالَ فِرْعَوْنَ ۚ وَكُلٌّ كَانُوا۟ ظَـٰلِمِينَ","page_number":184,"words":[{"id":51164,"position":1,"audio_url":"wbw/008_054_001.mp3","qpc_uthmani_hafs":"كَدَأۡبِ","char_type_name":"word","page_number":184,"line_number":2,"text":"ﭥ","translation":{"text":"Like (the) way","language_name":"english","language_id":38},"transliteration":{"text":"kadabi","language_name":"english","language_id":38}},{"id":51165,"position":2,"audio_url":"wbw/008_054_002.mp3","qpc_uthmani_hafs":"ءَالِ","char_type_name":"word","page_number":184,"line_number":2,"text":"ﭦ","translation":{"text":"(of) people","language_name":"english","language_id":38},"transliteration":{"text":"āli","language_name":"english","language_id":38}},{"id":51166,"position":3,"audio_url":"wbw/008_054_003.mp3","qpc_uthmani_hafs":"فِرۡعَوۡنَ","char_type_name":"word","page_number":184,"line_number":3,"text":"ﭧﭨ","translation":{"text":"(of) Firaun","language_name":"english","language_id":38},"transliteration":{"text":"fir'ʿawna","language_name":"english","language_id":38}},{"id":51168,"position":4,"audio_url":"wbw/008_054_005.mp3","qpc_uthmani_hafs":"وَٱلَّذِينَ","char_type_name":"word","page_number":184,"line_number":3,"text":"ﭩ","translation":{"text":"and those who","language_name":"english","language_id":38},"transliteration":{"text":"wa-alladhīna","language_name":"english","language_id":38}},{"id":51169,"position":5,"audio_url":"wbw/008_054_006.mp3","qpc_uthmani_hafs":"مِن","char_type_name":"word","page_number":184,"line_number":3,"text":"ﭪ","translation":{"text":"(were) from","language_name":"english","language_id":38},"transliteration":{"text":"min","language_name":"english","language_id":38}},{"id":51170,"position":6,"audio_url":"wbw/008_054_007.mp3","qpc_uthmani_hafs":"قَبۡلِهِمۡۚ","char_type_name":"word","page_number":184,"line_number":3,"text":"ﭫﭬ","translation":{"text":"before them","language_name":"english","language_id":38},"transliteration":{"text":"qablihim","language_name":"english","language_id":38}},{"id":51172,"position":7,"audio_url":"wbw/008_054_009.mp3","qpc_uthmani_hafs":"كَذَّبُواْ","char_type_name":"word","page_number":184,"line_number":3,"text":"ﭭ","translation":{"text":"They denied","language_name":"english","language_id":38},"transliteration":{"text":"kadhabū","language_name":"english","language_id":38}},{"id":51173,"position":8,"audio_url":"wbw/008_054_010.mp3","qpc_uthmani_hafs":"بِـَٔايَٰتِ","char_type_name":"word","page_number":184,"line_number":3,"text":"ﭮ","translation":{"text":"(the) Signs","language_name":"english","language_id":38},"transliteration":{"text":"biāyāti","language_name":"english","language_id":38}},{"id":51174,"position":9,"audio_url":"wbw/008_054_011.mp3","qpc_uthmani_hafs":"رَبِّهِمۡ","char_type_name":"word","page_number":184,"line_number":3,"text":"ﭯ","translation":{"text":"(of) their Lord","language_name":"english","language_id":38},"transliteration":{"text":"rabbihim","language_name":"english","language_id":38}},{"id":51175,"position":10,"audio_url":"wbw/008_054_012.mp3","qpc_uthmani_hafs":"فَأَهۡلَكۡنَٰهُم","char_type_name":"word","page_number":184,"line_number":3,"text":"ﭰ","translation":{"text":"so We destroyed them","language_name":"english","language_id":38},"transliteration":{"text":"fa-ahlaknāhum","language_name":"english","language_id":38}},{"id":51176,"position":11,"audio_url":"wbw/008_054_013.mp3","qpc_uthmani_hafs":"بِذُنُوبِهِمۡ","char_type_name":"word","page_number":184,"line_number":4,"text":"ﭱ","translation":{"text":"for their sins","language_name":"english","language_id":38},"transliteration":{"text":"bidhunūbihim","language_name":"english","language_id":38}},{"id":51177,"position":12,"audio_url":"wbw/008_054_014.mp3","qpc_uthmani_hafs":"وَأَغۡرَقۡنَآ","char_type_name":"word","page_number":184,"line_number":4,"text":"ﭲ","translation":{"text":"and We drowned","language_name":"english","language_id":38},"transliteration":{"text":"wa-aghraqnā","language_name":"english","language_id":38}},{"id":51178,"position":13,"audio_url":"wbw/008_054_015.mp3","qpc_uthmani_hafs":"ءَالَ","char_type_name":"word","page_number":184,"line_number":4,"text":"ﭳ","translation":{"text":"(the) people","language_name":"english","language_id":38},"transliteration":{"text":"āla","language_name":"english","language_id":38}},{"id":51179,"position":14,"audio_url":"wbw/008_054_016.mp3","qpc_uthmani_hafs":"فِرۡعَوۡنَۚ","char_type_name":"word","page_number":184,"line_number":4,"text":"ﭴﭵ","translation":{"text":"(of) Firaun","language_name":"english","language_id":38},"transliteration":{"text":"fir'ʿawna","language_name":"english","language_id":38}},{"id":51181,"position":15,"audio_url":"wbw/008_054_018.mp3","qpc_uthmani_hafs":"وَكُلّٞ","char_type_name":"word","page_number":184,"line_number":4,"text":"ﭶ","translation":{"text":"and (they) all","language_name":"english","language_id":38},"transliteration":{"text":"wakullun","language_name":"english","language_id":38}},{"id":51182,"position":16,"audio_url":"wbw/008_054_019.mp3","qpc_uthmani_hafs":"كَانُواْ","char_type_name":"word","page_number":184,"line_number":4,"text":"ﭷ","translation":{"text":"were","language_name":"english","language_id":38},"transliteration":{"text":"kānū","language_name":"english","language_id":38}},{"id":51183,"position":17,"audio_url":"wbw/008_054_020.mp3","qpc_uthmani_hafs":"ظَٰلِمِينَ","char_type_name":"word","page_number":184,"line_number":4,"text":"ﭸ","translation":{"text":"wrongdoers","language_name":"english","language_id":38},"transliteration":{"text":"ẓālimīna","language_name":"english","language_id":38}},{"id":51184,"position":18,"audio_url":null,"qpc_uthmani_hafs":"٥٤","char_type_name":"end","page_number":184,"line_number":4,"text":"ﭹ","translation":{"text":"(54)","language_name":"english","language_id":38},"transliteration":{"text":null,"language_name":"english","language_id":38}}],"translations":[{"id":917643,"resource_id":134,"text":"(keadaan mereka) serupa dengan keadaan Firʻawn   dan pengikut-pengikutnya serta orang-orang yang sebelumnya. Mereka mendustakan ayat-ayat Tuhan-nya maka Kami membinasakan mereka disebabkan dosa-dosanya dan Kami tenggelamkan Firʻawn  dan pengikut-pengikutnya; dan kesemuanya adalah orang-orang yang zalim."}]},{"id":1215,"verse_number":55,"verse_key":"8:55","juz_number":10,"hizb_number":19,"rub_el_hizb_number":73,"ruku_number":152,"manzil_number":2,"sajdah_number":null,"text_uthmani":"إِنَّ شَرَّ ٱلدَّوَآبِّ عِندَ ٱللَّهِ ٱلَّذِينَ كَفَرُوا۟ فَهُمْ لَا يُؤْمِنُونَ","page_number":184,"words":[{"id":51693,"position":1,"audio_url":"wbw/008_055_001.mp3","qpc_uthmani_hafs":"إِنَّ","char_type_name":"word","page_number":184,"line_number":5,"text":"ﭺ","translation":{"text":"Indeed","language_name":"english","language_id":38},"transliteration":{"text":"inna","language_name":"english","language_id":38}},{"id":51694,"position":2,"audio_url":"wbw/008_055_002.mp3","qpc_uthmani_hafs":"شَرَّ","char_type_name":"word","page_number":184,"line_number":5,"text":"ﭻ","translation":{"text":"(the) worst","language_name":"english","language_id":38},"transliteration":{"text":"sharra","language_name":"english","language_id":38}},{"id":51695,"position":3,"audio_url":"wbw/008_055_003.mp3","qpc_uthmani_hafs":"ٱلدَّوَآبِّ","char_type_name":"word","page_number":184,"line_number":5,"text":"ﭼ","translation":{"text":"(of) the living creatures","language_name":"english","language_id":38},"transliteration":{"text":"l-dawābi","language_name":"english","language_id":38}},{"id":51696,"position":4,"audio_url":"wbw/008_055_004.mp3","qpc_uthmani_hafs":"عِندَ","char_type_name":"word","page_number":184,"line_number":5,"text":"ﭽ","translation":{"text":"near","language_name":"english","language_id":38},"transliteration":{"text":"ʿinda","language_name":"english","language_id":38}},{"id":51697,"position":5,"audio_url":"wbw/008_055_005.mp3","qpc_uthmani_hafs":"ٱللَّهِ","char_type_name":"word","page_number":184,"line_number":5,"text":"ﭾ","translation":{"text":"Allah","language_name":"english","language_id":38},"transliteration":{"text":"l-lahi","language_name":"english","language_id":38}},{"id":51698,"position":6,"audio_url":"wbw/008_055_006.mp3","qpc_uthmani_hafs":"ٱلَّذِينَ","char_type_name":"word","page_number":184,"line_number":5,"text":"ﭿ","translation":{"text":"(are) those who","language_name":"english","language_id":38},"transliteration":{"text":"alladhīna","language_name":"english","language_id":38}},{"id":51699,"position":7,"audio_url":"wbw/008_055_007.mp3","qpc_uthmani_hafs":"كَفَرُواْ","char_type_name":"word","page_number":184,"line_number":5,"text":"ﮀ","translation":{"text":"disbelieve","language_name":"english","language_id":38},"transliteration":{"text":"kafarū","language_name":"english","language_id":38}},{"id":51700,"position":8,"audio_url":"wbw/008_055_008.mp3","qpc_uthmani_hafs":"فَهُمۡ","char_type_name":"word","page_number":184,"line_number":5,"text":"ﮁ","translation":{"text":"and they","language_name":"english","language_id":38},"transliteration":{"text":"fahum","language_name":"english","language_id":38}},{"id":51701,"position":9,"audio_url":"wbw/008_055_009.mp3","qpc_uthmani_hafs":"لَا","char_type_name":"word","page_number":184,"line_number":5,"text":"ﮂ","translation":{"text":"(will) not","language_name":"english","language_id":38},"transliteration":{"text":"lā","language_name":"english","language_id":38}},{"id":51702,"position":10,"audio_url":"wbw/008_055_010.mp3","qpc_uthmani_hafs":"يُؤۡمِنُونَ","char_type_name":"word","page_number":184,"line_number":5,"text":"ﮃ","translation":{"text":"believe","language_name":"english","language_id":38},"transliteration":{"text":"yu'minūna","language_name":"english","language_id":38}},{"id":51703,"position":11,"audio_url":null,"qpc_uthmani_hafs":"٥٥","char_type_name":"end","page_number":184,"line_number":5,"text":"ﮄ","translation":{"text":"(55)","language_name":"english","language_id":38},"transliteration":{"text":null,"language_name":"english","language_id":38}}],"translations":[{"id":917644,"resource_id":134,"text":"Sesungguhnya binatang (makhluk) yang paling buruk di sisi Allah ialah orang-orang yang kafir, karena mereka itu tidak beriman."}]},{"id":1216,"verse_number":56,"verse_key":"8:56","juz_number":10,"hizb_number":19,"rub_el_hizb_number":73,"ruku_number":152,"manzil_number":2,"sajdah_number":null,"text_uthmani":"ٱلَّذِينَ عَـٰهَدتَّ مِنْهُمْ ثُمَّ يَنقُضُونَ عَهْدَهُمْ فِى كُلِّ مَرَّةٍ وَهُمْ لَا يَتَّقُونَ","page_number":184,"words":[{"id":52198,"position":1,"audio_url":"wbw/008_056_001.mp3","qpc_uthmani_hafs":"ٱلَّذِينَ","char_type_name":"word","page_number":184,"line_number":6,"text":"ﮅ","translation":{"text":"Those who ","language_name":"english","language_id":38},"transliteration":{"text":"alladhīna","language_name":"english","language_id":38}},{"id":52199,"position":2,"audio_url":"wbw/008_056_002.mp3","qpc_uthmani_hafs":"عَٰهَدتَّ","char_type_name":"word","page_number":184,"line_number":6,"text":"ﮆ","translation":{"text":"you made a covenant","language_name":"english","language_id":38},"transliteration":{"text":"ʿāhadtta","language_name":"english","language_id":38}},{"id":52200,"position":3,"audio_url":"wbw/008_056_003.mp3","qpc_uthmani_hafs":"مِنۡهُمۡ","char_type_name":"word","page_number":184,"line_number":6,"text":"ﮇ","translation":{"text":"with them","language_name":"english","language_id":38},"transliteration":{"text":"min'hum","language_name":"english","language_id":38}},{"id":52201,"position":4,"audio_url":"wbw/008_056_004.mp3","qpc_uthmani_hafs":"ثُمَّ","char_type_name":"word","page_number":184,"line_number":6,"text":"ﮈ","translation":{"text":"then","language_name":"english","language_id":38},"transliteration":{"text":"thumma","language_name":"english","language_id":38}},{"id":52202,"position":5,"audio_url":"wbw/008_056_005.mp3","qpc_uthmani_hafs":"يَنقُضُونَ","char_type_name":"word","page_number":184,"line_number":6,"text":"ﮉ","translation":{"text":"they break","language_name":"english","language_id":38},"transliteration":{"text":"yanquḍūna","language_name":"english","language_id":38}},{"id":52203,"position":6,"audio_url":"wbw/008_056_006.mp3","qpc_uthmani_hafs":"عَهۡدَهُمۡ","char_type_name":"word","page_number":184,"line_number":6,"text":"ﮊ","translation":{"text":"their covenant","language_name":"english","language_id":38},"transliteration":{"text":"ʿahdahum","language_name":"english","language_id":38}},{"id":52204,"position":7,"audio_url":"wbw/008_056_007.mp3","qpc_uthmani_hafs":"فِي","char_type_name":"word","page_number":184,"line_number":6,"text":"ﮋ","translation":{"text":"[in]","language_name":"english","language_id":38},"transliteration":{"text":"fī","language_name":"english","language_id":38}},{"id":52205,"position":8,"audio_url":"wbw/008_056_008.mp3","qpc_uthmani_hafs":"كُلِّ","char_type_name":"word","page_number":184,"line_number":6,"text":"ﮌ","translation":{"text":"every","language_name":"english","language_id":38},"transliteration":{"text":"kulli","language_name":"english","language_id":38}},{"id":52206,"position":9,"audio_url":"wbw/008_056_009.mp3","qpc_uthmani_hafs":"مَرَّةٖ","char_type_name":"word","page_number":184,"line_number":6,"text":"ﮍ","translation":{"text":"time","language_name":"english","language_id":38},"transliteration":{"text":"marratin","language_name":"english","language_id":38}},{"id":52207,"position":10,"audio_url":"wbw/008_056_010.mp3","qpc_uthmani_hafs":"وَهُمۡ","char_type_name":"word","page_number":184,"line_number":7,"text":"ﮎ","translation":{"text":"and they","language_name":"english","language_id":38},"transliteration":{"text":"wahum","language_name":"english","language_id":38}},{"id":52208,"position":11,"audio_url":"wbw/008_056_011.mp3","qpc_uthmani_hafs":"لَا","char_type_name":"word","page_number":184,"line_number":7,"text":"ﮏ","translation":{"text":"(do) not","language_name":"english","language_id":38},"transliteration":{"text":"lā","language_name":"english","language_id":38}},{"id":52209,"position":12,"audio_url":"wbw/008_056_012.mp3","qpc_uthmani_hafs":"يَتَّقُونَ","char_type_name":"word","page_number":184,"line_number":7,"text":"ﮐ","translation":{"text":"fear (Allah)","language_name":"english","language_id":38},"transliteration":{"text":"yattaqūna","language_name":"english","language_id":38}},{"id":52210,"position":13,"audio_url":null,"qpc_uthmani_hafs":"٥٦","char_type_name":"end","page_number":184,"line_number":7,"text":"ﮑ","translation":{"text":"(56)","language_name":"english","language_id":38},"transliteration":{"text":null,"language_name":"english","language_id":38}}],"translations":[{"id":917645,"resource_id":134,"text":"(Yaitu) orang-orang yang kamu telah mengambil perjanjian dari mereka, sesudah itu mereka mengkhianati janjinya pada setiap kalinya, dan mereka tidak takut (akibat-akibatnya)."}]},{"id":1217,"verse_number":57,"verse_key":"8:57","juz_number":10,"hizb_number":19,"rub_el_hizb_number":73,"ruku_number":152,"manzil_number":2,"sajdah_number":null,"text_uthmani":"فَإِمَّا تَثْقَفَنَّهُمْ فِى ٱلْحَرْبِ فَشَرِّدْ بِهِم مَّنْ خَلْفَهُمْ لَعَلَّهُمْ يَذَّكَّرُونَ","page_number":184,"words":[{"id":52761,"position":1,"audio_url":"wbw/008_057_001.mp3","qpc_uthmani_hafs":"فَإِمَّا","char_type_name":"word","page_number":184,"line_number":7,"text":"ﮒ","translation":{"text":"So if","language_name":"english","language_id":38},"transliteration":{"text":"fa-immā","language_name":"english","language_id":38}},{"id":52762,"position":2,"audio_url":"wbw/008_057_002.mp3","qpc_uthmani_hafs":"تَثۡقَفَنَّهُمۡ","char_type_name":"word","page_number":184,"line_number":7,"text":"ﮓ","translation":{"text":"you gain dominance over them","language_name":"english","language_id":38},"transliteration":{"text":"tathqafannahum","language_name":"english","language_id":38}},{"id":52763,"position":3,"audio_url":"wbw/008_057_003.mp3","qpc_uthmani_hafs":"فِي","char_type_name":"word","page_number":184,"line_number":7,"text":"ﮔ","translation":{"text":"in","language_name":"english","language_id":38},"transliteration":{"text":"fī","language_name":"english","language_id":38}},{"id":52764,"position":4,"audio_url":"wbw/008_057_004.mp3","qpc_uthmani_hafs":"ٱلۡحَرۡبِ","char_type_name":"word","page_number":184,"line_number":7,"text":"ﮕ","translation":{"text":"the war","language_name":"english","language_id":38},"transliteration":{"text":"l-ḥarbi","language_name":"english","language_id":38}},{"id":52765,"position":5,"audio_url":"wbw/008_057_005.mp3","qpc_uthmani_hafs":"فَشَرِّدۡ","char_type_name":"word","page_number":184,"line_number":7,"text":"ﮖ","translation":{"text":"disperse","language_name":"english","language_id":38},"transliteration":{"text":"fasharrid","language_name":"english","language_id":38}},{"id":52766,"position":6,"audio_url":"wbw/008_057_006.mp3","qpc_uthmani_hafs":"بِهِم","char_type_name":"word","page_number":184,"line_number":7,"text":"ﮗ","translation":{"text":"by them","language_name":"english","language_id":38},"transliteration":{"text":"bihim","language_name":"english","language_id":38}},{"id":52767,"position":7,"audio_url":"wbw/008_057_007.mp3","qpc_uthmani_hafs":"مَّنۡ","char_type_name":"word","page_number":184,"line_number":8,"text":"ﮘ","translation":{"text":"(those) who","language_name":"english","language_id":38},"transliteration":{"text":"man","language_name":"english","language_id":38}},{"id":52768,"position":8,"audio_url":"wbw/008_057_008.mp3","qpc_uthmani_hafs":"خَلۡفَهُمۡ","char_type_name":"word","page_number":184,"line_number":8,"text":"ﮙ","translation":{"text":"(are) behind them","language_name":"english","language_id":38},"transliteration":{"text":"khalfahum","language_name":"english","language_id":38}},{"id":52769,"position":9,"audio_url":"wbw/008_057_009.mp3","qpc_uthmani_hafs":"لَعَلَّهُمۡ","char_type_name":"word","page_number":184,"line_number":8,"text":"ﮚ","translation":{"text":"so that they may","language_name":"english","language_id":38},"transliteration":{"text":"laʿallahum","language_name":"english","language_id":38}},{"id":52770,"position":10,"audio_url":"wbw/008_057_010.mp3","qpc_uthmani_hafs":"يَذَّكَّرُونَ","char_type_name":"word","page_number":184,"line_number":8,"text":"ﮛ","translation":{"text":"take heed","language_name":"english","language_id":38},"transliteration":{"text":"yadhakkarūna","language_name":"english","language_id":38}},{"id":52771,"position":11,"audio_url":null,"qpc_uthmani_hafs":"٥٧","char_type_name":"end","page_number":184,"line_number":8,"text":"ﮜ","translation":{"text":"(57)","language_name":"english","language_id":38},"transliteration":{"text":null,"language_name":"english","language_id":38}}],"translations":[{"id":917646,"resource_id":134,"text":"Jika kamu menemui mereka dalam peperangan, maka cerai-beraikanlah orang-orang yang di belakang mereka dengan (menumpas) mereka, supaya mereka mengambil pelajaran."}]},{"id":1218,"verse_number":58,"verse_key":"8:58","juz_number":10,"hizb_number":19,"rub_el_hizb_number":73,"ruku_number":152,"manzil_number":2,"sajdah_number":null,"text_uthmani":"وَإِمَّا تَخَافَنَّ مِن قَوْمٍ خِيَانَةً فَٱنۢبِذْ إِلَيْهِمْ عَلَىٰ سَوَآءٍ ۚ إِنَّ ٱللَّهَ لَا يُحِبُّ ٱلْخَآئِنِينَ","page_number":184,"words":[{"id":53259,"position":1,"audio_url":"wbw/008_058_001.mp3","qpc_uthmani_hafs":"وَإِمَّا","char_type_name":"word","page_number":184,"line_number":8,"text":"ﮝ","translation":{"text":"And if","language_name":"english","language_id":38},"transliteration":{"text":"wa-immā","language_name":"english","language_id":38}},{"id":53260,"position":2,"audio_url":"wbw/008_058_002.mp3","qpc_uthmani_hafs":"تَخَافَنَّ","char_type_name":"word","page_number":184,"line_number":8,"text":"ﮞ","translation":{"text":"you fear","language_name":"english","language_id":38},"transliteration":{"text":"takhāfanna","language_name":"english","language_id":38}},{"id":53261,"position":3,"audio_url":"wbw/008_058_003.mp3","qpc_uthmani_hafs":"مِن","char_type_name":"word","page_number":184,"line_number":8,"text":"ﮟ","translation":{"text":"from","language_name":"english","language_id":38},"transliteration":{"text":"min","language_name":"english","language_id":38}},{"id":53262,"position":4,"audio_url":"wbw/008_058_004.mp3","qpc_uthmani_hafs":"قَوۡمٍ","char_type_name":"word","page_number":184,"line_number":9,"text":"ﮠ","translation":{"text":"a people","language_name":"english","language_id":38},"transliteration":{"text":"qawmin","language_name":"english","language_id":38}},{"id":53263,"position":5,"audio_url":"wbw/008_058_005.mp3","qpc_uthmani_hafs":"خِيَانَةٗ","char_type_name":"word","page_number":184,"line_number":9,"text":"ﮡ","translation":{"text":"betrayal","language_name":"english","language_id":38},"transliteration":{"text":"khiyānatan","language_name":"english","language_id":38}},{"id":53264,"position":6,"audio_url":"wbw/008_058_006.mp3","qpc_uthmani_hafs":"فَٱنۢبِذۡ","char_type_name":"word","page_number":184,"line_number":9,"text":"ﮢ","translation":{"text":"throw back","language_name":"english","language_id":38},"transliteration":{"text":"fa-inbidh","language_name":"english","language_id":38}},{"id":53265,"position":7,"audio_url":"wbw/008_058_007.mp3","qpc_uthmani_hafs":"إِلَيۡهِمۡ","char_type_name":"word","page_number":184,"line_number":9,"text":"ﮣ","translation":{"text":"to them","language_name":"english","language_id":38},"transliteration":{"text":"ilayhim","language_name":"english","language_id":38}},{"id":53266,"position":8,"audio_url":"wbw/008_058_008.mp3","qpc_uthmani_hafs":"عَلَىٰ","char_type_name":"word","page_number":184,"line_number":9,"text":"ﮤ","translation":{"text":"on","language_name":"english","language_id":38},"transliteration":{"text":"ʿalā","language_name":"english","language_id":38}},{"id":53267,"position":9,"audio_url":"wbw/008_058_009.mp3","qpc_uthmani_hafs":"سَوَآءٍۚ","char_type_name":"word","page_number":184,"line_number":9,"text":"ﮥﮦ","translation":{"text":"equal (terms)","language_name":"english","language_id":38},"transliteration":{"text":"sawāin","language_name":"english","language_id":38}},{"id":53269,"position":10,"audio_url":"wbw/008_058_011.mp3","qpc_uthmani_hafs":"إِنَّ","char_type_name":"word","page_number":184,"line_number":9,"text":"ﮧ","translation":{"text":"Indeed","language_name":"english","language_id":38},"transliteration":{"text":"inna","language_name":"english","language_id":38}},{"id":53270,"position":11,"audio_url":"wbw/008_058_012.mp3","qpc_uthmani_hafs":"ٱللَّهَ","char_type_name":"word","page_number":184,"line_number":9,"text":"ﮨ","translation":{"text":"Allah","language_name":"english","language_id":38},"transliteration":{"text":"l-laha","language_name":"english","language_id":38}},{"id":53271,"position":12,"audio_url":"wbw/008_058_013.mp3","qpc_uthmani_hafs":"لَا","char_type_name":"word","page_number":184,"line_number":9,"text":"ﮩ","translation":{"text":"(does) not","language_name":"english","language_id":38},"transliteration":{"text":"lā","language_name":"english","language_id":38}},{"id":53272,"position":13,"audio_url":"wbw/008_058_014.mp3","qpc_uthmani_hafs":"يُحِبُّ","char_type_name":"word","page_number":184,"line_number":9,"text":"ﮪ","translation":{"text":"love","language_name":"english","language_id":38},"transliteration":{"text":"yuḥibbu","language_name":"english","language_id":38}},{"id":53273,"position":14,"audio_url":"wbw/008_058_015.mp3","qpc_uthmani_hafs":"ٱلۡخَآئِنِينَ","char_type_name":"word","page_number":184,"line_number":9,"text":"ﮫ","translation":{"text":"the traitors","language_name":"english","language_id":38},"transliteration":{"text":"l-khāinīna","language_name":"english","language_id":38}},{"id":53274,"position":15,"audio_url":null,"qpc_uthmani_hafs":"٥٨","char_type_name":"end","page_number":184,"line_number":10,"text":"ﮬ","translation":{"text":"(58)","language_name":"english","language_id":38},"transliteration":{"text":null,"language_name":"english","language_id":38}}],"translations":[{"id":917647,"resource_id":134,"text":"Dan jika kamu khawatir akan (terjadinya) pengkhianatan dari suatu golongan, maka kembalikanlah perjanjian itu kepada mereka dengan cara yang jujur.  Sesungguhnya Allah tidak menyukai orang-orang yang berkhianat."}]},{"id":1219,"verse_number":59,"verse_key":"8:59","juz_number":10,"hizb_number":19,"rub_el_hizb_number":73,"ruku_number":153,"manzil_number":2,"sajdah_number":null,"text_uthmani":"وَلَا يَحْسَبَنَّ ٱلَّذِينَ كَفَرُوا۟ سَبَقُوٓا۟ ۚ إِنَّهُمْ لَا يُعْجِزُونَ","page_number":184,"words":[{"id":53804,"position":1,"audio_url":"wbw/008_059_001.mp3","qpc_uthmani_hafs":"وَلَا","char_type_name":"word","page_number":184,"line_number":10,"text":"ﮭ","translation":{"text":"And (let) not","language_name":"english","language_id":38},"transliteration":{"text":"walā","language_name":"english","language_id":38}},{"id":53805,"position":2,"audio_url":"wbw/008_059_002.mp3","qpc_uthmani_hafs":"يَحۡسَبَنَّ","char_type_name":"word","page_number":184,"line_number":10,"text":"ﮮ","translation":{"text":"think","language_name":"english","language_id":38},"transliteration":{"text":"yaḥsabanna","language_name":"english","language_id":38}},{"id":53806,"position":3,"audio_url":"wbw/008_059_003.mp3","qpc_uthmani_hafs":"ٱلَّذِينَ","char_type_name":"word","page_number":184,"line_number":10,"text":"ﮯ","translation":{"text":"those who","language_name":"english","language_id":38},"transliteration":{"text":"alladhīna","language_name":"english","language_id":38}},{"id":53807,"position":4,"audio_url":"wbw/008_059_004.mp3","qpc_uthmani_hafs":"كَفَرُواْ","char_type_name":"word","page_number":184,"line_number":10,"text":"ﮰ","translation":{"text":"disbelieve","language_name":"english","language_id":38},"transliteration":{"text":"kafarū","language_name":"english","language_id":38}},{"id":53808,"position":5,"audio_url":"wbw/008_059_005.mp3","qpc_uthmani_hafs":"سَبَقُوٓاْۚ","char_type_name":"word","page_number":184,"line_number":10,"text":"ﮱﯓ","translation":{"text":"they can outstrip","language_name":"english","language_id":38},"transliteration":{"text":"sabaqū","language_name":"english","language_id":38}},{"id":53810,"position":6,"audio_url":"wbw/008_059_007.mp3","qpc_uthmani_hafs":"إِنَّهُمۡ","char_type_name":"word","page_number":184,"line_number":10,"text":"ﯔ","translation":{"text":"Indeed, they","language_name":"english","language_id":38},"transliteration":{"text":"innahum","language_name":"english","language_id":38}},{"id":53811,"position":7,"audio_url":"wbw/008_059_008.mp3","qpc_uthmani_hafs":"لَا","char_type_name":"word","page_number":184,"line_number":10,"text":"ﯕ","translation":{"text":"(can) not","language_name":"english","language_id":38},"transliteration":{"text":"lā","language_name":"english","language_id":38}},{"id":53812,"position":8,"audio_url":"wbw/008_059_009.mp3","qpc_uthmani_hafs":"يُعۡجِزُونَ","char_type_name":"word","page_number":184,"line_number":10,"text":"ﯖ","translation":{"text":"escape","language_name":"english","language_id":38},"transliteration":{"text":"yuʿ'jizūna","language_name":"english","language_id":38}},{"id":53813,"position":9,"audio_url":null,"qpc_uthmani_hafs":"٥٩","char_type_name":"end","page_number":184,"line_number":10,"text":"ﯗ","translation":{"text":"(59)","language_name":"english","language_id":38},"transliteration":{"text":null,"language_name":"english","language_id":38}}],"translations":[{"id":917648,"resource_id":134,"text":"Dan janganlah orang-orang yang kafir itu mengira bahwa mereka akan dapat lolos (dari kekuasaan Allah).  Sesungguhnya mereka tidak dapat melemahkan (Allah)."}]},{"id":1220,"verse_number":60,"verse_key":"8:60","juz_number":10,"hizb_number":19,"rub_el_hizb_number":73,"ruku_number":153,"manzil_number":2,"sajdah_number":null,"text_uthmani":"وَأَعِدُّوا۟ لَهُم مَّا ٱسْتَطَعْتُم مِّن قُوَّةٍ وَمِن رِّبَاطِ ٱلْخَيْلِ تُرْهِبُونَ بِهِۦ عَدُوَّ ٱللَّهِ وَعَدُوَّكُمْ وَءَاخَرِينَ مِن دُونِهِمْ لَا تَعْلَمُونَهُمُ ٱللَّهُ يَعْلَمُهُمْ ۚ وَمَا تُنفِقُوا۟ مِن شَىْءٍ فِى سَبِيلِ ٱللَّهِ يُوَفَّ إِلَيْكُمْ وَأَنتُمْ لَا تُظْلَمُونَ","page_number":184,"words":[{"id":54385,"position":1,"audio_url":"wbw/008_060_001.mp3","qpc_uthmani_hafs":"وَأَعِدُّواْ","char_type_name":"word","page_number":184,"line_number":11,"text":"ﯘ","translation":{"text":"And prepare","language_name":"english","language_id":38},"transliteration":{"text":"wa-aʿiddū","language_name":"english","language_id":38}},{"id":54386,"position":2,"audio_url":"wbw/008_060_002.mp3","qpc_uthmani_hafs":"لَهُم","char_type_name":"word","page_number":184,"line_number":11,"text":"ﯙ","translation":{"text":"for them","language_name":"english","language_id":38},"transliteration":{"text":"lahum","language_name":"english","language_id":38}},{"id":54387,"position":3,"audio_url":"wbw/008_060_003.mp3","qpc_uthmani_hafs":"مَّا","char_type_name":"word","page_number":184,"line_number":11,"text":"ﯚ","translation":{"text":"whatever","language_name":"english","language_id":38},"transliteration":{"text":"mā","language_name":"english","language_id":38}},{"id":54388,"position":4,"audio_url":"wbw/008_060_004.mp3","qpc_uthmani_hafs":"ٱسۡتَطَعۡتُم","char_type_name":"word","page_number":184,"line_number":11,"text":"ﯛ","translation":{"text":"you able (to)","language_name":"english","language_id":38},"transliteration":{"text":"is'taṭaʿtum","language_name":"english","language_id":38}},{"id":54389,"position":5,"audio_url":"wbw/008_060_005.mp3","qpc_uthmani_hafs":"مِّن","char_type_name":"word","page_number":184,"line_number":11,"text":"ﯜ","translation":{"text":"of","language_name":"english","language_id":38},"transliteration":{"text":"min","language_name":"english","language_id":38}},{"id":54390,"position":6,"audio_url":"wbw/008_060_006.mp3","qpc_uthmani_hafs":"قُوَّةٖ","char_type_name":"word","page_number":184,"line_number":11,"text":"ﯝ","translation":{"text":"force","language_name":"english","language_id":38},"transliteration":{"text":"quwwatin","language_name":"english","language_id":38}},{"id":54391,"position":7,"audio_url":"wbw/008_060_007.mp3","qpc_uthmani_hafs":"وَمِن","char_type_name":"word","page_number":184,"line_number":11,"text":"ﯞ","translation":{"text":"and of","language_name":"english","language_id":38},"transliteration":{"text":"wamin","language_name":"english","language_id":38}},{"id":54392,"position":8,"audio_url":"wbw/008_060_008.mp3","qpc_uthmani_hafs":"رِّبَاطِ","char_type_name":"word","page_number":184,"line_number":11,"text":"ﯟ","translation":{"text":"tethered","language_name":"english","language_id":38},"transliteration":{"text":"ribāṭi","language_name":"english","language_id":38}},{"id":54393,"position":9,"audio_url":"wbw/008_060_009.mp3","qpc_uthmani_hafs":"ٱلۡخَيۡلِ","char_type_name":"word","page_number":184,"line_number":11,"text":"ﯠ","translation":{"text":"horses","language_name":"english","language_id":38},"transliteration":{"text":"l-khayli","language_name":"english","language_id":38}},{"id":54394,"position":10,"audio_url":"wbw/008_060_010.mp3","qpc_uthmani_hafs":"تُرۡهِبُونَ","char_type_name":"word","page_number":184,"line_number":12,"text":"ﯡ","translation":{"text":"(to) terrify","language_name":"english","language_id":38},"transliteration":{"text":"tur'hibūna","language_name":"english","language_id":38}},{"id":54395,"position":11,"audio_url":"wbw/008_060_011.mp3","qpc_uthmani_hafs":"بِهِۦ","char_type_name":"word","page_number":184,"line_number":12,"text":"ﯢ","translation":{"text":"therewith","language_name":"english","language_id":38},"transliteration":{"text":"bihi","language_name":"english","language_id":38}},{"id":54396,"position":12,"audio_url":"wbw/008_060_012.mp3","qpc_uthmani_hafs":"عَدُوَّ","char_type_name":"word","page_number":184,"line_number":12,"text":"ﯣ","translation":{"text":"(the) enemy","language_name":"english","language_id":38},"transliteration":{"text":"ʿaduwwa","language_name":"english","language_id":38}},{"id":54397,"position":13,"audio_url":"wbw/008_060_013.mp3","qpc_uthmani_hafs":"ٱللَّهِ","char_type_name":"word","page_number":184,"line_number":12,"text":"ﯤ","translation":{"text":"(of) Allah","language_name":"english","language_id":38},"transliteration":{"text":"l-lahi","language_name":"english","language_id":38}},{"id":54398,"position":14,"audio_url":"wbw/008_060_014.mp3","qpc_uthmani_hafs":"وَعَدُوَّكُمۡ","char_type_name":"word","page_number":184,"line_number":12,"text":"ﯥ","translation":{"text":"and your enemy","language_name":"english","language_id":38},"transliteration":{"text":"waʿaduwwakum","language_name":"english","language_id":38}},{"id":54399,"position":15,"audio_url":"wbw/008_060_015.mp3","qpc_uthmani_hafs":"وَءَاخَرِينَ","char_type_name":"word","page_number":184,"line_number":12,"text":"ﯦ","translation":{"text":"and others","language_name":"english","language_id":38},"transliteration":{"text":"waākharīna","language_name":"english","language_id":38}},{"id":54400,"position":16,"audio_url":"wbw/008_060_016.mp3","qpc_uthmani_hafs":"مِن","char_type_name":"word","page_number":184,"line_number":12,"text":"ﯧ","translation":{"text":"from","language_name":"english","language_id":38},"transliteration":{"text":"min","language_name":"english","language_id":38}},{"id":54401,"position":17,"audio_url":"wbw/008_060_017.mp3","qpc_uthmani_hafs":"دُونِهِمۡ","char_type_name":"word","page_number":184,"line_number":12,"text":"ﯨ","translation":{"text":"besides them","language_name":"english","language_id":38},"transliteration":{"text":"dūnihim","language_name":"english","language_id":38}},{"id":54402,"position":18,"audio_url":"wbw/008_060_018.mp3","qpc_uthmani_hafs":"لَا","char_type_name":"word","page_number":184,"line_number":13,"text":"ﯩ","translation":{"text":"not","language_name":"english","language_id":38},"transliteration":{"text":"lā","language_name":"english","language_id":38}},{"id":54403,"position":19,"audio_url":"wbw/008_060_019.mp3","qpc_uthmani_hafs":"تَعۡلَمُونَهُمُ","char_type_name":"word","page_number":184,"line_number":13,"text":"ﯪ","translation":{"text":"(do) you know them","language_name":"english","language_id":38},"transliteration":{"text":"taʿlamūnahumu","language_name":"english","language_id":38}},{"id":54404,"position":20,"audio_url":"wbw/008_060_020.mp3","qpc_uthmani_hafs":"ٱللَّهُ","char_type_name":"word","page_number":184,"line_number":13,"text":"ﯫ","translation":{"text":"(but) Allah","language_name":"english","language_id":38},"transliteration":{"text":"l-lahu","language_name":"english","language_id":38}},{"id":54405,"position":21,"audio_url":"wbw/008_060_021.mp3","qpc_uthmani_hafs":"يَعۡلَمُهُمۡۚ","char_type_name":"word","page_number":184,"line_number":13,"text":"ﯬﯭ","translation":{"text":"knows them","language_name":"english","language_id":38},"transliteration":{"text":"yaʿlamuhum","language_name":"english","language_id":38}},{"id":54407,"position":22,"audio_url":"wbw/008_060_023.mp3","qpc_uthmani_hafs":"وَمَا","char_type_name":"word","page_number":184,"line_number":13,"text":"ﯮ","translation":{"text":"And whatever","language_name":"english","language_id":38},"transliteration":{"text":"wamā","language_name":"english","language_id":38}},{"id":54408,"position":23,"audio_url":"wbw/008_060_024.mp3","qpc_uthmani_hafs":"تُنفِقُواْ","char_type_name":"word","page_number":184,"line_number":13,"text":"ﯯ","translation":{"text":"you spend","language_name":"english","language_id":38},"transliteration":{"text":"tunfiqū","language_name":"english","language_id":38}},{"id":54409,"position":24,"audio_url":"wbw/008_060_025.mp3","qpc_uthmani_hafs":"مِن","char_type_name":"word","page_number":184,"line_number":13,"text":"ﯰ","translation":{"text":"from","language_name":"english","language_id":38},"transliteration":{"text":"min","language_name":"english","language_id":38}},{"id":54410,"position":25,"audio_url":"wbw/008_060_026.mp3","qpc_uthmani_hafs":"شَيۡءٖ","char_type_name":"word","page_number":184,"line_number":13,"text":"ﯱ","translation":{"text":"(any) thing","language_name":"english","language_id":38},"transliteration":{"text":"shayin","language_name":"english","language_id":38}},{"id":54411,"position":26,"audio_url":"wbw/008_060_027.mp3","qpc_uthmani_hafs":"فِي","char_type_name":"word","page_number":184,"line_number":13,"text":"ﯲ","translation":{"text":"in","language_name":"english","language_id":38},"transliteration":{"text":"fī","language_name":"english","language_id":38}},{"id":54412,"position":27,"audio_url":"wbw/008_060_028.mp3","qpc_uthmani_hafs":"سَبِيلِ","char_type_name":"word","page_number":184,"line_number":13,"text":"ﯳ","translation":{"text":"(the) way","language_name":"english","language_id":38},"transliteration":{"text":"sabīli","language_name":"english","language_id":38}},{"id":54413,"position":28,"audio_url":"wbw/008_060_029.mp3","qpc_uthmani_hafs":"ٱللَّهِ","char_type_name":"word","page_number":184,"line_number":14,"text":"ﯴ","translation":{"text":"(of) Allah","language_name":"english","language_id":38},"transliteration":{"text":"l-lahi","language_name":"english","language_id":38}},{"id":54414,"position":29,"audio_url":"wbw/008_060_030.mp3","qpc_uthmani_hafs":"يُوَفَّ","char_type_name":"word","page_number":184,"line_number":14,"text":"ﯵ","translation":{"text":"it will be fully repaid","language_name":"english","language_id":38},"transliteration":{"text":"yuwaffa","language_name":"english","language_id":38}},{"id":54415,"position":30,"audio_url":"wbw/008_060_031.mp3","qpc_uthmani_hafs":"إِلَيۡكُمۡ","char_type_name":"word","page_number":184,"line_number":14,"text":"ﯶ","translation":{"text":"to you","language_name":"english","language_id":38},"transliteration":{"text":"ilaykum","language_name":"english","language_id":38}},{"id":54416,"position":31,"audio_url":"wbw/008_060_032.mp3","qpc_uthmani_hafs":"وَأَنتُمۡ","char_type_name":"word","page_number":184,"line_number":14,"text":"ﯷ","translation":{"text":"and you","language_name":"english","language_id":38},"transliteration":{"text":"wa-antum","language_name":"english","language_id":38}},{"id":54417,"position":32,"audio_url":"wbw/008_060_033.mp3","qpc_uthmani_hafs":"لَا","char_type_name":"word","page_number":184,"line_number":14,"text":"ﯸ","translation":{"text":"(will) not","language_name":"english","language_id":38},"transliteration":{"text":"lā","language_name":"english","language_id":38}},{"id":54418,"position":33,"audio_url":"wbw/008_060_034.mp3","qpc_uthmani_hafs":"تُظۡلَمُونَ","char_type_name":"word","page_number":184,"line_number":14,"text":"ﯹ","translation":{"text":"be wronged","language_name":"english","language_id":38},"transliteration":{"text":"tuẓ'lamūna","language_name":"english","language_id":38}},{"id":54419,"position":34,"audio_url":null,"qpc_uthmani_hafs":"٦٠","char_type_name":"end","page_number":184,"line_number":14,"text":"ﯺ","translation":{"text":"(60)","language_name":"english","language_id":38},"transliteration":{"text":null,"language_name":"english","language_id":38}}],"translations":[{"id":917649,"resource_id":134,"text":"Dan siapkanlah untuk menghadapi mereka kekuatan apa saja yang kamu sanggupi dan dari kuda-kuda yang ditambat untuk berperang (yang dengan persiapan itu) kamu menggentarkan musuh Allah, musuhmu, dan orang orang selain mereka yang kamu tidak mengetahuinya; sedang Allah mengetahuinya.  Apa saja yang kamu nafkahkan pada jalan Allah, niscaya akan dibalas dengan cukup kepadamu dan kamu tidak akan dianiaya (dirugikan)."}]},{"id":1221,"verse_number":61,"verse_key":"8:61","juz_number":10,"hizb_number":19,"rub_el_hizb_number":74,"ruku_number":153,"manzil_number":2,"sajdah_number":null,"text_uthmani":"۞ وَإِن جَنَحُوا۟ لِلسَّلْمِ فَٱجْنَحْ لَهَا وَتَوَكَّلْ عَلَى ٱللَّهِ ۚ إِنَّهُۥ هُوَ ٱلسَّمِيعُ ٱلْعَلِيمُ","page_number":184,"words":[{"id":54990,"position":1,"audio_url":"wbw/008_061_002.mp3","qpc_uthmani_hafs":"۞ وَإِن","char_type_name":"word","page_number":184,"line_number":14,"text":"ﯻ ﯼ","translation":{"text":"And if","language_name":"english","language_id":38},"transliteration":{"text":"wa-in","language_name":"english","language_id":38}},{"id":54991,"position":2,"audio_url":"wbw/008_061_003.mp3","qpc_uthmani_hafs":"جَنَحُواْ","char_type_name":"word","page_number":184,"line_number":14,"text":"ﯽ","translation":{"text":"they incline","language_name":"english","language_id":38},"transliteration":{"text":"janaḥū","language_name":"english","language_id":38}},{"id":54992,"position":3,"audio_url":"wbw/008_061_004.mp3","qpc_uthmani_hafs":"لِلسَّلۡمِ","char_type_name":"word","page_number":184,"line_number":15,"text":"ﯾ","translation":{"text":"to peace","language_name":"english","language_id":38},"transliteration":{"text":"lilssalmi","language_name":"english","language_id":38}},{"id":54993,"position":4,"audio_url":"wbw/008_061_005.mp3","qpc_uthmani_hafs":"فَٱجۡنَحۡ","char_type_name":"word","page_number":184,"line_number":15,"text":"ﯿ","translation":{"text":"then you (also) incline","language_name":"english","language_id":38},"transliteration":{"text":"fa-ij'naḥ","language_name":"english","language_id":38}},{"id":54994,"position":5,"audio_url":"wbw/008_061_006.mp3","qpc_uthmani_hafs":"لَهَا","char_type_name":"word","page_number":184,"line_number":15,"text":"ﰀ","translation":{"text":"to it","language_name":"english","language_id":38},"transliteration":{"text":"lahā","language_name":"english","language_id":38}},{"id":54995,"position":6,"audio_url":"wbw/008_061_007.mp3","qpc_uthmani_hafs":"وَتَوَكَّلۡ","char_type_name":"word","page_number":184,"line_number":15,"text":"ﰁ","translation":{"text":"and put (your) trust","language_name":"english","language_id":38},"transliteration":{"text":"watawakkal","language_name":"english","language_id":38}},{"id":54996,"position":7,"audio_url":"wbw/008_061_008.mp3","qpc_uthmani_hafs":"عَلَى","char_type_name":"word","page_number":184,"line_number":15,"text":"ﰂ","translation":{"text":"in","language_name":"english","language_id":38},"transliteration":{"text":"ʿalā","language_name":"english","language_id":38}},{"id":54997,"position":8,"audio_url":"wbw/008_061_009.mp3","qpc_uthmani_hafs":"ٱللَّهِۚ","char_type_name":"word","page_number":184,"line_number":15,"text":"ﰃﰄ","translation":{"text":"Allah","language_name":"english","language_id":38},"transliteration":{"text":"l-lahi","language_name":"english","language_id":38}},{"id":54999,"position":9,"audio_url":"wbw/008_061_011.mp3","qpc_uthmani_hafs":"إِنَّهُۥ","char_type_name":"word","page_number":184,"line_number":15,"text":"ﰅ","translation":{"text":"Indeed","language_name":"english","language_id":38},"transliteration":{"text":"innahu","language_name":"english","language_id":38}},{"id":55000,"position":10,"audio_url":"wbw/008_061_012.mp3","qpc_uthmani_hafs":"هُوَ","char_type_name":"word","page_number":184,"line_number":15,"text":"ﰆ","translation":{"text":"He","language_name":"english","language_id":38},"transliteration":{"text":"huwa","language_name":"english","language_id":38}},{"id":55001,"position":11,"audio_url":"wbw/008_061_013.mp3","qpc_uthmani_hafs":"ٱلسَّمِيعُ","char_type_name":"word","page_number":184,"line_number":15,"text":"ﰇ","translation":{"text":"(is) All-Hearer","language_name":"english","language_id":38},"transliteration":{"text":"l-samīʿu","language_name":"english","language_id":38}},{"id":55002,"position":12,"audio_url":"wbw/008_061_014.mp3","qpc_uthmani_hafs":"ٱلۡعَلِيمُ","char_type_name":"word","page_number":184,"line_number":15,"text":"ﰈ","translation":{"text":"All-Knower","language_name":"english","language_id":38},"transliteration":{"text":"l-ʿalīmu","language_name":"english","language_id":38}},{"id":55003,"position":13,"audio_url":null,"qpc_uthmani_hafs":"٦١","char_type_name":"end","page_number":184,"line_number":15,"text":"ﰉ","translation":{"text":"(61)","language_name":"english","language_id":38},"transliteration":{"text":null,"language_name":"english","language_id":38}}],"translations":[{"id":917650,"resource_id":134,"text":"Dan jika mereka condong kepada perdamaian, maka condonglah kepadanya dan bertawakallah kepada Allah.  Sesungguhnya Dia-lah Yang Maha Mendengar lagi Maha Mengetahui."}]}],"pagination":{"per_page":50,"current_page":1,"next_page":null,"total_pages":1,"total_records":9}}