{"verses":[{"id":1222,"verse_number":62,"verse_key":"8:62","juz_number":10,"hizb_number":19,"rub_el_hizb_number":74,"ruku_number":153,"manzil_number":2,"sajdah_number":null,"text_uthmani":"وَإِن يُرِيدُوٓا۟ أَن يَخْدَعُوكَ فَإِنَّ حَسْبَكَ ٱللَّهُ ۚ هُوَ ٱلَّذِىٓ أَيَّدَكَ بِنَصْرِهِۦ وَبِٱلْمُؤْمِنِينَ","page_number":185,"words":[{"id":55470,"position":1,"audio_url":"wbw/008_062_001.mp3","qpc_uthmani_hafs":"وَإِن","char_type_name":"word","page_number":185,"line_number":1,"text":"ﭑ","translation":{"text":"But if","language_name":"english","language_id":38},"transliteration":{"text":"wa-in","language_name":"english","language_id":38}},{"id":55471,"position":2,"audio_url":"wbw/008_062_002.mp3","qpc_uthmani_hafs":"يُرِيدُوٓاْ","char_type_name":"word","page_number":185,"line_number":1,"text":"ﭒ","translation":{"text":"they intend","language_name":"english","language_id":38},"transliteration":{"text":"yurīdū","language_name":"english","language_id":38}},{"id":55472,"position":3,"audio_url":"wbw/008_062_003.mp3","qpc_uthmani_hafs":"أَن","char_type_name":"word","page_number":185,"line_number":1,"text":"ﭓ","translation":{"text":"to","language_name":"english","language_id":38},"transliteration":{"text":"an","language_name":"english","language_id":38}},{"id":55473,"position":4,"audio_url":"wbw/008_062_004.mp3","qpc_uthmani_hafs":"يَخۡدَعُوكَ","char_type_name":"word","page_number":185,"line_number":1,"text":"ﭔ","translation":{"text":"deceive you","language_name":"english","language_id":38},"transliteration":{"text":"yakhdaʿūka","language_name":"english","language_id":38}},{"id":55474,"position":5,"audio_url":"wbw/008_062_005.mp3","qpc_uthmani_hafs":"فَإِنَّ","char_type_name":"word","page_number":185,"line_number":1,"text":"ﭕ","translation":{"text":"then indeed","language_name":"english","language_id":38},"transliteration":{"text":"fa-inna","language_name":"english","language_id":38}},{"id":55475,"position":6,"audio_url":"wbw/008_062_006.mp3","qpc_uthmani_hafs":"حَسۡبَكَ","char_type_name":"word","page_number":185,"line_number":1,"text":"ﭖ","translation":{"text":"is sufficient for you","language_name":"english","language_id":38},"transliteration":{"text":"ḥasbaka","language_name":"english","language_id":38}},{"id":55476,"position":7,"audio_url":"wbw/008_062_007.mp3","qpc_uthmani_hafs":"ٱللَّهُۚ","char_type_name":"word","page_number":185,"line_number":1,"text":"ﭗﭘ","translation":{"text":"Allah","language_name":"english","language_id":38},"transliteration":{"text":"l-lahu","language_name":"english","language_id":38}},{"id":55478,"position":8,"audio_url":"wbw/008_062_009.mp3","qpc_uthmani_hafs":"هُوَ","char_type_name":"word","page_number":185,"line_number":1,"text":"ﭙ","translation":{"text":"He","language_name":"english","language_id":38},"transliteration":{"text":"huwa","language_name":"english","language_id":38}},{"id":55479,"position":9,"audio_url":"wbw/008_062_010.mp3","qpc_uthmani_hafs":"ٱلَّذِيٓ","char_type_name":"word","page_number":185,"line_number":1,"text":"ﭚ","translation":{"text":"(is) the One Who","language_name":"english","language_id":38},"transliteration":{"text":"alladhī","language_name":"english","language_id":38}},{"id":55480,"position":10,"audio_url":"wbw/008_062_011.mp3","qpc_uthmani_hafs":"أَيَّدَكَ","char_type_name":"word","page_number":185,"line_number":1,"text":"ﭛ","translation":{"text":"supported you","language_name":"english","language_id":38},"transliteration":{"text":"ayyadaka","language_name":"english","language_id":38}},{"id":55481,"position":11,"audio_url":"wbw/008_062_012.mp3","qpc_uthmani_hafs":"بِنَصۡرِهِۦ","char_type_name":"word","page_number":185,"line_number":2,"text":"ﭜ","translation":{"text":"with His help","language_name":"english","language_id":38},"transliteration":{"text":"binaṣrihi","language_name":"english","language_id":38}},{"id":55482,"position":12,"audio_url":"wbw/008_062_013.mp3","qpc_uthmani_hafs":"وَبِٱلۡمُؤۡمِنِينَ","char_type_name":"word","page_number":185,"line_number":2,"text":"ﭝ","translation":{"text":"and with the believers","language_name":"english","language_id":38},"transliteration":{"text":"wabil-mu'minīna","language_name":"english","language_id":38}},{"id":55483,"position":13,"audio_url":null,"qpc_uthmani_hafs":"٦٢","char_type_name":"end","page_number":185,"line_number":2,"text":"ﭞ","translation":{"text":"(62)","language_name":"english","language_id":38},"transliteration":{"text":null,"language_name":"english","language_id":38}}],"translations":[{"id":917651,"resource_id":134,"text":"Dan jika mereka bermaksud hendak menipumu, maka sesungguhnya cukuplah Allah (menjadi pelindungmu).  Dia-lah yang memperkuatmu dengan pertolongan-Nya dan dengan para mukmin,"}]},{"id":1223,"verse_number":63,"verse_key":"8:63","juz_number":10,"hizb_number":19,"rub_el_hizb_number":74,"ruku_number":153,"manzil_number":2,"sajdah_number":null,"text_uthmani":"وَأَلَّفَ بَيْنَ قُلُوبِهِمْ ۚ لَوْ أَنفَقْتَ مَا فِى ٱلْأَرْضِ جَمِيعًا مَّآ أَلَّفْتَ بَيْنَ قُلُوبِهِمْ وَلَـٰكِنَّ ٱللَّهَ أَلَّفَ بَيْنَهُمْ ۚ إِنَّهُۥ عَزِيزٌ حَكِيمٌ","page_number":185,"words":[{"id":56093,"position":1,"audio_url":"wbw/008_063_001.mp3","qpc_uthmani_hafs":"وَأَلَّفَ","char_type_name":"word","page_number":185,"line_number":2,"text":"ﭟ","translation":{"text":"And He (has) put affection","language_name":"english","language_id":38},"transliteration":{"text":"wa-allafa","language_name":"english","language_id":38}},{"id":56094,"position":2,"audio_url":"wbw/008_063_002.mp3","qpc_uthmani_hafs":"بَيۡنَ","char_type_name":"word","page_number":185,"line_number":2,"text":"ﭠ","translation":{"text":"between","language_name":"english","language_id":38},"transliteration":{"text":"bayna","language_name":"english","language_id":38}},{"id":56095,"position":3,"audio_url":"wbw/008_063_003.mp3","qpc_uthmani_hafs":"قُلُوبِهِمۡۚ","char_type_name":"word","page_number":185,"line_number":2,"text":"ﭡﭢ","translation":{"text":"their hearts","language_name":"english","language_id":38},"transliteration":{"text":"qulūbihim","language_name":"english","language_id":38}},{"id":56097,"position":4,"audio_url":"wbw/008_063_005.mp3","qpc_uthmani_hafs":"لَوۡ","char_type_name":"word","page_number":185,"line_number":2,"text":"ﭣ","translation":{"text":"If","language_name":"english","language_id":38},"transliteration":{"text":"law","language_name":"english","language_id":38}},{"id":56098,"position":5,"audio_url":"wbw/008_063_006.mp3","qpc_uthmani_hafs":"أَنفَقۡتَ","char_type_name":"word","page_number":185,"line_number":2,"text":"ﭤ","translation":{"text":"you (had) spent","language_name":"english","language_id":38},"transliteration":{"text":"anfaqta","language_name":"english","language_id":38}},{"id":56099,"position":6,"audio_url":"wbw/008_063_007.mp3","qpc_uthmani_hafs":"مَا","char_type_name":"word","page_number":185,"line_number":3,"text":"ﭥ","translation":{"text":"whatever","language_name":"english","language_id":38},"transliteration":{"text":"mā","language_name":"english","language_id":38}},{"id":56100,"position":7,"audio_url":"wbw/008_063_008.mp3","qpc_uthmani_hafs":"فِي","char_type_name":"word","page_number":185,"line_number":3,"text":"ﭦ","translation":{"text":"(is) in","language_name":"english","language_id":38},"transliteration":{"text":"fī","language_name":"english","language_id":38}},{"id":56101,"position":8,"audio_url":"wbw/008_063_009.mp3","qpc_uthmani_hafs":"ٱلۡأَرۡضِ","char_type_name":"word","page_number":185,"line_number":3,"text":"ﭧ","translation":{"text":"the earth","language_name":"english","language_id":38},"transliteration":{"text":"l-arḍi","language_name":"english","language_id":38}},{"id":56102,"position":9,"audio_url":"wbw/008_063_010.mp3","qpc_uthmani_hafs":"جَمِيعٗا","char_type_name":"word","page_number":185,"line_number":3,"text":"ﭨ","translation":{"text":"all","language_name":"english","language_id":38},"transliteration":{"text":"jamīʿan","language_name":"english","language_id":38}},{"id":56103,"position":10,"audio_url":"wbw/008_063_011.mp3","qpc_uthmani_hafs":"مَّآ","char_type_name":"word","page_number":185,"line_number":3,"text":"ﭩ","translation":{"text":"not","language_name":"english","language_id":38},"transliteration":{"text":"mā","language_name":"english","language_id":38}},{"id":56104,"position":11,"audio_url":"wbw/008_063_012.mp3","qpc_uthmani_hafs":"أَلَّفۡتَ","char_type_name":"word","page_number":185,"line_number":3,"text":"ﭪ","translation":{"text":"(could) you (have) put affection","language_name":"english","language_id":38},"transliteration":{"text":"allafta","language_name":"english","language_id":38}},{"id":56105,"position":12,"audio_url":"wbw/008_063_013.mp3","qpc_uthmani_hafs":"بَيۡنَ","char_type_name":"word","page_number":185,"line_number":3,"text":"ﭫ","translation":{"text":"between","language_name":"english","language_id":38},"transliteration":{"text":"bayna","language_name":"english","language_id":38}},{"id":56106,"position":13,"audio_url":"wbw/008_063_014.mp3","qpc_uthmani_hafs":"قُلُوبِهِمۡ","char_type_name":"word","page_number":185,"line_number":3,"text":"ﭬ","translation":{"text":"their hearts","language_name":"english","language_id":38},"transliteration":{"text":"qulūbihim","language_name":"english","language_id":38}},{"id":56107,"position":14,"audio_url":"wbw/008_063_015.mp3","qpc_uthmani_hafs":"وَلَٰكِنَّ","char_type_name":"word","page_number":185,"line_number":3,"text":"ﭭ","translation":{"text":"but","language_name":"english","language_id":38},"transliteration":{"text":"walākinna","language_name":"english","language_id":38}},{"id":56108,"position":15,"audio_url":"wbw/008_063_016.mp3","qpc_uthmani_hafs":"ٱللَّهَ","char_type_name":"word","page_number":185,"line_number":4,"text":"ﭮ","translation":{"text":"Allah","language_name":"english","language_id":38},"transliteration":{"text":"l-laha","language_name":"english","language_id":38}},{"id":56109,"position":16,"audio_url":"wbw/008_063_017.mp3","qpc_uthmani_hafs":"أَلَّفَ","char_type_name":"word","page_number":185,"line_number":4,"text":"ﭯ","translation":{"text":"(has) put affection","language_name":"english","language_id":38},"transliteration":{"text":"allafa","language_name":"english","language_id":38}},{"id":56110,"position":17,"audio_url":"wbw/008_063_018.mp3","qpc_uthmani_hafs":"بَيۡنَهُمۡۚ","char_type_name":"word","page_number":185,"line_number":4,"text":"ﭰﭱ","translation":{"text":"between them","language_name":"english","language_id":38},"transliteration":{"text":"baynahum","language_name":"english","language_id":38}},{"id":56112,"position":18,"audio_url":"wbw/008_063_020.mp3","qpc_uthmani_hafs":"إِنَّهُۥ","char_type_name":"word","page_number":185,"line_number":4,"text":"ﭲ","translation":{"text":"Indeed, He","language_name":"english","language_id":38},"transliteration":{"text":"innahu","language_name":"english","language_id":38}},{"id":56113,"position":19,"audio_url":"wbw/008_063_021.mp3","qpc_uthmani_hafs":"عَزِيزٌ","char_type_name":"word","page_number":185,"line_number":4,"text":"ﭳ","translation":{"text":"(is) All-Mighty","language_name":"english","language_id":38},"transliteration":{"text":"ʿazīzun","language_name":"english","language_id":38}},{"id":56114,"position":20,"audio_url":"wbw/008_063_022.mp3","qpc_uthmani_hafs":"حَكِيمٞ","char_type_name":"word","page_number":185,"line_number":4,"text":"ﭴ","translation":{"text":"All-Wise","language_name":"english","language_id":38},"transliteration":{"text":"ḥakīmun","language_name":"english","language_id":38}},{"id":56115,"position":21,"audio_url":null,"qpc_uthmani_hafs":"٦٣","char_type_name":"end","page_number":185,"line_number":4,"text":"ﭵ","translation":{"text":"(63)","language_name":"english","language_id":38},"transliteration":{"text":null,"language_name":"english","language_id":38}}],"translations":[{"id":917652,"resource_id":134,"text":"dan yang mempersatukan hati mereka (orang-orang yang beriman)<sup foot_note=210391>1</sup>.  Walaupun kamu membelanjakan semua (kekayaan) yang berada di bumi, niscaya kamu tidak dapat mempersatukan hati mereka, akan tetapi Allah telah mempersatukan hati mereka.  Sesungguhnya Dia Maha Perkasa lagi Maha Bijaksana."}]},{"id":1224,"verse_number":64,"verse_key":"8:64","juz_number":10,"hizb_number":19,"rub_el_hizb_number":74,"ruku_number":153,"manzil_number":2,"sajdah_number":null,"text_uthmani":"يَـٰٓأَيُّهَا ٱلنَّبِىُّ حَسْبُكَ ٱللَّهُ وَمَنِ ٱتَّبَعَكَ مِنَ ٱلْمُؤْمِنِينَ","page_number":185,"words":[{"id":56504,"position":1,"audio_url":"wbw/008_064_001.mp3","qpc_uthmani_hafs":"يَٰٓأَيُّهَا","char_type_name":"word","page_number":185,"line_number":4,"text":"ﭶ","translation":{"text":"O","language_name":"english","language_id":38},"transliteration":{"text":"yāayyuhā","language_name":"english","language_id":38}},{"id":56505,"position":2,"audio_url":"wbw/008_064_002.mp3","qpc_uthmani_hafs":"ٱلنَّبِيُّ","char_type_name":"word","page_number":185,"line_number":4,"text":"ﭷ","translation":{"text":"Prophet","language_name":"english","language_id":38},"transliteration":{"text":"l-nabiyu","language_name":"english","language_id":38}},{"id":56506,"position":3,"audio_url":"wbw/008_064_003.mp3","qpc_uthmani_hafs":"حَسۡبُكَ","char_type_name":"word","page_number":185,"line_number":4,"text":"ﭸ","translation":{"text":"Sufficient for you","language_name":"english","language_id":38},"transliteration":{"text":"ḥasbuka","language_name":"english","language_id":38}},{"id":56507,"position":4,"audio_url":"wbw/008_064_004.mp3","qpc_uthmani_hafs":"ٱللَّهُ","char_type_name":"word","page_number":185,"line_number":5,"text":"ﭹ","translation":{"text":"(is) Allah","language_name":"english","language_id":38},"transliteration":{"text":"l-lahu","language_name":"english","language_id":38}},{"id":56508,"position":5,"audio_url":"wbw/008_064_005.mp3","qpc_uthmani_hafs":"وَمَنِ","char_type_name":"word","page_number":185,"line_number":5,"text":"ﭺ","translation":{"text":"and whoever","language_name":"english","language_id":38},"transliteration":{"text":"wamani","language_name":"english","language_id":38}},{"id":56509,"position":6,"audio_url":"wbw/008_064_006.mp3","qpc_uthmani_hafs":"ٱتَّبَعَكَ","char_type_name":"word","page_number":185,"line_number":5,"text":"ﭻ","translation":{"text":"follows you","language_name":"english","language_id":38},"transliteration":{"text":"ittabaʿaka","language_name":"english","language_id":38}},{"id":56510,"position":7,"audio_url":"wbw/008_064_007.mp3","qpc_uthmani_hafs":"مِنَ","char_type_name":"word","page_number":185,"line_number":5,"text":"ﭼ","translation":{"text":"of","language_name":"english","language_id":38},"transliteration":{"text":"mina","language_name":"english","language_id":38}},{"id":56511,"position":8,"audio_url":"wbw/008_064_008.mp3","qpc_uthmani_hafs":"ٱلۡمُؤۡمِنِينَ","char_type_name":"word","page_number":185,"line_number":5,"text":"ﭽ","translation":{"text":"the believers","language_name":"english","language_id":38},"transliteration":{"text":"l-mu'minīna","language_name":"english","language_id":38}},{"id":56512,"position":9,"audio_url":null,"qpc_uthmani_hafs":"٦٤","char_type_name":"end","page_number":185,"line_number":5,"text":"ﭾ","translation":{"text":"(64)","language_name":"english","language_id":38},"transliteration":{"text":null,"language_name":"english","language_id":38}}],"translations":[{"id":917653,"resource_id":134,"text":"Hai Nabi, cukuplah Allah (menjadi pelindung) bagimu dan bagi orang-orang mukmin yang mengikutimu."}]},{"id":1225,"verse_number":65,"verse_key":"8:65","juz_number":10,"hizb_number":19,"rub_el_hizb_number":74,"ruku_number":154,"manzil_number":2,"sajdah_number":null,"text_uthmani":"يَـٰٓأَيُّهَا ٱلنَّبِىُّ حَرِّضِ ٱلْمُؤْمِنِينَ عَلَى ٱلْقِتَالِ ۚ إِن يَكُن مِّنكُمْ عِشْرُونَ صَـٰبِرُونَ يَغْلِبُوا۟ مِا۟ئَتَيْنِ ۚ وَإِن يَكُن مِّنكُم مِّا۟ئَةٌ يَغْلِبُوٓا۟ أَلْفًا مِّنَ ٱلَّذِينَ كَفَرُوا۟ بِأَنَّهُمْ قَوْمٌ لَّا يَفْقَهُونَ","page_number":185,"words":[{"id":57097,"position":1,"audio_url":"wbw/008_065_001.mp3","qpc_uthmani_hafs":"يَٰٓأَيُّهَا","char_type_name":"word","page_number":185,"line_number":5,"text":"ﭿ","translation":{"text":"O","language_name":"english","language_id":38},"transliteration":{"text":"yāayyuhā","language_name":"english","language_id":38}},{"id":57098,"position":2,"audio_url":"wbw/008_065_002.mp3","qpc_uthmani_hafs":"ٱلنَّبِيُّ","char_type_name":"word","page_number":185,"line_number":5,"text":"ﮀ","translation":{"text":"Prophet","language_name":"english","language_id":38},"transliteration":{"text":"l-nabiyu","language_name":"english","language_id":38}},{"id":57099,"position":3,"audio_url":"wbw/008_065_003.mp3","qpc_uthmani_hafs":"حَرِّضِ","char_type_name":"word","page_number":185,"line_number":5,"text":"ﮁ","translation":{"text":"Urge","language_name":"english","language_id":38},"transliteration":{"text":"ḥarriḍi","language_name":"english","language_id":38}},{"id":57100,"position":4,"audio_url":"wbw/008_065_004.mp3","qpc_uthmani_hafs":"ٱلۡمُؤۡمِنِينَ","char_type_name":"word","page_number":185,"line_number":6,"text":"ﮂ","translation":{"text":"the believers","language_name":"english","language_id":38},"transliteration":{"text":"l-mu'minīna","language_name":"english","language_id":38}},{"id":57101,"position":5,"audio_url":"wbw/008_065_005.mp3","qpc_uthmani_hafs":"عَلَى","char_type_name":"word","page_number":185,"line_number":6,"text":"ﮃ","translation":{"text":"to","language_name":"english","language_id":38},"transliteration":{"text":"ʿalā","language_name":"english","language_id":38}},{"id":57102,"position":6,"audio_url":"wbw/008_065_006.mp3","qpc_uthmani_hafs":"ٱلۡقِتَالِۚ","char_type_name":"word","page_number":185,"line_number":6,"text":"ﮄﮅ","translation":{"text":"[the] fight","language_name":"english","language_id":38},"transliteration":{"text":"l-qitāli","language_name":"english","language_id":38}},{"id":57104,"position":7,"audio_url":"wbw/008_065_008.mp3","qpc_uthmani_hafs":"إِن","char_type_name":"word","page_number":185,"line_number":6,"text":"ﮆ","translation":{"text":"If","language_name":"english","language_id":38},"transliteration":{"text":"in","language_name":"english","language_id":38}},{"id":57105,"position":8,"audio_url":"wbw/008_065_009.mp3","qpc_uthmani_hafs":"يَكُن","char_type_name":"word","page_number":185,"line_number":6,"text":"ﮇ","translation":{"text":"(there) are","language_name":"english","language_id":38},"transliteration":{"text":"yakun","language_name":"english","language_id":38}},{"id":57106,"position":9,"audio_url":"wbw/008_065_010.mp3","qpc_uthmani_hafs":"مِّنكُمۡ","char_type_name":"word","page_number":185,"line_number":6,"text":"ﮈ","translation":{"text":"among you","language_name":"english","language_id":38},"transliteration":{"text":"minkum","language_name":"english","language_id":38}},{"id":57107,"position":10,"audio_url":"wbw/008_065_011.mp3","qpc_uthmani_hafs":"عِشۡرُونَ","char_type_name":"word","page_number":185,"line_number":6,"text":"ﮉ","translation":{"text":"twenty","language_name":"english","language_id":38},"transliteration":{"text":"ʿish'rūna","language_name":"english","language_id":38}},{"id":57108,"position":11,"audio_url":"wbw/008_065_012.mp3","qpc_uthmani_hafs":"صَٰبِرُونَ","char_type_name":"word","page_number":185,"line_number":6,"text":"ﮊ","translation":{"text":"steadfast","language_name":"english","language_id":38},"transliteration":{"text":"ṣābirūna","language_name":"english","language_id":38}},{"id":57109,"position":12,"audio_url":"wbw/008_065_013.mp3","qpc_uthmani_hafs":"يَغۡلِبُواْ","char_type_name":"word","page_number":185,"line_number":7,"text":"ﮋ","translation":{"text":"they will overcome","language_name":"english","language_id":38},"transliteration":{"text":"yaghlibū","language_name":"english","language_id":38}},{"id":57110,"position":13,"audio_url":"wbw/008_065_014.mp3","qpc_uthmani_hafs":"مِاْئَتَيۡنِۚ","char_type_name":"word","page_number":185,"line_number":7,"text":"ﮌﮍ","translation":{"text":"two hundred","language_name":"english","language_id":38},"transliteration":{"text":"mi-atayni","language_name":"english","language_id":38}},{"id":57112,"position":14,"audio_url":"wbw/008_065_016.mp3","qpc_uthmani_hafs":"وَإِن","char_type_name":"word","page_number":185,"line_number":7,"text":"ﮎ","translation":{"text":"And if","language_name":"english","language_id":38},"transliteration":{"text":"wa-in","language_name":"english","language_id":38}},{"id":57113,"position":15,"audio_url":"wbw/008_065_017.mp3","qpc_uthmani_hafs":"يَكُن","char_type_name":"word","page_number":185,"line_number":7,"text":"ﮏ","translation":{"text":"(there) are","language_name":"english","language_id":38},"transliteration":{"text":"yakun","language_name":"english","language_id":38}},{"id":57114,"position":16,"audio_url":"wbw/008_065_018.mp3","qpc_uthmani_hafs":"مِّنكُم","char_type_name":"word","page_number":185,"line_number":7,"text":"ﮐ","translation":{"text":"among you","language_name":"english","language_id":38},"transliteration":{"text":"minkum","language_name":"english","language_id":38}},{"id":57115,"position":17,"audio_url":"wbw/008_065_019.mp3","qpc_uthmani_hafs":"مِّاْئَةٞ","char_type_name":"word","page_number":185,"line_number":7,"text":"ﮑ","translation":{"text":"a hundred","language_name":"english","language_id":38},"transliteration":{"text":"mi-atun","language_name":"english","language_id":38}},{"id":57116,"position":18,"audio_url":"wbw/008_065_020.mp3","qpc_uthmani_hafs":"يَغۡلِبُوٓاْ","char_type_name":"word","page_number":185,"line_number":7,"text":"ﮒ","translation":{"text":"they will overcome","language_name":"english","language_id":38},"transliteration":{"text":"yaghlibū","language_name":"english","language_id":38}},{"id":57117,"position":19,"audio_url":"wbw/008_065_021.mp3","qpc_uthmani_hafs":"أَلۡفٗا","char_type_name":"word","page_number":185,"line_number":7,"text":"ﮓ","translation":{"text":"a thousand","language_name":"english","language_id":38},"transliteration":{"text":"alfan","language_name":"english","language_id":38}},{"id":57118,"position":20,"audio_url":"wbw/008_065_022.mp3","qpc_uthmani_hafs":"مِّنَ","char_type_name":"word","page_number":185,"line_number":7,"text":"ﮔ","translation":{"text":"of","language_name":"english","language_id":38},"transliteration":{"text":"mina","language_name":"english","language_id":38}},{"id":57119,"position":21,"audio_url":"wbw/008_065_023.mp3","qpc_uthmani_hafs":"ٱلَّذِينَ","char_type_name":"word","page_number":185,"line_number":8,"text":"ﮕ","translation":{"text":"those who","language_name":"english","language_id":38},"transliteration":{"text":"alladhīna","language_name":"english","language_id":38}},{"id":57120,"position":22,"audio_url":"wbw/008_065_024.mp3","qpc_uthmani_hafs":"كَفَرُواْ","char_type_name":"word","page_number":185,"line_number":8,"text":"ﮖ","translation":{"text":"disbelieve","language_name":"english","language_id":38},"transliteration":{"text":"kafarū","language_name":"english","language_id":38}},{"id":57121,"position":23,"audio_url":"wbw/008_065_025.mp3","qpc_uthmani_hafs":"بِأَنَّهُمۡ","char_type_name":"word","page_number":185,"line_number":8,"text":"ﮗ","translation":{"text":"because they","language_name":"english","language_id":38},"transliteration":{"text":"bi-annahum","language_name":"english","language_id":38}},{"id":57122,"position":24,"audio_url":"wbw/008_065_026.mp3","qpc_uthmani_hafs":"قَوۡمٞ","char_type_name":"word","page_number":185,"line_number":8,"text":"ﮘ","translation":{"text":"(are) a people","language_name":"english","language_id":38},"transliteration":{"text":"qawmun","language_name":"english","language_id":38}},{"id":57123,"position":25,"audio_url":"wbw/008_065_027.mp3","qpc_uthmani_hafs":"لَّا","char_type_name":"word","page_number":185,"line_number":8,"text":"ﮙ","translation":{"text":"(who do) not","language_name":"english","language_id":38},"transliteration":{"text":"lā","language_name":"english","language_id":38}},{"id":57124,"position":26,"audio_url":"wbw/008_065_028.mp3","qpc_uthmani_hafs":"يَفۡقَهُونَ","char_type_name":"word","page_number":185,"line_number":8,"text":"ﮚ","translation":{"text":"understand","language_name":"english","language_id":38},"transliteration":{"text":"yafqahūna","language_name":"english","language_id":38}},{"id":57125,"position":27,"audio_url":null,"qpc_uthmani_hafs":"٦٥","char_type_name":"end","page_number":185,"line_number":8,"text":"ﮛ","translation":{"text":"(65)","language_name":"english","language_id":38},"transliteration":{"text":null,"language_name":"english","language_id":38}}],"translations":[{"id":917654,"resource_id":134,"text":"Hai Nabi, kobarkanlah semangat para mukmin untuk berperang.  Jika ada dua puluh orang yang sabar diantara kamu, niscaya mereka dapat mengalahkan dua ratus orang musuh.  Dan jika ada seratus orang (yang sabar) di antaramu, mereka dapat mengalahkan seribu dari pada orang-orang kafir, disebabkan orang-orang kafir itu kaum yang tidak mengerti<sup foot_note=210392>1</sup>."}]},{"id":1226,"verse_number":66,"verse_key":"8:66","juz_number":10,"hizb_number":19,"rub_el_hizb_number":74,"ruku_number":154,"manzil_number":2,"sajdah_number":null,"text_uthmani":"ٱلْـَٔـٰنَ خَفَّفَ ٱللَّهُ عَنكُمْ وَعَلِمَ أَنَّ فِيكُمْ ضَعْفًا ۚ فَإِن يَكُن مِّنكُم مِّا۟ئَةٌ صَابِرَةٌ يَغْلِبُوا۟ مِا۟ئَتَيْنِ ۚ وَإِن يَكُن مِّنكُمْ أَلْفٌ يَغْلِبُوٓا۟ أَلْفَيْنِ بِإِذْنِ ٱللَّهِ ۗ وَٱللَّهُ مَعَ ٱلصَّـٰبِرِينَ","page_number":185,"words":[{"id":57574,"position":1,"audio_url":"wbw/008_066_001.mp3","qpc_uthmani_hafs":"ٱلۡـَٰٔنَ","char_type_name":"word","page_number":185,"line_number":8,"text":"ﮜ","translation":{"text":"Now","language_name":"english","language_id":38},"transliteration":{"text":"al-āna","language_name":"english","language_id":38}},{"id":57575,"position":2,"audio_url":"wbw/008_066_002.mp3","qpc_uthmani_hafs":"خَفَّفَ","char_type_name":"word","page_number":185,"line_number":8,"text":"ﮝ","translation":{"text":"has (been) lightened","language_name":"english","language_id":38},"transliteration":{"text":"khaffafa","language_name":"english","language_id":38}},{"id":57576,"position":3,"audio_url":"wbw/008_066_003.mp3","qpc_uthmani_hafs":"ٱللَّهُ","char_type_name":"word","page_number":185,"line_number":9,"text":"ﮞ","translation":{"text":"(by) Allah","language_name":"english","language_id":38},"transliteration":{"text":"l-lahu","language_name":"english","language_id":38}},{"id":57577,"position":4,"audio_url":"wbw/008_066_004.mp3","qpc_uthmani_hafs":"عَنكُمۡ","char_type_name":"word","page_number":185,"line_number":9,"text":"ﮟ","translation":{"text":"for you","language_name":"english","language_id":38},"transliteration":{"text":"ʿankum","language_name":"english","language_id":38}},{"id":57578,"position":5,"audio_url":"wbw/008_066_005.mp3","qpc_uthmani_hafs":"وَعَلِمَ","char_type_name":"word","page_number":185,"line_number":9,"text":"ﮠ","translation":{"text":"and He knows","language_name":"english","language_id":38},"transliteration":{"text":"waʿalima","language_name":"english","language_id":38}},{"id":57579,"position":6,"audio_url":"wbw/008_066_006.mp3","qpc_uthmani_hafs":"أَنَّ","char_type_name":"word","page_number":185,"line_number":9,"text":"ﮡ","translation":{"text":"that","language_name":"english","language_id":38},"transliteration":{"text":"anna","language_name":"english","language_id":38}},{"id":57580,"position":7,"audio_url":"wbw/008_066_007.mp3","qpc_uthmani_hafs":"فِيكُمۡ","char_type_name":"word","page_number":185,"line_number":9,"text":"ﮢ","translation":{"text":"in you","language_name":"english","language_id":38},"transliteration":{"text":"fīkum","language_name":"english","language_id":38}},{"id":57581,"position":8,"audio_url":"wbw/008_066_008.mp3","qpc_uthmani_hafs":"ضَعۡفٗاۚ","char_type_name":"word","page_number":185,"line_number":9,"text":"ﮣﮤ","translation":{"text":"(there) is weakness","language_name":"english","language_id":38},"transliteration":{"text":"ḍaʿfan","language_name":"english","language_id":38}},{"id":57583,"position":9,"audio_url":"wbw/008_066_010.mp3","qpc_uthmani_hafs":"فَإِن","char_type_name":"word","page_number":185,"line_number":9,"text":"ﮥ","translation":{"text":"So if","language_name":"english","language_id":38},"transliteration":{"text":"fa-in","language_name":"english","language_id":38}},{"id":57584,"position":10,"audio_url":"wbw/008_066_011.mp3","qpc_uthmani_hafs":"يَكُن","char_type_name":"word","page_number":185,"line_number":9,"text":"ﮦ","translation":{"text":"(there) are","language_name":"english","language_id":38},"transliteration":{"text":"yakun","language_name":"english","language_id":38}},{"id":57585,"position":11,"audio_url":"wbw/008_066_012.mp3","qpc_uthmani_hafs":"مِّنكُم","char_type_name":"word","page_number":185,"line_number":9,"text":"ﮧ","translation":{"text":"among you","language_name":"english","language_id":38},"transliteration":{"text":"minkum","language_name":"english","language_id":38}},{"id":57586,"position":12,"audio_url":"wbw/008_066_013.mp3","qpc_uthmani_hafs":"مِّاْئَةٞ","char_type_name":"word","page_number":185,"line_number":9,"text":"ﮨ","translation":{"text":"a hundred","language_name":"english","language_id":38},"transliteration":{"text":"mi-atun","language_name":"english","language_id":38}},{"id":57587,"position":13,"audio_url":"wbw/008_066_014.mp3","qpc_uthmani_hafs":"صَابِرَةٞ","char_type_name":"word","page_number":185,"line_number":10,"text":"ﮩ","translation":{"text":"steadfast","language_name":"english","language_id":38},"transliteration":{"text":"ṣābiratun","language_name":"english","language_id":38}},{"id":57588,"position":14,"audio_url":"wbw/008_066_015.mp3","qpc_uthmani_hafs":"يَغۡلِبُواْ","char_type_name":"word","page_number":185,"line_number":10,"text":"ﮪ","translation":{"text":"they will overcome","language_name":"english","language_id":38},"transliteration":{"text":"yaghlibū","language_name":"english","language_id":38}},{"id":57589,"position":15,"audio_url":"wbw/008_066_016.mp3","qpc_uthmani_hafs":"مِاْئَتَيۡنِۚ","char_type_name":"word","page_number":185,"line_number":10,"text":"ﮫﮬ","translation":{"text":"two hundred","language_name":"english","language_id":38},"transliteration":{"text":"mi-atayni","language_name":"english","language_id":38}},{"id":57591,"position":16,"audio_url":"wbw/008_066_018.mp3","qpc_uthmani_hafs":"وَإِن","char_type_name":"word","page_number":185,"line_number":10,"text":"ﮭ","translation":{"text":"And if","language_name":"english","language_id":38},"transliteration":{"text":"wa-in","language_name":"english","language_id":38}},{"id":57592,"position":17,"audio_url":"wbw/008_066_019.mp3","qpc_uthmani_hafs":"يَكُن","char_type_name":"word","page_number":185,"line_number":10,"text":"ﮮ","translation":{"text":"(there) are","language_name":"english","language_id":38},"transliteration":{"text":"yakun","language_name":"english","language_id":38}},{"id":57593,"position":18,"audio_url":"wbw/008_066_020.mp3","qpc_uthmani_hafs":"مِّنكُمۡ","char_type_name":"word","page_number":185,"line_number":10,"text":"ﮯ","translation":{"text":"among you","language_name":"english","language_id":38},"transliteration":{"text":"minkum","language_name":"english","language_id":38}},{"id":57594,"position":19,"audio_url":"wbw/008_066_021.mp3","qpc_uthmani_hafs":"أَلۡفٞ","char_type_name":"word","page_number":185,"line_number":10,"text":"ﮰ","translation":{"text":"a thousand","language_name":"english","language_id":38},"transliteration":{"text":"alfun","language_name":"english","language_id":38}},{"id":57595,"position":20,"audio_url":"wbw/008_066_022.mp3","qpc_uthmani_hafs":"يَغۡلِبُوٓاْ","char_type_name":"word","page_number":185,"line_number":10,"text":"ﮱ","translation":{"text":"they will overcome","language_name":"english","language_id":38},"transliteration":{"text":"yaghlibū","language_name":"english","language_id":38}},{"id":57596,"position":21,"audio_url":"wbw/008_066_023.mp3","qpc_uthmani_hafs":"أَلۡفَيۡنِ","char_type_name":"word","page_number":185,"line_number":10,"text":"ﯓ","translation":{"text":"two thousand","language_name":"english","language_id":38},"transliteration":{"text":"alfayni","language_name":"english","language_id":38}},{"id":57597,"position":22,"audio_url":"wbw/008_066_024.mp3","qpc_uthmani_hafs":"بِإِذۡنِ","char_type_name":"word","page_number":185,"line_number":11,"text":"ﯔ","translation":{"text":"with (the) permission","language_name":"english","language_id":38},"transliteration":{"text":"bi-idh'ni","language_name":"english","language_id":38}},{"id":57598,"position":23,"audio_url":"wbw/008_066_025.mp3","qpc_uthmani_hafs":"ٱللَّهِۗ","char_type_name":"word","page_number":185,"line_number":11,"text":"ﯕﯖ","translation":{"text":"(of) Allah","language_name":"english","language_id":38},"transliteration":{"text":"l-lahi","language_name":"english","language_id":38}},{"id":57600,"position":24,"audio_url":"wbw/008_066_027.mp3","qpc_uthmani_hafs":"وَٱللَّهُ","char_type_name":"word","page_number":185,"line_number":11,"text":"ﯗ","translation":{"text":"And Allah","language_name":"english","language_id":38},"transliteration":{"text":"wal-lahu","language_name":"english","language_id":38}},{"id":57601,"position":25,"audio_url":"wbw/008_066_028.mp3","qpc_uthmani_hafs":"مَعَ","char_type_name":"word","page_number":185,"line_number":11,"text":"ﯘ","translation":{"text":"(is) with","language_name":"english","language_id":38},"transliteration":{"text":"maʿa","language_name":"english","language_id":38}},{"id":57602,"position":26,"audio_url":"wbw/008_066_029.mp3","qpc_uthmani_hafs":"ٱلصَّٰبِرِينَ","char_type_name":"word","page_number":185,"line_number":11,"text":"ﯙ","translation":{"text":"the steadfast","language_name":"english","language_id":38},"transliteration":{"text":"l-ṣābirīna","language_name":"english","language_id":38}},{"id":57603,"position":27,"audio_url":null,"qpc_uthmani_hafs":"٦٦","char_type_name":"end","page_number":185,"line_number":11,"text":"ﯚ","translation":{"text":"(66)","language_name":"english","language_id":38},"transliteration":{"text":null,"language_name":"english","language_id":38}}],"translations":[{"id":917655,"resource_id":134,"text":"Sekarang Allah telah meringankan kepadamu dan dia telah mengetahui bahwa padamu ada kelemahan.  Maka jika ada diantaramu seratus orang yang sabar, niscaya mereka dapat mengalahkan dua ratus orang; dan jika diantaramu ada seribu orang (yang sabar), niscaya mereka dapat mengalahkan dua ribu orang dengan seizin Allah.  Dan Allah beserta orang-orang yang sabar."}]},{"id":1227,"verse_number":67,"verse_key":"8:67","juz_number":10,"hizb_number":19,"rub_el_hizb_number":74,"ruku_number":154,"manzil_number":2,"sajdah_number":null,"text_uthmani":"مَا كَانَ لِنَبِىٍّ أَن يَكُونَ لَهُۥٓ أَسْرَىٰ حَتَّىٰ يُثْخِنَ فِى ٱلْأَرْضِ ۚ تُرِيدُونَ عَرَضَ ٱلدُّنْيَا وَٱللَّهُ يُرِيدُ ٱلْـَٔاخِرَةَ ۗ وَٱللَّهُ عَزِيزٌ حَكِيمٌ","page_number":185,"words":[{"id":58358,"position":1,"audio_url":"wbw/008_067_001.mp3","qpc_uthmani_hafs":"مَا","char_type_name":"word","page_number":185,"line_number":11,"text":"ﯛ","translation":{"text":"Not","language_name":"english","language_id":38},"transliteration":{"text":"mā","language_name":"english","language_id":38}},{"id":58359,"position":2,"audio_url":"wbw/008_067_002.mp3","qpc_uthmani_hafs":"كَانَ","char_type_name":"word","page_number":185,"line_number":11,"text":"ﯜ","translation":{"text":"is","language_name":"english","language_id":38},"transliteration":{"text":"kāna","language_name":"english","language_id":38}},{"id":58360,"position":3,"audio_url":"wbw/008_067_003.mp3","qpc_uthmani_hafs":"لِنَبِيٍّ","char_type_name":"word","page_number":185,"line_number":11,"text":"ﯝ","translation":{"text":"for a Prophet","language_name":"english","language_id":38},"transliteration":{"text":"linabiyyin","language_name":"english","language_id":38}},{"id":58361,"position":4,"audio_url":"wbw/008_067_004.mp3","qpc_uthmani_hafs":"أَن","char_type_name":"word","page_number":185,"line_number":11,"text":"ﯞ","translation":{"text":"that","language_name":"english","language_id":38},"transliteration":{"text":"an","language_name":"english","language_id":38}},{"id":58362,"position":5,"audio_url":"wbw/008_067_005.mp3","qpc_uthmani_hafs":"يَكُونَ","char_type_name":"word","page_number":185,"line_number":11,"text":"ﯟ","translation":{"text":"(there) should be","language_name":"english","language_id":38},"transliteration":{"text":"yakūna","language_name":"english","language_id":38}},{"id":58363,"position":6,"audio_url":"wbw/008_067_006.mp3","qpc_uthmani_hafs":"لَهُۥٓ","char_type_name":"word","page_number":185,"line_number":12,"text":"ﯠ","translation":{"text":"for him","language_name":"english","language_id":38},"transliteration":{"text":"lahu","language_name":"english","language_id":38}},{"id":58364,"position":7,"audio_url":"wbw/008_067_007.mp3","qpc_uthmani_hafs":"أَسۡرَىٰ","char_type_name":"word","page_number":185,"line_number":12,"text":"ﯡ","translation":{"text":"prisoners of war","language_name":"english","language_id":38},"transliteration":{"text":"asrā","language_name":"english","language_id":38}},{"id":58365,"position":8,"audio_url":"wbw/008_067_008.mp3","qpc_uthmani_hafs":"حَتَّىٰ","char_type_name":"word","page_number":185,"line_number":12,"text":"ﯢ","translation":{"text":"until","language_name":"english","language_id":38},"transliteration":{"text":"ḥattā","language_name":"english","language_id":38}},{"id":58366,"position":9,"audio_url":"wbw/008_067_009.mp3","qpc_uthmani_hafs":"يُثۡخِنَ","char_type_name":"word","page_number":185,"line_number":12,"text":"ﯣ","translation":{"text":"he has battled strenuously","language_name":"english","language_id":38},"transliteration":{"text":"yuth'khina","language_name":"english","language_id":38}},{"id":58367,"position":10,"audio_url":"wbw/008_067_010.mp3","qpc_uthmani_hafs":"فِي","char_type_name":"word","page_number":185,"line_number":12,"text":"ﯤ","translation":{"text":"in","language_name":"english","language_id":38},"transliteration":{"text":"fī","language_name":"english","language_id":38}},{"id":58368,"position":11,"audio_url":"wbw/008_067_011.mp3","qpc_uthmani_hafs":"ٱلۡأَرۡضِۚ","char_type_name":"word","page_number":185,"line_number":12,"text":"ﯥﯦ","translation":{"text":"the land","language_name":"english","language_id":38},"transliteration":{"text":"l-arḍi","language_name":"english","language_id":38}},{"id":58370,"position":12,"audio_url":"wbw/008_067_013.mp3","qpc_uthmani_hafs":"تُرِيدُونَ","char_type_name":"word","page_number":185,"line_number":12,"text":"ﯧ","translation":{"text":"You desire","language_name":"english","language_id":38},"transliteration":{"text":"turīdūna","language_name":"english","language_id":38}},{"id":58371,"position":13,"audio_url":"wbw/008_067_014.mp3","qpc_uthmani_hafs":"عَرَضَ","char_type_name":"word","page_number":185,"line_number":12,"text":"ﯨ","translation":{"text":"(the) commodities","language_name":"english","language_id":38},"transliteration":{"text":"ʿaraḍa","language_name":"english","language_id":38}},{"id":58372,"position":14,"audio_url":"wbw/008_067_015.mp3","qpc_uthmani_hafs":"ٱلدُّنۡيَا","char_type_name":"word","page_number":185,"line_number":12,"text":"ﯩ","translation":{"text":"(of) the world","language_name":"english","language_id":38},"transliteration":{"text":"l-dun'yā","language_name":"english","language_id":38}},{"id":58373,"position":15,"audio_url":"wbw/008_067_016.mp3","qpc_uthmani_hafs":"وَٱللَّهُ","char_type_name":"word","page_number":185,"line_number":13,"text":"ﯪ","translation":{"text":"but Allah","language_name":"english","language_id":38},"transliteration":{"text":"wal-lahu","language_name":"english","language_id":38}},{"id":58374,"position":16,"audio_url":"wbw/008_067_017.mp3","qpc_uthmani_hafs":"يُرِيدُ","char_type_name":"word","page_number":185,"line_number":13,"text":"ﯫ","translation":{"text":"desires","language_name":"english","language_id":38},"transliteration":{"text":"yurīdu","language_name":"english","language_id":38}},{"id":58375,"position":17,"audio_url":"wbw/008_067_018.mp3","qpc_uthmani_hafs":"ٱلۡأٓخِرَةَۗ","char_type_name":"word","page_number":185,"line_number":13,"text":"ﯬﯭ","translation":{"text":"(for you) the Hereafter","language_name":"english","language_id":38},"transliteration":{"text":"l-ākhirata","language_name":"english","language_id":38}},{"id":58377,"position":18,"audio_url":"wbw/008_067_020.mp3","qpc_uthmani_hafs":"وَٱللَّهُ","char_type_name":"word","page_number":185,"line_number":13,"text":"ﯮ","translation":{"text":"And Allah","language_name":"english","language_id":38},"transliteration":{"text":"wal-lahu","language_name":"english","language_id":38}},{"id":58378,"position":19,"audio_url":"wbw/008_067_021.mp3","qpc_uthmani_hafs":"عَزِيزٌ","char_type_name":"word","page_number":185,"line_number":13,"text":"ﯯ","translation":{"text":"(is) All-Mighty","language_name":"english","language_id":38},"transliteration":{"text":"ʿazīzun","language_name":"english","language_id":38}},{"id":58379,"position":20,"audio_url":"wbw/008_067_022.mp3","qpc_uthmani_hafs":"حَكِيمٞ","char_type_name":"word","page_number":185,"line_number":13,"text":"ﯰ","translation":{"text":"All-Wise","language_name":"english","language_id":38},"transliteration":{"text":"ḥakīmun","language_name":"english","language_id":38}},{"id":58380,"position":21,"audio_url":null,"qpc_uthmani_hafs":"٦٧","char_type_name":"end","page_number":185,"line_number":13,"text":"ﯱ","translation":{"text":"(67)","language_name":"english","language_id":38},"transliteration":{"text":null,"language_name":"english","language_id":38}}],"translations":[{"id":917656,"resource_id":134,"text":"Tidak patut bagi seorang nabi mempunyai tawanan sebelum ia dapat melumpuhkan musuhnya di muka bumi.  Kamu menghendaki harta benda duniawi, sedangkan Allah menghendaki (pahala) akhirat (untukmu).  Dan Allah Maha Perkasa lagi Maha Bijaksana."}]},{"id":1228,"verse_number":68,"verse_key":"8:68","juz_number":10,"hizb_number":19,"rub_el_hizb_number":74,"ruku_number":154,"manzil_number":2,"sajdah_number":null,"text_uthmani":"لَّوْلَا كِتَـٰبٌ مِّنَ ٱللَّهِ سَبَقَ لَمَسَّكُمْ فِيمَآ أَخَذْتُمْ عَذَابٌ عَظِيمٌ","page_number":185,"words":[{"id":58796,"position":1,"audio_url":"wbw/008_068_001.mp3","qpc_uthmani_hafs":"لَّوۡلَا","char_type_name":"word","page_number":185,"line_number":13,"text":"ﯲ","translation":{"text":"Had not","language_name":"english","language_id":38},"transliteration":{"text":"lawlā","language_name":"english","language_id":38}},{"id":58797,"position":2,"audio_url":"wbw/008_068_002.mp3","qpc_uthmani_hafs":"كِتَٰبٞ","char_type_name":"word","page_number":185,"line_number":13,"text":"ﯳ","translation":{"text":"an ordainment","language_name":"english","language_id":38},"transliteration":{"text":"kitābun","language_name":"english","language_id":38}},{"id":58798,"position":3,"audio_url":"wbw/008_068_003.mp3","qpc_uthmani_hafs":"مِّنَ","char_type_name":"word","page_number":185,"line_number":13,"text":"ﯴ","translation":{"text":"from","language_name":"english","language_id":38},"transliteration":{"text":"mina","language_name":"english","language_id":38}},{"id":58799,"position":4,"audio_url":"wbw/008_068_004.mp3","qpc_uthmani_hafs":"ٱللَّهِ","char_type_name":"word","page_number":185,"line_number":14,"text":"ﯵ","translation":{"text":"Allah","language_name":"english","language_id":38},"transliteration":{"text":"l-lahi","language_name":"english","language_id":38}},{"id":58800,"position":5,"audio_url":"wbw/008_068_005.mp3","qpc_uthmani_hafs":"سَبَقَ","char_type_name":"word","page_number":185,"line_number":14,"text":"ﯶ","translation":{"text":"preceded","language_name":"english","language_id":38},"transliteration":{"text":"sabaqa","language_name":"english","language_id":38}},{"id":58801,"position":6,"audio_url":"wbw/008_068_006.mp3","qpc_uthmani_hafs":"لَمَسَّكُمۡ","char_type_name":"word","page_number":185,"line_number":14,"text":"ﯷ","translation":{"text":"surely (would) have touched you","language_name":"english","language_id":38},"transliteration":{"text":"lamassakum","language_name":"english","language_id":38}},{"id":58802,"position":7,"audio_url":"wbw/008_068_007.mp3","qpc_uthmani_hafs":"فِيمَآ","char_type_name":"word","page_number":185,"line_number":14,"text":"ﯸ","translation":{"text":"for what","language_name":"english","language_id":38},"transliteration":{"text":"fīmā","language_name":"english","language_id":38}},{"id":58803,"position":8,"audio_url":"wbw/008_068_008.mp3","qpc_uthmani_hafs":"أَخَذۡتُمۡ","char_type_name":"word","page_number":185,"line_number":14,"text":"ﯹ","translation":{"text":"you took ","language_name":"english","language_id":38},"transliteration":{"text":"akhadhtum","language_name":"english","language_id":38}},{"id":58804,"position":9,"audio_url":"wbw/008_068_009.mp3","qpc_uthmani_hafs":"عَذَابٌ","char_type_name":"word","page_number":185,"line_number":14,"text":"ﯺ","translation":{"text":"a punishment","language_name":"english","language_id":38},"transliteration":{"text":"ʿadhābun","language_name":"english","language_id":38}},{"id":58805,"position":10,"audio_url":"wbw/008_068_010.mp3","qpc_uthmani_hafs":"عَظِيمٞ","char_type_name":"word","page_number":185,"line_number":14,"text":"ﯻ","translation":{"text":"great","language_name":"english","language_id":38},"transliteration":{"text":"ʿaẓīmun","language_name":"english","language_id":38}},{"id":58806,"position":11,"audio_url":null,"qpc_uthmani_hafs":"٦٨","char_type_name":"end","page_number":185,"line_number":14,"text":"ﯼ","translation":{"text":"(68)","language_name":"english","language_id":38},"transliteration":{"text":null,"language_name":"english","language_id":38}}],"translations":[{"id":917657,"resource_id":134,"text":"Kalau sekiranya tidak ada ketetapan yang telah terdahulu dari Allah, niscaya kamu ditimpa siksaan yang besar karena tebusan yang kamu ambil."}]},{"id":1229,"verse_number":69,"verse_key":"8:69","juz_number":10,"hizb_number":19,"rub_el_hizb_number":74,"ruku_number":154,"manzil_number":2,"sajdah_number":null,"text_uthmani":"فَكُلُوا۟ مِمَّا غَنِمْتُمْ حَلَـٰلًا طَيِّبًا ۚ وَٱتَّقُوا۟ ٱللَّهَ ۚ إِنَّ ٱللَّهَ غَفُورٌ رَّحِيمٌ","page_number":185,"words":[{"id":59017,"position":1,"audio_url":"wbw/008_069_001.mp3","qpc_uthmani_hafs":"فَكُلُواْ","char_type_name":"word","page_number":185,"line_number":14,"text":"ﯽ","translation":{"text":"So eat","language_name":"english","language_id":38},"transliteration":{"text":"fakulū","language_name":"english","language_id":38}},{"id":59018,"position":2,"audio_url":"wbw/008_069_002.mp3","qpc_uthmani_hafs":"مِمَّا","char_type_name":"word","page_number":185,"line_number":14,"text":"ﯾ","translation":{"text":"from what","language_name":"english","language_id":38},"transliteration":{"text":"mimmā","language_name":"english","language_id":38}},{"id":59019,"position":3,"audio_url":"wbw/008_069_003.mp3","qpc_uthmani_hafs":"غَنِمۡتُمۡ","char_type_name":"word","page_number":185,"line_number":15,"text":"ﯿ","translation":{"text":"you got as war booty ","language_name":"english","language_id":38},"transliteration":{"text":"ghanim'tum","language_name":"english","language_id":38}},{"id":59020,"position":4,"audio_url":"wbw/008_069_004.mp3","qpc_uthmani_hafs":"حَلَٰلٗا","char_type_name":"word","page_number":185,"line_number":15,"text":"ﰀ","translation":{"text":"lawful","language_name":"english","language_id":38},"transliteration":{"text":"ḥalālan","language_name":"english","language_id":38}},{"id":59021,"position":5,"audio_url":"wbw/008_069_005.mp3","qpc_uthmani_hafs":"طَيِّبٗاۚ","char_type_name":"word","page_number":185,"line_number":15,"text":"ﰁﰂ","translation":{"text":"(and) good","language_name":"english","language_id":38},"transliteration":{"text":"ṭayyiban","language_name":"english","language_id":38}},{"id":59023,"position":6,"audio_url":"wbw/008_069_007.mp3","qpc_uthmani_hafs":"وَٱتَّقُواْ","char_type_name":"word","page_number":185,"line_number":15,"text":"ﰃ","translation":{"text":"and fear","language_name":"english","language_id":38},"transliteration":{"text":"wa-ittaqū","language_name":"english","language_id":38}},{"id":59024,"position":7,"audio_url":"wbw/008_069_008.mp3","qpc_uthmani_hafs":"ٱللَّهَۚ","char_type_name":"word","page_number":185,"line_number":15,"text":"ﰄﰅ","translation":{"text":"Allah","language_name":"english","language_id":38},"transliteration":{"text":"l-laha","language_name":"english","language_id":38}},{"id":59026,"position":8,"audio_url":"wbw/008_069_010.mp3","qpc_uthmani_hafs":"إِنَّ","char_type_name":"word","page_number":185,"line_number":15,"text":"ﰆ","translation":{"text":"Indeed","language_name":"english","language_id":38},"transliteration":{"text":"inna","language_name":"english","language_id":38}},{"id":59027,"position":9,"audio_url":"wbw/008_069_011.mp3","qpc_uthmani_hafs":"ٱللَّهَ","char_type_name":"word","page_number":185,"line_number":15,"text":"ﰇ","translation":{"text":"Allah","language_name":"english","language_id":38},"transliteration":{"text":"l-laha","language_name":"english","language_id":38}},{"id":59028,"position":10,"audio_url":"wbw/008_069_012.mp3","qpc_uthmani_hafs":"غَفُورٞ","char_type_name":"word","page_number":185,"line_number":15,"text":"ﰈ","translation":{"text":"(is) Oft-Forgiving","language_name":"english","language_id":38},"transliteration":{"text":"ghafūrun","language_name":"english","language_id":38}},{"id":59029,"position":11,"audio_url":"wbw/008_069_013.mp3","qpc_uthmani_hafs":"رَّحِيمٞ","char_type_name":"word","page_number":185,"line_number":15,"text":"ﰉ","translation":{"text":"Most Merciful","language_name":"english","language_id":38},"transliteration":{"text":"raḥīmun","language_name":"english","language_id":38}},{"id":59030,"position":12,"audio_url":null,"qpc_uthmani_hafs":"٦٩","char_type_name":"end","page_number":185,"line_number":15,"text":"ﰊ","translation":{"text":"(69)","language_name":"english","language_id":38},"transliteration":{"text":null,"language_name":"english","language_id":38}}],"translations":[{"id":917658,"resource_id":134,"text":"Maka makanlah dari sebagian rampasan perang yang telah kamu ambil itu, sebagai makanan yang halal lagi baik, dan bertakwalah kepada Allah; sesungguhnya Allah Maha Pengampun lagi Maha Penyayang."}]}],"pagination":{"per_page":50,"current_page":1,"next_page":null,"total_pages":1,"total_records":8}}