{"verses":[{"id":1256,"verse_number":21,"verse_key":"9:21","juz_number":10,"hizb_number":19,"rub_el_hizb_number":76,"ruku_number":158,"manzil_number":2,"sajdah_number":null,"text_uthmani":"يُبَشِّرُهُمْ رَبُّهُم بِرَحْمَةٍ مِّنْهُ وَرِضْوَٰنٍ وَجَنَّـٰتٍ لَّهُمْ فِيهَا نَعِيمٌ مُّقِيمٌ","page_number":190,"words":[{"id":23824,"position":1,"audio_url":"wbw/009_021_001.mp3","qpc_uthmani_hafs":"يُبَشِّرُهُمۡ","char_type_name":"word","page_number":190,"line_number":1,"text":"ﭑ","translation":{"text":"Their Lord gives them glad tidings","language_name":"english","language_id":38},"transliteration":{"text":"yubashiruhum","language_name":"english","language_id":38}},{"id":23825,"position":2,"audio_url":"wbw/009_021_002.mp3","qpc_uthmani_hafs":"رَبُّهُم","char_type_name":"word","page_number":190,"line_number":1,"text":"ﭒ","translation":{"text":"Their Lord gives them glad tidings","language_name":"english","language_id":38},"transliteration":{"text":"rabbuhum","language_name":"english","language_id":38}},{"id":23826,"position":3,"audio_url":"wbw/009_021_003.mp3","qpc_uthmani_hafs":"بِرَحۡمَةٖ","char_type_name":"word","page_number":190,"line_number":1,"text":"ﭓ","translation":{"text":"of Mercy","language_name":"english","language_id":38},"transliteration":{"text":"biraḥmatin","language_name":"english","language_id":38}},{"id":23827,"position":4,"audio_url":"wbw/009_021_004.mp3","qpc_uthmani_hafs":"مِّنۡهُ","char_type_name":"word","page_number":190,"line_number":1,"text":"ﭔ","translation":{"text":"from Him","language_name":"english","language_id":38},"transliteration":{"text":"min'hu","language_name":"english","language_id":38}},{"id":23828,"position":5,"audio_url":"wbw/009_021_005.mp3","qpc_uthmani_hafs":"وَرِضۡوَٰنٖ","char_type_name":"word","page_number":190,"line_number":1,"text":"ﭕ","translation":{"text":"and Pleasure","language_name":"english","language_id":38},"transliteration":{"text":"wariḍ'wānin","language_name":"english","language_id":38}},{"id":23829,"position":6,"audio_url":"wbw/009_021_006.mp3","qpc_uthmani_hafs":"وَجَنَّٰتٖ","char_type_name":"word","page_number":190,"line_number":1,"text":"ﭖ","translation":{"text":"and Gardens","language_name":"english","language_id":38},"transliteration":{"text":"wajannātin","language_name":"english","language_id":38}},{"id":23830,"position":7,"audio_url":"wbw/009_021_007.mp3","qpc_uthmani_hafs":"لَّهُمۡ","char_type_name":"word","page_number":190,"line_number":1,"text":"ﭗ","translation":{"text":"for them ","language_name":"english","language_id":38},"transliteration":{"text":"lahum","language_name":"english","language_id":38}},{"id":23831,"position":8,"audio_url":"wbw/009_021_008.mp3","qpc_uthmani_hafs":"فِيهَا","char_type_name":"word","page_number":190,"line_number":1,"text":"ﭘ","translation":{"text":"in it","language_name":"english","language_id":38},"transliteration":{"text":"fīhā","language_name":"english","language_id":38}},{"id":23832,"position":9,"audio_url":"wbw/009_021_009.mp3","qpc_uthmani_hafs":"نَعِيمٞ","char_type_name":"word","page_number":190,"line_number":2,"text":"ﭙ","translation":{"text":"(is) bliss","language_name":"english","language_id":38},"transliteration":{"text":"naʿīmun","language_name":"english","language_id":38}},{"id":23833,"position":10,"audio_url":"wbw/009_021_010.mp3","qpc_uthmani_hafs":"مُّقِيمٌ","char_type_name":"word","page_number":190,"line_number":2,"text":"ﭚ","translation":{"text":"enduring","language_name":"english","language_id":38},"transliteration":{"text":"muqīmun","language_name":"english","language_id":38}},{"id":23834,"position":11,"audio_url":null,"qpc_uthmani_hafs":"٢١","char_type_name":"end","page_number":190,"line_number":2,"text":"ﭛ","translation":{"text":"(21)","language_name":"english","language_id":38},"transliteration":{"text":null,"language_name":"english","language_id":38}}],"translations":[{"id":917685,"resource_id":134,"text":"Tuhan mereka menggembirakan mereka dengan memberikan rahmat dari-Nya, keridaan dan surga, mereka memperoleh di dalamnya kesenangan yang kekal,"}]},{"id":1257,"verse_number":22,"verse_key":"9:22","juz_number":10,"hizb_number":19,"rub_el_hizb_number":76,"ruku_number":158,"manzil_number":2,"sajdah_number":null,"text_uthmani":"خَـٰلِدِينَ فِيهَآ أَبَدًا ۚ إِنَّ ٱللَّهَ عِندَهُۥٓ أَجْرٌ عَظِيمٌ","page_number":190,"words":[{"id":24841,"position":1,"audio_url":"wbw/009_022_001.mp3","qpc_uthmani_hafs":"خَٰلِدِينَ","char_type_name":"word","page_number":190,"line_number":2,"text":"ﭜ","translation":{"text":"(They will) abide","language_name":"english","language_id":38},"transliteration":{"text":"khālidīna","language_name":"english","language_id":38}},{"id":24842,"position":2,"audio_url":"wbw/009_022_002.mp3","qpc_uthmani_hafs":"فِيهَآ","char_type_name":"word","page_number":190,"line_number":2,"text":"ﭝ","translation":{"text":"in it","language_name":"english","language_id":38},"transliteration":{"text":"fīhā","language_name":"english","language_id":38}},{"id":24843,"position":3,"audio_url":"wbw/009_022_003.mp3","qpc_uthmani_hafs":"أَبَدًاۚ","char_type_name":"word","page_number":190,"line_number":2,"text":"ﭞﭟ","translation":{"text":"forever","language_name":"english","language_id":38},"transliteration":{"text":"abadan","language_name":"english","language_id":38}},{"id":24845,"position":4,"audio_url":"wbw/009_022_005.mp3","qpc_uthmani_hafs":"إِنَّ","char_type_name":"word","page_number":190,"line_number":2,"text":"ﭠ","translation":{"text":"Indeed","language_name":"english","language_id":38},"transliteration":{"text":"inna","language_name":"english","language_id":38}},{"id":24846,"position":5,"audio_url":"wbw/009_022_006.mp3","qpc_uthmani_hafs":"ٱللَّهَ","char_type_name":"word","page_number":190,"line_number":2,"text":"ﭡ","translation":{"text":"Allah ","language_name":"english","language_id":38},"transliteration":{"text":"l-laha","language_name":"english","language_id":38}},{"id":24847,"position":6,"audio_url":"wbw/009_022_007.mp3","qpc_uthmani_hafs":"عِندَهُۥٓ","char_type_name":"word","page_number":190,"line_number":2,"text":"ﭢ","translation":{"text":"with Him","language_name":"english","language_id":38},"transliteration":{"text":"ʿindahu","language_name":"english","language_id":38}},{"id":24848,"position":7,"audio_url":"wbw/009_022_008.mp3","qpc_uthmani_hafs":"أَجۡرٌ","char_type_name":"word","page_number":190,"line_number":2,"text":"ﭣ","translation":{"text":"(is) a reward","language_name":"english","language_id":38},"transliteration":{"text":"ajrun","language_name":"english","language_id":38}},{"id":24849,"position":8,"audio_url":"wbw/009_022_009.mp3","qpc_uthmani_hafs":"عَظِيمٞ","char_type_name":"word","page_number":190,"line_number":3,"text":"ﭤ","translation":{"text":"great","language_name":"english","language_id":38},"transliteration":{"text":"ʿaẓīmun","language_name":"english","language_id":38}},{"id":24850,"position":9,"audio_url":null,"qpc_uthmani_hafs":"٢٢","char_type_name":"end","page_number":190,"line_number":3,"text":"ﭥ","translation":{"text":"(22)","language_name":"english","language_id":38},"transliteration":{"text":null,"language_name":"english","language_id":38}}],"translations":[{"id":917686,"resource_id":134,"text":"mereka kekal di dalamnya selama-lamanya.  Sesungguhnya di sisi Allah-lah pahala yang besar."}]},{"id":1258,"verse_number":23,"verse_key":"9:23","juz_number":10,"hizb_number":19,"rub_el_hizb_number":76,"ruku_number":158,"manzil_number":2,"sajdah_number":null,"text_uthmani":"يَـٰٓأَيُّهَا ٱلَّذِينَ ءَامَنُوا۟ لَا تَتَّخِذُوٓا۟ ءَابَآءَكُمْ وَإِخْوَٰنَكُمْ أَوْلِيَآءَ إِنِ ٱسْتَحَبُّوا۟ ٱلْكُفْرَ عَلَى ٱلْإِيمَـٰنِ ۚ وَمَن يَتَوَلَّهُم مِّنكُمْ فَأُو۟لَـٰٓئِكَ هُمُ ٱلظَّـٰلِمُونَ","page_number":190,"words":[{"id":25833,"position":1,"audio_url":"wbw/009_023_001.mp3","qpc_uthmani_hafs":"يَٰٓأَيُّهَا","char_type_name":"word","page_number":190,"line_number":3,"text":"ﭦ","translation":{"text":"O you","language_name":"english","language_id":38},"transliteration":{"text":"yāayyuhā","language_name":"english","language_id":38}},{"id":25834,"position":2,"audio_url":"wbw/009_023_002.mp3","qpc_uthmani_hafs":"ٱلَّذِينَ","char_type_name":"word","page_number":190,"line_number":3,"text":"ﭧ","translation":{"text":"who","language_name":"english","language_id":38},"transliteration":{"text":"alladhīna","language_name":"english","language_id":38}},{"id":25835,"position":3,"audio_url":"wbw/009_023_003.mp3","qpc_uthmani_hafs":"ءَامَنُواْ","char_type_name":"word","page_number":190,"line_number":3,"text":"ﭨ","translation":{"text":"believe","language_name":"english","language_id":38},"transliteration":{"text":"āmanū","language_name":"english","language_id":38}},{"id":25836,"position":4,"audio_url":"wbw/009_023_004.mp3","qpc_uthmani_hafs":"لَا","char_type_name":"word","page_number":190,"line_number":3,"text":"ﭩ","translation":{"text":"(Do) not","language_name":"english","language_id":38},"transliteration":{"text":"lā","language_name":"english","language_id":38}},{"id":25837,"position":5,"audio_url":"wbw/009_023_005.mp3","qpc_uthmani_hafs":"تَتَّخِذُوٓاْ","char_type_name":"word","page_number":190,"line_number":3,"text":"ﭪ","translation":{"text":"take","language_name":"english","language_id":38},"transliteration":{"text":"tattakhidhū","language_name":"english","language_id":38}},{"id":25838,"position":6,"audio_url":"wbw/009_023_006.mp3","qpc_uthmani_hafs":"ءَابَآءَكُمۡ","char_type_name":"word","page_number":190,"line_number":3,"text":"ﭫ","translation":{"text":"your fathers","language_name":"english","language_id":38},"transliteration":{"text":"ābāakum","language_name":"english","language_id":38}},{"id":25839,"position":7,"audio_url":"wbw/009_023_007.mp3","qpc_uthmani_hafs":"وَإِخۡوَٰنَكُمۡ","char_type_name":"word","page_number":190,"line_number":4,"text":"ﭬ","translation":{"text":"and your brothers","language_name":"english","language_id":38},"transliteration":{"text":"wa-ikh'wānakum","language_name":"english","language_id":38}},{"id":25840,"position":8,"audio_url":"wbw/009_023_008.mp3","qpc_uthmani_hafs":"أَوۡلِيَآءَ","char_type_name":"word","page_number":190,"line_number":4,"text":"ﭭ","translation":{"text":"(as) allies","language_name":"english","language_id":38},"transliteration":{"text":"awliyāa","language_name":"english","language_id":38}},{"id":25841,"position":9,"audio_url":"wbw/009_023_009.mp3","qpc_uthmani_hafs":"إِنِ","char_type_name":"word","page_number":190,"line_number":4,"text":"ﭮ","translation":{"text":"if","language_name":"english","language_id":38},"transliteration":{"text":"ini","language_name":"english","language_id":38}},{"id":25842,"position":10,"audio_url":"wbw/009_023_010.mp3","qpc_uthmani_hafs":"ٱسۡتَحَبُّواْ","char_type_name":"word","page_number":190,"line_number":4,"text":"ﭯ","translation":{"text":"they prefer","language_name":"english","language_id":38},"transliteration":{"text":"is'taḥabbū","language_name":"english","language_id":38}},{"id":25843,"position":11,"audio_url":"wbw/009_023_011.mp3","qpc_uthmani_hafs":"ٱلۡكُفۡرَ","char_type_name":"word","page_number":190,"line_number":4,"text":"ﭰ","translation":{"text":"[the] disbelief","language_name":"english","language_id":38},"transliteration":{"text":"l-kuf'ra","language_name":"english","language_id":38}},{"id":25844,"position":12,"audio_url":"wbw/009_023_012.mp3","qpc_uthmani_hafs":"عَلَى","char_type_name":"word","page_number":190,"line_number":4,"text":"ﭱ","translation":{"text":"over","language_name":"english","language_id":38},"transliteration":{"text":"ʿalā","language_name":"english","language_id":38}},{"id":25845,"position":13,"audio_url":"wbw/009_023_013.mp3","qpc_uthmani_hafs":"ٱلۡإِيمَٰنِۚ","char_type_name":"word","page_number":190,"line_number":4,"text":"ﭲﭳ","translation":{"text":"[the] belief","language_name":"english","language_id":38},"transliteration":{"text":"l-īmāni","language_name":"english","language_id":38}},{"id":25847,"position":14,"audio_url":"wbw/009_023_015.mp3","qpc_uthmani_hafs":"وَمَن","char_type_name":"word","page_number":190,"line_number":5,"text":"ﭴ","translation":{"text":"And whoever","language_name":"english","language_id":38},"transliteration":{"text":"waman","language_name":"english","language_id":38}},{"id":25848,"position":15,"audio_url":"wbw/009_023_016.mp3","qpc_uthmani_hafs":"يَتَوَلَّهُم","char_type_name":"word","page_number":190,"line_number":5,"text":"ﭵ","translation":{"text":"takes them as allies","language_name":"english","language_id":38},"transliteration":{"text":"yatawallahum","language_name":"english","language_id":38}},{"id":25849,"position":16,"audio_url":"wbw/009_023_017.mp3","qpc_uthmani_hafs":"مِّنكُمۡ","char_type_name":"word","page_number":190,"line_number":5,"text":"ﭶ","translation":{"text":"among you","language_name":"english","language_id":38},"transliteration":{"text":"minkum","language_name":"english","language_id":38}},{"id":25850,"position":17,"audio_url":"wbw/009_023_018.mp3","qpc_uthmani_hafs":"فَأُوْلَٰٓئِكَ","char_type_name":"word","page_number":190,"line_number":5,"text":"ﭷ","translation":{"text":"then those","language_name":"english","language_id":38},"transliteration":{"text":"fa-ulāika","language_name":"english","language_id":38}},{"id":25851,"position":18,"audio_url":"wbw/009_023_019.mp3","qpc_uthmani_hafs":"هُمُ","char_type_name":"word","page_number":190,"line_number":5,"text":"ﭸ","translation":{"text":"[they]","language_name":"english","language_id":38},"transliteration":{"text":"humu","language_name":"english","language_id":38}},{"id":25852,"position":19,"audio_url":"wbw/009_023_020.mp3","qpc_uthmani_hafs":"ٱلظَّٰلِمُونَ","char_type_name":"word","page_number":190,"line_number":5,"text":"ﭹ","translation":{"text":"(are) the wrongdoers","language_name":"english","language_id":38},"transliteration":{"text":"l-ẓālimūna","language_name":"english","language_id":38}},{"id":25853,"position":20,"audio_url":null,"qpc_uthmani_hafs":"٢٣","char_type_name":"end","page_number":190,"line_number":5,"text":"ﭺ","translation":{"text":"(23)","language_name":"english","language_id":38},"transliteration":{"text":null,"language_name":"english","language_id":38}}],"translations":[{"id":917687,"resource_id":134,"text":"Hai orang-orang beriman, janganlah kamu jadikan bapak-bapak dan saudara-saudaramu, pemimpin-pemimpinmu, jika mereka lebih mengutamakan kekafiran atas keimanan dan siapa di antara kamu yang menjadikan mereka pemimpin-pemimpinmu, maka mereka itulah orang-orang yang zalim."}]},{"id":1259,"verse_number":24,"verse_key":"9:24","juz_number":10,"hizb_number":19,"rub_el_hizb_number":76,"ruku_number":158,"manzil_number":2,"sajdah_number":null,"text_uthmani":"قُلْ إِن كَانَ ءَابَآؤُكُمْ وَأَبْنَآؤُكُمْ وَإِخْوَٰنُكُمْ وَأَزْوَٰجُكُمْ وَعَشِيرَتُكُمْ وَأَمْوَٰلٌ ٱقْتَرَفْتُمُوهَا وَتِجَـٰرَةٌ تَخْشَوْنَ كَسَادَهَا وَمَسَـٰكِنُ تَرْضَوْنَهَآ أَحَبَّ إِلَيْكُم مِّنَ ٱللَّهِ وَرَسُولِهِۦ وَجِهَادٍ فِى سَبِيلِهِۦ فَتَرَبَّصُوا۟ حَتَّىٰ يَأْتِىَ ٱللَّهُ بِأَمْرِهِۦ ۗ وَٱللَّهُ لَا يَهْدِى ٱلْقَوْمَ ٱلْفَـٰسِقِينَ","page_number":190,"words":[{"id":26916,"position":1,"audio_url":"wbw/009_024_001.mp3","qpc_uthmani_hafs":"قُلۡ","char_type_name":"word","page_number":190,"line_number":5,"text":"ﭻ","translation":{"text":"Say","language_name":"english","language_id":38},"transliteration":{"text":"qul","language_name":"english","language_id":38}},{"id":26917,"position":2,"audio_url":"wbw/009_024_002.mp3","qpc_uthmani_hafs":"إِن","char_type_name":"word","page_number":190,"line_number":5,"text":"ﭼ","translation":{"text":"If","language_name":"english","language_id":38},"transliteration":{"text":"in","language_name":"english","language_id":38}},{"id":26918,"position":3,"audio_url":"wbw/009_024_003.mp3","qpc_uthmani_hafs":"كَانَ","char_type_name":"word","page_number":190,"line_number":6,"text":"ﭽ","translation":{"text":"are","language_name":"english","language_id":38},"transliteration":{"text":"kāna","language_name":"english","language_id":38}},{"id":26919,"position":4,"audio_url":"wbw/009_024_004.mp3","qpc_uthmani_hafs":"ءَابَآؤُكُمۡ","char_type_name":"word","page_number":190,"line_number":6,"text":"ﭾ","translation":{"text":"your fathers","language_name":"english","language_id":38},"transliteration":{"text":"ābāukum","language_name":"english","language_id":38}},{"id":26920,"position":5,"audio_url":"wbw/009_024_005.mp3","qpc_uthmani_hafs":"وَأَبۡنَآؤُكُمۡ","char_type_name":"word","page_number":190,"line_number":6,"text":"ﭿ","translation":{"text":"and your sons","language_name":"english","language_id":38},"transliteration":{"text":"wa-abnāukum","language_name":"english","language_id":38}},{"id":26921,"position":6,"audio_url":"wbw/009_024_006.mp3","qpc_uthmani_hafs":"وَإِخۡوَٰنُكُمۡ","char_type_name":"word","page_number":190,"line_number":6,"text":"ﮀ","translation":{"text":"and your brothers","language_name":"english","language_id":38},"transliteration":{"text":"wa-ikh'wānukum","language_name":"english","language_id":38}},{"id":26922,"position":7,"audio_url":"wbw/009_024_007.mp3","qpc_uthmani_hafs":"وَأَزۡوَٰجُكُمۡ","char_type_name":"word","page_number":190,"line_number":6,"text":"ﮁ","translation":{"text":"and your spouses","language_name":"english","language_id":38},"transliteration":{"text":"wa-azwājukum","language_name":"english","language_id":38}},{"id":26923,"position":8,"audio_url":"wbw/009_024_008.mp3","qpc_uthmani_hafs":"وَعَشِيرَتُكُمۡ","char_type_name":"word","page_number":190,"line_number":6,"text":"ﮂ","translation":{"text":"and your relatives","language_name":"english","language_id":38},"transliteration":{"text":"waʿashīratukum","language_name":"english","language_id":38}},{"id":26924,"position":9,"audio_url":"wbw/009_024_009.mp3","qpc_uthmani_hafs":"وَأَمۡوَٰلٌ","char_type_name":"word","page_number":190,"line_number":7,"text":"ﮃ","translation":{"text":"and wealth","language_name":"english","language_id":38},"transliteration":{"text":"wa-amwālun","language_name":"english","language_id":38}},{"id":26925,"position":10,"audio_url":"wbw/009_024_010.mp3","qpc_uthmani_hafs":"ٱقۡتَرَفۡتُمُوهَا","char_type_name":"word","page_number":190,"line_number":7,"text":"ﮄ","translation":{"text":"that you have acquired","language_name":"english","language_id":38},"transliteration":{"text":"iq'taraftumūhā","language_name":"english","language_id":38}},{"id":26926,"position":11,"audio_url":"wbw/009_024_011.mp3","qpc_uthmani_hafs":"وَتِجَٰرَةٞ","char_type_name":"word","page_number":190,"line_number":7,"text":"ﮅ","translation":{"text":"and the commerce","language_name":"english","language_id":38},"transliteration":{"text":"watijāratun","language_name":"english","language_id":38}},{"id":26927,"position":12,"audio_url":"wbw/009_024_012.mp3","qpc_uthmani_hafs":"تَخۡشَوۡنَ","char_type_name":"word","page_number":190,"line_number":7,"text":"ﮆ","translation":{"text":"you fear","language_name":"english","language_id":38},"transliteration":{"text":"takhshawna","language_name":"english","language_id":38}},{"id":26928,"position":13,"audio_url":"wbw/009_024_013.mp3","qpc_uthmani_hafs":"كَسَادَهَا","char_type_name":"word","page_number":190,"line_number":7,"text":"ﮇ","translation":{"text":"a decline (in) it","language_name":"english","language_id":38},"transliteration":{"text":"kasādahā","language_name":"english","language_id":38}},{"id":26929,"position":14,"audio_url":"wbw/009_024_014.mp3","qpc_uthmani_hafs":"وَمَسَٰكِنُ","char_type_name":"word","page_number":190,"line_number":7,"text":"ﮈ","translation":{"text":"and the dwellings","language_name":"english","language_id":38},"transliteration":{"text":"wamasākinu","language_name":"english","language_id":38}},{"id":26930,"position":15,"audio_url":"wbw/009_024_015.mp3","qpc_uthmani_hafs":"تَرۡضَوۡنَهَآ","char_type_name":"word","page_number":190,"line_number":8,"text":"ﮉ","translation":{"text":"you delight (in) it","language_name":"english","language_id":38},"transliteration":{"text":"tarḍawnahā","language_name":"english","language_id":38}},{"id":26931,"position":16,"audio_url":"wbw/009_024_016.mp3","qpc_uthmani_hafs":"أَحَبَّ","char_type_name":"word","page_number":190,"line_number":8,"text":"ﮊ","translation":{"text":"(are) more beloved","language_name":"english","language_id":38},"transliteration":{"text":"aḥabba","language_name":"english","language_id":38}},{"id":26932,"position":17,"audio_url":"wbw/009_024_017.mp3","qpc_uthmani_hafs":"إِلَيۡكُم","char_type_name":"word","page_number":190,"line_number":8,"text":"ﮋ","translation":{"text":"to you","language_name":"english","language_id":38},"transliteration":{"text":"ilaykum","language_name":"english","language_id":38}},{"id":26933,"position":18,"audio_url":"wbw/009_024_018.mp3","qpc_uthmani_hafs":"مِّنَ","char_type_name":"word","page_number":190,"line_number":8,"text":"ﮌ","translation":{"text":"than","language_name":"english","language_id":38},"transliteration":{"text":"mina","language_name":"english","language_id":38}},{"id":26934,"position":19,"audio_url":"wbw/009_024_019.mp3","qpc_uthmani_hafs":"ٱللَّهِ","char_type_name":"word","page_number":190,"line_number":8,"text":"ﮍ","translation":{"text":"Allah","language_name":"english","language_id":38},"transliteration":{"text":"l-lahi","language_name":"english","language_id":38}},{"id":26935,"position":20,"audio_url":"wbw/009_024_020.mp3","qpc_uthmani_hafs":"وَرَسُولِهِۦ","char_type_name":"word","page_number":190,"line_number":8,"text":"ﮎ","translation":{"text":"and His Messenger","language_name":"english","language_id":38},"transliteration":{"text":"warasūlihi","language_name":"english","language_id":38}},{"id":26936,"position":21,"audio_url":"wbw/009_024_021.mp3","qpc_uthmani_hafs":"وَجِهَادٖ","char_type_name":"word","page_number":190,"line_number":8,"text":"ﮏ","translation":{"text":"and striving","language_name":"english","language_id":38},"transliteration":{"text":"wajihādin","language_name":"english","language_id":38}},{"id":26937,"position":22,"audio_url":"wbw/009_024_022.mp3","qpc_uthmani_hafs":"فِي","char_type_name":"word","page_number":190,"line_number":9,"text":"ﮐ","translation":{"text":"in","language_name":"english","language_id":38},"transliteration":{"text":"fī","language_name":"english","language_id":38}},{"id":26938,"position":23,"audio_url":"wbw/009_024_023.mp3","qpc_uthmani_hafs":"سَبِيلِهِۦ","char_type_name":"word","page_number":190,"line_number":9,"text":"ﮑ","translation":{"text":"His way","language_name":"english","language_id":38},"transliteration":{"text":"sabīlihi","language_name":"english","language_id":38}},{"id":26939,"position":24,"audio_url":"wbw/009_024_024.mp3","qpc_uthmani_hafs":"فَتَرَبَّصُواْ","char_type_name":"word","page_number":190,"line_number":9,"text":"ﮒ","translation":{"text":"then wait","language_name":"english","language_id":38},"transliteration":{"text":"fatarabbaṣū","language_name":"english","language_id":38}},{"id":26940,"position":25,"audio_url":"wbw/009_024_025.mp3","qpc_uthmani_hafs":"حَتَّىٰ","char_type_name":"word","page_number":190,"line_number":9,"text":"ﮓ","translation":{"text":"until","language_name":"english","language_id":38},"transliteration":{"text":"ḥattā","language_name":"english","language_id":38}},{"id":26941,"position":26,"audio_url":"wbw/009_024_026.mp3","qpc_uthmani_hafs":"يَأۡتِيَ","char_type_name":"word","page_number":190,"line_number":9,"text":"ﮔ","translation":{"text":"Allah brings","language_name":"english","language_id":38},"transliteration":{"text":"yatiya","language_name":"english","language_id":38}},{"id":26942,"position":27,"audio_url":"wbw/009_024_027.mp3","qpc_uthmani_hafs":"ٱللَّهُ","char_type_name":"word","page_number":190,"line_number":9,"text":"ﮕ","translation":{"text":"Allah brings","language_name":"english","language_id":38},"transliteration":{"text":"l-lahu","language_name":"english","language_id":38}},{"id":26943,"position":28,"audio_url":"wbw/009_024_028.mp3","qpc_uthmani_hafs":"بِأَمۡرِهِۦۗ","char_type_name":"word","page_number":190,"line_number":9,"text":"ﮖﮗ","translation":{"text":"His Command","language_name":"english","language_id":38},"transliteration":{"text":"bi-amrihi","language_name":"english","language_id":38}},{"id":26945,"position":29,"audio_url":"wbw/009_024_030.mp3","qpc_uthmani_hafs":"وَٱللَّهُ","char_type_name":"word","page_number":190,"line_number":9,"text":"ﮘ","translation":{"text":"And Allah","language_name":"english","language_id":38},"transliteration":{"text":"wal-lahu","language_name":"english","language_id":38}},{"id":26946,"position":30,"audio_url":"wbw/009_024_031.mp3","qpc_uthmani_hafs":"لَا","char_type_name":"word","page_number":190,"line_number":9,"text":"ﮙ","translation":{"text":"(does) not","language_name":"english","language_id":38},"transliteration":{"text":"lā","language_name":"english","language_id":38}},{"id":26947,"position":31,"audio_url":"wbw/009_024_032.mp3","qpc_uthmani_hafs":"يَهۡدِي","char_type_name":"word","page_number":190,"line_number":9,"text":"ﮚ","translation":{"text":"guide","language_name":"english","language_id":38},"transliteration":{"text":"yahdī","language_name":"english","language_id":38}},{"id":26948,"position":32,"audio_url":"wbw/009_024_033.mp3","qpc_uthmani_hafs":"ٱلۡقَوۡمَ","char_type_name":"word","page_number":190,"line_number":10,"text":"ﮛ","translation":{"text":"the people ","language_name":"english","language_id":38},"transliteration":{"text":"l-qawma","language_name":"english","language_id":38}},{"id":26949,"position":33,"audio_url":"wbw/009_024_034.mp3","qpc_uthmani_hafs":"ٱلۡفَٰسِقِينَ","char_type_name":"word","page_number":190,"line_number":10,"text":"ﮜ","translation":{"text":"the defiantly disobedient","language_name":"english","language_id":38},"transliteration":{"text":"l-fāsiqīna","language_name":"english","language_id":38}},{"id":26950,"position":34,"audio_url":null,"qpc_uthmani_hafs":"٢٤","char_type_name":"end","page_number":190,"line_number":10,"text":"ﮝ","translation":{"text":"(24)","language_name":"english","language_id":38},"transliteration":{"text":null,"language_name":"english","language_id":38}}],"translations":[{"id":917688,"resource_id":134,"text":"Katakanlah, \"jika bapak-bapak, anak-anak, saudara-saudara, istri-istri, kaum keluargamu, harta kekayaan yang kamu usahakan, perniagaan yang kamu khawatirkan kerugiannya, dan rumah-rumah tempat tinggal yang kamu sukai, adalah lebih kamu cintai dari pada Allah dan rasul-Nya dan dari berjihad di jalan-Nya, maka tunggulah sampai Allah mendatangkan keputusan-Nya\".  Dan Allah tidak memberi petunjuk kepada orang-orang yang fasik."}]},{"id":1260,"verse_number":25,"verse_key":"9:25","juz_number":10,"hizb_number":19,"rub_el_hizb_number":76,"ruku_number":159,"manzil_number":2,"sajdah_number":null,"text_uthmani":"لَقَدْ نَصَرَكُمُ ٱللَّهُ فِى مَوَاطِنَ كَثِيرَةٍ ۙ وَيَوْمَ حُنَيْنٍ ۙ إِذْ أَعْجَبَتْكُمْ كَثْرَتُكُمْ فَلَمْ تُغْنِ عَنكُمْ شَيْـًٔا وَضَاقَتْ عَلَيْكُمُ ٱلْأَرْضُ بِمَا رَحُبَتْ ثُمَّ وَلَّيْتُم مُّدْبِرِينَ","page_number":190,"words":[{"id":28069,"position":1,"audio_url":"wbw/009_025_001.mp3","qpc_uthmani_hafs":"لَقَدۡ","char_type_name":"word","page_number":190,"line_number":10,"text":"ﮞ","translation":{"text":"Verily","language_name":"english","language_id":38},"transliteration":{"text":"laqad","language_name":"english","language_id":38}},{"id":28070,"position":2,"audio_url":"wbw/009_025_002.mp3","qpc_uthmani_hafs":"نَصَرَكُمُ","char_type_name":"word","page_number":190,"line_number":10,"text":"ﮟ","translation":{"text":"Allah helped you","language_name":"english","language_id":38},"transliteration":{"text":"naṣarakumu","language_name":"english","language_id":38}},{"id":28071,"position":3,"audio_url":"wbw/009_025_003.mp3","qpc_uthmani_hafs":"ٱللَّهُ","char_type_name":"word","page_number":190,"line_number":10,"text":"ﮠ","translation":{"text":"Allah helped you","language_name":"english","language_id":38},"transliteration":{"text":"l-lahu","language_name":"english","language_id":38}},{"id":28072,"position":4,"audio_url":"wbw/009_025_004.mp3","qpc_uthmani_hafs":"فِي","char_type_name":"word","page_number":190,"line_number":10,"text":"ﮡ","translation":{"text":"in","language_name":"english","language_id":38},"transliteration":{"text":"fī","language_name":"english","language_id":38}},{"id":28073,"position":5,"audio_url":"wbw/009_025_005.mp3","qpc_uthmani_hafs":"مَوَاطِنَ","char_type_name":"word","page_number":190,"line_number":10,"text":"ﮢ","translation":{"text":"regions","language_name":"english","language_id":38},"transliteration":{"text":"mawāṭina","language_name":"english","language_id":38}},{"id":28074,"position":6,"audio_url":"wbw/009_025_006.mp3","qpc_uthmani_hafs":"كَثِيرَةٖ","char_type_name":"word","page_number":190,"line_number":11,"text":"ﮣﮤ","translation":{"text":"many","language_name":"english","language_id":38},"transliteration":{"text":"kathīratin","language_name":"english","language_id":38}},{"id":28076,"position":7,"audio_url":"wbw/009_025_008.mp3","qpc_uthmani_hafs":"وَيَوۡمَ","char_type_name":"word","page_number":190,"line_number":11,"text":"ﮥ","translation":{"text":"and (on the) day","language_name":"english","language_id":38},"transliteration":{"text":"wayawma","language_name":"english","language_id":38}},{"id":28077,"position":8,"audio_url":"wbw/009_025_009.mp3","qpc_uthmani_hafs":"حُنَيۡنٍ","char_type_name":"word","page_number":190,"line_number":11,"text":"ﮦﮧ","translation":{"text":"(of) Hunain","language_name":"english","language_id":38},"transliteration":{"text":"ḥunaynin","language_name":"english","language_id":38}},{"id":28079,"position":9,"audio_url":"wbw/009_025_011.mp3","qpc_uthmani_hafs":"إِذۡ","char_type_name":"word","page_number":190,"line_number":11,"text":"ﮨ","translation":{"text":"when","language_name":"english","language_id":38},"transliteration":{"text":"idh","language_name":"english","language_id":38}},{"id":28080,"position":10,"audio_url":"wbw/009_025_012.mp3","qpc_uthmani_hafs":"أَعۡجَبَتۡكُمۡ","char_type_name":"word","page_number":190,"line_number":11,"text":"ﮩ","translation":{"text":"pleased you","language_name":"english","language_id":38},"transliteration":{"text":"aʿjabatkum","language_name":"english","language_id":38}},{"id":28081,"position":11,"audio_url":"wbw/009_025_013.mp3","qpc_uthmani_hafs":"كَثۡرَتُكُمۡ","char_type_name":"word","page_number":190,"line_number":11,"text":"ﮪ","translation":{"text":"your multitude","language_name":"english","language_id":38},"transliteration":{"text":"kathratukum","language_name":"english","language_id":38}},{"id":28082,"position":12,"audio_url":"wbw/009_025_014.mp3","qpc_uthmani_hafs":"فَلَمۡ","char_type_name":"word","page_number":190,"line_number":11,"text":"ﮫ","translation":{"text":"but not","language_name":"english","language_id":38},"transliteration":{"text":"falam","language_name":"english","language_id":38}},{"id":28083,"position":13,"audio_url":"wbw/009_025_015.mp3","qpc_uthmani_hafs":"تُغۡنِ","char_type_name":"word","page_number":190,"line_number":12,"text":"ﮬ","translation":{"text":"availed","language_name":"english","language_id":38},"transliteration":{"text":"tugh'ni","language_name":"english","language_id":38}},{"id":28084,"position":14,"audio_url":"wbw/009_025_016.mp3","qpc_uthmani_hafs":"عَنكُمۡ","char_type_name":"word","page_number":190,"line_number":12,"text":"ﮭ","translation":{"text":"you","language_name":"english","language_id":38},"transliteration":{"text":"ʿankum","language_name":"english","language_id":38}},{"id":28085,"position":15,"audio_url":"wbw/009_025_017.mp3","qpc_uthmani_hafs":"شَيۡـٔٗا","char_type_name":"word","page_number":190,"line_number":12,"text":"ﮮ","translation":{"text":"anything","language_name":"english","language_id":38},"transliteration":{"text":"shayan","language_name":"english","language_id":38}},{"id":28086,"position":16,"audio_url":"wbw/009_025_018.mp3","qpc_uthmani_hafs":"وَضَاقَتۡ","char_type_name":"word","page_number":190,"line_number":12,"text":"ﮯ","translation":{"text":"and (was) straitened","language_name":"english","language_id":38},"transliteration":{"text":"waḍāqat","language_name":"english","language_id":38}},{"id":28087,"position":17,"audio_url":"wbw/009_025_019.mp3","qpc_uthmani_hafs":"عَلَيۡكُمُ","char_type_name":"word","page_number":190,"line_number":12,"text":"ﮰ","translation":{"text":"for you","language_name":"english","language_id":38},"transliteration":{"text":"ʿalaykumu","language_name":"english","language_id":38}},{"id":28088,"position":18,"audio_url":"wbw/009_025_020.mp3","qpc_uthmani_hafs":"ٱلۡأَرۡضُ","char_type_name":"word","page_number":190,"line_number":12,"text":"ﮱ","translation":{"text":"the earth","language_name":"english","language_id":38},"transliteration":{"text":"l-arḍu","language_name":"english","language_id":38}},{"id":28089,"position":19,"audio_url":"wbw/009_025_021.mp3","qpc_uthmani_hafs":"بِمَا","char_type_name":"word","page_number":190,"line_number":13,"text":"ﯓ","translation":{"text":"(in spite) of its vastness","language_name":"english","language_id":38},"transliteration":{"text":"bimā","language_name":"english","language_id":38}},{"id":28090,"position":20,"audio_url":"wbw/009_025_022.mp3","qpc_uthmani_hafs":"رَحُبَتۡ","char_type_name":"word","page_number":190,"line_number":13,"text":"ﯔ","translation":{"text":"(in spite) of its vastness","language_name":"english","language_id":38},"transliteration":{"text":"raḥubat","language_name":"english","language_id":38}},{"id":28091,"position":21,"audio_url":"wbw/009_025_023.mp3","qpc_uthmani_hafs":"ثُمَّ","char_type_name":"word","page_number":190,"line_number":13,"text":"ﯕ","translation":{"text":"then","language_name":"english","language_id":38},"transliteration":{"text":"thumma","language_name":"english","language_id":38}},{"id":28092,"position":22,"audio_url":"wbw/009_025_024.mp3","qpc_uthmani_hafs":"وَلَّيۡتُم","char_type_name":"word","page_number":190,"line_number":13,"text":"ﯖ","translation":{"text":"you turned back","language_name":"english","language_id":38},"transliteration":{"text":"wallaytum","language_name":"english","language_id":38}},{"id":28093,"position":23,"audio_url":"wbw/009_025_025.mp3","qpc_uthmani_hafs":"مُّدۡبِرِينَ","char_type_name":"word","page_number":190,"line_number":13,"text":"ﯗ","translation":{"text":"fleeing","language_name":"english","language_id":38},"transliteration":{"text":"mud'birīna","language_name":"english","language_id":38}},{"id":28094,"position":24,"audio_url":null,"qpc_uthmani_hafs":"٢٥","char_type_name":"end","page_number":190,"line_number":13,"text":"ﯘ","translation":{"text":"(25)","language_name":"english","language_id":38},"transliteration":{"text":null,"language_name":"english","language_id":38}}],"translations":[{"id":917689,"resource_id":134,"text":"Sesungguhnya Allah telah menolong kamu (hai para mukminin) di medan peperangan yang banyak, dan (ingatlah) peperangan ῌunayn, yaitu diwaktu kamu menjadi congkak karena banyaknya jumlah(mu), maka jumlah yang banyak itu tidak memberi manfaat kepadamu sedikit pun, dan bumi yang luas itu telah terasa sempit olehmu, kemudian kamu lari kebelakang dengan bercerai-berai."}]},{"id":1261,"verse_number":26,"verse_key":"9:26","juz_number":10,"hizb_number":19,"rub_el_hizb_number":76,"ruku_number":159,"manzil_number":2,"sajdah_number":null,"text_uthmani":"ثُمَّ أَنزَلَ ٱللَّهُ سَكِينَتَهُۥ عَلَىٰ رَسُولِهِۦ وَعَلَى ٱلْمُؤْمِنِينَ وَأَنزَلَ جُنُودًا لَّمْ تَرَوْهَا وَعَذَّبَ ٱلَّذِينَ كَفَرُوا۟ ۚ وَذَٰلِكَ جَزَآءُ ٱلْكَـٰفِرِينَ","page_number":190,"words":[{"id":28970,"position":1,"audio_url":"wbw/009_026_001.mp3","qpc_uthmani_hafs":"ثُمَّ","char_type_name":"word","page_number":190,"line_number":13,"text":"ﯙ","translation":{"text":"Then","language_name":"english","language_id":38},"transliteration":{"text":"thumma","language_name":"english","language_id":38}},{"id":28971,"position":2,"audio_url":"wbw/009_026_002.mp3","qpc_uthmani_hafs":"أَنزَلَ","char_type_name":"word","page_number":190,"line_number":13,"text":"ﯚ","translation":{"text":"Allah sent down","language_name":"english","language_id":38},"transliteration":{"text":"anzala","language_name":"english","language_id":38}},{"id":28972,"position":3,"audio_url":"wbw/009_026_003.mp3","qpc_uthmani_hafs":"ٱللَّهُ","char_type_name":"word","page_number":190,"line_number":13,"text":"ﯛ","translation":{"text":"Allah sent down","language_name":"english","language_id":38},"transliteration":{"text":"l-lahu","language_name":"english","language_id":38}},{"id":28973,"position":4,"audio_url":"wbw/009_026_004.mp3","qpc_uthmani_hafs":"سَكِينَتَهُۥ","char_type_name":"word","page_number":190,"line_number":13,"text":"ﯜ","translation":{"text":"His tranquility","language_name":"english","language_id":38},"transliteration":{"text":"sakīnatahu","language_name":"english","language_id":38}},{"id":28974,"position":5,"audio_url":"wbw/009_026_005.mp3","qpc_uthmani_hafs":"عَلَىٰ","char_type_name":"word","page_number":190,"line_number":14,"text":"ﯝ","translation":{"text":"on","language_name":"english","language_id":38},"transliteration":{"text":"ʿalā","language_name":"english","language_id":38}},{"id":28975,"position":6,"audio_url":"wbw/009_026_006.mp3","qpc_uthmani_hafs":"رَسُولِهِۦ","char_type_name":"word","page_number":190,"line_number":14,"text":"ﯞ","translation":{"text":"His Messenger","language_name":"english","language_id":38},"transliteration":{"text":"rasūlihi","language_name":"english","language_id":38}},{"id":28976,"position":7,"audio_url":"wbw/009_026_007.mp3","qpc_uthmani_hafs":"وَعَلَى","char_type_name":"word","page_number":190,"line_number":14,"text":"ﯟ","translation":{"text":"and on","language_name":"english","language_id":38},"transliteration":{"text":"waʿalā","language_name":"english","language_id":38}},{"id":28977,"position":8,"audio_url":"wbw/009_026_008.mp3","qpc_uthmani_hafs":"ٱلۡمُؤۡمِنِينَ","char_type_name":"word","page_number":190,"line_number":14,"text":"ﯠ","translation":{"text":"the believers","language_name":"english","language_id":38},"transliteration":{"text":"l-mu'minīna","language_name":"english","language_id":38}},{"id":28978,"position":9,"audio_url":"wbw/009_026_009.mp3","qpc_uthmani_hafs":"وَأَنزَلَ","char_type_name":"word","page_number":190,"line_number":14,"text":"ﯡ","translation":{"text":"and sent down","language_name":"english","language_id":38},"transliteration":{"text":"wa-anzala","language_name":"english","language_id":38}},{"id":28979,"position":10,"audio_url":"wbw/009_026_010.mp3","qpc_uthmani_hafs":"جُنُودٗا","char_type_name":"word","page_number":190,"line_number":14,"text":"ﯢ","translation":{"text":"forces","language_name":"english","language_id":38},"transliteration":{"text":"junūdan","language_name":"english","language_id":38}},{"id":28980,"position":11,"audio_url":"wbw/009_026_011.mp3","qpc_uthmani_hafs":"لَّمۡ","char_type_name":"word","page_number":190,"line_number":14,"text":"ﯣ","translation":{"text":"which you did not see","language_name":"english","language_id":38},"transliteration":{"text":"lam","language_name":"english","language_id":38}},{"id":28981,"position":12,"audio_url":"wbw/009_026_012.mp3","qpc_uthmani_hafs":"تَرَوۡهَا","char_type_name":"word","page_number":190,"line_number":14,"text":"ﯤ","translation":{"text":"which you did not see","language_name":"english","language_id":38},"transliteration":{"text":"tarawhā","language_name":"english","language_id":38}},{"id":28982,"position":13,"audio_url":"wbw/009_026_013.mp3","qpc_uthmani_hafs":"وَعَذَّبَ","char_type_name":"word","page_number":190,"line_number":15,"text":"ﯥ","translation":{"text":"and He punished","language_name":"english","language_id":38},"transliteration":{"text":"waʿadhaba","language_name":"english","language_id":38}},{"id":28983,"position":14,"audio_url":"wbw/009_026_014.mp3","qpc_uthmani_hafs":"ٱلَّذِينَ","char_type_name":"word","page_number":190,"line_number":15,"text":"ﯦ","translation":{"text":"those who","language_name":"english","language_id":38},"transliteration":{"text":"alladhīna","language_name":"english","language_id":38}},{"id":28984,"position":15,"audio_url":"wbw/009_026_015.mp3","qpc_uthmani_hafs":"كَفَرُواْۚ","char_type_name":"word","page_number":190,"line_number":15,"text":"ﯧﯨ","translation":{"text":"disbelieved","language_name":"english","language_id":38},"transliteration":{"text":"kafarū","language_name":"english","language_id":38}},{"id":28986,"position":16,"audio_url":"wbw/009_026_017.mp3","qpc_uthmani_hafs":"وَذَٰلِكَ","char_type_name":"word","page_number":190,"line_number":15,"text":"ﯩ","translation":{"text":"And that","language_name":"english","language_id":38},"transliteration":{"text":"wadhālika","language_name":"english","language_id":38}},{"id":28987,"position":17,"audio_url":"wbw/009_026_018.mp3","qpc_uthmani_hafs":"جَزَآءُ","char_type_name":"word","page_number":190,"line_number":15,"text":"ﯪ","translation":{"text":"(is) the recompense","language_name":"english","language_id":38},"transliteration":{"text":"jazāu","language_name":"english","language_id":38}},{"id":28988,"position":18,"audio_url":"wbw/009_026_019.mp3","qpc_uthmani_hafs":"ٱلۡكَٰفِرِينَ","char_type_name":"word","page_number":190,"line_number":15,"text":"ﯫ","translation":{"text":"(of) the disbelievers","language_name":"english","language_id":38},"transliteration":{"text":"l-kāfirīna","language_name":"english","language_id":38}},{"id":28989,"position":19,"audio_url":null,"qpc_uthmani_hafs":"٢٦","char_type_name":"end","page_number":190,"line_number":15,"text":"ﯬ","translation":{"text":"(26)","language_name":"english","language_id":38},"transliteration":{"text":null,"language_name":"english","language_id":38}}],"translations":[{"id":917690,"resource_id":134,"text":"Kemudian Allah menurunkan ketenangan kepada rasul-Nya dan kepada orang-orang yang beriman, dan Allah menurunkan bala tentara yang kamu tiada melihatnya, dan Allah menimpakan bencana kepada orang-orang yang kafir, dan demikianlah pembalasan kepada orang-orang yang kafir."}]}],"pagination":{"per_page":50,"current_page":1,"next_page":null,"total_pages":1,"total_records":6}}