{"verses":[{"id":1272,"verse_number":37,"verse_key":"9:37","juz_number":10,"hizb_number":20,"rub_el_hizb_number":77,"ruku_number":160,"manzil_number":2,"sajdah_number":null,"text_uthmani":"إِنَّمَا ٱلنَّسِىٓءُ زِيَادَةٌ فِى ٱلْكُفْرِ ۖ يُضَلُّ بِهِ ٱلَّذِينَ كَفَرُوا۟ يُحِلُّونَهُۥ عَامًا وَيُحَرِّمُونَهُۥ عَامًا لِّيُوَاطِـُٔوا۟ عِدَّةَ مَا حَرَّمَ ٱللَّهُ فَيُحِلُّوا۟ مَا حَرَّمَ ٱللَّهُ ۚ زُيِّنَ لَهُمْ سُوٓءُ أَعْمَـٰلِهِمْ ۗ وَٱللَّهُ لَا يَهْدِى ٱلْقَوْمَ ٱلْكَـٰفِرِينَ","page_number":193,"words":[{"id":38842,"position":1,"audio_url":"wbw/009_037_001.mp3","qpc_uthmani_hafs":"إِنَّمَا","char_type_name":"word","page_number":193,"line_number":1,"text":"ﭑ","translation":{"text":"Indeed","language_name":"english","language_id":38},"transliteration":{"text":"innamā","language_name":"english","language_id":38}},{"id":38843,"position":2,"audio_url":"wbw/009_037_002.mp3","qpc_uthmani_hafs":"ٱلنَّسِيٓءُ","char_type_name":"word","page_number":193,"line_number":1,"text":"ﭒ","translation":{"text":"the postponing","language_name":"english","language_id":38},"transliteration":{"text":"l-nasīu","language_name":"english","language_id":38}},{"id":38844,"position":3,"audio_url":"wbw/009_037_003.mp3","qpc_uthmani_hafs":"زِيَادَةٞ","char_type_name":"word","page_number":193,"line_number":1,"text":"ﭓ","translation":{"text":"(is) an increase","language_name":"english","language_id":38},"transliteration":{"text":"ziyādatun","language_name":"english","language_id":38}},{"id":38845,"position":4,"audio_url":"wbw/009_037_004.mp3","qpc_uthmani_hafs":"فِي","char_type_name":"word","page_number":193,"line_number":1,"text":"ﭔ","translation":{"text":"in","language_name":"english","language_id":38},"transliteration":{"text":"fī","language_name":"english","language_id":38}},{"id":38846,"position":5,"audio_url":"wbw/009_037_005.mp3","qpc_uthmani_hafs":"ٱلۡكُفۡرِۖ","char_type_name":"word","page_number":193,"line_number":1,"text":"ﭕﭖ","translation":{"text":"the disbelief","language_name":"english","language_id":38},"transliteration":{"text":"l-kuf'ri","language_name":"english","language_id":38}},{"id":38848,"position":6,"audio_url":"wbw/009_037_007.mp3","qpc_uthmani_hafs":"يُضَلُّ","char_type_name":"word","page_number":193,"line_number":1,"text":"ﭗ","translation":{"text":"are led astray","language_name":"english","language_id":38},"transliteration":{"text":"yuḍallu","language_name":"english","language_id":38}},{"id":38849,"position":7,"audio_url":"wbw/009_037_008.mp3","qpc_uthmani_hafs":"بِهِ","char_type_name":"word","page_number":193,"line_number":1,"text":"ﭘ","translation":{"text":"by it","language_name":"english","language_id":38},"transliteration":{"text":"bihi","language_name":"english","language_id":38}},{"id":38850,"position":8,"audio_url":"wbw/009_037_009.mp3","qpc_uthmani_hafs":"ٱلَّذِينَ","char_type_name":"word","page_number":193,"line_number":1,"text":"ﭙ","translation":{"text":"those who","language_name":"english","language_id":38},"transliteration":{"text":"alladhīna","language_name":"english","language_id":38}},{"id":38851,"position":9,"audio_url":"wbw/009_037_010.mp3","qpc_uthmani_hafs":"كَفَرُواْ","char_type_name":"word","page_number":193,"line_number":1,"text":"ﭚ","translation":{"text":"disbelieve","language_name":"english","language_id":38},"transliteration":{"text":"kafarū","language_name":"english","language_id":38}},{"id":38852,"position":10,"audio_url":"wbw/009_037_011.mp3","qpc_uthmani_hafs":"يُحِلُّونَهُۥ","char_type_name":"word","page_number":193,"line_number":2,"text":"ﭛ","translation":{"text":"They make it lawful","language_name":"english","language_id":38},"transliteration":{"text":"yuḥillūnahu","language_name":"english","language_id":38}},{"id":38853,"position":11,"audio_url":"wbw/009_037_012.mp3","qpc_uthmani_hafs":"عَامٗا","char_type_name":"word","page_number":193,"line_number":2,"text":"ﭜ","translation":{"text":"one year","language_name":"english","language_id":38},"transliteration":{"text":"ʿāman","language_name":"english","language_id":38}},{"id":38854,"position":12,"audio_url":"wbw/009_037_013.mp3","qpc_uthmani_hafs":"وَيُحَرِّمُونَهُۥ","char_type_name":"word","page_number":193,"line_number":2,"text":"ﭝ","translation":{"text":"and make it unlawful","language_name":"english","language_id":38},"transliteration":{"text":"wayuḥarrimūnahu","language_name":"english","language_id":38}},{"id":38855,"position":13,"audio_url":"wbw/009_037_014.mp3","qpc_uthmani_hafs":"عَامٗا","char_type_name":"word","page_number":193,"line_number":2,"text":"ﭞ","translation":{"text":"(another) year","language_name":"english","language_id":38},"transliteration":{"text":"ʿāman","language_name":"english","language_id":38}},{"id":38856,"position":14,"audio_url":"wbw/009_037_015.mp3","qpc_uthmani_hafs":"لِّيُوَاطِـُٔواْ","char_type_name":"word","page_number":193,"line_number":2,"text":"ﭟ","translation":{"text":"to adjust","language_name":"english","language_id":38},"transliteration":{"text":"liyuwāṭiū","language_name":"english","language_id":38}},{"id":38857,"position":15,"audio_url":"wbw/009_037_016.mp3","qpc_uthmani_hafs":"عِدَّةَ","char_type_name":"word","page_number":193,"line_number":2,"text":"ﭠ","translation":{"text":"the number","language_name":"english","language_id":38},"transliteration":{"text":"ʿiddata","language_name":"english","language_id":38}},{"id":38858,"position":16,"audio_url":"wbw/009_037_017.mp3","qpc_uthmani_hafs":"مَا","char_type_name":"word","page_number":193,"line_number":2,"text":"ﭡ","translation":{"text":"which","language_name":"english","language_id":38},"transliteration":{"text":"mā","language_name":"english","language_id":38}},{"id":38859,"position":17,"audio_url":"wbw/009_037_018.mp3","qpc_uthmani_hafs":"حَرَّمَ","char_type_name":"word","page_number":193,"line_number":2,"text":"ﭢ","translation":{"text":"Allah has made unlawful","language_name":"english","language_id":38},"transliteration":{"text":"ḥarrama","language_name":"english","language_id":38}},{"id":38860,"position":18,"audio_url":"wbw/009_037_019.mp3","qpc_uthmani_hafs":"ٱللَّهُ","char_type_name":"word","page_number":193,"line_number":2,"text":"ﭣ","translation":{"text":"Allah has made unlawful","language_name":"english","language_id":38},"transliteration":{"text":"l-lahu","language_name":"english","language_id":38}},{"id":38861,"position":19,"audio_url":"wbw/009_037_020.mp3","qpc_uthmani_hafs":"فَيُحِلُّواْ","char_type_name":"word","page_number":193,"line_number":3,"text":"ﭤ","translation":{"text":"and making lawful","language_name":"english","language_id":38},"transliteration":{"text":"fayuḥillū","language_name":"english","language_id":38}},{"id":38862,"position":20,"audio_url":"wbw/009_037_021.mp3","qpc_uthmani_hafs":"مَا","char_type_name":"word","page_number":193,"line_number":3,"text":"ﭥ","translation":{"text":"what","language_name":"english","language_id":38},"transliteration":{"text":"mā","language_name":"english","language_id":38}},{"id":38863,"position":21,"audio_url":"wbw/009_037_022.mp3","qpc_uthmani_hafs":"حَرَّمَ","char_type_name":"word","page_number":193,"line_number":3,"text":"ﭦ","translation":{"text":"Allah has made unlawful","language_name":"english","language_id":38},"transliteration":{"text":"ḥarrama","language_name":"english","language_id":38}},{"id":38864,"position":22,"audio_url":"wbw/009_037_023.mp3","qpc_uthmani_hafs":"ٱللَّهُۚ","char_type_name":"word","page_number":193,"line_number":3,"text":"ﭧﭨ","translation":{"text":"Allah has made unlawful","language_name":"english","language_id":38},"transliteration":{"text":"l-lahu","language_name":"english","language_id":38}},{"id":38866,"position":23,"audio_url":"wbw/009_037_025.mp3","qpc_uthmani_hafs":"زُيِّنَ","char_type_name":"word","page_number":193,"line_number":3,"text":"ﭩ","translation":{"text":"Is made fair-seeming","language_name":"english","language_id":38},"transliteration":{"text":"zuyyina","language_name":"english","language_id":38}},{"id":38867,"position":24,"audio_url":"wbw/009_037_026.mp3","qpc_uthmani_hafs":"لَهُمۡ","char_type_name":"word","page_number":193,"line_number":3,"text":"ﭪ","translation":{"text":"to them","language_name":"english","language_id":38},"transliteration":{"text":"lahum","language_name":"english","language_id":38}},{"id":38868,"position":25,"audio_url":"wbw/009_037_027.mp3","qpc_uthmani_hafs":"سُوٓءُ","char_type_name":"word","page_number":193,"line_number":3,"text":"ﭫ","translation":{"text":"(the) evil","language_name":"english","language_id":38},"transliteration":{"text":"sūu","language_name":"english","language_id":38}},{"id":38869,"position":26,"audio_url":"wbw/009_037_028.mp3","qpc_uthmani_hafs":"أَعۡمَٰلِهِمۡۗ","char_type_name":"word","page_number":193,"line_number":3,"text":"ﭬﭭ","translation":{"text":"(of) their deeds","language_name":"english","language_id":38},"transliteration":{"text":"aʿmālihim","language_name":"english","language_id":38}},{"id":38871,"position":27,"audio_url":"wbw/009_037_030.mp3","qpc_uthmani_hafs":"وَٱللَّهُ","char_type_name":"word","page_number":193,"line_number":3,"text":"ﭮ","translation":{"text":"And Allah","language_name":"english","language_id":38},"transliteration":{"text":"wal-lahu","language_name":"english","language_id":38}},{"id":38872,"position":28,"audio_url":"wbw/009_037_031.mp3","qpc_uthmani_hafs":"لَا","char_type_name":"word","page_number":193,"line_number":4,"text":"ﭯ","translation":{"text":"(does) not","language_name":"english","language_id":38},"transliteration":{"text":"lā","language_name":"english","language_id":38}},{"id":38873,"position":29,"audio_url":"wbw/009_037_032.mp3","qpc_uthmani_hafs":"يَهۡدِي","char_type_name":"word","page_number":193,"line_number":4,"text":"ﭰ","translation":{"text":"guide","language_name":"english","language_id":38},"transliteration":{"text":"yahdī","language_name":"english","language_id":38}},{"id":38874,"position":30,"audio_url":"wbw/009_037_033.mp3","qpc_uthmani_hafs":"ٱلۡقَوۡمَ","char_type_name":"word","page_number":193,"line_number":4,"text":"ﭱ","translation":{"text":"the people ","language_name":"english","language_id":38},"transliteration":{"text":"l-qawma","language_name":"english","language_id":38}},{"id":38875,"position":31,"audio_url":"wbw/009_037_034.mp3","qpc_uthmani_hafs":"ٱلۡكَٰفِرِينَ","char_type_name":"word","page_number":193,"line_number":4,"text":"ﭲ","translation":{"text":"the disbelievers","language_name":"english","language_id":38},"transliteration":{"text":"l-kāfirīna","language_name":"english","language_id":38}},{"id":38876,"position":32,"audio_url":null,"qpc_uthmani_hafs":"٣٧","char_type_name":"end","page_number":193,"line_number":4,"text":"ﭳ","translation":{"text":"(37)","language_name":"english","language_id":38},"transliteration":{"text":null,"language_name":"english","language_id":38}}],"translations":[{"id":917701,"resource_id":134,"text":"Sesungguhnya mengundur-undurkan bulan haram itu<sup foot_note=210411>1</sup> adalah menambah kekafiran, disesatkan orang-orang yang kafir dengan mengundur-undurkan itu, mereka menghalalkannya pada suatu tahun dan mengharamkannya pada tahun yang lain, agar mereka dapat mensesuaikan dengan bilangan yang Allah mengharamkannya, maka mereka menghalalkan apa yang diharamkan Allah.  (Setan) menjadikan mereka memandang baik perbuatan mereka yang buruk itu.  Dan Allah tidak memberi petunjuk kepada orang-orang yang kafir."}]},{"id":1273,"verse_number":38,"verse_key":"9:38","juz_number":10,"hizb_number":20,"rub_el_hizb_number":77,"ruku_number":161,"manzil_number":2,"sajdah_number":null,"text_uthmani":"يَـٰٓأَيُّهَا ٱلَّذِينَ ءَامَنُوا۟ مَا لَكُمْ إِذَا قِيلَ لَكُمُ ٱنفِرُوا۟ فِى سَبِيلِ ٱللَّهِ ٱثَّاقَلْتُمْ إِلَى ٱلْأَرْضِ ۚ أَرَضِيتُم بِٱلْحَيَوٰةِ ٱلدُّنْيَا مِنَ ٱلْـَٔاخِرَةِ ۚ فَمَا مَتَـٰعُ ٱلْحَيَوٰةِ ٱلدُّنْيَا فِى ٱلْـَٔاخِرَةِ إِلَّا قَلِيلٌ","page_number":193,"words":[{"id":39744,"position":1,"audio_url":"wbw/009_038_001.mp3","qpc_uthmani_hafs":"يَٰٓأَيُّهَا","char_type_name":"word","page_number":193,"line_number":4,"text":"ﭴ","translation":{"text":"O you who believe","language_name":"english","language_id":38},"transliteration":{"text":"yāayyuhā","language_name":"english","language_id":38}},{"id":39745,"position":2,"audio_url":"wbw/009_038_002.mp3","qpc_uthmani_hafs":"ٱلَّذِينَ","char_type_name":"word","page_number":193,"line_number":4,"text":"ﭵ","translation":{"text":"O you who believe","language_name":"english","language_id":38},"transliteration":{"text":"alladhīna","language_name":"english","language_id":38}},{"id":39746,"position":3,"audio_url":"wbw/009_038_003.mp3","qpc_uthmani_hafs":"ءَامَنُواْ","char_type_name":"word","page_number":193,"line_number":5,"text":"ﭶ","translation":{"text":"O you who believe","language_name":"english","language_id":38},"transliteration":{"text":"āmanū","language_name":"english","language_id":38}},{"id":39747,"position":4,"audio_url":"wbw/009_038_004.mp3","qpc_uthmani_hafs":"مَا","char_type_name":"word","page_number":193,"line_number":5,"text":"ﭷ","translation":{"text":"What","language_name":"english","language_id":38},"transliteration":{"text":"mā","language_name":"english","language_id":38}},{"id":39748,"position":5,"audio_url":"wbw/009_038_005.mp3","qpc_uthmani_hafs":"لَكُمۡ","char_type_name":"word","page_number":193,"line_number":5,"text":"ﭸ","translation":{"text":"(is the matter) with you","language_name":"english","language_id":38},"transliteration":{"text":"lakum","language_name":"english","language_id":38}},{"id":39749,"position":6,"audio_url":"wbw/009_038_006.mp3","qpc_uthmani_hafs":"إِذَا","char_type_name":"word","page_number":193,"line_number":5,"text":"ﭹ","translation":{"text":"when","language_name":"english","language_id":38},"transliteration":{"text":"idhā","language_name":"english","language_id":38}},{"id":39750,"position":7,"audio_url":"wbw/009_038_007.mp3","qpc_uthmani_hafs":"قِيلَ","char_type_name":"word","page_number":193,"line_number":5,"text":"ﭺ","translation":{"text":"it is said","language_name":"english","language_id":38},"transliteration":{"text":"qīla","language_name":"english","language_id":38}},{"id":39751,"position":8,"audio_url":"wbw/009_038_008.mp3","qpc_uthmani_hafs":"لَكُمُ","char_type_name":"word","page_number":193,"line_number":5,"text":"ﭻ","translation":{"text":"to you","language_name":"english","language_id":38},"transliteration":{"text":"lakumu","language_name":"english","language_id":38}},{"id":39752,"position":9,"audio_url":"wbw/009_038_009.mp3","qpc_uthmani_hafs":"ٱنفِرُواْ","char_type_name":"word","page_number":193,"line_number":5,"text":"ﭼ","translation":{"text":"go forth","language_name":"english","language_id":38},"transliteration":{"text":"infirū","language_name":"english","language_id":38}},{"id":39753,"position":10,"audio_url":"wbw/009_038_010.mp3","qpc_uthmani_hafs":"فِي","char_type_name":"word","page_number":193,"line_number":5,"text":"ﭽ","translation":{"text":"in","language_name":"english","language_id":38},"transliteration":{"text":"fī","language_name":"english","language_id":38}},{"id":39754,"position":11,"audio_url":"wbw/009_038_011.mp3","qpc_uthmani_hafs":"سَبِيلِ","char_type_name":"word","page_number":193,"line_number":5,"text":"ﭾ","translation":{"text":"(the) way","language_name":"english","language_id":38},"transliteration":{"text":"sabīli","language_name":"english","language_id":38}},{"id":39755,"position":12,"audio_url":"wbw/009_038_012.mp3","qpc_uthmani_hafs":"ٱللَّهِ","char_type_name":"word","page_number":193,"line_number":5,"text":"ﭿ","translation":{"text":"(of) Allah","language_name":"english","language_id":38},"transliteration":{"text":"l-lahi","language_name":"english","language_id":38}},{"id":39756,"position":13,"audio_url":"wbw/009_038_013.mp3","qpc_uthmani_hafs":"ٱثَّاقَلۡتُمۡ","char_type_name":"word","page_number":193,"line_number":5,"text":"ﮀ","translation":{"text":"you cling heavily","language_name":"english","language_id":38},"transliteration":{"text":"ithāqaltum","language_name":"english","language_id":38}},{"id":39757,"position":14,"audio_url":"wbw/009_038_014.mp3","qpc_uthmani_hafs":"إِلَى","char_type_name":"word","page_number":193,"line_number":6,"text":"ﮁ","translation":{"text":"to","language_name":"english","language_id":38},"transliteration":{"text":"ilā","language_name":"english","language_id":38}},{"id":39758,"position":15,"audio_url":"wbw/009_038_015.mp3","qpc_uthmani_hafs":"ٱلۡأَرۡضِۚ","char_type_name":"word","page_number":193,"line_number":6,"text":"ﮂﮃ","translation":{"text":"the earth","language_name":"english","language_id":38},"transliteration":{"text":"l-arḍi","language_name":"english","language_id":38}},{"id":39760,"position":16,"audio_url":"wbw/009_038_017.mp3","qpc_uthmani_hafs":"أَرَضِيتُم","char_type_name":"word","page_number":193,"line_number":6,"text":"ﮄ","translation":{"text":"Are you pleased","language_name":"english","language_id":38},"transliteration":{"text":"araḍītum","language_name":"english","language_id":38}},{"id":39761,"position":17,"audio_url":"wbw/009_038_018.mp3","qpc_uthmani_hafs":"بِٱلۡحَيَوٰةِ","char_type_name":"word","page_number":193,"line_number":6,"text":"ﮅ","translation":{"text":"with the life","language_name":"english","language_id":38},"transliteration":{"text":"bil-ḥayati","language_name":"english","language_id":38}},{"id":39762,"position":18,"audio_url":"wbw/009_038_019.mp3","qpc_uthmani_hafs":"ٱلدُّنۡيَا","char_type_name":"word","page_number":193,"line_number":6,"text":"ﮆ","translation":{"text":"(of) the world","language_name":"english","language_id":38},"transliteration":{"text":"l-dun'yā","language_name":"english","language_id":38}},{"id":39763,"position":19,"audio_url":"wbw/009_038_020.mp3","qpc_uthmani_hafs":"مِنَ","char_type_name":"word","page_number":193,"line_number":6,"text":"ﮇ","translation":{"text":"(rather) than","language_name":"english","language_id":38},"transliteration":{"text":"mina","language_name":"english","language_id":38}},{"id":39764,"position":20,"audio_url":"wbw/009_038_021.mp3","qpc_uthmani_hafs":"ٱلۡأٓخِرَةِۚ","char_type_name":"word","page_number":193,"line_number":6,"text":"ﮈﮉ","translation":{"text":"the Hereafter","language_name":"english","language_id":38},"transliteration":{"text":"l-ākhirati","language_name":"english","language_id":38}},{"id":39766,"position":21,"audio_url":"wbw/009_038_023.mp3","qpc_uthmani_hafs":"فَمَا","char_type_name":"word","page_number":193,"line_number":7,"text":"ﮊ","translation":{"text":"But what","language_name":"english","language_id":38},"transliteration":{"text":"famā","language_name":"english","language_id":38}},{"id":39767,"position":22,"audio_url":"wbw/009_038_024.mp3","qpc_uthmani_hafs":"مَتَٰعُ","char_type_name":"word","page_number":193,"line_number":7,"text":"ﮋ","translation":{"text":"(is the) enjoyment","language_name":"english","language_id":38},"transliteration":{"text":"matāʿu","language_name":"english","language_id":38}},{"id":39768,"position":23,"audio_url":"wbw/009_038_025.mp3","qpc_uthmani_hafs":"ٱلۡحَيَوٰةِ","char_type_name":"word","page_number":193,"line_number":7,"text":"ﮌ","translation":{"text":"(of) the life","language_name":"english","language_id":38},"transliteration":{"text":"l-ḥayati","language_name":"english","language_id":38}},{"id":39769,"position":24,"audio_url":"wbw/009_038_026.mp3","qpc_uthmani_hafs":"ٱلدُّنۡيَا","char_type_name":"word","page_number":193,"line_number":7,"text":"ﮍ","translation":{"text":"(of) the world","language_name":"english","language_id":38},"transliteration":{"text":"l-dun'yā","language_name":"english","language_id":38}},{"id":39770,"position":25,"audio_url":"wbw/009_038_027.mp3","qpc_uthmani_hafs":"فِي","char_type_name":"word","page_number":193,"line_number":7,"text":"ﮎ","translation":{"text":"in (comparison to)","language_name":"english","language_id":38},"transliteration":{"text":"fī","language_name":"english","language_id":38}},{"id":39771,"position":26,"audio_url":"wbw/009_038_028.mp3","qpc_uthmani_hafs":"ٱلۡأٓخِرَةِ","char_type_name":"word","page_number":193,"line_number":7,"text":"ﮏ","translation":{"text":"the hereafter","language_name":"english","language_id":38},"transliteration":{"text":"l-ākhirati","language_name":"english","language_id":38}},{"id":39772,"position":27,"audio_url":"wbw/009_038_029.mp3","qpc_uthmani_hafs":"إِلَّا","char_type_name":"word","page_number":193,"line_number":7,"text":"ﮐ","translation":{"text":"except","language_name":"english","language_id":38},"transliteration":{"text":"illā","language_name":"english","language_id":38}},{"id":39773,"position":28,"audio_url":"wbw/009_038_030.mp3","qpc_uthmani_hafs":"قَلِيلٌ","char_type_name":"word","page_number":193,"line_number":7,"text":"ﮑ","translation":{"text":"a little","language_name":"english","language_id":38},"transliteration":{"text":"qalīlun","language_name":"english","language_id":38}},{"id":39774,"position":29,"audio_url":null,"qpc_uthmani_hafs":"٣٨","char_type_name":"end","page_number":193,"line_number":7,"text":"ﮒ","translation":{"text":"(38)","language_name":"english","language_id":38},"transliteration":{"text":null,"language_name":"english","language_id":38}}],"translations":[{"id":917702,"resource_id":134,"text":"Hai orang-orang yang beriman, apakah sebabnya apabila dikatakan kepada kamu, \"Berangkatlah (untuk berperang) pada jalan Allah\",  kamu merasa berat dan ingin tinggal di tempatmu?  Apakah kamu puas dengan kehidupan di dunia sebagai ganti kehidupan di akhirat?  Padahal kenikmatan hidup di dunia ini (dibandingkan dengan kehidupan) diakhirat hanyalah sedikit."}]},{"id":1274,"verse_number":39,"verse_key":"9:39","juz_number":10,"hizb_number":20,"rub_el_hizb_number":77,"ruku_number":161,"manzil_number":2,"sajdah_number":null,"text_uthmani":"إِلَّا تَنفِرُوا۟ يُعَذِّبْكُمْ عَذَابًا أَلِيمًا وَيَسْتَبْدِلْ قَوْمًا غَيْرَكُمْ وَلَا تَضُرُّوهُ شَيْـًٔا ۗ وَٱللَّهُ عَلَىٰ كُلِّ شَىْءٍ قَدِيرٌ","page_number":193,"words":[{"id":40544,"position":1,"audio_url":"wbw/009_039_001.mp3","qpc_uthmani_hafs":"إِلَّا","char_type_name":"word","page_number":193,"line_number":8,"text":"ﮓ","translation":{"text":"If not","language_name":"english","language_id":38},"transliteration":{"text":"illā","language_name":"english","language_id":38}},{"id":40545,"position":2,"audio_url":"wbw/009_039_002.mp3","qpc_uthmani_hafs":"تَنفِرُواْ","char_type_name":"word","page_number":193,"line_number":8,"text":"ﮔ","translation":{"text":"you go forth","language_name":"english","language_id":38},"transliteration":{"text":"tanfirū","language_name":"english","language_id":38}},{"id":40546,"position":3,"audio_url":"wbw/009_039_003.mp3","qpc_uthmani_hafs":"يُعَذِّبۡكُمۡ","char_type_name":"word","page_number":193,"line_number":8,"text":"ﮕ","translation":{"text":"He will punish you","language_name":"english","language_id":38},"transliteration":{"text":"yuʿadhib'kum","language_name":"english","language_id":38}},{"id":40547,"position":4,"audio_url":"wbw/009_039_004.mp3","qpc_uthmani_hafs":"عَذَابًا","char_type_name":"word","page_number":193,"line_number":8,"text":"ﮖ","translation":{"text":"(with) a painful punishment","language_name":"english","language_id":38},"transliteration":{"text":"ʿadhāban","language_name":"english","language_id":38}},{"id":40548,"position":5,"audio_url":"wbw/009_039_005.mp3","qpc_uthmani_hafs":"أَلِيمٗا","char_type_name":"word","page_number":193,"line_number":8,"text":"ﮗ","translation":{"text":"(with) a painful punishment","language_name":"english","language_id":38},"transliteration":{"text":"alīman","language_name":"english","language_id":38}},{"id":40549,"position":6,"audio_url":"wbw/009_039_006.mp3","qpc_uthmani_hafs":"وَيَسۡتَبۡدِلۡ","char_type_name":"word","page_number":193,"line_number":8,"text":"ﮘ","translation":{"text":"and will replace you","language_name":"english","language_id":38},"transliteration":{"text":"wayastabdil","language_name":"english","language_id":38}},{"id":40550,"position":7,"audio_url":"wbw/009_039_007.mp3","qpc_uthmani_hafs":"قَوۡمًا","char_type_name":"word","page_number":193,"line_number":8,"text":"ﮙ","translation":{"text":"(with) a people","language_name":"english","language_id":38},"transliteration":{"text":"qawman","language_name":"english","language_id":38}},{"id":40551,"position":8,"audio_url":"wbw/009_039_008.mp3","qpc_uthmani_hafs":"غَيۡرَكُمۡ","char_type_name":"word","page_number":193,"line_number":9,"text":"ﮚ","translation":{"text":"other than you","language_name":"english","language_id":38},"transliteration":{"text":"ghayrakum","language_name":"english","language_id":38}},{"id":40552,"position":9,"audio_url":"wbw/009_039_009.mp3","qpc_uthmani_hafs":"وَلَا","char_type_name":"word","page_number":193,"line_number":9,"text":"ﮛ","translation":{"text":"and not","language_name":"english","language_id":38},"transliteration":{"text":"walā","language_name":"english","language_id":38}},{"id":40553,"position":10,"audio_url":"wbw/009_039_010.mp3","qpc_uthmani_hafs":"تَضُرُّوهُ","char_type_name":"word","page_number":193,"line_number":9,"text":"ﮜ","translation":{"text":"you can harm Him","language_name":"english","language_id":38},"transliteration":{"text":"taḍurrūhu","language_name":"english","language_id":38}},{"id":40554,"position":11,"audio_url":"wbw/009_039_011.mp3","qpc_uthmani_hafs":"شَيۡـٔٗاۗ","char_type_name":"word","page_number":193,"line_number":9,"text":"ﮝﮞ","translation":{"text":"(in) anything","language_name":"english","language_id":38},"transliteration":{"text":"shayan","language_name":"english","language_id":38}},{"id":40556,"position":12,"audio_url":"wbw/009_039_013.mp3","qpc_uthmani_hafs":"وَٱللَّهُ","char_type_name":"word","page_number":193,"line_number":9,"text":"ﮟ","translation":{"text":"And Allah","language_name":"english","language_id":38},"transliteration":{"text":"wal-lahu","language_name":"english","language_id":38}},{"id":40557,"position":13,"audio_url":"wbw/009_039_014.mp3","qpc_uthmani_hafs":"عَلَىٰ","char_type_name":"word","page_number":193,"line_number":9,"text":"ﮠ","translation":{"text":"(is) on","language_name":"english","language_id":38},"transliteration":{"text":"ʿalā","language_name":"english","language_id":38}},{"id":40558,"position":14,"audio_url":"wbw/009_039_015.mp3","qpc_uthmani_hafs":"كُلِّ","char_type_name":"word","page_number":193,"line_number":9,"text":"ﮡ","translation":{"text":"every","language_name":"english","language_id":38},"transliteration":{"text":"kulli","language_name":"english","language_id":38}},{"id":40559,"position":15,"audio_url":"wbw/009_039_016.mp3","qpc_uthmani_hafs":"شَيۡءٖ","char_type_name":"word","page_number":193,"line_number":9,"text":"ﮢ","translation":{"text":"thing","language_name":"english","language_id":38},"transliteration":{"text":"shayin","language_name":"english","language_id":38}},{"id":40560,"position":16,"audio_url":"wbw/009_039_017.mp3","qpc_uthmani_hafs":"قَدِيرٌ","char_type_name":"word","page_number":193,"line_number":10,"text":"ﮣ","translation":{"text":"All-Powerful","language_name":"english","language_id":38},"transliteration":{"text":"qadīrun","language_name":"english","language_id":38}},{"id":40561,"position":17,"audio_url":null,"qpc_uthmani_hafs":"٣٩","char_type_name":"end","page_number":193,"line_number":10,"text":"ﮤ","translation":{"text":"(39)","language_name":"english","language_id":38},"transliteration":{"text":null,"language_name":"english","language_id":38}}],"translations":[{"id":917703,"resource_id":134,"text":"Jika kamu tidak berangkat untuk berperang, niscaya Allah menyiksa kamu dengan siksa yang pedih dan digantinya (kamu) dengan kaum yang lain, dan kamu tidak akan dapat memberi kemudaratan kepada-Nya sedikit pun.  Allah Maha Kuasa atas segala sesuatu."}]},{"id":1275,"verse_number":40,"verse_key":"9:40","juz_number":10,"hizb_number":20,"rub_el_hizb_number":77,"ruku_number":161,"manzil_number":2,"sajdah_number":null,"text_uthmani":"إِلَّا تَنصُرُوهُ فَقَدْ نَصَرَهُ ٱللَّهُ إِذْ أَخْرَجَهُ ٱلَّذِينَ كَفَرُوا۟ ثَانِىَ ٱثْنَيْنِ إِذْ هُمَا فِى ٱلْغَارِ إِذْ يَقُولُ لِصَـٰحِبِهِۦ لَا تَحْزَنْ إِنَّ ٱللَّهَ مَعَنَا ۖ فَأَنزَلَ ٱللَّهُ سَكِينَتَهُۥ عَلَيْهِ وَأَيَّدَهُۥ بِجُنُودٍ لَّمْ تَرَوْهَا وَجَعَلَ كَلِمَةَ ٱلَّذِينَ كَفَرُوا۟ ٱلسُّفْلَىٰ ۗ وَكَلِمَةُ ٱللَّهِ هِىَ ٱلْعُلْيَا ۗ وَٱللَّهُ عَزِيزٌ حَكِيمٌ","page_number":193,"words":[{"id":41316,"position":1,"audio_url":"wbw/009_040_001.mp3","qpc_uthmani_hafs":"إِلَّا","char_type_name":"word","page_number":193,"line_number":10,"text":"ﮥ","translation":{"text":"If not","language_name":"english","language_id":38},"transliteration":{"text":"illā","language_name":"english","language_id":38}},{"id":41317,"position":2,"audio_url":"wbw/009_040_002.mp3","qpc_uthmani_hafs":"تَنصُرُوهُ","char_type_name":"word","page_number":193,"line_number":10,"text":"ﮦ","translation":{"text":"you help him","language_name":"english","language_id":38},"transliteration":{"text":"tanṣurūhu","language_name":"english","language_id":38}},{"id":41318,"position":3,"audio_url":"wbw/009_040_003.mp3","qpc_uthmani_hafs":"فَقَدۡ","char_type_name":"word","page_number":193,"line_number":10,"text":"ﮧ","translation":{"text":"certainly","language_name":"english","language_id":38},"transliteration":{"text":"faqad","language_name":"english","language_id":38}},{"id":41319,"position":4,"audio_url":"wbw/009_040_004.mp3","qpc_uthmani_hafs":"نَصَرَهُ","char_type_name":"word","page_number":193,"line_number":10,"text":"ﮨ","translation":{"text":"Allah helped him","language_name":"english","language_id":38},"transliteration":{"text":"naṣarahu","language_name":"english","language_id":38}},{"id":41320,"position":5,"audio_url":"wbw/009_040_005.mp3","qpc_uthmani_hafs":"ٱللَّهُ","char_type_name":"word","page_number":193,"line_number":10,"text":"ﮩ","translation":{"text":"Allah helped him","language_name":"english","language_id":38},"transliteration":{"text":"l-lahu","language_name":"english","language_id":38}},{"id":41321,"position":6,"audio_url":"wbw/009_040_006.mp3","qpc_uthmani_hafs":"إِذۡ","char_type_name":"word","page_number":193,"line_number":10,"text":"ﮪ","translation":{"text":"when","language_name":"english","language_id":38},"transliteration":{"text":"idh","language_name":"english","language_id":38}},{"id":41322,"position":7,"audio_url":"wbw/009_040_007.mp3","qpc_uthmani_hafs":"أَخۡرَجَهُ","char_type_name":"word","page_number":193,"line_number":10,"text":"ﮫ","translation":{"text":"drove him out","language_name":"english","language_id":38},"transliteration":{"text":"akhrajahu","language_name":"english","language_id":38}},{"id":41323,"position":8,"audio_url":"wbw/009_040_008.mp3","qpc_uthmani_hafs":"ٱلَّذِينَ","char_type_name":"word","page_number":193,"line_number":11,"text":"ﮬ","translation":{"text":"those who","language_name":"english","language_id":38},"transliteration":{"text":"alladhīna","language_name":"english","language_id":38}},{"id":41324,"position":9,"audio_url":"wbw/009_040_009.mp3","qpc_uthmani_hafs":"كَفَرُواْ","char_type_name":"word","page_number":193,"line_number":11,"text":"ﮭ","translation":{"text":"disbelieved","language_name":"english","language_id":38},"transliteration":{"text":"kafarū","language_name":"english","language_id":38}},{"id":41325,"position":10,"audio_url":"wbw/009_040_010.mp3","qpc_uthmani_hafs":"ثَانِيَ","char_type_name":"word","page_number":193,"line_number":11,"text":"ﮮ","translation":{"text":"the second","language_name":"english","language_id":38},"transliteration":{"text":"thāniya","language_name":"english","language_id":38}},{"id":41326,"position":11,"audio_url":"wbw/009_040_011.mp3","qpc_uthmani_hafs":"ٱثۡنَيۡنِ","char_type_name":"word","page_number":193,"line_number":11,"text":"ﮯ","translation":{"text":"(of) the two","language_name":"english","language_id":38},"transliteration":{"text":"ith'nayni","language_name":"english","language_id":38}},{"id":41327,"position":12,"audio_url":"wbw/009_040_012.mp3","qpc_uthmani_hafs":"إِذۡ","char_type_name":"word","page_number":193,"line_number":11,"text":"ﮰ","translation":{"text":"when","language_name":"english","language_id":38},"transliteration":{"text":"idh","language_name":"english","language_id":38}},{"id":41328,"position":13,"audio_url":"wbw/009_040_013.mp3","qpc_uthmani_hafs":"هُمَا","char_type_name":"word","page_number":193,"line_number":11,"text":"ﮱ","translation":{"text":"they both","language_name":"english","language_id":38},"transliteration":{"text":"humā","language_name":"english","language_id":38}},{"id":41329,"position":14,"audio_url":"wbw/009_040_014.mp3","qpc_uthmani_hafs":"فِي","char_type_name":"word","page_number":193,"line_number":11,"text":"ﯓ","translation":{"text":"(were) in","language_name":"english","language_id":38},"transliteration":{"text":"fī","language_name":"english","language_id":38}},{"id":41330,"position":15,"audio_url":"wbw/009_040_015.mp3","qpc_uthmani_hafs":"ٱلۡغَارِ","char_type_name":"word","page_number":193,"line_number":11,"text":"ﯔ","translation":{"text":"the cave","language_name":"english","language_id":38},"transliteration":{"text":"l-ghāri","language_name":"english","language_id":38}},{"id":41331,"position":16,"audio_url":"wbw/009_040_016.mp3","qpc_uthmani_hafs":"إِذۡ","char_type_name":"word","page_number":193,"line_number":11,"text":"ﯕ","translation":{"text":"when","language_name":"english","language_id":38},"transliteration":{"text":"idh","language_name":"english","language_id":38}},{"id":41332,"position":17,"audio_url":"wbw/009_040_017.mp3","qpc_uthmani_hafs":"يَقُولُ","char_type_name":"word","page_number":193,"line_number":12,"text":"ﯖ","translation":{"text":"he said","language_name":"english","language_id":38},"transliteration":{"text":"yaqūlu","language_name":"english","language_id":38}},{"id":41333,"position":18,"audio_url":"wbw/009_040_018.mp3","qpc_uthmani_hafs":"لِصَٰحِبِهِۦ","char_type_name":"word","page_number":193,"line_number":12,"text":"ﯗ","translation":{"text":"to his companion","language_name":"english","language_id":38},"transliteration":{"text":"liṣāḥibihi","language_name":"english","language_id":38}},{"id":41334,"position":19,"audio_url":"wbw/009_040_019.mp3","qpc_uthmani_hafs":"لَا","char_type_name":"word","page_number":193,"line_number":12,"text":"ﯘ","translation":{"text":"(Do) not","language_name":"english","language_id":38},"transliteration":{"text":"lā","language_name":"english","language_id":38}},{"id":41335,"position":20,"audio_url":"wbw/009_040_020.mp3","qpc_uthmani_hafs":"تَحۡزَنۡ","char_type_name":"word","page_number":193,"line_number":12,"text":"ﯙ","translation":{"text":"grieve","language_name":"english","language_id":38},"transliteration":{"text":"taḥzan","language_name":"english","language_id":38}},{"id":41336,"position":21,"audio_url":"wbw/009_040_021.mp3","qpc_uthmani_hafs":"إِنَّ","char_type_name":"word","page_number":193,"line_number":12,"text":"ﯚ","translation":{"text":"indeed","language_name":"english","language_id":38},"transliteration":{"text":"inna","language_name":"english","language_id":38}},{"id":41337,"position":22,"audio_url":"wbw/009_040_022.mp3","qpc_uthmani_hafs":"ٱللَّهَ","char_type_name":"word","page_number":193,"line_number":12,"text":"ﯛ","translation":{"text":"Allah","language_name":"english","language_id":38},"transliteration":{"text":"l-laha","language_name":"english","language_id":38}},{"id":41338,"position":23,"audio_url":"wbw/009_040_023.mp3","qpc_uthmani_hafs":"مَعَنَاۖ","char_type_name":"word","page_number":193,"line_number":12,"text":"ﯜﯝ","translation":{"text":"(is) with us","language_name":"english","language_id":38},"transliteration":{"text":"maʿanā","language_name":"english","language_id":38}},{"id":41340,"position":24,"audio_url":"wbw/009_040_025.mp3","qpc_uthmani_hafs":"فَأَنزَلَ","char_type_name":"word","page_number":193,"line_number":12,"text":"ﯞ","translation":{"text":"Then Allah sent down","language_name":"english","language_id":38},"transliteration":{"text":"fa-anzala","language_name":"english","language_id":38}},{"id":41341,"position":25,"audio_url":"wbw/009_040_026.mp3","qpc_uthmani_hafs":"ٱللَّهُ","char_type_name":"word","page_number":193,"line_number":13,"text":"ﯟ","translation":{"text":"Then Allah sent down","language_name":"english","language_id":38},"transliteration":{"text":"l-lahu","language_name":"english","language_id":38}},{"id":41342,"position":26,"audio_url":"wbw/009_040_027.mp3","qpc_uthmani_hafs":"سَكِينَتَهُۥ","char_type_name":"word","page_number":193,"line_number":13,"text":"ﯠ","translation":{"text":"His tranquility","language_name":"english","language_id":38},"transliteration":{"text":"sakīnatahu","language_name":"english","language_id":38}},{"id":41343,"position":27,"audio_url":"wbw/009_040_028.mp3","qpc_uthmani_hafs":"عَلَيۡهِ","char_type_name":"word","page_number":193,"line_number":13,"text":"ﯡ","translation":{"text":"upon him","language_name":"english","language_id":38},"transliteration":{"text":"ʿalayhi","language_name":"english","language_id":38}},{"id":41344,"position":28,"audio_url":"wbw/009_040_029.mp3","qpc_uthmani_hafs":"وَأَيَّدَهُۥ","char_type_name":"word","page_number":193,"line_number":13,"text":"ﯢ","translation":{"text":"and supported him","language_name":"english","language_id":38},"transliteration":{"text":"wa-ayyadahu","language_name":"english","language_id":38}},{"id":41345,"position":29,"audio_url":"wbw/009_040_030.mp3","qpc_uthmani_hafs":"بِجُنُودٖ","char_type_name":"word","page_number":193,"line_number":13,"text":"ﯣ","translation":{"text":"with forces","language_name":"english","language_id":38},"transliteration":{"text":"bijunūdin","language_name":"english","language_id":38}},{"id":41346,"position":30,"audio_url":"wbw/009_040_031.mp3","qpc_uthmani_hafs":"لَّمۡ","char_type_name":"word","page_number":193,"line_number":13,"text":"ﯤ","translation":{"text":"which you did not see","language_name":"english","language_id":38},"transliteration":{"text":"lam","language_name":"english","language_id":38}},{"id":41347,"position":31,"audio_url":"wbw/009_040_032.mp3","qpc_uthmani_hafs":"تَرَوۡهَا","char_type_name":"word","page_number":193,"line_number":13,"text":"ﯥ","translation":{"text":"which you did not see","language_name":"english","language_id":38},"transliteration":{"text":"tarawhā","language_name":"english","language_id":38}},{"id":41348,"position":32,"audio_url":"wbw/009_040_033.mp3","qpc_uthmani_hafs":"وَجَعَلَ","char_type_name":"word","page_number":193,"line_number":14,"text":"ﯦ","translation":{"text":"and made","language_name":"english","language_id":38},"transliteration":{"text":"wajaʿala","language_name":"english","language_id":38}},{"id":41349,"position":33,"audio_url":"wbw/009_040_034.mp3","qpc_uthmani_hafs":"كَلِمَةَ","char_type_name":"word","page_number":193,"line_number":14,"text":"ﯧ","translation":{"text":"(the) word","language_name":"english","language_id":38},"transliteration":{"text":"kalimata","language_name":"english","language_id":38}},{"id":41350,"position":34,"audio_url":"wbw/009_040_035.mp3","qpc_uthmani_hafs":"ٱلَّذِينَ","char_type_name":"word","page_number":193,"line_number":14,"text":"ﯨ","translation":{"text":"(of) those who","language_name":"english","language_id":38},"transliteration":{"text":"alladhīna","language_name":"english","language_id":38}},{"id":41351,"position":35,"audio_url":"wbw/009_040_036.mp3","qpc_uthmani_hafs":"كَفَرُواْ","char_type_name":"word","page_number":193,"line_number":14,"text":"ﯩ","translation":{"text":"disbelieved","language_name":"english","language_id":38},"transliteration":{"text":"kafarū","language_name":"english","language_id":38}},{"id":41352,"position":36,"audio_url":"wbw/009_040_037.mp3","qpc_uthmani_hafs":"ٱلسُّفۡلَىٰۗ","char_type_name":"word","page_number":193,"line_number":14,"text":"ﯪﯫ","translation":{"text":"the lowest","language_name":"english","language_id":38},"transliteration":{"text":"l-suf'lā","language_name":"english","language_id":38}},{"id":41354,"position":37,"audio_url":"wbw/009_040_039.mp3","qpc_uthmani_hafs":"وَكَلِمَةُ","char_type_name":"word","page_number":193,"line_number":15,"text":"ﯬ","translation":{"text":"while (the) Word","language_name":"english","language_id":38},"transliteration":{"text":"wakalimatu","language_name":"english","language_id":38}},{"id":41355,"position":38,"audio_url":"wbw/009_040_040.mp3","qpc_uthmani_hafs":"ٱللَّهِ","char_type_name":"word","page_number":193,"line_number":15,"text":"ﯭ","translation":{"text":"(of) Allah","language_name":"english","language_id":38},"transliteration":{"text":"l-lahi","language_name":"english","language_id":38}},{"id":41356,"position":39,"audio_url":"wbw/009_040_041.mp3","qpc_uthmani_hafs":"هِيَ","char_type_name":"word","page_number":193,"line_number":15,"text":"ﯮ","translation":{"text":"it (is)","language_name":"english","language_id":38},"transliteration":{"text":"hiya","language_name":"english","language_id":38}},{"id":41357,"position":40,"audio_url":"wbw/009_040_042.mp3","qpc_uthmani_hafs":"ٱلۡعُلۡيَاۗ","char_type_name":"word","page_number":193,"line_number":15,"text":"ﯯﯰ","translation":{"text":"the highest","language_name":"english","language_id":38},"transliteration":{"text":"l-ʿul'yā","language_name":"english","language_id":38}},{"id":41359,"position":41,"audio_url":"wbw/009_040_044.mp3","qpc_uthmani_hafs":"وَٱللَّهُ","char_type_name":"word","page_number":193,"line_number":15,"text":"ﯱ","translation":{"text":"And Allah","language_name":"english","language_id":38},"transliteration":{"text":"wal-lahu","language_name":"english","language_id":38}},{"id":41360,"position":42,"audio_url":"wbw/009_040_045.mp3","qpc_uthmani_hafs":"عَزِيزٌ","char_type_name":"word","page_number":193,"line_number":15,"text":"ﯲ","translation":{"text":"(is) All-Mighty","language_name":"english","language_id":38},"transliteration":{"text":"ʿazīzun","language_name":"english","language_id":38}},{"id":41361,"position":43,"audio_url":"wbw/009_040_046.mp3","qpc_uthmani_hafs":"حَكِيمٌ","char_type_name":"word","page_number":193,"line_number":15,"text":"ﯳ","translation":{"text":"All-Wise","language_name":"english","language_id":38},"transliteration":{"text":"ḥakīmun","language_name":"english","language_id":38}},{"id":41362,"position":44,"audio_url":null,"qpc_uthmani_hafs":"٤٠","char_type_name":"end","page_number":193,"line_number":15,"text":"ﯴ","translation":{"text":"(40)","language_name":"english","language_id":38},"transliteration":{"text":null,"language_name":"english","language_id":38}}],"translations":[{"id":917704,"resource_id":134,"text":"Jikalau kamu tidak menolongnya (Muhammad), maka sesungguhnya Allah telah menolongnya, (yaitu) ketika orang-orang kafir (musyrikin Mekah) mengeluarkannya (dari Mekah) sedang dia salah seorang dari dua orang ketika keduanya berada dalam gua, di waktu dia berkata kepada temannya, \"Janganlah kamu berduka cita, sesungguhnya Allah beserta kita\".  Maka Allah menurunkan ketenangan-Nya kepada (Muhammad) dan membantunya dengan tentara yang kamu tidak melihatnya, dan Allah menjadikan seruan orang-orang kafir itulah yang rendah.  Dan kalimat Allah itulah yang tinggi.  Allah Maha Perkasa lagi Maha Bijaksana<sup foot_note=210412>1</sup>."}]}],"pagination":{"per_page":50,"current_page":1,"next_page":null,"total_pages":1,"total_records":4}}