{"verses":[{"id":134,"verse_number":127,"verse_key":"2:127","juz_number":1,"hizb_number":2,"rub_el_hizb_number":8,"ruku_number":16,"manzil_number":1,"sajdah_number":null,"text_uthmani":"وَإِذْ يَرْفَعُ إِبْرَٰهِـۧمُ ٱلْقَوَاعِدَ مِنَ ٱلْبَيْتِ وَإِسْمَـٰعِيلُ رَبَّنَا تَقَبَّلْ مِنَّآ ۖ إِنَّكَ أَنتَ ٱلسَّمِيعُ ٱلْعَلِيمُ","page_number":20,"words":[{"id":77456,"position":1,"audio_url":"wbw/002_127_001.mp3","qpc_uthmani_hafs":"وَإِذۡ","char_type_name":"word","page_number":20,"line_number":1,"text":"ﭑ","translation":{"text":"And when","language_name":"english","language_id":38},"transliteration":{"text":"wa-idh","language_name":"english","language_id":38}},{"id":77457,"position":2,"audio_url":"wbw/002_127_002.mp3","qpc_uthmani_hafs":"يَرۡفَعُ","char_type_name":"word","page_number":20,"line_number":1,"text":"ﭒ","translation":{"text":"(was) raising","language_name":"english","language_id":38},"transliteration":{"text":"yarfaʿu","language_name":"english","language_id":38}},{"id":77458,"position":3,"audio_url":"wbw/002_127_003.mp3","qpc_uthmani_hafs":"إِبۡرَٰهِـۧمُ","char_type_name":"word","page_number":20,"line_number":1,"text":"ﭓ","translation":{"text":"Ibrahim","language_name":"english","language_id":38},"transliteration":{"text":"ib'rāhīmu","language_name":"english","language_id":38}},{"id":77459,"position":4,"audio_url":"wbw/002_127_004.mp3","qpc_uthmani_hafs":"ٱلۡقَوَاعِدَ","char_type_name":"word","page_number":20,"line_number":1,"text":"ﭔ","translation":{"text":"the foundations","language_name":"english","language_id":38},"transliteration":{"text":"l-qawāʿida","language_name":"english","language_id":38}},{"id":77460,"position":5,"audio_url":"wbw/002_127_005.mp3","qpc_uthmani_hafs":"مِنَ","char_type_name":"word","page_number":20,"line_number":1,"text":"ﭕ","translation":{"text":"of","language_name":"english","language_id":38},"transliteration":{"text":"mina","language_name":"english","language_id":38}},{"id":77461,"position":6,"audio_url":"wbw/002_127_006.mp3","qpc_uthmani_hafs":"ٱلۡبَيۡتِ","char_type_name":"word","page_number":20,"line_number":1,"text":"ﭖ","translation":{"text":"the House","language_name":"english","language_id":38},"transliteration":{"text":"l-bayti","language_name":"english","language_id":38}},{"id":77462,"position":7,"audio_url":"wbw/002_127_007.mp3","qpc_uthmani_hafs":"وَإِسۡمَٰعِيلُ","char_type_name":"word","page_number":20,"line_number":1,"text":"ﭗ","translation":{"text":"and Ishmael","language_name":"english","language_id":38},"transliteration":{"text":"wa-is'māʿīlu","language_name":"english","language_id":38}},{"id":77463,"position":8,"audio_url":"wbw/002_127_008.mp3","qpc_uthmani_hafs":"رَبَّنَا","char_type_name":"word","page_number":20,"line_number":1,"text":"ﭘ","translation":{"text":"(saying), \"Our Lord","language_name":"english","language_id":38},"transliteration":{"text":"rabbanā","language_name":"english","language_id":38}},{"id":77464,"position":9,"audio_url":"wbw/002_127_009.mp3","qpc_uthmani_hafs":"تَقَبَّلۡ","char_type_name":"word","page_number":20,"line_number":1,"text":"ﭙ","translation":{"text":"Accept","language_name":"english","language_id":38},"transliteration":{"text":"taqabbal","language_name":"english","language_id":38}},{"id":77465,"position":10,"audio_url":"wbw/002_127_010.mp3","qpc_uthmani_hafs":"مِنَّآۖ","char_type_name":"word","page_number":20,"line_number":2,"text":"ﭚﭛ","translation":{"text":"from us","language_name":"english","language_id":38},"transliteration":{"text":"minnā","language_name":"english","language_id":38}},{"id":77467,"position":11,"audio_url":"wbw/002_127_012.mp3","qpc_uthmani_hafs":"إِنَّكَ","char_type_name":"word","page_number":20,"line_number":2,"text":"ﭜ","translation":{"text":"Indeed You","language_name":"english","language_id":38},"transliteration":{"text":"innaka","language_name":"english","language_id":38}},{"id":77468,"position":12,"audio_url":"wbw/002_127_013.mp3","qpc_uthmani_hafs":"أَنتَ","char_type_name":"word","page_number":20,"line_number":2,"text":"ﭝ","translation":{"text":"[You] (are)","language_name":"english","language_id":38},"transliteration":{"text":"anta","language_name":"english","language_id":38}},{"id":77469,"position":13,"audio_url":"wbw/002_127_014.mp3","qpc_uthmani_hafs":"ٱلسَّمِيعُ","char_type_name":"word","page_number":20,"line_number":2,"text":"ﭞ","translation":{"text":"the All-Hearing","language_name":"english","language_id":38},"transliteration":{"text":"l-samīʿu","language_name":"english","language_id":38}},{"id":77470,"position":14,"audio_url":"wbw/002_127_015.mp3","qpc_uthmani_hafs":"ٱلۡعَلِيمُ","char_type_name":"word","page_number":20,"line_number":2,"text":"ﭟ","translation":{"text":"the All-Knowing","language_name":"english","language_id":38},"transliteration":{"text":"l-ʿalīmu","language_name":"english","language_id":38}},{"id":77471,"position":15,"audio_url":null,"qpc_uthmani_hafs":"١٢٧","char_type_name":"end","page_number":20,"line_number":2,"text":"ﭠ","translation":{"text":"(127)","language_name":"english","language_id":38},"transliteration":{"text":null,"language_name":"english","language_id":38}}],"translations":[{"id":916563,"resource_id":134,"text":"Dan (ingatlah), ketika Ibrāhīm meninggikan (membina) dasar-dasar Baitullah bersama Ismā`īl (seraya berdoa), \"Ya Tuhan kami terimalah daripada kami (amalan kami), sesungguhnya Engkau-lah Yang Maha Mendengar lagi Maha Mengetahui\"."}]},{"id":135,"verse_number":128,"verse_key":"2:128","juz_number":1,"hizb_number":2,"rub_el_hizb_number":8,"ruku_number":16,"manzil_number":1,"sajdah_number":null,"text_uthmani":"رَبَّنَا وَٱجْعَلْنَا مُسْلِمَيْنِ لَكَ وَمِن ذُرِّيَّتِنَآ أُمَّةً مُّسْلِمَةً لَّكَ وَأَرِنَا مَنَاسِكَنَا وَتُبْ عَلَيْنَآ ۖ إِنَّكَ أَنتَ ٱلتَّوَّابُ ٱلرَّحِيمُ","page_number":20,"words":[{"id":77756,"position":1,"audio_url":"wbw/002_128_001.mp3","qpc_uthmani_hafs":"رَبَّنَا","char_type_name":"word","page_number":20,"line_number":2,"text":"ﭡ","translation":{"text":"Our Lord","language_name":"english","language_id":38},"transliteration":{"text":"rabbanā","language_name":"english","language_id":38}},{"id":77757,"position":2,"audio_url":"wbw/002_128_002.mp3","qpc_uthmani_hafs":"وَٱجۡعَلۡنَا","char_type_name":"word","page_number":20,"line_number":2,"text":"ﭢ","translation":{"text":"[and] Make us","language_name":"english","language_id":38},"transliteration":{"text":"wa-ij'ʿalnā","language_name":"english","language_id":38}},{"id":77758,"position":3,"audio_url":"wbw/002_128_003.mp3","qpc_uthmani_hafs":"مُسۡلِمَيۡنِ","char_type_name":"word","page_number":20,"line_number":2,"text":"ﭣ","translation":{"text":"both submissive","language_name":"english","language_id":38},"transliteration":{"text":"mus'limayni","language_name":"english","language_id":38}},{"id":77759,"position":4,"audio_url":"wbw/002_128_004.mp3","qpc_uthmani_hafs":"لَكَ","char_type_name":"word","page_number":20,"line_number":3,"text":"ﭤ","translation":{"text":"to You","language_name":"english","language_id":38},"transliteration":{"text":"laka","language_name":"english","language_id":38}},{"id":77760,"position":5,"audio_url":"wbw/002_128_005.mp3","qpc_uthmani_hafs":"وَمِن","char_type_name":"word","page_number":20,"line_number":3,"text":"ﭥ","translation":{"text":"And from","language_name":"english","language_id":38},"transliteration":{"text":"wamin","language_name":"english","language_id":38}},{"id":77761,"position":6,"audio_url":"wbw/002_128_006.mp3","qpc_uthmani_hafs":"ذُرِّيَّتِنَآ","char_type_name":"word","page_number":20,"line_number":3,"text":"ﭦ","translation":{"text":"our offspring","language_name":"english","language_id":38},"transliteration":{"text":"dhurriyyatinā","language_name":"english","language_id":38}},{"id":77762,"position":7,"audio_url":"wbw/002_128_007.mp3","qpc_uthmani_hafs":"أُمَّةٗ","char_type_name":"word","page_number":20,"line_number":3,"text":"ﭧ","translation":{"text":"a community","language_name":"english","language_id":38},"transliteration":{"text":"ummatan","language_name":"english","language_id":38}},{"id":77763,"position":8,"audio_url":"wbw/002_128_008.mp3","qpc_uthmani_hafs":"مُّسۡلِمَةٗ","char_type_name":"word","page_number":20,"line_number":3,"text":"ﭨ","translation":{"text":"submissive","language_name":"english","language_id":38},"transliteration":{"text":"mus'limatan","language_name":"english","language_id":38}},{"id":77764,"position":9,"audio_url":"wbw/002_128_009.mp3","qpc_uthmani_hafs":"لَّكَ","char_type_name":"word","page_number":20,"line_number":3,"text":"ﭩ","translation":{"text":"to You","language_name":"english","language_id":38},"transliteration":{"text":"laka","language_name":"english","language_id":38}},{"id":77765,"position":10,"audio_url":"wbw/002_128_010.mp3","qpc_uthmani_hafs":"وَأَرِنَا","char_type_name":"word","page_number":20,"line_number":3,"text":"ﭪ","translation":{"text":"And show us","language_name":"english","language_id":38},"transliteration":{"text":"wa-arinā","language_name":"english","language_id":38}},{"id":77766,"position":11,"audio_url":"wbw/002_128_011.mp3","qpc_uthmani_hafs":"مَنَاسِكَنَا","char_type_name":"word","page_number":20,"line_number":3,"text":"ﭫ","translation":{"text":"our ways of worship","language_name":"english","language_id":38},"transliteration":{"text":"manāsikanā","language_name":"english","language_id":38}},{"id":77767,"position":12,"audio_url":"wbw/002_128_012.mp3","qpc_uthmani_hafs":"وَتُبۡ","char_type_name":"word","page_number":20,"line_number":3,"text":"ﭬ","translation":{"text":"and turn","language_name":"english","language_id":38},"transliteration":{"text":"watub","language_name":"english","language_id":38}},{"id":77768,"position":13,"audio_url":"wbw/002_128_013.mp3","qpc_uthmani_hafs":"عَلَيۡنَآۖ","char_type_name":"word","page_number":20,"line_number":3,"text":"ﭭﭮ","translation":{"text":"to us","language_name":"english","language_id":38},"transliteration":{"text":"ʿalaynā","language_name":"english","language_id":38}},{"id":77770,"position":14,"audio_url":"wbw/002_128_015.mp3","qpc_uthmani_hafs":"إِنَّكَ","char_type_name":"word","page_number":20,"line_number":4,"text":"ﭯ","translation":{"text":"Indeed You","language_name":"english","language_id":38},"transliteration":{"text":"innaka","language_name":"english","language_id":38}},{"id":77771,"position":15,"audio_url":"wbw/002_128_016.mp3","qpc_uthmani_hafs":"أَنتَ","char_type_name":"word","page_number":20,"line_number":4,"text":"ﭰ","translation":{"text":"[You] (are)","language_name":"english","language_id":38},"transliteration":{"text":"anta","language_name":"english","language_id":38}},{"id":77772,"position":16,"audio_url":"wbw/002_128_017.mp3","qpc_uthmani_hafs":"ٱلتَّوَّابُ","char_type_name":"word","page_number":20,"line_number":4,"text":"ﭱ","translation":{"text":"the Oft-returning","language_name":"english","language_id":38},"transliteration":{"text":"l-tawābu","language_name":"english","language_id":38}},{"id":77773,"position":17,"audio_url":"wbw/002_128_018.mp3","qpc_uthmani_hafs":"ٱلرَّحِيمُ","char_type_name":"word","page_number":20,"line_number":4,"text":"ﭲ","translation":{"text":"the Most Merciful","language_name":"english","language_id":38},"transliteration":{"text":"l-raḥīmu","language_name":"english","language_id":38}},{"id":77774,"position":18,"audio_url":null,"qpc_uthmani_hafs":"١٢٨","char_type_name":"end","page_number":20,"line_number":4,"text":"ﭳ","translation":{"text":"(128)","language_name":"english","language_id":38},"transliteration":{"text":null,"language_name":"english","language_id":38}}],"translations":[{"id":916564,"resource_id":134,"text":"Ya Tuhan kami, jadikanlah kami berdua orang yang tunduk patuh kepada Engkau, dan (jadikanlah) diantara anak cucu kami umat yang tunduk patuh kepada Engkau, dan tunjukkanlah kepada kami cara-cara dan tempat-tempat ibadah haji kami, dan terimalah tobat kami.  Sesungguhnya Engkau-lah Yang Maha Penerima tobat lagi Maha Penyayang."}]},{"id":136,"verse_number":129,"verse_key":"2:129","juz_number":1,"hizb_number":2,"rub_el_hizb_number":8,"ruku_number":16,"manzil_number":1,"sajdah_number":null,"text_uthmani":"رَبَّنَا وَٱبْعَثْ فِيهِمْ رَسُولًا مِّنْهُمْ يَتْلُوا۟ عَلَيْهِمْ ءَايَـٰتِكَ وَيُعَلِّمُهُمُ ٱلْكِتَـٰبَ وَٱلْحِكْمَةَ وَيُزَكِّيهِمْ ۚ إِنَّكَ أَنتَ ٱلْعَزِيزُ ٱلْحَكِيمُ","page_number":20,"words":[{"id":77885,"position":1,"audio_url":"wbw/002_129_001.mp3","qpc_uthmani_hafs":"رَبَّنَا","char_type_name":"word","page_number":20,"line_number":4,"text":"ﭴ","translation":{"text":"Our Lord","language_name":"english","language_id":38},"transliteration":{"text":"rabbanā","language_name":"english","language_id":38}},{"id":77886,"position":2,"audio_url":"wbw/002_129_002.mp3","qpc_uthmani_hafs":"وَٱبۡعَثۡ","char_type_name":"word","page_number":20,"line_number":4,"text":"ﭵ","translation":{"text":"[And] raise up","language_name":"english","language_id":38},"transliteration":{"text":"wa-ib'ʿath","language_name":"english","language_id":38}},{"id":77887,"position":3,"audio_url":"wbw/002_129_003.mp3","qpc_uthmani_hafs":"فِيهِمۡ","char_type_name":"word","page_number":20,"line_number":4,"text":"ﭶ","translation":{"text":"in them","language_name":"english","language_id":38},"transliteration":{"text":"fīhim","language_name":"english","language_id":38}},{"id":77888,"position":4,"audio_url":"wbw/002_129_004.mp3","qpc_uthmani_hafs":"رَسُولٗا","char_type_name":"word","page_number":20,"line_number":4,"text":"ﭷ","translation":{"text":"a Messenger","language_name":"english","language_id":38},"transliteration":{"text":"rasūlan","language_name":"english","language_id":38}},{"id":77889,"position":5,"audio_url":"wbw/002_129_005.mp3","qpc_uthmani_hafs":"مِّنۡهُمۡ","char_type_name":"word","page_number":20,"line_number":5,"text":"ﭸ","translation":{"text":"from them","language_name":"english","language_id":38},"transliteration":{"text":"min'hum","language_name":"english","language_id":38}},{"id":77890,"position":6,"audio_url":"wbw/002_129_006.mp3","qpc_uthmani_hafs":"يَتۡلُواْ","char_type_name":"word","page_number":20,"line_number":5,"text":"ﭹ","translation":{"text":"(who) will recite","language_name":"english","language_id":38},"transliteration":{"text":"yatlū","language_name":"english","language_id":38}},{"id":77891,"position":7,"audio_url":"wbw/002_129_007.mp3","qpc_uthmani_hafs":"عَلَيۡهِمۡ","char_type_name":"word","page_number":20,"line_number":5,"text":"ﭺ","translation":{"text":"to them","language_name":"english","language_id":38},"transliteration":{"text":"ʿalayhim","language_name":"english","language_id":38}},{"id":77892,"position":8,"audio_url":"wbw/002_129_008.mp3","qpc_uthmani_hafs":"ءَايَٰتِكَ","char_type_name":"word","page_number":20,"line_number":5,"text":"ﭻ","translation":{"text":"Your Verses","language_name":"english","language_id":38},"transliteration":{"text":"āyātika","language_name":"english","language_id":38}},{"id":77893,"position":9,"audio_url":"wbw/002_129_009.mp3","qpc_uthmani_hafs":"وَيُعَلِّمُهُمُ","char_type_name":"word","page_number":20,"line_number":5,"text":"ﭼ","translation":{"text":"and will teach them","language_name":"english","language_id":38},"transliteration":{"text":"wayuʿallimuhumu","language_name":"english","language_id":38}},{"id":77894,"position":10,"audio_url":"wbw/002_129_010.mp3","qpc_uthmani_hafs":"ٱلۡكِتَٰبَ","char_type_name":"word","page_number":20,"line_number":5,"text":"ﭽ","translation":{"text":"the Book","language_name":"english","language_id":38},"transliteration":{"text":"l-kitāba","language_name":"english","language_id":38}},{"id":77895,"position":11,"audio_url":"wbw/002_129_011.mp3","qpc_uthmani_hafs":"وَٱلۡحِكۡمَةَ","char_type_name":"word","page_number":20,"line_number":5,"text":"ﭾ","translation":{"text":"and the wisdom","language_name":"english","language_id":38},"transliteration":{"text":"wal-ḥik'mata","language_name":"english","language_id":38}},{"id":77896,"position":12,"audio_url":"wbw/002_129_012.mp3","qpc_uthmani_hafs":"وَيُزَكِّيهِمۡۖ","char_type_name":"word","page_number":20,"line_number":6,"text":"ﭿﮀ","translation":{"text":"and purify them","language_name":"english","language_id":38},"transliteration":{"text":"wayuzakkīhim","language_name":"english","language_id":38}},{"id":77898,"position":13,"audio_url":"wbw/002_129_014.mp3","qpc_uthmani_hafs":"إِنَّكَ","char_type_name":"word","page_number":20,"line_number":6,"text":"ﮁ","translation":{"text":"Indeed You","language_name":"english","language_id":38},"transliteration":{"text":"innaka","language_name":"english","language_id":38}},{"id":77899,"position":14,"audio_url":"wbw/002_129_015.mp3","qpc_uthmani_hafs":"أَنتَ","char_type_name":"word","page_number":20,"line_number":6,"text":"ﮂ","translation":{"text":"You (are)","language_name":"english","language_id":38},"transliteration":{"text":"anta","language_name":"english","language_id":38}},{"id":77900,"position":15,"audio_url":"wbw/002_129_016.mp3","qpc_uthmani_hafs":"ٱلۡعَزِيزُ","char_type_name":"word","page_number":20,"line_number":6,"text":"ﮃ","translation":{"text":"the All-Mighty","language_name":"english","language_id":38},"transliteration":{"text":"l-ʿazīzu","language_name":"english","language_id":38}},{"id":77901,"position":16,"audio_url":"wbw/002_129_017.mp3","qpc_uthmani_hafs":"ٱلۡحَكِيمُ","char_type_name":"word","page_number":20,"line_number":6,"text":"ﮄ","translation":{"text":"the All-Wise","language_name":"english","language_id":38},"transliteration":{"text":"l-ḥakīmu","language_name":"english","language_id":38}},{"id":77902,"position":17,"audio_url":null,"qpc_uthmani_hafs":"١٢٩","char_type_name":"end","page_number":20,"line_number":6,"text":"ﮅ","translation":{"text":"(129)","language_name":"english","language_id":38},"transliteration":{"text":null,"language_name":"english","language_id":38}}],"translations":[{"id":916565,"resource_id":134,"text":"Ya Tuhan kami, utuslah untuk mereka seorang rasul dari kalangan mereka, yang akan membacakan kepada mereka ayat-ayat Engkau, dan mengajarkan kepada mereka Alkitab (Al-Qur`ān) dan Al-Hikmah (As-Sunnah) serta menyucikan mereka.  Sesungguhnya Engkau-lah yang Maha Perkasa lagi Maha Bijaksana.\""}]},{"id":137,"verse_number":130,"verse_key":"2:130","juz_number":1,"hizb_number":2,"rub_el_hizb_number":8,"ruku_number":17,"manzil_number":1,"sajdah_number":null,"text_uthmani":"وَمَن يَرْغَبُ عَن مِّلَّةِ إِبْرَٰهِـۧمَ إِلَّا مَن سَفِهَ نَفْسَهُۥ ۚ وَلَقَدِ ٱصْطَفَيْنَـٰهُ فِى ٱلدُّنْيَا ۖ وَإِنَّهُۥ فِى ٱلْـَٔاخِرَةِ لَمِنَ ٱلصَّـٰلِحِينَ","page_number":20,"words":[{"id":77957,"position":1,"audio_url":"wbw/002_130_001.mp3","qpc_uthmani_hafs":"وَمَن","char_type_name":"word","page_number":20,"line_number":6,"text":"ﮆ","translation":{"text":"And who","language_name":"english","language_id":38},"transliteration":{"text":"waman","language_name":"english","language_id":38}},{"id":77958,"position":2,"audio_url":"wbw/002_130_002.mp3","qpc_uthmani_hafs":"يَرۡغَبُ","char_type_name":"word","page_number":20,"line_number":6,"text":"ﮇ","translation":{"text":"will turn away","language_name":"english","language_id":38},"transliteration":{"text":"yarghabu","language_name":"english","language_id":38}},{"id":77959,"position":3,"audio_url":"wbw/002_130_003.mp3","qpc_uthmani_hafs":"عَن","char_type_name":"word","page_number":20,"line_number":6,"text":"ﮈ","translation":{"text":"from","language_name":"english","language_id":38},"transliteration":{"text":"ʿan","language_name":"english","language_id":38}},{"id":77960,"position":4,"audio_url":"wbw/002_130_004.mp3","qpc_uthmani_hafs":"مِّلَّةِ","char_type_name":"word","page_number":20,"line_number":7,"text":"ﮉ","translation":{"text":"(the) religion","language_name":"english","language_id":38},"transliteration":{"text":"millati","language_name":"english","language_id":38}},{"id":77961,"position":5,"audio_url":"wbw/002_130_005.mp3","qpc_uthmani_hafs":"إِبۡرَٰهِـۧمَ","char_type_name":"word","page_number":20,"line_number":7,"text":"ﮊ","translation":{"text":"(of) Ibrahim","language_name":"english","language_id":38},"transliteration":{"text":"ib'rāhīma","language_name":"english","language_id":38}},{"id":77962,"position":6,"audio_url":"wbw/002_130_006.mp3","qpc_uthmani_hafs":"إِلَّا","char_type_name":"word","page_number":20,"line_number":7,"text":"ﮋ","translation":{"text":"except","language_name":"english","language_id":38},"transliteration":{"text":"illā","language_name":"english","language_id":38}},{"id":77963,"position":7,"audio_url":"wbw/002_130_007.mp3","qpc_uthmani_hafs":"مَن","char_type_name":"word","page_number":20,"line_number":7,"text":"ﮌ","translation":{"text":"who","language_name":"english","language_id":38},"transliteration":{"text":"man","language_name":"english","language_id":38}},{"id":77964,"position":8,"audio_url":"wbw/002_130_008.mp3","qpc_uthmani_hafs":"سَفِهَ","char_type_name":"word","page_number":20,"line_number":7,"text":"ﮍ","translation":{"text":"fooled","language_name":"english","language_id":38},"transliteration":{"text":"safiha","language_name":"english","language_id":38}},{"id":77965,"position":9,"audio_url":"wbw/002_130_009.mp3","qpc_uthmani_hafs":"نَفۡسَهُۥۚ","char_type_name":"word","page_number":20,"line_number":7,"text":"ﮎﮏ","translation":{"text":"himself","language_name":"english","language_id":38},"transliteration":{"text":"nafsahu","language_name":"english","language_id":38}},{"id":77967,"position":10,"audio_url":"wbw/002_130_011.mp3","qpc_uthmani_hafs":"وَلَقَدِ","char_type_name":"word","page_number":20,"line_number":7,"text":"ﮐ","translation":{"text":"And indeed","language_name":"english","language_id":38},"transliteration":{"text":"walaqadi","language_name":"english","language_id":38}},{"id":77968,"position":11,"audio_url":"wbw/002_130_012.mp3","qpc_uthmani_hafs":"ٱصۡطَفَيۡنَٰهُ","char_type_name":"word","page_number":20,"line_number":7,"text":"ﮑ","translation":{"text":"We chose him","language_name":"english","language_id":38},"transliteration":{"text":"iṣ'ṭafaynāhu","language_name":"english","language_id":38}},{"id":77969,"position":12,"audio_url":"wbw/002_130_013.mp3","qpc_uthmani_hafs":"فِي","char_type_name":"word","page_number":20,"line_number":7,"text":"ﮒ","translation":{"text":"in","language_name":"english","language_id":38},"transliteration":{"text":"fī","language_name":"english","language_id":38}},{"id":77970,"position":13,"audio_url":"wbw/002_130_014.mp3","qpc_uthmani_hafs":"ٱلدُّنۡيَاۖ","char_type_name":"word","page_number":20,"line_number":7,"text":"ﮓﮔ","translation":{"text":"the world","language_name":"english","language_id":38},"transliteration":{"text":"l-dun'yā","language_name":"english","language_id":38}},{"id":77972,"position":14,"audio_url":"wbw/002_130_016.mp3","qpc_uthmani_hafs":"وَإِنَّهُۥ","char_type_name":"word","page_number":20,"line_number":8,"text":"ﮕ","translation":{"text":"and indeed he","language_name":"english","language_id":38},"transliteration":{"text":"wa-innahu","language_name":"english","language_id":38}},{"id":77973,"position":15,"audio_url":"wbw/002_130_017.mp3","qpc_uthmani_hafs":"فِي","char_type_name":"word","page_number":20,"line_number":8,"text":"ﮖ","translation":{"text":"in","language_name":"english","language_id":38},"transliteration":{"text":"fī","language_name":"english","language_id":38}},{"id":77974,"position":16,"audio_url":"wbw/002_130_018.mp3","qpc_uthmani_hafs":"ٱلۡأٓخِرَةِ","char_type_name":"word","page_number":20,"line_number":8,"text":"ﮗ","translation":{"text":"the Hereafter","language_name":"english","language_id":38},"transliteration":{"text":"l-ākhirati","language_name":"english","language_id":38}},{"id":77975,"position":17,"audio_url":"wbw/002_130_019.mp3","qpc_uthmani_hafs":"لَمِنَ","char_type_name":"word","page_number":20,"line_number":8,"text":"ﮘ","translation":{"text":"surely (will be) among","language_name":"english","language_id":38},"transliteration":{"text":"lamina","language_name":"english","language_id":38}},{"id":77976,"position":18,"audio_url":"wbw/002_130_020.mp3","qpc_uthmani_hafs":"ٱلصَّٰلِحِينَ","char_type_name":"word","page_number":20,"line_number":8,"text":"ﮙ","translation":{"text":"the righteous","language_name":"english","language_id":38},"transliteration":{"text":"l-ṣāliḥīna","language_name":"english","language_id":38}},{"id":77977,"position":19,"audio_url":null,"qpc_uthmani_hafs":"١٣٠","char_type_name":"end","page_number":20,"line_number":8,"text":"ﮚ","translation":{"text":"(130)","language_name":"english","language_id":38},"transliteration":{"text":null,"language_name":"english","language_id":38}}],"translations":[{"id":916566,"resource_id":134,"text":"Dan tidak ada yang benci kepada agama Ibrāhīm, melainkan orang yang memperbodoh dirinya sendiri, dan sungguh Kami telah memilihnya<sup foot_note=209859>1</sup> di dunia dan sesungguhnya dia di akhirat benar-benar termasuk orang-orang yang saleh."}]},{"id":138,"verse_number":131,"verse_key":"2:131","juz_number":1,"hizb_number":2,"rub_el_hizb_number":8,"ruku_number":17,"manzil_number":1,"sajdah_number":null,"text_uthmani":"إِذْ قَالَ لَهُۥ رَبُّهُۥٓ أَسْلِمْ ۖ قَالَ أَسْلَمْتُ لِرَبِّ ٱلْعَـٰلَمِينَ","page_number":20,"words":[{"id":78034,"position":1,"audio_url":"wbw/002_131_001.mp3","qpc_uthmani_hafs":"إِذۡ","char_type_name":"word","page_number":20,"line_number":8,"text":"ﮛ","translation":{"text":"When","language_name":"english","language_id":38},"transliteration":{"text":"idh","language_name":"english","language_id":38}},{"id":78035,"position":2,"audio_url":"wbw/002_131_002.mp3","qpc_uthmani_hafs":"قَالَ","char_type_name":"word","page_number":20,"line_number":8,"text":"ﮜ","translation":{"text":"said","language_name":"english","language_id":38},"transliteration":{"text":"qāla","language_name":"english","language_id":38}},{"id":78036,"position":3,"audio_url":"wbw/002_131_003.mp3","qpc_uthmani_hafs":"لَهُۥ","char_type_name":"word","page_number":20,"line_number":8,"text":"ﮝ","translation":{"text":"to him","language_name":"english","language_id":38},"transliteration":{"text":"lahu","language_name":"english","language_id":38}},{"id":78037,"position":4,"audio_url":"wbw/002_131_004.mp3","qpc_uthmani_hafs":"رَبُّهُۥٓ","char_type_name":"word","page_number":20,"line_number":8,"text":"ﮞ","translation":{"text":"his Lord","language_name":"english","language_id":38},"transliteration":{"text":"rabbuhu","language_name":"english","language_id":38}},{"id":78038,"position":5,"audio_url":"wbw/002_131_005.mp3","qpc_uthmani_hafs":"أَسۡلِمۡۖ","char_type_name":"word","page_number":20,"line_number":8,"text":"ﮟﮠ","translation":{"text":"Submit (yourself)","language_name":"english","language_id":38},"transliteration":{"text":"aslim","language_name":"english","language_id":38}},{"id":78040,"position":6,"audio_url":"wbw/002_131_007.mp3","qpc_uthmani_hafs":"قَالَ","char_type_name":"word","page_number":20,"line_number":9,"text":"ﮡ","translation":{"text":"he said","language_name":"english","language_id":38},"transliteration":{"text":"qāla","language_name":"english","language_id":38}},{"id":78041,"position":7,"audio_url":"wbw/002_131_008.mp3","qpc_uthmani_hafs":"أَسۡلَمۡتُ","char_type_name":"word","page_number":20,"line_number":9,"text":"ﮢ","translation":{"text":"I (have) submitted (myself)","language_name":"english","language_id":38},"transliteration":{"text":"aslamtu","language_name":"english","language_id":38}},{"id":78042,"position":8,"audio_url":"wbw/002_131_009.mp3","qpc_uthmani_hafs":"لِرَبِّ","char_type_name":"word","page_number":20,"line_number":9,"text":"ﮣ","translation":{"text":"to (the) Lord","language_name":"english","language_id":38},"transliteration":{"text":"lirabbi","language_name":"english","language_id":38}},{"id":78043,"position":9,"audio_url":"wbw/002_131_010.mp3","qpc_uthmani_hafs":"ٱلۡعَٰلَمِينَ","char_type_name":"word","page_number":20,"line_number":9,"text":"ﮤ","translation":{"text":"(of) the worlds","language_name":"english","language_id":38},"transliteration":{"text":"l-ʿālamīna","language_name":"english","language_id":38}},{"id":78044,"position":10,"audio_url":null,"qpc_uthmani_hafs":"١٣١","char_type_name":"end","page_number":20,"line_number":9,"text":"ﮥ","translation":{"text":"(131)","language_name":"english","language_id":38},"transliteration":{"text":null,"language_name":"english","language_id":38}}],"translations":[{"id":916567,"resource_id":134,"text":"Ketika Tuhan-nya berfirman kepadanya, \"Tunduk patuhlah!\"Ibrāhīm menjawab, \"Aku tunduk patuh kepada Tuhan semesta alam\"."}]},{"id":139,"verse_number":132,"verse_key":"2:132","juz_number":1,"hizb_number":2,"rub_el_hizb_number":8,"ruku_number":17,"manzil_number":1,"sajdah_number":null,"text_uthmani":"وَوَصَّىٰ بِهَآ إِبْرَٰهِـۧمُ بَنِيهِ وَيَعْقُوبُ يَـٰبَنِىَّ إِنَّ ٱللَّهَ ٱصْطَفَىٰ لَكُمُ ٱلدِّينَ فَلَا تَمُوتُنَّ إِلَّا وَأَنتُم مُّسْلِمُونَ","page_number":20,"words":[{"id":78169,"position":1,"audio_url":"wbw/002_132_001.mp3","qpc_uthmani_hafs":"وَوَصَّىٰ","char_type_name":"word","page_number":20,"line_number":9,"text":"ﮦ","translation":{"text":"And enjoined","language_name":"english","language_id":38},"transliteration":{"text":"wawaṣṣā","language_name":"english","language_id":38}},{"id":78170,"position":2,"audio_url":"wbw/002_132_002.mp3","qpc_uthmani_hafs":"بِهَآ","char_type_name":"word","page_number":20,"line_number":9,"text":"ﮧ","translation":{"text":"[it]","language_name":"english","language_id":38},"transliteration":{"text":"bihā","language_name":"english","language_id":38}},{"id":78171,"position":3,"audio_url":"wbw/002_132_003.mp3","qpc_uthmani_hafs":"إِبۡرَٰهِـۧمُ","char_type_name":"word","page_number":20,"line_number":9,"text":"ﮨ","translation":{"text":"Ibrahim","language_name":"english","language_id":38},"transliteration":{"text":"ib'rāhīmu","language_name":"english","language_id":38}},{"id":78172,"position":4,"audio_url":"wbw/002_132_004.mp3","qpc_uthmani_hafs":"بَنِيهِ","char_type_name":"word","page_number":20,"line_number":9,"text":"ﮩ","translation":{"text":"(upon) his sons","language_name":"english","language_id":38},"transliteration":{"text":"banīhi","language_name":"english","language_id":38}},{"id":78173,"position":5,"audio_url":"wbw/002_132_005.mp3","qpc_uthmani_hafs":"وَيَعۡقُوبُ","char_type_name":"word","page_number":20,"line_number":10,"text":"ﮪ","translation":{"text":"and Yaqub","language_name":"english","language_id":38},"transliteration":{"text":"wayaʿqūbu","language_name":"english","language_id":38}},{"id":78174,"position":6,"audio_url":"wbw/002_132_006.mp3","qpc_uthmani_hafs":"يَٰبَنِيَّ","char_type_name":"word","page_number":20,"line_number":10,"text":"ﮫ","translation":{"text":"O my sons","language_name":"english","language_id":38},"transliteration":{"text":"yābaniyya","language_name":"english","language_id":38}},{"id":78175,"position":7,"audio_url":"wbw/002_132_007.mp3","qpc_uthmani_hafs":"إِنَّ","char_type_name":"word","page_number":20,"line_number":10,"text":"ﮬ","translation":{"text":"Indeed","language_name":"english","language_id":38},"transliteration":{"text":"inna","language_name":"english","language_id":38}},{"id":78176,"position":8,"audio_url":"wbw/002_132_008.mp3","qpc_uthmani_hafs":"ٱللَّهَ","char_type_name":"word","page_number":20,"line_number":10,"text":"ﮭ","translation":{"text":"Allah","language_name":"english","language_id":38},"transliteration":{"text":"l-laha","language_name":"english","language_id":38}},{"id":78177,"position":9,"audio_url":"wbw/002_132_009.mp3","qpc_uthmani_hafs":"ٱصۡطَفَىٰ","char_type_name":"word","page_number":20,"line_number":10,"text":"ﮮ","translation":{"text":"has chosen","language_name":"english","language_id":38},"transliteration":{"text":"iṣ'ṭafā","language_name":"english","language_id":38}},{"id":78178,"position":10,"audio_url":"wbw/002_132_010.mp3","qpc_uthmani_hafs":"لَكُمُ","char_type_name":"word","page_number":20,"line_number":10,"text":"ﮯ","translation":{"text":"for you","language_name":"english","language_id":38},"transliteration":{"text":"lakumu","language_name":"english","language_id":38}},{"id":78179,"position":11,"audio_url":"wbw/002_132_011.mp3","qpc_uthmani_hafs":"ٱلدِّينَ","char_type_name":"word","page_number":20,"line_number":10,"text":"ﮰ","translation":{"text":"the religion","language_name":"english","language_id":38},"transliteration":{"text":"l-dīna","language_name":"english","language_id":38}},{"id":78180,"position":12,"audio_url":"wbw/002_132_012.mp3","qpc_uthmani_hafs":"فَلَا","char_type_name":"word","page_number":20,"line_number":10,"text":"ﮱ","translation":{"text":"so not","language_name":"english","language_id":38},"transliteration":{"text":"falā","language_name":"english","language_id":38}},{"id":78181,"position":13,"audio_url":"wbw/002_132_013.mp3","qpc_uthmani_hafs":"تَمُوتُنَّ","char_type_name":"word","page_number":20,"line_number":10,"text":"ﯓ","translation":{"text":"(should) you die","language_name":"english","language_id":38},"transliteration":{"text":"tamūtunna","language_name":"english","language_id":38}},{"id":78182,"position":14,"audio_url":"wbw/002_132_014.mp3","qpc_uthmani_hafs":"إِلَّا","char_type_name":"word","page_number":20,"line_number":10,"text":"ﯔ","translation":{"text":"except","language_name":"english","language_id":38},"transliteration":{"text":"illā","language_name":"english","language_id":38}},{"id":78183,"position":15,"audio_url":"wbw/002_132_015.mp3","qpc_uthmani_hafs":"وَأَنتُم","char_type_name":"word","page_number":20,"line_number":11,"text":"ﯕ","translation":{"text":"while you","language_name":"english","language_id":38},"transliteration":{"text":"wa-antum","language_name":"english","language_id":38}},{"id":78184,"position":16,"audio_url":"wbw/002_132_016.mp3","qpc_uthmani_hafs":"مُّسۡلِمُونَ","char_type_name":"word","page_number":20,"line_number":11,"text":"ﯖ","translation":{"text":"(are) submissive","language_name":"english","language_id":38},"transliteration":{"text":"mus'limūna","language_name":"english","language_id":38}},{"id":78185,"position":17,"audio_url":null,"qpc_uthmani_hafs":"١٣٢","char_type_name":"end","page_number":20,"line_number":11,"text":"ﯗ","translation":{"text":"(132)","language_name":"english","language_id":38},"transliteration":{"text":null,"language_name":"english","language_id":38}}],"translations":[{"id":916568,"resource_id":134,"text":"Dan Ibrāhīm  telah mewasiatkan ucapan itu kepada anak-anaknya, demikian pula Ya`qūb (Ibrāhīm berkata), \"Hai anak-anakku! Sesungguhnya Allah telah memilih agama ini bagimu, maka janganlah kamu mati kecuali dalam memeluk agama Islam\"."}]},{"id":140,"verse_number":133,"verse_key":"2:133","juz_number":1,"hizb_number":2,"rub_el_hizb_number":8,"ruku_number":17,"manzil_number":1,"sajdah_number":null,"text_uthmani":"أَمْ كُنتُمْ شُهَدَآءَ إِذْ حَضَرَ يَعْقُوبَ ٱلْمَوْتُ إِذْ قَالَ لِبَنِيهِ مَا تَعْبُدُونَ مِنۢ بَعْدِى قَالُوا۟ نَعْبُدُ إِلَـٰهَكَ وَإِلَـٰهَ ءَابَآئِكَ إِبْرَٰهِـۧمَ وَإِسْمَـٰعِيلَ وَإِسْحَـٰقَ إِلَـٰهًا وَٰحِدًا وَنَحْنُ لَهُۥ مُسْلِمُونَ","page_number":20,"words":[{"id":78238,"position":1,"audio_url":"wbw/002_133_001.mp3","qpc_uthmani_hafs":"أَمۡ","char_type_name":"word","page_number":20,"line_number":11,"text":"ﯘ","translation":{"text":"Or","language_name":"english","language_id":38},"transliteration":{"text":"am","language_name":"english","language_id":38}},{"id":78239,"position":2,"audio_url":"wbw/002_133_002.mp3","qpc_uthmani_hafs":"كُنتُمۡ","char_type_name":"word","page_number":20,"line_number":11,"text":"ﯙ","translation":{"text":"were you","language_name":"english","language_id":38},"transliteration":{"text":"kuntum","language_name":"english","language_id":38}},{"id":78240,"position":3,"audio_url":"wbw/002_133_003.mp3","qpc_uthmani_hafs":"شُهَدَآءَ","char_type_name":"word","page_number":20,"line_number":11,"text":"ﯚ","translation":{"text":"witnesses","language_name":"english","language_id":38},"transliteration":{"text":"shuhadāa","language_name":"english","language_id":38}},{"id":78241,"position":4,"audio_url":"wbw/002_133_004.mp3","qpc_uthmani_hafs":"إِذۡ","char_type_name":"word","page_number":20,"line_number":11,"text":"ﯛ","translation":{"text":"when","language_name":"english","language_id":38},"transliteration":{"text":"idh","language_name":"english","language_id":38}},{"id":78242,"position":5,"audio_url":"wbw/002_133_005.mp3","qpc_uthmani_hafs":"حَضَرَ","char_type_name":"word","page_number":20,"line_number":11,"text":"ﯜ","translation":{"text":"came to","language_name":"english","language_id":38},"transliteration":{"text":"ḥaḍara","language_name":"english","language_id":38}},{"id":78243,"position":6,"audio_url":"wbw/002_133_006.mp3","qpc_uthmani_hafs":"يَعۡقُوبَ","char_type_name":"word","page_number":20,"line_number":11,"text":"ﯝ","translation":{"text":"Yaqub","language_name":"english","language_id":38},"transliteration":{"text":"yaʿqūba","language_name":"english","language_id":38}},{"id":78244,"position":7,"audio_url":"wbw/002_133_007.mp3","qpc_uthmani_hafs":"ٱلۡمَوۡتُ","char_type_name":"word","page_number":20,"line_number":12,"text":"ﯞ","translation":{"text":"[the] death","language_name":"english","language_id":38},"transliteration":{"text":"l-mawtu","language_name":"english","language_id":38}},{"id":78245,"position":8,"audio_url":"wbw/002_133_008.mp3","qpc_uthmani_hafs":"إِذۡ","char_type_name":"word","page_number":20,"line_number":12,"text":"ﯟ","translation":{"text":"when","language_name":"english","language_id":38},"transliteration":{"text":"idh","language_name":"english","language_id":38}},{"id":78246,"position":9,"audio_url":"wbw/002_133_009.mp3","qpc_uthmani_hafs":"قَالَ","char_type_name":"word","page_number":20,"line_number":12,"text":"ﯠ","translation":{"text":"he said","language_name":"english","language_id":38},"transliteration":{"text":"qāla","language_name":"english","language_id":38}},{"id":78247,"position":10,"audio_url":"wbw/002_133_010.mp3","qpc_uthmani_hafs":"لِبَنِيهِ","char_type_name":"word","page_number":20,"line_number":12,"text":"ﯡ","translation":{"text":"to his sons","language_name":"english","language_id":38},"transliteration":{"text":"libanīhi","language_name":"english","language_id":38}},{"id":78248,"position":11,"audio_url":"wbw/002_133_011.mp3","qpc_uthmani_hafs":"مَا","char_type_name":"word","page_number":20,"line_number":12,"text":"ﯢ","translation":{"text":"What","language_name":"english","language_id":38},"transliteration":{"text":"mā","language_name":"english","language_id":38}},{"id":78249,"position":12,"audio_url":"wbw/002_133_012.mp3","qpc_uthmani_hafs":"تَعۡبُدُونَ","char_type_name":"word","page_number":20,"line_number":12,"text":"ﯣ","translation":{"text":"will you worship","language_name":"english","language_id":38},"transliteration":{"text":"taʿbudūna","language_name":"english","language_id":38}},{"id":78250,"position":13,"audio_url":"wbw/002_133_013.mp3","qpc_uthmani_hafs":"مِنۢ","char_type_name":"word","page_number":20,"line_number":12,"text":"ﯤ","translation":{"text":"from","language_name":"english","language_id":38},"transliteration":{"text":"min","language_name":"english","language_id":38}},{"id":78251,"position":14,"audio_url":"wbw/002_133_014.mp3","qpc_uthmani_hafs":"بَعۡدِيۖ","char_type_name":"word","page_number":20,"line_number":12,"text":"ﯥ","translation":{"text":"after me","language_name":"english","language_id":38},"transliteration":{"text":"baʿdī","language_name":"english","language_id":38}},{"id":78252,"position":15,"audio_url":"wbw/002_133_015.mp3","qpc_uthmani_hafs":"قَالُواْ","char_type_name":"word","page_number":20,"line_number":12,"text":"ﯦ","translation":{"text":"They said","language_name":"english","language_id":38},"transliteration":{"text":"qālū","language_name":"english","language_id":38}},{"id":78253,"position":16,"audio_url":"wbw/002_133_016.mp3","qpc_uthmani_hafs":"نَعۡبُدُ","char_type_name":"word","page_number":20,"line_number":12,"text":"ﯧ","translation":{"text":"We will worship","language_name":"english","language_id":38},"transliteration":{"text":"naʿbudu","language_name":"english","language_id":38}},{"id":78254,"position":17,"audio_url":"wbw/002_133_017.mp3","qpc_uthmani_hafs":"إِلَٰهَكَ","char_type_name":"word","page_number":20,"line_number":13,"text":"ﯨ","translation":{"text":"your God","language_name":"english","language_id":38},"transliteration":{"text":"ilāhaka","language_name":"english","language_id":38}},{"id":78255,"position":18,"audio_url":"wbw/002_133_018.mp3","qpc_uthmani_hafs":"وَإِلَٰهَ","char_type_name":"word","page_number":20,"line_number":13,"text":"ﯩ","translation":{"text":"and (the) God","language_name":"english","language_id":38},"transliteration":{"text":"wa-ilāha","language_name":"english","language_id":38}},{"id":78256,"position":19,"audio_url":"wbw/002_133_019.mp3","qpc_uthmani_hafs":"ءَابَآئِكَ","char_type_name":"word","page_number":20,"line_number":13,"text":"ﯪ","translation":{"text":"(of) your forefathers","language_name":"english","language_id":38},"transliteration":{"text":"ābāika","language_name":"english","language_id":38}},{"id":78257,"position":20,"audio_url":"wbw/002_133_020.mp3","qpc_uthmani_hafs":"إِبۡرَٰهِـۧمَ","char_type_name":"word","page_number":20,"line_number":13,"text":"ﯫ","translation":{"text":"Ibrahim","language_name":"english","language_id":38},"transliteration":{"text":"ib'rāhīma","language_name":"english","language_id":38}},{"id":78258,"position":21,"audio_url":"wbw/002_133_021.mp3","qpc_uthmani_hafs":"وَإِسۡمَٰعِيلَ","char_type_name":"word","page_number":20,"line_number":13,"text":"ﯬ","translation":{"text":"and Ishmael","language_name":"english","language_id":38},"transliteration":{"text":"wa-is'māʿīla","language_name":"english","language_id":38}},{"id":78259,"position":22,"audio_url":"wbw/002_133_022.mp3","qpc_uthmani_hafs":"وَإِسۡحَٰقَ","char_type_name":"word","page_number":20,"line_number":13,"text":"ﯭ","translation":{"text":"and Isaac ","language_name":"english","language_id":38},"transliteration":{"text":"wa-is'ḥāqa","language_name":"english","language_id":38}},{"id":78260,"position":23,"audio_url":"wbw/002_133_023.mp3","qpc_uthmani_hafs":"إِلَٰهٗا","char_type_name":"word","page_number":20,"line_number":13,"text":"ﯮ","translation":{"text":"God","language_name":"english","language_id":38},"transliteration":{"text":"ilāhan","language_name":"english","language_id":38}},{"id":78261,"position":24,"audio_url":"wbw/002_133_024.mp3","qpc_uthmani_hafs":"وَٰحِدٗا","char_type_name":"word","page_number":20,"line_number":14,"text":"ﯯ","translation":{"text":"One","language_name":"english","language_id":38},"transliteration":{"text":"wāḥidan","language_name":"english","language_id":38}},{"id":78262,"position":25,"audio_url":"wbw/002_133_025.mp3","qpc_uthmani_hafs":"وَنَحۡنُ","char_type_name":"word","page_number":20,"line_number":14,"text":"ﯰ","translation":{"text":"And we","language_name":"english","language_id":38},"transliteration":{"text":"wanaḥnu","language_name":"english","language_id":38}},{"id":78263,"position":26,"audio_url":"wbw/002_133_026.mp3","qpc_uthmani_hafs":"لَهُۥ","char_type_name":"word","page_number":20,"line_number":14,"text":"ﯱ","translation":{"text":"to Him","language_name":"english","language_id":38},"transliteration":{"text":"lahu","language_name":"english","language_id":38}},{"id":78264,"position":27,"audio_url":"wbw/002_133_027.mp3","qpc_uthmani_hafs":"مُسۡلِمُونَ","char_type_name":"word","page_number":20,"line_number":14,"text":"ﯲ","translation":{"text":"(are) submissive","language_name":"english","language_id":38},"transliteration":{"text":"mus'limūna","language_name":"english","language_id":38}},{"id":78265,"position":28,"audio_url":null,"qpc_uthmani_hafs":"١٣٣","char_type_name":"end","page_number":20,"line_number":14,"text":"ﯳ","translation":{"text":"(133)","language_name":"english","language_id":38},"transliteration":{"text":null,"language_name":"english","language_id":38}}],"translations":[{"id":916569,"resource_id":134,"text":"Adakah kamu hadir ketika Ya`qūb kedatangan (tanda-tanda) maut, ketika ia berkata kepada anak-anaknya, \"Apa yang kamu sembah sepeninggalku?\" Mereka menjawab, \"Kami akan menyembah Tuhan-mu dan Tuhan nenek moyangmu,  Ibrāhīm, Ismā`īl dan Ishāq, (yaitu) Tuhan Yang Maha Esa dan kami hanya tunduk patuh kepada-Nya\"."}]},{"id":141,"verse_number":134,"verse_key":"2:134","juz_number":1,"hizb_number":2,"rub_el_hizb_number":8,"ruku_number":17,"manzil_number":1,"sajdah_number":null,"text_uthmani":"تِلْكَ أُمَّةٌ قَدْ خَلَتْ ۖ لَهَا مَا كَسَبَتْ وَلَكُم مَّا كَسَبْتُمْ ۖ وَلَا تُسْـَٔلُونَ عَمَّا كَانُوا۟ يَعْمَلُونَ","page_number":20,"words":[{"id":78418,"position":1,"audio_url":"wbw/002_134_001.mp3","qpc_uthmani_hafs":"تِلۡكَ","char_type_name":"word","page_number":20,"line_number":14,"text":"ﯴ","translation":{"text":"This","language_name":"english","language_id":38},"transliteration":{"text":"til'ka","language_name":"english","language_id":38}},{"id":78419,"position":2,"audio_url":"wbw/002_134_002.mp3","qpc_uthmani_hafs":"أُمَّةٞ","char_type_name":"word","page_number":20,"line_number":14,"text":"ﯵ","translation":{"text":"(was) a community","language_name":"english","language_id":38},"transliteration":{"text":"ummatun","language_name":"english","language_id":38}},{"id":78420,"position":3,"audio_url":"wbw/002_134_003.mp3","qpc_uthmani_hafs":"قَدۡ","char_type_name":"word","page_number":20,"line_number":14,"text":"ﯶ","translation":{"text":"(which)","language_name":"english","language_id":38},"transliteration":{"text":"qad","language_name":"english","language_id":38}},{"id":78421,"position":4,"audio_url":"wbw/002_134_004.mp3","qpc_uthmani_hafs":"خَلَتۡۖ","char_type_name":"word","page_number":20,"line_number":14,"text":"ﯷﯸ","translation":{"text":"has passed away","language_name":"english","language_id":38},"transliteration":{"text":"khalat","language_name":"english","language_id":38}},{"id":78423,"position":5,"audio_url":"wbw/002_134_006.mp3","qpc_uthmani_hafs":"لَهَا","char_type_name":"word","page_number":20,"line_number":14,"text":"ﯹ","translation":{"text":"for it","language_name":"english","language_id":38},"transliteration":{"text":"lahā","language_name":"english","language_id":38}},{"id":78424,"position":6,"audio_url":"wbw/002_134_007.mp3","qpc_uthmani_hafs":"مَا","char_type_name":"word","page_number":20,"line_number":15,"text":"ﯺ","translation":{"text":"what","language_name":"english","language_id":38},"transliteration":{"text":"mā","language_name":"english","language_id":38}},{"id":78425,"position":7,"audio_url":"wbw/002_134_008.mp3","qpc_uthmani_hafs":"كَسَبَتۡ","char_type_name":"word","page_number":20,"line_number":15,"text":"ﯻ","translation":{"text":"it earned","language_name":"english","language_id":38},"transliteration":{"text":"kasabat","language_name":"english","language_id":38}},{"id":78426,"position":8,"audio_url":"wbw/002_134_009.mp3","qpc_uthmani_hafs":"وَلَكُم","char_type_name":"word","page_number":20,"line_number":15,"text":"ﯼ","translation":{"text":"and for you","language_name":"english","language_id":38},"transliteration":{"text":"walakum","language_name":"english","language_id":38}},{"id":78427,"position":9,"audio_url":"wbw/002_134_010.mp3","qpc_uthmani_hafs":"مَّا","char_type_name":"word","page_number":20,"line_number":15,"text":"ﯽ","translation":{"text":"what","language_name":"english","language_id":38},"transliteration":{"text":"mā","language_name":"english","language_id":38}},{"id":78428,"position":10,"audio_url":"wbw/002_134_011.mp3","qpc_uthmani_hafs":"كَسَبۡتُمۡۖ","char_type_name":"word","page_number":20,"line_number":15,"text":"ﯾﯿ","translation":{"text":"you have earned","language_name":"english","language_id":38},"transliteration":{"text":"kasabtum","language_name":"english","language_id":38}},{"id":78430,"position":11,"audio_url":"wbw/002_134_013.mp3","qpc_uthmani_hafs":"وَلَا","char_type_name":"word","page_number":20,"line_number":15,"text":"ﰀ","translation":{"text":"And not","language_name":"english","language_id":38},"transliteration":{"text":"walā","language_name":"english","language_id":38}},{"id":78431,"position":12,"audio_url":"wbw/002_134_014.mp3","qpc_uthmani_hafs":"تُسۡـَٔلُونَ","char_type_name":"word","page_number":20,"line_number":15,"text":"ﰁ","translation":{"text":"you will be asked","language_name":"english","language_id":38},"transliteration":{"text":"tus'alūna","language_name":"english","language_id":38}},{"id":78432,"position":13,"audio_url":"wbw/002_134_015.mp3","qpc_uthmani_hafs":"عَمَّا","char_type_name":"word","page_number":20,"line_number":15,"text":"ﰂ","translation":{"text":"about what","language_name":"english","language_id":38},"transliteration":{"text":"ʿammā","language_name":"english","language_id":38}},{"id":78433,"position":14,"audio_url":"wbw/002_134_016.mp3","qpc_uthmani_hafs":"كَانُواْ","char_type_name":"word","page_number":20,"line_number":15,"text":"ﰃ","translation":{"text":"they used to","language_name":"english","language_id":38},"transliteration":{"text":"kānū","language_name":"english","language_id":38}},{"id":78434,"position":15,"audio_url":"wbw/002_134_017.mp3","qpc_uthmani_hafs":"يَعۡمَلُونَ","char_type_name":"word","page_number":20,"line_number":15,"text":"ﰄ","translation":{"text":"do","language_name":"english","language_id":38},"transliteration":{"text":"yaʿmalūna","language_name":"english","language_id":38}},{"id":78435,"position":16,"audio_url":null,"qpc_uthmani_hafs":"١٣٤","char_type_name":"end","page_number":20,"line_number":15,"text":"ﰅ","translation":{"text":"(134)","language_name":"english","language_id":38},"transliteration":{"text":null,"language_name":"english","language_id":38}}],"translations":[{"id":916570,"resource_id":134,"text":"Itu adalah umat yang lalu; baginya apa yang telah diusahakannya dan bagimu apa yang sudah kamu usahakan; dan kamu tidak akan diminta pertanggungan jawab tentang apa yang telah mereka kerjakan."}]}],"pagination":{"per_page":50,"current_page":1,"next_page":null,"total_pages":1,"total_records":8}}