{"verses":[{"id":1329,"verse_number":94,"verse_key":"9:94","juz_number":11,"hizb_number":21,"rub_el_hizb_number":81,"ruku_number":167,"manzil_number":2,"sajdah_number":null,"text_uthmani":"يَعْتَذِرُونَ إِلَيْكُمْ إِذَا رَجَعْتُمْ إِلَيْهِمْ ۚ قُل لَّا تَعْتَذِرُوا۟ لَن نُّؤْمِنَ لَكُمْ قَدْ نَبَّأَنَا ٱللَّهُ مِنْ أَخْبَارِكُمْ ۚ وَسَيَرَى ٱللَّهُ عَمَلَكُمْ وَرَسُولُهُۥ ثُمَّ تُرَدُّونَ إِلَىٰ عَـٰلِمِ ٱلْغَيْبِ وَٱلشَّهَـٰدَةِ فَيُنَبِّئُكُم بِمَا كُنتُمْ تَعْمَلُونَ","page_number":202,"words":[{"id":69481,"position":1,"audio_url":"wbw/009_094_001.mp3","qpc_uthmani_hafs":"يَعۡتَذِرُونَ","char_type_name":"word","page_number":202,"line_number":1,"text":"ﭑ","translation":{"text":"They will make excuses","language_name":"english","language_id":38},"transliteration":{"text":"yaʿtadhirūna","language_name":"english","language_id":38}},{"id":69482,"position":2,"audio_url":"wbw/009_094_002.mp3","qpc_uthmani_hafs":"إِلَيۡكُمۡ","char_type_name":"word","page_number":202,"line_number":1,"text":"ﭒ","translation":{"text":"to you","language_name":"english","language_id":38},"transliteration":{"text":"ilaykum","language_name":"english","language_id":38}},{"id":69483,"position":3,"audio_url":"wbw/009_094_003.mp3","qpc_uthmani_hafs":"إِذَا","char_type_name":"word","page_number":202,"line_number":1,"text":"ﭓ","translation":{"text":"when","language_name":"english","language_id":38},"transliteration":{"text":"idhā","language_name":"english","language_id":38}},{"id":69484,"position":4,"audio_url":"wbw/009_094_004.mp3","qpc_uthmani_hafs":"رَجَعۡتُمۡ","char_type_name":"word","page_number":202,"line_number":1,"text":"ﭔ","translation":{"text":"you (have) returned","language_name":"english","language_id":38},"transliteration":{"text":"rajaʿtum","language_name":"english","language_id":38}},{"id":69485,"position":5,"audio_url":"wbw/009_094_005.mp3","qpc_uthmani_hafs":"إِلَيۡهِمۡۚ","char_type_name":"word","page_number":202,"line_number":1,"text":"ﭕﭖ","translation":{"text":"to them","language_name":"english","language_id":38},"transliteration":{"text":"ilayhim","language_name":"english","language_id":38}},{"id":69487,"position":6,"audio_url":"wbw/009_094_007.mp3","qpc_uthmani_hafs":"قُل","char_type_name":"word","page_number":202,"line_number":1,"text":"ﭗ","translation":{"text":"Say","language_name":"english","language_id":38},"transliteration":{"text":"qul","language_name":"english","language_id":38}},{"id":69488,"position":7,"audio_url":"wbw/009_094_008.mp3","qpc_uthmani_hafs":"لَّا","char_type_name":"word","page_number":202,"line_number":1,"text":"ﭘ","translation":{"text":"(Do) not","language_name":"english","language_id":38},"transliteration":{"text":"lā","language_name":"english","language_id":38}},{"id":69489,"position":8,"audio_url":"wbw/009_094_009.mp3","qpc_uthmani_hafs":"تَعۡتَذِرُواْ","char_type_name":"word","page_number":202,"line_number":1,"text":"ﭙ","translation":{"text":"make excuse","language_name":"english","language_id":38},"transliteration":{"text":"taʿtadhirū","language_name":"english","language_id":38}},{"id":69490,"position":9,"audio_url":"wbw/009_094_010.mp3","qpc_uthmani_hafs":"لَن","char_type_name":"word","page_number":202,"line_number":1,"text":"ﭚ","translation":{"text":"never","language_name":"english","language_id":38},"transliteration":{"text":"lan","language_name":"english","language_id":38}},{"id":69491,"position":10,"audio_url":"wbw/009_094_011.mp3","qpc_uthmani_hafs":"نُّؤۡمِنَ","char_type_name":"word","page_number":202,"line_number":2,"text":"ﭛ","translation":{"text":"we will believe","language_name":"english","language_id":38},"transliteration":{"text":"nu'mina","language_name":"english","language_id":38}},{"id":69492,"position":11,"audio_url":"wbw/009_094_012.mp3","qpc_uthmani_hafs":"لَكُمۡ","char_type_name":"word","page_number":202,"line_number":2,"text":"ﭜ","translation":{"text":"you","language_name":"english","language_id":38},"transliteration":{"text":"lakum","language_name":"english","language_id":38}},{"id":69493,"position":12,"audio_url":"wbw/009_094_013.mp3","qpc_uthmani_hafs":"قَدۡ","char_type_name":"word","page_number":202,"line_number":2,"text":"ﭝ","translation":{"text":"Verily","language_name":"english","language_id":38},"transliteration":{"text":"qad","language_name":"english","language_id":38}},{"id":69494,"position":13,"audio_url":"wbw/009_094_014.mp3","qpc_uthmani_hafs":"نَبَّأَنَا","char_type_name":"word","page_number":202,"line_number":2,"text":"ﭞ","translation":{"text":"Allah (has) informed us","language_name":"english","language_id":38},"transliteration":{"text":"nabba-anā","language_name":"english","language_id":38}},{"id":69495,"position":14,"audio_url":"wbw/009_094_015.mp3","qpc_uthmani_hafs":"ٱللَّهُ","char_type_name":"word","page_number":202,"line_number":2,"text":"ﭟ","translation":{"text":"Allah (has) informed us","language_name":"english","language_id":38},"transliteration":{"text":"l-lahu","language_name":"english","language_id":38}},{"id":69496,"position":15,"audio_url":"wbw/009_094_016.mp3","qpc_uthmani_hafs":"مِنۡ","char_type_name":"word","page_number":202,"line_number":2,"text":"ﭠ","translation":{"text":"of","language_name":"english","language_id":38},"transliteration":{"text":"min","language_name":"english","language_id":38}},{"id":69497,"position":16,"audio_url":"wbw/009_094_017.mp3","qpc_uthmani_hafs":"أَخۡبَارِكُمۡۚ","char_type_name":"word","page_number":202,"line_number":2,"text":"ﭡﭢ","translation":{"text":"your news","language_name":"english","language_id":38},"transliteration":{"text":"akhbārikum","language_name":"english","language_id":38}},{"id":69499,"position":17,"audio_url":"wbw/009_094_019.mp3","qpc_uthmani_hafs":"وَسَيَرَى","char_type_name":"word","page_number":202,"line_number":2,"text":"ﭣ","translation":{"text":"and Allah will see","language_name":"english","language_id":38},"transliteration":{"text":"wasayarā","language_name":"english","language_id":38}},{"id":69500,"position":18,"audio_url":"wbw/009_094_020.mp3","qpc_uthmani_hafs":"ٱللَّهُ","char_type_name":"word","page_number":202,"line_number":3,"text":"ﭤ","translation":{"text":"and Allah will see","language_name":"english","language_id":38},"transliteration":{"text":"l-lahu","language_name":"english","language_id":38}},{"id":69501,"position":19,"audio_url":"wbw/009_094_021.mp3","qpc_uthmani_hafs":"عَمَلَكُمۡ","char_type_name":"word","page_number":202,"line_number":3,"text":"ﭥ","translation":{"text":"your deeds","language_name":"english","language_id":38},"transliteration":{"text":"ʿamalakum","language_name":"english","language_id":38}},{"id":69502,"position":20,"audio_url":"wbw/009_094_022.mp3","qpc_uthmani_hafs":"وَرَسُولُهُۥ","char_type_name":"word","page_number":202,"line_number":3,"text":"ﭦ","translation":{"text":"and His Messenger","language_name":"english","language_id":38},"transliteration":{"text":"warasūluhu","language_name":"english","language_id":38}},{"id":69503,"position":21,"audio_url":"wbw/009_094_023.mp3","qpc_uthmani_hafs":"ثُمَّ","char_type_name":"word","page_number":202,"line_number":3,"text":"ﭧ","translation":{"text":"Then","language_name":"english","language_id":38},"transliteration":{"text":"thumma","language_name":"english","language_id":38}},{"id":69504,"position":22,"audio_url":"wbw/009_094_024.mp3","qpc_uthmani_hafs":"تُرَدُّونَ","char_type_name":"word","page_number":202,"line_number":3,"text":"ﭨ","translation":{"text":"you will be brought back","language_name":"english","language_id":38},"transliteration":{"text":"turaddūna","language_name":"english","language_id":38}},{"id":69505,"position":23,"audio_url":"wbw/009_094_025.mp3","qpc_uthmani_hafs":"إِلَىٰ","char_type_name":"word","page_number":202,"line_number":3,"text":"ﭩ","translation":{"text":"to","language_name":"english","language_id":38},"transliteration":{"text":"ilā","language_name":"english","language_id":38}},{"id":69506,"position":24,"audio_url":"wbw/009_094_026.mp3","qpc_uthmani_hafs":"عَٰلِمِ","char_type_name":"word","page_number":202,"line_number":3,"text":"ﭪ","translation":{"text":"(the) Knower","language_name":"english","language_id":38},"transliteration":{"text":"ʿālimi","language_name":"english","language_id":38}},{"id":69507,"position":25,"audio_url":"wbw/009_094_027.mp3","qpc_uthmani_hafs":"ٱلۡغَيۡبِ","char_type_name":"word","page_number":202,"line_number":3,"text":"ﭫ","translation":{"text":"(of) the unseen","language_name":"english","language_id":38},"transliteration":{"text":"l-ghaybi","language_name":"english","language_id":38}},{"id":69508,"position":26,"audio_url":"wbw/009_094_028.mp3","qpc_uthmani_hafs":"وَٱلشَّهَٰدَةِ","char_type_name":"word","page_number":202,"line_number":4,"text":"ﭬ","translation":{"text":"and the seen","language_name":"english","language_id":38},"transliteration":{"text":"wal-shahādati","language_name":"english","language_id":38}},{"id":69509,"position":27,"audio_url":"wbw/009_094_029.mp3","qpc_uthmani_hafs":"فَيُنَبِّئُكُم","char_type_name":"word","page_number":202,"line_number":4,"text":"ﭭ","translation":{"text":"then He will inform you","language_name":"english","language_id":38},"transliteration":{"text":"fayunabbi-ukum","language_name":"english","language_id":38}},{"id":69510,"position":28,"audio_url":"wbw/009_094_030.mp3","qpc_uthmani_hafs":"بِمَا","char_type_name":"word","page_number":202,"line_number":4,"text":"ﭮ","translation":{"text":"of what","language_name":"english","language_id":38},"transliteration":{"text":"bimā","language_name":"english","language_id":38}},{"id":69511,"position":29,"audio_url":"wbw/009_094_031.mp3","qpc_uthmani_hafs":"كُنتُمۡ","char_type_name":"word","page_number":202,"line_number":4,"text":"ﭯ","translation":{"text":"you used (to)","language_name":"english","language_id":38},"transliteration":{"text":"kuntum","language_name":"english","language_id":38}},{"id":69512,"position":30,"audio_url":"wbw/009_094_032.mp3","qpc_uthmani_hafs":"تَعۡمَلُونَ","char_type_name":"word","page_number":202,"line_number":4,"text":"ﭰ","translation":{"text":"do","language_name":"english","language_id":38},"transliteration":{"text":"taʿmalūna","language_name":"english","language_id":38}},{"id":69513,"position":31,"audio_url":null,"qpc_uthmani_hafs":"٩٤","char_type_name":"end","page_number":202,"line_number":4,"text":"ﭱ","translation":{"text":"(94)","language_name":"english","language_id":38},"transliteration":{"text":null,"language_name":"english","language_id":38}}],"translations":[{"id":917758,"resource_id":134,"text":"Mereka (orang-orang munafik) mengemukakan uzurnya kepadamu, apabila kamu telah kembali kepada mereka (dari medan perang).  Katakanlah, \"Janganlah kamu mengemukakan uzur; kami tidak percaya lagi kepadamu (karena) sesungguhnya Allah telah memberitahukan kepada kami beritamu yang sebenarnya.  Dan Allah serta rasul-Nya akan melihat pekerjaanmu, kemudian kamu dikembalikan kepada yang mengetahui yang gaib dan yang nyata, lalu Dia memberitakan kepadamu apa yang telah kamu kerjakan\"."}]},{"id":1330,"verse_number":95,"verse_key":"9:95","juz_number":11,"hizb_number":21,"rub_el_hizb_number":81,"ruku_number":167,"manzil_number":2,"sajdah_number":null,"text_uthmani":"سَيَحْلِفُونَ بِٱللَّهِ لَكُمْ إِذَا ٱنقَلَبْتُمْ إِلَيْهِمْ لِتُعْرِضُوا۟ عَنْهُمْ ۖ فَأَعْرِضُوا۟ عَنْهُمْ ۖ إِنَّهُمْ رِجْسٌ ۖ وَمَأْوَىٰهُمْ جَهَنَّمُ جَزَآءًۢ بِمَا كَانُوا۟ يَكْسِبُونَ","page_number":202,"words":[{"id":69794,"position":1,"audio_url":"wbw/009_095_001.mp3","qpc_uthmani_hafs":"سَيَحۡلِفُونَ","char_type_name":"word","page_number":202,"line_number":4,"text":"ﭲ","translation":{"text":"They will swear","language_name":"english","language_id":38},"transliteration":{"text":"sayaḥlifūna","language_name":"english","language_id":38}},{"id":69795,"position":2,"audio_url":"wbw/009_095_002.mp3","qpc_uthmani_hafs":"بِٱللَّهِ","char_type_name":"word","page_number":202,"line_number":5,"text":"ﭳ","translation":{"text":"by Allah","language_name":"english","language_id":38},"transliteration":{"text":"bil-lahi","language_name":"english","language_id":38}},{"id":69796,"position":3,"audio_url":"wbw/009_095_003.mp3","qpc_uthmani_hafs":"لَكُمۡ","char_type_name":"word","page_number":202,"line_number":5,"text":"ﭴ","translation":{"text":"to you","language_name":"english","language_id":38},"transliteration":{"text":"lakum","language_name":"english","language_id":38}},{"id":69797,"position":4,"audio_url":"wbw/009_095_004.mp3","qpc_uthmani_hafs":"إِذَا","char_type_name":"word","page_number":202,"line_number":5,"text":"ﭵ","translation":{"text":"when","language_name":"english","language_id":38},"transliteration":{"text":"idhā","language_name":"english","language_id":38}},{"id":69798,"position":5,"audio_url":"wbw/009_095_005.mp3","qpc_uthmani_hafs":"ٱنقَلَبۡتُمۡ","char_type_name":"word","page_number":202,"line_number":5,"text":"ﭶ","translation":{"text":"you returned","language_name":"english","language_id":38},"transliteration":{"text":"inqalabtum","language_name":"english","language_id":38}},{"id":69799,"position":6,"audio_url":"wbw/009_095_006.mp3","qpc_uthmani_hafs":"إِلَيۡهِمۡ","char_type_name":"word","page_number":202,"line_number":5,"text":"ﭷ","translation":{"text":"to them","language_name":"english","language_id":38},"transliteration":{"text":"ilayhim","language_name":"english","language_id":38}},{"id":69800,"position":7,"audio_url":"wbw/009_095_007.mp3","qpc_uthmani_hafs":"لِتُعۡرِضُواْ","char_type_name":"word","page_number":202,"line_number":5,"text":"ﭸ","translation":{"text":"that you may turn away","language_name":"english","language_id":38},"transliteration":{"text":"lituʿ'riḍū","language_name":"english","language_id":38}},{"id":69801,"position":8,"audio_url":"wbw/009_095_008.mp3","qpc_uthmani_hafs":"عَنۡهُمۡۖ","char_type_name":"word","page_number":202,"line_number":5,"text":"ﭹﭺ","translation":{"text":"from them","language_name":"english","language_id":38},"transliteration":{"text":"ʿanhum","language_name":"english","language_id":38}},{"id":69803,"position":9,"audio_url":"wbw/009_095_010.mp3","qpc_uthmani_hafs":"فَأَعۡرِضُواْ","char_type_name":"word","page_number":202,"line_number":5,"text":"ﭻ","translation":{"text":"So turn away","language_name":"english","language_id":38},"transliteration":{"text":"fa-aʿriḍū","language_name":"english","language_id":38}},{"id":69804,"position":10,"audio_url":"wbw/009_095_011.mp3","qpc_uthmani_hafs":"عَنۡهُمۡۖ","char_type_name":"word","page_number":202,"line_number":6,"text":"ﭼﭽ","translation":{"text":"from them","language_name":"english","language_id":38},"transliteration":{"text":"ʿanhum","language_name":"english","language_id":38}},{"id":69806,"position":11,"audio_url":"wbw/009_095_013.mp3","qpc_uthmani_hafs":"إِنَّهُمۡ","char_type_name":"word","page_number":202,"line_number":6,"text":"ﭾ","translation":{"text":"indeed, they","language_name":"english","language_id":38},"transliteration":{"text":"innahum","language_name":"english","language_id":38}},{"id":69807,"position":12,"audio_url":"wbw/009_095_014.mp3","qpc_uthmani_hafs":"رِجۡسٞۖ","char_type_name":"word","page_number":202,"line_number":6,"text":"ﭿﮀ","translation":{"text":"(are) impure","language_name":"english","language_id":38},"transliteration":{"text":"rij'sun","language_name":"english","language_id":38}},{"id":69809,"position":13,"audio_url":"wbw/009_095_016.mp3","qpc_uthmani_hafs":"وَمَأۡوَىٰهُمۡ","char_type_name":"word","page_number":202,"line_number":6,"text":"ﮁ","translation":{"text":"and their abode","language_name":"english","language_id":38},"transliteration":{"text":"wamawāhum","language_name":"english","language_id":38}},{"id":69810,"position":14,"audio_url":"wbw/009_095_017.mp3","qpc_uthmani_hafs":"جَهَنَّمُ","char_type_name":"word","page_number":202,"line_number":6,"text":"ﮂ","translation":{"text":"(is) Hell","language_name":"english","language_id":38},"transliteration":{"text":"jahannamu","language_name":"english","language_id":38}},{"id":69811,"position":15,"audio_url":"wbw/009_095_018.mp3","qpc_uthmani_hafs":"جَزَآءَۢ","char_type_name":"word","page_number":202,"line_number":6,"text":"ﮃ","translation":{"text":"a recompense","language_name":"english","language_id":38},"transliteration":{"text":"jazāan","language_name":"english","language_id":38}},{"id":69812,"position":16,"audio_url":"wbw/009_095_019.mp3","qpc_uthmani_hafs":"بِمَا","char_type_name":"word","page_number":202,"line_number":6,"text":"ﮄ","translation":{"text":"for what","language_name":"english","language_id":38},"transliteration":{"text":"bimā","language_name":"english","language_id":38}},{"id":69813,"position":17,"audio_url":"wbw/009_095_020.mp3","qpc_uthmani_hafs":"كَانُواْ","char_type_name":"word","page_number":202,"line_number":6,"text":"ﮅ","translation":{"text":"they used (to)","language_name":"english","language_id":38},"transliteration":{"text":"kānū","language_name":"english","language_id":38}},{"id":69814,"position":18,"audio_url":"wbw/009_095_021.mp3","qpc_uthmani_hafs":"يَكۡسِبُونَ","char_type_name":"word","page_number":202,"line_number":7,"text":"ﮆ","translation":{"text":"earn","language_name":"english","language_id":38},"transliteration":{"text":"yaksibūna","language_name":"english","language_id":38}},{"id":69815,"position":19,"audio_url":null,"qpc_uthmani_hafs":"٩٥","char_type_name":"end","page_number":202,"line_number":7,"text":"ﮇ","translation":{"text":"(95)","language_name":"english","language_id":38},"transliteration":{"text":null,"language_name":"english","language_id":38}}],"translations":[{"id":917759,"resource_id":134,"text":"Kelak mereka akan bersumpah kepadamu dengan nama Allah, apabila kamu kembali kepada mereka <sup foot_note=210424>1</sup> supaya kamu berpaling dari mereka.  Maka berpalinglah dari mereka karena sesungguhnya mereka itu adalah najis dan tempat mereka Jahanam sebagai balasan atas apa yang telah mereka kerjakan."}]},{"id":1331,"verse_number":96,"verse_key":"9:96","juz_number":11,"hizb_number":21,"rub_el_hizb_number":81,"ruku_number":167,"manzil_number":2,"sajdah_number":null,"text_uthmani":"يَحْلِفُونَ لَكُمْ لِتَرْضَوْا۟ عَنْهُمْ ۖ فَإِن تَرْضَوْا۟ عَنْهُمْ فَإِنَّ ٱللَّهَ لَا يَرْضَىٰ عَنِ ٱلْقَوْمِ ٱلْفَـٰسِقِينَ","page_number":202,"words":[{"id":70110,"position":1,"audio_url":"wbw/009_096_001.mp3","qpc_uthmani_hafs":"يَحۡلِفُونَ","char_type_name":"word","page_number":202,"line_number":7,"text":"ﮈ","translation":{"text":"They swear","language_name":"english","language_id":38},"transliteration":{"text":"yaḥlifūna","language_name":"english","language_id":38}},{"id":70111,"position":2,"audio_url":"wbw/009_096_002.mp3","qpc_uthmani_hafs":"لَكُمۡ","char_type_name":"word","page_number":202,"line_number":7,"text":"ﮉ","translation":{"text":"to you","language_name":"english","language_id":38},"transliteration":{"text":"lakum","language_name":"english","language_id":38}},{"id":70112,"position":3,"audio_url":"wbw/009_096_003.mp3","qpc_uthmani_hafs":"لِتَرۡضَوۡاْ","char_type_name":"word","page_number":202,"line_number":7,"text":"ﮊ","translation":{"text":"that you may be pleased","language_name":"english","language_id":38},"transliteration":{"text":"litarḍaw","language_name":"english","language_id":38}},{"id":70113,"position":4,"audio_url":"wbw/009_096_004.mp3","qpc_uthmani_hafs":"عَنۡهُمۡۖ","char_type_name":"word","page_number":202,"line_number":7,"text":"ﮋﮌ","translation":{"text":"with them","language_name":"english","language_id":38},"transliteration":{"text":"ʿanhum","language_name":"english","language_id":38}},{"id":70115,"position":5,"audio_url":"wbw/009_096_006.mp3","qpc_uthmani_hafs":"فَإِن","char_type_name":"word","page_number":202,"line_number":7,"text":"ﮍ","translation":{"text":"But if","language_name":"english","language_id":38},"transliteration":{"text":"fa-in","language_name":"english","language_id":38}},{"id":70116,"position":6,"audio_url":"wbw/009_096_007.mp3","qpc_uthmani_hafs":"تَرۡضَوۡاْ","char_type_name":"word","page_number":202,"line_number":8,"text":"ﮎ","translation":{"text":"you are pleased","language_name":"english","language_id":38},"transliteration":{"text":"tarḍaw","language_name":"english","language_id":38}},{"id":70117,"position":7,"audio_url":"wbw/009_096_008.mp3","qpc_uthmani_hafs":"عَنۡهُمۡ","char_type_name":"word","page_number":202,"line_number":8,"text":"ﮏ","translation":{"text":"with them","language_name":"english","language_id":38},"transliteration":{"text":"ʿanhum","language_name":"english","language_id":38}},{"id":70118,"position":8,"audio_url":"wbw/009_096_009.mp3","qpc_uthmani_hafs":"فَإِنَّ","char_type_name":"word","page_number":202,"line_number":8,"text":"ﮐ","translation":{"text":"then indeed","language_name":"english","language_id":38},"transliteration":{"text":"fa-inna","language_name":"english","language_id":38}},{"id":70119,"position":9,"audio_url":"wbw/009_096_010.mp3","qpc_uthmani_hafs":"ٱللَّهَ","char_type_name":"word","page_number":202,"line_number":8,"text":"ﮑ","translation":{"text":"Allah","language_name":"english","language_id":38},"transliteration":{"text":"l-laha","language_name":"english","language_id":38}},{"id":70120,"position":10,"audio_url":"wbw/009_096_011.mp3","qpc_uthmani_hafs":"لَا","char_type_name":"word","page_number":202,"line_number":8,"text":"ﮒ","translation":{"text":"(is) not pleased","language_name":"english","language_id":38},"transliteration":{"text":"lā","language_name":"english","language_id":38}},{"id":70121,"position":11,"audio_url":"wbw/009_096_012.mp3","qpc_uthmani_hafs":"يَرۡضَىٰ","char_type_name":"word","page_number":202,"line_number":8,"text":"ﮓ","translation":{"text":"(is) not pleased","language_name":"english","language_id":38},"transliteration":{"text":"yarḍā","language_name":"english","language_id":38}},{"id":70122,"position":12,"audio_url":"wbw/009_096_013.mp3","qpc_uthmani_hafs":"عَنِ","char_type_name":"word","page_number":202,"line_number":8,"text":"ﮔ","translation":{"text":"with","language_name":"english","language_id":38},"transliteration":{"text":"ʿani","language_name":"english","language_id":38}},{"id":70123,"position":13,"audio_url":"wbw/009_096_014.mp3","qpc_uthmani_hafs":"ٱلۡقَوۡمِ","char_type_name":"word","page_number":202,"line_number":8,"text":"ﮕ","translation":{"text":"the people","language_name":"english","language_id":38},"transliteration":{"text":"l-qawmi","language_name":"english","language_id":38}},{"id":70124,"position":14,"audio_url":"wbw/009_096_015.mp3","qpc_uthmani_hafs":"ٱلۡفَٰسِقِينَ","char_type_name":"word","page_number":202,"line_number":8,"text":"ﮖ","translation":{"text":"(who are) defiantly disobedient","language_name":"english","language_id":38},"transliteration":{"text":"l-fāsiqīna","language_name":"english","language_id":38}},{"id":70125,"position":15,"audio_url":null,"qpc_uthmani_hafs":"٩٦","char_type_name":"end","page_number":202,"line_number":9,"text":"ﮗ","translation":{"text":"(96)","language_name":"english","language_id":38},"transliteration":{"text":null,"language_name":"english","language_id":38}}],"translations":[{"id":917760,"resource_id":134,"text":"Mereka akan bersumpah kepadamu agar kamu rida kepada mereka.  Tetapi jika sekiranya kamu rida kepada mereka, maka sesungguhnya Allah tidak rida kepada orang-orang yang fasik itu."}]},{"id":1332,"verse_number":97,"verse_key":"9:97","juz_number":11,"hizb_number":21,"rub_el_hizb_number":81,"ruku_number":167,"manzil_number":2,"sajdah_number":null,"text_uthmani":"ٱلْأَعْرَابُ أَشَدُّ كُفْرًا وَنِفَاقًا وَأَجْدَرُ أَلَّا يَعْلَمُوا۟ حُدُودَ مَآ أَنزَلَ ٱللَّهُ عَلَىٰ رَسُولِهِۦ ۗ وَٱللَّهُ عَلِيمٌ حَكِيمٌ","page_number":202,"words":[{"id":70257,"position":1,"audio_url":"wbw/009_097_001.mp3","qpc_uthmani_hafs":"ٱلۡأَعۡرَابُ","char_type_name":"word","page_number":202,"line_number":9,"text":"ﮘ","translation":{"text":"The bedouins","language_name":"english","language_id":38},"transliteration":{"text":"al-aʿrābu","language_name":"english","language_id":38}},{"id":70258,"position":2,"audio_url":"wbw/009_097_002.mp3","qpc_uthmani_hafs":"أَشَدُّ","char_type_name":"word","page_number":202,"line_number":9,"text":"ﮙ","translation":{"text":"(are) stronger","language_name":"english","language_id":38},"transliteration":{"text":"ashaddu","language_name":"english","language_id":38}},{"id":70259,"position":3,"audio_url":"wbw/009_097_003.mp3","qpc_uthmani_hafs":"كُفۡرٗا","char_type_name":"word","page_number":202,"line_number":9,"text":"ﮚ","translation":{"text":"(in) disbelief","language_name":"english","language_id":38},"transliteration":{"text":"kuf'ran","language_name":"english","language_id":38}},{"id":70260,"position":4,"audio_url":"wbw/009_097_004.mp3","qpc_uthmani_hafs":"وَنِفَاقٗا","char_type_name":"word","page_number":202,"line_number":9,"text":"ﮛ","translation":{"text":"and hypocrisy","language_name":"english","language_id":38},"transliteration":{"text":"wanifāqan","language_name":"english","language_id":38}},{"id":70261,"position":5,"audio_url":"wbw/009_097_005.mp3","qpc_uthmani_hafs":"وَأَجۡدَرُ","char_type_name":"word","page_number":202,"line_number":9,"text":"ﮜ","translation":{"text":"and more likely","language_name":"english","language_id":38},"transliteration":{"text":"wa-ajdaru","language_name":"english","language_id":38}},{"id":70262,"position":6,"audio_url":"wbw/009_097_006.mp3","qpc_uthmani_hafs":"أَلَّا","char_type_name":"word","page_number":202,"line_number":9,"text":"ﮝ","translation":{"text":"that not","language_name":"english","language_id":38},"transliteration":{"text":"allā","language_name":"english","language_id":38}},{"id":70263,"position":7,"audio_url":"wbw/009_097_007.mp3","qpc_uthmani_hafs":"يَعۡلَمُواْ","char_type_name":"word","page_number":202,"line_number":9,"text":"ﮞ","translation":{"text":"they know","language_name":"english","language_id":38},"transliteration":{"text":"yaʿlamū","language_name":"english","language_id":38}},{"id":70264,"position":8,"audio_url":"wbw/009_097_008.mp3","qpc_uthmani_hafs":"حُدُودَ","char_type_name":"word","page_number":202,"line_number":10,"text":"ﮟ","translation":{"text":"(the) limits","language_name":"english","language_id":38},"transliteration":{"text":"ḥudūda","language_name":"english","language_id":38}},{"id":70265,"position":9,"audio_url":"wbw/009_097_009.mp3","qpc_uthmani_hafs":"مَآ","char_type_name":"word","page_number":202,"line_number":10,"text":"ﮠ","translation":{"text":"(of) what","language_name":"english","language_id":38},"transliteration":{"text":"mā","language_name":"english","language_id":38}},{"id":70266,"position":10,"audio_url":"wbw/009_097_010.mp3","qpc_uthmani_hafs":"أَنزَلَ","char_type_name":"word","page_number":202,"line_number":10,"text":"ﮡ","translation":{"text":"Allah (has) revealed","language_name":"english","language_id":38},"transliteration":{"text":"anzala","language_name":"english","language_id":38}},{"id":70267,"position":11,"audio_url":"wbw/009_097_011.mp3","qpc_uthmani_hafs":"ٱللَّهُ","char_type_name":"word","page_number":202,"line_number":10,"text":"ﮢ","translation":{"text":"Allah (has) revealed","language_name":"english","language_id":38},"transliteration":{"text":"l-lahu","language_name":"english","language_id":38}},{"id":70268,"position":12,"audio_url":"wbw/009_097_012.mp3","qpc_uthmani_hafs":"عَلَىٰ","char_type_name":"word","page_number":202,"line_number":10,"text":"ﮣ","translation":{"text":"to","language_name":"english","language_id":38},"transliteration":{"text":"ʿalā","language_name":"english","language_id":38}},{"id":70269,"position":13,"audio_url":"wbw/009_097_013.mp3","qpc_uthmani_hafs":"رَسُولِهِۦۗ","char_type_name":"word","page_number":202,"line_number":10,"text":"ﮤﮥ","translation":{"text":"His Messenger","language_name":"english","language_id":38},"transliteration":{"text":"rasūlihi","language_name":"english","language_id":38}},{"id":70271,"position":14,"audio_url":"wbw/009_097_015.mp3","qpc_uthmani_hafs":"وَٱللَّهُ","char_type_name":"word","page_number":202,"line_number":10,"text":"ﮦ","translation":{"text":"And Allah","language_name":"english","language_id":38},"transliteration":{"text":"wal-lahu","language_name":"english","language_id":38}},{"id":70272,"position":15,"audio_url":"wbw/009_097_016.mp3","qpc_uthmani_hafs":"عَلِيمٌ","char_type_name":"word","page_number":202,"line_number":10,"text":"ﮧ","translation":{"text":"(is) All-Knower","language_name":"english","language_id":38},"transliteration":{"text":"ʿalīmun","language_name":"english","language_id":38}},{"id":70273,"position":16,"audio_url":"wbw/009_097_017.mp3","qpc_uthmani_hafs":"حَكِيمٞ","char_type_name":"word","page_number":202,"line_number":10,"text":"ﮨ","translation":{"text":"All-Wise","language_name":"english","language_id":38},"transliteration":{"text":"ḥakīmun","language_name":"english","language_id":38}},{"id":70274,"position":17,"audio_url":null,"qpc_uthmani_hafs":"٩٧","char_type_name":"end","page_number":202,"line_number":10,"text":"ﮩ","translation":{"text":"(97)","language_name":"english","language_id":38},"transliteration":{"text":null,"language_name":"english","language_id":38}}],"translations":[{"id":917761,"resource_id":134,"text":"Orang-orang Arab Badui itu <sup foot_note=210425>1</sup> lebih sangat kekafiran dan kemunafikannya dan lebih wajar tidak mengetahui hukum-hukum yang diturunkan Allah kepada rasul-Nya.  Dan Allah Maha Mengetahui lagi Maha Bijaksana."}]},{"id":1333,"verse_number":98,"verse_key":"9:98","juz_number":11,"hizb_number":21,"rub_el_hizb_number":81,"ruku_number":167,"manzil_number":2,"sajdah_number":null,"text_uthmani":"وَمِنَ ٱلْأَعْرَابِ مَن يَتَّخِذُ مَا يُنفِقُ مَغْرَمًا وَيَتَرَبَّصُ بِكُمُ ٱلدَّوَآئِرَ ۚ عَلَيْهِمْ دَآئِرَةُ ٱلسَّوْءِ ۗ وَٱللَّهُ سَمِيعٌ عَلِيمٌ","page_number":202,"words":[{"id":70701,"position":1,"audio_url":"wbw/009_098_001.mp3","qpc_uthmani_hafs":"وَمِنَ","char_type_name":"word","page_number":202,"line_number":10,"text":"ﮪ","translation":{"text":"And among","language_name":"english","language_id":38},"transliteration":{"text":"wamina","language_name":"english","language_id":38}},{"id":70702,"position":2,"audio_url":"wbw/009_098_002.mp3","qpc_uthmani_hafs":"ٱلۡأَعۡرَابِ","char_type_name":"word","page_number":202,"line_number":11,"text":"ﮫ","translation":{"text":"the bedouins","language_name":"english","language_id":38},"transliteration":{"text":"l-aʿrābi","language_name":"english","language_id":38}},{"id":70703,"position":3,"audio_url":"wbw/009_098_003.mp3","qpc_uthmani_hafs":"مَن","char_type_name":"word","page_number":202,"line_number":11,"text":"ﮬ","translation":{"text":"(is he) who","language_name":"english","language_id":38},"transliteration":{"text":"man","language_name":"english","language_id":38}},{"id":70704,"position":4,"audio_url":"wbw/009_098_004.mp3","qpc_uthmani_hafs":"يَتَّخِذُ","char_type_name":"word","page_number":202,"line_number":11,"text":"ﮭ","translation":{"text":"takes","language_name":"english","language_id":38},"transliteration":{"text":"yattakhidhu","language_name":"english","language_id":38}},{"id":70705,"position":5,"audio_url":"wbw/009_098_005.mp3","qpc_uthmani_hafs":"مَا","char_type_name":"word","page_number":202,"line_number":11,"text":"ﮮ","translation":{"text":"what","language_name":"english","language_id":38},"transliteration":{"text":"mā","language_name":"english","language_id":38}},{"id":70706,"position":6,"audio_url":"wbw/009_098_006.mp3","qpc_uthmani_hafs":"يُنفِقُ","char_type_name":"word","page_number":202,"line_number":11,"text":"ﮯ","translation":{"text":"he spends","language_name":"english","language_id":38},"transliteration":{"text":"yunfiqu","language_name":"english","language_id":38}},{"id":70707,"position":7,"audio_url":"wbw/009_098_007.mp3","qpc_uthmani_hafs":"مَغۡرَمٗا","char_type_name":"word","page_number":202,"line_number":11,"text":"ﮰ","translation":{"text":"(as) a loss","language_name":"english","language_id":38},"transliteration":{"text":"maghraman","language_name":"english","language_id":38}},{"id":70708,"position":8,"audio_url":"wbw/009_098_008.mp3","qpc_uthmani_hafs":"وَيَتَرَبَّصُ","char_type_name":"word","page_number":202,"line_number":11,"text":"ﮱ","translation":{"text":"and he awaits","language_name":"english","language_id":38},"transliteration":{"text":"wayatarabbaṣu","language_name":"english","language_id":38}},{"id":70709,"position":9,"audio_url":"wbw/009_098_009.mp3","qpc_uthmani_hafs":"بِكُمُ","char_type_name":"word","page_number":202,"line_number":11,"text":"ﯓ","translation":{"text":"for you","language_name":"english","language_id":38},"transliteration":{"text":"bikumu","language_name":"english","language_id":38}},{"id":70710,"position":10,"audio_url":"wbw/009_098_010.mp3","qpc_uthmani_hafs":"ٱلدَّوَآئِرَۚ","char_type_name":"word","page_number":202,"line_number":11,"text":"ﯔﯕ","translation":{"text":"the turns (of misfortune)","language_name":"english","language_id":38},"transliteration":{"text":"l-dawāira","language_name":"english","language_id":38}},{"id":70712,"position":11,"audio_url":"wbw/009_098_012.mp3","qpc_uthmani_hafs":"عَلَيۡهِمۡ","char_type_name":"word","page_number":202,"line_number":12,"text":"ﯖ","translation":{"text":"Upon them","language_name":"english","language_id":38},"transliteration":{"text":"ʿalayhim","language_name":"english","language_id":38}},{"id":70713,"position":12,"audio_url":"wbw/009_098_013.mp3","qpc_uthmani_hafs":"دَآئِرَةُ","char_type_name":"word","page_number":202,"line_number":12,"text":"ﯗ","translation":{"text":"(will be) the turn","language_name":"english","language_id":38},"transliteration":{"text":"dāiratu","language_name":"english","language_id":38}},{"id":70714,"position":13,"audio_url":"wbw/009_098_014.mp3","qpc_uthmani_hafs":"ٱلسَّوۡءِۗ","char_type_name":"word","page_number":202,"line_number":12,"text":"ﯘﯙ","translation":{"text":"(of) the evil","language_name":"english","language_id":38},"transliteration":{"text":"l-sawi","language_name":"english","language_id":38}},{"id":70716,"position":14,"audio_url":"wbw/009_098_016.mp3","qpc_uthmani_hafs":"وَٱللَّهُ","char_type_name":"word","page_number":202,"line_number":12,"text":"ﯚ","translation":{"text":"And Allah","language_name":"english","language_id":38},"transliteration":{"text":"wal-lahu","language_name":"english","language_id":38}},{"id":70717,"position":15,"audio_url":"wbw/009_098_017.mp3","qpc_uthmani_hafs":"سَمِيعٌ","char_type_name":"word","page_number":202,"line_number":12,"text":"ﯛ","translation":{"text":"(is) All-Hearer","language_name":"english","language_id":38},"transliteration":{"text":"samīʿun","language_name":"english","language_id":38}},{"id":70718,"position":16,"audio_url":"wbw/009_098_018.mp3","qpc_uthmani_hafs":"عَلِيمٞ","char_type_name":"word","page_number":202,"line_number":12,"text":"ﯜ","translation":{"text":"All-Knower","language_name":"english","language_id":38},"transliteration":{"text":"ʿalīmun","language_name":"english","language_id":38}},{"id":70719,"position":17,"audio_url":null,"qpc_uthmani_hafs":"٩٨","char_type_name":"end","page_number":202,"line_number":12,"text":"ﯝ","translation":{"text":"(98)","language_name":"english","language_id":38},"transliteration":{"text":null,"language_name":"english","language_id":38}}],"translations":[{"id":917762,"resource_id":134,"text":"Di antara orang-orang Arab Badui itu, ada orang yang memandang apa yang dinafkahkannya (di jalan Allah) sebagai suatu kerugian dan dia menanti-nanti marabahaya menimpamu, merekalah yang akan ditimpa marabahaya.  Dan Allah Maha Mendengar lagi Maha Mengetahui."}]},{"id":1334,"verse_number":99,"verse_key":"9:99","juz_number":11,"hizb_number":21,"rub_el_hizb_number":81,"ruku_number":167,"manzil_number":2,"sajdah_number":null,"text_uthmani":"وَمِنَ ٱلْأَعْرَابِ مَن يُؤْمِنُ بِٱللَّهِ وَٱلْيَوْمِ ٱلْـَٔاخِرِ وَيَتَّخِذُ مَا يُنفِقُ قُرُبَـٰتٍ عِندَ ٱللَّهِ وَصَلَوَٰتِ ٱلرَّسُولِ ۚ أَلَآ إِنَّهَا قُرْبَةٌ لَّهُمْ ۚ سَيُدْخِلُهُمُ ٱللَّهُ فِى رَحْمَتِهِۦٓ ۗ إِنَّ ٱللَّهَ غَفُورٌ رَّحِيمٌ","page_number":202,"words":[{"id":71105,"position":1,"audio_url":"wbw/009_099_001.mp3","qpc_uthmani_hafs":"وَمِنَ","char_type_name":"word","page_number":202,"line_number":12,"text":"ﯞ","translation":{"text":"But among","language_name":"english","language_id":38},"transliteration":{"text":"wamina","language_name":"english","language_id":38}},{"id":71106,"position":2,"audio_url":"wbw/009_099_002.mp3","qpc_uthmani_hafs":"ٱلۡأَعۡرَابِ","char_type_name":"word","page_number":202,"line_number":13,"text":"ﯟ","translation":{"text":"the bedouins","language_name":"english","language_id":38},"transliteration":{"text":"l-aʿrābi","language_name":"english","language_id":38}},{"id":71107,"position":3,"audio_url":"wbw/009_099_003.mp3","qpc_uthmani_hafs":"مَن","char_type_name":"word","page_number":202,"line_number":13,"text":"ﯠ","translation":{"text":"(is he) who","language_name":"english","language_id":38},"transliteration":{"text":"man","language_name":"english","language_id":38}},{"id":71108,"position":4,"audio_url":"wbw/009_099_004.mp3","qpc_uthmani_hafs":"يُؤۡمِنُ","char_type_name":"word","page_number":202,"line_number":13,"text":"ﯡ","translation":{"text":"believes","language_name":"english","language_id":38},"transliteration":{"text":"yu'minu","language_name":"english","language_id":38}},{"id":71109,"position":5,"audio_url":"wbw/009_099_005.mp3","qpc_uthmani_hafs":"بِٱللَّهِ","char_type_name":"word","page_number":202,"line_number":13,"text":"ﯢ","translation":{"text":"in Allah","language_name":"english","language_id":38},"transliteration":{"text":"bil-lahi","language_name":"english","language_id":38}},{"id":71110,"position":6,"audio_url":"wbw/009_099_006.mp3","qpc_uthmani_hafs":"وَٱلۡيَوۡمِ","char_type_name":"word","page_number":202,"line_number":13,"text":"ﯣ","translation":{"text":"and the Day","language_name":"english","language_id":38},"transliteration":{"text":"wal-yawmi","language_name":"english","language_id":38}},{"id":71111,"position":7,"audio_url":"wbw/009_099_007.mp3","qpc_uthmani_hafs":"ٱلۡأٓخِرِ","char_type_name":"word","page_number":202,"line_number":13,"text":"ﯤ","translation":{"text":"the Last","language_name":"english","language_id":38},"transliteration":{"text":"l-ākhiri","language_name":"english","language_id":38}},{"id":71112,"position":8,"audio_url":"wbw/009_099_008.mp3","qpc_uthmani_hafs":"وَيَتَّخِذُ","char_type_name":"word","page_number":202,"line_number":13,"text":"ﯥ","translation":{"text":"and takes","language_name":"english","language_id":38},"transliteration":{"text":"wayattakhidhu","language_name":"english","language_id":38}},{"id":71113,"position":9,"audio_url":"wbw/009_099_009.mp3","qpc_uthmani_hafs":"مَا","char_type_name":"word","page_number":202,"line_number":14,"text":"ﯦ","translation":{"text":"what","language_name":"english","language_id":38},"transliteration":{"text":"mā","language_name":"english","language_id":38}},{"id":71114,"position":10,"audio_url":"wbw/009_099_010.mp3","qpc_uthmani_hafs":"يُنفِقُ","char_type_name":"word","page_number":202,"line_number":14,"text":"ﯧ","translation":{"text":"he spends","language_name":"english","language_id":38},"transliteration":{"text":"yunfiqu","language_name":"english","language_id":38}},{"id":71115,"position":11,"audio_url":"wbw/009_099_011.mp3","qpc_uthmani_hafs":"قُرُبَٰتٍ","char_type_name":"word","page_number":202,"line_number":14,"text":"ﯨ","translation":{"text":"(as) means of nearness","language_name":"english","language_id":38},"transliteration":{"text":"qurubātin","language_name":"english","language_id":38}},{"id":71116,"position":12,"audio_url":"wbw/009_099_012.mp3","qpc_uthmani_hafs":"عِندَ","char_type_name":"word","page_number":202,"line_number":14,"text":"ﯩ","translation":{"text":"with","language_name":"english","language_id":38},"transliteration":{"text":"ʿinda","language_name":"english","language_id":38}},{"id":71117,"position":13,"audio_url":"wbw/009_099_013.mp3","qpc_uthmani_hafs":"ٱللَّهِ","char_type_name":"word","page_number":202,"line_number":14,"text":"ﯪ","translation":{"text":"Allah","language_name":"english","language_id":38},"transliteration":{"text":"l-lahi","language_name":"english","language_id":38}},{"id":71118,"position":14,"audio_url":"wbw/009_099_014.mp3","qpc_uthmani_hafs":"وَصَلَوَٰتِ","char_type_name":"word","page_number":202,"line_number":14,"text":"ﯫ","translation":{"text":"and blessings","language_name":"english","language_id":38},"transliteration":{"text":"waṣalawāti","language_name":"english","language_id":38}},{"id":71119,"position":15,"audio_url":"wbw/009_099_015.mp3","qpc_uthmani_hafs":"ٱلرَّسُولِۚ","char_type_name":"word","page_number":202,"line_number":14,"text":"ﯬﯭ","translation":{"text":"(of) the Messenger","language_name":"english","language_id":38},"transliteration":{"text":"l-rasūli","language_name":"english","language_id":38}},{"id":71121,"position":16,"audio_url":"wbw/009_099_017.mp3","qpc_uthmani_hafs":"أَلَآ","char_type_name":"word","page_number":202,"line_number":14,"text":"ﯮ","translation":{"text":"Behold","language_name":"english","language_id":38},"transliteration":{"text":"alā","language_name":"english","language_id":38}},{"id":71122,"position":17,"audio_url":"wbw/009_099_018.mp3","qpc_uthmani_hafs":"إِنَّهَا","char_type_name":"word","page_number":202,"line_number":14,"text":"ﯯ","translation":{"text":"Indeed, it","language_name":"english","language_id":38},"transliteration":{"text":"innahā","language_name":"english","language_id":38}},{"id":71123,"position":18,"audio_url":"wbw/009_099_019.mp3","qpc_uthmani_hafs":"قُرۡبَةٞ","char_type_name":"word","page_number":202,"line_number":14,"text":"ﯰ","translation":{"text":"(is) a means of nearness","language_name":"english","language_id":38},"transliteration":{"text":"qur'batun","language_name":"english","language_id":38}},{"id":71124,"position":19,"audio_url":"wbw/009_099_020.mp3","qpc_uthmani_hafs":"لَّهُمۡۚ","char_type_name":"word","page_number":202,"line_number":15,"text":"ﯱﯲ","translation":{"text":"for them","language_name":"english","language_id":38},"transliteration":{"text":"lahum","language_name":"english","language_id":38}},{"id":71126,"position":20,"audio_url":"wbw/009_099_022.mp3","qpc_uthmani_hafs":"سَيُدۡخِلُهُمُ","char_type_name":"word","page_number":202,"line_number":15,"text":"ﯳ","translation":{"text":"Allah will admit them","language_name":"english","language_id":38},"transliteration":{"text":"sayud'khiluhumu","language_name":"english","language_id":38}},{"id":71127,"position":21,"audio_url":"wbw/009_099_023.mp3","qpc_uthmani_hafs":"ٱللَّهُ","char_type_name":"word","page_number":202,"line_number":15,"text":"ﯴ","translation":{"text":"Allah will admit them","language_name":"english","language_id":38},"transliteration":{"text":"l-lahu","language_name":"english","language_id":38}},{"id":71128,"position":22,"audio_url":"wbw/009_099_024.mp3","qpc_uthmani_hafs":"فِي","char_type_name":"word","page_number":202,"line_number":15,"text":"ﯵ","translation":{"text":"to","language_name":"english","language_id":38},"transliteration":{"text":"fī","language_name":"english","language_id":38}},{"id":71129,"position":23,"audio_url":"wbw/009_099_025.mp3","qpc_uthmani_hafs":"رَحۡمَتِهِۦٓۚ","char_type_name":"word","page_number":202,"line_number":15,"text":"ﯶﯷ","translation":{"text":"His Mercy","language_name":"english","language_id":38},"transliteration":{"text":"raḥmatihi","language_name":"english","language_id":38}},{"id":71131,"position":24,"audio_url":"wbw/009_099_027.mp3","qpc_uthmani_hafs":"إِنَّ","char_type_name":"word","page_number":202,"line_number":15,"text":"ﯸ","translation":{"text":"Indeed","language_name":"english","language_id":38},"transliteration":{"text":"inna","language_name":"english","language_id":38}},{"id":71132,"position":25,"audio_url":"wbw/009_099_028.mp3","qpc_uthmani_hafs":"ٱللَّهَ","char_type_name":"word","page_number":202,"line_number":15,"text":"ﯹ","translation":{"text":"Allah","language_name":"english","language_id":38},"transliteration":{"text":"l-laha","language_name":"english","language_id":38}},{"id":71133,"position":26,"audio_url":"wbw/009_099_029.mp3","qpc_uthmani_hafs":"غَفُورٞ","char_type_name":"word","page_number":202,"line_number":15,"text":"ﯺ","translation":{"text":"(is) Oft-Forgiving","language_name":"english","language_id":38},"transliteration":{"text":"ghafūrun","language_name":"english","language_id":38}},{"id":71134,"position":27,"audio_url":"wbw/009_099_030.mp3","qpc_uthmani_hafs":"رَّحِيمٞ","char_type_name":"word","page_number":202,"line_number":15,"text":"ﯻ","translation":{"text":"Most Merciful","language_name":"english","language_id":38},"transliteration":{"text":"raḥīmun","language_name":"english","language_id":38}},{"id":71135,"position":28,"audio_url":null,"qpc_uthmani_hafs":"٩٩","char_type_name":"end","page_number":202,"line_number":15,"text":"ﯼ","translation":{"text":"(99)","language_name":"english","language_id":38},"transliteration":{"text":null,"language_name":"english","language_id":38}}],"translations":[{"id":917763,"resource_id":134,"text":"Di antara orang-orang Arab Badui itu, ada orang yang beriman kepada Allah dan hari kemudian dan memandang apa yang dinafkahkannya (di jalan Allah) itu, sebagai jalan untuk mendekatkannya kepada Allah dan sebagai jalan untuk memperoleh doa rasul.  Ketahuilah, sesungguhnya nafkah itu adalah suatu jalan bagi mereka untuk mendekatkan diri (kepada Allah).  Kelak Allah akan memasukkan mereka ke dalam rahmat (surga)Nya; Sesungguhnya Allah Maha Pengampun lagi Maha Penyayang."}]}],"pagination":{"per_page":50,"current_page":1,"next_page":null,"total_pages":1,"total_records":6}}