{"verses":[{"id":149,"verse_number":142,"verse_key":"2:142","juz_number":2,"hizb_number":3,"rub_el_hizb_number":9,"ruku_number":18,"manzil_number":1,"sajdah_number":null,"text_uthmani":"۞ سَيَقُولُ ٱلسُّفَهَآءُ مِنَ ٱلنَّاسِ مَا وَلَّىٰهُمْ عَن قِبْلَتِهِمُ ٱلَّتِى كَانُوا۟ عَلَيْهَا ۚ قُل لِّلَّهِ ٱلْمَشْرِقُ وَٱلْمَغْرِبُ ۚ يَهْدِى مَن يَشَآءُ إِلَىٰ صِرَٰطٍ مُّسْتَقِيمٍ","page_number":22,"words":[{"id":79368,"position":1,"audio_url":"wbw/002_142_002.mp3","qpc_uthmani_hafs":"۞ سَيَقُولُ","char_type_name":"word","page_number":22,"line_number":1,"text":"ﭑ ﭒ","translation":{"text":"Will say","language_name":"english","language_id":38},"transliteration":{"text":"sayaqūlu","language_name":"english","language_id":38}},{"id":79369,"position":2,"audio_url":"wbw/002_142_003.mp3","qpc_uthmani_hafs":"ٱلسُّفَهَآءُ","char_type_name":"word","page_number":22,"line_number":1,"text":"ﭓ","translation":{"text":"the foolish ones","language_name":"english","language_id":38},"transliteration":{"text":"l-sufahāu","language_name":"english","language_id":38}},{"id":79370,"position":3,"audio_url":"wbw/002_142_004.mp3","qpc_uthmani_hafs":"مِنَ","char_type_name":"word","page_number":22,"line_number":1,"text":"ﭔ","translation":{"text":"from","language_name":"english","language_id":38},"transliteration":{"text":"mina","language_name":"english","language_id":38}},{"id":79371,"position":4,"audio_url":"wbw/002_142_005.mp3","qpc_uthmani_hafs":"ٱلنَّاسِ","char_type_name":"word","page_number":22,"line_number":1,"text":"ﭕ","translation":{"text":"the people","language_name":"english","language_id":38},"transliteration":{"text":"l-nāsi","language_name":"english","language_id":38}},{"id":79372,"position":5,"audio_url":"wbw/002_142_006.mp3","qpc_uthmani_hafs":"مَا","char_type_name":"word","page_number":22,"line_number":1,"text":"ﭖ","translation":{"text":"What","language_name":"english","language_id":38},"transliteration":{"text":"mā","language_name":"english","language_id":38}},{"id":79373,"position":6,"audio_url":"wbw/002_142_007.mp3","qpc_uthmani_hafs":"وَلَّىٰهُمۡ","char_type_name":"word","page_number":22,"line_number":1,"text":"ﭗ","translation":{"text":"(has) turned them","language_name":"english","language_id":38},"transliteration":{"text":"wallāhum","language_name":"english","language_id":38}},{"id":79374,"position":7,"audio_url":"wbw/002_142_008.mp3","qpc_uthmani_hafs":"عَن","char_type_name":"word","page_number":22,"line_number":1,"text":"ﭘ","translation":{"text":"from","language_name":"english","language_id":38},"transliteration":{"text":"ʿan","language_name":"english","language_id":38}},{"id":79375,"position":8,"audio_url":"wbw/002_142_009.mp3","qpc_uthmani_hafs":"قِبۡلَتِهِمُ","char_type_name":"word","page_number":22,"line_number":1,"text":"ﭙ","translation":{"text":"their direction of prayer","language_name":"english","language_id":38},"transliteration":{"text":"qib'latihimu","language_name":"english","language_id":38}},{"id":79376,"position":9,"audio_url":"wbw/002_142_010.mp3","qpc_uthmani_hafs":"ٱلَّتِي","char_type_name":"word","page_number":22,"line_number":1,"text":"ﭚ","translation":{"text":"which","language_name":"english","language_id":38},"transliteration":{"text":"allatī","language_name":"english","language_id":38}},{"id":79377,"position":10,"audio_url":"wbw/002_142_011.mp3","qpc_uthmani_hafs":"كَانُواْ","char_type_name":"word","page_number":22,"line_number":1,"text":"ﭛ","translation":{"text":"they were used to","language_name":"english","language_id":38},"transliteration":{"text":"kānū","language_name":"english","language_id":38}},{"id":79378,"position":11,"audio_url":"wbw/002_142_012.mp3","qpc_uthmani_hafs":"عَلَيۡهَاۚ","char_type_name":"word","page_number":22,"line_number":2,"text":"ﭜﭝ","translation":{"text":"[on it]","language_name":"english","language_id":38},"transliteration":{"text":"ʿalayhā","language_name":"english","language_id":38}},{"id":79380,"position":12,"audio_url":"wbw/002_142_014.mp3","qpc_uthmani_hafs":"قُل","char_type_name":"word","page_number":22,"line_number":2,"text":"ﭞ","translation":{"text":"Say","language_name":"english","language_id":38},"transliteration":{"text":"qul","language_name":"english","language_id":38}},{"id":79381,"position":13,"audio_url":"wbw/002_142_015.mp3","qpc_uthmani_hafs":"لِّلَّهِ","char_type_name":"word","page_number":22,"line_number":2,"text":"ﭟ","translation":{"text":"For Allah","language_name":"english","language_id":38},"transliteration":{"text":"lillahi","language_name":"english","language_id":38}},{"id":79382,"position":14,"audio_url":"wbw/002_142_016.mp3","qpc_uthmani_hafs":"ٱلۡمَشۡرِقُ","char_type_name":"word","page_number":22,"line_number":2,"text":"ﭠ","translation":{"text":"(is) the east","language_name":"english","language_id":38},"transliteration":{"text":"l-mashriqu","language_name":"english","language_id":38}},{"id":79383,"position":15,"audio_url":"wbw/002_142_017.mp3","qpc_uthmani_hafs":"وَٱلۡمَغۡرِبُۚ","char_type_name":"word","page_number":22,"line_number":2,"text":"ﭡﭢ","translation":{"text":"and the west","language_name":"english","language_id":38},"transliteration":{"text":"wal-maghribu","language_name":"english","language_id":38}},{"id":79385,"position":16,"audio_url":"wbw/002_142_019.mp3","qpc_uthmani_hafs":"يَهۡدِي","char_type_name":"word","page_number":22,"line_number":2,"text":"ﭣ","translation":{"text":"He guides","language_name":"english","language_id":38},"transliteration":{"text":"yahdī","language_name":"english","language_id":38}},{"id":79386,"position":17,"audio_url":"wbw/002_142_020.mp3","qpc_uthmani_hafs":"مَن","char_type_name":"word","page_number":22,"line_number":2,"text":"ﭤ","translation":{"text":"whom","language_name":"english","language_id":38},"transliteration":{"text":"man","language_name":"english","language_id":38}},{"id":79387,"position":18,"audio_url":"wbw/002_142_021.mp3","qpc_uthmani_hafs":"يَشَآءُ","char_type_name":"word","page_number":22,"line_number":2,"text":"ﭥ","translation":{"text":"He wills","language_name":"english","language_id":38},"transliteration":{"text":"yashāu","language_name":"english","language_id":38}},{"id":79388,"position":19,"audio_url":"wbw/002_142_022.mp3","qpc_uthmani_hafs":"إِلَىٰ","char_type_name":"word","page_number":22,"line_number":2,"text":"ﭦ","translation":{"text":"to","language_name":"english","language_id":38},"transliteration":{"text":"ilā","language_name":"english","language_id":38}},{"id":79389,"position":20,"audio_url":"wbw/002_142_023.mp3","qpc_uthmani_hafs":"صِرَٰطٖ","char_type_name":"word","page_number":22,"line_number":2,"text":"ﭧ","translation":{"text":"a path","language_name":"english","language_id":38},"transliteration":{"text":"ṣirāṭin","language_name":"english","language_id":38}},{"id":79390,"position":21,"audio_url":"wbw/002_142_024.mp3","qpc_uthmani_hafs":"مُّسۡتَقِيمٖ","char_type_name":"word","page_number":22,"line_number":3,"text":"ﭨ","translation":{"text":"straight","language_name":"english","language_id":38},"transliteration":{"text":"mus'taqīmin","language_name":"english","language_id":38}},{"id":79391,"position":22,"audio_url":null,"qpc_uthmani_hafs":"١٤٢","char_type_name":"end","page_number":22,"line_number":3,"text":"ﭩ","translation":{"text":"(142)","language_name":"english","language_id":38},"transliteration":{"text":null,"language_name":"english","language_id":38}}],"translations":[{"id":916578,"resource_id":134,"text":"Orang-orang yang kurang akalnya<sup foot_note=209862>1</sup> di antara manusia akan berkata, \"Apakah yang memalingkan mereka (umat Islam) dari kiblatnya (Baitul Maqdis) yang dahulu mereka telah berkiblat kepadanya?\" Katakanlah, \"Kepunyaan Allah-lah timur dan barat; Dia memberi petunjuk kepada siapa yang dikehendaki-Nya ke jalan yang lurus\"<sup foot_note=209863>2</sup>."}]},{"id":150,"verse_number":143,"verse_key":"2:143","juz_number":2,"hizb_number":3,"rub_el_hizb_number":9,"ruku_number":18,"manzil_number":1,"sajdah_number":null,"text_uthmani":"وَكَذَٰلِكَ جَعَلْنَـٰكُمْ أُمَّةً وَسَطًا لِّتَكُونُوا۟ شُهَدَآءَ عَلَى ٱلنَّاسِ وَيَكُونَ ٱلرَّسُولُ عَلَيْكُمْ شَهِيدًا ۗ وَمَا جَعَلْنَا ٱلْقِبْلَةَ ٱلَّتِى كُنتَ عَلَيْهَآ إِلَّا لِنَعْلَمَ مَن يَتَّبِعُ ٱلرَّسُولَ مِمَّن يَنقَلِبُ عَلَىٰ عَقِبَيْهِ ۚ وَإِن كَانَتْ لَكَبِيرَةً إِلَّا عَلَى ٱلَّذِينَ هَدَى ٱللَّهُ ۗ وَمَا كَانَ ٱللَّهُ لِيُضِيعَ إِيمَـٰنَكُمْ ۚ إِنَّ ٱللَّهَ بِٱلنَّاسِ لَرَءُوفٌ رَّحِيمٌ","page_number":22,"words":[{"id":79459,"position":1,"audio_url":"wbw/002_143_001.mp3","qpc_uthmani_hafs":"وَكَذَٰلِكَ","char_type_name":"word","page_number":22,"line_number":3,"text":"ﭪ","translation":{"text":"And thus","language_name":"english","language_id":38},"transliteration":{"text":"wakadhālika","language_name":"english","language_id":38}},{"id":79460,"position":2,"audio_url":"wbw/002_143_002.mp3","qpc_uthmani_hafs":"جَعَلۡنَٰكُمۡ","char_type_name":"word","page_number":22,"line_number":3,"text":"ﭫ","translation":{"text":"We made you","language_name":"english","language_id":38},"transliteration":{"text":"jaʿalnākum","language_name":"english","language_id":38}},{"id":79461,"position":3,"audio_url":"wbw/002_143_003.mp3","qpc_uthmani_hafs":"أُمَّةٗ","char_type_name":"word","page_number":22,"line_number":3,"text":"ﭬ","translation":{"text":"a community","language_name":"english","language_id":38},"transliteration":{"text":"ummatan","language_name":"english","language_id":38}},{"id":79462,"position":4,"audio_url":"wbw/002_143_004.mp3","qpc_uthmani_hafs":"وَسَطٗا","char_type_name":"word","page_number":22,"line_number":3,"text":"ﭭ","translation":{"text":"(of the) middle way","language_name":"english","language_id":38},"transliteration":{"text":"wasaṭan","language_name":"english","language_id":38}},{"id":79463,"position":5,"audio_url":"wbw/002_143_005.mp3","qpc_uthmani_hafs":"لِّتَكُونُواْ","char_type_name":"word","page_number":22,"line_number":3,"text":"ﭮ","translation":{"text":"so that you will be","language_name":"english","language_id":38},"transliteration":{"text":"litakūnū","language_name":"english","language_id":38}},{"id":79464,"position":6,"audio_url":"wbw/002_143_006.mp3","qpc_uthmani_hafs":"شُهَدَآءَ","char_type_name":"word","page_number":22,"line_number":4,"text":"ﭯ","translation":{"text":"witnesses","language_name":"english","language_id":38},"transliteration":{"text":"shuhadāa","language_name":"english","language_id":38}},{"id":79465,"position":7,"audio_url":"wbw/002_143_007.mp3","qpc_uthmani_hafs":"عَلَى","char_type_name":"word","page_number":22,"line_number":4,"text":"ﭰ","translation":{"text":"over","language_name":"english","language_id":38},"transliteration":{"text":"ʿalā","language_name":"english","language_id":38}},{"id":79466,"position":8,"audio_url":"wbw/002_143_008.mp3","qpc_uthmani_hafs":"ٱلنَّاسِ","char_type_name":"word","page_number":22,"line_number":4,"text":"ﭱ","translation":{"text":"the mankind","language_name":"english","language_id":38},"transliteration":{"text":"l-nāsi","language_name":"english","language_id":38}},{"id":79467,"position":9,"audio_url":"wbw/002_143_009.mp3","qpc_uthmani_hafs":"وَيَكُونَ","char_type_name":"word","page_number":22,"line_number":4,"text":"ﭲ","translation":{"text":"and will be","language_name":"english","language_id":38},"transliteration":{"text":"wayakūna","language_name":"english","language_id":38}},{"id":79468,"position":10,"audio_url":"wbw/002_143_010.mp3","qpc_uthmani_hafs":"ٱلرَّسُولُ","char_type_name":"word","page_number":22,"line_number":4,"text":"ﭳ","translation":{"text":"the Messenger","language_name":"english","language_id":38},"transliteration":{"text":"l-rasūlu","language_name":"english","language_id":38}},{"id":79469,"position":11,"audio_url":"wbw/002_143_011.mp3","qpc_uthmani_hafs":"عَلَيۡكُمۡ","char_type_name":"word","page_number":22,"line_number":4,"text":"ﭴ","translation":{"text":"on you","language_name":"english","language_id":38},"transliteration":{"text":"ʿalaykum","language_name":"english","language_id":38}},{"id":79470,"position":12,"audio_url":"wbw/002_143_012.mp3","qpc_uthmani_hafs":"شَهِيدٗاۗ","char_type_name":"word","page_number":22,"line_number":4,"text":"ﭵﭶ","translation":{"text":"a witness","language_name":"english","language_id":38},"transliteration":{"text":"shahīdan","language_name":"english","language_id":38}},{"id":79472,"position":13,"audio_url":"wbw/002_143_014.mp3","qpc_uthmani_hafs":"وَمَا","char_type_name":"word","page_number":22,"line_number":4,"text":"ﭷ","translation":{"text":"And not","language_name":"english","language_id":38},"transliteration":{"text":"wamā","language_name":"english","language_id":38}},{"id":79473,"position":14,"audio_url":"wbw/002_143_015.mp3","qpc_uthmani_hafs":"جَعَلۡنَا","char_type_name":"word","page_number":22,"line_number":5,"text":"ﭸ","translation":{"text":"We made","language_name":"english","language_id":38},"transliteration":{"text":"jaʿalnā","language_name":"english","language_id":38}},{"id":79474,"position":15,"audio_url":"wbw/002_143_016.mp3","qpc_uthmani_hafs":"ٱلۡقِبۡلَةَ","char_type_name":"word","page_number":22,"line_number":5,"text":"ﭹ","translation":{"text":"the direction of prayer","language_name":"english","language_id":38},"transliteration":{"text":"l-qib'lata","language_name":"english","language_id":38}},{"id":79475,"position":16,"audio_url":"wbw/002_143_017.mp3","qpc_uthmani_hafs":"ٱلَّتِي","char_type_name":"word","page_number":22,"line_number":5,"text":"ﭺ","translation":{"text":"which","language_name":"english","language_id":38},"transliteration":{"text":"allatī","language_name":"english","language_id":38}},{"id":79476,"position":17,"audio_url":"wbw/002_143_018.mp3","qpc_uthmani_hafs":"كُنتَ","char_type_name":"word","page_number":22,"line_number":5,"text":"ﭻ","translation":{"text":"you were used to","language_name":"english","language_id":38},"transliteration":{"text":"kunta","language_name":"english","language_id":38}},{"id":79477,"position":18,"audio_url":"wbw/002_143_019.mp3","qpc_uthmani_hafs":"عَلَيۡهَآ","char_type_name":"word","page_number":22,"line_number":5,"text":"ﭼ","translation":{"text":"[on it]","language_name":"english","language_id":38},"transliteration":{"text":"ʿalayhā","language_name":"english","language_id":38}},{"id":79478,"position":19,"audio_url":"wbw/002_143_020.mp3","qpc_uthmani_hafs":"إِلَّا","char_type_name":"word","page_number":22,"line_number":5,"text":"ﭽ","translation":{"text":"except","language_name":"english","language_id":38},"transliteration":{"text":"illā","language_name":"english","language_id":38}},{"id":79479,"position":20,"audio_url":"wbw/002_143_021.mp3","qpc_uthmani_hafs":"لِنَعۡلَمَ","char_type_name":"word","page_number":22,"line_number":5,"text":"ﭾ","translation":{"text":"that We make evident","language_name":"english","language_id":38},"transliteration":{"text":"linaʿlama","language_name":"english","language_id":38}},{"id":79480,"position":21,"audio_url":"wbw/002_143_022.mp3","qpc_uthmani_hafs":"مَن","char_type_name":"word","page_number":22,"line_number":5,"text":"ﭿ","translation":{"text":"(he) who","language_name":"english","language_id":38},"transliteration":{"text":"man","language_name":"english","language_id":38}},{"id":79481,"position":22,"audio_url":"wbw/002_143_023.mp3","qpc_uthmani_hafs":"يَتَّبِعُ","char_type_name":"word","page_number":22,"line_number":5,"text":"ﮀ","translation":{"text":"follows","language_name":"english","language_id":38},"transliteration":{"text":"yattabiʿu","language_name":"english","language_id":38}},{"id":79482,"position":23,"audio_url":"wbw/002_143_024.mp3","qpc_uthmani_hafs":"ٱلرَّسُولَ","char_type_name":"word","page_number":22,"line_number":5,"text":"ﮁ","translation":{"text":"the Messenger","language_name":"english","language_id":38},"transliteration":{"text":"l-rasūla","language_name":"english","language_id":38}},{"id":79483,"position":24,"audio_url":"wbw/002_143_025.mp3","qpc_uthmani_hafs":"مِمَّن","char_type_name":"word","page_number":22,"line_number":6,"text":"ﮂ","translation":{"text":"from (he) who","language_name":"english","language_id":38},"transliteration":{"text":"mimman","language_name":"english","language_id":38}},{"id":79484,"position":25,"audio_url":"wbw/002_143_026.mp3","qpc_uthmani_hafs":"يَنقَلِبُ","char_type_name":"word","page_number":22,"line_number":6,"text":"ﮃ","translation":{"text":"turns back","language_name":"english","language_id":38},"transliteration":{"text":"yanqalibu","language_name":"english","language_id":38}},{"id":79485,"position":26,"audio_url":"wbw/002_143_027.mp3","qpc_uthmani_hafs":"عَلَىٰ","char_type_name":"word","page_number":22,"line_number":6,"text":"ﮄ","translation":{"text":"on","language_name":"english","language_id":38},"transliteration":{"text":"ʿalā","language_name":"english","language_id":38}},{"id":79486,"position":27,"audio_url":"wbw/002_143_028.mp3","qpc_uthmani_hafs":"عَقِبَيۡهِۚ","char_type_name":"word","page_number":22,"line_number":6,"text":"ﮅﮆ","translation":{"text":"his heels","language_name":"english","language_id":38},"transliteration":{"text":"ʿaqibayhi","language_name":"english","language_id":38}},{"id":79488,"position":28,"audio_url":"wbw/002_143_030.mp3","qpc_uthmani_hafs":"وَإِن","char_type_name":"word","page_number":22,"line_number":6,"text":"ﮇ","translation":{"text":"And indeed","language_name":"english","language_id":38},"transliteration":{"text":"wa-in","language_name":"english","language_id":38}},{"id":79489,"position":29,"audio_url":"wbw/002_143_031.mp3","qpc_uthmani_hafs":"كَانَتۡ","char_type_name":"word","page_number":22,"line_number":6,"text":"ﮈ","translation":{"text":"it was","language_name":"english","language_id":38},"transliteration":{"text":"kānat","language_name":"english","language_id":38}},{"id":79490,"position":30,"audio_url":"wbw/002_143_032.mp3","qpc_uthmani_hafs":"لَكَبِيرَةً","char_type_name":"word","page_number":22,"line_number":6,"text":"ﮉ","translation":{"text":"certainly a great (test)","language_name":"english","language_id":38},"transliteration":{"text":"lakabīratan","language_name":"english","language_id":38}},{"id":79491,"position":31,"audio_url":"wbw/002_143_033.mp3","qpc_uthmani_hafs":"إِلَّا","char_type_name":"word","page_number":22,"line_number":6,"text":"ﮊ","translation":{"text":"except","language_name":"english","language_id":38},"transliteration":{"text":"illā","language_name":"english","language_id":38}},{"id":79492,"position":32,"audio_url":"wbw/002_143_034.mp3","qpc_uthmani_hafs":"عَلَى","char_type_name":"word","page_number":22,"line_number":6,"text":"ﮋ","translation":{"text":"for","language_name":"english","language_id":38},"transliteration":{"text":"ʿalā","language_name":"english","language_id":38}},{"id":79493,"position":33,"audio_url":"wbw/002_143_035.mp3","qpc_uthmani_hafs":"ٱلَّذِينَ","char_type_name":"word","page_number":22,"line_number":6,"text":"ﮌ","translation":{"text":"those whom","language_name":"english","language_id":38},"transliteration":{"text":"alladhīna","language_name":"english","language_id":38}},{"id":79494,"position":34,"audio_url":"wbw/002_143_036.mp3","qpc_uthmani_hafs":"هَدَى","char_type_name":"word","page_number":22,"line_number":7,"text":"ﮍ","translation":{"text":"guided","language_name":"english","language_id":38},"transliteration":{"text":"hadā","language_name":"english","language_id":38}},{"id":79495,"position":35,"audio_url":"wbw/002_143_037.mp3","qpc_uthmani_hafs":"ٱللَّهُۗ","char_type_name":"word","page_number":22,"line_number":7,"text":"ﮎﮏ","translation":{"text":"(by) Allah","language_name":"english","language_id":38},"transliteration":{"text":"l-lahu","language_name":"english","language_id":38}},{"id":79497,"position":36,"audio_url":"wbw/002_143_039.mp3","qpc_uthmani_hafs":"وَمَا","char_type_name":"word","page_number":22,"line_number":7,"text":"ﮐ","translation":{"text":"And not","language_name":"english","language_id":38},"transliteration":{"text":"wamā","language_name":"english","language_id":38}},{"id":79498,"position":37,"audio_url":"wbw/002_143_040.mp3","qpc_uthmani_hafs":"كَانَ","char_type_name":"word","page_number":22,"line_number":7,"text":"ﮑ","translation":{"text":"will","language_name":"english","language_id":38},"transliteration":{"text":"kāna","language_name":"english","language_id":38}},{"id":79499,"position":38,"audio_url":"wbw/002_143_041.mp3","qpc_uthmani_hafs":"ٱللَّهُ","char_type_name":"word","page_number":22,"line_number":7,"text":"ﮒ","translation":{"text":"Allah","language_name":"english","language_id":38},"transliteration":{"text":"l-lahu","language_name":"english","language_id":38}},{"id":79500,"position":39,"audio_url":"wbw/002_143_042.mp3","qpc_uthmani_hafs":"لِيُضِيعَ","char_type_name":"word","page_number":22,"line_number":7,"text":"ﮓ","translation":{"text":"let go waste","language_name":"english","language_id":38},"transliteration":{"text":"liyuḍīʿa","language_name":"english","language_id":38}},{"id":79501,"position":40,"audio_url":"wbw/002_143_043.mp3","qpc_uthmani_hafs":"إِيمَٰنَكُمۡۚ","char_type_name":"word","page_number":22,"line_number":7,"text":"ﮔﮕ","translation":{"text":"your faith","language_name":"english","language_id":38},"transliteration":{"text":"īmānakum","language_name":"english","language_id":38}},{"id":79503,"position":41,"audio_url":"wbw/002_143_045.mp3","qpc_uthmani_hafs":"إِنَّ","char_type_name":"word","page_number":22,"line_number":7,"text":"ﮖ","translation":{"text":"Indeed","language_name":"english","language_id":38},"transliteration":{"text":"inna","language_name":"english","language_id":38}},{"id":79504,"position":42,"audio_url":"wbw/002_143_046.mp3","qpc_uthmani_hafs":"ٱللَّهَ","char_type_name":"word","page_number":22,"line_number":7,"text":"ﮗ","translation":{"text":"Allah","language_name":"english","language_id":38},"transliteration":{"text":"l-laha","language_name":"english","language_id":38}},{"id":79505,"position":43,"audio_url":"wbw/002_143_047.mp3","qpc_uthmani_hafs":"بِٱلنَّاسِ","char_type_name":"word","page_number":22,"line_number":7,"text":"ﮘ","translation":{"text":"(is) to [the] mankind","language_name":"english","language_id":38},"transliteration":{"text":"bil-nāsi","language_name":"english","language_id":38}},{"id":79506,"position":44,"audio_url":"wbw/002_143_048.mp3","qpc_uthmani_hafs":"لَرَءُوفٞ","char_type_name":"word","page_number":22,"line_number":8,"text":"ﮙ","translation":{"text":"Full of Kindness","language_name":"english","language_id":38},"transliteration":{"text":"laraūfun","language_name":"english","language_id":38}},{"id":79507,"position":45,"audio_url":"wbw/002_143_049.mp3","qpc_uthmani_hafs":"رَّحِيمٞ","char_type_name":"word","page_number":22,"line_number":8,"text":"ﮚ","translation":{"text":"Most Merciful","language_name":"english","language_id":38},"transliteration":{"text":"raḥīmun","language_name":"english","language_id":38}},{"id":79508,"position":46,"audio_url":null,"qpc_uthmani_hafs":"١٤٣","char_type_name":"end","page_number":22,"line_number":8,"text":"ﮛ","translation":{"text":"(143)","language_name":"english","language_id":38},"transliteration":{"text":null,"language_name":"english","language_id":38}}],"translations":[{"id":916579,"resource_id":134,"text":"Dan demikian (pula) Kami telah menjadikan kamu (umat Islam), umat yang adil dan pilihan<sup foot_note=209864>1</sup> agar kamu menjadi saksi atas (perbuatan) manusia dan agar rasul (Muhammad) menjadi saksi atas (perbuatan) kamu.  Dan Kami tidak menetapkan kiblat yang menjadi kiblatmu (sekarang) melainkan agar Kami mengetahui (supaya nyata) siapa yang mengikuti rasul dan siapa yang membelot.  Dan sungguh (pemindahan kiblat) itu terasa amat berat, kecuali bagi orang-orang yang telah diberi petunjuk oleh Allah; dan Allah tidak akan menyia-nyiakan imanmu.  Sesungguhnya Allah Maha Pengasih lagi Maha Penyayang kepada manusia."}]},{"id":151,"verse_number":144,"verse_key":"2:144","juz_number":2,"hizb_number":3,"rub_el_hizb_number":9,"ruku_number":18,"manzil_number":1,"sajdah_number":null,"text_uthmani":"قَدْ نَرَىٰ تَقَلُّبَ وَجْهِكَ فِى ٱلسَّمَآءِ ۖ فَلَنُوَلِّيَنَّكَ قِبْلَةً تَرْضَىٰهَا ۚ فَوَلِّ وَجْهَكَ شَطْرَ ٱلْمَسْجِدِ ٱلْحَرَامِ ۚ وَحَيْثُ مَا كُنتُمْ فَوَلُّوا۟ وُجُوهَكُمْ شَطْرَهُۥ ۗ وَإِنَّ ٱلَّذِينَ أُوتُوا۟ ٱلْكِتَـٰبَ لَيَعْلَمُونَ أَنَّهُ ٱلْحَقُّ مِن رَّبِّهِمْ ۗ وَمَا ٱللَّهُ بِغَـٰفِلٍ عَمَّا يَعْمَلُونَ","page_number":22,"words":[{"id":79706,"position":1,"audio_url":"wbw/002_144_001.mp3","qpc_uthmani_hafs":"قَدۡ","char_type_name":"word","page_number":22,"line_number":8,"text":"ﮜ","translation":{"text":"Indeed","language_name":"english","language_id":38},"transliteration":{"text":"qad","language_name":"english","language_id":38}},{"id":79707,"position":2,"audio_url":"wbw/002_144_002.mp3","qpc_uthmani_hafs":"نَرَىٰ","char_type_name":"word","page_number":22,"line_number":8,"text":"ﮝ","translation":{"text":"We see","language_name":"english","language_id":38},"transliteration":{"text":"narā","language_name":"english","language_id":38}},{"id":79708,"position":3,"audio_url":"wbw/002_144_003.mp3","qpc_uthmani_hafs":"تَقَلُّبَ","char_type_name":"word","page_number":22,"line_number":8,"text":"ﮞ","translation":{"text":"(the) turning","language_name":"english","language_id":38},"transliteration":{"text":"taqalluba","language_name":"english","language_id":38}},{"id":79709,"position":4,"audio_url":"wbw/002_144_004.mp3","qpc_uthmani_hafs":"وَجۡهِكَ","char_type_name":"word","page_number":22,"line_number":8,"text":"ﮟ","translation":{"text":"(of) your face","language_name":"english","language_id":38},"transliteration":{"text":"wajhika","language_name":"english","language_id":38}},{"id":79710,"position":5,"audio_url":"wbw/002_144_005.mp3","qpc_uthmani_hafs":"فِي","char_type_name":"word","page_number":22,"line_number":8,"text":"ﮠ","translation":{"text":"towards","language_name":"english","language_id":38},"transliteration":{"text":"fī","language_name":"english","language_id":38}},{"id":79711,"position":6,"audio_url":"wbw/002_144_006.mp3","qpc_uthmani_hafs":"ٱلسَّمَآءِۖ","char_type_name":"word","page_number":22,"line_number":8,"text":"ﮡﮢ","translation":{"text":"the heaven","language_name":"english","language_id":38},"transliteration":{"text":"l-samāi","language_name":"english","language_id":38}},{"id":79713,"position":7,"audio_url":"wbw/002_144_008.mp3","qpc_uthmani_hafs":"فَلَنُوَلِّيَنَّكَ","char_type_name":"word","page_number":22,"line_number":9,"text":"ﮣ","translation":{"text":"So We will surely turn you","language_name":"english","language_id":38},"transliteration":{"text":"falanuwalliyannaka","language_name":"english","language_id":38}},{"id":79714,"position":8,"audio_url":"wbw/002_144_009.mp3","qpc_uthmani_hafs":"قِبۡلَةٗ","char_type_name":"word","page_number":22,"line_number":9,"text":"ﮤ","translation":{"text":"(to the) direction of prayer","language_name":"english","language_id":38},"transliteration":{"text":"qib'latan","language_name":"english","language_id":38}},{"id":79715,"position":9,"audio_url":"wbw/002_144_010.mp3","qpc_uthmani_hafs":"تَرۡضَىٰهَاۚ","char_type_name":"word","page_number":22,"line_number":9,"text":"ﮥﮦ","translation":{"text":"you will be pleased with","language_name":"english","language_id":38},"transliteration":{"text":"tarḍāhā","language_name":"english","language_id":38}},{"id":79717,"position":10,"audio_url":"wbw/002_144_012.mp3","qpc_uthmani_hafs":"فَوَلِّ","char_type_name":"word","page_number":22,"line_number":9,"text":"ﮧ","translation":{"text":"So turn","language_name":"english","language_id":38},"transliteration":{"text":"fawalli","language_name":"english","language_id":38}},{"id":79718,"position":11,"audio_url":"wbw/002_144_013.mp3","qpc_uthmani_hafs":"وَجۡهَكَ","char_type_name":"word","page_number":22,"line_number":9,"text":"ﮨ","translation":{"text":"your face","language_name":"english","language_id":38},"transliteration":{"text":"wajhaka","language_name":"english","language_id":38}},{"id":79719,"position":12,"audio_url":"wbw/002_144_014.mp3","qpc_uthmani_hafs":"شَطۡرَ","char_type_name":"word","page_number":22,"line_number":9,"text":"ﮩ","translation":{"text":"towards the direction","language_name":"english","language_id":38},"transliteration":{"text":"shaṭra","language_name":"english","language_id":38}},{"id":79720,"position":13,"audio_url":"wbw/002_144_015.mp3","qpc_uthmani_hafs":"ٱلۡمَسۡجِدِ","char_type_name":"word","page_number":22,"line_number":9,"text":"ﮪ","translation":{"text":"(of) Al-Masjid","language_name":"english","language_id":38},"transliteration":{"text":"l-masjidi","language_name":"english","language_id":38}},{"id":79721,"position":14,"audio_url":"wbw/002_144_016.mp3","qpc_uthmani_hafs":"ٱلۡحَرَامِۚ","char_type_name":"word","page_number":22,"line_number":10,"text":"ﮫﮬ","translation":{"text":"Al-Haraam","language_name":"english","language_id":38},"transliteration":{"text":"l-ḥarāmi","language_name":"english","language_id":38}},{"id":79723,"position":15,"audio_url":"wbw/002_144_018.mp3","qpc_uthmani_hafs":"وَحَيۡثُ","char_type_name":"word","page_number":22,"line_number":10,"text":"ﮭ","translation":{"text":"and wherever","language_name":"english","language_id":38},"transliteration":{"text":"waḥaythu","language_name":"english","language_id":38}},{"id":79724,"position":16,"audio_url":"wbw/002_144_019.mp3","qpc_uthmani_hafs":"مَا","char_type_name":"word","page_number":22,"line_number":10,"text":"ﮮ","translation":{"text":"that","language_name":"english","language_id":38},"transliteration":{"text":"mā","language_name":"english","language_id":38}},{"id":79725,"position":17,"audio_url":"wbw/002_144_020.mp3","qpc_uthmani_hafs":"كُنتُمۡ","char_type_name":"word","page_number":22,"line_number":10,"text":"ﮯ","translation":{"text":"you are","language_name":"english","language_id":38},"transliteration":{"text":"kuntum","language_name":"english","language_id":38}},{"id":79726,"position":18,"audio_url":"wbw/002_144_021.mp3","qpc_uthmani_hafs":"فَوَلُّواْ","char_type_name":"word","page_number":22,"line_number":10,"text":"ﮰ","translation":{"text":"[so] turn","language_name":"english","language_id":38},"transliteration":{"text":"fawallū","language_name":"english","language_id":38}},{"id":79727,"position":19,"audio_url":"wbw/002_144_022.mp3","qpc_uthmani_hafs":"وُجُوهَكُمۡ","char_type_name":"word","page_number":22,"line_number":10,"text":"ﮱ","translation":{"text":"your faces","language_name":"english","language_id":38},"transliteration":{"text":"wujūhakum","language_name":"english","language_id":38}},{"id":79728,"position":20,"audio_url":"wbw/002_144_023.mp3","qpc_uthmani_hafs":"شَطۡرَهُۥۗ","char_type_name":"word","page_number":22,"line_number":10,"text":"ﯓﯔ","translation":{"text":"(in) its direction","language_name":"english","language_id":38},"transliteration":{"text":"shaṭrahu","language_name":"english","language_id":38}},{"id":79730,"position":21,"audio_url":"wbw/002_144_025.mp3","qpc_uthmani_hafs":"وَإِنَّ","char_type_name":"word","page_number":22,"line_number":10,"text":"ﯕ","translation":{"text":"And indeed","language_name":"english","language_id":38},"transliteration":{"text":"wa-inna","language_name":"english","language_id":38}},{"id":79731,"position":22,"audio_url":"wbw/002_144_026.mp3","qpc_uthmani_hafs":"ٱلَّذِينَ","char_type_name":"word","page_number":22,"line_number":10,"text":"ﯖ","translation":{"text":"those who","language_name":"english","language_id":38},"transliteration":{"text":"alladhīna","language_name":"english","language_id":38}},{"id":79732,"position":23,"audio_url":"wbw/002_144_027.mp3","qpc_uthmani_hafs":"أُوتُواْ","char_type_name":"word","page_number":22,"line_number":11,"text":"ﯗ","translation":{"text":"were given","language_name":"english","language_id":38},"transliteration":{"text":"ūtū","language_name":"english","language_id":38}},{"id":79733,"position":24,"audio_url":"wbw/002_144_028.mp3","qpc_uthmani_hafs":"ٱلۡكِتَٰبَ","char_type_name":"word","page_number":22,"line_number":11,"text":"ﯘ","translation":{"text":"the Book","language_name":"english","language_id":38},"transliteration":{"text":"l-kitāba","language_name":"english","language_id":38}},{"id":79734,"position":25,"audio_url":"wbw/002_144_029.mp3","qpc_uthmani_hafs":"لَيَعۡلَمُونَ","char_type_name":"word","page_number":22,"line_number":11,"text":"ﯙ","translation":{"text":"surely know","language_name":"english","language_id":38},"transliteration":{"text":"layaʿlamūna","language_name":"english","language_id":38}},{"id":79735,"position":26,"audio_url":"wbw/002_144_030.mp3","qpc_uthmani_hafs":"أَنَّهُ","char_type_name":"word","page_number":22,"line_number":11,"text":"ﯚ","translation":{"text":"that it","language_name":"english","language_id":38},"transliteration":{"text":"annahu","language_name":"english","language_id":38}},{"id":79736,"position":27,"audio_url":"wbw/002_144_031.mp3","qpc_uthmani_hafs":"ٱلۡحَقُّ","char_type_name":"word","page_number":22,"line_number":11,"text":"ﯛ","translation":{"text":"(is) the truth","language_name":"english","language_id":38},"transliteration":{"text":"l-ḥaqu","language_name":"english","language_id":38}},{"id":79737,"position":28,"audio_url":"wbw/002_144_032.mp3","qpc_uthmani_hafs":"مِن","char_type_name":"word","page_number":22,"line_number":11,"text":"ﯜ","translation":{"text":"from","language_name":"english","language_id":38},"transliteration":{"text":"min","language_name":"english","language_id":38}},{"id":79738,"position":29,"audio_url":"wbw/002_144_033.mp3","qpc_uthmani_hafs":"رَّبِّهِمۡۗ","char_type_name":"word","page_number":22,"line_number":11,"text":"ﯝﯞ","translation":{"text":"their Lord","language_name":"english","language_id":38},"transliteration":{"text":"rabbihim","language_name":"english","language_id":38}},{"id":79740,"position":30,"audio_url":"wbw/002_144_035.mp3","qpc_uthmani_hafs":"وَمَا","char_type_name":"word","page_number":22,"line_number":11,"text":"ﯟ","translation":{"text":"And not","language_name":"english","language_id":38},"transliteration":{"text":"wamā","language_name":"english","language_id":38}},{"id":79741,"position":31,"audio_url":"wbw/002_144_036.mp3","qpc_uthmani_hafs":"ٱللَّهُ","char_type_name":"word","page_number":22,"line_number":11,"text":"ﯠ","translation":{"text":"(is) Allah","language_name":"english","language_id":38},"transliteration":{"text":"l-lahu","language_name":"english","language_id":38}},{"id":79742,"position":32,"audio_url":"wbw/002_144_037.mp3","qpc_uthmani_hafs":"بِغَٰفِلٍ","char_type_name":"word","page_number":22,"line_number":11,"text":"ﯡ","translation":{"text":"unaware","language_name":"english","language_id":38},"transliteration":{"text":"bighāfilin","language_name":"english","language_id":38}},{"id":79743,"position":33,"audio_url":"wbw/002_144_038.mp3","qpc_uthmani_hafs":"عَمَّا","char_type_name":"word","page_number":22,"line_number":12,"text":"ﯢ","translation":{"text":"of what","language_name":"english","language_id":38},"transliteration":{"text":"ʿammā","language_name":"english","language_id":38}},{"id":79744,"position":34,"audio_url":"wbw/002_144_039.mp3","qpc_uthmani_hafs":"يَعۡمَلُونَ","char_type_name":"word","page_number":22,"line_number":12,"text":"ﯣ","translation":{"text":"they do","language_name":"english","language_id":38},"transliteration":{"text":"yaʿmalūna","language_name":"english","language_id":38}},{"id":79745,"position":35,"audio_url":null,"qpc_uthmani_hafs":"١٤٤","char_type_name":"end","page_number":22,"line_number":12,"text":"ﯤ","translation":{"text":"(144)","language_name":"english","language_id":38},"transliteration":{"text":null,"language_name":"english","language_id":38}}],"translations":[{"id":916580,"resource_id":134,"text":"Sungguh Kami (sering) melihat mukamu menengadah ke langit<sup foot_note=209865>1</sup>, maka sungguh Kami akan memalingkan kamu ke kiblat yang kamu sukai.  Palingkanlah mukamu ke arah Masjidil Haram.  Dan dimana saja kamu berada, palingkanlah mukamu ke arahnya.  Dan sesungguhnya orang-orang (Yahudi dan Nasrani) yang diberi Alkitab (Taurat dan Injil) memang mengetahui bahwa berpaling ke Masjidil Haram itu adalah benar dari Tuhan-nya; dan Allah sekali-kali tidak lengah dari apa yang mereka kerjakan."}]},{"id":152,"verse_number":145,"verse_key":"2:145","juz_number":2,"hizb_number":3,"rub_el_hizb_number":9,"ruku_number":18,"manzil_number":1,"sajdah_number":null,"text_uthmani":"وَلَئِنْ أَتَيْتَ ٱلَّذِينَ أُوتُوا۟ ٱلْكِتَـٰبَ بِكُلِّ ءَايَةٍ مَّا تَبِعُوا۟ قِبْلَتَكَ ۚ وَمَآ أَنتَ بِتَابِعٍ قِبْلَتَهُمْ ۚ وَمَا بَعْضُهُم بِتَابِعٍ قِبْلَةَ بَعْضٍ ۚ وَلَئِنِ ٱتَّبَعْتَ أَهْوَآءَهُم مِّنۢ بَعْدِ مَا جَآءَكَ مِنَ ٱلْعِلْمِ ۙ إِنَّكَ إِذًا لَّمِنَ ٱلظَّـٰلِمِينَ","page_number":22,"words":[{"id":79792,"position":1,"audio_url":"wbw/002_145_001.mp3","qpc_uthmani_hafs":"وَلَئِنۡ","char_type_name":"word","page_number":22,"line_number":12,"text":"ﯥ","translation":{"text":"And even if","language_name":"english","language_id":38},"transliteration":{"text":"wala-in","language_name":"english","language_id":38}},{"id":79793,"position":2,"audio_url":"wbw/002_145_002.mp3","qpc_uthmani_hafs":"أَتَيۡتَ","char_type_name":"word","page_number":22,"line_number":12,"text":"ﯦ","translation":{"text":"you come","language_name":"english","language_id":38},"transliteration":{"text":"atayta","language_name":"english","language_id":38}},{"id":79794,"position":3,"audio_url":"wbw/002_145_003.mp3","qpc_uthmani_hafs":"ٱلَّذِينَ","char_type_name":"word","page_number":22,"line_number":12,"text":"ﯧ","translation":{"text":"(to) those who","language_name":"english","language_id":38},"transliteration":{"text":"alladhīna","language_name":"english","language_id":38}},{"id":79795,"position":4,"audio_url":"wbw/002_145_004.mp3","qpc_uthmani_hafs":"أُوتُواْ","char_type_name":"word","page_number":22,"line_number":12,"text":"ﯨ","translation":{"text":"were given","language_name":"english","language_id":38},"transliteration":{"text":"ūtū","language_name":"english","language_id":38}},{"id":79796,"position":5,"audio_url":"wbw/002_145_005.mp3","qpc_uthmani_hafs":"ٱلۡكِتَٰبَ","char_type_name":"word","page_number":22,"line_number":12,"text":"ﯩ","translation":{"text":"the Book","language_name":"english","language_id":38},"transliteration":{"text":"l-kitāba","language_name":"english","language_id":38}},{"id":79797,"position":6,"audio_url":"wbw/002_145_006.mp3","qpc_uthmani_hafs":"بِكُلِّ","char_type_name":"word","page_number":22,"line_number":12,"text":"ﯪ","translation":{"text":"with all","language_name":"english","language_id":38},"transliteration":{"text":"bikulli","language_name":"english","language_id":38}},{"id":79798,"position":7,"audio_url":"wbw/002_145_007.mp3","qpc_uthmani_hafs":"ءَايَةٖ","char_type_name":"word","page_number":22,"line_number":13,"text":"ﯫ","translation":{"text":"(the) signs","language_name":"english","language_id":38},"transliteration":{"text":"āyatin","language_name":"english","language_id":38}},{"id":79799,"position":8,"audio_url":"wbw/002_145_008.mp3","qpc_uthmani_hafs":"مَّا","char_type_name":"word","page_number":22,"line_number":13,"text":"ﯬ","translation":{"text":"not","language_name":"english","language_id":38},"transliteration":{"text":"mā","language_name":"english","language_id":38}},{"id":79800,"position":9,"audio_url":"wbw/002_145_009.mp3","qpc_uthmani_hafs":"تَبِعُواْ","char_type_name":"word","page_number":22,"line_number":13,"text":"ﯭ","translation":{"text":"they would follow","language_name":"english","language_id":38},"transliteration":{"text":"tabiʿū","language_name":"english","language_id":38}},{"id":79801,"position":10,"audio_url":"wbw/002_145_010.mp3","qpc_uthmani_hafs":"قِبۡلَتَكَۚ","char_type_name":"word","page_number":22,"line_number":13,"text":"ﯮﯯ","translation":{"text":"your direction of prayer","language_name":"english","language_id":38},"transliteration":{"text":"qib'lataka","language_name":"english","language_id":38}},{"id":79803,"position":11,"audio_url":"wbw/002_145_012.mp3","qpc_uthmani_hafs":"وَمَآ","char_type_name":"word","page_number":22,"line_number":13,"text":"ﯰ","translation":{"text":"and not","language_name":"english","language_id":38},"transliteration":{"text":"wamā","language_name":"english","language_id":38}},{"id":79804,"position":12,"audio_url":"wbw/002_145_013.mp3","qpc_uthmani_hafs":"أَنتَ","char_type_name":"word","page_number":22,"line_number":13,"text":"ﯱ","translation":{"text":"(will) you (be)","language_name":"english","language_id":38},"transliteration":{"text":"anta","language_name":"english","language_id":38}},{"id":79805,"position":13,"audio_url":"wbw/002_145_014.mp3","qpc_uthmani_hafs":"بِتَابِعٖ","char_type_name":"word","page_number":22,"line_number":13,"text":"ﯲ","translation":{"text":"a follower","language_name":"english","language_id":38},"transliteration":{"text":"bitābiʿin","language_name":"english","language_id":38}},{"id":79806,"position":14,"audio_url":"wbw/002_145_015.mp3","qpc_uthmani_hafs":"قِبۡلَتَهُمۡۚ","char_type_name":"word","page_number":22,"line_number":13,"text":"ﯳﯴ","translation":{"text":"(of) their direction of prayer","language_name":"english","language_id":38},"transliteration":{"text":"qib'latahum","language_name":"english","language_id":38}},{"id":79808,"position":15,"audio_url":"wbw/002_145_017.mp3","qpc_uthmani_hafs":"وَمَا","char_type_name":"word","page_number":22,"line_number":13,"text":"ﯵ","translation":{"text":"And not","language_name":"english","language_id":38},"transliteration":{"text":"wamā","language_name":"english","language_id":38}},{"id":79809,"position":16,"audio_url":"wbw/002_145_018.mp3","qpc_uthmani_hafs":"بَعۡضُهُم","char_type_name":"word","page_number":22,"line_number":13,"text":"ﯶ","translation":{"text":"some of them","language_name":"english","language_id":38},"transliteration":{"text":"baʿḍuhum","language_name":"english","language_id":38}},{"id":79810,"position":17,"audio_url":"wbw/002_145_019.mp3","qpc_uthmani_hafs":"بِتَابِعٖ","char_type_name":"word","page_number":22,"line_number":14,"text":"ﯷ","translation":{"text":"(are) followers","language_name":"english","language_id":38},"transliteration":{"text":"bitābiʿin","language_name":"english","language_id":38}},{"id":79811,"position":18,"audio_url":"wbw/002_145_020.mp3","qpc_uthmani_hafs":"قِبۡلَةَ","char_type_name":"word","page_number":22,"line_number":14,"text":"ﯸ","translation":{"text":"(of the) direction of prayer","language_name":"english","language_id":38},"transliteration":{"text":"qib'lata","language_name":"english","language_id":38}},{"id":79812,"position":19,"audio_url":"wbw/002_145_021.mp3","qpc_uthmani_hafs":"بَعۡضٖۚ","char_type_name":"word","page_number":22,"line_number":14,"text":"ﯹﯺ","translation":{"text":"(of each) other","language_name":"english","language_id":38},"transliteration":{"text":"baʿḍin","language_name":"english","language_id":38}},{"id":79814,"position":20,"audio_url":"wbw/002_145_023.mp3","qpc_uthmani_hafs":"وَلَئِنِ","char_type_name":"word","page_number":22,"line_number":14,"text":"ﯻ","translation":{"text":"And if","language_name":"english","language_id":38},"transliteration":{"text":"wala-ini","language_name":"english","language_id":38}},{"id":79815,"position":21,"audio_url":"wbw/002_145_024.mp3","qpc_uthmani_hafs":"ٱتَّبَعۡتَ","char_type_name":"word","page_number":22,"line_number":14,"text":"ﯼ","translation":{"text":"you followed","language_name":"english","language_id":38},"transliteration":{"text":"ittabaʿta","language_name":"english","language_id":38}},{"id":79816,"position":22,"audio_url":"wbw/002_145_025.mp3","qpc_uthmani_hafs":"أَهۡوَآءَهُم","char_type_name":"word","page_number":22,"line_number":14,"text":"ﯽ","translation":{"text":"their desires","language_name":"english","language_id":38},"transliteration":{"text":"ahwāahum","language_name":"english","language_id":38}},{"id":79817,"position":23,"audio_url":"wbw/002_145_026.mp3","qpc_uthmani_hafs":"مِّنۢ","char_type_name":"word","page_number":22,"line_number":14,"text":"ﯾ","translation":{"text":"from","language_name":"english","language_id":38},"transliteration":{"text":"min","language_name":"english","language_id":38}},{"id":79818,"position":24,"audio_url":"wbw/002_145_027.mp3","qpc_uthmani_hafs":"بَعۡدِ","char_type_name":"word","page_number":22,"line_number":14,"text":"ﯿ","translation":{"text":"after","language_name":"english","language_id":38},"transliteration":{"text":"baʿdi","language_name":"english","language_id":38}},{"id":79819,"position":25,"audio_url":"wbw/002_145_028.mp3","qpc_uthmani_hafs":"مَا","char_type_name":"word","page_number":22,"line_number":15,"text":"ﰀ","translation":{"text":"[what]","language_name":"english","language_id":38},"transliteration":{"text":"mā","language_name":"english","language_id":38}},{"id":79820,"position":26,"audio_url":"wbw/002_145_029.mp3","qpc_uthmani_hafs":"جَآءَكَ","char_type_name":"word","page_number":22,"line_number":15,"text":"ﰁ","translation":{"text":"came to you","language_name":"english","language_id":38},"transliteration":{"text":"jāaka","language_name":"english","language_id":38}},{"id":79821,"position":27,"audio_url":"wbw/002_145_030.mp3","qpc_uthmani_hafs":"مِنَ","char_type_name":"word","page_number":22,"line_number":15,"text":"ﰂ","translation":{"text":"of","language_name":"english","language_id":38},"transliteration":{"text":"mina","language_name":"english","language_id":38}},{"id":79822,"position":28,"audio_url":"wbw/002_145_031.mp3","qpc_uthmani_hafs":"ٱلۡعِلۡمِ","char_type_name":"word","page_number":22,"line_number":15,"text":"ﰃﰄ","translation":{"text":"the knowledge","language_name":"english","language_id":38},"transliteration":{"text":"l-ʿil'mi","language_name":"english","language_id":38}},{"id":79824,"position":29,"audio_url":"wbw/002_145_033.mp3","qpc_uthmani_hafs":"إِنَّكَ","char_type_name":"word","page_number":22,"line_number":15,"text":"ﰅ","translation":{"text":"indeed, you","language_name":"english","language_id":38},"transliteration":{"text":"innaka","language_name":"english","language_id":38}},{"id":79825,"position":30,"audio_url":"wbw/002_145_034.mp3","qpc_uthmani_hafs":"إِذٗا","char_type_name":"word","page_number":22,"line_number":15,"text":"ﰆ","translation":{"text":"(would) then","language_name":"english","language_id":38},"transliteration":{"text":"idhan","language_name":"english","language_id":38}},{"id":79826,"position":31,"audio_url":"wbw/002_145_035.mp3","qpc_uthmani_hafs":"لَّمِنَ","char_type_name":"word","page_number":22,"line_number":15,"text":"ﰇ","translation":{"text":"(be) surely among","language_name":"english","language_id":38},"transliteration":{"text":"lamina","language_name":"english","language_id":38}},{"id":79827,"position":32,"audio_url":"wbw/002_145_036.mp3","qpc_uthmani_hafs":"ٱلظَّٰلِمِينَ","char_type_name":"word","page_number":22,"line_number":15,"text":"ﰈ","translation":{"text":"the wrongdoers","language_name":"english","language_id":38},"transliteration":{"text":"l-ẓālimīna","language_name":"english","language_id":38}},{"id":79828,"position":33,"audio_url":null,"qpc_uthmani_hafs":"١٤٥","char_type_name":"end","page_number":22,"line_number":15,"text":"ﰉ","translation":{"text":"(145)","language_name":"english","language_id":38},"transliteration":{"text":null,"language_name":"english","language_id":38}}],"translations":[{"id":916581,"resource_id":134,"text":"Dan sesungguhnya jika kamu mendatangkan kepada orang-orang (Yahudi dan Nasrani) yang diberi Alkitab (Taurat dan Injil), semua ayat (keterangan), mereka tidak akan mengikuti kiblatmu, dan kamu pun tidak akan mengikuti kiblat mereka, dan sebagian mereka pun tidak akan mengikuti kiblat sebagian yang lain.  Dan sesungguhnya jika kamu mengikuti keinginan mereka setelah datang ilmu kepadamu, sesungguhnya kamu kalau begitu termasuk golongan orang-orang yang zalim."}]}],"pagination":{"per_page":50,"current_page":1,"next_page":null,"total_pages":1,"total_records":4}}