{"verses":[{"id":1471,"verse_number":107,"verse_key":"10:107","juz_number":11,"hizb_number":22,"rub_el_hizb_number":88,"ruku_number":182,"manzil_number":3,"sajdah_number":null,"text_uthmani":"وَإِن يَمْسَسْكَ ٱللَّهُ بِضُرٍّ فَلَا كَاشِفَ لَهُۥٓ إِلَّا هُوَ ۖ وَإِن يُرِدْكَ بِخَيْرٍ فَلَا رَآدَّ لِفَضْلِهِۦ ۚ يُصِيبُ بِهِۦ مَن يَشَآءُ مِنْ عِبَادِهِۦ ۚ وَهُوَ ٱلْغَفُورُ ٱلرَّحِيمُ","page_number":221,"words":[{"id":73206,"position":1,"audio_url":"wbw/010_107_001.mp3","qpc_uthmani_hafs":"وَإِن","char_type_name":"word","page_number":221,"line_number":1,"text":"ﭑ","translation":{"text":"And if","language_name":"english","language_id":38},"transliteration":{"text":"wa-in","language_name":"english","language_id":38}},{"id":73207,"position":2,"audio_url":"wbw/010_107_002.mp3","qpc_uthmani_hafs":"يَمۡسَسۡكَ","char_type_name":"word","page_number":221,"line_number":1,"text":"ﭒ","translation":{"text":"Allah touches you","language_name":"english","language_id":38},"transliteration":{"text":"yamsaska","language_name":"english","language_id":38}},{"id":73208,"position":3,"audio_url":"wbw/010_107_003.mp3","qpc_uthmani_hafs":"ٱللَّهُ","char_type_name":"word","page_number":221,"line_number":1,"text":"ﭓ","translation":{"text":"Allah touches you","language_name":"english","language_id":38},"transliteration":{"text":"l-lahu","language_name":"english","language_id":38}},{"id":73209,"position":4,"audio_url":"wbw/010_107_004.mp3","qpc_uthmani_hafs":"بِضُرّٖ","char_type_name":"word","page_number":221,"line_number":1,"text":"ﭔ","translation":{"text":"with adversity","language_name":"english","language_id":38},"transliteration":{"text":"biḍurrin","language_name":"english","language_id":38}},{"id":73210,"position":5,"audio_url":"wbw/010_107_005.mp3","qpc_uthmani_hafs":"فَلَا","char_type_name":"word","page_number":221,"line_number":1,"text":"ﭕ","translation":{"text":"(there is) no","language_name":"english","language_id":38},"transliteration":{"text":"falā","language_name":"english","language_id":38}},{"id":73211,"position":6,"audio_url":"wbw/010_107_006.mp3","qpc_uthmani_hafs":"كَاشِفَ","char_type_name":"word","page_number":221,"line_number":1,"text":"ﭖ","translation":{"text":"remover","language_name":"english","language_id":38},"transliteration":{"text":"kāshifa","language_name":"english","language_id":38}},{"id":73212,"position":7,"audio_url":"wbw/010_107_007.mp3","qpc_uthmani_hafs":"لَهُۥٓ","char_type_name":"word","page_number":221,"line_number":1,"text":"ﭗ","translation":{"text":"of it","language_name":"english","language_id":38},"transliteration":{"text":"lahu","language_name":"english","language_id":38}},{"id":73213,"position":8,"audio_url":"wbw/010_107_008.mp3","qpc_uthmani_hafs":"إِلَّا","char_type_name":"word","page_number":221,"line_number":1,"text":"ﭘ","translation":{"text":"except","language_name":"english","language_id":38},"transliteration":{"text":"illā","language_name":"english","language_id":38}},{"id":73214,"position":9,"audio_url":"wbw/010_107_009.mp3","qpc_uthmani_hafs":"هُوَۖ","char_type_name":"word","page_number":221,"line_number":1,"text":"ﭙﭚ","translation":{"text":"Him","language_name":"english","language_id":38},"transliteration":{"text":"huwa","language_name":"english","language_id":38}},{"id":73216,"position":10,"audio_url":"wbw/010_107_011.mp3","qpc_uthmani_hafs":"وَإِن","char_type_name":"word","page_number":221,"line_number":1,"text":"ﭛ","translation":{"text":"and if","language_name":"english","language_id":38},"transliteration":{"text":"wa-in","language_name":"english","language_id":38}},{"id":73217,"position":11,"audio_url":"wbw/010_107_012.mp3","qpc_uthmani_hafs":"يُرِدۡكَ","char_type_name":"word","page_number":221,"line_number":2,"text":"ﭜ","translation":{"text":"He intends for you","language_name":"english","language_id":38},"transliteration":{"text":"yurid'ka","language_name":"english","language_id":38}},{"id":73218,"position":12,"audio_url":"wbw/010_107_013.mp3","qpc_uthmani_hafs":"بِخَيۡرٖ","char_type_name":"word","page_number":221,"line_number":2,"text":"ﭝ","translation":{"text":"any good","language_name":"english","language_id":38},"transliteration":{"text":"bikhayrin","language_name":"english","language_id":38}},{"id":73219,"position":13,"audio_url":"wbw/010_107_014.mp3","qpc_uthmani_hafs":"فَلَا","char_type_name":"word","page_number":221,"line_number":2,"text":"ﭞ","translation":{"text":"then (there is) no","language_name":"english","language_id":38},"transliteration":{"text":"falā","language_name":"english","language_id":38}},{"id":73220,"position":14,"audio_url":"wbw/010_107_015.mp3","qpc_uthmani_hafs":"رَآدَّ","char_type_name":"word","page_number":221,"line_number":2,"text":"ﭟ","translation":{"text":"repeller","language_name":"english","language_id":38},"transliteration":{"text":"rādda","language_name":"english","language_id":38}},{"id":73221,"position":15,"audio_url":"wbw/010_107_016.mp3","qpc_uthmani_hafs":"لِفَضۡلِهِۦۚ","char_type_name":"word","page_number":221,"line_number":2,"text":"ﭠﭡ","translation":{"text":"(of) His Bounty","language_name":"english","language_id":38},"transliteration":{"text":"lifaḍlihi","language_name":"english","language_id":38}},{"id":73223,"position":16,"audio_url":"wbw/010_107_018.mp3","qpc_uthmani_hafs":"يُصِيبُ","char_type_name":"word","page_number":221,"line_number":2,"text":"ﭢ","translation":{"text":"He causes it to reach","language_name":"english","language_id":38},"transliteration":{"text":"yuṣību","language_name":"english","language_id":38}},{"id":73224,"position":17,"audio_url":"wbw/010_107_019.mp3","qpc_uthmani_hafs":"بِهِۦ","char_type_name":"word","page_number":221,"line_number":2,"text":"ﭣ","translation":{"text":"He causes it to reach","language_name":"english","language_id":38},"transliteration":{"text":"bihi","language_name":"english","language_id":38}},{"id":73225,"position":18,"audio_url":"wbw/010_107_020.mp3","qpc_uthmani_hafs":"مَن","char_type_name":"word","page_number":221,"line_number":2,"text":"ﭤ","translation":{"text":"whom","language_name":"english","language_id":38},"transliteration":{"text":"man","language_name":"english","language_id":38}},{"id":73226,"position":19,"audio_url":"wbw/010_107_021.mp3","qpc_uthmani_hafs":"يَشَآءُ","char_type_name":"word","page_number":221,"line_number":2,"text":"ﭥ","translation":{"text":"He wills","language_name":"english","language_id":38},"transliteration":{"text":"yashāu","language_name":"english","language_id":38}},{"id":73227,"position":20,"audio_url":"wbw/010_107_022.mp3","qpc_uthmani_hafs":"مِنۡ","char_type_name":"word","page_number":221,"line_number":2,"text":"ﭦ","translation":{"text":"of","language_name":"english","language_id":38},"transliteration":{"text":"min","language_name":"english","language_id":38}},{"id":73228,"position":21,"audio_url":"wbw/010_107_023.mp3","qpc_uthmani_hafs":"عِبَادِهِۦۚ","char_type_name":"word","page_number":221,"line_number":2,"text":"ﭧﭨ","translation":{"text":"His slaves","language_name":"english","language_id":38},"transliteration":{"text":"ʿibādihi","language_name":"english","language_id":38}},{"id":73230,"position":22,"audio_url":"wbw/010_107_025.mp3","qpc_uthmani_hafs":"وَهُوَ","char_type_name":"word","page_number":221,"line_number":3,"text":"ﭩ","translation":{"text":"And He","language_name":"english","language_id":38},"transliteration":{"text":"wahuwa","language_name":"english","language_id":38}},{"id":73231,"position":23,"audio_url":"wbw/010_107_026.mp3","qpc_uthmani_hafs":"ٱلۡغَفُورُ","char_type_name":"word","page_number":221,"line_number":3,"text":"ﭪ","translation":{"text":"(is) the Oft-Forgiving","language_name":"english","language_id":38},"transliteration":{"text":"l-ghafūru","language_name":"english","language_id":38}},{"id":73232,"position":24,"audio_url":"wbw/010_107_027.mp3","qpc_uthmani_hafs":"ٱلرَّحِيمُ","char_type_name":"word","page_number":221,"line_number":3,"text":"ﭫ","translation":{"text":"the Most Merciful","language_name":"english","language_id":38},"transliteration":{"text":"l-raḥīmu","language_name":"english","language_id":38}},{"id":73233,"position":25,"audio_url":null,"qpc_uthmani_hafs":"١٠٧","char_type_name":"end","page_number":221,"line_number":3,"text":"ﭬ","translation":{"text":"(107)","language_name":"english","language_id":38},"transliteration":{"text":null,"language_name":"english","language_id":38}}],"translations":[{"id":917900,"resource_id":134,"text":"Jika Allah menimpakan sesuatu kemudaratan kepadamu, maka tidak ada yang dapat menghilangkannya kecuali Dia.  Dan jika Allah menghendaki kebaikan bagi kamu, maka tidak ada yang dapat menolak karunia-Nya.  Dia memberikan kebaikan itu kepada siapa yang dikehendaki-Nya di antara hamba-hamba-Nya dan Dia-lah Yang Maha Pengampun lagi Maha Penyayang."}]},{"id":1472,"verse_number":108,"verse_key":"10:108","juz_number":11,"hizb_number":22,"rub_el_hizb_number":88,"ruku_number":182,"manzil_number":3,"sajdah_number":null,"text_uthmani":"قُلْ يَـٰٓأَيُّهَا ٱلنَّاسُ قَدْ جَآءَكُمُ ٱلْحَقُّ مِن رَّبِّكُمْ ۖ فَمَنِ ٱهْتَدَىٰ فَإِنَّمَا يَهْتَدِى لِنَفْسِهِۦ ۖ وَمَن ضَلَّ فَإِنَّمَا يَضِلُّ عَلَيْهَا ۖ وَمَآ أَنَا۠ عَلَيْكُم بِوَكِيلٍ","page_number":221,"words":[{"id":73458,"position":1,"audio_url":"wbw/010_108_001.mp3","qpc_uthmani_hafs":"قُلۡ","char_type_name":"word","page_number":221,"line_number":3,"text":"ﭭ","translation":{"text":"Say","language_name":"english","language_id":38},"transliteration":{"text":"qul","language_name":"english","language_id":38}},{"id":73459,"position":2,"audio_url":"wbw/010_108_002.mp3","qpc_uthmani_hafs":"يَٰٓأَيُّهَا","char_type_name":"word","page_number":221,"line_number":3,"text":"ﭮ","translation":{"text":"O mankind","language_name":"english","language_id":38},"transliteration":{"text":"yāayyuhā","language_name":"english","language_id":38}},{"id":73460,"position":3,"audio_url":"wbw/010_108_003.mp3","qpc_uthmani_hafs":"ٱلنَّاسُ","char_type_name":"word","page_number":221,"line_number":3,"text":"ﭯ","translation":{"text":"O mankind","language_name":"english","language_id":38},"transliteration":{"text":"l-nāsu","language_name":"english","language_id":38}},{"id":73461,"position":4,"audio_url":"wbw/010_108_004.mp3","qpc_uthmani_hafs":"قَدۡ","char_type_name":"word","page_number":221,"line_number":3,"text":"ﭰ","translation":{"text":"Verily","language_name":"english","language_id":38},"transliteration":{"text":"qad","language_name":"english","language_id":38}},{"id":73462,"position":5,"audio_url":"wbw/010_108_005.mp3","qpc_uthmani_hafs":"جَآءَكُمُ","char_type_name":"word","page_number":221,"line_number":3,"text":"ﭱ","translation":{"text":"has come to you","language_name":"english","language_id":38},"transliteration":{"text":"jāakumu","language_name":"english","language_id":38}},{"id":73463,"position":6,"audio_url":"wbw/010_108_006.mp3","qpc_uthmani_hafs":"ٱلۡحَقُّ","char_type_name":"word","page_number":221,"line_number":4,"text":"ﭲ","translation":{"text":"the truth","language_name":"english","language_id":38},"transliteration":{"text":"l-ḥaqu","language_name":"english","language_id":38}},{"id":73464,"position":7,"audio_url":"wbw/010_108_007.mp3","qpc_uthmani_hafs":"مِن","char_type_name":"word","page_number":221,"line_number":4,"text":"ﭳ","translation":{"text":"from","language_name":"english","language_id":38},"transliteration":{"text":"min","language_name":"english","language_id":38}},{"id":73465,"position":8,"audio_url":"wbw/010_108_008.mp3","qpc_uthmani_hafs":"رَّبِّكُمۡۖ","char_type_name":"word","page_number":221,"line_number":4,"text":"ﭴﭵ","translation":{"text":"your Lord","language_name":"english","language_id":38},"transliteration":{"text":"rabbikum","language_name":"english","language_id":38}},{"id":73467,"position":9,"audio_url":"wbw/010_108_010.mp3","qpc_uthmani_hafs":"فَمَنِ","char_type_name":"word","page_number":221,"line_number":4,"text":"ﭶ","translation":{"text":"So whoever","language_name":"english","language_id":38},"transliteration":{"text":"famani","language_name":"english","language_id":38}},{"id":73468,"position":10,"audio_url":"wbw/010_108_011.mp3","qpc_uthmani_hafs":"ٱهۡتَدَىٰ","char_type_name":"word","page_number":221,"line_number":4,"text":"ﭷ","translation":{"text":"(is) guided","language_name":"english","language_id":38},"transliteration":{"text":"ih'tadā","language_name":"english","language_id":38}},{"id":73469,"position":11,"audio_url":"wbw/010_108_012.mp3","qpc_uthmani_hafs":"فَإِنَّمَا","char_type_name":"word","page_number":221,"line_number":4,"text":"ﭸ","translation":{"text":"then only","language_name":"english","language_id":38},"transliteration":{"text":"fa-innamā","language_name":"english","language_id":38}},{"id":73470,"position":12,"audio_url":"wbw/010_108_013.mp3","qpc_uthmani_hafs":"يَهۡتَدِي","char_type_name":"word","page_number":221,"line_number":4,"text":"ﭹ","translation":{"text":"(he is) guided","language_name":"english","language_id":38},"transliteration":{"text":"yahtadī","language_name":"english","language_id":38}},{"id":73471,"position":13,"audio_url":"wbw/010_108_014.mp3","qpc_uthmani_hafs":"لِنَفۡسِهِۦۖ","char_type_name":"word","page_number":221,"line_number":4,"text":"ﭺﭻ","translation":{"text":"for his soul","language_name":"english","language_id":38},"transliteration":{"text":"linafsihi","language_name":"english","language_id":38}},{"id":73473,"position":14,"audio_url":"wbw/010_108_016.mp3","qpc_uthmani_hafs":"وَمَن","char_type_name":"word","page_number":221,"line_number":4,"text":"ﭼ","translation":{"text":"and whoever","language_name":"english","language_id":38},"transliteration":{"text":"waman","language_name":"english","language_id":38}},{"id":73474,"position":15,"audio_url":"wbw/010_108_017.mp3","qpc_uthmani_hafs":"ضَلَّ","char_type_name":"word","page_number":221,"line_number":5,"text":"ﭽ","translation":{"text":"goes astray","language_name":"english","language_id":38},"transliteration":{"text":"ḍalla","language_name":"english","language_id":38}},{"id":73475,"position":16,"audio_url":"wbw/010_108_018.mp3","qpc_uthmani_hafs":"فَإِنَّمَا","char_type_name":"word","page_number":221,"line_number":5,"text":"ﭾ","translation":{"text":"then only","language_name":"english","language_id":38},"transliteration":{"text":"fa-innamā","language_name":"english","language_id":38}},{"id":73476,"position":17,"audio_url":"wbw/010_108_019.mp3","qpc_uthmani_hafs":"يَضِلُّ","char_type_name":"word","page_number":221,"line_number":5,"text":"ﭿ","translation":{"text":"he strays","language_name":"english","language_id":38},"transliteration":{"text":"yaḍillu","language_name":"english","language_id":38}},{"id":73477,"position":18,"audio_url":"wbw/010_108_020.mp3","qpc_uthmani_hafs":"عَلَيۡهَاۖ","char_type_name":"word","page_number":221,"line_number":5,"text":"ﮀﮁ","translation":{"text":"against it","language_name":"english","language_id":38},"transliteration":{"text":"ʿalayhā","language_name":"english","language_id":38}},{"id":73479,"position":19,"audio_url":"wbw/010_108_022.mp3","qpc_uthmani_hafs":"وَمَآ","char_type_name":"word","page_number":221,"line_number":5,"text":"ﮂ","translation":{"text":"And I am not","language_name":"english","language_id":38},"transliteration":{"text":"wamā","language_name":"english","language_id":38}},{"id":73480,"position":20,"audio_url":"wbw/010_108_023.mp3","qpc_uthmani_hafs":"أَنَا۠","char_type_name":"word","page_number":221,"line_number":5,"text":"ﮃ","translation":{"text":"And I am not","language_name":"english","language_id":38},"transliteration":{"text":"anā","language_name":"english","language_id":38}},{"id":73481,"position":21,"audio_url":"wbw/010_108_024.mp3","qpc_uthmani_hafs":"عَلَيۡكُم","char_type_name":"word","page_number":221,"line_number":5,"text":"ﮄ","translation":{"text":"over you","language_name":"english","language_id":38},"transliteration":{"text":"ʿalaykum","language_name":"english","language_id":38}},{"id":73482,"position":22,"audio_url":"wbw/010_108_025.mp3","qpc_uthmani_hafs":"بِوَكِيلٖ","char_type_name":"word","page_number":221,"line_number":5,"text":"ﮅ","translation":{"text":"a guardian","language_name":"english","language_id":38},"transliteration":{"text":"biwakīlin","language_name":"english","language_id":38}},{"id":73483,"position":23,"audio_url":null,"qpc_uthmani_hafs":"١٠٨","char_type_name":"end","page_number":221,"line_number":5,"text":"ﮆ","translation":{"text":"(108)","language_name":"english","language_id":38},"transliteration":{"text":null,"language_name":"english","language_id":38}}],"translations":[{"id":917901,"resource_id":134,"text":"Katakanlah, \"Hai manusia, sesungguhnya teIah datang kepadamu kebenaran (Al-Qur`ān) dari Tuhan-mu; sebab itu barang siapa yang mendapat petunjuk, maka sesungguhnya (petunjuk itu) untuk kebaikan dirinya sendiri.  Dan barang siapa yang sesat, maka sesungguhnya kesesatannya itu mencelakakan dirinya sendiri.  Dan aku bukanlah seorang penjaga terhadap dirimu\"."}]},{"id":1473,"verse_number":109,"verse_key":"10:109","juz_number":11,"hizb_number":22,"rub_el_hizb_number":88,"ruku_number":182,"manzil_number":3,"sajdah_number":null,"text_uthmani":"وَٱتَّبِعْ مَا يُوحَىٰٓ إِلَيْكَ وَٱصْبِرْ حَتَّىٰ يَحْكُمَ ٱللَّهُ ۚ وَهُوَ خَيْرُ ٱلْحَـٰكِمِينَ","page_number":221,"words":[{"id":73738,"position":1,"audio_url":"wbw/010_109_001.mp3","qpc_uthmani_hafs":"وَٱتَّبِعۡ","char_type_name":"word","page_number":221,"line_number":5,"text":"ﮇ","translation":{"text":"And follow","language_name":"english","language_id":38},"transliteration":{"text":"wa-ittabiʿ","language_name":"english","language_id":38}},{"id":73739,"position":2,"audio_url":"wbw/010_109_002.mp3","qpc_uthmani_hafs":"مَا","char_type_name":"word","page_number":221,"line_number":6,"text":"ﮈ","translation":{"text":"what","language_name":"english","language_id":38},"transliteration":{"text":"mā","language_name":"english","language_id":38}},{"id":73740,"position":3,"audio_url":"wbw/010_109_003.mp3","qpc_uthmani_hafs":"يُوحَىٰٓ","char_type_name":"word","page_number":221,"line_number":6,"text":"ﮉ","translation":{"text":"is revealed","language_name":"english","language_id":38},"transliteration":{"text":"yūḥā","language_name":"english","language_id":38}},{"id":73741,"position":4,"audio_url":"wbw/010_109_004.mp3","qpc_uthmani_hafs":"إِلَيۡكَ","char_type_name":"word","page_number":221,"line_number":6,"text":"ﮊ","translation":{"text":"to you","language_name":"english","language_id":38},"transliteration":{"text":"ilayka","language_name":"english","language_id":38}},{"id":73742,"position":5,"audio_url":"wbw/010_109_005.mp3","qpc_uthmani_hafs":"وَٱصۡبِرۡ","char_type_name":"word","page_number":221,"line_number":6,"text":"ﮋ","translation":{"text":"and be patient","language_name":"english","language_id":38},"transliteration":{"text":"wa-iṣ'bir","language_name":"english","language_id":38}},{"id":73743,"position":6,"audio_url":"wbw/010_109_006.mp3","qpc_uthmani_hafs":"حَتَّىٰ","char_type_name":"word","page_number":221,"line_number":6,"text":"ﮌ","translation":{"text":"until","language_name":"english","language_id":38},"transliteration":{"text":"ḥattā","language_name":"english","language_id":38}},{"id":73744,"position":7,"audio_url":"wbw/010_109_007.mp3","qpc_uthmani_hafs":"يَحۡكُمَ","char_type_name":"word","page_number":221,"line_number":6,"text":"ﮍ","translation":{"text":"Allah gives judgment","language_name":"english","language_id":38},"transliteration":{"text":"yaḥkuma","language_name":"english","language_id":38}},{"id":73745,"position":8,"audio_url":"wbw/010_109_008.mp3","qpc_uthmani_hafs":"ٱللَّهُۚ","char_type_name":"word","page_number":221,"line_number":6,"text":"ﮎﮏ","translation":{"text":"Allah gives judgment","language_name":"english","language_id":38},"transliteration":{"text":"l-lahu","language_name":"english","language_id":38}},{"id":73747,"position":9,"audio_url":"wbw/010_109_010.mp3","qpc_uthmani_hafs":"وَهُوَ","char_type_name":"word","page_number":221,"line_number":6,"text":"ﮐ","translation":{"text":"And He","language_name":"english","language_id":38},"transliteration":{"text":"wahuwa","language_name":"english","language_id":38}},{"id":73748,"position":10,"audio_url":"wbw/010_109_011.mp3","qpc_uthmani_hafs":"خَيۡرُ","char_type_name":"word","page_number":221,"line_number":6,"text":"ﮑ","translation":{"text":"(is) the Best","language_name":"english","language_id":38},"transliteration":{"text":"khayru","language_name":"english","language_id":38}},{"id":73749,"position":11,"audio_url":"wbw/010_109_012.mp3","qpc_uthmani_hafs":"ٱلۡحَٰكِمِينَ","char_type_name":"word","page_number":221,"line_number":6,"text":"ﮒ","translation":{"text":"(of) the Judges","language_name":"english","language_id":38},"transliteration":{"text":"l-ḥākimīna","language_name":"english","language_id":38}},{"id":73750,"position":12,"audio_url":null,"qpc_uthmani_hafs":"١٠٩","char_type_name":"end","page_number":221,"line_number":6,"text":"ﮓ","translation":{"text":"(109)","language_name":"english","language_id":38},"transliteration":{"text":null,"language_name":"english","language_id":38}}],"translations":[{"id":917902,"resource_id":134,"text":"Dan ikutilah apa yang diwahyukan kepadamu dan bersabarlah hingga Allah memberi keputusan dan Dia adalah Hakim yang sebaik-baiknya."}]},{"id":1474,"verse_number":1,"verse_key":"11:1","juz_number":11,"hizb_number":22,"rub_el_hizb_number":88,"ruku_number":183,"manzil_number":3,"sajdah_number":null,"text_uthmani":" الٓر ۚ كِتَـٰبٌ أُحْكِمَتْ ءَايَـٰتُهُۥ ثُمَّ فُصِّلَتْ مِن لَّدُنْ حَكِيمٍ خَبِيرٍ","page_number":221,"words":[{"id":651,"position":1,"audio_url":"wbw/011_001_001.mp3","qpc_uthmani_hafs":"الٓرۚ","char_type_name":"word","page_number":221,"line_number":9,"text":"ﮔﮕ","translation":{"text":"Alif Lam Ra","language_name":"english","language_id":38},"transliteration":{"text":"alif-lam-ra","language_name":"english","language_id":38}},{"id":653,"position":2,"audio_url":"wbw/011_001_003.mp3","qpc_uthmani_hafs":"كِتَٰبٌ","char_type_name":"word","page_number":221,"line_number":9,"text":"ﮖ","translation":{"text":"(This is) a Book","language_name":"english","language_id":38},"transliteration":{"text":"kitābun","language_name":"english","language_id":38}},{"id":654,"position":3,"audio_url":"wbw/011_001_004.mp3","qpc_uthmani_hafs":"أُحۡكِمَتۡ","char_type_name":"word","page_number":221,"line_number":9,"text":"ﮗ","translation":{"text":"are perfected","language_name":"english","language_id":38},"transliteration":{"text":"uḥ'kimat","language_name":"english","language_id":38}},{"id":655,"position":4,"audio_url":"wbw/011_001_005.mp3","qpc_uthmani_hafs":"ءَايَٰتُهُۥ","char_type_name":"word","page_number":221,"line_number":9,"text":"ﮘ","translation":{"text":"its Verses","language_name":"english","language_id":38},"transliteration":{"text":"āyātuhu","language_name":"english","language_id":38}},{"id":656,"position":5,"audio_url":"wbw/011_001_006.mp3","qpc_uthmani_hafs":"ثُمَّ","char_type_name":"word","page_number":221,"line_number":9,"text":"ﮙ","translation":{"text":"moreover","language_name":"english","language_id":38},"transliteration":{"text":"thumma","language_name":"english","language_id":38}},{"id":657,"position":6,"audio_url":"wbw/011_001_007.mp3","qpc_uthmani_hafs":"فُصِّلَتۡ","char_type_name":"word","page_number":221,"line_number":9,"text":"ﮚ","translation":{"text":"explained in detail","language_name":"english","language_id":38},"transliteration":{"text":"fuṣṣilat","language_name":"english","language_id":38}},{"id":658,"position":7,"audio_url":"wbw/011_001_008.mp3","qpc_uthmani_hafs":"مِن","char_type_name":"word","page_number":221,"line_number":9,"text":"ﮛ","translation":{"text":"from (he One Who)","language_name":"english","language_id":38},"transliteration":{"text":"min","language_name":"english","language_id":38}},{"id":659,"position":8,"audio_url":"wbw/011_001_009.mp3","qpc_uthmani_hafs":"لَّدُنۡ","char_type_name":"word","page_number":221,"line_number":9,"text":"ﮜ","translation":{"text":"from (he One Who)","language_name":"english","language_id":38},"transliteration":{"text":"ladun","language_name":"english","language_id":38}},{"id":660,"position":9,"audio_url":"wbw/011_001_010.mp3","qpc_uthmani_hafs":"حَكِيمٍ","char_type_name":"word","page_number":221,"line_number":9,"text":"ﮝ","translation":{"text":"(is) All-Wise","language_name":"english","language_id":38},"transliteration":{"text":"ḥakīmin","language_name":"english","language_id":38}},{"id":661,"position":10,"audio_url":"wbw/011_001_011.mp3","qpc_uthmani_hafs":"خَبِيرٍ","char_type_name":"word","page_number":221,"line_number":9,"text":"ﮞ","translation":{"text":"All-Aware","language_name":"english","language_id":38},"transliteration":{"text":"khabīrin","language_name":"english","language_id":38}},{"id":662,"position":11,"audio_url":null,"qpc_uthmani_hafs":"١","char_type_name":"end","page_number":221,"line_number":9,"text":"ﮟ","translation":{"text":"(1)","language_name":"english","language_id":38},"transliteration":{"text":null,"language_name":"english","language_id":38}}],"translations":[{"id":917903,"resource_id":134,"text":"Alif Lām Rā, (inilah) suatu kitab yang ayat-ayatnya disusun dengan rapi serta dijelaskan secara terperinci <sup foot_note=210476>1</sup> yang diturunkan dari sisi (Allah) Yang Maha Bijaksana lagi Maha Tahu,"}]},{"id":1475,"verse_number":2,"verse_key":"11:2","juz_number":11,"hizb_number":22,"rub_el_hizb_number":88,"ruku_number":183,"manzil_number":3,"sajdah_number":null,"text_uthmani":"أَلَّا تَعْبُدُوٓا۟ إِلَّا ٱللَّهَ ۚ إِنَّنِى لَكُم مِّنْهُ نَذِيرٌ وَبَشِيرٌ","page_number":221,"words":[{"id":1749,"position":1,"audio_url":"wbw/011_002_001.mp3","qpc_uthmani_hafs":"أَلَّا","char_type_name":"word","page_number":221,"line_number":10,"text":"ﮠ","translation":{"text":"That \"Not","language_name":"english","language_id":38},"transliteration":{"text":"allā","language_name":"english","language_id":38}},{"id":1750,"position":2,"audio_url":"wbw/011_002_002.mp3","qpc_uthmani_hafs":"تَعۡبُدُوٓاْ","char_type_name":"word","page_number":221,"line_number":10,"text":"ﮡ","translation":{"text":"you worship","language_name":"english","language_id":38},"transliteration":{"text":"taʿbudū","language_name":"english","language_id":38}},{"id":1751,"position":3,"audio_url":"wbw/011_002_003.mp3","qpc_uthmani_hafs":"إِلَّا","char_type_name":"word","page_number":221,"line_number":10,"text":"ﮢ","translation":{"text":"but","language_name":"english","language_id":38},"transliteration":{"text":"illā","language_name":"english","language_id":38}},{"id":1752,"position":4,"audio_url":"wbw/011_002_004.mp3","qpc_uthmani_hafs":"ٱللَّهَۚ","char_type_name":"word","page_number":221,"line_number":10,"text":"ﮣﮤ","translation":{"text":"Allah","language_name":"english","language_id":38},"transliteration":{"text":"l-laha","language_name":"english","language_id":38}},{"id":1754,"position":5,"audio_url":"wbw/011_002_006.mp3","qpc_uthmani_hafs":"إِنَّنِي","char_type_name":"word","page_number":221,"line_number":10,"text":"ﮥ","translation":{"text":"Indeed, I am","language_name":"english","language_id":38},"transliteration":{"text":"innanī","language_name":"english","language_id":38}},{"id":1755,"position":6,"audio_url":"wbw/011_002_007.mp3","qpc_uthmani_hafs":"لَكُم","char_type_name":"word","page_number":221,"line_number":10,"text":"ﮦ","translation":{"text":"to you","language_name":"english","language_id":38},"transliteration":{"text":"lakum","language_name":"english","language_id":38}},{"id":1756,"position":7,"audio_url":"wbw/011_002_008.mp3","qpc_uthmani_hafs":"مِّنۡهُ","char_type_name":"word","page_number":221,"line_number":10,"text":"ﮧ","translation":{"text":"from Him","language_name":"english","language_id":38},"transliteration":{"text":"min'hu","language_name":"english","language_id":38}},{"id":1757,"position":8,"audio_url":"wbw/011_002_009.mp3","qpc_uthmani_hafs":"نَذِيرٞ","char_type_name":"word","page_number":221,"line_number":10,"text":"ﮨ","translation":{"text":"a warner","language_name":"english","language_id":38},"transliteration":{"text":"nadhīrun","language_name":"english","language_id":38}},{"id":1758,"position":9,"audio_url":"wbw/011_002_010.mp3","qpc_uthmani_hafs":"وَبَشِيرٞ","char_type_name":"word","page_number":221,"line_number":10,"text":"ﮩ","translation":{"text":"and a bearer of glad tidings","language_name":"english","language_id":38},"transliteration":{"text":"wabashīrun","language_name":"english","language_id":38}},{"id":1759,"position":10,"audio_url":null,"qpc_uthmani_hafs":"٢","char_type_name":"end","page_number":221,"line_number":10,"text":"ﮪ","translation":{"text":"(2)","language_name":"english","language_id":38},"transliteration":{"text":null,"language_name":"english","language_id":38}}],"translations":[{"id":917904,"resource_id":134,"text":"agar kamu tidak menyembah selain Allah. Sesungguhnya aku (Muhammad) adalah pemberi peringatan dan pembawa kabar gembira kepadamu dari-Nya,"}]},{"id":1476,"verse_number":3,"verse_key":"11:3","juz_number":11,"hizb_number":22,"rub_el_hizb_number":88,"ruku_number":183,"manzil_number":3,"sajdah_number":null,"text_uthmani":"وَأَنِ ٱسْتَغْفِرُوا۟ رَبَّكُمْ ثُمَّ تُوبُوٓا۟ إِلَيْهِ يُمَتِّعْكُم مَّتَـٰعًا حَسَنًا إِلَىٰٓ أَجَلٍ مُّسَمًّى وَيُؤْتِ كُلَّ ذِى فَضْلٍ فَضْلَهُۥ ۖ وَإِن تَوَلَّوْا۟ فَإِنِّىٓ أَخَافُ عَلَيْكُمْ عَذَابَ يَوْمٍ كَبِيرٍ","page_number":221,"words":[{"id":2916,"position":1,"audio_url":"wbw/011_003_001.mp3","qpc_uthmani_hafs":"وَأَنِ","char_type_name":"word","page_number":221,"line_number":10,"text":"ﮫ","translation":{"text":"And that","language_name":"english","language_id":38},"transliteration":{"text":"wa-ani","language_name":"english","language_id":38}},{"id":2917,"position":2,"audio_url":"wbw/011_003_002.mp3","qpc_uthmani_hafs":"ٱسۡتَغۡفِرُواْ","char_type_name":"word","page_number":221,"line_number":10,"text":"ﮬ","translation":{"text":"Seek forgiveness","language_name":"english","language_id":38},"transliteration":{"text":"is'taghfirū","language_name":"english","language_id":38}},{"id":2918,"position":3,"audio_url":"wbw/011_003_003.mp3","qpc_uthmani_hafs":"رَبَّكُمۡ","char_type_name":"word","page_number":221,"line_number":11,"text":"ﮭ","translation":{"text":"(of) your Lord","language_name":"english","language_id":38},"transliteration":{"text":"rabbakum","language_name":"english","language_id":38}},{"id":2919,"position":4,"audio_url":"wbw/011_003_004.mp3","qpc_uthmani_hafs":"ثُمَّ","char_type_name":"word","page_number":221,"line_number":11,"text":"ﮮ","translation":{"text":"and","language_name":"english","language_id":38},"transliteration":{"text":"thumma","language_name":"english","language_id":38}},{"id":2920,"position":5,"audio_url":"wbw/011_003_005.mp3","qpc_uthmani_hafs":"تُوبُوٓاْ","char_type_name":"word","page_number":221,"line_number":11,"text":"ﮯ","translation":{"text":"turn in repentance","language_name":"english","language_id":38},"transliteration":{"text":"tūbū","language_name":"english","language_id":38}},{"id":2921,"position":6,"audio_url":"wbw/011_003_006.mp3","qpc_uthmani_hafs":"إِلَيۡهِ","char_type_name":"word","page_number":221,"line_number":11,"text":"ﮰ","translation":{"text":"to Him","language_name":"english","language_id":38},"transliteration":{"text":"ilayhi","language_name":"english","language_id":38}},{"id":2922,"position":7,"audio_url":"wbw/011_003_007.mp3","qpc_uthmani_hafs":"يُمَتِّعۡكُم","char_type_name":"word","page_number":221,"line_number":11,"text":"ﮱ","translation":{"text":"He will let you","language_name":"english","language_id":38},"transliteration":{"text":"yumattiʿ'kum","language_name":"english","language_id":38}},{"id":2923,"position":8,"audio_url":"wbw/011_003_008.mp3","qpc_uthmani_hafs":"مَّتَٰعًا","char_type_name":"word","page_number":221,"line_number":11,"text":"ﯓ","translation":{"text":"enjoy","language_name":"english","language_id":38},"transliteration":{"text":"matāʿan","language_name":"english","language_id":38}},{"id":2924,"position":9,"audio_url":"wbw/011_003_009.mp3","qpc_uthmani_hafs":"حَسَنًا","char_type_name":"word","page_number":221,"line_number":11,"text":"ﯔ","translation":{"text":"a good","language_name":"english","language_id":38},"transliteration":{"text":"ḥasanan","language_name":"english","language_id":38}},{"id":2925,"position":10,"audio_url":"wbw/011_003_010.mp3","qpc_uthmani_hafs":"إِلَىٰٓ","char_type_name":"word","page_number":221,"line_number":11,"text":"ﯕ","translation":{"text":"for","language_name":"english","language_id":38},"transliteration":{"text":"ilā","language_name":"english","language_id":38}},{"id":2926,"position":11,"audio_url":"wbw/011_003_011.mp3","qpc_uthmani_hafs":"أَجَلٖ","char_type_name":"word","page_number":221,"line_number":11,"text":"ﯖ","translation":{"text":"a term","language_name":"english","language_id":38},"transliteration":{"text":"ajalin","language_name":"english","language_id":38}},{"id":2927,"position":12,"audio_url":"wbw/011_003_012.mp3","qpc_uthmani_hafs":"مُّسَمّٗى","char_type_name":"word","page_number":221,"line_number":11,"text":"ﯗ","translation":{"text":"appointed","language_name":"english","language_id":38},"transliteration":{"text":"musamman","language_name":"english","language_id":38}},{"id":2928,"position":13,"audio_url":"wbw/011_003_013.mp3","qpc_uthmani_hafs":"وَيُؤۡتِ","char_type_name":"word","page_number":221,"line_number":11,"text":"ﯘ","translation":{"text":"And give","language_name":"english","language_id":38},"transliteration":{"text":"wayu'ti","language_name":"english","language_id":38}},{"id":2929,"position":14,"audio_url":"wbw/011_003_014.mp3","qpc_uthmani_hafs":"كُلَّ","char_type_name":"word","page_number":221,"line_number":12,"text":"ﯙ","translation":{"text":"(to) every","language_name":"english","language_id":38},"transliteration":{"text":"kulla","language_name":"english","language_id":38}},{"id":2930,"position":15,"audio_url":"wbw/011_003_015.mp3","qpc_uthmani_hafs":"ذِي","char_type_name":"word","page_number":221,"line_number":12,"text":"ﯚ","translation":{"text":"owner","language_name":"english","language_id":38},"transliteration":{"text":"dhī","language_name":"english","language_id":38}},{"id":2931,"position":16,"audio_url":"wbw/011_003_016.mp3","qpc_uthmani_hafs":"فَضۡلٖ","char_type_name":"word","page_number":221,"line_number":12,"text":"ﯛ","translation":{"text":"(of) grace","language_name":"english","language_id":38},"transliteration":{"text":"faḍlin","language_name":"english","language_id":38}},{"id":2932,"position":17,"audio_url":"wbw/011_003_017.mp3","qpc_uthmani_hafs":"فَضۡلَهُۥۖ","char_type_name":"word","page_number":221,"line_number":12,"text":"ﯜﯝ","translation":{"text":"His Grace","language_name":"english","language_id":38},"transliteration":{"text":"faḍlahu","language_name":"english","language_id":38}},{"id":2934,"position":18,"audio_url":"wbw/011_003_019.mp3","qpc_uthmani_hafs":"وَإِن","char_type_name":"word","page_number":221,"line_number":12,"text":"ﯞ","translation":{"text":"But if","language_name":"english","language_id":38},"transliteration":{"text":"wa-in","language_name":"english","language_id":38}},{"id":2935,"position":19,"audio_url":"wbw/011_003_020.mp3","qpc_uthmani_hafs":"تَوَلَّوۡاْ","char_type_name":"word","page_number":221,"line_number":12,"text":"ﯟ","translation":{"text":"you turn away","language_name":"english","language_id":38},"transliteration":{"text":"tawallaw","language_name":"english","language_id":38}},{"id":2936,"position":20,"audio_url":"wbw/011_003_021.mp3","qpc_uthmani_hafs":"فَإِنِّيٓ","char_type_name":"word","page_number":221,"line_number":12,"text":"ﯠ","translation":{"text":"then indeed, I","language_name":"english","language_id":38},"transliteration":{"text":"fa-innī","language_name":"english","language_id":38}},{"id":2937,"position":21,"audio_url":"wbw/011_003_022.mp3","qpc_uthmani_hafs":"أَخَافُ","char_type_name":"word","page_number":221,"line_number":12,"text":"ﯡ","translation":{"text":"fear","language_name":"english","language_id":38},"transliteration":{"text":"akhāfu","language_name":"english","language_id":38}},{"id":2938,"position":22,"audio_url":"wbw/011_003_023.mp3","qpc_uthmani_hafs":"عَلَيۡكُمۡ","char_type_name":"word","page_number":221,"line_number":12,"text":"ﯢ","translation":{"text":"for you","language_name":"english","language_id":38},"transliteration":{"text":"ʿalaykum","language_name":"english","language_id":38}},{"id":2939,"position":23,"audio_url":"wbw/011_003_024.mp3","qpc_uthmani_hafs":"عَذَابَ","char_type_name":"word","page_number":221,"line_number":12,"text":"ﯣ","translation":{"text":"(the) punishment","language_name":"english","language_id":38},"transliteration":{"text":"ʿadhāba","language_name":"english","language_id":38}},{"id":2940,"position":24,"audio_url":"wbw/011_003_025.mp3","qpc_uthmani_hafs":"يَوۡمٖ","char_type_name":"word","page_number":221,"line_number":12,"text":"ﯤ","translation":{"text":"(of) a Great Day","language_name":"english","language_id":38},"transliteration":{"text":"yawmin","language_name":"english","language_id":38}},{"id":2941,"position":25,"audio_url":"wbw/011_003_026.mp3","qpc_uthmani_hafs":"كَبِيرٍ","char_type_name":"word","page_number":221,"line_number":13,"text":"ﯥ","translation":{"text":"(of) a Great Day","language_name":"english","language_id":38},"transliteration":{"text":"kabīrin","language_name":"english","language_id":38}},{"id":2942,"position":26,"audio_url":null,"qpc_uthmani_hafs":"٣","char_type_name":"end","page_number":221,"line_number":13,"text":"ﯦ","translation":{"text":"(3)","language_name":"english","language_id":38},"transliteration":{"text":null,"language_name":"english","language_id":38}}],"translations":[{"id":917905,"resource_id":134,"text":"dan hendaklah kamu meminta ampun kepada Tuhan-mu dan bertobat kepada-Nya. (Jika kamu mengerjakan yang demikian), niscaya Dia akan memberi kenikmatan yang baik (terus-menerus) kepadamu sampai kepada waktu yang telah ditentukan dan Dia akan memberi kepada tiap-tiap orang yang mempunyai keutamaan (balasan) keutamaannya.  Jika kamu berpaling, maka sesungguhnya aku takut kamu akan ditimpa siksa hari kiamat."}]},{"id":1477,"verse_number":4,"verse_key":"11:4","juz_number":11,"hizb_number":22,"rub_el_hizb_number":88,"ruku_number":183,"manzil_number":3,"sajdah_number":null,"text_uthmani":"إِلَى ٱللَّهِ مَرْجِعُكُمْ ۖ وَهُوَ عَلَىٰ كُلِّ شَىْءٍ قَدِيرٌ","page_number":221,"words":[{"id":4259,"position":1,"audio_url":"wbw/011_004_001.mp3","qpc_uthmani_hafs":"إِلَى","char_type_name":"word","page_number":221,"line_number":13,"text":"ﯧ","translation":{"text":"To","language_name":"english","language_id":38},"transliteration":{"text":"ilā","language_name":"english","language_id":38}},{"id":4260,"position":2,"audio_url":"wbw/011_004_002.mp3","qpc_uthmani_hafs":"ٱللَّهِ","char_type_name":"word","page_number":221,"line_number":13,"text":"ﯨ","translation":{"text":"Allah","language_name":"english","language_id":38},"transliteration":{"text":"l-lahi","language_name":"english","language_id":38}},{"id":4261,"position":3,"audio_url":"wbw/011_004_003.mp3","qpc_uthmani_hafs":"مَرۡجِعُكُمۡۖ","char_type_name":"word","page_number":221,"line_number":13,"text":"ﯩﯪ","translation":{"text":"(is) your return","language_name":"english","language_id":38},"transliteration":{"text":"marjiʿukum","language_name":"english","language_id":38}},{"id":4263,"position":4,"audio_url":"wbw/011_004_005.mp3","qpc_uthmani_hafs":"وَهُوَ","char_type_name":"word","page_number":221,"line_number":13,"text":"ﯫ","translation":{"text":"and He","language_name":"english","language_id":38},"transliteration":{"text":"wahuwa","language_name":"english","language_id":38}},{"id":4264,"position":5,"audio_url":"wbw/011_004_006.mp3","qpc_uthmani_hafs":"عَلَىٰ","char_type_name":"word","page_number":221,"line_number":13,"text":"ﯬ","translation":{"text":"(is) on","language_name":"english","language_id":38},"transliteration":{"text":"ʿalā","language_name":"english","language_id":38}},{"id":4265,"position":6,"audio_url":"wbw/011_004_007.mp3","qpc_uthmani_hafs":"كُلِّ","char_type_name":"word","page_number":221,"line_number":13,"text":"ﯭ","translation":{"text":"every","language_name":"english","language_id":38},"transliteration":{"text":"kulli","language_name":"english","language_id":38}},{"id":4266,"position":7,"audio_url":"wbw/011_004_008.mp3","qpc_uthmani_hafs":"شَيۡءٖ","char_type_name":"word","page_number":221,"line_number":13,"text":"ﯮ","translation":{"text":"thing","language_name":"english","language_id":38},"transliteration":{"text":"shayin","language_name":"english","language_id":38}},{"id":4267,"position":8,"audio_url":"wbw/011_004_009.mp3","qpc_uthmani_hafs":"قَدِيرٌ","char_type_name":"word","page_number":221,"line_number":13,"text":"ﯯ","translation":{"text":"All-Powerful","language_name":"english","language_id":38},"transliteration":{"text":"qadīrun","language_name":"english","language_id":38}},{"id":4268,"position":9,"audio_url":null,"qpc_uthmani_hafs":"٤","char_type_name":"end","page_number":221,"line_number":13,"text":"ﯰ","translation":{"text":"(4)","language_name":"english","language_id":38},"transliteration":{"text":null,"language_name":"english","language_id":38}}],"translations":[{"id":917906,"resource_id":134,"text":"Kepada Allah-lah kembalimu dan Dia Maha Kuasa atas segala sesuatu."}]},{"id":1478,"verse_number":5,"verse_key":"11:5","juz_number":11,"hizb_number":22,"rub_el_hizb_number":88,"ruku_number":183,"manzil_number":3,"sajdah_number":null,"text_uthmani":"أَلَآ إِنَّهُمْ يَثْنُونَ صُدُورَهُمْ لِيَسْتَخْفُوا۟ مِنْهُ ۚ أَلَا حِينَ يَسْتَغْشُونَ ثِيَابَهُمْ يَعْلَمُ مَا يُسِرُّونَ وَمَا يُعْلِنُونَ ۚ إِنَّهُۥ عَلِيمٌۢ بِذَاتِ ٱلصُّدُورِ","page_number":221,"words":[{"id":5511,"position":1,"audio_url":"wbw/011_005_001.mp3","qpc_uthmani_hafs":"أَلَآ","char_type_name":"word","page_number":221,"line_number":13,"text":"ﯱ","translation":{"text":"No doubt","language_name":"english","language_id":38},"transliteration":{"text":"alā","language_name":"english","language_id":38}},{"id":5512,"position":2,"audio_url":"wbw/011_005_002.mp3","qpc_uthmani_hafs":"إِنَّهُمۡ","char_type_name":"word","page_number":221,"line_number":13,"text":"ﯲ","translation":{"text":"They","language_name":"english","language_id":38},"transliteration":{"text":"innahum","language_name":"english","language_id":38}},{"id":5513,"position":3,"audio_url":"wbw/011_005_003.mp3","qpc_uthmani_hafs":"يَثۡنُونَ","char_type_name":"word","page_number":221,"line_number":14,"text":"ﯳ","translation":{"text":"fold up","language_name":"english","language_id":38},"transliteration":{"text":"yathnūna","language_name":"english","language_id":38}},{"id":5514,"position":4,"audio_url":"wbw/011_005_004.mp3","qpc_uthmani_hafs":"صُدُورَهُمۡ","char_type_name":"word","page_number":221,"line_number":14,"text":"ﯴ","translation":{"text":"their breasts","language_name":"english","language_id":38},"transliteration":{"text":"ṣudūrahum","language_name":"english","language_id":38}},{"id":5515,"position":5,"audio_url":"wbw/011_005_005.mp3","qpc_uthmani_hafs":"لِيَسۡتَخۡفُواْ","char_type_name":"word","page_number":221,"line_number":14,"text":"ﯵ","translation":{"text":"that they may hide","language_name":"english","language_id":38},"transliteration":{"text":"liyastakhfū","language_name":"english","language_id":38}},{"id":5516,"position":6,"audio_url":"wbw/011_005_006.mp3","qpc_uthmani_hafs":"مِنۡهُۚ","char_type_name":"word","page_number":221,"line_number":14,"text":"ﯶﯷ","translation":{"text":"from Him","language_name":"english","language_id":38},"transliteration":{"text":"min'hu","language_name":"english","language_id":38}},{"id":5518,"position":7,"audio_url":"wbw/011_005_008.mp3","qpc_uthmani_hafs":"أَلَا","char_type_name":"word","page_number":221,"line_number":14,"text":"ﯸ","translation":{"text":"Surely","language_name":"english","language_id":38},"transliteration":{"text":"alā","language_name":"english","language_id":38}},{"id":5519,"position":8,"audio_url":"wbw/011_005_009.mp3","qpc_uthmani_hafs":"حِينَ","char_type_name":"word","page_number":221,"line_number":14,"text":"ﯹ","translation":{"text":"when","language_name":"english","language_id":38},"transliteration":{"text":"ḥīna","language_name":"english","language_id":38}},{"id":5520,"position":9,"audio_url":"wbw/011_005_010.mp3","qpc_uthmani_hafs":"يَسۡتَغۡشُونَ","char_type_name":"word","page_number":221,"line_number":14,"text":"ﯺ","translation":{"text":"they cover (themselves)","language_name":"english","language_id":38},"transliteration":{"text":"yastaghshūna","language_name":"english","language_id":38}},{"id":5521,"position":10,"audio_url":"wbw/011_005_011.mp3","qpc_uthmani_hafs":"ثِيَابَهُمۡ","char_type_name":"word","page_number":221,"line_number":14,"text":"ﯻ","translation":{"text":"(with) their garments","language_name":"english","language_id":38},"transliteration":{"text":"thiyābahum","language_name":"english","language_id":38}},{"id":5522,"position":11,"audio_url":"wbw/011_005_012.mp3","qpc_uthmani_hafs":"يَعۡلَمُ","char_type_name":"word","page_number":221,"line_number":15,"text":"ﯼ","translation":{"text":"He knows","language_name":"english","language_id":38},"transliteration":{"text":"yaʿlamu","language_name":"english","language_id":38}},{"id":5523,"position":12,"audio_url":"wbw/011_005_013.mp3","qpc_uthmani_hafs":"مَا","char_type_name":"word","page_number":221,"line_number":15,"text":"ﯽ","translation":{"text":"what","language_name":"english","language_id":38},"transliteration":{"text":"mā","language_name":"english","language_id":38}},{"id":5524,"position":13,"audio_url":"wbw/011_005_014.mp3","qpc_uthmani_hafs":"يُسِرُّونَ","char_type_name":"word","page_number":221,"line_number":15,"text":"ﯾ","translation":{"text":"they conceal","language_name":"english","language_id":38},"transliteration":{"text":"yusirrūna","language_name":"english","language_id":38}},{"id":5525,"position":14,"audio_url":"wbw/011_005_015.mp3","qpc_uthmani_hafs":"وَمَا","char_type_name":"word","page_number":221,"line_number":15,"text":"ﯿ","translation":{"text":"and what","language_name":"english","language_id":38},"transliteration":{"text":"wamā","language_name":"english","language_id":38}},{"id":5526,"position":15,"audio_url":"wbw/011_005_016.mp3","qpc_uthmani_hafs":"يُعۡلِنُونَۚ","char_type_name":"word","page_number":221,"line_number":15,"text":"ﰀﰁ","translation":{"text":"they reveal","language_name":"english","language_id":38},"transliteration":{"text":"yuʿ'linūna","language_name":"english","language_id":38}},{"id":5528,"position":16,"audio_url":"wbw/011_005_018.mp3","qpc_uthmani_hafs":"إِنَّهُۥ","char_type_name":"word","page_number":221,"line_number":15,"text":"ﰂ","translation":{"text":"Indeed, He","language_name":"english","language_id":38},"transliteration":{"text":"innahu","language_name":"english","language_id":38}},{"id":5529,"position":17,"audio_url":"wbw/011_005_019.mp3","qpc_uthmani_hafs":"عَلِيمُۢ","char_type_name":"word","page_number":221,"line_number":15,"text":"ﰃ","translation":{"text":"(is) All-Knower","language_name":"english","language_id":38},"transliteration":{"text":"ʿalīmun","language_name":"english","language_id":38}},{"id":5530,"position":18,"audio_url":"wbw/011_005_020.mp3","qpc_uthmani_hafs":"بِذَاتِ","char_type_name":"word","page_number":221,"line_number":15,"text":"ﰄ","translation":{"text":"of what","language_name":"english","language_id":38},"transliteration":{"text":"bidhāti","language_name":"english","language_id":38}},{"id":5531,"position":19,"audio_url":"wbw/011_005_021.mp3","qpc_uthmani_hafs":"ٱلصُّدُورِ","char_type_name":"word","page_number":221,"line_number":15,"text":"ﰅ","translation":{"text":"(is in) the breasts","language_name":"english","language_id":38},"transliteration":{"text":"l-ṣudūri","language_name":"english","language_id":38}},{"id":5532,"position":20,"audio_url":null,"qpc_uthmani_hafs":"٥","char_type_name":"end","page_number":221,"line_number":15,"text":"ﰆ","translation":{"text":"(5)","language_name":"english","language_id":38},"transliteration":{"text":null,"language_name":"english","language_id":38}}],"translations":[{"id":917907,"resource_id":134,"text":"Ingatlah, sesungguhnya (orang munafik itu) memalingkan dada mereka untuk menyembunyikan diri darinya (Muhammad) <sup foot_note=210477>1</sup>.  Ingatlah, pada waktu mereka menyelimuti dirinya dengan kain, Allah mengetahui apa yang mereka sembunyikan dan apa yang mereka lahirkan; sesungguhnya Allah Maha Mengetahui segala isi hati."}]}],"pagination":{"per_page":50,"current_page":1,"next_page":null,"total_pages":1,"total_records":8}}