{"verses":[{"id":1479,"verse_number":6,"verse_key":"11:6","juz_number":12,"hizb_number":23,"rub_el_hizb_number":89,"ruku_number":183,"manzil_number":3,"sajdah_number":null,"text_uthmani":"۞ وَمَا مِن دَآبَّةٍ فِى ٱلْأَرْضِ إِلَّا عَلَى ٱللَّهِ رِزْقُهَا وَيَعْلَمُ مُسْتَقَرَّهَا وَمُسْتَوْدَعَهَا ۚ كُلٌّ فِى كِتَـٰبٍ مُّبِينٍ","page_number":222,"words":[{"id":6748,"position":1,"audio_url":"wbw/011_006_002.mp3","qpc_uthmani_hafs":"۞ وَمَا","char_type_name":"word","page_number":222,"line_number":1,"text":"ﭑ ﭒ","translation":{"text":"And not","language_name":"english","language_id":38},"transliteration":{"text":"wamā","language_name":"english","language_id":38}},{"id":6749,"position":2,"audio_url":"wbw/011_006_003.mp3","qpc_uthmani_hafs":"مِن","char_type_name":"word","page_number":222,"line_number":1,"text":"ﭓ","translation":{"text":"any","language_name":"english","language_id":38},"transliteration":{"text":"min","language_name":"english","language_id":38}},{"id":6750,"position":3,"audio_url":"wbw/011_006_004.mp3","qpc_uthmani_hafs":"دَآبَّةٖ","char_type_name":"word","page_number":222,"line_number":1,"text":"ﭔ","translation":{"text":"moving creature","language_name":"english","language_id":38},"transliteration":{"text":"dābbatin","language_name":"english","language_id":38}},{"id":6751,"position":4,"audio_url":"wbw/011_006_005.mp3","qpc_uthmani_hafs":"فِي","char_type_name":"word","page_number":222,"line_number":1,"text":"ﭕ","translation":{"text":"in","language_name":"english","language_id":38},"transliteration":{"text":"fī","language_name":"english","language_id":38}},{"id":6752,"position":5,"audio_url":"wbw/011_006_006.mp3","qpc_uthmani_hafs":"ٱلۡأَرۡضِ","char_type_name":"word","page_number":222,"line_number":1,"text":"ﭖ","translation":{"text":"the earth","language_name":"english","language_id":38},"transliteration":{"text":"l-arḍi","language_name":"english","language_id":38}},{"id":6753,"position":6,"audio_url":"wbw/011_006_007.mp3","qpc_uthmani_hafs":"إِلَّا","char_type_name":"word","page_number":222,"line_number":1,"text":"ﭗ","translation":{"text":"but","language_name":"english","language_id":38},"transliteration":{"text":"illā","language_name":"english","language_id":38}},{"id":6754,"position":7,"audio_url":"wbw/011_006_008.mp3","qpc_uthmani_hafs":"عَلَى","char_type_name":"word","page_number":222,"line_number":1,"text":"ﭘ","translation":{"text":"on","language_name":"english","language_id":38},"transliteration":{"text":"ʿalā","language_name":"english","language_id":38}},{"id":6755,"position":8,"audio_url":"wbw/011_006_009.mp3","qpc_uthmani_hafs":"ٱللَّهِ","char_type_name":"word","page_number":222,"line_number":1,"text":"ﭙ","translation":{"text":"Allah","language_name":"english","language_id":38},"transliteration":{"text":"l-lahi","language_name":"english","language_id":38}},{"id":6756,"position":9,"audio_url":"wbw/011_006_010.mp3","qpc_uthmani_hafs":"رِزۡقُهَا","char_type_name":"word","page_number":222,"line_number":1,"text":"ﭚ","translation":{"text":"(is) its provision","language_name":"english","language_id":38},"transliteration":{"text":"riz'quhā","language_name":"english","language_id":38}},{"id":6757,"position":10,"audio_url":"wbw/011_006_011.mp3","qpc_uthmani_hafs":"وَيَعۡلَمُ","char_type_name":"word","page_number":222,"line_number":1,"text":"ﭛ","translation":{"text":"And He knows","language_name":"english","language_id":38},"transliteration":{"text":"wayaʿlamu","language_name":"english","language_id":38}},{"id":6758,"position":11,"audio_url":"wbw/011_006_012.mp3","qpc_uthmani_hafs":"مُسۡتَقَرَّهَا","char_type_name":"word","page_number":222,"line_number":1,"text":"ﭜ","translation":{"text":"its dwelling place","language_name":"english","language_id":38},"transliteration":{"text":"mus'taqarrahā","language_name":"english","language_id":38}},{"id":6759,"position":12,"audio_url":"wbw/011_006_013.mp3","qpc_uthmani_hafs":"وَمُسۡتَوۡدَعَهَاۚ","char_type_name":"word","page_number":222,"line_number":2,"text":"ﭝﭞ","translation":{"text":"and its place of storage","language_name":"english","language_id":38},"transliteration":{"text":"wamus'tawdaʿahā","language_name":"english","language_id":38}},{"id":6761,"position":13,"audio_url":"wbw/011_006_015.mp3","qpc_uthmani_hafs":"كُلّٞ","char_type_name":"word","page_number":222,"line_number":2,"text":"ﭟ","translation":{"text":"All","language_name":"english","language_id":38},"transliteration":{"text":"kullun","language_name":"english","language_id":38}},{"id":6762,"position":14,"audio_url":"wbw/011_006_016.mp3","qpc_uthmani_hafs":"فِي","char_type_name":"word","page_number":222,"line_number":2,"text":"ﭠ","translation":{"text":"(is) in","language_name":"english","language_id":38},"transliteration":{"text":"fī","language_name":"english","language_id":38}},{"id":6763,"position":15,"audio_url":"wbw/011_006_017.mp3","qpc_uthmani_hafs":"كِتَٰبٖ","char_type_name":"word","page_number":222,"line_number":2,"text":"ﭡ","translation":{"text":"a Record","language_name":"english","language_id":38},"transliteration":{"text":"kitābin","language_name":"english","language_id":38}},{"id":6764,"position":16,"audio_url":"wbw/011_006_018.mp3","qpc_uthmani_hafs":"مُّبِينٖ","char_type_name":"word","page_number":222,"line_number":2,"text":"ﭢ","translation":{"text":"clear","language_name":"english","language_id":38},"transliteration":{"text":"mubīnin","language_name":"english","language_id":38}},{"id":6765,"position":17,"audio_url":null,"qpc_uthmani_hafs":"٦","char_type_name":"end","page_number":222,"line_number":2,"text":"ﭣ","translation":{"text":"(6)","language_name":"english","language_id":38},"transliteration":{"text":null,"language_name":"english","language_id":38}}],"translations":[{"id":917908,"resource_id":134,"text":"Dan tidak ada suatu binatang melata <sup foot_note=210478>1</sup> pun di bumi melainkan Allah-lah yang memberi rezekinya dan Dia mengetahui tempat berdiam binatang itu dan tempat penyimpanannya <sup foot_note=210479>2</sup>. Semuanya tertulis dalam Kitab yang nyata (Lawḥ Maḥfūẓ)."}]},{"id":1480,"verse_number":7,"verse_key":"11:7","juz_number":12,"hizb_number":23,"rub_el_hizb_number":89,"ruku_number":183,"manzil_number":3,"sajdah_number":null,"text_uthmani":"وَهُوَ ٱلَّذِى خَلَقَ ٱلسَّمَـٰوَٰتِ وَٱلْأَرْضَ فِى سِتَّةِ أَيَّامٍ وَكَانَ عَرْشُهُۥ عَلَى ٱلْمَآءِ لِيَبْلُوَكُمْ أَيُّكُمْ أَحْسَنُ عَمَلًا ۗ وَلَئِن قُلْتَ إِنَّكُم مَّبْعُوثُونَ مِنۢ بَعْدِ ٱلْمَوْتِ لَيَقُولَنَّ ٱلَّذِينَ كَفَرُوٓا۟ إِنْ هَـٰذَآ إِلَّا سِحْرٌ مُّبِينٌ","page_number":222,"words":[{"id":8098,"position":1,"audio_url":"wbw/011_007_001.mp3","qpc_uthmani_hafs":"وَهُوَ","char_type_name":"word","page_number":222,"line_number":2,"text":"ﭤ","translation":{"text":"And He","language_name":"english","language_id":38},"transliteration":{"text":"wahuwa","language_name":"english","language_id":38}},{"id":8099,"position":2,"audio_url":"wbw/011_007_002.mp3","qpc_uthmani_hafs":"ٱلَّذِي","char_type_name":"word","page_number":222,"line_number":2,"text":"ﭥ","translation":{"text":"(is) the One Who","language_name":"english","language_id":38},"transliteration":{"text":"alladhī","language_name":"english","language_id":38}},{"id":8100,"position":3,"audio_url":"wbw/011_007_003.mp3","qpc_uthmani_hafs":"خَلَقَ","char_type_name":"word","page_number":222,"line_number":2,"text":"ﭦ","translation":{"text":"created","language_name":"english","language_id":38},"transliteration":{"text":"khalaqa","language_name":"english","language_id":38}},{"id":8101,"position":4,"audio_url":"wbw/011_007_004.mp3","qpc_uthmani_hafs":"ٱلسَّمَٰوَٰتِ","char_type_name":"word","page_number":222,"line_number":3,"text":"ﭧ","translation":{"text":"the heavens","language_name":"english","language_id":38},"transliteration":{"text":"l-samāwāti","language_name":"english","language_id":38}},{"id":8102,"position":5,"audio_url":"wbw/011_007_005.mp3","qpc_uthmani_hafs":"وَٱلۡأَرۡضَ","char_type_name":"word","page_number":222,"line_number":3,"text":"ﭨ","translation":{"text":"and the earth","language_name":"english","language_id":38},"transliteration":{"text":"wal-arḍa","language_name":"english","language_id":38}},{"id":8103,"position":6,"audio_url":"wbw/011_007_006.mp3","qpc_uthmani_hafs":"فِي","char_type_name":"word","page_number":222,"line_number":3,"text":"ﭩ","translation":{"text":"in","language_name":"english","language_id":38},"transliteration":{"text":"fī","language_name":"english","language_id":38}},{"id":8104,"position":7,"audio_url":"wbw/011_007_007.mp3","qpc_uthmani_hafs":"سِتَّةِ","char_type_name":"word","page_number":222,"line_number":3,"text":"ﭪ","translation":{"text":"six","language_name":"english","language_id":38},"transliteration":{"text":"sittati","language_name":"english","language_id":38}},{"id":8105,"position":8,"audio_url":"wbw/011_007_008.mp3","qpc_uthmani_hafs":"أَيَّامٖ","char_type_name":"word","page_number":222,"line_number":3,"text":"ﭫ","translation":{"text":"epochs","language_name":"english","language_id":38},"transliteration":{"text":"ayyāmin","language_name":"english","language_id":38}},{"id":8106,"position":9,"audio_url":"wbw/011_007_009.mp3","qpc_uthmani_hafs":"وَكَانَ","char_type_name":"word","page_number":222,"line_number":3,"text":"ﭬ","translation":{"text":"and His throne was","language_name":"english","language_id":38},"transliteration":{"text":"wakāna","language_name":"english","language_id":38}},{"id":8107,"position":10,"audio_url":"wbw/011_007_010.mp3","qpc_uthmani_hafs":"عَرۡشُهُۥ","char_type_name":"word","page_number":222,"line_number":3,"text":"ﭭ","translation":{"text":"and His throne was","language_name":"english","language_id":38},"transliteration":{"text":"ʿarshuhu","language_name":"english","language_id":38}},{"id":8108,"position":11,"audio_url":"wbw/011_007_011.mp3","qpc_uthmani_hafs":"عَلَى","char_type_name":"word","page_number":222,"line_number":4,"text":"ﭮ","translation":{"text":"on","language_name":"english","language_id":38},"transliteration":{"text":"ʿalā","language_name":"english","language_id":38}},{"id":8109,"position":12,"audio_url":"wbw/011_007_012.mp3","qpc_uthmani_hafs":"ٱلۡمَآءِ","char_type_name":"word","page_number":222,"line_number":4,"text":"ﭯ","translation":{"text":"the water","language_name":"english","language_id":38},"transliteration":{"text":"l-māi","language_name":"english","language_id":38}},{"id":8110,"position":13,"audio_url":"wbw/011_007_013.mp3","qpc_uthmani_hafs":"لِيَبۡلُوَكُمۡ","char_type_name":"word","page_number":222,"line_number":4,"text":"ﭰ","translation":{"text":"that He might test [you]","language_name":"english","language_id":38},"transliteration":{"text":"liyabluwakum","language_name":"english","language_id":38}},{"id":8111,"position":14,"audio_url":"wbw/011_007_014.mp3","qpc_uthmani_hafs":"أَيُّكُمۡ","char_type_name":"word","page_number":222,"line_number":4,"text":"ﭱ","translation":{"text":"which of you","language_name":"english","language_id":38},"transliteration":{"text":"ayyukum","language_name":"english","language_id":38}},{"id":8112,"position":15,"audio_url":"wbw/011_007_015.mp3","qpc_uthmani_hafs":"أَحۡسَنُ","char_type_name":"word","page_number":222,"line_number":4,"text":"ﭲ","translation":{"text":"(is) best","language_name":"english","language_id":38},"transliteration":{"text":"aḥsanu","language_name":"english","language_id":38}},{"id":8113,"position":16,"audio_url":"wbw/011_007_016.mp3","qpc_uthmani_hafs":"عَمَلٗاۗ","char_type_name":"word","page_number":222,"line_number":4,"text":"ﭳﭴ","translation":{"text":"(in) deed","language_name":"english","language_id":38},"transliteration":{"text":"ʿamalan","language_name":"english","language_id":38}},{"id":8115,"position":17,"audio_url":"wbw/011_007_018.mp3","qpc_uthmani_hafs":"وَلَئِن","char_type_name":"word","page_number":222,"line_number":4,"text":"ﭵ","translation":{"text":"But if","language_name":"english","language_id":38},"transliteration":{"text":"wala-in","language_name":"english","language_id":38}},{"id":8116,"position":18,"audio_url":"wbw/011_007_019.mp3","qpc_uthmani_hafs":"قُلۡتَ","char_type_name":"word","page_number":222,"line_number":4,"text":"ﭶ","translation":{"text":"you say","language_name":"english","language_id":38},"transliteration":{"text":"qul'ta","language_name":"english","language_id":38}},{"id":8117,"position":19,"audio_url":"wbw/011_007_020.mp3","qpc_uthmani_hafs":"إِنَّكُم","char_type_name":"word","page_number":222,"line_number":5,"text":"ﭷ","translation":{"text":"Indeed, you","language_name":"english","language_id":38},"transliteration":{"text":"innakum","language_name":"english","language_id":38}},{"id":8118,"position":20,"audio_url":"wbw/011_007_021.mp3","qpc_uthmani_hafs":"مَّبۡعُوثُونَ","char_type_name":"word","page_number":222,"line_number":5,"text":"ﭸ","translation":{"text":"(will be) resurrected","language_name":"english","language_id":38},"transliteration":{"text":"mabʿūthūna","language_name":"english","language_id":38}},{"id":8119,"position":21,"audio_url":"wbw/011_007_022.mp3","qpc_uthmani_hafs":"مِنۢ","char_type_name":"word","page_number":222,"line_number":5,"text":"ﭹ","translation":{"text":"after","language_name":"english","language_id":38},"transliteration":{"text":"min","language_name":"english","language_id":38}},{"id":8120,"position":22,"audio_url":"wbw/011_007_023.mp3","qpc_uthmani_hafs":"بَعۡدِ","char_type_name":"word","page_number":222,"line_number":5,"text":"ﭺ","translation":{"text":"after","language_name":"english","language_id":38},"transliteration":{"text":"baʿdi","language_name":"english","language_id":38}},{"id":8121,"position":23,"audio_url":"wbw/011_007_024.mp3","qpc_uthmani_hafs":"ٱلۡمَوۡتِ","char_type_name":"word","page_number":222,"line_number":5,"text":"ﭻ","translation":{"text":"[the] death","language_name":"english","language_id":38},"transliteration":{"text":"l-mawti","language_name":"english","language_id":38}},{"id":8122,"position":24,"audio_url":"wbw/011_007_025.mp3","qpc_uthmani_hafs":"لَيَقُولَنَّ","char_type_name":"word","page_number":222,"line_number":5,"text":"ﭼ","translation":{"text":"surely would say","language_name":"english","language_id":38},"transliteration":{"text":"layaqūlanna","language_name":"english","language_id":38}},{"id":8123,"position":25,"audio_url":"wbw/011_007_026.mp3","qpc_uthmani_hafs":"ٱلَّذِينَ","char_type_name":"word","page_number":222,"line_number":5,"text":"ﭽ","translation":{"text":"those who","language_name":"english","language_id":38},"transliteration":{"text":"alladhīna","language_name":"english","language_id":38}},{"id":8124,"position":26,"audio_url":"wbw/011_007_027.mp3","qpc_uthmani_hafs":"كَفَرُوٓاْ","char_type_name":"word","page_number":222,"line_number":5,"text":"ﭾ","translation":{"text":"disbelieved","language_name":"english","language_id":38},"transliteration":{"text":"kafarū","language_name":"english","language_id":38}},{"id":8125,"position":27,"audio_url":"wbw/011_007_028.mp3","qpc_uthmani_hafs":"إِنۡ","char_type_name":"word","page_number":222,"line_number":6,"text":"ﭿ","translation":{"text":"This is not","language_name":"english","language_id":38},"transliteration":{"text":"in","language_name":"english","language_id":38}},{"id":8126,"position":28,"audio_url":"wbw/011_007_029.mp3","qpc_uthmani_hafs":"هَٰذَآ","char_type_name":"word","page_number":222,"line_number":6,"text":"ﮀ","translation":{"text":"This is not","language_name":"english","language_id":38},"transliteration":{"text":"hādhā","language_name":"english","language_id":38}},{"id":8127,"position":29,"audio_url":"wbw/011_007_030.mp3","qpc_uthmani_hafs":"إِلَّا","char_type_name":"word","page_number":222,"line_number":6,"text":"ﮁ","translation":{"text":"but","language_name":"english","language_id":38},"transliteration":{"text":"illā","language_name":"english","language_id":38}},{"id":8128,"position":30,"audio_url":"wbw/011_007_031.mp3","qpc_uthmani_hafs":"سِحۡرٞ","char_type_name":"word","page_number":222,"line_number":6,"text":"ﮂ","translation":{"text":"a magic","language_name":"english","language_id":38},"transliteration":{"text":"siḥ'run","language_name":"english","language_id":38}},{"id":8129,"position":31,"audio_url":"wbw/011_007_032.mp3","qpc_uthmani_hafs":"مُّبِينٞ","char_type_name":"word","page_number":222,"line_number":6,"text":"ﮃ","translation":{"text":"clear","language_name":"english","language_id":38},"transliteration":{"text":"mubīnun","language_name":"english","language_id":38}},{"id":8130,"position":32,"audio_url":null,"qpc_uthmani_hafs":"٧","char_type_name":"end","page_number":222,"line_number":6,"text":"ﮄ","translation":{"text":"(7)","language_name":"english","language_id":38},"transliteration":{"text":null,"language_name":"english","language_id":38}}],"translations":[{"id":917909,"resource_id":134,"text":"Dan Dia-lah yang menciptakan langit dan bumi dalam enam hari dan adalah arasy-Nya di atas air agar Dia menguji siapakah di antara kamu yang lebih baik amalnya <sup foot_note=210480>1</sup> dan jika kamu berkata (kepada penduduk Mekah), \"Sesungguhnya kamu akan dibangkitkan sesudah mati\", niscaya orang-orang yang kafir itu akan berkata, \"Ini <sup foot_note=210481>2</sup> tidak lain hanyalah sihir yang nyata\"."}]},{"id":1481,"verse_number":8,"verse_key":"11:8","juz_number":12,"hizb_number":23,"rub_el_hizb_number":89,"ruku_number":183,"manzil_number":3,"sajdah_number":null,"text_uthmani":"وَلَئِنْ أَخَّرْنَا عَنْهُمُ ٱلْعَذَابَ إِلَىٰٓ أُمَّةٍ مَّعْدُودَةٍ لَّيَقُولُنَّ مَا يَحْبِسُهُۥٓ ۗ أَلَا يَوْمَ يَأْتِيهِمْ لَيْسَ مَصْرُوفًا عَنْهُمْ وَحَاقَ بِهِم مَّا كَانُوا۟ بِهِۦ يَسْتَهْزِءُونَ","page_number":222,"words":[{"id":9276,"position":1,"audio_url":"wbw/011_008_001.mp3","qpc_uthmani_hafs":"وَلَئِنۡ","char_type_name":"word","page_number":222,"line_number":6,"text":"ﮅ","translation":{"text":"And if","language_name":"english","language_id":38},"transliteration":{"text":"wala-in","language_name":"english","language_id":38}},{"id":9277,"position":2,"audio_url":"wbw/011_008_002.mp3","qpc_uthmani_hafs":"أَخَّرۡنَا","char_type_name":"word","page_number":222,"line_number":6,"text":"ﮆ","translation":{"text":"We delay","language_name":"english","language_id":38},"transliteration":{"text":"akharnā","language_name":"english","language_id":38}},{"id":9278,"position":3,"audio_url":"wbw/011_008_003.mp3","qpc_uthmani_hafs":"عَنۡهُمُ","char_type_name":"word","page_number":222,"line_number":6,"text":"ﮇ","translation":{"text":"from them","language_name":"english","language_id":38},"transliteration":{"text":"ʿanhumu","language_name":"english","language_id":38}},{"id":9279,"position":4,"audio_url":"wbw/011_008_004.mp3","qpc_uthmani_hafs":"ٱلۡعَذَابَ","char_type_name":"word","page_number":222,"line_number":6,"text":"ﮈ","translation":{"text":"the punishment","language_name":"english","language_id":38},"transliteration":{"text":"l-ʿadhāba","language_name":"english","language_id":38}},{"id":9280,"position":5,"audio_url":"wbw/011_008_005.mp3","qpc_uthmani_hafs":"إِلَىٰٓ","char_type_name":"word","page_number":222,"line_number":6,"text":"ﮉ","translation":{"text":"for","language_name":"english","language_id":38},"transliteration":{"text":"ilā","language_name":"english","language_id":38}},{"id":9281,"position":6,"audio_url":"wbw/011_008_006.mp3","qpc_uthmani_hafs":"أُمَّةٖ","char_type_name":"word","page_number":222,"line_number":7,"text":"ﮊ","translation":{"text":"a time","language_name":"english","language_id":38},"transliteration":{"text":"ummatin","language_name":"english","language_id":38}},{"id":9282,"position":7,"audio_url":"wbw/011_008_007.mp3","qpc_uthmani_hafs":"مَّعۡدُودَةٖ","char_type_name":"word","page_number":222,"line_number":7,"text":"ﮋ","translation":{"text":"determined","language_name":"english","language_id":38},"transliteration":{"text":"maʿdūdatin","language_name":"english","language_id":38}},{"id":9283,"position":8,"audio_url":"wbw/011_008_008.mp3","qpc_uthmani_hafs":"لَّيَقُولُنَّ","char_type_name":"word","page_number":222,"line_number":7,"text":"ﮌ","translation":{"text":"they will surely say","language_name":"english","language_id":38},"transliteration":{"text":"layaqūlunna","language_name":"english","language_id":38}},{"id":9284,"position":9,"audio_url":"wbw/011_008_009.mp3","qpc_uthmani_hafs":"مَا","char_type_name":"word","page_number":222,"line_number":7,"text":"ﮍ","translation":{"text":"What","language_name":"english","language_id":38},"transliteration":{"text":"mā","language_name":"english","language_id":38}},{"id":9285,"position":10,"audio_url":"wbw/011_008_010.mp3","qpc_uthmani_hafs":"يَحۡبِسُهُۥٓۗ","char_type_name":"word","page_number":222,"line_number":7,"text":"ﮎﮏ","translation":{"text":"detains it","language_name":"english","language_id":38},"transliteration":{"text":"yaḥbisuhu","language_name":"english","language_id":38}},{"id":9287,"position":11,"audio_url":"wbw/011_008_012.mp3","qpc_uthmani_hafs":"أَلَا","char_type_name":"word","page_number":222,"line_number":7,"text":"ﮐ","translation":{"text":"No doubt","language_name":"english","language_id":38},"transliteration":{"text":"alā","language_name":"english","language_id":38}},{"id":9288,"position":12,"audio_url":"wbw/011_008_013.mp3","qpc_uthmani_hafs":"يَوۡمَ","char_type_name":"word","page_number":222,"line_number":7,"text":"ﮑ","translation":{"text":"(On) the Day","language_name":"english","language_id":38},"transliteration":{"text":"yawma","language_name":"english","language_id":38}},{"id":9289,"position":13,"audio_url":"wbw/011_008_014.mp3","qpc_uthmani_hafs":"يَأۡتِيهِمۡ","char_type_name":"word","page_number":222,"line_number":7,"text":"ﮒ","translation":{"text":"it comes to them","language_name":"english","language_id":38},"transliteration":{"text":"yatīhim","language_name":"english","language_id":38}},{"id":9290,"position":14,"audio_url":"wbw/011_008_015.mp3","qpc_uthmani_hafs":"لَيۡسَ","char_type_name":"word","page_number":222,"line_number":7,"text":"ﮓ","translation":{"text":"not","language_name":"english","language_id":38},"transliteration":{"text":"laysa","language_name":"english","language_id":38}},{"id":9291,"position":15,"audio_url":"wbw/011_008_016.mp3","qpc_uthmani_hafs":"مَصۡرُوفًا","char_type_name":"word","page_number":222,"line_number":8,"text":"ﮔ","translation":{"text":"(will be) averted","language_name":"english","language_id":38},"transliteration":{"text":"maṣrūfan","language_name":"english","language_id":38}},{"id":9292,"position":16,"audio_url":"wbw/011_008_017.mp3","qpc_uthmani_hafs":"عَنۡهُمۡ","char_type_name":"word","page_number":222,"line_number":8,"text":"ﮕ","translation":{"text":"from them","language_name":"english","language_id":38},"transliteration":{"text":"ʿanhum","language_name":"english","language_id":38}},{"id":9293,"position":17,"audio_url":"wbw/011_008_018.mp3","qpc_uthmani_hafs":"وَحَاقَ","char_type_name":"word","page_number":222,"line_number":8,"text":"ﮖ","translation":{"text":"and will surround","language_name":"english","language_id":38},"transliteration":{"text":"waḥāqa","language_name":"english","language_id":38}},{"id":9294,"position":18,"audio_url":"wbw/011_008_019.mp3","qpc_uthmani_hafs":"بِهِم","char_type_name":"word","page_number":222,"line_number":8,"text":"ﮗ","translation":{"text":"them","language_name":"english","language_id":38},"transliteration":{"text":"bihim","language_name":"english","language_id":38}},{"id":9295,"position":19,"audio_url":"wbw/011_008_020.mp3","qpc_uthmani_hafs":"مَّا","char_type_name":"word","page_number":222,"line_number":8,"text":"ﮘ","translation":{"text":"what","language_name":"english","language_id":38},"transliteration":{"text":"mā","language_name":"english","language_id":38}},{"id":9296,"position":20,"audio_url":"wbw/011_008_021.mp3","qpc_uthmani_hafs":"كَانُواْ","char_type_name":"word","page_number":222,"line_number":8,"text":"ﮙ","translation":{"text":"they used (to)","language_name":"english","language_id":38},"transliteration":{"text":"kānū","language_name":"english","language_id":38}},{"id":9297,"position":21,"audio_url":"wbw/011_008_022.mp3","qpc_uthmani_hafs":"بِهِۦ","char_type_name":"word","page_number":222,"line_number":8,"text":"ﮚ","translation":{"text":"mock at [it]","language_name":"english","language_id":38},"transliteration":{"text":"bihi","language_name":"english","language_id":38}},{"id":9298,"position":22,"audio_url":"wbw/011_008_023.mp3","qpc_uthmani_hafs":"يَسۡتَهۡزِءُونَ","char_type_name":"word","page_number":222,"line_number":8,"text":"ﮛ","translation":{"text":"mock at [it]","language_name":"english","language_id":38},"transliteration":{"text":"yastahziūna","language_name":"english","language_id":38}},{"id":9299,"position":23,"audio_url":null,"qpc_uthmani_hafs":"٨","char_type_name":"end","page_number":222,"line_number":8,"text":"ﮜ","translation":{"text":"(8)","language_name":"english","language_id":38},"transliteration":{"text":null,"language_name":"english","language_id":38}}],"translations":[{"id":917910,"resource_id":134,"text":"Dan sesungguhnya jika Kami undurkan azab dari mereka sampai kepada suatu waktu yang ditentukan, niscaya mereka akan berkata, \"Apakah yang menghalanginya?\" lngatlah, pada waktu azab itu datang kepada mereka tidaklah dapat dipalingkan dari mereka dan mereka diliputi oleh azab yang dahulunya mereka selalu memperolok-olokkannya."}]},{"id":1482,"verse_number":9,"verse_key":"11:9","juz_number":12,"hizb_number":23,"rub_el_hizb_number":89,"ruku_number":184,"manzil_number":3,"sajdah_number":null,"text_uthmani":"وَلَئِنْ أَذَقْنَا ٱلْإِنسَـٰنَ مِنَّا رَحْمَةً ثُمَّ نَزَعْنَـٰهَا مِنْهُ إِنَّهُۥ لَيَـُٔوسٌ كَفُورٌ","page_number":222,"words":[{"id":10468,"position":1,"audio_url":"wbw/011_009_001.mp3","qpc_uthmani_hafs":"وَلَئِنۡ","char_type_name":"word","page_number":222,"line_number":9,"text":"ﮝ","translation":{"text":"And if","language_name":"english","language_id":38},"transliteration":{"text":"wala-in","language_name":"english","language_id":38}},{"id":10469,"position":2,"audio_url":"wbw/011_009_002.mp3","qpc_uthmani_hafs":"أَذَقۡنَا","char_type_name":"word","page_number":222,"line_number":9,"text":"ﮞ","translation":{"text":"We give man a taste","language_name":"english","language_id":38},"transliteration":{"text":"adhaqnā","language_name":"english","language_id":38}},{"id":10470,"position":3,"audio_url":"wbw/011_009_003.mp3","qpc_uthmani_hafs":"ٱلۡإِنسَٰنَ","char_type_name":"word","page_number":222,"line_number":9,"text":"ﮟ","translation":{"text":"We give man a taste","language_name":"english","language_id":38},"transliteration":{"text":"l-insāna","language_name":"english","language_id":38}},{"id":10471,"position":4,"audio_url":"wbw/011_009_004.mp3","qpc_uthmani_hafs":"مِنَّا","char_type_name":"word","page_number":222,"line_number":9,"text":"ﮠ","translation":{"text":"(of) Mercy from Us","language_name":"english","language_id":38},"transliteration":{"text":"minnā","language_name":"english","language_id":38}},{"id":10472,"position":5,"audio_url":"wbw/011_009_005.mp3","qpc_uthmani_hafs":"رَحۡمَةٗ","char_type_name":"word","page_number":222,"line_number":9,"text":"ﮡ","translation":{"text":"(of) Mercy from Us","language_name":"english","language_id":38},"transliteration":{"text":"raḥmatan","language_name":"english","language_id":38}},{"id":10473,"position":6,"audio_url":"wbw/011_009_006.mp3","qpc_uthmani_hafs":"ثُمَّ","char_type_name":"word","page_number":222,"line_number":9,"text":"ﮢ","translation":{"text":"then","language_name":"english","language_id":38},"transliteration":{"text":"thumma","language_name":"english","language_id":38}},{"id":10474,"position":7,"audio_url":"wbw/011_009_007.mp3","qpc_uthmani_hafs":"نَزَعۡنَٰهَا","char_type_name":"word","page_number":222,"line_number":9,"text":"ﮣ","translation":{"text":"We withdraw it","language_name":"english","language_id":38},"transliteration":{"text":"nazaʿnāhā","language_name":"english","language_id":38}},{"id":10475,"position":8,"audio_url":"wbw/011_009_008.mp3","qpc_uthmani_hafs":"مِنۡهُ","char_type_name":"word","page_number":222,"line_number":9,"text":"ﮤ","translation":{"text":"from him","language_name":"english","language_id":38},"transliteration":{"text":"min'hu","language_name":"english","language_id":38}},{"id":10476,"position":9,"audio_url":"wbw/011_009_009.mp3","qpc_uthmani_hafs":"إِنَّهُۥ","char_type_name":"word","page_number":222,"line_number":9,"text":"ﮥ","translation":{"text":"indeed, he","language_name":"english","language_id":38},"transliteration":{"text":"innahu","language_name":"english","language_id":38}},{"id":10477,"position":10,"audio_url":"wbw/011_009_010.mp3","qpc_uthmani_hafs":"لَيَـُٔوسٞ","char_type_name":"word","page_number":222,"line_number":10,"text":"ﮦ","translation":{"text":"(is) despairing","language_name":"english","language_id":38},"transliteration":{"text":"layaūsun","language_name":"english","language_id":38}},{"id":10478,"position":11,"audio_url":"wbw/011_009_011.mp3","qpc_uthmani_hafs":"كَفُورٞ","char_type_name":"word","page_number":222,"line_number":10,"text":"ﮧ","translation":{"text":"(and) ungrateful","language_name":"english","language_id":38},"transliteration":{"text":"kafūrun","language_name":"english","language_id":38}},{"id":10479,"position":12,"audio_url":null,"qpc_uthmani_hafs":"٩","char_type_name":"end","page_number":222,"line_number":10,"text":"ﮨ","translation":{"text":"(9)","language_name":"english","language_id":38},"transliteration":{"text":null,"language_name":"english","language_id":38}}],"translations":[{"id":917911,"resource_id":134,"text":"Dan jika Kami rasakan kepada manusia suatu rahmat (nikmat) dari Kami, kemudian rahmat itu Kami cabut darinya, pastilah dia menjadi putus asa lagi tidak berterima kasih."}]},{"id":1483,"verse_number":10,"verse_key":"11:10","juz_number":12,"hizb_number":23,"rub_el_hizb_number":89,"ruku_number":184,"manzil_number":3,"sajdah_number":null,"text_uthmani":"وَلَئِنْ أَذَقْنَـٰهُ نَعْمَآءَ بَعْدَ ضَرَّآءَ مَسَّتْهُ لَيَقُولَنَّ ذَهَبَ ٱلسَّيِّـَٔاتُ عَنِّىٓ ۚ إِنَّهُۥ لَفَرِحٌ فَخُورٌ","page_number":222,"words":[{"id":11684,"position":1,"audio_url":"wbw/011_010_001.mp3","qpc_uthmani_hafs":"وَلَئِنۡ","char_type_name":"word","page_number":222,"line_number":10,"text":"ﮩ","translation":{"text":"But if","language_name":"english","language_id":38},"transliteration":{"text":"wala-in","language_name":"english","language_id":38}},{"id":11685,"position":2,"audio_url":"wbw/011_010_002.mp3","qpc_uthmani_hafs":"أَذَقۡنَٰهُ","char_type_name":"word","page_number":222,"line_number":10,"text":"ﮪ","translation":{"text":"We give him a taste","language_name":"english","language_id":38},"transliteration":{"text":"adhaqnāhu","language_name":"english","language_id":38}},{"id":11686,"position":3,"audio_url":"wbw/011_010_003.mp3","qpc_uthmani_hafs":"نَعۡمَآءَ","char_type_name":"word","page_number":222,"line_number":10,"text":"ﮫ","translation":{"text":"(of) favor","language_name":"english","language_id":38},"transliteration":{"text":"naʿmāa","language_name":"english","language_id":38}},{"id":11687,"position":4,"audio_url":"wbw/011_010_004.mp3","qpc_uthmani_hafs":"بَعۡدَ","char_type_name":"word","page_number":222,"line_number":10,"text":"ﮬ","translation":{"text":"after","language_name":"english","language_id":38},"transliteration":{"text":"baʿda","language_name":"english","language_id":38}},{"id":11688,"position":5,"audio_url":"wbw/011_010_005.mp3","qpc_uthmani_hafs":"ضَرَّآءَ","char_type_name":"word","page_number":222,"line_number":10,"text":"ﮭ","translation":{"text":"hardship","language_name":"english","language_id":38},"transliteration":{"text":"ḍarrāa","language_name":"english","language_id":38}},{"id":11689,"position":6,"audio_url":"wbw/011_010_006.mp3","qpc_uthmani_hafs":"مَسَّتۡهُ","char_type_name":"word","page_number":222,"line_number":11,"text":"ﮮ","translation":{"text":"(has) touched him","language_name":"english","language_id":38},"transliteration":{"text":"massathu","language_name":"english","language_id":38}},{"id":11690,"position":7,"audio_url":"wbw/011_010_007.mp3","qpc_uthmani_hafs":"لَيَقُولَنَّ","char_type_name":"word","page_number":222,"line_number":11,"text":"ﮯ","translation":{"text":"surely, he will say","language_name":"english","language_id":38},"transliteration":{"text":"layaqūlanna","language_name":"english","language_id":38}},{"id":11691,"position":8,"audio_url":"wbw/011_010_008.mp3","qpc_uthmani_hafs":"ذَهَبَ","char_type_name":"word","page_number":222,"line_number":11,"text":"ﮰ","translation":{"text":"Have gone","language_name":"english","language_id":38},"transliteration":{"text":"dhahaba","language_name":"english","language_id":38}},{"id":11692,"position":9,"audio_url":"wbw/011_010_009.mp3","qpc_uthmani_hafs":"ٱلسَّيِّـَٔاتُ","char_type_name":"word","page_number":222,"line_number":11,"text":"ﮱ","translation":{"text":"the evils","language_name":"english","language_id":38},"transliteration":{"text":"l-sayiātu","language_name":"english","language_id":38}},{"id":11693,"position":10,"audio_url":"wbw/011_010_010.mp3","qpc_uthmani_hafs":"عَنِّيٓۚ","char_type_name":"word","page_number":222,"line_number":11,"text":"ﯓﯔ","translation":{"text":"from me","language_name":"english","language_id":38},"transliteration":{"text":"ʿannī","language_name":"english","language_id":38}},{"id":11695,"position":11,"audio_url":"wbw/011_010_012.mp3","qpc_uthmani_hafs":"إِنَّهُۥ","char_type_name":"word","page_number":222,"line_number":11,"text":"ﯕ","translation":{"text":"Indeed, he","language_name":"english","language_id":38},"transliteration":{"text":"innahu","language_name":"english","language_id":38}},{"id":11696,"position":12,"audio_url":"wbw/011_010_013.mp3","qpc_uthmani_hafs":"لَفَرِحٞ","char_type_name":"word","page_number":222,"line_number":11,"text":"ﯖ","translation":{"text":"(is) exultant","language_name":"english","language_id":38},"transliteration":{"text":"lafariḥun","language_name":"english","language_id":38}},{"id":11697,"position":13,"audio_url":"wbw/011_010_014.mp3","qpc_uthmani_hafs":"فَخُورٌ","char_type_name":"word","page_number":222,"line_number":11,"text":"ﯗ","translation":{"text":"(and) boastful","language_name":"english","language_id":38},"transliteration":{"text":"fakhūrun","language_name":"english","language_id":38}},{"id":11698,"position":14,"audio_url":null,"qpc_uthmani_hafs":"١٠","char_type_name":"end","page_number":222,"line_number":11,"text":"ﯘ","translation":{"text":"(10)","language_name":"english","language_id":38},"transliteration":{"text":null,"language_name":"english","language_id":38}}],"translations":[{"id":917912,"resource_id":134,"text":"Dan jika Kami rasakan kepadanya kebahagiaan sesudah bencana yang menimpanya, niscaya dia akan berkata, \"Telah hilang bencana-bencana itu daripadaku\"; sesungguhnya dia sangat gembira lagi bangga,"}]},{"id":1484,"verse_number":11,"verse_key":"11:11","juz_number":12,"hizb_number":23,"rub_el_hizb_number":89,"ruku_number":184,"manzil_number":3,"sajdah_number":null,"text_uthmani":"إِلَّا ٱلَّذِينَ صَبَرُوا۟ وَعَمِلُوا۟ ٱلصَّـٰلِحَـٰتِ أُو۟لَـٰٓئِكَ لَهُم مَّغْفِرَةٌ وَأَجْرٌ كَبِيرٌ","page_number":222,"words":[{"id":13053,"position":1,"audio_url":"wbw/011_011_001.mp3","qpc_uthmani_hafs":"إِلَّا","char_type_name":"word","page_number":222,"line_number":12,"text":"ﯙ","translation":{"text":"Except","language_name":"english","language_id":38},"transliteration":{"text":"illā","language_name":"english","language_id":38}},{"id":13054,"position":2,"audio_url":"wbw/011_011_002.mp3","qpc_uthmani_hafs":"ٱلَّذِينَ","char_type_name":"word","page_number":222,"line_number":12,"text":"ﯚ","translation":{"text":"those who","language_name":"english","language_id":38},"transliteration":{"text":"alladhīna","language_name":"english","language_id":38}},{"id":13055,"position":3,"audio_url":"wbw/011_011_003.mp3","qpc_uthmani_hafs":"صَبَرُواْ","char_type_name":"word","page_number":222,"line_number":12,"text":"ﯛ","translation":{"text":"(are) patient","language_name":"english","language_id":38},"transliteration":{"text":"ṣabarū","language_name":"english","language_id":38}},{"id":13056,"position":4,"audio_url":"wbw/011_011_004.mp3","qpc_uthmani_hafs":"وَعَمِلُواْ","char_type_name":"word","page_number":222,"line_number":12,"text":"ﯜ","translation":{"text":"and do","language_name":"english","language_id":38},"transliteration":{"text":"waʿamilū","language_name":"english","language_id":38}},{"id":13057,"position":5,"audio_url":"wbw/011_011_005.mp3","qpc_uthmani_hafs":"ٱلصَّٰلِحَٰتِ","char_type_name":"word","page_number":222,"line_number":12,"text":"ﯝ","translation":{"text":"the good deeds","language_name":"english","language_id":38},"transliteration":{"text":"l-ṣāliḥāti","language_name":"english","language_id":38}},{"id":13058,"position":6,"audio_url":"wbw/011_011_006.mp3","qpc_uthmani_hafs":"أُوْلَٰٓئِكَ","char_type_name":"word","page_number":222,"line_number":12,"text":"ﯞ","translation":{"text":"those","language_name":"english","language_id":38},"transliteration":{"text":"ulāika","language_name":"english","language_id":38}},{"id":13059,"position":7,"audio_url":"wbw/011_011_007.mp3","qpc_uthmani_hafs":"لَهُم","char_type_name":"word","page_number":222,"line_number":12,"text":"ﯟ","translation":{"text":"for them","language_name":"english","language_id":38},"transliteration":{"text":"lahum","language_name":"english","language_id":38}},{"id":13060,"position":8,"audio_url":"wbw/011_011_008.mp3","qpc_uthmani_hafs":"مَّغۡفِرَةٞ","char_type_name":"word","page_number":222,"line_number":12,"text":"ﯠ","translation":{"text":"(will be) forgiveness","language_name":"english","language_id":38},"transliteration":{"text":"maghfiratun","language_name":"english","language_id":38}},{"id":13061,"position":9,"audio_url":"wbw/011_011_009.mp3","qpc_uthmani_hafs":"وَأَجۡرٞ","char_type_name":"word","page_number":222,"line_number":13,"text":"ﯡ","translation":{"text":"and a reward","language_name":"english","language_id":38},"transliteration":{"text":"wa-ajrun","language_name":"english","language_id":38}},{"id":13062,"position":10,"audio_url":"wbw/011_011_010.mp3","qpc_uthmani_hafs":"كَبِيرٞ","char_type_name":"word","page_number":222,"line_number":13,"text":"ﯢ","translation":{"text":"great","language_name":"english","language_id":38},"transliteration":{"text":"kabīrun","language_name":"english","language_id":38}},{"id":13063,"position":11,"audio_url":null,"qpc_uthmani_hafs":"١١","char_type_name":"end","page_number":222,"line_number":13,"text":"ﯣ","translation":{"text":"(11)","language_name":"english","language_id":38},"transliteration":{"text":null,"language_name":"english","language_id":38}}],"translations":[{"id":917913,"resource_id":134,"text":"kecuali orang-orang yang sabar (terhadap bencana), dan mengerjakan amal-amal saleh; mereka itu beroleh ampunan dan pahala yang besar."}]},{"id":1485,"verse_number":12,"verse_key":"11:12","juz_number":12,"hizb_number":23,"rub_el_hizb_number":89,"ruku_number":184,"manzil_number":3,"sajdah_number":null,"text_uthmani":"فَلَعَلَّكَ تَارِكٌۢ بَعْضَ مَا يُوحَىٰٓ إِلَيْكَ وَضَآئِقٌۢ بِهِۦ صَدْرُكَ أَن يَقُولُوا۟ لَوْلَآ أُنزِلَ عَلَيْهِ كَنزٌ أَوْ جَآءَ مَعَهُۥ مَلَكٌ ۚ إِنَّمَآ أَنتَ نَذِيرٌ ۚ وَٱللَّهُ عَلَىٰ كُلِّ شَىْءٍ وَكِيلٌ","page_number":222,"words":[{"id":14294,"position":1,"audio_url":"wbw/011_012_001.mp3","qpc_uthmani_hafs":"فَلَعَلَّكَ","char_type_name":"word","page_number":222,"line_number":13,"text":"ﯤ","translation":{"text":"Then possibly you","language_name":"english","language_id":38},"transliteration":{"text":"falaʿallaka","language_name":"english","language_id":38}},{"id":14295,"position":2,"audio_url":"wbw/011_012_002.mp3","qpc_uthmani_hafs":"تَارِكُۢ","char_type_name":"word","page_number":222,"line_number":13,"text":"ﯥ","translation":{"text":"(may) give up","language_name":"english","language_id":38},"transliteration":{"text":"tārikun","language_name":"english","language_id":38}},{"id":14296,"position":3,"audio_url":"wbw/011_012_003.mp3","qpc_uthmani_hafs":"بَعۡضَ","char_type_name":"word","page_number":222,"line_number":13,"text":"ﯦ","translation":{"text":"a part","language_name":"english","language_id":38},"transliteration":{"text":"baʿḍa","language_name":"english","language_id":38}},{"id":14297,"position":4,"audio_url":"wbw/011_012_004.mp3","qpc_uthmani_hafs":"مَا","char_type_name":"word","page_number":222,"line_number":13,"text":"ﯧ","translation":{"text":"(of) what","language_name":"english","language_id":38},"transliteration":{"text":"mā","language_name":"english","language_id":38}},{"id":14298,"position":5,"audio_url":"wbw/011_012_005.mp3","qpc_uthmani_hafs":"يُوحَىٰٓ","char_type_name":"word","page_number":222,"line_number":13,"text":"ﯨ","translation":{"text":"is revealed","language_name":"english","language_id":38},"transliteration":{"text":"yūḥā","language_name":"english","language_id":38}},{"id":14299,"position":6,"audio_url":"wbw/011_012_006.mp3","qpc_uthmani_hafs":"إِلَيۡكَ","char_type_name":"word","page_number":222,"line_number":13,"text":"ﯩ","translation":{"text":"to you","language_name":"english","language_id":38},"transliteration":{"text":"ilayka","language_name":"english","language_id":38}},{"id":14300,"position":7,"audio_url":"wbw/011_012_007.mp3","qpc_uthmani_hafs":"وَضَآئِقُۢ","char_type_name":"word","page_number":222,"line_number":14,"text":"ﯪ","translation":{"text":"and straitened","language_name":"english","language_id":38},"transliteration":{"text":"waḍāiqun","language_name":"english","language_id":38}},{"id":14301,"position":8,"audio_url":"wbw/011_012_008.mp3","qpc_uthmani_hafs":"بِهِۦ","char_type_name":"word","page_number":222,"line_number":14,"text":"ﯫ","translation":{"text":"by it","language_name":"english","language_id":38},"transliteration":{"text":"bihi","language_name":"english","language_id":38}},{"id":14302,"position":9,"audio_url":"wbw/011_012_009.mp3","qpc_uthmani_hafs":"صَدۡرُكَ","char_type_name":"word","page_number":222,"line_number":14,"text":"ﯬ","translation":{"text":"your breast","language_name":"english","language_id":38},"transliteration":{"text":"ṣadruka","language_name":"english","language_id":38}},{"id":14303,"position":10,"audio_url":"wbw/011_012_010.mp3","qpc_uthmani_hafs":"أَن","char_type_name":"word","page_number":222,"line_number":14,"text":"ﯭ","translation":{"text":"because","language_name":"english","language_id":38},"transliteration":{"text":"an","language_name":"english","language_id":38}},{"id":14304,"position":11,"audio_url":"wbw/011_012_011.mp3","qpc_uthmani_hafs":"يَقُولُواْ","char_type_name":"word","page_number":222,"line_number":14,"text":"ﯮ","translation":{"text":"they say","language_name":"english","language_id":38},"transliteration":{"text":"yaqūlū","language_name":"english","language_id":38}},{"id":14305,"position":12,"audio_url":"wbw/011_012_012.mp3","qpc_uthmani_hafs":"لَوۡلَآ","char_type_name":"word","page_number":222,"line_number":14,"text":"ﯯ","translation":{"text":"Why not","language_name":"english","language_id":38},"transliteration":{"text":"lawlā","language_name":"english","language_id":38}},{"id":14306,"position":13,"audio_url":"wbw/011_012_013.mp3","qpc_uthmani_hafs":"أُنزِلَ","char_type_name":"word","page_number":222,"line_number":14,"text":"ﯰ","translation":{"text":"is sent down","language_name":"english","language_id":38},"transliteration":{"text":"unzila","language_name":"english","language_id":38}},{"id":14307,"position":14,"audio_url":"wbw/011_012_014.mp3","qpc_uthmani_hafs":"عَلَيۡهِ","char_type_name":"word","page_number":222,"line_number":14,"text":"ﯱ","translation":{"text":"for him","language_name":"english","language_id":38},"transliteration":{"text":"ʿalayhi","language_name":"english","language_id":38}},{"id":14308,"position":15,"audio_url":"wbw/011_012_015.mp3","qpc_uthmani_hafs":"كَنزٌ","char_type_name":"word","page_number":222,"line_number":14,"text":"ﯲ","translation":{"text":"a treasure","language_name":"english","language_id":38},"transliteration":{"text":"kanzun","language_name":"english","language_id":38}},{"id":14309,"position":16,"audio_url":"wbw/011_012_016.mp3","qpc_uthmani_hafs":"أَوۡ","char_type_name":"word","page_number":222,"line_number":14,"text":"ﯳ","translation":{"text":"or","language_name":"english","language_id":38},"transliteration":{"text":"aw","language_name":"english","language_id":38}},{"id":14310,"position":17,"audio_url":"wbw/011_012_017.mp3","qpc_uthmani_hafs":"جَآءَ","char_type_name":"word","page_number":222,"line_number":14,"text":"ﯴ","translation":{"text":"has come","language_name":"english","language_id":38},"transliteration":{"text":"jāa","language_name":"english","language_id":38}},{"id":14311,"position":18,"audio_url":"wbw/011_012_018.mp3","qpc_uthmani_hafs":"مَعَهُۥ","char_type_name":"word","page_number":222,"line_number":15,"text":"ﯵ","translation":{"text":"with him","language_name":"english","language_id":38},"transliteration":{"text":"maʿahu","language_name":"english","language_id":38}},{"id":14312,"position":19,"audio_url":"wbw/011_012_019.mp3","qpc_uthmani_hafs":"مَلَكٌۚ","char_type_name":"word","page_number":222,"line_number":15,"text":"ﯶﯷ","translation":{"text":"an Angel","language_name":"english","language_id":38},"transliteration":{"text":"malakun","language_name":"english","language_id":38}},{"id":14314,"position":20,"audio_url":"wbw/011_012_021.mp3","qpc_uthmani_hafs":"إِنَّمَآ","char_type_name":"word","page_number":222,"line_number":15,"text":"ﯸ","translation":{"text":"Only","language_name":"english","language_id":38},"transliteration":{"text":"innamā","language_name":"english","language_id":38}},{"id":14315,"position":21,"audio_url":"wbw/011_012_022.mp3","qpc_uthmani_hafs":"أَنتَ","char_type_name":"word","page_number":222,"line_number":15,"text":"ﯹ","translation":{"text":"you","language_name":"english","language_id":38},"transliteration":{"text":"anta","language_name":"english","language_id":38}},{"id":14316,"position":22,"audio_url":"wbw/011_012_023.mp3","qpc_uthmani_hafs":"نَذِيرٞۚ","char_type_name":"word","page_number":222,"line_number":15,"text":"ﯺﯻ","translation":{"text":"(are) a warner","language_name":"english","language_id":38},"transliteration":{"text":"nadhīrun","language_name":"english","language_id":38}},{"id":14318,"position":23,"audio_url":"wbw/011_012_025.mp3","qpc_uthmani_hafs":"وَٱللَّهُ","char_type_name":"word","page_number":222,"line_number":15,"text":"ﯼ","translation":{"text":"And Allah","language_name":"english","language_id":38},"transliteration":{"text":"wal-lahu","language_name":"english","language_id":38}},{"id":14319,"position":24,"audio_url":"wbw/011_012_026.mp3","qpc_uthmani_hafs":"عَلَىٰ","char_type_name":"word","page_number":222,"line_number":15,"text":"ﯽ","translation":{"text":"(is) on","language_name":"english","language_id":38},"transliteration":{"text":"ʿalā","language_name":"english","language_id":38}},{"id":14320,"position":25,"audio_url":"wbw/011_012_027.mp3","qpc_uthmani_hafs":"كُلِّ","char_type_name":"word","page_number":222,"line_number":15,"text":"ﯾ","translation":{"text":"every","language_name":"english","language_id":38},"transliteration":{"text":"kulli","language_name":"english","language_id":38}},{"id":14321,"position":26,"audio_url":"wbw/011_012_028.mp3","qpc_uthmani_hafs":"شَيۡءٖ","char_type_name":"word","page_number":222,"line_number":15,"text":"ﯿ","translation":{"text":"thing","language_name":"english","language_id":38},"transliteration":{"text":"shayin","language_name":"english","language_id":38}},{"id":14322,"position":27,"audio_url":"wbw/011_012_029.mp3","qpc_uthmani_hafs":"وَكِيلٌ","char_type_name":"word","page_number":222,"line_number":15,"text":"ﰀ","translation":{"text":"a Guardian","language_name":"english","language_id":38},"transliteration":{"text":"wakīlun","language_name":"english","language_id":38}},{"id":14323,"position":28,"audio_url":null,"qpc_uthmani_hafs":"١٢","char_type_name":"end","page_number":222,"line_number":15,"text":"ﰁ","translation":{"text":"(12)","language_name":"english","language_id":38},"transliteration":{"text":null,"language_name":"english","language_id":38}}],"translations":[{"id":917914,"resource_id":134,"text":"Maka boleh jadi kamu hendak meninggalkan sebagian dari apa yang diwahyukan kepadamu dan sempit karenanya dadamu karena khawatir bahwa mereka akan mengatakan, \"Mengapa tidak diturunkan kepadanya perbendaharaan (kekayaan) atau datang bersama-sama dengan dia seorang malaikat?\" Sesungguhnya kamu hanyalah seorang pemberi peringatan dan Allah Pemelihara segala sesuatu."}]}],"pagination":{"per_page":50,"current_page":1,"next_page":null,"total_pages":1,"total_records":7}}