{"verses":[{"id":1527,"verse_number":54,"verse_key":"11:54","juz_number":12,"hizb_number":23,"rub_el_hizb_number":91,"ruku_number":187,"manzil_number":3,"sajdah_number":null,"text_uthmani":"إِن نَّقُولُ إِلَّا ٱعْتَرَىٰكَ بَعْضُ ءَالِهَتِنَا بِسُوٓءٍ ۗ قَالَ إِنِّىٓ أُشْهِدُ ٱللَّهَ وَٱشْهَدُوٓا۟ أَنِّى بَرِىٓءٌ مِّمَّا تُشْرِكُونَ","page_number":228,"words":[{"id":51304,"position":1,"audio_url":"wbw/011_054_001.mp3","qpc_uthmani_hafs":"إِن","char_type_name":"word","page_number":228,"line_number":1,"text":"ﭑ","translation":{"text":"Not","language_name":"english","language_id":38},"transliteration":{"text":"in","language_name":"english","language_id":38}},{"id":51305,"position":2,"audio_url":"wbw/011_054_002.mp3","qpc_uthmani_hafs":"نَّقُولُ","char_type_name":"word","page_number":228,"line_number":1,"text":"ﭒ","translation":{"text":"we say","language_name":"english","language_id":38},"transliteration":{"text":"naqūlu","language_name":"english","language_id":38}},{"id":51306,"position":3,"audio_url":"wbw/011_054_003.mp3","qpc_uthmani_hafs":"إِلَّا","char_type_name":"word","page_number":228,"line_number":1,"text":"ﭓ","translation":{"text":"except (that)","language_name":"english","language_id":38},"transliteration":{"text":"illā","language_name":"english","language_id":38}},{"id":51307,"position":4,"audio_url":"wbw/011_054_004.mp3","qpc_uthmani_hafs":"ٱعۡتَرَىٰكَ","char_type_name":"word","page_number":228,"line_number":1,"text":"ﭔ","translation":{"text":"have seized you","language_name":"english","language_id":38},"transliteration":{"text":"iʿ'tarāka","language_name":"english","language_id":38}},{"id":51308,"position":5,"audio_url":"wbw/011_054_005.mp3","qpc_uthmani_hafs":"بَعۡضُ","char_type_name":"word","page_number":228,"line_number":1,"text":"ﭕ","translation":{"text":"some","language_name":"english","language_id":38},"transliteration":{"text":"baʿḍu","language_name":"english","language_id":38}},{"id":51309,"position":6,"audio_url":"wbw/011_054_006.mp3","qpc_uthmani_hafs":"ءَالِهَتِنَا","char_type_name":"word","page_number":228,"line_number":1,"text":"ﭖ","translation":{"text":"(of) our gods","language_name":"english","language_id":38},"transliteration":{"text":"ālihatinā","language_name":"english","language_id":38}},{"id":51310,"position":7,"audio_url":"wbw/011_054_007.mp3","qpc_uthmani_hafs":"بِسُوٓءٖۗ","char_type_name":"word","page_number":228,"line_number":1,"text":"ﭗﭘ","translation":{"text":"with evil","language_name":"english","language_id":38},"transliteration":{"text":"bisūin","language_name":"english","language_id":38}},{"id":51312,"position":8,"audio_url":"wbw/011_054_009.mp3","qpc_uthmani_hafs":"قَالَ","char_type_name":"word","page_number":228,"line_number":1,"text":"ﭙ","translation":{"text":"He said","language_name":"english","language_id":38},"transliteration":{"text":"qāla","language_name":"english","language_id":38}},{"id":51313,"position":9,"audio_url":"wbw/011_054_010.mp3","qpc_uthmani_hafs":"إِنِّيٓ","char_type_name":"word","page_number":228,"line_number":1,"text":"ﭚ","translation":{"text":"Indeed, I","language_name":"english","language_id":38},"transliteration":{"text":"innī","language_name":"english","language_id":38}},{"id":51314,"position":10,"audio_url":"wbw/011_054_011.mp3","qpc_uthmani_hafs":"أُشۡهِدُ","char_type_name":"word","page_number":228,"line_number":1,"text":"ﭛ","translation":{"text":"[I] call Allah to witness","language_name":"english","language_id":38},"transliteration":{"text":"ush'hidu","language_name":"english","language_id":38}},{"id":51315,"position":11,"audio_url":"wbw/011_054_012.mp3","qpc_uthmani_hafs":"ٱللَّهَ","char_type_name":"word","page_number":228,"line_number":1,"text":"ﭜ","translation":{"text":"[I] call Allah to witness","language_name":"english","language_id":38},"transliteration":{"text":"l-laha","language_name":"english","language_id":38}},{"id":51316,"position":12,"audio_url":"wbw/011_054_013.mp3","qpc_uthmani_hafs":"وَٱشۡهَدُوٓاْ","char_type_name":"word","page_number":228,"line_number":2,"text":"ﭝ","translation":{"text":"and (you) bear witness","language_name":"english","language_id":38},"transliteration":{"text":"wa-ish'hadū","language_name":"english","language_id":38}},{"id":51317,"position":13,"audio_url":"wbw/011_054_014.mp3","qpc_uthmani_hafs":"أَنِّي","char_type_name":"word","page_number":228,"line_number":2,"text":"ﭞ","translation":{"text":"that I am","language_name":"english","language_id":38},"transliteration":{"text":"annī","language_name":"english","language_id":38}},{"id":51318,"position":14,"audio_url":"wbw/011_054_015.mp3","qpc_uthmani_hafs":"بَرِيٓءٞ","char_type_name":"word","page_number":228,"line_number":2,"text":"ﭟ","translation":{"text":"innocent","language_name":"english","language_id":38},"transliteration":{"text":"barīon","language_name":"english","language_id":38}},{"id":51319,"position":15,"audio_url":"wbw/011_054_016.mp3","qpc_uthmani_hafs":"مِّمَّا","char_type_name":"word","page_number":228,"line_number":2,"text":"ﭠ","translation":{"text":"of what","language_name":"english","language_id":38},"transliteration":{"text":"mimmā","language_name":"english","language_id":38}},{"id":51320,"position":16,"audio_url":"wbw/011_054_017.mp3","qpc_uthmani_hafs":"تُشۡرِكُونَ","char_type_name":"word","page_number":228,"line_number":2,"text":"ﭡ","translation":{"text":"you associate","language_name":"english","language_id":38},"transliteration":{"text":"tush'rikūna","language_name":"english","language_id":38}},{"id":51321,"position":17,"audio_url":null,"qpc_uthmani_hafs":"٥٤","char_type_name":"end","page_number":228,"line_number":2,"text":"ﭢ","translation":{"text":"(54)","language_name":"english","language_id":38},"transliteration":{"text":null,"language_name":"english","language_id":38}}],"translations":[{"id":917956,"resource_id":134,"text":"Kami tidak mengatakan melainkan bahwa sebagian sembahan kami telah menimpakan penyakit gila atas dirimu\".  Hūd menjawab, \"Sesungguhnya aku jadikan Allah sebagai saksiku dan saksikanlah olehmu sekalian bahwa sesungguhnya aku berlepas diri dari apa yang kamu persekutukan,"}]},{"id":1528,"verse_number":55,"verse_key":"11:55","juz_number":12,"hizb_number":23,"rub_el_hizb_number":91,"ruku_number":187,"manzil_number":3,"sajdah_number":null,"text_uthmani":"مِن دُونِهِۦ ۖ فَكِيدُونِى جَمِيعًا ثُمَّ لَا تُنظِرُونِ","page_number":228,"words":[{"id":51919,"position":1,"audio_url":"wbw/011_055_001.mp3","qpc_uthmani_hafs":"مِن","char_type_name":"word","page_number":228,"line_number":2,"text":"ﭣ","translation":{"text":"Other than Him","language_name":"english","language_id":38},"transliteration":{"text":"min","language_name":"english","language_id":38}},{"id":51920,"position":2,"audio_url":"wbw/011_055_002.mp3","qpc_uthmani_hafs":"دُونِهِۦۖ","char_type_name":"word","page_number":228,"line_number":2,"text":"ﭤﭥ","translation":{"text":"Other than Him","language_name":"english","language_id":38},"transliteration":{"text":"dūnihi","language_name":"english","language_id":38}},{"id":51922,"position":3,"audio_url":"wbw/011_055_004.mp3","qpc_uthmani_hafs":"فَكِيدُونِي","char_type_name":"word","page_number":228,"line_number":2,"text":"ﭦ","translation":{"text":"So plot against me","language_name":"english","language_id":38},"transliteration":{"text":"fakīdūnī","language_name":"english","language_id":38}},{"id":51923,"position":4,"audio_url":"wbw/011_055_005.mp3","qpc_uthmani_hafs":"جَمِيعٗا","char_type_name":"word","page_number":228,"line_number":3,"text":"ﭧ","translation":{"text":"all together","language_name":"english","language_id":38},"transliteration":{"text":"jamīʿan","language_name":"english","language_id":38}},{"id":51924,"position":5,"audio_url":"wbw/011_055_006.mp3","qpc_uthmani_hafs":"ثُمَّ","char_type_name":"word","page_number":228,"line_number":3,"text":"ﭨ","translation":{"text":"then","language_name":"english","language_id":38},"transliteration":{"text":"thumma","language_name":"english","language_id":38}},{"id":51925,"position":6,"audio_url":"wbw/011_055_007.mp3","qpc_uthmani_hafs":"لَا","char_type_name":"word","page_number":228,"line_number":3,"text":"ﭩ","translation":{"text":"(do) not","language_name":"english","language_id":38},"transliteration":{"text":"lā","language_name":"english","language_id":38}},{"id":51926,"position":7,"audio_url":"wbw/011_055_008.mp3","qpc_uthmani_hafs":"تُنظِرُونِ","char_type_name":"word","page_number":228,"line_number":3,"text":"ﭪ","translation":{"text":"give me respite","language_name":"english","language_id":38},"transliteration":{"text":"tunẓirūni","language_name":"english","language_id":38}},{"id":51927,"position":8,"audio_url":null,"qpc_uthmani_hafs":"٥٥","char_type_name":"end","page_number":228,"line_number":3,"text":"ﭫ","translation":{"text":"(55)","language_name":"english","language_id":38},"transliteration":{"text":null,"language_name":"english","language_id":38}}],"translations":[{"id":917957,"resource_id":134,"text":"dari selain-Nya, sebab itu jalankanlah tipu dayamu semuanya terhadapku dan janganlah kamu memberi tangguh kepadaku."}]},{"id":1529,"verse_number":56,"verse_key":"11:56","juz_number":12,"hizb_number":23,"rub_el_hizb_number":91,"ruku_number":187,"manzil_number":3,"sajdah_number":null,"text_uthmani":"إِنِّى تَوَكَّلْتُ عَلَى ٱللَّهِ رَبِّى وَرَبِّكُم ۚ مَّا مِن دَآبَّةٍ إِلَّا هُوَ ءَاخِذٌۢ بِنَاصِيَتِهَآ ۚ إِنَّ رَبِّى عَلَىٰ صِرَٰطٍ مُّسْتَقِيمٍ","page_number":228,"words":[{"id":52346,"position":1,"audio_url":"wbw/011_056_001.mp3","qpc_uthmani_hafs":"إِنِّي","char_type_name":"word","page_number":228,"line_number":3,"text":"ﭬ","translation":{"text":"Indeed, I","language_name":"english","language_id":38},"transliteration":{"text":"innī","language_name":"english","language_id":38}},{"id":52347,"position":2,"audio_url":"wbw/011_056_002.mp3","qpc_uthmani_hafs":"تَوَكَّلۡتُ","char_type_name":"word","page_number":228,"line_number":3,"text":"ﭭ","translation":{"text":"[I] put my trust","language_name":"english","language_id":38},"transliteration":{"text":"tawakkaltu","language_name":"english","language_id":38}},{"id":52348,"position":3,"audio_url":"wbw/011_056_003.mp3","qpc_uthmani_hafs":"عَلَى","char_type_name":"word","page_number":228,"line_number":3,"text":"ﭮ","translation":{"text":"upon","language_name":"english","language_id":38},"transliteration":{"text":"ʿalā","language_name":"english","language_id":38}},{"id":52349,"position":4,"audio_url":"wbw/011_056_004.mp3","qpc_uthmani_hafs":"ٱللَّهِ","char_type_name":"word","page_number":228,"line_number":3,"text":"ﭯ","translation":{"text":"Allah","language_name":"english","language_id":38},"transliteration":{"text":"l-lahi","language_name":"english","language_id":38}},{"id":52350,"position":5,"audio_url":"wbw/011_056_005.mp3","qpc_uthmani_hafs":"رَبِّي","char_type_name":"word","page_number":228,"line_number":3,"text":"ﭰ","translation":{"text":"my Lord","language_name":"english","language_id":38},"transliteration":{"text":"rabbī","language_name":"english","language_id":38}},{"id":52351,"position":6,"audio_url":"wbw/011_056_006.mp3","qpc_uthmani_hafs":"وَرَبِّكُمۚ","char_type_name":"word","page_number":228,"line_number":3,"text":"ﭱﭲ","translation":{"text":"and your Lord","language_name":"english","language_id":38},"transliteration":{"text":"warabbikum","language_name":"english","language_id":38}},{"id":52353,"position":7,"audio_url":"wbw/011_056_008.mp3","qpc_uthmani_hafs":"مَّا","char_type_name":"word","page_number":228,"line_number":3,"text":"ﭳ","translation":{"text":"(There is) not","language_name":"english","language_id":38},"transliteration":{"text":"mā","language_name":"english","language_id":38}},{"id":52354,"position":8,"audio_url":"wbw/011_056_009.mp3","qpc_uthmani_hafs":"مِن","char_type_name":"word","page_number":228,"line_number":4,"text":"ﭴ","translation":{"text":"of a moving creature","language_name":"english","language_id":38},"transliteration":{"text":"min","language_name":"english","language_id":38}},{"id":52355,"position":9,"audio_url":"wbw/011_056_010.mp3","qpc_uthmani_hafs":"دَآبَّةٍ","char_type_name":"word","page_number":228,"line_number":4,"text":"ﭵ","translation":{"text":"of a moving creature","language_name":"english","language_id":38},"transliteration":{"text":"dābbatin","language_name":"english","language_id":38}},{"id":52356,"position":10,"audio_url":"wbw/011_056_011.mp3","qpc_uthmani_hafs":"إِلَّا","char_type_name":"word","page_number":228,"line_number":4,"text":"ﭶ","translation":{"text":"but","language_name":"english","language_id":38},"transliteration":{"text":"illā","language_name":"english","language_id":38}},{"id":52357,"position":11,"audio_url":"wbw/011_056_012.mp3","qpc_uthmani_hafs":"هُوَ","char_type_name":"word","page_number":228,"line_number":4,"text":"ﭷ","translation":{"text":"He","language_name":"english","language_id":38},"transliteration":{"text":"huwa","language_name":"english","language_id":38}},{"id":52358,"position":12,"audio_url":"wbw/011_056_013.mp3","qpc_uthmani_hafs":"ءَاخِذُۢ","char_type_name":"word","page_number":228,"line_number":4,"text":"ﭸ","translation":{"text":"has grasp","language_name":"english","language_id":38},"transliteration":{"text":"ākhidhun","language_name":"english","language_id":38}},{"id":52359,"position":13,"audio_url":"wbw/011_056_014.mp3","qpc_uthmani_hafs":"بِنَاصِيَتِهَآۚ","char_type_name":"word","page_number":228,"line_number":4,"text":"ﭹﭺ","translation":{"text":"of its forelock","language_name":"english","language_id":38},"transliteration":{"text":"bināṣiyatihā","language_name":"english","language_id":38}},{"id":52361,"position":14,"audio_url":"wbw/011_056_016.mp3","qpc_uthmani_hafs":"إِنَّ","char_type_name":"word","page_number":228,"line_number":4,"text":"ﭻ","translation":{"text":"Indeed","language_name":"english","language_id":38},"transliteration":{"text":"inna","language_name":"english","language_id":38}},{"id":52362,"position":15,"audio_url":"wbw/011_056_017.mp3","qpc_uthmani_hafs":"رَبِّي","char_type_name":"word","page_number":228,"line_number":4,"text":"ﭼ","translation":{"text":"my Lord","language_name":"english","language_id":38},"transliteration":{"text":"rabbī","language_name":"english","language_id":38}},{"id":52363,"position":16,"audio_url":"wbw/011_056_018.mp3","qpc_uthmani_hafs":"عَلَىٰ","char_type_name":"word","page_number":228,"line_number":4,"text":"ﭽ","translation":{"text":"(is) on","language_name":"english","language_id":38},"transliteration":{"text":"ʿalā","language_name":"english","language_id":38}},{"id":52364,"position":17,"audio_url":"wbw/011_056_019.mp3","qpc_uthmani_hafs":"صِرَٰطٖ","char_type_name":"word","page_number":228,"line_number":4,"text":"ﭾ","translation":{"text":"a path","language_name":"english","language_id":38},"transliteration":{"text":"ṣirāṭin","language_name":"english","language_id":38}},{"id":52365,"position":18,"audio_url":"wbw/011_056_020.mp3","qpc_uthmani_hafs":"مُّسۡتَقِيمٖ","char_type_name":"word","page_number":228,"line_number":4,"text":"ﭿ","translation":{"text":"straight","language_name":"english","language_id":38},"transliteration":{"text":"mus'taqīmin","language_name":"english","language_id":38}},{"id":52366,"position":19,"audio_url":null,"qpc_uthmani_hafs":"٥٦","char_type_name":"end","page_number":228,"line_number":5,"text":"ﮀ","translation":{"text":"(56)","language_name":"english","language_id":38},"transliteration":{"text":null,"language_name":"english","language_id":38}}],"translations":[{"id":917958,"resource_id":134,"text":"Sesungguhnya aku bertawakal kepada Allah Tuhan-ku dan Tuhan-mu.  Tidak ada suatu binatang melata  pun <sup foot_note=210492>1</sup> , melainkan Dia-lah yang memegang ubun-ubunnya <sup foot_note=210493>2</sup>. Sesungguhnya Tuhan-ku di atas jalan yang lurus <sup foot_note=210494>3</sup>\" ."}]},{"id":1530,"verse_number":57,"verse_key":"11:57","juz_number":12,"hizb_number":23,"rub_el_hizb_number":91,"ruku_number":187,"manzil_number":3,"sajdah_number":null,"text_uthmani":"فَإِن تَوَلَّوْا۟ فَقَدْ أَبْلَغْتُكُم مَّآ أُرْسِلْتُ بِهِۦٓ إِلَيْكُمْ ۚ وَيَسْتَخْلِفُ رَبِّى قَوْمًا غَيْرَكُمْ وَلَا تَضُرُّونَهُۥ شَيْـًٔا ۚ إِنَّ رَبِّى عَلَىٰ كُلِّ شَىْءٍ حَفِيظٌ","page_number":228,"words":[{"id":52886,"position":1,"audio_url":"wbw/011_057_001.mp3","qpc_uthmani_hafs":"فَإِن","char_type_name":"word","page_number":228,"line_number":5,"text":"ﮁ","translation":{"text":"So if","language_name":"english","language_id":38},"transliteration":{"text":"fa-in","language_name":"english","language_id":38}},{"id":52887,"position":2,"audio_url":"wbw/011_057_002.mp3","qpc_uthmani_hafs":"تَوَلَّوۡاْ","char_type_name":"word","page_number":228,"line_number":5,"text":"ﮂ","translation":{"text":"you turn away","language_name":"english","language_id":38},"transliteration":{"text":"tawallaw","language_name":"english","language_id":38}},{"id":52888,"position":3,"audio_url":"wbw/011_057_003.mp3","qpc_uthmani_hafs":"فَقَدۡ","char_type_name":"word","page_number":228,"line_number":5,"text":"ﮃ","translation":{"text":"then verily","language_name":"english","language_id":38},"transliteration":{"text":"faqad","language_name":"english","language_id":38}},{"id":52889,"position":4,"audio_url":"wbw/011_057_004.mp3","qpc_uthmani_hafs":"أَبۡلَغۡتُكُم","char_type_name":"word","page_number":228,"line_number":5,"text":"ﮄ","translation":{"text":"I have conveyed to you","language_name":"english","language_id":38},"transliteration":{"text":"ablaghtukum","language_name":"english","language_id":38}},{"id":52890,"position":5,"audio_url":"wbw/011_057_005.mp3","qpc_uthmani_hafs":"مَّآ","char_type_name":"word","page_number":228,"line_number":5,"text":"ﮅ","translation":{"text":"what","language_name":"english","language_id":38},"transliteration":{"text":"mā","language_name":"english","language_id":38}},{"id":52891,"position":6,"audio_url":"wbw/011_057_006.mp3","qpc_uthmani_hafs":"أُرۡسِلۡتُ","char_type_name":"word","page_number":228,"line_number":5,"text":"ﮆ","translation":{"text":"I was sent","language_name":"english","language_id":38},"transliteration":{"text":"ur'sil'tu","language_name":"english","language_id":38}},{"id":52892,"position":7,"audio_url":"wbw/011_057_007.mp3","qpc_uthmani_hafs":"بِهِۦٓ","char_type_name":"word","page_number":228,"line_number":5,"text":"ﮇ","translation":{"text":"with [it]","language_name":"english","language_id":38},"transliteration":{"text":"bihi","language_name":"english","language_id":38}},{"id":52893,"position":8,"audio_url":"wbw/011_057_008.mp3","qpc_uthmani_hafs":"إِلَيۡكُمۡۚ","char_type_name":"word","page_number":228,"line_number":5,"text":"ﮈﮉ","translation":{"text":"to you","language_name":"english","language_id":38},"transliteration":{"text":"ilaykum","language_name":"english","language_id":38}},{"id":52895,"position":9,"audio_url":"wbw/011_057_010.mp3","qpc_uthmani_hafs":"وَيَسۡتَخۡلِفُ","char_type_name":"word","page_number":228,"line_number":5,"text":"ﮊ","translation":{"text":"And my Lord will give succession","language_name":"english","language_id":38},"transliteration":{"text":"wayastakhlifu","language_name":"english","language_id":38}},{"id":52896,"position":10,"audio_url":"wbw/011_057_011.mp3","qpc_uthmani_hafs":"رَبِّي","char_type_name":"word","page_number":228,"line_number":6,"text":"ﮋ","translation":{"text":"And my Lord will give succession","language_name":"english","language_id":38},"transliteration":{"text":"rabbī","language_name":"english","language_id":38}},{"id":52897,"position":11,"audio_url":"wbw/011_057_012.mp3","qpc_uthmani_hafs":"قَوۡمًا","char_type_name":"word","page_number":228,"line_number":6,"text":"ﮌ","translation":{"text":"(to) a people","language_name":"english","language_id":38},"transliteration":{"text":"qawman","language_name":"english","language_id":38}},{"id":52898,"position":12,"audio_url":"wbw/011_057_013.mp3","qpc_uthmani_hafs":"غَيۡرَكُمۡ","char_type_name":"word","page_number":228,"line_number":6,"text":"ﮍ","translation":{"text":"other than you","language_name":"english","language_id":38},"transliteration":{"text":"ghayrakum","language_name":"english","language_id":38}},{"id":52899,"position":13,"audio_url":"wbw/011_057_014.mp3","qpc_uthmani_hafs":"وَلَا","char_type_name":"word","page_number":228,"line_number":6,"text":"ﮎ","translation":{"text":"and not","language_name":"english","language_id":38},"transliteration":{"text":"walā","language_name":"english","language_id":38}},{"id":52900,"position":14,"audio_url":"wbw/011_057_015.mp3","qpc_uthmani_hafs":"تَضُرُّونَهُۥ","char_type_name":"word","page_number":228,"line_number":6,"text":"ﮏ","translation":{"text":"you will harm Him","language_name":"english","language_id":38},"transliteration":{"text":"taḍurrūnahu","language_name":"english","language_id":38}},{"id":52901,"position":15,"audio_url":"wbw/011_057_016.mp3","qpc_uthmani_hafs":"شَيۡـًٔاۚ","char_type_name":"word","page_number":228,"line_number":6,"text":"ﮐﮑ","translation":{"text":"(in) anything","language_name":"english","language_id":38},"transliteration":{"text":"shayan","language_name":"english","language_id":38}},{"id":52903,"position":16,"audio_url":"wbw/011_057_018.mp3","qpc_uthmani_hafs":"إِنَّ","char_type_name":"word","page_number":228,"line_number":6,"text":"ﮒ","translation":{"text":"Indeed","language_name":"english","language_id":38},"transliteration":{"text":"inna","language_name":"english","language_id":38}},{"id":52904,"position":17,"audio_url":"wbw/011_057_019.mp3","qpc_uthmani_hafs":"رَبِّي","char_type_name":"word","page_number":228,"line_number":6,"text":"ﮓ","translation":{"text":"my Lord","language_name":"english","language_id":38},"transliteration":{"text":"rabbī","language_name":"english","language_id":38}},{"id":52905,"position":18,"audio_url":"wbw/011_057_020.mp3","qpc_uthmani_hafs":"عَلَىٰ","char_type_name":"word","page_number":228,"line_number":6,"text":"ﮔ","translation":{"text":"(is) on","language_name":"english","language_id":38},"transliteration":{"text":"ʿalā","language_name":"english","language_id":38}},{"id":52906,"position":19,"audio_url":"wbw/011_057_021.mp3","qpc_uthmani_hafs":"كُلِّ","char_type_name":"word","page_number":228,"line_number":6,"text":"ﮕ","translation":{"text":"all","language_name":"english","language_id":38},"transliteration":{"text":"kulli","language_name":"english","language_id":38}},{"id":52907,"position":20,"audio_url":"wbw/011_057_022.mp3","qpc_uthmani_hafs":"شَيۡءٍ","char_type_name":"word","page_number":228,"line_number":6,"text":"ﮖ","translation":{"text":"things","language_name":"english","language_id":38},"transliteration":{"text":"shayin","language_name":"english","language_id":38}},{"id":52908,"position":21,"audio_url":"wbw/011_057_023.mp3","qpc_uthmani_hafs":"حَفِيظٞ","char_type_name":"word","page_number":228,"line_number":6,"text":"ﮗ","translation":{"text":"a Guardian","language_name":"english","language_id":38},"transliteration":{"text":"ḥafīẓun","language_name":"english","language_id":38}},{"id":52909,"position":22,"audio_url":null,"qpc_uthmani_hafs":"٥٧","char_type_name":"end","page_number":228,"line_number":7,"text":"ﮘ","translation":{"text":"(57)","language_name":"english","language_id":38},"transliteration":{"text":null,"language_name":"english","language_id":38}}],"translations":[{"id":917959,"resource_id":134,"text":"Jika kamu berpaling, maka sesungguhnya aku telah menyampaikan kepadamu apa (amanat) yang aku diutus (untuk menyampaikan)nya kepadamu.  Dan Tuhan-ku akan mengganti (kamu) dengan kaum yang lain (dari) kamu dan kamu tidak dapat membuat mudarat kepada-Nya sedikit pun.  Sesungguhnya Tuhan-ku adalah Maha Pemelihara segala sesuatu."}]},{"id":1531,"verse_number":58,"verse_key":"11:58","juz_number":12,"hizb_number":23,"rub_el_hizb_number":91,"ruku_number":187,"manzil_number":3,"sajdah_number":null,"text_uthmani":"وَلَمَّا جَآءَ أَمْرُنَا نَجَّيْنَا هُودًا وَٱلَّذِينَ ءَامَنُوا۟ مَعَهُۥ بِرَحْمَةٍ مِّنَّا وَنَجَّيْنَـٰهُم مِّنْ عَذَابٍ غَلِيظٍ","page_number":228,"words":[{"id":53422,"position":1,"audio_url":"wbw/011_058_001.mp3","qpc_uthmani_hafs":"وَلَمَّا","char_type_name":"word","page_number":228,"line_number":7,"text":"ﮙ","translation":{"text":"And when","language_name":"english","language_id":38},"transliteration":{"text":"walammā","language_name":"english","language_id":38}},{"id":53423,"position":2,"audio_url":"wbw/011_058_002.mp3","qpc_uthmani_hafs":"جَآءَ","char_type_name":"word","page_number":228,"line_number":7,"text":"ﮚ","translation":{"text":"came","language_name":"english","language_id":38},"transliteration":{"text":"jāa","language_name":"english","language_id":38}},{"id":53424,"position":3,"audio_url":"wbw/011_058_003.mp3","qpc_uthmani_hafs":"أَمۡرُنَا","char_type_name":"word","page_number":228,"line_number":7,"text":"ﮛ","translation":{"text":"Our command","language_name":"english","language_id":38},"transliteration":{"text":"amrunā","language_name":"english","language_id":38}},{"id":53425,"position":4,"audio_url":"wbw/011_058_004.mp3","qpc_uthmani_hafs":"نَجَّيۡنَا","char_type_name":"word","page_number":228,"line_number":7,"text":"ﮜ","translation":{"text":"We saved","language_name":"english","language_id":38},"transliteration":{"text":"najjaynā","language_name":"english","language_id":38}},{"id":53426,"position":5,"audio_url":"wbw/011_058_005.mp3","qpc_uthmani_hafs":"هُودٗا","char_type_name":"word","page_number":228,"line_number":7,"text":"ﮝ","translation":{"text":"Hud","language_name":"english","language_id":38},"transliteration":{"text":"hūdan","language_name":"english","language_id":38}},{"id":53427,"position":6,"audio_url":"wbw/011_058_006.mp3","qpc_uthmani_hafs":"وَٱلَّذِينَ","char_type_name":"word","page_number":228,"line_number":7,"text":"ﮞ","translation":{"text":"and those who","language_name":"english","language_id":38},"transliteration":{"text":"wa-alladhīna","language_name":"english","language_id":38}},{"id":53428,"position":7,"audio_url":"wbw/011_058_007.mp3","qpc_uthmani_hafs":"ءَامَنُواْ","char_type_name":"word","page_number":228,"line_number":7,"text":"ﮟ","translation":{"text":"believed","language_name":"english","language_id":38},"transliteration":{"text":"āmanū","language_name":"english","language_id":38}},{"id":53429,"position":8,"audio_url":"wbw/011_058_008.mp3","qpc_uthmani_hafs":"مَعَهُۥ","char_type_name":"word","page_number":228,"line_number":7,"text":"ﮠ","translation":{"text":"with him","language_name":"english","language_id":38},"transliteration":{"text":"maʿahu","language_name":"english","language_id":38}},{"id":53430,"position":9,"audio_url":"wbw/011_058_009.mp3","qpc_uthmani_hafs":"بِرَحۡمَةٖ","char_type_name":"word","page_number":228,"line_number":7,"text":"ﮡ","translation":{"text":"by a Mercy","language_name":"english","language_id":38},"transliteration":{"text":"biraḥmatin","language_name":"english","language_id":38}},{"id":53431,"position":10,"audio_url":"wbw/011_058_010.mp3","qpc_uthmani_hafs":"مِّنَّا","char_type_name":"word","page_number":228,"line_number":8,"text":"ﮢ","translation":{"text":"from Us","language_name":"english","language_id":38},"transliteration":{"text":"minnā","language_name":"english","language_id":38}},{"id":53432,"position":11,"audio_url":"wbw/011_058_011.mp3","qpc_uthmani_hafs":"وَنَجَّيۡنَٰهُم","char_type_name":"word","page_number":228,"line_number":8,"text":"ﮣ","translation":{"text":"and We saved them","language_name":"english","language_id":38},"transliteration":{"text":"wanajjaynāhum","language_name":"english","language_id":38}},{"id":53433,"position":12,"audio_url":"wbw/011_058_012.mp3","qpc_uthmani_hafs":"مِّنۡ","char_type_name":"word","page_number":228,"line_number":8,"text":"ﮤ","translation":{"text":"from","language_name":"english","language_id":38},"transliteration":{"text":"min","language_name":"english","language_id":38}},{"id":53434,"position":13,"audio_url":"wbw/011_058_013.mp3","qpc_uthmani_hafs":"عَذَابٍ","char_type_name":"word","page_number":228,"line_number":8,"text":"ﮥ","translation":{"text":"a punishment","language_name":"english","language_id":38},"transliteration":{"text":"ʿadhābin","language_name":"english","language_id":38}},{"id":53435,"position":14,"audio_url":"wbw/011_058_014.mp3","qpc_uthmani_hafs":"غَلِيظٖ","char_type_name":"word","page_number":228,"line_number":8,"text":"ﮦ","translation":{"text":"severe","language_name":"english","language_id":38},"transliteration":{"text":"ghalīẓin","language_name":"english","language_id":38}},{"id":53436,"position":15,"audio_url":null,"qpc_uthmani_hafs":"٥٨","char_type_name":"end","page_number":228,"line_number":8,"text":"ﮧ","translation":{"text":"(58)","language_name":"english","language_id":38},"transliteration":{"text":null,"language_name":"english","language_id":38}}],"translations":[{"id":917960,"resource_id":134,"text":"Dan tatkala datang  azab Kami, Kami selamatkan Hūd dan orang-orang yang beriman bersama dia dengan rahmat dari Kami dan Kami selamatkan (pula) mereka (di akhirat) dari azab yang berat."}]},{"id":1532,"verse_number":59,"verse_key":"11:59","juz_number":12,"hizb_number":23,"rub_el_hizb_number":91,"ruku_number":187,"manzil_number":3,"sajdah_number":null,"text_uthmani":"وَتِلْكَ عَادٌ ۖ جَحَدُوا۟ بِـَٔايَـٰتِ رَبِّهِمْ وَعَصَوْا۟ رُسُلَهُۥ وَٱتَّبَعُوٓا۟ أَمْرَ كُلِّ جَبَّارٍ عَنِيدٍ","page_number":228,"words":[{"id":53908,"position":1,"audio_url":"wbw/011_059_001.mp3","qpc_uthmani_hafs":"وَتِلۡكَ","char_type_name":"word","page_number":228,"line_number":8,"text":"ﮨ","translation":{"text":"And this","language_name":"english","language_id":38},"transliteration":{"text":"watil'ka","language_name":"english","language_id":38}},{"id":53909,"position":2,"audio_url":"wbw/011_059_002.mp3","qpc_uthmani_hafs":"عَادٞۖ","char_type_name":"word","page_number":228,"line_number":8,"text":"ﮩﮪ","translation":{"text":"(was) Aad","language_name":"english","language_id":38},"transliteration":{"text":"ʿādun","language_name":"english","language_id":38}},{"id":53911,"position":3,"audio_url":"wbw/011_059_004.mp3","qpc_uthmani_hafs":"جَحَدُواْ","char_type_name":"word","page_number":228,"line_number":8,"text":"ﮫ","translation":{"text":"they rejected","language_name":"english","language_id":38},"transliteration":{"text":"jaḥadū","language_name":"english","language_id":38}},{"id":53912,"position":4,"audio_url":"wbw/011_059_005.mp3","qpc_uthmani_hafs":"بِـَٔايَٰتِ","char_type_name":"word","page_number":228,"line_number":8,"text":"ﮬ","translation":{"text":"(the) Signs","language_name":"english","language_id":38},"transliteration":{"text":"biāyāti","language_name":"english","language_id":38}},{"id":53913,"position":5,"audio_url":"wbw/011_059_006.mp3","qpc_uthmani_hafs":"رَبِّهِمۡ","char_type_name":"word","page_number":228,"line_number":9,"text":"ﮭ","translation":{"text":"(of) their Lord","language_name":"english","language_id":38},"transliteration":{"text":"rabbihim","language_name":"english","language_id":38}},{"id":53914,"position":6,"audio_url":"wbw/011_059_007.mp3","qpc_uthmani_hafs":"وَعَصَوۡاْ","char_type_name":"word","page_number":228,"line_number":9,"text":"ﮮ","translation":{"text":"and disobeyed","language_name":"english","language_id":38},"transliteration":{"text":"waʿaṣaw","language_name":"english","language_id":38}},{"id":53915,"position":7,"audio_url":"wbw/011_059_008.mp3","qpc_uthmani_hafs":"رُسُلَهُۥ","char_type_name":"word","page_number":228,"line_number":9,"text":"ﮯ","translation":{"text":"His Messengers","language_name":"english","language_id":38},"transliteration":{"text":"rusulahu","language_name":"english","language_id":38}},{"id":53916,"position":8,"audio_url":"wbw/011_059_009.mp3","qpc_uthmani_hafs":"وَٱتَّبَعُوٓاْ","char_type_name":"word","page_number":228,"line_number":9,"text":"ﮰ","translation":{"text":"and followed","language_name":"english","language_id":38},"transliteration":{"text":"wa-ittabaʿū","language_name":"english","language_id":38}},{"id":53917,"position":9,"audio_url":"wbw/011_059_010.mp3","qpc_uthmani_hafs":"أَمۡرَ","char_type_name":"word","page_number":228,"line_number":9,"text":"ﮱ","translation":{"text":"(the) command","language_name":"english","language_id":38},"transliteration":{"text":"amra","language_name":"english","language_id":38}},{"id":53918,"position":10,"audio_url":"wbw/011_059_011.mp3","qpc_uthmani_hafs":"كُلِّ","char_type_name":"word","page_number":228,"line_number":9,"text":"ﯓ","translation":{"text":"(of) every","language_name":"english","language_id":38},"transliteration":{"text":"kulli","language_name":"english","language_id":38}},{"id":53919,"position":11,"audio_url":"wbw/011_059_012.mp3","qpc_uthmani_hafs":"جَبَّارٍ","char_type_name":"word","page_number":228,"line_number":9,"text":"ﯔ","translation":{"text":"tyrant","language_name":"english","language_id":38},"transliteration":{"text":"jabbārin","language_name":"english","language_id":38}},{"id":53920,"position":12,"audio_url":"wbw/011_059_013.mp3","qpc_uthmani_hafs":"عَنِيدٖ","char_type_name":"word","page_number":228,"line_number":9,"text":"ﯕ","translation":{"text":"obstinate","language_name":"english","language_id":38},"transliteration":{"text":"ʿanīdin","language_name":"english","language_id":38}},{"id":53921,"position":13,"audio_url":null,"qpc_uthmani_hafs":"٥٩","char_type_name":"end","page_number":228,"line_number":9,"text":"ﯖ","translation":{"text":"(59)","language_name":"english","language_id":38},"transliteration":{"text":null,"language_name":"english","language_id":38}}],"translations":[{"id":917961,"resource_id":134,"text":"Dan itulah (kisah) kaum ‘Ād yang mengingkari tanda-tanda kekuasaan Tuhan mereka dan mendurhakai rasul-rasul Allah dan mereka menuruti perintah semua penguasa yang sewenang-wenang lagi menentang (kebenaran)."}]},{"id":1533,"verse_number":60,"verse_key":"11:60","juz_number":12,"hizb_number":23,"rub_el_hizb_number":91,"ruku_number":187,"manzil_number":3,"sajdah_number":null,"text_uthmani":"وَأُتْبِعُوا۟ فِى هَـٰذِهِ ٱلدُّنْيَا لَعْنَةً وَيَوْمَ ٱلْقِيَـٰمَةِ ۗ أَلَآ إِنَّ عَادًا كَفَرُوا۟ رَبَّهُمْ ۗ أَلَا بُعْدًا لِّعَادٍ قَوْمِ هُودٍ","page_number":228,"words":[{"id":54565,"position":1,"audio_url":"wbw/011_060_001.mp3","qpc_uthmani_hafs":"وَأُتۡبِعُواْ","char_type_name":"word","page_number":228,"line_number":9,"text":"ﯗ","translation":{"text":"And they were followed","language_name":"english","language_id":38},"transliteration":{"text":"wa-ut'biʿū","language_name":"english","language_id":38}},{"id":54566,"position":2,"audio_url":"wbw/011_060_002.mp3","qpc_uthmani_hafs":"فِي","char_type_name":"word","page_number":228,"line_number":10,"text":"ﯘ","translation":{"text":"in","language_name":"english","language_id":38},"transliteration":{"text":"fī","language_name":"english","language_id":38}},{"id":54567,"position":3,"audio_url":"wbw/011_060_003.mp3","qpc_uthmani_hafs":"هَٰذِهِ","char_type_name":"word","page_number":228,"line_number":10,"text":"ﯙ","translation":{"text":"this","language_name":"english","language_id":38},"transliteration":{"text":"hādhihi","language_name":"english","language_id":38}},{"id":54568,"position":4,"audio_url":"wbw/011_060_004.mp3","qpc_uthmani_hafs":"ٱلدُّنۡيَا","char_type_name":"word","page_number":228,"line_number":10,"text":"ﯚ","translation":{"text":"world","language_name":"english","language_id":38},"transliteration":{"text":"l-dun'yā","language_name":"english","language_id":38}},{"id":54569,"position":5,"audio_url":"wbw/011_060_005.mp3","qpc_uthmani_hafs":"لَعۡنَةٗ","char_type_name":"word","page_number":228,"line_number":10,"text":"ﯛ","translation":{"text":"(with) a curse","language_name":"english","language_id":38},"transliteration":{"text":"laʿnatan","language_name":"english","language_id":38}},{"id":54570,"position":6,"audio_url":"wbw/011_060_006.mp3","qpc_uthmani_hafs":"وَيَوۡمَ","char_type_name":"word","page_number":228,"line_number":10,"text":"ﯜ","translation":{"text":"and (on the) Day","language_name":"english","language_id":38},"transliteration":{"text":"wayawma","language_name":"english","language_id":38}},{"id":54571,"position":7,"audio_url":"wbw/011_060_007.mp3","qpc_uthmani_hafs":"ٱلۡقِيَٰمَةِۗ","char_type_name":"word","page_number":228,"line_number":10,"text":"ﯝﯞ","translation":{"text":"(of) the Resurrection","language_name":"english","language_id":38},"transliteration":{"text":"l-qiyāmati","language_name":"english","language_id":38}},{"id":54573,"position":8,"audio_url":"wbw/011_060_009.mp3","qpc_uthmani_hafs":"أَلَآ","char_type_name":"word","page_number":228,"line_number":10,"text":"ﯟ","translation":{"text":"No doubt","language_name":"english","language_id":38},"transliteration":{"text":"alā","language_name":"english","language_id":38}},{"id":54574,"position":9,"audio_url":"wbw/011_060_010.mp3","qpc_uthmani_hafs":"إِنَّ","char_type_name":"word","page_number":228,"line_number":10,"text":"ﯠ","translation":{"text":"Indeed","language_name":"english","language_id":38},"transliteration":{"text":"inna","language_name":"english","language_id":38}},{"id":54575,"position":10,"audio_url":"wbw/011_060_011.mp3","qpc_uthmani_hafs":"عَادٗا","char_type_name":"word","page_number":228,"line_number":10,"text":"ﯡ","translation":{"text":"Aad","language_name":"english","language_id":38},"transliteration":{"text":"ʿādan","language_name":"english","language_id":38}},{"id":54576,"position":11,"audio_url":"wbw/011_060_012.mp3","qpc_uthmani_hafs":"كَفَرُواْ","char_type_name":"word","page_number":228,"line_number":10,"text":"ﯢ","translation":{"text":"disbelieved","language_name":"english","language_id":38},"transliteration":{"text":"kafarū","language_name":"english","language_id":38}},{"id":54577,"position":12,"audio_url":"wbw/011_060_013.mp3","qpc_uthmani_hafs":"رَبَّهُمۡۗ","char_type_name":"word","page_number":228,"line_number":10,"text":"ﯣﯤ","translation":{"text":"their Lord","language_name":"english","language_id":38},"transliteration":{"text":"rabbahum","language_name":"english","language_id":38}},{"id":54579,"position":13,"audio_url":"wbw/011_060_015.mp3","qpc_uthmani_hafs":"أَلَا","char_type_name":"word","page_number":228,"line_number":10,"text":"ﯥ","translation":{"text":"So","language_name":"english","language_id":38},"transliteration":{"text":"alā","language_name":"english","language_id":38}},{"id":54580,"position":14,"audio_url":"wbw/011_060_016.mp3","qpc_uthmani_hafs":"بُعۡدٗا","char_type_name":"word","page_number":228,"line_number":11,"text":"ﯦ","translation":{"text":"away","language_name":"english","language_id":38},"transliteration":{"text":"buʿ'dan","language_name":"english","language_id":38}},{"id":54581,"position":15,"audio_url":"wbw/011_060_017.mp3","qpc_uthmani_hafs":"لِّعَادٖ","char_type_name":"word","page_number":228,"line_number":11,"text":"ﯧ","translation":{"text":"with Aad","language_name":"english","language_id":38},"transliteration":{"text":"liʿādin","language_name":"english","language_id":38}},{"id":54582,"position":16,"audio_url":"wbw/011_060_018.mp3","qpc_uthmani_hafs":"قَوۡمِ","char_type_name":"word","page_number":228,"line_number":11,"text":"ﯨ","translation":{"text":"(the) people","language_name":"english","language_id":38},"transliteration":{"text":"qawmi","language_name":"english","language_id":38}},{"id":54583,"position":17,"audio_url":"wbw/011_060_019.mp3","qpc_uthmani_hafs":"هُودٖ","char_type_name":"word","page_number":228,"line_number":11,"text":"ﯩ","translation":{"text":"(of) Hud","language_name":"english","language_id":38},"transliteration":{"text":"hūdin","language_name":"english","language_id":38}},{"id":54584,"position":18,"audio_url":null,"qpc_uthmani_hafs":"٦٠","char_type_name":"end","page_number":228,"line_number":11,"text":"ﯪ","translation":{"text":"(60)","language_name":"english","language_id":38},"transliteration":{"text":null,"language_name":"english","language_id":38}}],"translations":[{"id":917962,"resource_id":134,"text":"Dan mereka selalu diikuti dengan kutukan di dunia ini dan (begitu pula) di hari kiamat.  Ingatlah, sesungguhnya kaum ‘Ād itu kafir kepada Tuhan mereka. Ingatlah kebinasaanlah bagi kaum  ‘Ād, (yaitu) kaum Hūd itu."}]},{"id":1534,"verse_number":61,"verse_key":"11:61","juz_number":12,"hizb_number":23,"rub_el_hizb_number":92,"ruku_number":188,"manzil_number":3,"sajdah_number":null,"text_uthmani":"۞ وَإِلَىٰ ثَمُودَ أَخَاهُمْ صَـٰلِحًا ۚ قَالَ يَـٰقَوْمِ ٱعْبُدُوا۟ ٱللَّهَ مَا لَكُم مِّنْ إِلَـٰهٍ غَيْرُهُۥ ۖ هُوَ أَنشَأَكُم مِّنَ ٱلْأَرْضِ وَٱسْتَعْمَرَكُمْ فِيهَا فَٱسْتَغْفِرُوهُ ثُمَّ تُوبُوٓا۟ إِلَيْهِ ۚ إِنَّ رَبِّى قَرِيبٌ مُّجِيبٌ","page_number":228,"words":[{"id":55163,"position":1,"audio_url":"wbw/011_061_002.mp3","qpc_uthmani_hafs":"۞ وَإِلَىٰ","char_type_name":"word","page_number":228,"line_number":11,"text":"ﯫ ﯬ","translation":{"text":"And to","language_name":"english","language_id":38},"transliteration":{"text":"wa-ilā","language_name":"english","language_id":38}},{"id":55164,"position":2,"audio_url":"wbw/011_061_003.mp3","qpc_uthmani_hafs":"ثَمُودَ","char_type_name":"word","page_number":228,"line_number":11,"text":"ﯭ","translation":{"text":"Thamud","language_name":"english","language_id":38},"transliteration":{"text":"thamūda","language_name":"english","language_id":38}},{"id":55165,"position":3,"audio_url":"wbw/011_061_004.mp3","qpc_uthmani_hafs":"أَخَاهُمۡ","char_type_name":"word","page_number":228,"line_number":11,"text":"ﯮ","translation":{"text":"(We sent) their brother","language_name":"english","language_id":38},"transliteration":{"text":"akhāhum","language_name":"english","language_id":38}},{"id":55166,"position":4,"audio_url":"wbw/011_061_005.mp3","qpc_uthmani_hafs":"صَٰلِحٗاۚ","char_type_name":"word","page_number":228,"line_number":11,"text":"ﯯﯰ","translation":{"text":"Salih","language_name":"english","language_id":38},"transliteration":{"text":"ṣāliḥan","language_name":"english","language_id":38}},{"id":55168,"position":5,"audio_url":"wbw/011_061_007.mp3","qpc_uthmani_hafs":"قَالَ","char_type_name":"word","page_number":228,"line_number":11,"text":"ﯱ","translation":{"text":"He said","language_name":"english","language_id":38},"transliteration":{"text":"qāla","language_name":"english","language_id":38}},{"id":55169,"position":6,"audio_url":"wbw/011_061_008.mp3","qpc_uthmani_hafs":"يَٰقَوۡمِ","char_type_name":"word","page_number":228,"line_number":12,"text":"ﯲ","translation":{"text":"O my people","language_name":"english","language_id":38},"transliteration":{"text":"yāqawmi","language_name":"english","language_id":38}},{"id":55170,"position":7,"audio_url":"wbw/011_061_009.mp3","qpc_uthmani_hafs":"ٱعۡبُدُواْ","char_type_name":"word","page_number":228,"line_number":12,"text":"ﯳ","translation":{"text":"Worship","language_name":"english","language_id":38},"transliteration":{"text":"uʿ'budū","language_name":"english","language_id":38}},{"id":55171,"position":8,"audio_url":"wbw/011_061_010.mp3","qpc_uthmani_hafs":"ٱللَّهَ","char_type_name":"word","page_number":228,"line_number":12,"text":"ﯴ","translation":{"text":"Allah","language_name":"english","language_id":38},"transliteration":{"text":"l-laha","language_name":"english","language_id":38}},{"id":55172,"position":9,"audio_url":"wbw/011_061_011.mp3","qpc_uthmani_hafs":"مَا","char_type_name":"word","page_number":228,"line_number":12,"text":"ﯵ","translation":{"text":"not","language_name":"english","language_id":38},"transliteration":{"text":"mā","language_name":"english","language_id":38}},{"id":55173,"position":10,"audio_url":"wbw/011_061_012.mp3","qpc_uthmani_hafs":"لَكُم","char_type_name":"word","page_number":228,"line_number":12,"text":"ﯶ","translation":{"text":"you have","language_name":"english","language_id":38},"transliteration":{"text":"lakum","language_name":"english","language_id":38}},{"id":55174,"position":11,"audio_url":"wbw/011_061_013.mp3","qpc_uthmani_hafs":"مِّنۡ","char_type_name":"word","page_number":228,"line_number":12,"text":"ﯷ","translation":{"text":"any","language_name":"english","language_id":38},"transliteration":{"text":"min","language_name":"english","language_id":38}},{"id":55175,"position":12,"audio_url":"wbw/011_061_014.mp3","qpc_uthmani_hafs":"إِلَٰهٍ","char_type_name":"word","page_number":228,"line_number":12,"text":"ﯸ","translation":{"text":"god","language_name":"english","language_id":38},"transliteration":{"text":"ilāhin","language_name":"english","language_id":38}},{"id":55176,"position":13,"audio_url":"wbw/011_061_015.mp3","qpc_uthmani_hafs":"غَيۡرُهُۥۖ","char_type_name":"word","page_number":228,"line_number":12,"text":"ﯹﯺ","translation":{"text":"other than Him","language_name":"english","language_id":38},"transliteration":{"text":"ghayruhu","language_name":"english","language_id":38}},{"id":55178,"position":14,"audio_url":"wbw/011_061_017.mp3","qpc_uthmani_hafs":"هُوَ","char_type_name":"word","page_number":228,"line_number":12,"text":"ﯻ","translation":{"text":"He","language_name":"english","language_id":38},"transliteration":{"text":"huwa","language_name":"english","language_id":38}},{"id":55179,"position":15,"audio_url":"wbw/011_061_018.mp3","qpc_uthmani_hafs":"أَنشَأَكُم","char_type_name":"word","page_number":228,"line_number":12,"text":"ﯼ","translation":{"text":"produced you","language_name":"english","language_id":38},"transliteration":{"text":"ansha-akum","language_name":"english","language_id":38}},{"id":55180,"position":16,"audio_url":"wbw/011_061_019.mp3","qpc_uthmani_hafs":"مِّنَ","char_type_name":"word","page_number":228,"line_number":12,"text":"ﯽ","translation":{"text":"from","language_name":"english","language_id":38},"transliteration":{"text":"mina","language_name":"english","language_id":38}},{"id":55181,"position":17,"audio_url":"wbw/011_061_020.mp3","qpc_uthmani_hafs":"ٱلۡأَرۡضِ","char_type_name":"word","page_number":228,"line_number":12,"text":"ﯾ","translation":{"text":"the earth","language_name":"english","language_id":38},"transliteration":{"text":"l-arḍi","language_name":"english","language_id":38}},{"id":55182,"position":18,"audio_url":"wbw/011_061_021.mp3","qpc_uthmani_hafs":"وَٱسۡتَعۡمَرَكُمۡ","char_type_name":"word","page_number":228,"line_number":13,"text":"ﯿ","translation":{"text":"and settled you","language_name":"english","language_id":38},"transliteration":{"text":"wa-is'taʿmarakum","language_name":"english","language_id":38}},{"id":55183,"position":19,"audio_url":"wbw/011_061_022.mp3","qpc_uthmani_hafs":"فِيهَا","char_type_name":"word","page_number":228,"line_number":13,"text":"ﰀ","translation":{"text":"in it","language_name":"english","language_id":38},"transliteration":{"text":"fīhā","language_name":"english","language_id":38}},{"id":55184,"position":20,"audio_url":"wbw/011_061_023.mp3","qpc_uthmani_hafs":"فَٱسۡتَغۡفِرُوهُ","char_type_name":"word","page_number":228,"line_number":13,"text":"ﰁ","translation":{"text":"So ask forgiveness of Him","language_name":"english","language_id":38},"transliteration":{"text":"fa-is'taghfirūhu","language_name":"english","language_id":38}},{"id":55185,"position":21,"audio_url":"wbw/011_061_024.mp3","qpc_uthmani_hafs":"ثُمَّ","char_type_name":"word","page_number":228,"line_number":13,"text":"ﰂ","translation":{"text":"then","language_name":"english","language_id":38},"transliteration":{"text":"thumma","language_name":"english","language_id":38}},{"id":55186,"position":22,"audio_url":"wbw/011_061_025.mp3","qpc_uthmani_hafs":"تُوبُوٓاْ","char_type_name":"word","page_number":228,"line_number":13,"text":"ﰃ","translation":{"text":"turn in repentance","language_name":"english","language_id":38},"transliteration":{"text":"tūbū","language_name":"english","language_id":38}},{"id":55187,"position":23,"audio_url":"wbw/011_061_026.mp3","qpc_uthmani_hafs":"إِلَيۡهِۚ","char_type_name":"word","page_number":228,"line_number":13,"text":"ﰄﰅ","translation":{"text":"to Him","language_name":"english","language_id":38},"transliteration":{"text":"ilayhi","language_name":"english","language_id":38}},{"id":55189,"position":24,"audio_url":"wbw/011_061_028.mp3","qpc_uthmani_hafs":"إِنَّ","char_type_name":"word","page_number":228,"line_number":13,"text":"ﰆ","translation":{"text":"Indeed","language_name":"english","language_id":38},"transliteration":{"text":"inna","language_name":"english","language_id":38}},{"id":55190,"position":25,"audio_url":"wbw/011_061_029.mp3","qpc_uthmani_hafs":"رَبِّي","char_type_name":"word","page_number":228,"line_number":13,"text":"ﰇ","translation":{"text":"my Lord","language_name":"english","language_id":38},"transliteration":{"text":"rabbī","language_name":"english","language_id":38}},{"id":55191,"position":26,"audio_url":"wbw/011_061_030.mp3","qpc_uthmani_hafs":"قَرِيبٞ","char_type_name":"word","page_number":228,"line_number":13,"text":"ﰈ","translation":{"text":"(is) near","language_name":"english","language_id":38},"transliteration":{"text":"qarībun","language_name":"english","language_id":38}},{"id":55192,"position":27,"audio_url":"wbw/011_061_031.mp3","qpc_uthmani_hafs":"مُّجِيبٞ","char_type_name":"word","page_number":228,"line_number":13,"text":"ﰉ","translation":{"text":"All-Responsive","language_name":"english","language_id":38},"transliteration":{"text":"mujībun","language_name":"english","language_id":38}},{"id":55193,"position":28,"audio_url":null,"qpc_uthmani_hafs":"٦١","char_type_name":"end","page_number":228,"line_number":14,"text":"ﰊ","translation":{"text":"(61)","language_name":"english","language_id":38},"transliteration":{"text":null,"language_name":"english","language_id":38}}],"translations":[{"id":917963,"resource_id":134,"text":"Dan kepada Ṡamūd (Kami utus) saudara mereka Ṣālīḥ.  Ṣālīḥ berkata, \"Hai kaumku, sembahlah Allah, sekali-kali tidak ada bagimu Tuhan selain Dia.  Dia telah menciptakan kamu dari bumi (tanah) dan menjadikan kamu pemakmurnya <sup foot_note=210495>1</sup> karena itu mohonlah ampunan-Nya, kemudian bertobatlah kepada-Nya.  Sesungguhnya Tuhan-ku amat dekat (rahmat-Nya) lagi memperkenankan (doa hamba-Nya)\"."}]},{"id":1535,"verse_number":62,"verse_key":"11:62","juz_number":12,"hizb_number":23,"rub_el_hizb_number":92,"ruku_number":188,"manzil_number":3,"sajdah_number":null,"text_uthmani":"قَالُوا۟ يَـٰصَـٰلِحُ قَدْ كُنتَ فِينَا مَرْجُوًّا قَبْلَ هَـٰذَآ ۖ أَتَنْهَىٰنَآ أَن نَّعْبُدَ مَا يَعْبُدُ ءَابَآؤُنَا وَإِنَّنَا لَفِى شَكٍّ مِّمَّا تَدْعُونَآ إِلَيْهِ مُرِيبٍ","page_number":228,"words":[{"id":55738,"position":1,"audio_url":"wbw/011_062_001.mp3","qpc_uthmani_hafs":"قَالُواْ","char_type_name":"word","page_number":228,"line_number":14,"text":"ﰋ","translation":{"text":"They said","language_name":"english","language_id":38},"transliteration":{"text":"qālū","language_name":"english","language_id":38}},{"id":55739,"position":2,"audio_url":"wbw/011_062_002.mp3","qpc_uthmani_hafs":"يَٰصَٰلِحُ","char_type_name":"word","page_number":228,"line_number":14,"text":"ﰌ","translation":{"text":"O Salih","language_name":"english","language_id":38},"transliteration":{"text":"yāṣāliḥu","language_name":"english","language_id":38}},{"id":55740,"position":3,"audio_url":"wbw/011_062_003.mp3","qpc_uthmani_hafs":"قَدۡ","char_type_name":"word","page_number":228,"line_number":14,"text":"ﰍ","translation":{"text":"Verily","language_name":"english","language_id":38},"transliteration":{"text":"qad","language_name":"english","language_id":38}},{"id":55741,"position":4,"audio_url":"wbw/011_062_004.mp3","qpc_uthmani_hafs":"كُنتَ","char_type_name":"word","page_number":228,"line_number":14,"text":"ﰎ","translation":{"text":"you were","language_name":"english","language_id":38},"transliteration":{"text":"kunta","language_name":"english","language_id":38}},{"id":55742,"position":5,"audio_url":"wbw/011_062_005.mp3","qpc_uthmani_hafs":"فِينَا","char_type_name":"word","page_number":228,"line_number":14,"text":"ﰏ","translation":{"text":"among us","language_name":"english","language_id":38},"transliteration":{"text":"fīnā","language_name":"english","language_id":38}},{"id":55743,"position":6,"audio_url":"wbw/011_062_006.mp3","qpc_uthmani_hafs":"مَرۡجُوّٗا","char_type_name":"word","page_number":228,"line_number":14,"text":"ﰐ","translation":{"text":"the one in whom hope was placed","language_name":"english","language_id":38},"transliteration":{"text":"marjuwwan","language_name":"english","language_id":38}},{"id":55744,"position":7,"audio_url":"wbw/011_062_007.mp3","qpc_uthmani_hafs":"قَبۡلَ","char_type_name":"word","page_number":228,"line_number":14,"text":"ﰑ","translation":{"text":"before","language_name":"english","language_id":38},"transliteration":{"text":"qabla","language_name":"english","language_id":38}},{"id":55745,"position":8,"audio_url":"wbw/011_062_008.mp3","qpc_uthmani_hafs":"هَٰذَآۖ","char_type_name":"word","page_number":228,"line_number":14,"text":"ﰒﰓ","translation":{"text":"this","language_name":"english","language_id":38},"transliteration":{"text":"hādhā","language_name":"english","language_id":38}},{"id":55747,"position":9,"audio_url":"wbw/011_062_010.mp3","qpc_uthmani_hafs":"أَتَنۡهَىٰنَآ","char_type_name":"word","page_number":228,"line_number":14,"text":"ﰔ","translation":{"text":"Do you forbid us","language_name":"english","language_id":38},"transliteration":{"text":"atanhānā","language_name":"english","language_id":38}},{"id":55748,"position":10,"audio_url":"wbw/011_062_011.mp3","qpc_uthmani_hafs":"أَن","char_type_name":"word","page_number":228,"line_number":14,"text":"ﰕ","translation":{"text":"that","language_name":"english","language_id":38},"transliteration":{"text":"an","language_name":"english","language_id":38}},{"id":55749,"position":11,"audio_url":"wbw/011_062_012.mp3","qpc_uthmani_hafs":"نَّعۡبُدَ","char_type_name":"word","page_number":228,"line_number":15,"text":"ﰖ","translation":{"text":"we worship","language_name":"english","language_id":38},"transliteration":{"text":"naʿbuda","language_name":"english","language_id":38}},{"id":55750,"position":12,"audio_url":"wbw/011_062_013.mp3","qpc_uthmani_hafs":"مَا","char_type_name":"word","page_number":228,"line_number":15,"text":"ﰗ","translation":{"text":"what","language_name":"english","language_id":38},"transliteration":{"text":"mā","language_name":"english","language_id":38}},{"id":55751,"position":13,"audio_url":"wbw/011_062_014.mp3","qpc_uthmani_hafs":"يَعۡبُدُ","char_type_name":"word","page_number":228,"line_number":15,"text":"ﰘ","translation":{"text":"our forefathers worshipped","language_name":"english","language_id":38},"transliteration":{"text":"yaʿbudu","language_name":"english","language_id":38}},{"id":55752,"position":14,"audio_url":"wbw/011_062_015.mp3","qpc_uthmani_hafs":"ءَابَآؤُنَا","char_type_name":"word","page_number":228,"line_number":15,"text":"ﰙ","translation":{"text":"our forefathers worshipped","language_name":"english","language_id":38},"transliteration":{"text":"ābāunā","language_name":"english","language_id":38}},{"id":55753,"position":15,"audio_url":"wbw/011_062_016.mp3","qpc_uthmani_hafs":"وَإِنَّنَا","char_type_name":"word","page_number":228,"line_number":15,"text":"ﰚ","translation":{"text":"And indeed we","language_name":"english","language_id":38},"transliteration":{"text":"wa-innanā","language_name":"english","language_id":38}},{"id":55754,"position":16,"audio_url":"wbw/011_062_017.mp3","qpc_uthmani_hafs":"لَفِي","char_type_name":"word","page_number":228,"line_number":15,"text":"ﰛ","translation":{"text":"surely (are) in","language_name":"english","language_id":38},"transliteration":{"text":"lafī","language_name":"english","language_id":38}},{"id":55755,"position":17,"audio_url":"wbw/011_062_018.mp3","qpc_uthmani_hafs":"شَكّٖ","char_type_name":"word","page_number":228,"line_number":15,"text":"ﰜ","translation":{"text":"doubt","language_name":"english","language_id":38},"transliteration":{"text":"shakkin","language_name":"english","language_id":38}},{"id":55756,"position":18,"audio_url":"wbw/011_062_019.mp3","qpc_uthmani_hafs":"مِّمَّا","char_type_name":"word","page_number":228,"line_number":15,"text":"ﰝ","translation":{"text":"about what","language_name":"english","language_id":38},"transliteration":{"text":"mimmā","language_name":"english","language_id":38}},{"id":55757,"position":19,"audio_url":"wbw/011_062_020.mp3","qpc_uthmani_hafs":"تَدۡعُونَآ","char_type_name":"word","page_number":228,"line_number":15,"text":"ﰞ","translation":{"text":"you call us","language_name":"english","language_id":38},"transliteration":{"text":"tadʿūnā","language_name":"english","language_id":38}},{"id":55758,"position":20,"audio_url":"wbw/011_062_021.mp3","qpc_uthmani_hafs":"إِلَيۡهِ","char_type_name":"word","page_number":228,"line_number":15,"text":"ﰟ","translation":{"text":"to it","language_name":"english","language_id":38},"transliteration":{"text":"ilayhi","language_name":"english","language_id":38}},{"id":55759,"position":21,"audio_url":"wbw/011_062_022.mp3","qpc_uthmani_hafs":"مُرِيبٖ","char_type_name":"word","page_number":228,"line_number":15,"text":"ﰠ","translation":{"text":"suspicious","language_name":"english","language_id":38},"transliteration":{"text":"murībin","language_name":"english","language_id":38}},{"id":55760,"position":22,"audio_url":null,"qpc_uthmani_hafs":"٦٢","char_type_name":"end","page_number":228,"line_number":15,"text":"ﰡ","translation":{"text":"(62)","language_name":"english","language_id":38},"transliteration":{"text":null,"language_name":"english","language_id":38}}],"translations":[{"id":917964,"resource_id":134,"text":"Kaum Ṡamūd berkata, \"Hai Ṣālīḥ, sesungguhnya kamu sebelum ini adalah seorang di antara kami yang kami harapkan, apakah kamu melarang kami untuk menyembah apa yang disembah oleh bapak-bapak kami? dan sesungguhnya kami betul-betul dalam keraguan yang menggelisahkan terhadap agama yang kamu serukan kepada kami\"."}]}],"pagination":{"per_page":50,"current_page":1,"next_page":null,"total_pages":1,"total_records":9}}