{"verses":[{"id":1627,"verse_number":31,"verse_key":"12:31","juz_number":12,"hizb_number":24,"rub_el_hizb_number":96,"ruku_number":196,"manzil_number":3,"sajdah_number":null,"text_uthmani":"فَلَمَّا سَمِعَتْ بِمَكْرِهِنَّ أَرْسَلَتْ إِلَيْهِنَّ وَأَعْتَدَتْ لَهُنَّ مُتَّكَـًٔا وَءَاتَتْ كُلَّ وَٰحِدَةٍ مِّنْهُنَّ سِكِّينًا وَقَالَتِ ٱخْرُجْ عَلَيْهِنَّ ۖ فَلَمَّا رَأَيْنَهُۥٓ أَكْبَرْنَهُۥ وَقَطَّعْنَ أَيْدِيَهُنَّ وَقُلْنَ حَـٰشَ لِلَّهِ مَا هَـٰذَا بَشَرًا إِنْ هَـٰذَآ إِلَّا مَلَكٌ كَرِيمٌ","page_number":239,"words":[{"id":33895,"position":1,"audio_url":"wbw/012_031_001.mp3","qpc_uthmani_hafs":"فَلَمَّا","char_type_name":"word","page_number":239,"line_number":1,"text":"ﭑ","translation":{"text":"So when","language_name":"english","language_id":38},"transliteration":{"text":"falammā","language_name":"english","language_id":38}},{"id":33896,"position":2,"audio_url":"wbw/012_031_002.mp3","qpc_uthmani_hafs":"سَمِعَتۡ","char_type_name":"word","page_number":239,"line_number":1,"text":"ﭒ","translation":{"text":"she heard","language_name":"english","language_id":38},"transliteration":{"text":"samiʿat","language_name":"english","language_id":38}},{"id":33897,"position":3,"audio_url":"wbw/012_031_003.mp3","qpc_uthmani_hafs":"بِمَكۡرِهِنَّ","char_type_name":"word","page_number":239,"line_number":1,"text":"ﭓ","translation":{"text":"of their scheming","language_name":"english","language_id":38},"transliteration":{"text":"bimakrihinna","language_name":"english","language_id":38}},{"id":33898,"position":4,"audio_url":"wbw/012_031_004.mp3","qpc_uthmani_hafs":"أَرۡسَلَتۡ","char_type_name":"word","page_number":239,"line_number":1,"text":"ﭔ","translation":{"text":"she sent","language_name":"english","language_id":38},"transliteration":{"text":"arsalat","language_name":"english","language_id":38}},{"id":33899,"position":5,"audio_url":"wbw/012_031_005.mp3","qpc_uthmani_hafs":"إِلَيۡهِنَّ","char_type_name":"word","page_number":239,"line_number":1,"text":"ﭕ","translation":{"text":"for them","language_name":"english","language_id":38},"transliteration":{"text":"ilayhinna","language_name":"english","language_id":38}},{"id":33900,"position":6,"audio_url":"wbw/012_031_006.mp3","qpc_uthmani_hafs":"وَأَعۡتَدَتۡ","char_type_name":"word","page_number":239,"line_number":1,"text":"ﭖ","translation":{"text":"and she prepared","language_name":"english","language_id":38},"transliteration":{"text":"wa-aʿtadat","language_name":"english","language_id":38}},{"id":33901,"position":7,"audio_url":"wbw/012_031_007.mp3","qpc_uthmani_hafs":"لَهُنَّ","char_type_name":"word","page_number":239,"line_number":1,"text":"ﭗ","translation":{"text":"for them","language_name":"english","language_id":38},"transliteration":{"text":"lahunna","language_name":"english","language_id":38}},{"id":33902,"position":8,"audio_url":"wbw/012_031_008.mp3","qpc_uthmani_hafs":"مُتَّكَـٔٗا","char_type_name":"word","page_number":239,"line_number":1,"text":"ﭘ","translation":{"text":"a banquet","language_name":"english","language_id":38},"transliteration":{"text":"muttaka-an","language_name":"english","language_id":38}},{"id":33903,"position":9,"audio_url":"wbw/012_031_009.mp3","qpc_uthmani_hafs":"وَءَاتَتۡ","char_type_name":"word","page_number":239,"line_number":1,"text":"ﭙ","translation":{"text":"and she gave","language_name":"english","language_id":38},"transliteration":{"text":"waātat","language_name":"english","language_id":38}},{"id":33904,"position":10,"audio_url":"wbw/012_031_010.mp3","qpc_uthmani_hafs":"كُلَّ","char_type_name":"word","page_number":239,"line_number":2,"text":"ﭚ","translation":{"text":"each","language_name":"english","language_id":38},"transliteration":{"text":"kulla","language_name":"english","language_id":38}},{"id":33905,"position":11,"audio_url":"wbw/012_031_011.mp3","qpc_uthmani_hafs":"وَٰحِدَةٖ","char_type_name":"word","page_number":239,"line_number":2,"text":"ﭛ","translation":{"text":"one","language_name":"english","language_id":38},"transliteration":{"text":"wāḥidatin","language_name":"english","language_id":38}},{"id":33906,"position":12,"audio_url":"wbw/012_031_012.mp3","qpc_uthmani_hafs":"مِّنۡهُنَّ","char_type_name":"word","page_number":239,"line_number":2,"text":"ﭜ","translation":{"text":"of them","language_name":"english","language_id":38},"transliteration":{"text":"min'hunna","language_name":"english","language_id":38}},{"id":33907,"position":13,"audio_url":"wbw/012_031_013.mp3","qpc_uthmani_hafs":"سِكِّينٗا","char_type_name":"word","page_number":239,"line_number":2,"text":"ﭝ","translation":{"text":"a knife","language_name":"english","language_id":38},"transliteration":{"text":"sikkīnan","language_name":"english","language_id":38}},{"id":33908,"position":14,"audio_url":"wbw/012_031_014.mp3","qpc_uthmani_hafs":"وَقَالَتِ","char_type_name":"word","page_number":239,"line_number":2,"text":"ﭞ","translation":{"text":"and she said","language_name":"english","language_id":38},"transliteration":{"text":"waqālati","language_name":"english","language_id":38}},{"id":33909,"position":15,"audio_url":"wbw/012_031_015.mp3","qpc_uthmani_hafs":"ٱخۡرُجۡ","char_type_name":"word","page_number":239,"line_number":2,"text":"ﭟ","translation":{"text":"Come out","language_name":"english","language_id":38},"transliteration":{"text":"ukh'ruj","language_name":"english","language_id":38}},{"id":33910,"position":16,"audio_url":"wbw/012_031_016.mp3","qpc_uthmani_hafs":"عَلَيۡهِنَّۖ","char_type_name":"word","page_number":239,"line_number":2,"text":"ﭠﭡ","translation":{"text":"before them","language_name":"english","language_id":38},"transliteration":{"text":"ʿalayhinna","language_name":"english","language_id":38}},{"id":33912,"position":17,"audio_url":"wbw/012_031_018.mp3","qpc_uthmani_hafs":"فَلَمَّا","char_type_name":"word","page_number":239,"line_number":2,"text":"ﭢ","translation":{"text":"Then when","language_name":"english","language_id":38},"transliteration":{"text":"falammā","language_name":"english","language_id":38}},{"id":33913,"position":18,"audio_url":"wbw/012_031_019.mp3","qpc_uthmani_hafs":"رَأَيۡنَهُۥٓ","char_type_name":"word","page_number":239,"line_number":2,"text":"ﭣ","translation":{"text":"they saw him","language_name":"english","language_id":38},"transliteration":{"text":"ra-aynahu","language_name":"english","language_id":38}},{"id":33914,"position":19,"audio_url":"wbw/012_031_020.mp3","qpc_uthmani_hafs":"أَكۡبَرۡنَهُۥ","char_type_name":"word","page_number":239,"line_number":2,"text":"ﭤ","translation":{"text":"they greatly admired him","language_name":"english","language_id":38},"transliteration":{"text":"akbarnahu","language_name":"english","language_id":38}},{"id":33915,"position":20,"audio_url":"wbw/012_031_021.mp3","qpc_uthmani_hafs":"وَقَطَّعۡنَ","char_type_name":"word","page_number":239,"line_number":3,"text":"ﭥ","translation":{"text":"and cut","language_name":"english","language_id":38},"transliteration":{"text":"waqaṭṭaʿna","language_name":"english","language_id":38}},{"id":33916,"position":21,"audio_url":"wbw/012_031_022.mp3","qpc_uthmani_hafs":"أَيۡدِيَهُنَّ","char_type_name":"word","page_number":239,"line_number":3,"text":"ﭦ","translation":{"text":"their hands","language_name":"english","language_id":38},"transliteration":{"text":"aydiyahunna","language_name":"english","language_id":38}},{"id":33917,"position":22,"audio_url":"wbw/012_031_023.mp3","qpc_uthmani_hafs":"وَقُلۡنَ","char_type_name":"word","page_number":239,"line_number":3,"text":"ﭧ","translation":{"text":"they said","language_name":"english","language_id":38},"transliteration":{"text":"waqul'na","language_name":"english","language_id":38}},{"id":33918,"position":23,"audio_url":"wbw/012_031_024.mp3","qpc_uthmani_hafs":"حَٰشَ","char_type_name":"word","page_number":239,"line_number":3,"text":"ﭨ","translation":{"text":"Forbid","language_name":"english","language_id":38},"transliteration":{"text":"ḥāsha","language_name":"english","language_id":38}},{"id":33919,"position":24,"audio_url":"wbw/012_031_025.mp3","qpc_uthmani_hafs":"لِلَّهِ","char_type_name":"word","page_number":239,"line_number":3,"text":"ﭩ","translation":{"text":"Allah","language_name":"english","language_id":38},"transliteration":{"text":"lillahi","language_name":"english","language_id":38}},{"id":33920,"position":25,"audio_url":"wbw/012_031_026.mp3","qpc_uthmani_hafs":"مَا","char_type_name":"word","page_number":239,"line_number":3,"text":"ﭪ","translation":{"text":"not","language_name":"english","language_id":38},"transliteration":{"text":"mā","language_name":"english","language_id":38}},{"id":33921,"position":26,"audio_url":"wbw/012_031_027.mp3","qpc_uthmani_hafs":"هَٰذَا","char_type_name":"word","page_number":239,"line_number":3,"text":"ﭫ","translation":{"text":"(is) this","language_name":"english","language_id":38},"transliteration":{"text":"hādhā","language_name":"english","language_id":38}},{"id":33922,"position":27,"audio_url":"wbw/012_031_028.mp3","qpc_uthmani_hafs":"بَشَرًا","char_type_name":"word","page_number":239,"line_number":3,"text":"ﭬ","translation":{"text":"a man","language_name":"english","language_id":38},"transliteration":{"text":"basharan","language_name":"english","language_id":38}},{"id":33923,"position":28,"audio_url":"wbw/012_031_029.mp3","qpc_uthmani_hafs":"إِنۡ","char_type_name":"word","page_number":239,"line_number":3,"text":"ﭭ","translation":{"text":"not","language_name":"english","language_id":38},"transliteration":{"text":"in","language_name":"english","language_id":38}},{"id":33924,"position":29,"audio_url":"wbw/012_031_030.mp3","qpc_uthmani_hafs":"هَٰذَآ","char_type_name":"word","page_number":239,"line_number":3,"text":"ﭮ","translation":{"text":"(is) this","language_name":"english","language_id":38},"transliteration":{"text":"hādhā","language_name":"english","language_id":38}},{"id":33925,"position":30,"audio_url":"wbw/012_031_031.mp3","qpc_uthmani_hafs":"إِلَّا","char_type_name":"word","page_number":239,"line_number":3,"text":"ﭯ","translation":{"text":"but","language_name":"english","language_id":38},"transliteration":{"text":"illā","language_name":"english","language_id":38}},{"id":33926,"position":31,"audio_url":"wbw/012_031_032.mp3","qpc_uthmani_hafs":"مَلَكٞ","char_type_name":"word","page_number":239,"line_number":3,"text":"ﭰ","translation":{"text":"an angel","language_name":"english","language_id":38},"transliteration":{"text":"malakun","language_name":"english","language_id":38}},{"id":33927,"position":32,"audio_url":"wbw/012_031_033.mp3","qpc_uthmani_hafs":"كَرِيمٞ","char_type_name":"word","page_number":239,"line_number":4,"text":"ﭱ","translation":{"text":"noble","language_name":"english","language_id":38},"transliteration":{"text":"karīmun","language_name":"english","language_id":38}},{"id":33928,"position":33,"audio_url":null,"qpc_uthmani_hafs":"٣١","char_type_name":"end","page_number":239,"line_number":4,"text":"ﭲ","translation":{"text":"(31)","language_name":"english","language_id":38},"transliteration":{"text":null,"language_name":"english","language_id":38}}],"translations":[{"id":918056,"resource_id":134,"text":"Maka tatkala wanita itu (Zulaykha) mendengar cercaan mereka diundangnyalah wanita-wanita itu dan disediakannya bagi mereka tempat duduk dan diberikannya kepada masing-masing mereka sebuah pisau (untuk memotong jamuan), kemudian dia berkata (kepada Yūsuf), \"Keluarlah (tampakkanlah dirimu) kepada mereka\".  Maka tatkala wanita-wanita itu melihatnya, mereka kagum kepada (keelokan rupa)nya dan mereka melukai (jari) tangannya dan berkata, \"Maha sempurna Allah, ini bukanlah manusia.  Sesungguhnya ini tidak lain hanyalah malaikat yang mulia\"."}]},{"id":1628,"verse_number":32,"verse_key":"12:32","juz_number":12,"hizb_number":24,"rub_el_hizb_number":96,"ruku_number":196,"manzil_number":3,"sajdah_number":null,"text_uthmani":"قَالَتْ فَذَٰلِكُنَّ ٱلَّذِى لُمْتُنَّنِى فِيهِ ۖ وَلَقَدْ رَٰوَدتُّهُۥ عَن نَّفْسِهِۦ فَٱسْتَعْصَمَ ۖ وَلَئِن لَّمْ يَفْعَلْ مَآ ءَامُرُهُۥ لَيُسْجَنَنَّ وَلَيَكُونًا مِّنَ ٱلصَّـٰغِرِينَ","page_number":239,"words":[{"id":34850,"position":1,"audio_url":"wbw/012_032_001.mp3","qpc_uthmani_hafs":"قَالَتۡ","char_type_name":"word","page_number":239,"line_number":4,"text":"ﭳ","translation":{"text":"She said","language_name":"english","language_id":38},"transliteration":{"text":"qālat","language_name":"english","language_id":38}},{"id":34851,"position":2,"audio_url":"wbw/012_032_002.mp3","qpc_uthmani_hafs":"فَذَٰلِكُنَّ","char_type_name":"word","page_number":239,"line_number":4,"text":"ﭴ","translation":{"text":"That","language_name":"english","language_id":38},"transliteration":{"text":"fadhālikunna","language_name":"english","language_id":38}},{"id":34852,"position":3,"audio_url":"wbw/012_032_003.mp3","qpc_uthmani_hafs":"ٱلَّذِي","char_type_name":"word","page_number":239,"line_number":4,"text":"ﭵ","translation":{"text":"(is) the one","language_name":"english","language_id":38},"transliteration":{"text":"alladhī","language_name":"english","language_id":38}},{"id":34853,"position":4,"audio_url":"wbw/012_032_004.mp3","qpc_uthmani_hafs":"لُمۡتُنَّنِي","char_type_name":"word","page_number":239,"line_number":4,"text":"ﭶ","translation":{"text":"you blamed me","language_name":"english","language_id":38},"transliteration":{"text":"lum'tunnanī","language_name":"english","language_id":38}},{"id":34854,"position":5,"audio_url":"wbw/012_032_005.mp3","qpc_uthmani_hafs":"فِيهِۖ","char_type_name":"word","page_number":239,"line_number":4,"text":"ﭷﭸ","translation":{"text":"about him","language_name":"english","language_id":38},"transliteration":{"text":"fīhi","language_name":"english","language_id":38}},{"id":34856,"position":6,"audio_url":"wbw/012_032_007.mp3","qpc_uthmani_hafs":"وَلَقَدۡ","char_type_name":"word","page_number":239,"line_number":4,"text":"ﭹ","translation":{"text":"And certainly","language_name":"english","language_id":38},"transliteration":{"text":"walaqad","language_name":"english","language_id":38}},{"id":34857,"position":7,"audio_url":"wbw/012_032_008.mp3","qpc_uthmani_hafs":"رَٰوَدتُّهُۥ","char_type_name":"word","page_number":239,"line_number":4,"text":"ﭺ","translation":{"text":"I sought to seduce him","language_name":"english","language_id":38},"transliteration":{"text":"rāwadttuhu","language_name":"english","language_id":38}},{"id":34858,"position":8,"audio_url":"wbw/012_032_009.mp3","qpc_uthmani_hafs":"عَن","char_type_name":"word","page_number":239,"line_number":4,"text":"ﭻ","translation":{"text":"[from]","language_name":"english","language_id":38},"transliteration":{"text":"ʿan","language_name":"english","language_id":38}},{"id":34859,"position":9,"audio_url":"wbw/012_032_010.mp3","qpc_uthmani_hafs":"نَّفۡسِهِۦ","char_type_name":"word","page_number":239,"line_number":5,"text":"ﭼ","translation":{"text":"[himself]","language_name":"english","language_id":38},"transliteration":{"text":"nafsihi","language_name":"english","language_id":38}},{"id":34860,"position":10,"audio_url":"wbw/012_032_011.mp3","qpc_uthmani_hafs":"فَٱسۡتَعۡصَمَۖ","char_type_name":"word","page_number":239,"line_number":5,"text":"ﭽﭾ","translation":{"text":"but he saved himself","language_name":"english","language_id":38},"transliteration":{"text":"fa-is'taʿṣama","language_name":"english","language_id":38}},{"id":34862,"position":11,"audio_url":"wbw/012_032_013.mp3","qpc_uthmani_hafs":"وَلَئِن","char_type_name":"word","page_number":239,"line_number":5,"text":"ﭿ","translation":{"text":"and if","language_name":"english","language_id":38},"transliteration":{"text":"wala-in","language_name":"english","language_id":38}},{"id":34863,"position":12,"audio_url":"wbw/012_032_014.mp3","qpc_uthmani_hafs":"لَّمۡ","char_type_name":"word","page_number":239,"line_number":5,"text":"ﮀ","translation":{"text":"not","language_name":"english","language_id":38},"transliteration":{"text":"lam","language_name":"english","language_id":38}},{"id":34864,"position":13,"audio_url":"wbw/012_032_015.mp3","qpc_uthmani_hafs":"يَفۡعَلۡ","char_type_name":"word","page_number":239,"line_number":5,"text":"ﮁ","translation":{"text":"he does","language_name":"english","language_id":38},"transliteration":{"text":"yafʿal","language_name":"english","language_id":38}},{"id":34865,"position":14,"audio_url":"wbw/012_032_016.mp3","qpc_uthmani_hafs":"مَآ","char_type_name":"word","page_number":239,"line_number":5,"text":"ﮂ","translation":{"text":"what","language_name":"english","language_id":38},"transliteration":{"text":"mā","language_name":"english","language_id":38}},{"id":34866,"position":15,"audio_url":"wbw/012_032_017.mp3","qpc_uthmani_hafs":"ءَامُرُهُۥ","char_type_name":"word","page_number":239,"line_number":5,"text":"ﮃ","translation":{"text":"I order him","language_name":"english","language_id":38},"transliteration":{"text":"āmuruhu","language_name":"english","language_id":38}},{"id":34867,"position":16,"audio_url":"wbw/012_032_018.mp3","qpc_uthmani_hafs":"لَيُسۡجَنَنَّ","char_type_name":"word","page_number":239,"line_number":5,"text":"ﮄ","translation":{"text":"surely, he will be imprisoned","language_name":"english","language_id":38},"transliteration":{"text":"layus'jananna","language_name":"english","language_id":38}},{"id":34868,"position":17,"audio_url":"wbw/012_032_019.mp3","qpc_uthmani_hafs":"وَلَيَكُونٗا","char_type_name":"word","page_number":239,"line_number":5,"text":"ﮅ","translation":{"text":"and certainly will be","language_name":"english","language_id":38},"transliteration":{"text":"walayakūnan","language_name":"english","language_id":38}},{"id":34869,"position":18,"audio_url":"wbw/012_032_020.mp3","qpc_uthmani_hafs":"مِّنَ","char_type_name":"word","page_number":239,"line_number":6,"text":"ﮆ","translation":{"text":"of","language_name":"english","language_id":38},"transliteration":{"text":"mina","language_name":"english","language_id":38}},{"id":34870,"position":19,"audio_url":"wbw/012_032_021.mp3","qpc_uthmani_hafs":"ٱلصَّٰغِرِينَ","char_type_name":"word","page_number":239,"line_number":6,"text":"ﮇ","translation":{"text":"those who are disgraced","language_name":"english","language_id":38},"transliteration":{"text":"l-ṣāghirīna","language_name":"english","language_id":38}},{"id":34871,"position":20,"audio_url":null,"qpc_uthmani_hafs":"٣٢","char_type_name":"end","page_number":239,"line_number":6,"text":"ﮈ","translation":{"text":"(32)","language_name":"english","language_id":38},"transliteration":{"text":null,"language_name":"english","language_id":38}}],"translations":[{"id":918057,"resource_id":134,"text":"Wanita itu berkata, \"Itulah dia orang yang kamu cela aku karena (tertarik) kepadanya dan sesungguhnya aku telah menggoda dia untuk menundukkan dirinya (kepadaku) akan tetapi dia menolak.  Dan sesungguhnya jika dia tidak menaati apa yang aku perintahkan kepadanya, niscaya dia akan dipenjarakan dan dia akan termasuk golongan orang-orang yang hina\"."}]},{"id":1629,"verse_number":33,"verse_key":"12:33","juz_number":12,"hizb_number":24,"rub_el_hizb_number":96,"ruku_number":196,"manzil_number":3,"sajdah_number":null,"text_uthmani":"قَالَ رَبِّ ٱلسِّجْنُ أَحَبُّ إِلَىَّ مِمَّا يَدْعُونَنِىٓ إِلَيْهِ ۖ وَإِلَّا تَصْرِفْ عَنِّى كَيْدَهُنَّ أَصْبُ إِلَيْهِنَّ وَأَكُن مِّنَ ٱلْجَـٰهِلِينَ","page_number":239,"words":[{"id":35649,"position":1,"audio_url":"wbw/012_033_001.mp3","qpc_uthmani_hafs":"قَالَ","char_type_name":"word","page_number":239,"line_number":6,"text":"ﮉ","translation":{"text":"He said","language_name":"english","language_id":38},"transliteration":{"text":"qāla","language_name":"english","language_id":38}},{"id":35650,"position":2,"audio_url":"wbw/012_033_002.mp3","qpc_uthmani_hafs":"رَبِّ","char_type_name":"word","page_number":239,"line_number":6,"text":"ﮊ","translation":{"text":"My Lord","language_name":"english","language_id":38},"transliteration":{"text":"rabbi","language_name":"english","language_id":38}},{"id":35651,"position":3,"audio_url":"wbw/012_033_003.mp3","qpc_uthmani_hafs":"ٱلسِّجۡنُ","char_type_name":"word","page_number":239,"line_number":6,"text":"ﮋ","translation":{"text":"the prison","language_name":"english","language_id":38},"transliteration":{"text":"l-sij'nu","language_name":"english","language_id":38}},{"id":35652,"position":4,"audio_url":"wbw/012_033_004.mp3","qpc_uthmani_hafs":"أَحَبُّ","char_type_name":"word","page_number":239,"line_number":6,"text":"ﮌ","translation":{"text":"(is) dearer","language_name":"english","language_id":38},"transliteration":{"text":"aḥabbu","language_name":"english","language_id":38}},{"id":35653,"position":5,"audio_url":"wbw/012_033_005.mp3","qpc_uthmani_hafs":"إِلَيَّ","char_type_name":"word","page_number":239,"line_number":6,"text":"ﮍ","translation":{"text":"to me","language_name":"english","language_id":38},"transliteration":{"text":"ilayya","language_name":"english","language_id":38}},{"id":35654,"position":6,"audio_url":"wbw/012_033_006.mp3","qpc_uthmani_hafs":"مِمَّا","char_type_name":"word","page_number":239,"line_number":6,"text":"ﮎ","translation":{"text":"than what","language_name":"english","language_id":38},"transliteration":{"text":"mimmā","language_name":"english","language_id":38}},{"id":35655,"position":7,"audio_url":"wbw/012_033_007.mp3","qpc_uthmani_hafs":"يَدۡعُونَنِيٓ","char_type_name":"word","page_number":239,"line_number":6,"text":"ﮏ","translation":{"text":"they invite me","language_name":"english","language_id":38},"transliteration":{"text":"yadʿūnanī","language_name":"english","language_id":38}},{"id":35656,"position":8,"audio_url":"wbw/012_033_008.mp3","qpc_uthmani_hafs":"إِلَيۡهِۖ","char_type_name":"word","page_number":239,"line_number":7,"text":"ﮐﮑ","translation":{"text":"to it","language_name":"english","language_id":38},"transliteration":{"text":"ilayhi","language_name":"english","language_id":38}},{"id":35658,"position":9,"audio_url":"wbw/012_033_010.mp3","qpc_uthmani_hafs":"وَإِلَّا","char_type_name":"word","page_number":239,"line_number":7,"text":"ﮒ","translation":{"text":"And unless","language_name":"english","language_id":38},"transliteration":{"text":"wa-illā","language_name":"english","language_id":38}},{"id":35659,"position":10,"audio_url":"wbw/012_033_011.mp3","qpc_uthmani_hafs":"تَصۡرِفۡ","char_type_name":"word","page_number":239,"line_number":7,"text":"ﮓ","translation":{"text":"You turn away","language_name":"english","language_id":38},"transliteration":{"text":"taṣrif","language_name":"english","language_id":38}},{"id":35660,"position":11,"audio_url":"wbw/012_033_012.mp3","qpc_uthmani_hafs":"عَنِّي","char_type_name":"word","page_number":239,"line_number":7,"text":"ﮔ","translation":{"text":"from me","language_name":"english","language_id":38},"transliteration":{"text":"ʿannī","language_name":"english","language_id":38}},{"id":35661,"position":12,"audio_url":"wbw/012_033_013.mp3","qpc_uthmani_hafs":"كَيۡدَهُنَّ","char_type_name":"word","page_number":239,"line_number":7,"text":"ﮕ","translation":{"text":"their plot","language_name":"english","language_id":38},"transliteration":{"text":"kaydahunna","language_name":"english","language_id":38}},{"id":35662,"position":13,"audio_url":"wbw/012_033_014.mp3","qpc_uthmani_hafs":"أَصۡبُ","char_type_name":"word","page_number":239,"line_number":7,"text":"ﮖ","translation":{"text":"I might incline","language_name":"english","language_id":38},"transliteration":{"text":"aṣbu","language_name":"english","language_id":38}},{"id":35663,"position":14,"audio_url":"wbw/012_033_015.mp3","qpc_uthmani_hafs":"إِلَيۡهِنَّ","char_type_name":"word","page_number":239,"line_number":7,"text":"ﮗ","translation":{"text":"towards them","language_name":"english","language_id":38},"transliteration":{"text":"ilayhinna","language_name":"english","language_id":38}},{"id":35664,"position":15,"audio_url":"wbw/012_033_016.mp3","qpc_uthmani_hafs":"وَأَكُن","char_type_name":"word","page_number":239,"line_number":7,"text":"ﮘ","translation":{"text":"and [I] be","language_name":"english","language_id":38},"transliteration":{"text":"wa-akun","language_name":"english","language_id":38}},{"id":35665,"position":16,"audio_url":"wbw/012_033_017.mp3","qpc_uthmani_hafs":"مِّنَ","char_type_name":"word","page_number":239,"line_number":7,"text":"ﮙ","translation":{"text":"of","language_name":"english","language_id":38},"transliteration":{"text":"mina","language_name":"english","language_id":38}},{"id":35666,"position":17,"audio_url":"wbw/012_033_018.mp3","qpc_uthmani_hafs":"ٱلۡجَٰهِلِينَ","char_type_name":"word","page_number":239,"line_number":7,"text":"ﮚ","translation":{"text":"the ignorant","language_name":"english","language_id":38},"transliteration":{"text":"l-jāhilīna","language_name":"english","language_id":38}},{"id":35667,"position":18,"audio_url":null,"qpc_uthmani_hafs":"٣٣","char_type_name":"end","page_number":239,"line_number":8,"text":"ﮛ","translation":{"text":"(33)","language_name":"english","language_id":38},"transliteration":{"text":null,"language_name":"english","language_id":38}}],"translations":[{"id":918058,"resource_id":134,"text":"Yūsuf berkata, \"Wahai Tuhan-ku, penjara lebih aku sukai daripada memenuhi ajakan mereka kepadaku.  Dan jika tidak Engkau hindarkan daripadaku tipu daya mereka, tentu aku akan cenderung untuk (memenuhi keinginan mereka) dan tentulah aku termasuk orang-orang yang bodoh\"."}]},{"id":1630,"verse_number":34,"verse_key":"12:34","juz_number":12,"hizb_number":24,"rub_el_hizb_number":96,"ruku_number":196,"manzil_number":3,"sajdah_number":null,"text_uthmani":"فَٱسْتَجَابَ لَهُۥ رَبُّهُۥ فَصَرَفَ عَنْهُ كَيْدَهُنَّ ۚ إِنَّهُۥ هُوَ ٱلسَّمِيعُ ٱلْعَلِيمُ","page_number":239,"words":[{"id":36605,"position":1,"audio_url":"wbw/012_034_001.mp3","qpc_uthmani_hafs":"فَٱسۡتَجَابَ","char_type_name":"word","page_number":239,"line_number":8,"text":"ﮜ","translation":{"text":"So responded","language_name":"english","language_id":38},"transliteration":{"text":"fa-is'tajāba","language_name":"english","language_id":38}},{"id":36606,"position":2,"audio_url":"wbw/012_034_002.mp3","qpc_uthmani_hafs":"لَهُۥ","char_type_name":"word","page_number":239,"line_number":8,"text":"ﮝ","translation":{"text":"to him","language_name":"english","language_id":38},"transliteration":{"text":"lahu","language_name":"english","language_id":38}},{"id":36607,"position":3,"audio_url":"wbw/012_034_003.mp3","qpc_uthmani_hafs":"رَبُّهُۥ","char_type_name":"word","page_number":239,"line_number":8,"text":"ﮞ","translation":{"text":"his Lord","language_name":"english","language_id":38},"transliteration":{"text":"rabbuhu","language_name":"english","language_id":38}},{"id":36608,"position":4,"audio_url":"wbw/012_034_004.mp3","qpc_uthmani_hafs":"فَصَرَفَ","char_type_name":"word","page_number":239,"line_number":8,"text":"ﮟ","translation":{"text":"and turned away","language_name":"english","language_id":38},"transliteration":{"text":"faṣarafa","language_name":"english","language_id":38}},{"id":36609,"position":5,"audio_url":"wbw/012_034_005.mp3","qpc_uthmani_hafs":"عَنۡهُ","char_type_name":"word","page_number":239,"line_number":8,"text":"ﮠ","translation":{"text":"from him","language_name":"english","language_id":38},"transliteration":{"text":"ʿanhu","language_name":"english","language_id":38}},{"id":36610,"position":6,"audio_url":"wbw/012_034_006.mp3","qpc_uthmani_hafs":"كَيۡدَهُنَّۚ","char_type_name":"word","page_number":239,"line_number":8,"text":"ﮡﮢ","translation":{"text":"their plot","language_name":"english","language_id":38},"transliteration":{"text":"kaydahunna","language_name":"english","language_id":38}},{"id":36612,"position":7,"audio_url":"wbw/012_034_008.mp3","qpc_uthmani_hafs":"إِنَّهُۥ","char_type_name":"word","page_number":239,"line_number":8,"text":"ﮣ","translation":{"text":"Indeed, [He]","language_name":"english","language_id":38},"transliteration":{"text":"innahu","language_name":"english","language_id":38}},{"id":36613,"position":8,"audio_url":"wbw/012_034_009.mp3","qpc_uthmani_hafs":"هُوَ","char_type_name":"word","page_number":239,"line_number":8,"text":"ﮤ","translation":{"text":"He","language_name":"english","language_id":38},"transliteration":{"text":"huwa","language_name":"english","language_id":38}},{"id":36614,"position":9,"audio_url":"wbw/012_034_010.mp3","qpc_uthmani_hafs":"ٱلسَّمِيعُ","char_type_name":"word","page_number":239,"line_number":8,"text":"ﮥ","translation":{"text":"(is) All-Hearer","language_name":"english","language_id":38},"transliteration":{"text":"l-samīʿu","language_name":"english","language_id":38}},{"id":36615,"position":10,"audio_url":"wbw/012_034_011.mp3","qpc_uthmani_hafs":"ٱلۡعَلِيمُ","char_type_name":"word","page_number":239,"line_number":9,"text":"ﮦ","translation":{"text":"All-Knower","language_name":"english","language_id":38},"transliteration":{"text":"l-ʿalīmu","language_name":"english","language_id":38}},{"id":36616,"position":11,"audio_url":null,"qpc_uthmani_hafs":"٣٤","char_type_name":"end","page_number":239,"line_number":9,"text":"ﮧ","translation":{"text":"(34)","language_name":"english","language_id":38},"transliteration":{"text":null,"language_name":"english","language_id":38}}],"translations":[{"id":918059,"resource_id":134,"text":"Maka Tuhan-nya memperkenankan doa Yūsuf dan Dia menghindarkan Yūsuf dari tipu daya mereka.  Sesungguhnya Dia-lah Yang Maha Mendengar lagi Maha Mengetahui."}]},{"id":1631,"verse_number":35,"verse_key":"12:35","juz_number":12,"hizb_number":24,"rub_el_hizb_number":96,"ruku_number":196,"manzil_number":3,"sajdah_number":null,"text_uthmani":"ثُمَّ بَدَا لَهُم مِّنۢ بَعْدِ مَا رَأَوُا۟ ٱلْـَٔايَـٰتِ لَيَسْجُنُنَّهُۥ حَتَّىٰ حِينٍ","page_number":239,"words":[{"id":37451,"position":1,"audio_url":"wbw/012_035_001.mp3","qpc_uthmani_hafs":"ثُمَّ","char_type_name":"word","page_number":239,"line_number":9,"text":"ﮨ","translation":{"text":"Then","language_name":"english","language_id":38},"transliteration":{"text":"thumma","language_name":"english","language_id":38}},{"id":37452,"position":2,"audio_url":"wbw/012_035_002.mp3","qpc_uthmani_hafs":"بَدَا","char_type_name":"word","page_number":239,"line_number":9,"text":"ﮩ","translation":{"text":"(it) appeared","language_name":"english","language_id":38},"transliteration":{"text":"badā","language_name":"english","language_id":38}},{"id":37453,"position":3,"audio_url":"wbw/012_035_003.mp3","qpc_uthmani_hafs":"لَهُم","char_type_name":"word","page_number":239,"line_number":9,"text":"ﮪ","translation":{"text":"to them","language_name":"english","language_id":38},"transliteration":{"text":"lahum","language_name":"english","language_id":38}},{"id":37454,"position":4,"audio_url":"wbw/012_035_004.mp3","qpc_uthmani_hafs":"مِّنۢ","char_type_name":"word","page_number":239,"line_number":9,"text":"ﮫ","translation":{"text":"after","language_name":"english","language_id":38},"transliteration":{"text":"min","language_name":"english","language_id":38}},{"id":37455,"position":5,"audio_url":"wbw/012_035_005.mp3","qpc_uthmani_hafs":"بَعۡدِ","char_type_name":"word","page_number":239,"line_number":9,"text":"ﮬ","translation":{"text":"after","language_name":"english","language_id":38},"transliteration":{"text":"baʿdi","language_name":"english","language_id":38}},{"id":37456,"position":6,"audio_url":"wbw/012_035_006.mp3","qpc_uthmani_hafs":"مَا","char_type_name":"word","page_number":239,"line_number":9,"text":"ﮭ","translation":{"text":"[what]","language_name":"english","language_id":38},"transliteration":{"text":"mā","language_name":"english","language_id":38}},{"id":37457,"position":7,"audio_url":"wbw/012_035_007.mp3","qpc_uthmani_hafs":"رَأَوُاْ","char_type_name":"word","page_number":239,"line_number":9,"text":"ﮮ","translation":{"text":"they had seen","language_name":"english","language_id":38},"transliteration":{"text":"ra-awū","language_name":"english","language_id":38}},{"id":37458,"position":8,"audio_url":"wbw/012_035_008.mp3","qpc_uthmani_hafs":"ٱلۡأٓيَٰتِ","char_type_name":"word","page_number":239,"line_number":9,"text":"ﮯ","translation":{"text":"the signs","language_name":"english","language_id":38},"transliteration":{"text":"l-āyāti","language_name":"english","language_id":38}},{"id":37459,"position":9,"audio_url":"wbw/012_035_009.mp3","qpc_uthmani_hafs":"لَيَسۡجُنُنَّهُۥ","char_type_name":"word","page_number":239,"line_number":9,"text":"ﮰ","translation":{"text":"surely they should imprison him","language_name":"english","language_id":38},"transliteration":{"text":"layasjununnahu","language_name":"english","language_id":38}},{"id":37460,"position":10,"audio_url":"wbw/012_035_010.mp3","qpc_uthmani_hafs":"حَتَّىٰ","char_type_name":"word","page_number":239,"line_number":10,"text":"ﮱ","translation":{"text":"until","language_name":"english","language_id":38},"transliteration":{"text":"ḥattā","language_name":"english","language_id":38}},{"id":37461,"position":11,"audio_url":"wbw/012_035_011.mp3","qpc_uthmani_hafs":"حِينٖ","char_type_name":"word","page_number":239,"line_number":10,"text":"ﯓ","translation":{"text":"a time","language_name":"english","language_id":38},"transliteration":{"text":"ḥīnin","language_name":"english","language_id":38}},{"id":37462,"position":12,"audio_url":null,"qpc_uthmani_hafs":"٣٥","char_type_name":"end","page_number":239,"line_number":10,"text":"ﯔ","translation":{"text":"(35)","language_name":"english","language_id":38},"transliteration":{"text":null,"language_name":"english","language_id":38}}],"translations":[{"id":918060,"resource_id":134,"text":"Kemudian timbul pikiran pada mereka setelah melihat tanda-tanda (kebenaran Yūsuf) bahwa mereka harus memenjarakannya sampai suatu waktu. <sup foot_note=210522>1</sup>"}]},{"id":1632,"verse_number":36,"verse_key":"12:36","juz_number":12,"hizb_number":24,"rub_el_hizb_number":96,"ruku_number":197,"manzil_number":3,"sajdah_number":null,"text_uthmani":"وَدَخَلَ مَعَهُ ٱلسِّجْنَ فَتَيَانِ ۖ قَالَ أَحَدُهُمَآ إِنِّىٓ أَرَىٰنِىٓ أَعْصِرُ خَمْرًا ۖ وَقَالَ ٱلْـَٔاخَرُ إِنِّىٓ أَرَىٰنِىٓ أَحْمِلُ فَوْقَ رَأْسِى خُبْزًا تَأْكُلُ ٱلطَّيْرُ مِنْهُ ۖ نَبِّئْنَا بِتَأْوِيلِهِۦٓ ۖ إِنَّا نَرَىٰكَ مِنَ ٱلْمُحْسِنِينَ","page_number":239,"words":[{"id":38336,"position":1,"audio_url":"wbw/012_036_001.mp3","qpc_uthmani_hafs":"وَدَخَلَ","char_type_name":"word","page_number":239,"line_number":10,"text":"ﯕ","translation":{"text":"And entered","language_name":"english","language_id":38},"transliteration":{"text":"wadakhala","language_name":"english","language_id":38}},{"id":38337,"position":2,"audio_url":"wbw/012_036_002.mp3","qpc_uthmani_hafs":"مَعَهُ","char_type_name":"word","page_number":239,"line_number":10,"text":"ﯖ","translation":{"text":"with him","language_name":"english","language_id":38},"transliteration":{"text":"maʿahu","language_name":"english","language_id":38}},{"id":38338,"position":3,"audio_url":"wbw/012_036_003.mp3","qpc_uthmani_hafs":"ٱلسِّجۡنَ","char_type_name":"word","page_number":239,"line_number":10,"text":"ﯗ","translation":{"text":"(in) the prison","language_name":"english","language_id":38},"transliteration":{"text":"l-sij'na","language_name":"english","language_id":38}},{"id":38339,"position":4,"audio_url":"wbw/012_036_004.mp3","qpc_uthmani_hafs":"فَتَيَانِۖ","char_type_name":"word","page_number":239,"line_number":10,"text":"ﯘﯙ","translation":{"text":"two young men","language_name":"english","language_id":38},"transliteration":{"text":"fatayāni","language_name":"english","language_id":38}},{"id":38341,"position":5,"audio_url":"wbw/012_036_006.mp3","qpc_uthmani_hafs":"قَالَ","char_type_name":"word","page_number":239,"line_number":10,"text":"ﯚ","translation":{"text":"Said","language_name":"english","language_id":38},"transliteration":{"text":"qāla","language_name":"english","language_id":38}},{"id":38342,"position":6,"audio_url":"wbw/012_036_007.mp3","qpc_uthmani_hafs":"أَحَدُهُمَآ","char_type_name":"word","page_number":239,"line_number":10,"text":"ﯛ","translation":{"text":"one of them","language_name":"english","language_id":38},"transliteration":{"text":"aḥaduhumā","language_name":"english","language_id":38}},{"id":38343,"position":7,"audio_url":"wbw/012_036_008.mp3","qpc_uthmani_hafs":"إِنِّيٓ","char_type_name":"word","page_number":239,"line_number":11,"text":"ﯜ","translation":{"text":"Indeed, I","language_name":"english","language_id":38},"transliteration":{"text":"innī","language_name":"english","language_id":38}},{"id":38344,"position":8,"audio_url":"wbw/012_036_009.mp3","qpc_uthmani_hafs":"أَرَىٰنِيٓ","char_type_name":"word","page_number":239,"line_number":11,"text":"ﯝ","translation":{"text":"[I] see myself","language_name":"english","language_id":38},"transliteration":{"text":"arānī","language_name":"english","language_id":38}},{"id":38345,"position":9,"audio_url":"wbw/012_036_010.mp3","qpc_uthmani_hafs":"أَعۡصِرُ","char_type_name":"word","page_number":239,"line_number":11,"text":"ﯞ","translation":{"text":"pressing","language_name":"english","language_id":38},"transliteration":{"text":"aʿṣiru","language_name":"english","language_id":38}},{"id":38346,"position":10,"audio_url":"wbw/012_036_011.mp3","qpc_uthmani_hafs":"خَمۡرٗاۖ","char_type_name":"word","page_number":239,"line_number":11,"text":"ﯟﯠ","translation":{"text":"wine","language_name":"english","language_id":38},"transliteration":{"text":"khamran","language_name":"english","language_id":38}},{"id":38348,"position":11,"audio_url":"wbw/012_036_013.mp3","qpc_uthmani_hafs":"وَقَالَ","char_type_name":"word","page_number":239,"line_number":11,"text":"ﯡ","translation":{"text":"And said","language_name":"english","language_id":38},"transliteration":{"text":"waqāla","language_name":"english","language_id":38}},{"id":38349,"position":12,"audio_url":"wbw/012_036_014.mp3","qpc_uthmani_hafs":"ٱلۡأٓخَرُ","char_type_name":"word","page_number":239,"line_number":11,"text":"ﯢ","translation":{"text":"the other","language_name":"english","language_id":38},"transliteration":{"text":"l-ākharu","language_name":"english","language_id":38}},{"id":38350,"position":13,"audio_url":"wbw/012_036_015.mp3","qpc_uthmani_hafs":"إِنِّيٓ","char_type_name":"word","page_number":239,"line_number":11,"text":"ﯣ","translation":{"text":"Indeed, I","language_name":"english","language_id":38},"transliteration":{"text":"innī","language_name":"english","language_id":38}},{"id":38351,"position":14,"audio_url":"wbw/012_036_016.mp3","qpc_uthmani_hafs":"أَرَىٰنِيٓ","char_type_name":"word","page_number":239,"line_number":11,"text":"ﯤ","translation":{"text":"[I] see myself","language_name":"english","language_id":38},"transliteration":{"text":"arānī","language_name":"english","language_id":38}},{"id":38352,"position":15,"audio_url":"wbw/012_036_017.mp3","qpc_uthmani_hafs":"أَحۡمِلُ","char_type_name":"word","page_number":239,"line_number":11,"text":"ﯥ","translation":{"text":"[I am] carrying","language_name":"english","language_id":38},"transliteration":{"text":"aḥmilu","language_name":"english","language_id":38}},{"id":38353,"position":16,"audio_url":"wbw/012_036_018.mp3","qpc_uthmani_hafs":"فَوۡقَ","char_type_name":"word","page_number":239,"line_number":11,"text":"ﯦ","translation":{"text":"over","language_name":"english","language_id":38},"transliteration":{"text":"fawqa","language_name":"english","language_id":38}},{"id":38354,"position":17,"audio_url":"wbw/012_036_019.mp3","qpc_uthmani_hafs":"رَأۡسِي","char_type_name":"word","page_number":239,"line_number":12,"text":"ﯧ","translation":{"text":"my head","language_name":"english","language_id":38},"transliteration":{"text":"rasī","language_name":"english","language_id":38}},{"id":38355,"position":18,"audio_url":"wbw/012_036_020.mp3","qpc_uthmani_hafs":"خُبۡزٗا","char_type_name":"word","page_number":239,"line_number":12,"text":"ﯨ","translation":{"text":"bread","language_name":"english","language_id":38},"transliteration":{"text":"khub'zan","language_name":"english","language_id":38}},{"id":38356,"position":19,"audio_url":"wbw/012_036_021.mp3","qpc_uthmani_hafs":"تَأۡكُلُ","char_type_name":"word","page_number":239,"line_number":12,"text":"ﯩ","translation":{"text":"(were) eating","language_name":"english","language_id":38},"transliteration":{"text":"takulu","language_name":"english","language_id":38}},{"id":38357,"position":20,"audio_url":"wbw/012_036_022.mp3","qpc_uthmani_hafs":"ٱلطَّيۡرُ","char_type_name":"word","page_number":239,"line_number":12,"text":"ﯪ","translation":{"text":"the birds","language_name":"english","language_id":38},"transliteration":{"text":"l-ṭayru","language_name":"english","language_id":38}},{"id":38358,"position":21,"audio_url":"wbw/012_036_023.mp3","qpc_uthmani_hafs":"مِنۡهُۖ","char_type_name":"word","page_number":239,"line_number":12,"text":"ﯫﯬ","translation":{"text":"from it","language_name":"english","language_id":38},"transliteration":{"text":"min'hu","language_name":"english","language_id":38}},{"id":38360,"position":22,"audio_url":"wbw/012_036_025.mp3","qpc_uthmani_hafs":"نَبِّئۡنَا","char_type_name":"word","page_number":239,"line_number":12,"text":"ﯭ","translation":{"text":"Inform us","language_name":"english","language_id":38},"transliteration":{"text":"nabbi'nā","language_name":"english","language_id":38}},{"id":38361,"position":23,"audio_url":"wbw/012_036_026.mp3","qpc_uthmani_hafs":"بِتَأۡوِيلِهِۦٓۖ","char_type_name":"word","page_number":239,"line_number":12,"text":"ﯮﯯ","translation":{"text":"of its interpretation","language_name":"english","language_id":38},"transliteration":{"text":"bitawīlihi","language_name":"english","language_id":38}},{"id":38363,"position":24,"audio_url":"wbw/012_036_028.mp3","qpc_uthmani_hafs":"إِنَّا","char_type_name":"word","page_number":239,"line_number":12,"text":"ﯰ","translation":{"text":"indeed, we","language_name":"english","language_id":38},"transliteration":{"text":"innā","language_name":"english","language_id":38}},{"id":38364,"position":25,"audio_url":"wbw/012_036_029.mp3","qpc_uthmani_hafs":"نَرَىٰكَ","char_type_name":"word","page_number":239,"line_number":12,"text":"ﯱ","translation":{"text":"[we] see you","language_name":"english","language_id":38},"transliteration":{"text":"narāka","language_name":"english","language_id":38}},{"id":38365,"position":26,"audio_url":"wbw/012_036_030.mp3","qpc_uthmani_hafs":"مِنَ","char_type_name":"word","page_number":239,"line_number":12,"text":"ﯲ","translation":{"text":"of","language_name":"english","language_id":38},"transliteration":{"text":"mina","language_name":"english","language_id":38}},{"id":38366,"position":27,"audio_url":"wbw/012_036_031.mp3","qpc_uthmani_hafs":"ٱلۡمُحۡسِنِينَ","char_type_name":"word","page_number":239,"line_number":13,"text":"ﯳ","translation":{"text":"the good-doers","language_name":"english","language_id":38},"transliteration":{"text":"l-muḥ'sinīna","language_name":"english","language_id":38}},{"id":38367,"position":28,"audio_url":null,"qpc_uthmani_hafs":"٣٦","char_type_name":"end","page_number":239,"line_number":13,"text":"ﯴ","translation":{"text":"(36)","language_name":"english","language_id":38},"transliteration":{"text":null,"language_name":"english","language_id":38}}],"translations":[{"id":918061,"resource_id":134,"text":"Dan bersama dengan dia masuk pula ke dalam penjara dua orang pemuda <sup foot_note=210523>1</sup>.  Berkatalah salah seorang di antara keduanya, \"Sesungguhnya aku bermimpi bahwa aku memeras anggur\".  Dan yang lainnya berkata, \"Sesungguhnya aku bermimpi bahwa aku membawa roti di atas kepalaku, sebagiannya dimakan burung\".  Berikanlah kepada kami takbirnya; sesungguhnya kami memandang kamu termasuk orang-orang yang pandai (menakbirkan mimpi)."}]},{"id":1633,"verse_number":37,"verse_key":"12:37","juz_number":12,"hizb_number":24,"rub_el_hizb_number":96,"ruku_number":197,"manzil_number":3,"sajdah_number":null,"text_uthmani":"قَالَ لَا يَأْتِيكُمَا طَعَامٌ تُرْزَقَانِهِۦٓ إِلَّا نَبَّأْتُكُمَا بِتَأْوِيلِهِۦ قَبْلَ أَن يَأْتِيَكُمَا ۚ ذَٰلِكُمَا مِمَّا عَلَّمَنِى رَبِّىٓ ۚ إِنِّى تَرَكْتُ مِلَّةَ قَوْمٍ لَّا يُؤْمِنُونَ بِٱللَّهِ وَهُم بِٱلْـَٔاخِرَةِ هُمْ كَـٰفِرُونَ","page_number":239,"words":[{"id":39190,"position":1,"audio_url":"wbw/012_037_001.mp3","qpc_uthmani_hafs":"قَالَ","char_type_name":"word","page_number":239,"line_number":13,"text":"ﯵ","translation":{"text":"He said","language_name":"english","language_id":38},"transliteration":{"text":"qāla","language_name":"english","language_id":38}},{"id":39191,"position":2,"audio_url":"wbw/012_037_002.mp3","qpc_uthmani_hafs":"لَا","char_type_name":"word","page_number":239,"line_number":13,"text":"ﯶ","translation":{"text":"Not","language_name":"english","language_id":38},"transliteration":{"text":"lā","language_name":"english","language_id":38}},{"id":39192,"position":3,"audio_url":"wbw/012_037_003.mp3","qpc_uthmani_hafs":"يَأۡتِيكُمَا","char_type_name":"word","page_number":239,"line_number":13,"text":"ﯷ","translation":{"text":"(will) come to both of you","language_name":"english","language_id":38},"transliteration":{"text":"yatīkumā","language_name":"english","language_id":38}},{"id":39193,"position":4,"audio_url":"wbw/012_037_004.mp3","qpc_uthmani_hafs":"طَعَامٞ","char_type_name":"word","page_number":239,"line_number":13,"text":"ﯸ","translation":{"text":"food","language_name":"english","language_id":38},"transliteration":{"text":"ṭaʿāmun","language_name":"english","language_id":38}},{"id":39194,"position":5,"audio_url":"wbw/012_037_005.mp3","qpc_uthmani_hafs":"تُرۡزَقَانِهِۦٓ","char_type_name":"word","page_number":239,"line_number":13,"text":"ﯹ","translation":{"text":"you are provided with","language_name":"english","language_id":38},"transliteration":{"text":"tur'zaqānihi","language_name":"english","language_id":38}},{"id":39195,"position":6,"audio_url":"wbw/012_037_006.mp3","qpc_uthmani_hafs":"إِلَّا","char_type_name":"word","page_number":239,"line_number":13,"text":"ﯺ","translation":{"text":"but","language_name":"english","language_id":38},"transliteration":{"text":"illā","language_name":"english","language_id":38}},{"id":39196,"position":7,"audio_url":"wbw/012_037_007.mp3","qpc_uthmani_hafs":"نَبَّأۡتُكُمَا","char_type_name":"word","page_number":239,"line_number":13,"text":"ﯻ","translation":{"text":"I will inform both of you","language_name":"english","language_id":38},"transliteration":{"text":"nabbatukumā","language_name":"english","language_id":38}},{"id":39197,"position":8,"audio_url":"wbw/012_037_008.mp3","qpc_uthmani_hafs":"بِتَأۡوِيلِهِۦ","char_type_name":"word","page_number":239,"line_number":14,"text":"ﯼ","translation":{"text":"of its interpretation","language_name":"english","language_id":38},"transliteration":{"text":"bitawīlihi","language_name":"english","language_id":38}},{"id":39198,"position":9,"audio_url":"wbw/012_037_009.mp3","qpc_uthmani_hafs":"قَبۡلَ","char_type_name":"word","page_number":239,"line_number":14,"text":"ﯽ","translation":{"text":"before","language_name":"english","language_id":38},"transliteration":{"text":"qabla","language_name":"english","language_id":38}},{"id":39199,"position":10,"audio_url":"wbw/012_037_010.mp3","qpc_uthmani_hafs":"أَن","char_type_name":"word","page_number":239,"line_number":14,"text":"ﯾ","translation":{"text":"[that]","language_name":"english","language_id":38},"transliteration":{"text":"an","language_name":"english","language_id":38}},{"id":39200,"position":11,"audio_url":"wbw/012_037_011.mp3","qpc_uthmani_hafs":"يَأۡتِيَكُمَاۚ","char_type_name":"word","page_number":239,"line_number":14,"text":"ﯿﰀ","translation":{"text":"[it] comes to both of you","language_name":"english","language_id":38},"transliteration":{"text":"yatiyakumā","language_name":"english","language_id":38}},{"id":39202,"position":12,"audio_url":"wbw/012_037_013.mp3","qpc_uthmani_hafs":"ذَٰلِكُمَا","char_type_name":"word","page_number":239,"line_number":14,"text":"ﰁ","translation":{"text":"That","language_name":"english","language_id":38},"transliteration":{"text":"dhālikumā","language_name":"english","language_id":38}},{"id":39203,"position":13,"audio_url":"wbw/012_037_014.mp3","qpc_uthmani_hafs":"مِمَّا","char_type_name":"word","page_number":239,"line_number":14,"text":"ﰂ","translation":{"text":"(is) of what","language_name":"english","language_id":38},"transliteration":{"text":"mimmā","language_name":"english","language_id":38}},{"id":39204,"position":14,"audio_url":"wbw/012_037_015.mp3","qpc_uthmani_hafs":"عَلَّمَنِي","char_type_name":"word","page_number":239,"line_number":14,"text":"ﰃ","translation":{"text":"has taught me","language_name":"english","language_id":38},"transliteration":{"text":"ʿallamanī","language_name":"english","language_id":38}},{"id":39205,"position":15,"audio_url":"wbw/012_037_016.mp3","qpc_uthmani_hafs":"رَبِّيٓۚ","char_type_name":"word","page_number":239,"line_number":14,"text":"ﰄﰅ","translation":{"text":"my Lord","language_name":"english","language_id":38},"transliteration":{"text":"rabbī","language_name":"english","language_id":38}},{"id":39207,"position":16,"audio_url":"wbw/012_037_018.mp3","qpc_uthmani_hafs":"إِنِّي","char_type_name":"word","page_number":239,"line_number":14,"text":"ﰆ","translation":{"text":"Indeed, I","language_name":"english","language_id":38},"transliteration":{"text":"innī","language_name":"english","language_id":38}},{"id":39208,"position":17,"audio_url":"wbw/012_037_019.mp3","qpc_uthmani_hafs":"تَرَكۡتُ","char_type_name":"word","page_number":239,"line_number":14,"text":"ﰇ","translation":{"text":"[I] abandon","language_name":"english","language_id":38},"transliteration":{"text":"taraktu","language_name":"english","language_id":38}},{"id":39209,"position":18,"audio_url":"wbw/012_037_020.mp3","qpc_uthmani_hafs":"مِلَّةَ","char_type_name":"word","page_number":239,"line_number":15,"text":"ﰈ","translation":{"text":"(the) religion","language_name":"english","language_id":38},"transliteration":{"text":"millata","language_name":"english","language_id":38}},{"id":39210,"position":19,"audio_url":"wbw/012_037_021.mp3","qpc_uthmani_hafs":"قَوۡمٖ","char_type_name":"word","page_number":239,"line_number":15,"text":"ﰉ","translation":{"text":"(of) a people","language_name":"english","language_id":38},"transliteration":{"text":"qawmin","language_name":"english","language_id":38}},{"id":39211,"position":20,"audio_url":"wbw/012_037_022.mp3","qpc_uthmani_hafs":"لَّا","char_type_name":"word","page_number":239,"line_number":15,"text":"ﰊ","translation":{"text":"not","language_name":"english","language_id":38},"transliteration":{"text":"lā","language_name":"english","language_id":38}},{"id":39212,"position":21,"audio_url":"wbw/012_037_023.mp3","qpc_uthmani_hafs":"يُؤۡمِنُونَ","char_type_name":"word","page_number":239,"line_number":15,"text":"ﰋ","translation":{"text":"they believe","language_name":"english","language_id":38},"transliteration":{"text":"yu'minūna","language_name":"english","language_id":38}},{"id":39213,"position":22,"audio_url":"wbw/012_037_024.mp3","qpc_uthmani_hafs":"بِٱللَّهِ","char_type_name":"word","page_number":239,"line_number":15,"text":"ﰌ","translation":{"text":"in Allah","language_name":"english","language_id":38},"transliteration":{"text":"bil-lahi","language_name":"english","language_id":38}},{"id":39214,"position":23,"audio_url":"wbw/012_037_025.mp3","qpc_uthmani_hafs":"وَهُم","char_type_name":"word","page_number":239,"line_number":15,"text":"ﰍ","translation":{"text":"and they","language_name":"english","language_id":38},"transliteration":{"text":"wahum","language_name":"english","language_id":38}},{"id":39215,"position":24,"audio_url":"wbw/012_037_026.mp3","qpc_uthmani_hafs":"بِٱلۡأٓخِرَةِ","char_type_name":"word","page_number":239,"line_number":15,"text":"ﰎ","translation":{"text":"in the Hereafter","language_name":"english","language_id":38},"transliteration":{"text":"bil-ākhirati","language_name":"english","language_id":38}},{"id":39216,"position":25,"audio_url":"wbw/012_037_027.mp3","qpc_uthmani_hafs":"هُمۡ","char_type_name":"word","page_number":239,"line_number":15,"text":"ﰏ","translation":{"text":"[they]","language_name":"english","language_id":38},"transliteration":{"text":"hum","language_name":"english","language_id":38}},{"id":39217,"position":26,"audio_url":"wbw/012_037_028.mp3","qpc_uthmani_hafs":"كَٰفِرُونَ","char_type_name":"word","page_number":239,"line_number":15,"text":"ﰐ","translation":{"text":"(are) disbelievers","language_name":"english","language_id":38},"transliteration":{"text":"kāfirūna","language_name":"english","language_id":38}},{"id":39218,"position":27,"audio_url":null,"qpc_uthmani_hafs":"٣٧","char_type_name":"end","page_number":239,"line_number":15,"text":"ﰑ","translation":{"text":"(37)","language_name":"english","language_id":38},"transliteration":{"text":null,"language_name":"english","language_id":38}}],"translations":[{"id":918062,"resource_id":134,"text":"Yūsuf berkata, Tidak disampaikan kepada kamu berdua makanan yang akan diberikan kepadamu, melainkan aku telah dapat menerangkan jenis makanan itu, sebelum makanan itu sampai kepadamu. Yang demikian itu adalah sebagian dari apa yang diajarkan kepadaku oleh Tuhan-ku.  Sesungguhnya aku telah meninggalkan agama orang-orang yang tidak beriman kepada Allah, sedang mereka ingkar kepada hari kemudian."}]}],"pagination":{"per_page":50,"current_page":1,"next_page":null,"total_pages":1,"total_records":7}}