{"verses":[{"id":1660,"verse_number":64,"verse_key":"12:64","juz_number":13,"hizb_number":25,"rub_el_hizb_number":97,"ruku_number":200,"manzil_number":3,"sajdah_number":null,"text_uthmani":"قَالَ هَلْ ءَامَنُكُمْ عَلَيْهِ إِلَّا كَمَآ أَمِنتُكُمْ عَلَىٰٓ أَخِيهِ مِن قَبْلُ ۖ فَٱللَّهُ خَيْرٌ حَـٰفِظًا ۖ وَهُوَ أَرْحَمُ ٱلرَّٰحِمِينَ","page_number":243,"words":[{"id":56821,"position":1,"audio_url":"wbw/012_064_001.mp3","qpc_uthmani_hafs":"قَالَ","char_type_name":"word","page_number":243,"line_number":1,"text":"ﭑ","translation":{"text":"He said","language_name":"english","language_id":38},"transliteration":{"text":"qāla","language_name":"english","language_id":38}},{"id":56822,"position":2,"audio_url":"wbw/012_064_002.mp3","qpc_uthmani_hafs":"هَلۡ","char_type_name":"word","page_number":243,"line_number":1,"text":"ﭒ","translation":{"text":"Should","language_name":"english","language_id":38},"transliteration":{"text":"hal","language_name":"english","language_id":38}},{"id":56823,"position":3,"audio_url":"wbw/012_064_003.mp3","qpc_uthmani_hafs":"ءَامَنُكُمۡ","char_type_name":"word","page_number":243,"line_number":1,"text":"ﭓ","translation":{"text":"I entrust you","language_name":"english","language_id":38},"transliteration":{"text":"āmanukum","language_name":"english","language_id":38}},{"id":56824,"position":4,"audio_url":"wbw/012_064_004.mp3","qpc_uthmani_hafs":"عَلَيۡهِ","char_type_name":"word","page_number":243,"line_number":1,"text":"ﭔ","translation":{"text":"with him","language_name":"english","language_id":38},"transliteration":{"text":"ʿalayhi","language_name":"english","language_id":38}},{"id":56825,"position":5,"audio_url":"wbw/012_064_005.mp3","qpc_uthmani_hafs":"إِلَّا","char_type_name":"word","page_number":243,"line_number":1,"text":"ﭕ","translation":{"text":"except","language_name":"english","language_id":38},"transliteration":{"text":"illā","language_name":"english","language_id":38}},{"id":56826,"position":6,"audio_url":"wbw/012_064_006.mp3","qpc_uthmani_hafs":"كَمَآ","char_type_name":"word","page_number":243,"line_number":1,"text":"ﭖ","translation":{"text":"as","language_name":"english","language_id":38},"transliteration":{"text":"kamā","language_name":"english","language_id":38}},{"id":56827,"position":7,"audio_url":"wbw/012_064_007.mp3","qpc_uthmani_hafs":"أَمِنتُكُمۡ","char_type_name":"word","page_number":243,"line_number":1,"text":"ﭗ","translation":{"text":"I entrusted you","language_name":"english","language_id":38},"transliteration":{"text":"amintukum","language_name":"english","language_id":38}},{"id":56828,"position":8,"audio_url":"wbw/012_064_008.mp3","qpc_uthmani_hafs":"عَلَىٰٓ","char_type_name":"word","page_number":243,"line_number":1,"text":"ﭘ","translation":{"text":"with","language_name":"english","language_id":38},"transliteration":{"text":"ʿalā","language_name":"english","language_id":38}},{"id":56829,"position":9,"audio_url":"wbw/012_064_009.mp3","qpc_uthmani_hafs":"أَخِيهِ","char_type_name":"word","page_number":243,"line_number":1,"text":"ﭙ","translation":{"text":"his brother","language_name":"english","language_id":38},"transliteration":{"text":"akhīhi","language_name":"english","language_id":38}},{"id":56830,"position":10,"audio_url":"wbw/012_064_010.mp3","qpc_uthmani_hafs":"مِن","char_type_name":"word","page_number":243,"line_number":1,"text":"ﭚ","translation":{"text":"before","language_name":"english","language_id":38},"transliteration":{"text":"min","language_name":"english","language_id":38}},{"id":56831,"position":11,"audio_url":"wbw/012_064_011.mp3","qpc_uthmani_hafs":"قَبۡلُ","char_type_name":"word","page_number":243,"line_number":2,"text":"ﭛﭜ","translation":{"text":"before","language_name":"english","language_id":38},"transliteration":{"text":"qablu","language_name":"english","language_id":38}},{"id":56833,"position":12,"audio_url":"wbw/012_064_013.mp3","qpc_uthmani_hafs":"فَٱللَّهُ","char_type_name":"word","page_number":243,"line_number":2,"text":"ﭝ","translation":{"text":"But Allah","language_name":"english","language_id":38},"transliteration":{"text":"fal-lahu","language_name":"english","language_id":38}},{"id":56834,"position":13,"audio_url":"wbw/012_064_014.mp3","qpc_uthmani_hafs":"خَيۡرٌ","char_type_name":"word","page_number":243,"line_number":2,"text":"ﭞ","translation":{"text":"(is) the best","language_name":"english","language_id":38},"transliteration":{"text":"khayrun","language_name":"english","language_id":38}},{"id":56835,"position":14,"audio_url":"wbw/012_064_015.mp3","qpc_uthmani_hafs":"حَٰفِظٗاۖ","char_type_name":"word","page_number":243,"line_number":2,"text":"ﭟﭠ","translation":{"text":"Guardian","language_name":"english","language_id":38},"transliteration":{"text":"ḥāfiẓan","language_name":"english","language_id":38}},{"id":56837,"position":15,"audio_url":"wbw/012_064_017.mp3","qpc_uthmani_hafs":"وَهُوَ","char_type_name":"word","page_number":243,"line_number":2,"text":"ﭡ","translation":{"text":"and He","language_name":"english","language_id":38},"transliteration":{"text":"wahuwa","language_name":"english","language_id":38}},{"id":56838,"position":16,"audio_url":"wbw/012_064_018.mp3","qpc_uthmani_hafs":"أَرۡحَمُ","char_type_name":"word","page_number":243,"line_number":2,"text":"ﭢ","translation":{"text":"(is the) Most Merciful","language_name":"english","language_id":38},"transliteration":{"text":"arḥamu","language_name":"english","language_id":38}},{"id":56839,"position":17,"audio_url":"wbw/012_064_019.mp3","qpc_uthmani_hafs":"ٱلرَّٰحِمِينَ","char_type_name":"word","page_number":243,"line_number":2,"text":"ﭣ","translation":{"text":"(of) the merciful","language_name":"english","language_id":38},"transliteration":{"text":"l-rāḥimīna","language_name":"english","language_id":38}},{"id":56840,"position":18,"audio_url":null,"qpc_uthmani_hafs":"٦٤","char_type_name":"end","page_number":243,"line_number":2,"text":"ﭤ","translation":{"text":"(64)","language_name":"english","language_id":38},"transliteration":{"text":null,"language_name":"english","language_id":38}}],"translations":[{"id":918089,"resource_id":134,"text":"Berkata Ya`qūb, \"Bagaimana aku akan mempercayakannya (Bunyamin) kepadamu, kecuali seperti aku telah mempercayakan saudaranya ( Yūsuf) kepada kamu dahulu <sup foot_note=210528>1</sup>?\" Maka Allah adalah sebaik-baik Penjaga dan Dia adalah Maha Penyanyang di antara para penyanyang."}]},{"id":1661,"verse_number":65,"verse_key":"12:65","juz_number":13,"hizb_number":25,"rub_el_hizb_number":97,"ruku_number":200,"manzil_number":3,"sajdah_number":null,"text_uthmani":"وَلَمَّا فَتَحُوا۟ مَتَـٰعَهُمْ وَجَدُوا۟ بِضَـٰعَتَهُمْ رُدَّتْ إِلَيْهِمْ ۖ قَالُوا۟ يَـٰٓأَبَانَا مَا نَبْغِى ۖ هَـٰذِهِۦ بِضَـٰعَتُنَا رُدَّتْ إِلَيْنَا ۖ وَنَمِيرُ أَهْلَنَا وَنَحْفَظُ أَخَانَا وَنَزْدَادُ كَيْلَ بَعِيرٍ ۖ ذَٰلِكَ كَيْلٌ يَسِيرٌ","page_number":243,"words":[{"id":57250,"position":1,"audio_url":"wbw/012_065_001.mp3","qpc_uthmani_hafs":"وَلَمَّا","char_type_name":"word","page_number":243,"line_number":2,"text":"ﭥ","translation":{"text":"And when","language_name":"english","language_id":38},"transliteration":{"text":"walammā","language_name":"english","language_id":38}},{"id":57251,"position":2,"audio_url":"wbw/012_065_002.mp3","qpc_uthmani_hafs":"فَتَحُواْ","char_type_name":"word","page_number":243,"line_number":2,"text":"ﭦ","translation":{"text":"they opened","language_name":"english","language_id":38},"transliteration":{"text":"fataḥū","language_name":"english","language_id":38}},{"id":57252,"position":3,"audio_url":"wbw/012_065_003.mp3","qpc_uthmani_hafs":"مَتَٰعَهُمۡ","char_type_name":"word","page_number":243,"line_number":3,"text":"ﭧ","translation":{"text":"their baggage","language_name":"english","language_id":38},"transliteration":{"text":"matāʿahum","language_name":"english","language_id":38}},{"id":57253,"position":4,"audio_url":"wbw/012_065_004.mp3","qpc_uthmani_hafs":"وَجَدُواْ","char_type_name":"word","page_number":243,"line_number":3,"text":"ﭨ","translation":{"text":"they found","language_name":"english","language_id":38},"transliteration":{"text":"wajadū","language_name":"english","language_id":38}},{"id":57254,"position":5,"audio_url":"wbw/012_065_005.mp3","qpc_uthmani_hafs":"بِضَٰعَتَهُمۡ","char_type_name":"word","page_number":243,"line_number":3,"text":"ﭩ","translation":{"text":"their merchandise","language_name":"english","language_id":38},"transliteration":{"text":"biḍāʿatahum","language_name":"english","language_id":38}},{"id":57255,"position":6,"audio_url":"wbw/012_065_006.mp3","qpc_uthmani_hafs":"رُدَّتۡ","char_type_name":"word","page_number":243,"line_number":3,"text":"ﭪ","translation":{"text":"returned","language_name":"english","language_id":38},"transliteration":{"text":"ruddat","language_name":"english","language_id":38}},{"id":57256,"position":7,"audio_url":"wbw/012_065_007.mp3","qpc_uthmani_hafs":"إِلَيۡهِمۡۖ","char_type_name":"word","page_number":243,"line_number":3,"text":"ﭫﭬ","translation":{"text":"to them","language_name":"english","language_id":38},"transliteration":{"text":"ilayhim","language_name":"english","language_id":38}},{"id":57258,"position":8,"audio_url":"wbw/012_065_009.mp3","qpc_uthmani_hafs":"قَالُواْ","char_type_name":"word","page_number":243,"line_number":3,"text":"ﭭ","translation":{"text":"They said","language_name":"english","language_id":38},"transliteration":{"text":"qālū","language_name":"english","language_id":38}},{"id":57259,"position":9,"audio_url":"wbw/012_065_010.mp3","qpc_uthmani_hafs":"يَٰٓأَبَانَا","char_type_name":"word","page_number":243,"line_number":3,"text":"ﭮ","translation":{"text":"O our father","language_name":"english","language_id":38},"transliteration":{"text":"yāabānā","language_name":"english","language_id":38}},{"id":57260,"position":10,"audio_url":"wbw/012_065_011.mp3","qpc_uthmani_hafs":"مَا","char_type_name":"word","page_number":243,"line_number":4,"text":"ﭯ","translation":{"text":"What","language_name":"english","language_id":38},"transliteration":{"text":"mā","language_name":"english","language_id":38}},{"id":57261,"position":11,"audio_url":"wbw/012_065_012.mp3","qpc_uthmani_hafs":"نَبۡغِيۖ","char_type_name":"word","page_number":243,"line_number":4,"text":"ﭰﭱ","translation":{"text":"(could) we desire","language_name":"english","language_id":38},"transliteration":{"text":"nabghī","language_name":"english","language_id":38}},{"id":57263,"position":12,"audio_url":"wbw/012_065_014.mp3","qpc_uthmani_hafs":"هَٰذِهِۦ","char_type_name":"word","page_number":243,"line_number":4,"text":"ﭲ","translation":{"text":"This","language_name":"english","language_id":38},"transliteration":{"text":"hādhihi","language_name":"english","language_id":38}},{"id":57264,"position":13,"audio_url":"wbw/012_065_015.mp3","qpc_uthmani_hafs":"بِضَٰعَتُنَا","char_type_name":"word","page_number":243,"line_number":4,"text":"ﭳ","translation":{"text":"(is) our merchandise","language_name":"english","language_id":38},"transliteration":{"text":"biḍāʿatunā","language_name":"english","language_id":38}},{"id":57265,"position":14,"audio_url":"wbw/012_065_016.mp3","qpc_uthmani_hafs":"رُدَّتۡ","char_type_name":"word","page_number":243,"line_number":4,"text":"ﭴ","translation":{"text":"returned","language_name":"english","language_id":38},"transliteration":{"text":"ruddat","language_name":"english","language_id":38}},{"id":57266,"position":15,"audio_url":"wbw/012_065_017.mp3","qpc_uthmani_hafs":"إِلَيۡنَاۖ","char_type_name":"word","page_number":243,"line_number":4,"text":"ﭵﭶ","translation":{"text":"to us","language_name":"english","language_id":38},"transliteration":{"text":"ilaynā","language_name":"english","language_id":38}},{"id":57268,"position":16,"audio_url":"wbw/012_065_019.mp3","qpc_uthmani_hafs":"وَنَمِيرُ","char_type_name":"word","page_number":243,"line_number":4,"text":"ﭷ","translation":{"text":"And we will get provision","language_name":"english","language_id":38},"transliteration":{"text":"wanamīru","language_name":"english","language_id":38}},{"id":57269,"position":17,"audio_url":"wbw/012_065_020.mp3","qpc_uthmani_hafs":"أَهۡلَنَا","char_type_name":"word","page_number":243,"line_number":4,"text":"ﭸ","translation":{"text":"(for) our family","language_name":"english","language_id":38},"transliteration":{"text":"ahlanā","language_name":"english","language_id":38}},{"id":57270,"position":18,"audio_url":"wbw/012_065_021.mp3","qpc_uthmani_hafs":"وَنَحۡفَظُ","char_type_name":"word","page_number":243,"line_number":4,"text":"ﭹ","translation":{"text":"and we will protect","language_name":"english","language_id":38},"transliteration":{"text":"wanaḥfaẓu","language_name":"english","language_id":38}},{"id":57271,"position":19,"audio_url":"wbw/012_065_022.mp3","qpc_uthmani_hafs":"أَخَانَا","char_type_name":"word","page_number":243,"line_number":5,"text":"ﭺ","translation":{"text":"our brother","language_name":"english","language_id":38},"transliteration":{"text":"akhānā","language_name":"english","language_id":38}},{"id":57272,"position":20,"audio_url":"wbw/012_065_023.mp3","qpc_uthmani_hafs":"وَنَزۡدَادُ","char_type_name":"word","page_number":243,"line_number":5,"text":"ﭻ","translation":{"text":"and get an increase","language_name":"english","language_id":38},"transliteration":{"text":"wanazdādu","language_name":"english","language_id":38}},{"id":57273,"position":21,"audio_url":"wbw/012_065_024.mp3","qpc_uthmani_hafs":"كَيۡلَ","char_type_name":"word","page_number":243,"line_number":5,"text":"ﭼ","translation":{"text":"measure","language_name":"english","language_id":38},"transliteration":{"text":"kayla","language_name":"english","language_id":38}},{"id":57274,"position":22,"audio_url":"wbw/012_065_025.mp3","qpc_uthmani_hafs":"بَعِيرٖۖ","char_type_name":"word","page_number":243,"line_number":5,"text":"ﭽﭾ","translation":{"text":"(of) a camel's (load)","language_name":"english","language_id":38},"transliteration":{"text":"baʿīrin","language_name":"english","language_id":38}},{"id":57276,"position":23,"audio_url":"wbw/012_065_027.mp3","qpc_uthmani_hafs":"ذَٰلِكَ","char_type_name":"word","page_number":243,"line_number":5,"text":"ﭿ","translation":{"text":"That","language_name":"english","language_id":38},"transliteration":{"text":"dhālika","language_name":"english","language_id":38}},{"id":57277,"position":24,"audio_url":"wbw/012_065_028.mp3","qpc_uthmani_hafs":"كَيۡلٞ","char_type_name":"word","page_number":243,"line_number":5,"text":"ﮀ","translation":{"text":"(is) a measurement","language_name":"english","language_id":38},"transliteration":{"text":"kaylun","language_name":"english","language_id":38}},{"id":57278,"position":25,"audio_url":"wbw/012_065_029.mp3","qpc_uthmani_hafs":"يَسِيرٞ","char_type_name":"word","page_number":243,"line_number":5,"text":"ﮁ","translation":{"text":"easy","language_name":"english","language_id":38},"transliteration":{"text":"yasīrun","language_name":"english","language_id":38}},{"id":57279,"position":26,"audio_url":null,"qpc_uthmani_hafs":"٦٥","char_type_name":"end","page_number":243,"line_number":5,"text":"ﮂ","translation":{"text":"(65)","language_name":"english","language_id":38},"transliteration":{"text":null,"language_name":"english","language_id":38}}],"translations":[{"id":918090,"resource_id":134,"text":"Tatkala mereka membuka barang-barangnya, mereka menemukan kembali barang-barang (penukaran) mereka dikembalikan kepada mereka.  Mereka berkata, \"Wahai ayah kami apa lagi yang kita inginkan.  Ini barang-barang kita dikembalikan kepada kita dan kami akan dapat memberi makan keluarga kami dan kami akan dapat memelihara saudara kami dan kami akan mendapat tambahan sukatan (gandum) seberat beban seekor unta.  Itu adalah sukatan yang mudah (bagi raja Mesir)\"."}]},{"id":1662,"verse_number":66,"verse_key":"12:66","juz_number":13,"hizb_number":25,"rub_el_hizb_number":97,"ruku_number":200,"manzil_number":3,"sajdah_number":null,"text_uthmani":"قَالَ لَنْ أُرْسِلَهُۥ مَعَكُمْ حَتَّىٰ تُؤْتُونِ مَوْثِقًا مِّنَ ٱللَّهِ لَتَأْتُنَّنِى بِهِۦٓ إِلَّآ أَن يُحَاطَ بِكُمْ ۖ فَلَمَّآ ءَاتَوْهُ مَوْثِقَهُمْ قَالَ ٱللَّهُ عَلَىٰ مَا نَقُولُ وَكِيلٌ","page_number":243,"words":[{"id":57632,"position":1,"audio_url":"wbw/012_066_001.mp3","qpc_uthmani_hafs":"قَالَ","char_type_name":"word","page_number":243,"line_number":5,"text":"ﮃ","translation":{"text":"He said","language_name":"english","language_id":38},"transliteration":{"text":"qāla","language_name":"english","language_id":38}},{"id":57633,"position":2,"audio_url":"wbw/012_066_002.mp3","qpc_uthmani_hafs":"لَنۡ","char_type_name":"word","page_number":243,"line_number":5,"text":"ﮄ","translation":{"text":"Never","language_name":"english","language_id":38},"transliteration":{"text":"lan","language_name":"english","language_id":38}},{"id":57634,"position":3,"audio_url":"wbw/012_066_003.mp3","qpc_uthmani_hafs":"أُرۡسِلَهُۥ","char_type_name":"word","page_number":243,"line_number":6,"text":"ﮅ","translation":{"text":"will I send him","language_name":"english","language_id":38},"transliteration":{"text":"ur'silahu","language_name":"english","language_id":38}},{"id":57635,"position":4,"audio_url":"wbw/012_066_004.mp3","qpc_uthmani_hafs":"مَعَكُمۡ","char_type_name":"word","page_number":243,"line_number":6,"text":"ﮆ","translation":{"text":"with you","language_name":"english","language_id":38},"transliteration":{"text":"maʿakum","language_name":"english","language_id":38}},{"id":57636,"position":5,"audio_url":"wbw/012_066_005.mp3","qpc_uthmani_hafs":"حَتَّىٰ","char_type_name":"word","page_number":243,"line_number":6,"text":"ﮇ","translation":{"text":"until","language_name":"english","language_id":38},"transliteration":{"text":"ḥattā","language_name":"english","language_id":38}},{"id":57637,"position":6,"audio_url":"wbw/012_066_006.mp3","qpc_uthmani_hafs":"تُؤۡتُونِ","char_type_name":"word","page_number":243,"line_number":6,"text":"ﮈ","translation":{"text":"you give to me","language_name":"english","language_id":38},"transliteration":{"text":"tu'tūni","language_name":"english","language_id":38}},{"id":57638,"position":7,"audio_url":"wbw/012_066_007.mp3","qpc_uthmani_hafs":"مَوۡثِقٗا","char_type_name":"word","page_number":243,"line_number":6,"text":"ﮉ","translation":{"text":"a promise","language_name":"english","language_id":38},"transliteration":{"text":"mawthiqan","language_name":"english","language_id":38}},{"id":57639,"position":8,"audio_url":"wbw/012_066_008.mp3","qpc_uthmani_hafs":"مِّنَ","char_type_name":"word","page_number":243,"line_number":6,"text":"ﮊ","translation":{"text":"by","language_name":"english","language_id":38},"transliteration":{"text":"mina","language_name":"english","language_id":38}},{"id":57640,"position":9,"audio_url":"wbw/012_066_009.mp3","qpc_uthmani_hafs":"ٱللَّهِ","char_type_name":"word","page_number":243,"line_number":6,"text":"ﮋ","translation":{"text":"Allah","language_name":"english","language_id":38},"transliteration":{"text":"l-lahi","language_name":"english","language_id":38}},{"id":57641,"position":10,"audio_url":"wbw/012_066_010.mp3","qpc_uthmani_hafs":"لَتَأۡتُنَّنِي","char_type_name":"word","page_number":243,"line_number":6,"text":"ﮌ","translation":{"text":"that surely you will bring him to me","language_name":"english","language_id":38},"transliteration":{"text":"latatunnanī","language_name":"english","language_id":38}},{"id":57642,"position":11,"audio_url":"wbw/012_066_011.mp3","qpc_uthmani_hafs":"بِهِۦٓ","char_type_name":"word","page_number":243,"line_number":6,"text":"ﮍ","translation":{"text":"that surely you will bring him to me","language_name":"english","language_id":38},"transliteration":{"text":"bihi","language_name":"english","language_id":38}},{"id":57643,"position":12,"audio_url":"wbw/012_066_012.mp3","qpc_uthmani_hafs":"إِلَّآ","char_type_name":"word","page_number":243,"line_number":6,"text":"ﮎ","translation":{"text":"unless","language_name":"english","language_id":38},"transliteration":{"text":"illā","language_name":"english","language_id":38}},{"id":57644,"position":13,"audio_url":"wbw/012_066_013.mp3","qpc_uthmani_hafs":"أَن","char_type_name":"word","page_number":243,"line_number":7,"text":"ﮏ","translation":{"text":"that","language_name":"english","language_id":38},"transliteration":{"text":"an","language_name":"english","language_id":38}},{"id":57645,"position":14,"audio_url":"wbw/012_066_014.mp3","qpc_uthmani_hafs":"يُحَاطَ","char_type_name":"word","page_number":243,"line_number":7,"text":"ﮐ","translation":{"text":"you are surrounded","language_name":"english","language_id":38},"transliteration":{"text":"yuḥāṭa","language_name":"english","language_id":38}},{"id":57646,"position":15,"audio_url":"wbw/012_066_015.mp3","qpc_uthmani_hafs":"بِكُمۡۖ","char_type_name":"word","page_number":243,"line_number":7,"text":"ﮑﮒ","translation":{"text":"you are surrounded","language_name":"english","language_id":38},"transliteration":{"text":"bikum","language_name":"english","language_id":38}},{"id":57648,"position":16,"audio_url":"wbw/012_066_017.mp3","qpc_uthmani_hafs":"فَلَمَّآ","char_type_name":"word","page_number":243,"line_number":7,"text":"ﮓ","translation":{"text":"And when","language_name":"english","language_id":38},"transliteration":{"text":"falammā","language_name":"english","language_id":38}},{"id":57649,"position":17,"audio_url":"wbw/012_066_018.mp3","qpc_uthmani_hafs":"ءَاتَوۡهُ","char_type_name":"word","page_number":243,"line_number":7,"text":"ﮔ","translation":{"text":"they had given him","language_name":"english","language_id":38},"transliteration":{"text":"ātawhu","language_name":"english","language_id":38}},{"id":57650,"position":18,"audio_url":"wbw/012_066_019.mp3","qpc_uthmani_hafs":"مَوۡثِقَهُمۡ","char_type_name":"word","page_number":243,"line_number":7,"text":"ﮕ","translation":{"text":"their promise","language_name":"english","language_id":38},"transliteration":{"text":"mawthiqahum","language_name":"english","language_id":38}},{"id":57651,"position":19,"audio_url":"wbw/012_066_020.mp3","qpc_uthmani_hafs":"قَالَ","char_type_name":"word","page_number":243,"line_number":7,"text":"ﮖ","translation":{"text":"he said","language_name":"english","language_id":38},"transliteration":{"text":"qāla","language_name":"english","language_id":38}},{"id":57652,"position":20,"audio_url":"wbw/012_066_021.mp3","qpc_uthmani_hafs":"ٱللَّهُ","char_type_name":"word","page_number":243,"line_number":7,"text":"ﮗ","translation":{"text":"Allah","language_name":"english","language_id":38},"transliteration":{"text":"l-lahu","language_name":"english","language_id":38}},{"id":57653,"position":21,"audio_url":"wbw/012_066_022.mp3","qpc_uthmani_hafs":"عَلَىٰ","char_type_name":"word","page_number":243,"line_number":7,"text":"ﮘ","translation":{"text":"over","language_name":"english","language_id":38},"transliteration":{"text":"ʿalā","language_name":"english","language_id":38}},{"id":57654,"position":22,"audio_url":"wbw/012_066_023.mp3","qpc_uthmani_hafs":"مَا","char_type_name":"word","page_number":243,"line_number":7,"text":"ﮙ","translation":{"text":"what","language_name":"english","language_id":38},"transliteration":{"text":"mā","language_name":"english","language_id":38}},{"id":57655,"position":23,"audio_url":"wbw/012_066_024.mp3","qpc_uthmani_hafs":"نَقُولُ","char_type_name":"word","page_number":243,"line_number":7,"text":"ﮚ","translation":{"text":"we say","language_name":"english","language_id":38},"transliteration":{"text":"naqūlu","language_name":"english","language_id":38}},{"id":57656,"position":24,"audio_url":"wbw/012_066_025.mp3","qpc_uthmani_hafs":"وَكِيلٞ","char_type_name":"word","page_number":243,"line_number":7,"text":"ﮛ","translation":{"text":"(is) a Guardian","language_name":"english","language_id":38},"transliteration":{"text":"wakīlun","language_name":"english","language_id":38}},{"id":57657,"position":25,"audio_url":null,"qpc_uthmani_hafs":"٦٦","char_type_name":"end","page_number":243,"line_number":8,"text":"ﮜ","translation":{"text":"(66)","language_name":"english","language_id":38},"transliteration":{"text":null,"language_name":"english","language_id":38}}],"translations":[{"id":918091,"resource_id":134,"text":"Ya`qūb berkata, \"Aku sekali-kali tidak akan melepaskannya (pergi) bersama-sama kamu, sebelum kamu memberikan kepadaku janji yang teguh atas nama Allah bahwa kamu pasti akan membawanya kepadaku kembali, kecuali jika kamu dikepung musuh\".  Tatkala mereka memberikan janji mereka, maka Ya`qūb berkata, \"Allah adalah saksi terhadap apa yang kita ucapkan (ini)\"."}]},{"id":1663,"verse_number":67,"verse_key":"12:67","juz_number":13,"hizb_number":25,"rub_el_hizb_number":97,"ruku_number":200,"manzil_number":3,"sajdah_number":null,"text_uthmani":"وَقَالَ يَـٰبَنِىَّ لَا تَدْخُلُوا۟ مِنۢ بَابٍ وَٰحِدٍ وَٱدْخُلُوا۟ مِنْ أَبْوَٰبٍ مُّتَفَرِّقَةٍ ۖ وَمَآ أُغْنِى عَنكُم مِّنَ ٱللَّهِ مِن شَىْءٍ ۖ إِنِ ٱلْحُكْمُ إِلَّا لِلَّهِ ۖ عَلَيْهِ تَوَكَّلْتُ ۖ وَعَلَيْهِ فَلْيَتَوَكَّلِ ٱلْمُتَوَكِّلُونَ","page_number":243,"words":[{"id":58220,"position":1,"audio_url":"wbw/012_067_001.mp3","qpc_uthmani_hafs":"وَقَالَ","char_type_name":"word","page_number":243,"line_number":8,"text":"ﮝ","translation":{"text":"And he said","language_name":"english","language_id":38},"transliteration":{"text":"waqāla","language_name":"english","language_id":38}},{"id":58221,"position":2,"audio_url":"wbw/012_067_002.mp3","qpc_uthmani_hafs":"يَٰبَنِيَّ","char_type_name":"word","page_number":243,"line_number":8,"text":"ﮞ","translation":{"text":"O my sons","language_name":"english","language_id":38},"transliteration":{"text":"yābaniyya","language_name":"english","language_id":38}},{"id":58222,"position":3,"audio_url":"wbw/012_067_003.mp3","qpc_uthmani_hafs":"لَا","char_type_name":"word","page_number":243,"line_number":8,"text":"ﮟ","translation":{"text":"(Do) not","language_name":"english","language_id":38},"transliteration":{"text":"lā","language_name":"english","language_id":38}},{"id":58223,"position":4,"audio_url":"wbw/012_067_004.mp3","qpc_uthmani_hafs":"تَدۡخُلُواْ","char_type_name":"word","page_number":243,"line_number":8,"text":"ﮠ","translation":{"text":"enter","language_name":"english","language_id":38},"transliteration":{"text":"tadkhulū","language_name":"english","language_id":38}},{"id":58224,"position":5,"audio_url":"wbw/012_067_005.mp3","qpc_uthmani_hafs":"مِنۢ","char_type_name":"word","page_number":243,"line_number":8,"text":"ﮡ","translation":{"text":"from","language_name":"english","language_id":38},"transliteration":{"text":"min","language_name":"english","language_id":38}},{"id":58225,"position":6,"audio_url":"wbw/012_067_006.mp3","qpc_uthmani_hafs":"بَابٖ","char_type_name":"word","page_number":243,"line_number":8,"text":"ﮢ","translation":{"text":"one gate","language_name":"english","language_id":38},"transliteration":{"text":"bābin","language_name":"english","language_id":38}},{"id":58226,"position":7,"audio_url":"wbw/012_067_007.mp3","qpc_uthmani_hafs":"وَٰحِدٖ","char_type_name":"word","page_number":243,"line_number":8,"text":"ﮣ","translation":{"text":"one gate","language_name":"english","language_id":38},"transliteration":{"text":"wāḥidin","language_name":"english","language_id":38}},{"id":58227,"position":8,"audio_url":"wbw/012_067_008.mp3","qpc_uthmani_hafs":"وَٱدۡخُلُواْ","char_type_name":"word","page_number":243,"line_number":8,"text":"ﮤ","translation":{"text":"but enter","language_name":"english","language_id":38},"transliteration":{"text":"wa-ud'khulū","language_name":"english","language_id":38}},{"id":58228,"position":9,"audio_url":"wbw/012_067_009.mp3","qpc_uthmani_hafs":"مِنۡ","char_type_name":"word","page_number":243,"line_number":8,"text":"ﮥ","translation":{"text":"from","language_name":"english","language_id":38},"transliteration":{"text":"min","language_name":"english","language_id":38}},{"id":58229,"position":10,"audio_url":"wbw/012_067_010.mp3","qpc_uthmani_hafs":"أَبۡوَٰبٖ","char_type_name":"word","page_number":243,"line_number":8,"text":"ﮦ","translation":{"text":"gates","language_name":"english","language_id":38},"transliteration":{"text":"abwābin","language_name":"english","language_id":38}},{"id":58230,"position":11,"audio_url":"wbw/012_067_011.mp3","qpc_uthmani_hafs":"مُّتَفَرِّقَةٖۖ","char_type_name":"word","page_number":243,"line_number":9,"text":"ﮧﮨ","translation":{"text":"different","language_name":"english","language_id":38},"transliteration":{"text":"mutafarriqatin","language_name":"english","language_id":38}},{"id":58232,"position":12,"audio_url":"wbw/012_067_013.mp3","qpc_uthmani_hafs":"وَمَآ","char_type_name":"word","page_number":243,"line_number":9,"text":"ﮩ","translation":{"text":"And not","language_name":"english","language_id":38},"transliteration":{"text":"wamā","language_name":"english","language_id":38}},{"id":58233,"position":13,"audio_url":"wbw/012_067_014.mp3","qpc_uthmani_hafs":"أُغۡنِي","char_type_name":"word","page_number":243,"line_number":9,"text":"ﮪ","translation":{"text":"I can avail","language_name":"english","language_id":38},"transliteration":{"text":"ugh'nī","language_name":"english","language_id":38}},{"id":58234,"position":14,"audio_url":"wbw/012_067_015.mp3","qpc_uthmani_hafs":"عَنكُم","char_type_name":"word","page_number":243,"line_number":9,"text":"ﮫ","translation":{"text":"you","language_name":"english","language_id":38},"transliteration":{"text":"ʿankum","language_name":"english","language_id":38}},{"id":58235,"position":15,"audio_url":"wbw/012_067_016.mp3","qpc_uthmani_hafs":"مِّنَ","char_type_name":"word","page_number":243,"line_number":9,"text":"ﮬ","translation":{"text":"against","language_name":"english","language_id":38},"transliteration":{"text":"mina","language_name":"english","language_id":38}},{"id":58236,"position":16,"audio_url":"wbw/012_067_017.mp3","qpc_uthmani_hafs":"ٱللَّهِ","char_type_name":"word","page_number":243,"line_number":9,"text":"ﮭ","translation":{"text":"Allah","language_name":"english","language_id":38},"transliteration":{"text":"l-lahi","language_name":"english","language_id":38}},{"id":58237,"position":17,"audio_url":"wbw/012_067_018.mp3","qpc_uthmani_hafs":"مِن","char_type_name":"word","page_number":243,"line_number":9,"text":"ﮮ","translation":{"text":"any","language_name":"english","language_id":38},"transliteration":{"text":"min","language_name":"english","language_id":38}},{"id":58238,"position":18,"audio_url":"wbw/012_067_019.mp3","qpc_uthmani_hafs":"شَيۡءٍۖ","char_type_name":"word","page_number":243,"line_number":9,"text":"ﮯﮰ","translation":{"text":"thing","language_name":"english","language_id":38},"transliteration":{"text":"shayin","language_name":"english","language_id":38}},{"id":58240,"position":19,"audio_url":"wbw/012_067_021.mp3","qpc_uthmani_hafs":"إِنِ","char_type_name":"word","page_number":243,"line_number":9,"text":"ﮱ","translation":{"text":"Not","language_name":"english","language_id":38},"transliteration":{"text":"ini","language_name":"english","language_id":38}},{"id":58241,"position":20,"audio_url":"wbw/012_067_022.mp3","qpc_uthmani_hafs":"ٱلۡحُكۡمُ","char_type_name":"word","page_number":243,"line_number":9,"text":"ﯓ","translation":{"text":"(is) the decision","language_name":"english","language_id":38},"transliteration":{"text":"l-ḥuk'mu","language_name":"english","language_id":38}},{"id":58242,"position":21,"audio_url":"wbw/012_067_023.mp3","qpc_uthmani_hafs":"إِلَّا","char_type_name":"word","page_number":243,"line_number":9,"text":"ﯔ","translation":{"text":"except","language_name":"english","language_id":38},"transliteration":{"text":"illā","language_name":"english","language_id":38}},{"id":58243,"position":22,"audio_url":"wbw/012_067_024.mp3","qpc_uthmani_hafs":"لِلَّهِۖ","char_type_name":"word","page_number":243,"line_number":10,"text":"ﯕﯖ","translation":{"text":"with Allah","language_name":"english","language_id":38},"transliteration":{"text":"lillahi","language_name":"english","language_id":38}},{"id":58245,"position":23,"audio_url":"wbw/012_067_026.mp3","qpc_uthmani_hafs":"عَلَيۡهِ","char_type_name":"word","page_number":243,"line_number":10,"text":"ﯗ","translation":{"text":"upon Him","language_name":"english","language_id":38},"transliteration":{"text":"ʿalayhi","language_name":"english","language_id":38}},{"id":58246,"position":24,"audio_url":"wbw/012_067_027.mp3","qpc_uthmani_hafs":"تَوَكَّلۡتُۖ","char_type_name":"word","page_number":243,"line_number":10,"text":"ﯘﯙ","translation":{"text":"I put my trust","language_name":"english","language_id":38},"transliteration":{"text":"tawakkaltu","language_name":"english","language_id":38}},{"id":58248,"position":25,"audio_url":"wbw/012_067_029.mp3","qpc_uthmani_hafs":"وَعَلَيۡهِ","char_type_name":"word","page_number":243,"line_number":10,"text":"ﯚ","translation":{"text":"and upon Him","language_name":"english","language_id":38},"transliteration":{"text":"waʿalayhi","language_name":"english","language_id":38}},{"id":58249,"position":26,"audio_url":"wbw/012_067_030.mp3","qpc_uthmani_hafs":"فَلۡيَتَوَكَّلِ","char_type_name":"word","page_number":243,"line_number":10,"text":"ﯛ","translation":{"text":"let put (their) trust","language_name":"english","language_id":38},"transliteration":{"text":"falyatawakkali","language_name":"english","language_id":38}},{"id":58250,"position":27,"audio_url":"wbw/012_067_031.mp3","qpc_uthmani_hafs":"ٱلۡمُتَوَكِّلُونَ","char_type_name":"word","page_number":243,"line_number":10,"text":"ﯜ","translation":{"text":"the ones who put trust","language_name":"english","language_id":38},"transliteration":{"text":"l-mutawakilūna","language_name":"english","language_id":38}},{"id":58251,"position":28,"audio_url":null,"qpc_uthmani_hafs":"٦٧","char_type_name":"end","page_number":243,"line_number":10,"text":"ﯝ","translation":{"text":"(67)","language_name":"english","language_id":38},"transliteration":{"text":null,"language_name":"english","language_id":38}}],"translations":[{"id":918092,"resource_id":134,"text":"Dan  Ya`qūb berkata, \"Hai anak-anakku janganlah kamu (bersama-sama) masuk dari satu pintu gerbang dan masuklah dari pintu-pintu gerbang yang berlain-lain; namun demikian aku tiada dapat melepaskan kamu barang sedikit pun dari pada (takdir) Allah.  Keputusan menetapkan (sesuatu) hanyalah hak Allah; kepada-Nya-lah aku bertawakal dan hendaklah kepada-Nya saja orang-orang yang bertawakal berserah diri\"."}]},{"id":1664,"verse_number":68,"verse_key":"12:68","juz_number":13,"hizb_number":25,"rub_el_hizb_number":97,"ruku_number":200,"manzil_number":3,"sajdah_number":null,"text_uthmani":"وَلَمَّا دَخَلُوا۟ مِنْ حَيْثُ أَمَرَهُمْ أَبُوهُم مَّا كَانَ يُغْنِى عَنْهُم مِّنَ ٱللَّهِ مِن شَىْءٍ إِلَّا حَاجَةً فِى نَفْسِ يَعْقُوبَ قَضَىٰهَا ۚ وَإِنَّهُۥ لَذُو عِلْمٍ لِّمَا عَلَّمْنَـٰهُ وَلَـٰكِنَّ أَكْثَرَ ٱلنَّاسِ لَا يَعْلَمُونَ","page_number":243,"words":[{"id":58610,"position":1,"audio_url":"wbw/012_068_001.mp3","qpc_uthmani_hafs":"وَلَمَّا","char_type_name":"word","page_number":243,"line_number":10,"text":"ﯞ","translation":{"text":"And when","language_name":"english","language_id":38},"transliteration":{"text":"walammā","language_name":"english","language_id":38}},{"id":58611,"position":2,"audio_url":"wbw/012_068_002.mp3","qpc_uthmani_hafs":"دَخَلُواْ","char_type_name":"word","page_number":243,"line_number":11,"text":"ﯟ","translation":{"text":"they entered","language_name":"english","language_id":38},"transliteration":{"text":"dakhalū","language_name":"english","language_id":38}},{"id":58612,"position":3,"audio_url":"wbw/012_068_003.mp3","qpc_uthmani_hafs":"مِنۡ","char_type_name":"word","page_number":243,"line_number":11,"text":"ﯠ","translation":{"text":"from","language_name":"english","language_id":38},"transliteration":{"text":"min","language_name":"english","language_id":38}},{"id":58613,"position":4,"audio_url":"wbw/012_068_004.mp3","qpc_uthmani_hafs":"حَيۡثُ","char_type_name":"word","page_number":243,"line_number":11,"text":"ﯡ","translation":{"text":"where","language_name":"english","language_id":38},"transliteration":{"text":"ḥaythu","language_name":"english","language_id":38}},{"id":58614,"position":5,"audio_url":"wbw/012_068_005.mp3","qpc_uthmani_hafs":"أَمَرَهُمۡ","char_type_name":"word","page_number":243,"line_number":11,"text":"ﯢ","translation":{"text":"ordered them","language_name":"english","language_id":38},"transliteration":{"text":"amarahum","language_name":"english","language_id":38}},{"id":58615,"position":6,"audio_url":"wbw/012_068_006.mp3","qpc_uthmani_hafs":"أَبُوهُم","char_type_name":"word","page_number":243,"line_number":11,"text":"ﯣ","translation":{"text":"their father","language_name":"english","language_id":38},"transliteration":{"text":"abūhum","language_name":"english","language_id":38}},{"id":58616,"position":7,"audio_url":"wbw/012_068_007.mp3","qpc_uthmani_hafs":"مَّا","char_type_name":"word","page_number":243,"line_number":11,"text":"ﯤ","translation":{"text":"not","language_name":"english","language_id":38},"transliteration":{"text":"mā","language_name":"english","language_id":38}},{"id":58617,"position":8,"audio_url":"wbw/012_068_008.mp3","qpc_uthmani_hafs":"كَانَ","char_type_name":"word","page_number":243,"line_number":11,"text":"ﯥ","translation":{"text":"it","language_name":"english","language_id":38},"transliteration":{"text":"kāna","language_name":"english","language_id":38}},{"id":58618,"position":9,"audio_url":"wbw/012_068_009.mp3","qpc_uthmani_hafs":"يُغۡنِي","char_type_name":"word","page_number":243,"line_number":11,"text":"ﯦ","translation":{"text":"avail(ed)","language_name":"english","language_id":38},"transliteration":{"text":"yugh'nī","language_name":"english","language_id":38}},{"id":58619,"position":10,"audio_url":"wbw/012_068_010.mp3","qpc_uthmani_hafs":"عَنۡهُم","char_type_name":"word","page_number":243,"line_number":11,"text":"ﯧ","translation":{"text":"them","language_name":"english","language_id":38},"transliteration":{"text":"ʿanhum","language_name":"english","language_id":38}},{"id":58620,"position":11,"audio_url":"wbw/012_068_011.mp3","qpc_uthmani_hafs":"مِّنَ","char_type_name":"word","page_number":243,"line_number":12,"text":"ﯨ","translation":{"text":"against","language_name":"english","language_id":38},"transliteration":{"text":"mina","language_name":"english","language_id":38}},{"id":58621,"position":12,"audio_url":"wbw/012_068_012.mp3","qpc_uthmani_hafs":"ٱللَّهِ","char_type_name":"word","page_number":243,"line_number":12,"text":"ﯩ","translation":{"text":"Allah","language_name":"english","language_id":38},"transliteration":{"text":"l-lahi","language_name":"english","language_id":38}},{"id":58622,"position":13,"audio_url":"wbw/012_068_013.mp3","qpc_uthmani_hafs":"مِن","char_type_name":"word","page_number":243,"line_number":12,"text":"ﯪ","translation":{"text":"any","language_name":"english","language_id":38},"transliteration":{"text":"min","language_name":"english","language_id":38}},{"id":58623,"position":14,"audio_url":"wbw/012_068_014.mp3","qpc_uthmani_hafs":"شَيۡءٍ","char_type_name":"word","page_number":243,"line_number":12,"text":"ﯫ","translation":{"text":"thing","language_name":"english","language_id":38},"transliteration":{"text":"shayin","language_name":"english","language_id":38}},{"id":58624,"position":15,"audio_url":"wbw/012_068_015.mp3","qpc_uthmani_hafs":"إِلَّا","char_type_name":"word","page_number":243,"line_number":12,"text":"ﯬ","translation":{"text":"but","language_name":"english","language_id":38},"transliteration":{"text":"illā","language_name":"english","language_id":38}},{"id":58625,"position":16,"audio_url":"wbw/012_068_016.mp3","qpc_uthmani_hafs":"حَاجَةٗ","char_type_name":"word","page_number":243,"line_number":12,"text":"ﯭ","translation":{"text":"(it was) a need","language_name":"english","language_id":38},"transliteration":{"text":"ḥājatan","language_name":"english","language_id":38}},{"id":58626,"position":17,"audio_url":"wbw/012_068_017.mp3","qpc_uthmani_hafs":"فِي","char_type_name":"word","page_number":243,"line_number":12,"text":"ﯮ","translation":{"text":"of","language_name":"english","language_id":38},"transliteration":{"text":"fī","language_name":"english","language_id":38}},{"id":58627,"position":18,"audio_url":"wbw/012_068_018.mp3","qpc_uthmani_hafs":"نَفۡسِ","char_type_name":"word","page_number":243,"line_number":12,"text":"ﯯ","translation":{"text":"Yaqub's soul","language_name":"english","language_id":38},"transliteration":{"text":"nafsi","language_name":"english","language_id":38}},{"id":58628,"position":19,"audio_url":"wbw/012_068_019.mp3","qpc_uthmani_hafs":"يَعۡقُوبَ","char_type_name":"word","page_number":243,"line_number":12,"text":"ﯰ","translation":{"text":"Yaqub's soul","language_name":"english","language_id":38},"transliteration":{"text":"yaʿqūba","language_name":"english","language_id":38}},{"id":58629,"position":20,"audio_url":"wbw/012_068_020.mp3","qpc_uthmani_hafs":"قَضَىٰهَاۚ","char_type_name":"word","page_number":243,"line_number":12,"text":"ﯱﯲ","translation":{"text":"which he carried out","language_name":"english","language_id":38},"transliteration":{"text":"qaḍāhā","language_name":"english","language_id":38}},{"id":58631,"position":21,"audio_url":"wbw/012_068_022.mp3","qpc_uthmani_hafs":"وَإِنَّهُۥ","char_type_name":"word","page_number":243,"line_number":12,"text":"ﯳ","translation":{"text":"And indeed, he","language_name":"english","language_id":38},"transliteration":{"text":"wa-innahu","language_name":"english","language_id":38}},{"id":58632,"position":22,"audio_url":"wbw/012_068_023.mp3","qpc_uthmani_hafs":"لَذُو","char_type_name":"word","page_number":243,"line_number":13,"text":"ﯴ","translation":{"text":"(was) a possessor","language_name":"english","language_id":38},"transliteration":{"text":"ladhū","language_name":"english","language_id":38}},{"id":58633,"position":23,"audio_url":"wbw/012_068_024.mp3","qpc_uthmani_hafs":"عِلۡمٖ","char_type_name":"word","page_number":243,"line_number":13,"text":"ﯵ","translation":{"text":"(of) knowledge","language_name":"english","language_id":38},"transliteration":{"text":"ʿil'min","language_name":"english","language_id":38}},{"id":58634,"position":24,"audio_url":"wbw/012_068_025.mp3","qpc_uthmani_hafs":"لِّمَا","char_type_name":"word","page_number":243,"line_number":13,"text":"ﯶ","translation":{"text":"because","language_name":"english","language_id":38},"transliteration":{"text":"limā","language_name":"english","language_id":38}},{"id":58635,"position":25,"audio_url":"wbw/012_068_026.mp3","qpc_uthmani_hafs":"عَلَّمۡنَٰهُ","char_type_name":"word","page_number":243,"line_number":13,"text":"ﯷ","translation":{"text":"We had taught him","language_name":"english","language_id":38},"transliteration":{"text":"ʿallamnāhu","language_name":"english","language_id":38}},{"id":58636,"position":26,"audio_url":"wbw/012_068_027.mp3","qpc_uthmani_hafs":"وَلَٰكِنَّ","char_type_name":"word","page_number":243,"line_number":13,"text":"ﯸ","translation":{"text":"but","language_name":"english","language_id":38},"transliteration":{"text":"walākinna","language_name":"english","language_id":38}},{"id":58637,"position":27,"audio_url":"wbw/012_068_028.mp3","qpc_uthmani_hafs":"أَكۡثَرَ","char_type_name":"word","page_number":243,"line_number":13,"text":"ﯹ","translation":{"text":"most","language_name":"english","language_id":38},"transliteration":{"text":"akthara","language_name":"english","language_id":38}},{"id":58638,"position":28,"audio_url":"wbw/012_068_029.mp3","qpc_uthmani_hafs":"ٱلنَّاسِ","char_type_name":"word","page_number":243,"line_number":13,"text":"ﯺ","translation":{"text":"(of) the people","language_name":"english","language_id":38},"transliteration":{"text":"l-nāsi","language_name":"english","language_id":38}},{"id":58639,"position":29,"audio_url":"wbw/012_068_030.mp3","qpc_uthmani_hafs":"لَا","char_type_name":"word","page_number":243,"line_number":13,"text":"ﯻ","translation":{"text":"(do) not","language_name":"english","language_id":38},"transliteration":{"text":"lā","language_name":"english","language_id":38}},{"id":58640,"position":30,"audio_url":"wbw/012_068_031.mp3","qpc_uthmani_hafs":"يَعۡلَمُونَ","char_type_name":"word","page_number":243,"line_number":13,"text":"ﯼ","translation":{"text":"know","language_name":"english","language_id":38},"transliteration":{"text":"yaʿlamūna","language_name":"english","language_id":38}},{"id":58641,"position":31,"audio_url":null,"qpc_uthmani_hafs":"٦٨","char_type_name":"end","page_number":243,"line_number":14,"text":"ﯽ","translation":{"text":"(68)","language_name":"english","language_id":38},"transliteration":{"text":null,"language_name":"english","language_id":38}}],"translations":[{"id":918093,"resource_id":134,"text":"Dan tatkala mereka masuk menurut yang diperintahkan ayah mereka, maka (cara yang mereka lakukan itu) tiadalah melepaskan mereka sedikit pun dari takdir Allah, akan tetapi itu hanya suatu keinginan pada diri  Ya`qūb yang telah ditetapkannya.  Dan sesungguhnya dia mempunyai pengetahuan karena Kami telah mengajarkan kepadanya.  Akan tetapi, kebanyakan manusia tiada mengetahui."}]},{"id":1665,"verse_number":69,"verse_key":"12:69","juz_number":13,"hizb_number":25,"rub_el_hizb_number":97,"ruku_number":201,"manzil_number":3,"sajdah_number":null,"text_uthmani":"وَلَمَّا دَخَلُوا۟ عَلَىٰ يُوسُفَ ءَاوَىٰٓ إِلَيْهِ أَخَاهُ ۖ قَالَ إِنِّىٓ أَنَا۠ أَخُوكَ فَلَا تَبْتَئِسْ بِمَا كَانُوا۟ يَعْمَلُونَ","page_number":243,"words":[{"id":59054,"position":1,"audio_url":"wbw/012_069_001.mp3","qpc_uthmani_hafs":"وَلَمَّا","char_type_name":"word","page_number":243,"line_number":14,"text":"ﯾ","translation":{"text":"And when","language_name":"english","language_id":38},"transliteration":{"text":"walammā","language_name":"english","language_id":38}},{"id":59055,"position":2,"audio_url":"wbw/012_069_002.mp3","qpc_uthmani_hafs":"دَخَلُواْ","char_type_name":"word","page_number":243,"line_number":14,"text":"ﯿ","translation":{"text":"they entered","language_name":"english","language_id":38},"transliteration":{"text":"dakhalū","language_name":"english","language_id":38}},{"id":59056,"position":3,"audio_url":"wbw/012_069_003.mp3","qpc_uthmani_hafs":"عَلَىٰ","char_type_name":"word","page_number":243,"line_number":14,"text":"ﰀ","translation":{"text":"upon","language_name":"english","language_id":38},"transliteration":{"text":"ʿalā","language_name":"english","language_id":38}},{"id":59057,"position":4,"audio_url":"wbw/012_069_004.mp3","qpc_uthmani_hafs":"يُوسُفَ","char_type_name":"word","page_number":243,"line_number":14,"text":"ﰁ","translation":{"text":"Yusuf","language_name":"english","language_id":38},"transliteration":{"text":"yūsufa","language_name":"english","language_id":38}},{"id":59058,"position":5,"audio_url":"wbw/012_069_005.mp3","qpc_uthmani_hafs":"ءَاوَىٰٓ","char_type_name":"word","page_number":243,"line_number":14,"text":"ﰂ","translation":{"text":"he took","language_name":"english","language_id":38},"transliteration":{"text":"āwā","language_name":"english","language_id":38}},{"id":59059,"position":6,"audio_url":"wbw/012_069_006.mp3","qpc_uthmani_hafs":"إِلَيۡهِ","char_type_name":"word","page_number":243,"line_number":14,"text":"ﰃ","translation":{"text":"to himself","language_name":"english","language_id":38},"transliteration":{"text":"ilayhi","language_name":"english","language_id":38}},{"id":59060,"position":7,"audio_url":"wbw/012_069_007.mp3","qpc_uthmani_hafs":"أَخَاهُۖ","char_type_name":"word","page_number":243,"line_number":14,"text":"ﰄﰅ","translation":{"text":"his brother","language_name":"english","language_id":38},"transliteration":{"text":"akhāhu","language_name":"english","language_id":38}},{"id":59062,"position":8,"audio_url":"wbw/012_069_009.mp3","qpc_uthmani_hafs":"قَالَ","char_type_name":"word","page_number":243,"line_number":14,"text":"ﰆ","translation":{"text":"He said","language_name":"english","language_id":38},"transliteration":{"text":"qāla","language_name":"english","language_id":38}},{"id":59063,"position":9,"audio_url":"wbw/012_069_010.mp3","qpc_uthmani_hafs":"إِنِّيٓ","char_type_name":"word","page_number":243,"line_number":15,"text":"ﰇ","translation":{"text":"Indeed, I","language_name":"english","language_id":38},"transliteration":{"text":"innī","language_name":"english","language_id":38}},{"id":59064,"position":10,"audio_url":"wbw/012_069_011.mp3","qpc_uthmani_hafs":"أَنَا۠","char_type_name":"word","page_number":243,"line_number":15,"text":"ﰈ","translation":{"text":"[I] am","language_name":"english","language_id":38},"transliteration":{"text":"anā","language_name":"english","language_id":38}},{"id":59065,"position":11,"audio_url":"wbw/012_069_012.mp3","qpc_uthmani_hafs":"أَخُوكَ","char_type_name":"word","page_number":243,"line_number":15,"text":"ﰉ","translation":{"text":"your brother","language_name":"english","language_id":38},"transliteration":{"text":"akhūka","language_name":"english","language_id":38}},{"id":59066,"position":12,"audio_url":"wbw/012_069_013.mp3","qpc_uthmani_hafs":"فَلَا","char_type_name":"word","page_number":243,"line_number":15,"text":"ﰊ","translation":{"text":"so (do) not","language_name":"english","language_id":38},"transliteration":{"text":"falā","language_name":"english","language_id":38}},{"id":59067,"position":13,"audio_url":"wbw/012_069_014.mp3","qpc_uthmani_hafs":"تَبۡتَئِسۡ","char_type_name":"word","page_number":243,"line_number":15,"text":"ﰋ","translation":{"text":"grieve","language_name":"english","language_id":38},"transliteration":{"text":"tabta-is","language_name":"english","language_id":38}},{"id":59068,"position":14,"audio_url":"wbw/012_069_015.mp3","qpc_uthmani_hafs":"بِمَا","char_type_name":"word","page_number":243,"line_number":15,"text":"ﰌ","translation":{"text":"for what","language_name":"english","language_id":38},"transliteration":{"text":"bimā","language_name":"english","language_id":38}},{"id":59069,"position":15,"audio_url":"wbw/012_069_016.mp3","qpc_uthmani_hafs":"كَانُواْ","char_type_name":"word","page_number":243,"line_number":15,"text":"ﰍ","translation":{"text":"they used (to)","language_name":"english","language_id":38},"transliteration":{"text":"kānū","language_name":"english","language_id":38}},{"id":59070,"position":16,"audio_url":"wbw/012_069_017.mp3","qpc_uthmani_hafs":"يَعۡمَلُونَ","char_type_name":"word","page_number":243,"line_number":15,"text":"ﰎ","translation":{"text":"do","language_name":"english","language_id":38},"transliteration":{"text":"yaʿmalūna","language_name":"english","language_id":38}},{"id":59071,"position":17,"audio_url":null,"qpc_uthmani_hafs":"٦٩","char_type_name":"end","page_number":243,"line_number":15,"text":"ﰏ","translation":{"text":"(69)","language_name":"english","language_id":38},"transliteration":{"text":null,"language_name":"english","language_id":38}}],"translations":[{"id":918094,"resource_id":134,"text":"Dan tatkala mereka masuk ke (tempat)  Yūsuf.  Yūsuf membawa saudaranya (Bunyamin) ke tempatnya,  Yūsuf berkata, \"Sesungguhnya aku (ini) adalah saudaramu, maka janganlah kamu berduka cita terhadap apa yang telah mereka kerjakan\"."}]}],"pagination":{"per_page":50,"current_page":1,"next_page":null,"total_pages":1,"total_records":6}}