{"verses":[{"id":1708,"verse_number":1,"verse_key":"13:1","juz_number":13,"hizb_number":25,"rub_el_hizb_number":99,"ruku_number":205,"manzil_number":3,"sajdah_number":null,"text_uthmani":" الٓمٓر ۚ تِلْكَ ءَايَـٰتُ ٱلْكِتَـٰبِ ۗ وَٱلَّذِىٓ أُنزِلَ إِلَيْكَ مِن رَّبِّكَ ٱلْحَقُّ وَلَـٰكِنَّ أَكْثَرَ ٱلنَّاسِ لَا يُؤْمِنُونَ","page_number":249,"words":[{"id":769,"position":1,"audio_url":"wbw/013_001_001.mp3","qpc_uthmani_hafs":"الٓمٓرۚ","char_type_name":"word","page_number":249,"line_number":3,"text":"ﭑﭒ","translation":{"text":"Alif Laam Mim Ra","language_name":"english","language_id":38},"transliteration":{"text":"alif-lam-meem-ra","language_name":"english","language_id":38}},{"id":771,"position":2,"audio_url":"wbw/013_001_003.mp3","qpc_uthmani_hafs":"تِلۡكَ","char_type_name":"word","page_number":249,"line_number":3,"text":"ﭓ","translation":{"text":"These","language_name":"english","language_id":38},"transliteration":{"text":"til'ka","language_name":"english","language_id":38}},{"id":772,"position":3,"audio_url":"wbw/013_001_004.mp3","qpc_uthmani_hafs":"ءَايَٰتُ","char_type_name":"word","page_number":249,"line_number":3,"text":"ﭔ","translation":{"text":"(are) the Verses","language_name":"english","language_id":38},"transliteration":{"text":"āyātu","language_name":"english","language_id":38}},{"id":773,"position":4,"audio_url":"wbw/013_001_005.mp3","qpc_uthmani_hafs":"ٱلۡكِتَٰبِۗ","char_type_name":"word","page_number":249,"line_number":3,"text":"ﭕﭖ","translation":{"text":"(of) the Book","language_name":"english","language_id":38},"transliteration":{"text":"l-kitābi","language_name":"english","language_id":38}},{"id":775,"position":5,"audio_url":"wbw/013_001_007.mp3","qpc_uthmani_hafs":"وَٱلَّذِيٓ","char_type_name":"word","page_number":249,"line_number":3,"text":"ﭗ","translation":{"text":"And that which","language_name":"english","language_id":38},"transliteration":{"text":"wa-alladhī","language_name":"english","language_id":38}},{"id":776,"position":6,"audio_url":"wbw/013_001_008.mp3","qpc_uthmani_hafs":"أُنزِلَ","char_type_name":"word","page_number":249,"line_number":3,"text":"ﭘ","translation":{"text":"has been revealed","language_name":"english","language_id":38},"transliteration":{"text":"unzila","language_name":"english","language_id":38}},{"id":777,"position":7,"audio_url":"wbw/013_001_009.mp3","qpc_uthmani_hafs":"إِلَيۡكَ","char_type_name":"word","page_number":249,"line_number":3,"text":"ﭙ","translation":{"text":"to you","language_name":"english","language_id":38},"transliteration":{"text":"ilayka","language_name":"english","language_id":38}},{"id":778,"position":8,"audio_url":"wbw/013_001_010.mp3","qpc_uthmani_hafs":"مِن","char_type_name":"word","page_number":249,"line_number":3,"text":"ﭚ","translation":{"text":"from","language_name":"english","language_id":38},"transliteration":{"text":"min","language_name":"english","language_id":38}},{"id":779,"position":9,"audio_url":"wbw/013_001_011.mp3","qpc_uthmani_hafs":"رَّبِّكَ","char_type_name":"word","page_number":249,"line_number":3,"text":"ﭛ","translation":{"text":"your Lord","language_name":"english","language_id":38},"transliteration":{"text":"rabbika","language_name":"english","language_id":38}},{"id":780,"position":10,"audio_url":"wbw/013_001_012.mp3","qpc_uthmani_hafs":"ٱلۡحَقُّ","char_type_name":"word","page_number":249,"line_number":3,"text":"ﭜ","translation":{"text":"(is) the truth","language_name":"english","language_id":38},"transliteration":{"text":"l-ḥaqu","language_name":"english","language_id":38}},{"id":781,"position":11,"audio_url":"wbw/013_001_013.mp3","qpc_uthmani_hafs":"وَلَٰكِنَّ","char_type_name":"word","page_number":249,"line_number":4,"text":"ﭝ","translation":{"text":"but","language_name":"english","language_id":38},"transliteration":{"text":"walākinna","language_name":"english","language_id":38}},{"id":782,"position":12,"audio_url":"wbw/013_001_014.mp3","qpc_uthmani_hafs":"أَكۡثَرَ","char_type_name":"word","page_number":249,"line_number":4,"text":"ﭞ","translation":{"text":"most","language_name":"english","language_id":38},"transliteration":{"text":"akthara","language_name":"english","language_id":38}},{"id":783,"position":13,"audio_url":"wbw/013_001_015.mp3","qpc_uthmani_hafs":"ٱلنَّاسِ","char_type_name":"word","page_number":249,"line_number":4,"text":"ﭟ","translation":{"text":"(of) the mankind","language_name":"english","language_id":38},"transliteration":{"text":"l-nāsi","language_name":"english","language_id":38}},{"id":784,"position":14,"audio_url":"wbw/013_001_016.mp3","qpc_uthmani_hafs":"لَا","char_type_name":"word","page_number":249,"line_number":4,"text":"ﭠ","translation":{"text":"(do) not","language_name":"english","language_id":38},"transliteration":{"text":"lā","language_name":"english","language_id":38}},{"id":785,"position":15,"audio_url":"wbw/013_001_017.mp3","qpc_uthmani_hafs":"يُؤۡمِنُونَ","char_type_name":"word","page_number":249,"line_number":4,"text":"ﭡ","translation":{"text":"believe","language_name":"english","language_id":38},"transliteration":{"text":"yu'minūna","language_name":"english","language_id":38}},{"id":786,"position":16,"audio_url":null,"qpc_uthmani_hafs":"١","char_type_name":"end","page_number":249,"line_number":4,"text":"ﭢ","translation":{"text":"(1)","language_name":"english","language_id":38},"transliteration":{"text":null,"language_name":"english","language_id":38}}],"translations":[{"id":918137,"resource_id":134,"text":"Alif Lām Mīm Rā <sup foot_note=210533>1</sup>.  Ini adalah ayat-ayat Alkitab (Al-Qur`ān).  Dan Kitab yang diturunkan kepadamu daripada Tuhan-mu itu adalah benar, akan tetapi kebanyakan manusia tidak beriman (kepadanya)."}]},{"id":1709,"verse_number":2,"verse_key":"13:2","juz_number":13,"hizb_number":25,"rub_el_hizb_number":99,"ruku_number":205,"manzil_number":3,"sajdah_number":null,"text_uthmani":"ٱللَّهُ ٱلَّذِى رَفَعَ ٱلسَّمَـٰوَٰتِ بِغَيْرِ عَمَدٍ تَرَوْنَهَا ۖ ثُمَّ ٱسْتَوَىٰ عَلَى ٱلْعَرْشِ ۖ وَسَخَّرَ ٱلشَّمْسَ وَٱلْقَمَرَ ۖ كُلٌّ يَجْرِى لِأَجَلٍ مُّسَمًّى ۚ يُدَبِّرُ ٱلْأَمْرَ يُفَصِّلُ ٱلْـَٔايَـٰتِ لَعَلَّكُم بِلِقَآءِ رَبِّكُمْ تُوقِنُونَ","page_number":249,"words":[{"id":1846,"position":1,"audio_url":"wbw/013_002_001.mp3","qpc_uthmani_hafs":"ٱللَّهُ","char_type_name":"word","page_number":249,"line_number":4,"text":"ﭣ","translation":{"text":"Allah","language_name":"english","language_id":38},"transliteration":{"text":"al-lahu","language_name":"english","language_id":38}},{"id":1847,"position":2,"audio_url":"wbw/013_002_002.mp3","qpc_uthmani_hafs":"ٱلَّذِي","char_type_name":"word","page_number":249,"line_number":4,"text":"ﭤ","translation":{"text":"(is) the One Who","language_name":"english","language_id":38},"transliteration":{"text":"alladhī","language_name":"english","language_id":38}},{"id":1848,"position":3,"audio_url":"wbw/013_002_003.mp3","qpc_uthmani_hafs":"رَفَعَ","char_type_name":"word","page_number":249,"line_number":4,"text":"ﭥ","translation":{"text":"raised","language_name":"english","language_id":38},"transliteration":{"text":"rafaʿa","language_name":"english","language_id":38}},{"id":1849,"position":4,"audio_url":"wbw/013_002_004.mp3","qpc_uthmani_hafs":"ٱلسَّمَٰوَٰتِ","char_type_name":"word","page_number":249,"line_number":4,"text":"ﭦ","translation":{"text":"the heavens","language_name":"english","language_id":38},"transliteration":{"text":"l-samāwāti","language_name":"english","language_id":38}},{"id":1850,"position":5,"audio_url":"wbw/013_002_005.mp3","qpc_uthmani_hafs":"بِغَيۡرِ","char_type_name":"word","page_number":249,"line_number":4,"text":"ﭧ","translation":{"text":"without","language_name":"english","language_id":38},"transliteration":{"text":"bighayri","language_name":"english","language_id":38}},{"id":1851,"position":6,"audio_url":"wbw/013_002_006.mp3","qpc_uthmani_hafs":"عَمَدٖ","char_type_name":"word","page_number":249,"line_number":5,"text":"ﭨ","translation":{"text":"pillars","language_name":"english","language_id":38},"transliteration":{"text":"ʿamadin","language_name":"english","language_id":38}},{"id":1852,"position":7,"audio_url":"wbw/013_002_007.mp3","qpc_uthmani_hafs":"تَرَوۡنَهَاۖ","char_type_name":"word","page_number":249,"line_number":5,"text":"ﭩﭪ","translation":{"text":"that you see","language_name":"english","language_id":38},"transliteration":{"text":"tarawnahā","language_name":"english","language_id":38}},{"id":1854,"position":8,"audio_url":"wbw/013_002_009.mp3","qpc_uthmani_hafs":"ثُمَّ","char_type_name":"word","page_number":249,"line_number":5,"text":"ﭫ","translation":{"text":"then","language_name":"english","language_id":38},"transliteration":{"text":"thumma","language_name":"english","language_id":38}},{"id":1855,"position":9,"audio_url":"wbw/013_002_010.mp3","qpc_uthmani_hafs":"ٱسۡتَوَىٰ","char_type_name":"word","page_number":249,"line_number":5,"text":"ﭬ","translation":{"text":"He established","language_name":"english","language_id":38},"transliteration":{"text":"is'tawā","language_name":"english","language_id":38}},{"id":1856,"position":10,"audio_url":"wbw/013_002_011.mp3","qpc_uthmani_hafs":"عَلَى","char_type_name":"word","page_number":249,"line_number":5,"text":"ﭭ","translation":{"text":"on","language_name":"english","language_id":38},"transliteration":{"text":"ʿalā","language_name":"english","language_id":38}},{"id":1857,"position":11,"audio_url":"wbw/013_002_012.mp3","qpc_uthmani_hafs":"ٱلۡعَرۡشِۖ","char_type_name":"word","page_number":249,"line_number":5,"text":"ﭮﭯ","translation":{"text":"the Throne","language_name":"english","language_id":38},"transliteration":{"text":"l-ʿarshi","language_name":"english","language_id":38}},{"id":1859,"position":12,"audio_url":"wbw/013_002_014.mp3","qpc_uthmani_hafs":"وَسَخَّرَ","char_type_name":"word","page_number":249,"line_number":5,"text":"ﭰ","translation":{"text":"and subjected","language_name":"english","language_id":38},"transliteration":{"text":"wasakhara","language_name":"english","language_id":38}},{"id":1860,"position":13,"audio_url":"wbw/013_002_015.mp3","qpc_uthmani_hafs":"ٱلشَّمۡسَ","char_type_name":"word","page_number":249,"line_number":5,"text":"ﭱ","translation":{"text":"the sun","language_name":"english","language_id":38},"transliteration":{"text":"l-shamsa","language_name":"english","language_id":38}},{"id":1861,"position":14,"audio_url":"wbw/013_002_016.mp3","qpc_uthmani_hafs":"وَٱلۡقَمَرَۖ","char_type_name":"word","page_number":249,"line_number":5,"text":"ﭲﭳ","translation":{"text":"and the moon","language_name":"english","language_id":38},"transliteration":{"text":"wal-qamara","language_name":"english","language_id":38}},{"id":1863,"position":15,"audio_url":"wbw/013_002_018.mp3","qpc_uthmani_hafs":"كُلّٞ","char_type_name":"word","page_number":249,"line_number":5,"text":"ﭴ","translation":{"text":"each","language_name":"english","language_id":38},"transliteration":{"text":"kullun","language_name":"english","language_id":38}},{"id":1864,"position":16,"audio_url":"wbw/013_002_019.mp3","qpc_uthmani_hafs":"يَجۡرِي","char_type_name":"word","page_number":249,"line_number":6,"text":"ﭵ","translation":{"text":"running","language_name":"english","language_id":38},"transliteration":{"text":"yajrī","language_name":"english","language_id":38}},{"id":1865,"position":17,"audio_url":"wbw/013_002_020.mp3","qpc_uthmani_hafs":"لِأَجَلٖ","char_type_name":"word","page_number":249,"line_number":6,"text":"ﭶ","translation":{"text":"for a term","language_name":"english","language_id":38},"transliteration":{"text":"li-ajalin","language_name":"english","language_id":38}},{"id":1866,"position":18,"audio_url":"wbw/013_002_021.mp3","qpc_uthmani_hafs":"مُّسَمّٗىۚ","char_type_name":"word","page_number":249,"line_number":6,"text":"ﭷﭸ","translation":{"text":"appointed","language_name":"english","language_id":38},"transliteration":{"text":"musamman","language_name":"english","language_id":38}},{"id":1868,"position":19,"audio_url":"wbw/013_002_023.mp3","qpc_uthmani_hafs":"يُدَبِّرُ","char_type_name":"word","page_number":249,"line_number":6,"text":"ﭹ","translation":{"text":"He arranges","language_name":"english","language_id":38},"transliteration":{"text":"yudabbiru","language_name":"english","language_id":38}},{"id":1869,"position":20,"audio_url":"wbw/013_002_024.mp3","qpc_uthmani_hafs":"ٱلۡأَمۡرَ","char_type_name":"word","page_number":249,"line_number":6,"text":"ﭺ","translation":{"text":"the matter","language_name":"english","language_id":38},"transliteration":{"text":"l-amra","language_name":"english","language_id":38}},{"id":1870,"position":21,"audio_url":"wbw/013_002_025.mp3","qpc_uthmani_hafs":"يُفَصِّلُ","char_type_name":"word","page_number":249,"line_number":6,"text":"ﭻ","translation":{"text":"He details","language_name":"english","language_id":38},"transliteration":{"text":"yufaṣṣilu","language_name":"english","language_id":38}},{"id":1871,"position":22,"audio_url":"wbw/013_002_026.mp3","qpc_uthmani_hafs":"ٱلۡأٓيَٰتِ","char_type_name":"word","page_number":249,"line_number":6,"text":"ﭼ","translation":{"text":"the Signs","language_name":"english","language_id":38},"transliteration":{"text":"l-āyāti","language_name":"english","language_id":38}},{"id":1872,"position":23,"audio_url":"wbw/013_002_027.mp3","qpc_uthmani_hafs":"لَعَلَّكُم","char_type_name":"word","page_number":249,"line_number":6,"text":"ﭽ","translation":{"text":"so that you may","language_name":"english","language_id":38},"transliteration":{"text":"laʿallakum","language_name":"english","language_id":38}},{"id":1873,"position":24,"audio_url":"wbw/013_002_028.mp3","qpc_uthmani_hafs":"بِلِقَآءِ","char_type_name":"word","page_number":249,"line_number":6,"text":"ﭾ","translation":{"text":"in the meeting","language_name":"english","language_id":38},"transliteration":{"text":"biliqāi","language_name":"english","language_id":38}},{"id":1874,"position":25,"audio_url":"wbw/013_002_029.mp3","qpc_uthmani_hafs":"رَبِّكُمۡ","char_type_name":"word","page_number":249,"line_number":7,"text":"ﭿ","translation":{"text":"(with) your Lord","language_name":"english","language_id":38},"transliteration":{"text":"rabbikum","language_name":"english","language_id":38}},{"id":1875,"position":26,"audio_url":"wbw/013_002_030.mp3","qpc_uthmani_hafs":"تُوقِنُونَ","char_type_name":"word","page_number":249,"line_number":7,"text":"ﮀ","translation":{"text":"believe with certainty","language_name":"english","language_id":38},"transliteration":{"text":"tūqinūna","language_name":"english","language_id":38}},{"id":1876,"position":27,"audio_url":null,"qpc_uthmani_hafs":"٢","char_type_name":"end","page_number":249,"line_number":7,"text":"ﮁ","translation":{"text":"(2)","language_name":"english","language_id":38},"transliteration":{"text":null,"language_name":"english","language_id":38}}],"translations":[{"id":918138,"resource_id":134,"text":"Allah-lah Yang meninggikan langit tanpa tiang (sebagaimana) yang kamu lihat, kemudian Dia bersemayam di atas arasy dan menundukkan matahari dan bulan.  Masing-masing beredar hingga waktu yang ditentukan.  Allah mengatur urusan (makhluk-Nya), menjelaskan tanda-tanda (kebesaran-Nya) supaya kamu meyakini pertemuan(mu) dengan Tuhan-mu."}]},{"id":1710,"verse_number":3,"verse_key":"13:3","juz_number":13,"hizb_number":25,"rub_el_hizb_number":99,"ruku_number":205,"manzil_number":3,"sajdah_number":null,"text_uthmani":"وَهُوَ ٱلَّذِى مَدَّ ٱلْأَرْضَ وَجَعَلَ فِيهَا رَوَٰسِىَ وَأَنْهَـٰرًا ۖ وَمِن كُلِّ ٱلثَّمَرَٰتِ جَعَلَ فِيهَا زَوْجَيْنِ ٱثْنَيْنِ ۖ يُغْشِى ٱلَّيْلَ ٱلنَّهَارَ ۚ إِنَّ فِى ذَٰلِكَ لَـَٔايَـٰتٍ لِّقَوْمٍ يَتَفَكَّرُونَ","page_number":249,"words":[{"id":3019,"position":1,"audio_url":"wbw/013_003_001.mp3","qpc_uthmani_hafs":"وَهُوَ","char_type_name":"word","page_number":249,"line_number":7,"text":"ﮂ","translation":{"text":"And He","language_name":"english","language_id":38},"transliteration":{"text":"wahuwa","language_name":"english","language_id":38}},{"id":3020,"position":2,"audio_url":"wbw/013_003_002.mp3","qpc_uthmani_hafs":"ٱلَّذِي","char_type_name":"word","page_number":249,"line_number":7,"text":"ﮃ","translation":{"text":"(is) the One Who","language_name":"english","language_id":38},"transliteration":{"text":"alladhī","language_name":"english","language_id":38}},{"id":3021,"position":3,"audio_url":"wbw/013_003_003.mp3","qpc_uthmani_hafs":"مَدَّ","char_type_name":"word","page_number":249,"line_number":7,"text":"ﮄ","translation":{"text":"spread","language_name":"english","language_id":38},"transliteration":{"text":"madda","language_name":"english","language_id":38}},{"id":3022,"position":4,"audio_url":"wbw/013_003_004.mp3","qpc_uthmani_hafs":"ٱلۡأَرۡضَ","char_type_name":"word","page_number":249,"line_number":7,"text":"ﮅ","translation":{"text":"the earth","language_name":"english","language_id":38},"transliteration":{"text":"l-arḍa","language_name":"english","language_id":38}},{"id":3023,"position":5,"audio_url":"wbw/013_003_005.mp3","qpc_uthmani_hafs":"وَجَعَلَ","char_type_name":"word","page_number":249,"line_number":7,"text":"ﮆ","translation":{"text":"and placed","language_name":"english","language_id":38},"transliteration":{"text":"wajaʿala","language_name":"english","language_id":38}},{"id":3024,"position":6,"audio_url":"wbw/013_003_006.mp3","qpc_uthmani_hafs":"فِيهَا","char_type_name":"word","page_number":249,"line_number":7,"text":"ﮇ","translation":{"text":"in it","language_name":"english","language_id":38},"transliteration":{"text":"fīhā","language_name":"english","language_id":38}},{"id":3025,"position":7,"audio_url":"wbw/013_003_007.mp3","qpc_uthmani_hafs":"رَوَٰسِيَ","char_type_name":"word","page_number":249,"line_number":7,"text":"ﮈ","translation":{"text":"firm mountains","language_name":"english","language_id":38},"transliteration":{"text":"rawāsiya","language_name":"english","language_id":38}},{"id":3026,"position":8,"audio_url":"wbw/013_003_008.mp3","qpc_uthmani_hafs":"وَأَنۡهَٰرٗاۖ","char_type_name":"word","page_number":249,"line_number":8,"text":"ﮉﮊ","translation":{"text":"and rivers","language_name":"english","language_id":38},"transliteration":{"text":"wa-anhāran","language_name":"english","language_id":38}},{"id":3028,"position":9,"audio_url":"wbw/013_003_010.mp3","qpc_uthmani_hafs":"وَمِن","char_type_name":"word","page_number":249,"line_number":8,"text":"ﮋ","translation":{"text":"and from","language_name":"english","language_id":38},"transliteration":{"text":"wamin","language_name":"english","language_id":38}},{"id":3029,"position":10,"audio_url":"wbw/013_003_011.mp3","qpc_uthmani_hafs":"كُلِّ","char_type_name":"word","page_number":249,"line_number":8,"text":"ﮌ","translation":{"text":"all","language_name":"english","language_id":38},"transliteration":{"text":"kulli","language_name":"english","language_id":38}},{"id":3030,"position":11,"audio_url":"wbw/013_003_012.mp3","qpc_uthmani_hafs":"ٱلثَّمَرَٰتِ","char_type_name":"word","page_number":249,"line_number":8,"text":"ﮍ","translation":{"text":"(of) the fruits","language_name":"english","language_id":38},"transliteration":{"text":"l-thamarāti","language_name":"english","language_id":38}},{"id":3031,"position":12,"audio_url":"wbw/013_003_013.mp3","qpc_uthmani_hafs":"جَعَلَ","char_type_name":"word","page_number":249,"line_number":8,"text":"ﮎ","translation":{"text":"He made","language_name":"english","language_id":38},"transliteration":{"text":"jaʿala","language_name":"english","language_id":38}},{"id":3032,"position":13,"audio_url":"wbw/013_003_014.mp3","qpc_uthmani_hafs":"فِيهَا","char_type_name":"word","page_number":249,"line_number":8,"text":"ﮏ","translation":{"text":"in it","language_name":"english","language_id":38},"transliteration":{"text":"fīhā","language_name":"english","language_id":38}},{"id":3033,"position":14,"audio_url":"wbw/013_003_015.mp3","qpc_uthmani_hafs":"زَوۡجَيۡنِ","char_type_name":"word","page_number":249,"line_number":8,"text":"ﮐ","translation":{"text":"pairs","language_name":"english","language_id":38},"transliteration":{"text":"zawjayni","language_name":"english","language_id":38}},{"id":3034,"position":15,"audio_url":"wbw/013_003_016.mp3","qpc_uthmani_hafs":"ٱثۡنَيۡنِۖ","char_type_name":"word","page_number":249,"line_number":8,"text":"ﮑﮒ","translation":{"text":"two","language_name":"english","language_id":38},"transliteration":{"text":"ith'nayni","language_name":"english","language_id":38}},{"id":3036,"position":16,"audio_url":"wbw/013_003_018.mp3","qpc_uthmani_hafs":"يُغۡشِي","char_type_name":"word","page_number":249,"line_number":8,"text":"ﮓ","translation":{"text":"He covers","language_name":"english","language_id":38},"transliteration":{"text":"yugh'shī","language_name":"english","language_id":38}},{"id":3037,"position":17,"audio_url":"wbw/013_003_019.mp3","qpc_uthmani_hafs":"ٱلَّيۡلَ","char_type_name":"word","page_number":249,"line_number":8,"text":"ﮔ","translation":{"text":"the night","language_name":"english","language_id":38},"transliteration":{"text":"al-layla","language_name":"english","language_id":38}},{"id":3038,"position":18,"audio_url":"wbw/013_003_020.mp3","qpc_uthmani_hafs":"ٱلنَّهَارَۚ","char_type_name":"word","page_number":249,"line_number":9,"text":"ﮕﮖ","translation":{"text":"(with) the day","language_name":"english","language_id":38},"transliteration":{"text":"l-nahāra","language_name":"english","language_id":38}},{"id":3040,"position":19,"audio_url":"wbw/013_003_022.mp3","qpc_uthmani_hafs":"إِنَّ","char_type_name":"word","page_number":249,"line_number":9,"text":"ﮗ","translation":{"text":"Indeed","language_name":"english","language_id":38},"transliteration":{"text":"inna","language_name":"english","language_id":38}},{"id":3041,"position":20,"audio_url":"wbw/013_003_023.mp3","qpc_uthmani_hafs":"فِي","char_type_name":"word","page_number":249,"line_number":9,"text":"ﮘ","translation":{"text":"in","language_name":"english","language_id":38},"transliteration":{"text":"fī","language_name":"english","language_id":38}},{"id":3042,"position":21,"audio_url":"wbw/013_003_024.mp3","qpc_uthmani_hafs":"ذَٰلِكَ","char_type_name":"word","page_number":249,"line_number":9,"text":"ﮙ","translation":{"text":"that","language_name":"english","language_id":38},"transliteration":{"text":"dhālika","language_name":"english","language_id":38}},{"id":3043,"position":22,"audio_url":"wbw/013_003_025.mp3","qpc_uthmani_hafs":"لَأٓيَٰتٖ","char_type_name":"word","page_number":249,"line_number":9,"text":"ﮚ","translation":{"text":"surely (are) Signs","language_name":"english","language_id":38},"transliteration":{"text":"laāyātin","language_name":"english","language_id":38}},{"id":3044,"position":23,"audio_url":"wbw/013_003_026.mp3","qpc_uthmani_hafs":"لِّقَوۡمٖ","char_type_name":"word","page_number":249,"line_number":9,"text":"ﮛ","translation":{"text":"for a people","language_name":"english","language_id":38},"transliteration":{"text":"liqawmin","language_name":"english","language_id":38}},{"id":3045,"position":24,"audio_url":"wbw/013_003_027.mp3","qpc_uthmani_hafs":"يَتَفَكَّرُونَ","char_type_name":"word","page_number":249,"line_number":9,"text":"ﮜ","translation":{"text":"who ponder","language_name":"english","language_id":38},"transliteration":{"text":"yatafakkarūna","language_name":"english","language_id":38}},{"id":3046,"position":25,"audio_url":null,"qpc_uthmani_hafs":"٣","char_type_name":"end","page_number":249,"line_number":9,"text":"ﮝ","translation":{"text":"(3)","language_name":"english","language_id":38},"transliteration":{"text":null,"language_name":"english","language_id":38}}],"translations":[{"id":918139,"resource_id":134,"text":"Dan Dia-lah Tuhan yang membentangkan bumi dan menjadikan gunung-gunung dan sungai-sungai padanya.  Dan menjadikan padanya semua buah-buahan berpasang-pasangan <sup foot_note=210534>1</sup>, Allah menutupkan malam kepada siang.  Sesungguhnya pada yang demikian itu terdapat tanda-tanda (kebesaran Allah) bagi kaum yang memikirkan."}]},{"id":1711,"verse_number":4,"verse_key":"13:4","juz_number":13,"hizb_number":25,"rub_el_hizb_number":99,"ruku_number":205,"manzil_number":3,"sajdah_number":null,"text_uthmani":"وَفِى ٱلْأَرْضِ قِطَعٌ مُّتَجَـٰوِرَٰتٌ وَجَنَّـٰتٌ مِّنْ أَعْنَـٰبٍ وَزَرْعٌ وَنَخِيلٌ صِنْوَانٌ وَغَيْرُ صِنْوَانٍ يُسْقَىٰ بِمَآءٍ وَٰحِدٍ وَنُفَضِّلُ بَعْضَهَا عَلَىٰ بَعْضٍ فِى ٱلْأُكُلِ ۚ إِنَّ فِى ذَٰلِكَ لَـَٔايَـٰتٍ لِّقَوْمٍ يَعْقِلُونَ","page_number":249,"words":[{"id":4360,"position":1,"audio_url":"wbw/013_004_001.mp3","qpc_uthmani_hafs":"وَفِي","char_type_name":"word","page_number":249,"line_number":9,"text":"ﮞ","translation":{"text":"And in","language_name":"english","language_id":38},"transliteration":{"text":"wafī","language_name":"english","language_id":38}},{"id":4361,"position":2,"audio_url":"wbw/013_004_002.mp3","qpc_uthmani_hafs":"ٱلۡأَرۡضِ","char_type_name":"word","page_number":249,"line_number":9,"text":"ﮟ","translation":{"text":"the earth","language_name":"english","language_id":38},"transliteration":{"text":"l-arḍi","language_name":"english","language_id":38}},{"id":4362,"position":3,"audio_url":"wbw/013_004_003.mp3","qpc_uthmani_hafs":"قِطَعٞ","char_type_name":"word","page_number":249,"line_number":10,"text":"ﮠ","translation":{"text":"are tracks","language_name":"english","language_id":38},"transliteration":{"text":"qiṭaʿun","language_name":"english","language_id":38}},{"id":4363,"position":4,"audio_url":"wbw/013_004_004.mp3","qpc_uthmani_hafs":"مُّتَجَٰوِرَٰتٞ","char_type_name":"word","page_number":249,"line_number":10,"text":"ﮡ","translation":{"text":"neighboring","language_name":"english","language_id":38},"transliteration":{"text":"mutajāwirātun","language_name":"english","language_id":38}},{"id":4364,"position":5,"audio_url":"wbw/013_004_005.mp3","qpc_uthmani_hafs":"وَجَنَّٰتٞ","char_type_name":"word","page_number":249,"line_number":10,"text":"ﮢ","translation":{"text":"and gardens","language_name":"english","language_id":38},"transliteration":{"text":"wajannātun","language_name":"english","language_id":38}},{"id":4365,"position":6,"audio_url":"wbw/013_004_006.mp3","qpc_uthmani_hafs":"مِّنۡ","char_type_name":"word","page_number":249,"line_number":10,"text":"ﮣ","translation":{"text":"of","language_name":"english","language_id":38},"transliteration":{"text":"min","language_name":"english","language_id":38}},{"id":4366,"position":7,"audio_url":"wbw/013_004_007.mp3","qpc_uthmani_hafs":"أَعۡنَٰبٖ","char_type_name":"word","page_number":249,"line_number":10,"text":"ﮤ","translation":{"text":"grapevines","language_name":"english","language_id":38},"transliteration":{"text":"aʿnābin","language_name":"english","language_id":38}},{"id":4367,"position":8,"audio_url":"wbw/013_004_008.mp3","qpc_uthmani_hafs":"وَزَرۡعٞ","char_type_name":"word","page_number":249,"line_number":10,"text":"ﮥ","translation":{"text":"and crops","language_name":"english","language_id":38},"transliteration":{"text":"wazarʿun","language_name":"english","language_id":38}},{"id":4368,"position":9,"audio_url":"wbw/013_004_009.mp3","qpc_uthmani_hafs":"وَنَخِيلٞ","char_type_name":"word","page_number":249,"line_number":10,"text":"ﮦ","translation":{"text":"and date-palms","language_name":"english","language_id":38},"transliteration":{"text":"wanakhīlun","language_name":"english","language_id":38}},{"id":4369,"position":10,"audio_url":"wbw/013_004_010.mp3","qpc_uthmani_hafs":"صِنۡوَانٞ","char_type_name":"word","page_number":249,"line_number":10,"text":"ﮧ","translation":{"text":"trees (growing) from a single root","language_name":"english","language_id":38},"transliteration":{"text":"ṣin'wānun","language_name":"english","language_id":38}},{"id":4370,"position":11,"audio_url":"wbw/013_004_011.mp3","qpc_uthmani_hafs":"وَغَيۡرُ","char_type_name":"word","page_number":249,"line_number":11,"text":"ﮨ","translation":{"text":"and not","language_name":"english","language_id":38},"transliteration":{"text":"waghayru","language_name":"english","language_id":38}},{"id":4371,"position":12,"audio_url":"wbw/013_004_012.mp3","qpc_uthmani_hafs":"صِنۡوَانٖ","char_type_name":"word","page_number":249,"line_number":11,"text":"ﮩ","translation":{"text":"trees (growing) from a single root","language_name":"english","language_id":38},"transliteration":{"text":"ṣin'wānin","language_name":"english","language_id":38}},{"id":4372,"position":13,"audio_url":"wbw/013_004_013.mp3","qpc_uthmani_hafs":"يُسۡقَىٰ","char_type_name":"word","page_number":249,"line_number":11,"text":"ﮪ","translation":{"text":"watered","language_name":"english","language_id":38},"transliteration":{"text":"yus'qā","language_name":"english","language_id":38}},{"id":4373,"position":14,"audio_url":"wbw/013_004_014.mp3","qpc_uthmani_hafs":"بِمَآءٖ","char_type_name":"word","page_number":249,"line_number":11,"text":"ﮫ","translation":{"text":"with water","language_name":"english","language_id":38},"transliteration":{"text":"bimāin","language_name":"english","language_id":38}},{"id":4374,"position":15,"audio_url":"wbw/013_004_015.mp3","qpc_uthmani_hafs":"وَٰحِدٖ","char_type_name":"word","page_number":249,"line_number":11,"text":"ﮬ","translation":{"text":"one","language_name":"english","language_id":38},"transliteration":{"text":"wāḥidin","language_name":"english","language_id":38}},{"id":4375,"position":16,"audio_url":"wbw/013_004_016.mp3","qpc_uthmani_hafs":"وَنُفَضِّلُ","char_type_name":"word","page_number":249,"line_number":11,"text":"ﮭ","translation":{"text":"but We cause to exceed","language_name":"english","language_id":38},"transliteration":{"text":"wanufaḍḍilu","language_name":"english","language_id":38}},{"id":4376,"position":17,"audio_url":"wbw/013_004_017.mp3","qpc_uthmani_hafs":"بَعۡضَهَا","char_type_name":"word","page_number":249,"line_number":11,"text":"ﮮ","translation":{"text":"some of them","language_name":"english","language_id":38},"transliteration":{"text":"baʿḍahā","language_name":"english","language_id":38}},{"id":4377,"position":18,"audio_url":"wbw/013_004_018.mp3","qpc_uthmani_hafs":"عَلَىٰ","char_type_name":"word","page_number":249,"line_number":11,"text":"ﮯ","translation":{"text":"over","language_name":"english","language_id":38},"transliteration":{"text":"ʿalā","language_name":"english","language_id":38}},{"id":4378,"position":19,"audio_url":"wbw/013_004_019.mp3","qpc_uthmani_hafs":"بَعۡضٖ","char_type_name":"word","page_number":249,"line_number":11,"text":"ﮰ","translation":{"text":"others","language_name":"english","language_id":38},"transliteration":{"text":"baʿḍin","language_name":"english","language_id":38}},{"id":4379,"position":20,"audio_url":"wbw/013_004_020.mp3","qpc_uthmani_hafs":"فِي","char_type_name":"word","page_number":249,"line_number":12,"text":"ﮱ","translation":{"text":"in","language_name":"english","language_id":38},"transliteration":{"text":"fī","language_name":"english","language_id":38}},{"id":4380,"position":21,"audio_url":"wbw/013_004_021.mp3","qpc_uthmani_hafs":"ٱلۡأُكُلِۚ","char_type_name":"word","page_number":249,"line_number":12,"text":"ﯓﯔ","translation":{"text":"the fruit","language_name":"english","language_id":38},"transliteration":{"text":"l-ukuli","language_name":"english","language_id":38}},{"id":4382,"position":22,"audio_url":"wbw/013_004_023.mp3","qpc_uthmani_hafs":"إِنَّ","char_type_name":"word","page_number":249,"line_number":12,"text":"ﯕ","translation":{"text":"Indeed","language_name":"english","language_id":38},"transliteration":{"text":"inna","language_name":"english","language_id":38}},{"id":4383,"position":23,"audio_url":"wbw/013_004_024.mp3","qpc_uthmani_hafs":"فِي","char_type_name":"word","page_number":249,"line_number":12,"text":"ﯖ","translation":{"text":"in","language_name":"english","language_id":38},"transliteration":{"text":"fī","language_name":"english","language_id":38}},{"id":4384,"position":24,"audio_url":"wbw/013_004_025.mp3","qpc_uthmani_hafs":"ذَٰلِكَ","char_type_name":"word","page_number":249,"line_number":12,"text":"ﯗ","translation":{"text":"that","language_name":"english","language_id":38},"transliteration":{"text":"dhālika","language_name":"english","language_id":38}},{"id":4385,"position":25,"audio_url":"wbw/013_004_026.mp3","qpc_uthmani_hafs":"لَأٓيَٰتٖ","char_type_name":"word","page_number":249,"line_number":12,"text":"ﯘ","translation":{"text":"surely (are) Signs","language_name":"english","language_id":38},"transliteration":{"text":"laāyātin","language_name":"english","language_id":38}},{"id":4386,"position":26,"audio_url":"wbw/013_004_027.mp3","qpc_uthmani_hafs":"لِّقَوۡمٖ","char_type_name":"word","page_number":249,"line_number":12,"text":"ﯙ","translation":{"text":"for a people","language_name":"english","language_id":38},"transliteration":{"text":"liqawmin","language_name":"english","language_id":38}},{"id":4387,"position":27,"audio_url":"wbw/013_004_028.mp3","qpc_uthmani_hafs":"يَعۡقِلُونَ","char_type_name":"word","page_number":249,"line_number":12,"text":"ﯚ","translation":{"text":"who use reason","language_name":"english","language_id":38},"transliteration":{"text":"yaʿqilūna","language_name":"english","language_id":38}},{"id":4388,"position":28,"audio_url":null,"qpc_uthmani_hafs":"٤","char_type_name":"end","page_number":249,"line_number":12,"text":"ﯛ","translation":{"text":"(4)","language_name":"english","language_id":38},"transliteration":{"text":null,"language_name":"english","language_id":38}}],"translations":[{"id":918140,"resource_id":134,"text":"Dan di bumi ini terdapat bagian-bagian yang berdampingan dan kebun-kebun anggur, tanaman-tanaman dan pohon kurma yang bercabang, dan yang tidak bercabang disirami dengan air yang sama.  Kami melebihkan sebagian tanam-tanaman itu atas sebagian yang lain tentang rasanya.  Sesungguhnya pada yang demikian itu terdapat tanda-tanda (kebesaran Allah) bagi kaum yang berpikir."}]},{"id":1712,"verse_number":5,"verse_key":"13:5","juz_number":13,"hizb_number":25,"rub_el_hizb_number":100,"ruku_number":205,"manzil_number":3,"sajdah_number":null,"text_uthmani":"۞ وَإِن تَعْجَبْ فَعَجَبٌ قَوْلُهُمْ أَءِذَا كُنَّا تُرَٰبًا أَءِنَّا لَفِى خَلْقٍ جَدِيدٍ ۗ أُو۟لَـٰٓئِكَ ٱلَّذِينَ كَفَرُوا۟ بِرَبِّهِمْ ۖ وَأُو۟لَـٰٓئِكَ ٱلْأَغْلَـٰلُ فِىٓ أَعْنَاقِهِمْ ۖ وَأُو۟لَـٰٓئِكَ أَصْحَـٰبُ ٱلنَّارِ ۖ هُمْ فِيهَا خَـٰلِدُونَ","page_number":249,"words":[{"id":5639,"position":1,"audio_url":"wbw/013_005_002.mp3","qpc_uthmani_hafs":"۞ وَإِن","char_type_name":"word","page_number":249,"line_number":13,"text":"ﯜ ﯝ","translation":{"text":"And if","language_name":"english","language_id":38},"transliteration":{"text":"wa-in","language_name":"english","language_id":38}},{"id":5640,"position":2,"audio_url":"wbw/013_005_003.mp3","qpc_uthmani_hafs":"تَعۡجَبۡ","char_type_name":"word","page_number":249,"line_number":13,"text":"ﯞ","translation":{"text":"you (are) astonished","language_name":"english","language_id":38},"transliteration":{"text":"taʿjab","language_name":"english","language_id":38}},{"id":5641,"position":3,"audio_url":"wbw/013_005_004.mp3","qpc_uthmani_hafs":"فَعَجَبٞ","char_type_name":"word","page_number":249,"line_number":13,"text":"ﯟ","translation":{"text":"then astonishing","language_name":"english","language_id":38},"transliteration":{"text":"faʿajabun","language_name":"english","language_id":38}},{"id":5642,"position":4,"audio_url":"wbw/013_005_005.mp3","qpc_uthmani_hafs":"قَوۡلُهُمۡ","char_type_name":"word","page_number":249,"line_number":13,"text":"ﯠ","translation":{"text":"(is) their saying","language_name":"english","language_id":38},"transliteration":{"text":"qawluhum","language_name":"english","language_id":38}},{"id":5643,"position":5,"audio_url":"wbw/013_005_006.mp3","qpc_uthmani_hafs":"أَءِذَا","char_type_name":"word","page_number":249,"line_number":13,"text":"ﯡ","translation":{"text":"When","language_name":"english","language_id":38},"transliteration":{"text":"a-idhā","language_name":"english","language_id":38}},{"id":5644,"position":6,"audio_url":"wbw/013_005_007.mp3","qpc_uthmani_hafs":"كُنَّا","char_type_name":"word","page_number":249,"line_number":13,"text":"ﯢ","translation":{"text":"we are","language_name":"english","language_id":38},"transliteration":{"text":"kunnā","language_name":"english","language_id":38}},{"id":5645,"position":7,"audio_url":"wbw/013_005_008.mp3","qpc_uthmani_hafs":"تُرَٰبًا","char_type_name":"word","page_number":249,"line_number":13,"text":"ﯣ","translation":{"text":"dust","language_name":"english","language_id":38},"transliteration":{"text":"turāban","language_name":"english","language_id":38}},{"id":5646,"position":8,"audio_url":"wbw/013_005_009.mp3","qpc_uthmani_hafs":"أَءِنَّا","char_type_name":"word","page_number":249,"line_number":13,"text":"ﯤ","translation":{"text":"will we","language_name":"english","language_id":38},"transliteration":{"text":"a-innā","language_name":"english","language_id":38}},{"id":5647,"position":9,"audio_url":"wbw/013_005_010.mp3","qpc_uthmani_hafs":"لَفِي","char_type_name":"word","page_number":249,"line_number":13,"text":"ﯥ","translation":{"text":"(be) indeed, in","language_name":"english","language_id":38},"transliteration":{"text":"lafī","language_name":"english","language_id":38}},{"id":5648,"position":10,"audio_url":"wbw/013_005_011.mp3","qpc_uthmani_hafs":"خَلۡقٖ","char_type_name":"word","page_number":249,"line_number":13,"text":"ﯦ","translation":{"text":"a creation","language_name":"english","language_id":38},"transliteration":{"text":"khalqin","language_name":"english","language_id":38}},{"id":5649,"position":11,"audio_url":"wbw/013_005_012.mp3","qpc_uthmani_hafs":"جَدِيدٍۗ","char_type_name":"word","page_number":249,"line_number":14,"text":"ﯧﯨ","translation":{"text":"new","language_name":"english","language_id":38},"transliteration":{"text":"jadīdin","language_name":"english","language_id":38}},{"id":5651,"position":12,"audio_url":"wbw/013_005_014.mp3","qpc_uthmani_hafs":"أُوْلَٰٓئِكَ","char_type_name":"word","page_number":249,"line_number":14,"text":"ﯩ","translation":{"text":"Those","language_name":"english","language_id":38},"transliteration":{"text":"ulāika","language_name":"english","language_id":38}},{"id":5652,"position":13,"audio_url":"wbw/013_005_015.mp3","qpc_uthmani_hafs":"ٱلَّذِينَ","char_type_name":"word","page_number":249,"line_number":14,"text":"ﯪ","translation":{"text":"(are) the ones who","language_name":"english","language_id":38},"transliteration":{"text":"alladhīna","language_name":"english","language_id":38}},{"id":5653,"position":14,"audio_url":"wbw/013_005_016.mp3","qpc_uthmani_hafs":"كَفَرُواْ","char_type_name":"word","page_number":249,"line_number":14,"text":"ﯫ","translation":{"text":"disbelieved","language_name":"english","language_id":38},"transliteration":{"text":"kafarū","language_name":"english","language_id":38}},{"id":5654,"position":15,"audio_url":"wbw/013_005_017.mp3","qpc_uthmani_hafs":"بِرَبِّهِمۡۖ","char_type_name":"word","page_number":249,"line_number":14,"text":"ﯬﯭ","translation":{"text":"in their Lord","language_name":"english","language_id":38},"transliteration":{"text":"birabbihim","language_name":"english","language_id":38}},{"id":5656,"position":16,"audio_url":"wbw/013_005_019.mp3","qpc_uthmani_hafs":"وَأُوْلَٰٓئِكَ","char_type_name":"word","page_number":249,"line_number":14,"text":"ﯮ","translation":{"text":"and those","language_name":"english","language_id":38},"transliteration":{"text":"wa-ulāika","language_name":"english","language_id":38}},{"id":5657,"position":17,"audio_url":"wbw/013_005_020.mp3","qpc_uthmani_hafs":"ٱلۡأَغۡلَٰلُ","char_type_name":"word","page_number":249,"line_number":14,"text":"ﯯ","translation":{"text":"the iron chains","language_name":"english","language_id":38},"transliteration":{"text":"l-aghlālu","language_name":"english","language_id":38}},{"id":5658,"position":18,"audio_url":"wbw/013_005_021.mp3","qpc_uthmani_hafs":"فِيٓ","char_type_name":"word","page_number":249,"line_number":15,"text":"ﯰ","translation":{"text":"(will be) in","language_name":"english","language_id":38},"transliteration":{"text":"fī","language_name":"english","language_id":38}},{"id":5659,"position":19,"audio_url":"wbw/013_005_022.mp3","qpc_uthmani_hafs":"أَعۡنَاقِهِمۡۖ","char_type_name":"word","page_number":249,"line_number":15,"text":"ﯱﯲ","translation":{"text":"their necks","language_name":"english","language_id":38},"transliteration":{"text":"aʿnāqihim","language_name":"english","language_id":38}},{"id":5661,"position":20,"audio_url":"wbw/013_005_024.mp3","qpc_uthmani_hafs":"وَأُوْلَٰٓئِكَ","char_type_name":"word","page_number":249,"line_number":15,"text":"ﯳ","translation":{"text":"those","language_name":"english","language_id":38},"transliteration":{"text":"wa-ulāika","language_name":"english","language_id":38}},{"id":5662,"position":21,"audio_url":"wbw/013_005_025.mp3","qpc_uthmani_hafs":"أَصۡحَٰبُ","char_type_name":"word","page_number":249,"line_number":15,"text":"ﯴ","translation":{"text":"(are the) companions","language_name":"english","language_id":38},"transliteration":{"text":"aṣḥābu","language_name":"english","language_id":38}},{"id":5663,"position":22,"audio_url":"wbw/013_005_026.mp3","qpc_uthmani_hafs":"ٱلنَّارِۖ","char_type_name":"word","page_number":249,"line_number":15,"text":"ﯵﯶ","translation":{"text":"(of) the Fire","language_name":"english","language_id":38},"transliteration":{"text":"l-nāri","language_name":"english","language_id":38}},{"id":5665,"position":23,"audio_url":"wbw/013_005_028.mp3","qpc_uthmani_hafs":"هُمۡ","char_type_name":"word","page_number":249,"line_number":15,"text":"ﯷ","translation":{"text":"they","language_name":"english","language_id":38},"transliteration":{"text":"hum","language_name":"english","language_id":38}},{"id":5666,"position":24,"audio_url":"wbw/013_005_029.mp3","qpc_uthmani_hafs":"فِيهَا","char_type_name":"word","page_number":249,"line_number":15,"text":"ﯸ","translation":{"text":"in it","language_name":"english","language_id":38},"transliteration":{"text":"fīhā","language_name":"english","language_id":38}},{"id":5667,"position":25,"audio_url":"wbw/013_005_030.mp3","qpc_uthmani_hafs":"خَٰلِدُونَ","char_type_name":"word","page_number":249,"line_number":15,"text":"ﯹ","translation":{"text":"(will) abide forever","language_name":"english","language_id":38},"transliteration":{"text":"khālidūna","language_name":"english","language_id":38}},{"id":5668,"position":26,"audio_url":null,"qpc_uthmani_hafs":"٥","char_type_name":"end","page_number":249,"line_number":15,"text":"ﯺ","translation":{"text":"(5)","language_name":"english","language_id":38},"transliteration":{"text":null,"language_name":"english","language_id":38}}],"translations":[{"id":918141,"resource_id":134,"text":"Dan jika (ada sesuatu) yang kamu herankan, maka yang patut mengherankan adalah ucapan mereka, \"Apabila kami telah menjadi tanah, apakah kami sesungguhnya akan (dikembalikan) menjadi makhluk yang baru?\" Orang-orang itulah yang kafir kepada Tuhan-nya dan orang-orang itulah (yang dilekatkan) belenggu di lehernya; mereka itulah penghuni neraka; mereka kekal di dalamnya."}]}],"pagination":{"per_page":50,"current_page":1,"next_page":null,"total_pages":1,"total_records":5}}