{"verses":[{"id":1742,"verse_number":35,"verse_key":"13:35","juz_number":13,"hizb_number":26,"rub_el_hizb_number":102,"ruku_number":209,"manzil_number":3,"sajdah_number":null,"text_uthmani":"۞ مَّثَلُ ٱلْجَنَّةِ ٱلَّتِى وُعِدَ ٱلْمُتَّقُونَ ۖ تَجْرِى مِن تَحْتِهَا ٱلْأَنْهَـٰرُ ۖ أُكُلُهَا دَآئِمٌ وَظِلُّهَا ۚ تِلْكَ عُقْبَى ٱلَّذِينَ ٱتَّقَوا۟ ۖ وَّعُقْبَى ٱلْكَـٰفِرِينَ ٱلنَّارُ","page_number":254,"words":[{"id":37539,"position":1,"audio_url":"wbw/013_035_002.mp3","qpc_uthmani_hafs":"۞ مَّثَلُ","char_type_name":"word","page_number":254,"line_number":1,"text":"ﭑ ﭒ","translation":{"text":"The example","language_name":"english","language_id":38},"transliteration":{"text":"mathalu","language_name":"english","language_id":38}},{"id":37540,"position":2,"audio_url":"wbw/013_035_003.mp3","qpc_uthmani_hafs":"ٱلۡجَنَّةِ","char_type_name":"word","page_number":254,"line_number":1,"text":"ﭓ","translation":{"text":"of Paradise","language_name":"english","language_id":38},"transliteration":{"text":"l-janati","language_name":"english","language_id":38}},{"id":37541,"position":3,"audio_url":"wbw/013_035_004.mp3","qpc_uthmani_hafs":"ٱلَّتِي","char_type_name":"word","page_number":254,"line_number":1,"text":"ﭔ","translation":{"text":"which","language_name":"english","language_id":38},"transliteration":{"text":"allatī","language_name":"english","language_id":38}},{"id":37542,"position":4,"audio_url":"wbw/013_035_005.mp3","qpc_uthmani_hafs":"وُعِدَ","char_type_name":"word","page_number":254,"line_number":1,"text":"ﭕ","translation":{"text":"(is) promised","language_name":"english","language_id":38},"transliteration":{"text":"wuʿida","language_name":"english","language_id":38}},{"id":37543,"position":5,"audio_url":"wbw/013_035_006.mp3","qpc_uthmani_hafs":"ٱلۡمُتَّقُونَۖ","char_type_name":"word","page_number":254,"line_number":1,"text":"ﭖﭗ","translation":{"text":"(to) the righteous","language_name":"english","language_id":38},"transliteration":{"text":"l-mutaqūna","language_name":"english","language_id":38}},{"id":37545,"position":6,"audio_url":"wbw/013_035_008.mp3","qpc_uthmani_hafs":"تَجۡرِي","char_type_name":"word","page_number":254,"line_number":1,"text":"ﭘ","translation":{"text":"flows","language_name":"english","language_id":38},"transliteration":{"text":"tajrī","language_name":"english","language_id":38}},{"id":37546,"position":7,"audio_url":"wbw/013_035_009.mp3","qpc_uthmani_hafs":"مِن","char_type_name":"word","page_number":254,"line_number":1,"text":"ﭙ","translation":{"text":"from","language_name":"english","language_id":38},"transliteration":{"text":"min","language_name":"english","language_id":38}},{"id":37547,"position":8,"audio_url":"wbw/013_035_010.mp3","qpc_uthmani_hafs":"تَحۡتِهَا","char_type_name":"word","page_number":254,"line_number":1,"text":"ﭚ","translation":{"text":"underneath it","language_name":"english","language_id":38},"transliteration":{"text":"taḥtihā","language_name":"english","language_id":38}},{"id":37548,"position":9,"audio_url":"wbw/013_035_011.mp3","qpc_uthmani_hafs":"ٱلۡأَنۡهَٰرُۖ","char_type_name":"word","page_number":254,"line_number":1,"text":"ﭛﭜ","translation":{"text":"the rivers","language_name":"english","language_id":38},"transliteration":{"text":"l-anhāru","language_name":"english","language_id":38}},{"id":37550,"position":10,"audio_url":"wbw/013_035_013.mp3","qpc_uthmani_hafs":"أُكُلُهَا","char_type_name":"word","page_number":254,"line_number":2,"text":"ﭝ","translation":{"text":"Its food","language_name":"english","language_id":38},"transliteration":{"text":"ukuluhā","language_name":"english","language_id":38}},{"id":37551,"position":11,"audio_url":"wbw/013_035_014.mp3","qpc_uthmani_hafs":"دَآئِمٞ","char_type_name":"word","page_number":254,"line_number":2,"text":"ﭞ","translation":{"text":"(is) everlasting","language_name":"english","language_id":38},"transliteration":{"text":"dāimun","language_name":"english","language_id":38}},{"id":37552,"position":12,"audio_url":"wbw/013_035_015.mp3","qpc_uthmani_hafs":"وَظِلُّهَاۚ","char_type_name":"word","page_number":254,"line_number":2,"text":"ﭟﭠ","translation":{"text":"and its shade","language_name":"english","language_id":38},"transliteration":{"text":"waẓilluhā","language_name":"english","language_id":38}},{"id":37554,"position":13,"audio_url":"wbw/013_035_017.mp3","qpc_uthmani_hafs":"تِلۡكَ","char_type_name":"word","page_number":254,"line_number":2,"text":"ﭡ","translation":{"text":"This","language_name":"english","language_id":38},"transliteration":{"text":"til'ka","language_name":"english","language_id":38}},{"id":37555,"position":14,"audio_url":"wbw/013_035_018.mp3","qpc_uthmani_hafs":"عُقۡبَى","char_type_name":"word","page_number":254,"line_number":2,"text":"ﭢ","translation":{"text":"(is the) end","language_name":"english","language_id":38},"transliteration":{"text":"ʿuq'bā","language_name":"english","language_id":38}},{"id":37556,"position":15,"audio_url":"wbw/013_035_019.mp3","qpc_uthmani_hafs":"ٱلَّذِينَ","char_type_name":"word","page_number":254,"line_number":2,"text":"ﭣ","translation":{"text":"of those who","language_name":"english","language_id":38},"transliteration":{"text":"alladhīna","language_name":"english","language_id":38}},{"id":37557,"position":16,"audio_url":"wbw/013_035_020.mp3","qpc_uthmani_hafs":"ٱتَّقَواْۚ","char_type_name":"word","page_number":254,"line_number":2,"text":"ﭤﭥ","translation":{"text":"(are) righteous","language_name":"english","language_id":38},"transliteration":{"text":"ittaqaw","language_name":"english","language_id":38}},{"id":37559,"position":17,"audio_url":"wbw/013_035_022.mp3","qpc_uthmani_hafs":"وَّعُقۡبَى","char_type_name":"word","page_number":254,"line_number":2,"text":"ﭦ","translation":{"text":"and (the) end","language_name":"english","language_id":38},"transliteration":{"text":"waʿuq'bā","language_name":"english","language_id":38}},{"id":37560,"position":18,"audio_url":"wbw/013_035_023.mp3","qpc_uthmani_hafs":"ٱلۡكَٰفِرِينَ","char_type_name":"word","page_number":254,"line_number":3,"text":"ﭧ","translation":{"text":"(of) the disbelievers","language_name":"english","language_id":38},"transliteration":{"text":"l-kāfirīna","language_name":"english","language_id":38}},{"id":37561,"position":19,"audio_url":"wbw/013_035_024.mp3","qpc_uthmani_hafs":"ٱلنَّارُ","char_type_name":"word","page_number":254,"line_number":3,"text":"ﭨ","translation":{"text":"(is) the Fire","language_name":"english","language_id":38},"transliteration":{"text":"l-nāru","language_name":"english","language_id":38}},{"id":37562,"position":20,"audio_url":null,"qpc_uthmani_hafs":"٣٥","char_type_name":"end","page_number":254,"line_number":3,"text":"ﭩ","translation":{"text":"(35)","language_name":"english","language_id":38},"transliteration":{"text":null,"language_name":"english","language_id":38}}],"translations":[{"id":918171,"resource_id":134,"text":"Perumpamaan surga yang dijanjikan kepada orang-orang yang takwa ialah (seperti taman), mengalir sungai-sungai di dalamnya; buahnya tak henti-henti sedang naungannya (demikian pula).  Itulah tempat kesudahan bagi orang-orang yang bertakwa, sedang tempat kesudahan bagi orang-orang kafir ialah neraka."}]},{"id":1743,"verse_number":36,"verse_key":"13:36","juz_number":13,"hizb_number":26,"rub_el_hizb_number":102,"ruku_number":209,"manzil_number":3,"sajdah_number":null,"text_uthmani":"وَٱلَّذِينَ ءَاتَيْنَـٰهُمُ ٱلْكِتَـٰبَ يَفْرَحُونَ بِمَآ أُنزِلَ إِلَيْكَ ۖ وَمِنَ ٱلْأَحْزَابِ مَن يُنكِرُ بَعْضَهُۥ ۚ قُلْ إِنَّمَآ أُمِرْتُ أَنْ أَعْبُدَ ٱللَّهَ وَلَآ أُشْرِكَ بِهِۦٓ ۚ إِلَيْهِ أَدْعُوا۟ وَإِلَيْهِ مَـَٔابِ","page_number":254,"words":[{"id":38420,"position":1,"audio_url":"wbw/013_036_001.mp3","qpc_uthmani_hafs":"وَٱلَّذِينَ","char_type_name":"word","page_number":254,"line_number":3,"text":"ﭪ","translation":{"text":"And those (to) whom","language_name":"english","language_id":38},"transliteration":{"text":"wa-alladhīna","language_name":"english","language_id":38}},{"id":38421,"position":2,"audio_url":"wbw/013_036_002.mp3","qpc_uthmani_hafs":"ءَاتَيۡنَٰهُمُ","char_type_name":"word","page_number":254,"line_number":3,"text":"ﭫ","translation":{"text":"We have given them","language_name":"english","language_id":38},"transliteration":{"text":"ātaynāhumu","language_name":"english","language_id":38}},{"id":38422,"position":3,"audio_url":"wbw/013_036_003.mp3","qpc_uthmani_hafs":"ٱلۡكِتَٰبَ","char_type_name":"word","page_number":254,"line_number":3,"text":"ﭬ","translation":{"text":"the Book","language_name":"english","language_id":38},"transliteration":{"text":"l-kitāba","language_name":"english","language_id":38}},{"id":38423,"position":4,"audio_url":"wbw/013_036_004.mp3","qpc_uthmani_hafs":"يَفۡرَحُونَ","char_type_name":"word","page_number":254,"line_number":3,"text":"ﭭ","translation":{"text":"rejoice","language_name":"english","language_id":38},"transliteration":{"text":"yafraḥūna","language_name":"english","language_id":38}},{"id":38424,"position":5,"audio_url":"wbw/013_036_005.mp3","qpc_uthmani_hafs":"بِمَآ","char_type_name":"word","page_number":254,"line_number":4,"text":"ﭮ","translation":{"text":"at what","language_name":"english","language_id":38},"transliteration":{"text":"bimā","language_name":"english","language_id":38}},{"id":38425,"position":6,"audio_url":"wbw/013_036_006.mp3","qpc_uthmani_hafs":"أُنزِلَ","char_type_name":"word","page_number":254,"line_number":4,"text":"ﭯ","translation":{"text":"has been revealed","language_name":"english","language_id":38},"transliteration":{"text":"unzila","language_name":"english","language_id":38}},{"id":38426,"position":7,"audio_url":"wbw/013_036_007.mp3","qpc_uthmani_hafs":"إِلَيۡكَۖ","char_type_name":"word","page_number":254,"line_number":4,"text":"ﭰﭱ","translation":{"text":"to you","language_name":"english","language_id":38},"transliteration":{"text":"ilayka","language_name":"english","language_id":38}},{"id":38428,"position":8,"audio_url":"wbw/013_036_009.mp3","qpc_uthmani_hafs":"وَمِنَ","char_type_name":"word","page_number":254,"line_number":4,"text":"ﭲ","translation":{"text":"but among","language_name":"english","language_id":38},"transliteration":{"text":"wamina","language_name":"english","language_id":38}},{"id":38429,"position":9,"audio_url":"wbw/013_036_010.mp3","qpc_uthmani_hafs":"ٱلۡأَحۡزَابِ","char_type_name":"word","page_number":254,"line_number":4,"text":"ﭳ","translation":{"text":"the groups","language_name":"english","language_id":38},"transliteration":{"text":"l-aḥzābi","language_name":"english","language_id":38}},{"id":38430,"position":10,"audio_url":"wbw/013_036_011.mp3","qpc_uthmani_hafs":"مَن","char_type_name":"word","page_number":254,"line_number":4,"text":"ﭴ","translation":{"text":"(those) who","language_name":"english","language_id":38},"transliteration":{"text":"man","language_name":"english","language_id":38}},{"id":38431,"position":11,"audio_url":"wbw/013_036_012.mp3","qpc_uthmani_hafs":"يُنكِرُ","char_type_name":"word","page_number":254,"line_number":4,"text":"ﭵ","translation":{"text":"deny","language_name":"english","language_id":38},"transliteration":{"text":"yunkiru","language_name":"english","language_id":38}},{"id":38432,"position":12,"audio_url":"wbw/013_036_013.mp3","qpc_uthmani_hafs":"بَعۡضَهُۥۚ","char_type_name":"word","page_number":254,"line_number":4,"text":"ﭶﭷ","translation":{"text":"a part of it","language_name":"english","language_id":38},"transliteration":{"text":"baʿḍahu","language_name":"english","language_id":38}},{"id":38434,"position":13,"audio_url":"wbw/013_036_015.mp3","qpc_uthmani_hafs":"قُلۡ","char_type_name":"word","page_number":254,"line_number":4,"text":"ﭸ","translation":{"text":"Say","language_name":"english","language_id":38},"transliteration":{"text":"qul","language_name":"english","language_id":38}},{"id":38435,"position":14,"audio_url":"wbw/013_036_016.mp3","qpc_uthmani_hafs":"إِنَّمَآ","char_type_name":"word","page_number":254,"line_number":4,"text":"ﭹ","translation":{"text":"Only","language_name":"english","language_id":38},"transliteration":{"text":"innamā","language_name":"english","language_id":38}},{"id":38436,"position":15,"audio_url":"wbw/013_036_017.mp3","qpc_uthmani_hafs":"أُمِرۡتُ","char_type_name":"word","page_number":254,"line_number":4,"text":"ﭺ","translation":{"text":"I have been commanded","language_name":"english","language_id":38},"transliteration":{"text":"umir'tu","language_name":"english","language_id":38}},{"id":38437,"position":16,"audio_url":"wbw/013_036_018.mp3","qpc_uthmani_hafs":"أَنۡ","char_type_name":"word","page_number":254,"line_number":5,"text":"ﭻ","translation":{"text":"that","language_name":"english","language_id":38},"transliteration":{"text":"an","language_name":"english","language_id":38}},{"id":38438,"position":17,"audio_url":"wbw/013_036_019.mp3","qpc_uthmani_hafs":"أَعۡبُدَ","char_type_name":"word","page_number":254,"line_number":5,"text":"ﭼ","translation":{"text":"I worship","language_name":"english","language_id":38},"transliteration":{"text":"aʿbuda","language_name":"english","language_id":38}},{"id":38439,"position":18,"audio_url":"wbw/013_036_020.mp3","qpc_uthmani_hafs":"ٱللَّهَ","char_type_name":"word","page_number":254,"line_number":5,"text":"ﭽ","translation":{"text":"Allah","language_name":"english","language_id":38},"transliteration":{"text":"l-laha","language_name":"english","language_id":38}},{"id":38440,"position":19,"audio_url":"wbw/013_036_021.mp3","qpc_uthmani_hafs":"وَلَآ","char_type_name":"word","page_number":254,"line_number":5,"text":"ﭾ","translation":{"text":"and not","language_name":"english","language_id":38},"transliteration":{"text":"walā","language_name":"english","language_id":38}},{"id":38441,"position":20,"audio_url":"wbw/013_036_022.mp3","qpc_uthmani_hafs":"أُشۡرِكَ","char_type_name":"word","page_number":254,"line_number":5,"text":"ﭿ","translation":{"text":"I associate partners","language_name":"english","language_id":38},"transliteration":{"text":"ush'rika","language_name":"english","language_id":38}},{"id":38442,"position":21,"audio_url":"wbw/013_036_023.mp3","qpc_uthmani_hafs":"بِهِۦٓۚ","char_type_name":"word","page_number":254,"line_number":5,"text":"ﮀﮁ","translation":{"text":"with Him","language_name":"english","language_id":38},"transliteration":{"text":"bihi","language_name":"english","language_id":38}},{"id":38444,"position":22,"audio_url":"wbw/013_036_025.mp3","qpc_uthmani_hafs":"إِلَيۡهِ","char_type_name":"word","page_number":254,"line_number":5,"text":"ﮂ","translation":{"text":"To Him","language_name":"english","language_id":38},"transliteration":{"text":"ilayhi","language_name":"english","language_id":38}},{"id":38445,"position":23,"audio_url":"wbw/013_036_026.mp3","qpc_uthmani_hafs":"أَدۡعُواْ","char_type_name":"word","page_number":254,"line_number":5,"text":"ﮃ","translation":{"text":"I call","language_name":"english","language_id":38},"transliteration":{"text":"adʿū","language_name":"english","language_id":38}},{"id":38446,"position":24,"audio_url":"wbw/013_036_027.mp3","qpc_uthmani_hafs":"وَإِلَيۡهِ","char_type_name":"word","page_number":254,"line_number":5,"text":"ﮄ","translation":{"text":"and to Him","language_name":"english","language_id":38},"transliteration":{"text":"wa-ilayhi","language_name":"english","language_id":38}},{"id":38447,"position":25,"audio_url":"wbw/013_036_028.mp3","qpc_uthmani_hafs":"مَـَٔابِ","char_type_name":"word","page_number":254,"line_number":5,"text":"ﮅ","translation":{"text":"(is) my return","language_name":"english","language_id":38},"transliteration":{"text":"maābi","language_name":"english","language_id":38}},{"id":38448,"position":26,"audio_url":null,"qpc_uthmani_hafs":"٣٦","char_type_name":"end","page_number":254,"line_number":5,"text":"ﮆ","translation":{"text":"(36)","language_name":"english","language_id":38},"transliteration":{"text":null,"language_name":"english","language_id":38}}],"translations":[{"id":918172,"resource_id":134,"text":"Orang-orang yang telah Kami berikan kitab kepada mereka <sup foot_note=210544>1</sup> bergembira dengan kitab yang diturunkan kepadamu dan di antara golongan-golongan (Yahudi dan Nasrani) yang bersekutu, ada yang mengingkari sebagiannya. Katakanlah, \"Sesungguhnya aku hanya diperintah untuk menyembah Allah dan tidak mempersekutukan sesuatu pun dengan Dia.  Hanya kepada-Nya aku seru (manusia) dan hanya kepada-Nya aku kembali\"."}]},{"id":1744,"verse_number":37,"verse_key":"13:37","juz_number":13,"hizb_number":26,"rub_el_hizb_number":102,"ruku_number":209,"manzil_number":3,"sajdah_number":null,"text_uthmani":"وَكَذَٰلِكَ أَنزَلْنَـٰهُ حُكْمًا عَرَبِيًّا ۚ وَلَئِنِ ٱتَّبَعْتَ أَهْوَآءَهُم بَعْدَ مَا جَآءَكَ مِنَ ٱلْعِلْمِ مَا لَكَ مِنَ ٱللَّهِ مِن وَلِىٍّ وَلَا وَاقٍ","page_number":254,"words":[{"id":39271,"position":1,"audio_url":"wbw/013_037_001.mp3","qpc_uthmani_hafs":"وَكَذَٰلِكَ","char_type_name":"word","page_number":254,"line_number":6,"text":"ﮇ","translation":{"text":"And thus","language_name":"english","language_id":38},"transliteration":{"text":"wakadhālika","language_name":"english","language_id":38}},{"id":39272,"position":2,"audio_url":"wbw/013_037_002.mp3","qpc_uthmani_hafs":"أَنزَلۡنَٰهُ","char_type_name":"word","page_number":254,"line_number":6,"text":"ﮈ","translation":{"text":"We have revealed it","language_name":"english","language_id":38},"transliteration":{"text":"anzalnāhu","language_name":"english","language_id":38}},{"id":39273,"position":3,"audio_url":"wbw/013_037_003.mp3","qpc_uthmani_hafs":"حُكۡمًا","char_type_name":"word","page_number":254,"line_number":6,"text":"ﮉ","translation":{"text":"(to be) a judgment of authority","language_name":"english","language_id":38},"transliteration":{"text":"ḥuk'man","language_name":"english","language_id":38}},{"id":39274,"position":4,"audio_url":"wbw/013_037_004.mp3","qpc_uthmani_hafs":"عَرَبِيّٗاۚ","char_type_name":"word","page_number":254,"line_number":6,"text":"ﮊﮋ","translation":{"text":"(in) Arabic","language_name":"english","language_id":38},"transliteration":{"text":"ʿarabiyyan","language_name":"english","language_id":38}},{"id":39276,"position":5,"audio_url":"wbw/013_037_006.mp3","qpc_uthmani_hafs":"وَلَئِنِ","char_type_name":"word","page_number":254,"line_number":6,"text":"ﮌ","translation":{"text":"And if","language_name":"english","language_id":38},"transliteration":{"text":"wala-ini","language_name":"english","language_id":38}},{"id":39277,"position":6,"audio_url":"wbw/013_037_007.mp3","qpc_uthmani_hafs":"ٱتَّبَعۡتَ","char_type_name":"word","page_number":254,"line_number":6,"text":"ﮍ","translation":{"text":"you follow","language_name":"english","language_id":38},"transliteration":{"text":"ittabaʿta","language_name":"english","language_id":38}},{"id":39278,"position":7,"audio_url":"wbw/013_037_008.mp3","qpc_uthmani_hafs":"أَهۡوَآءَهُم","char_type_name":"word","page_number":254,"line_number":6,"text":"ﮎ","translation":{"text":"their desires","language_name":"english","language_id":38},"transliteration":{"text":"ahwāahum","language_name":"english","language_id":38}},{"id":39279,"position":8,"audio_url":"wbw/013_037_009.mp3","qpc_uthmani_hafs":"بَعۡدَ مَا","char_type_name":"word","page_number":254,"line_number":6,"text":"ﮏ","translation":{"text":"after what","language_name":"english","language_id":38},"transliteration":{"text":"baʿdamā","language_name":"english","language_id":38}},{"id":39280,"position":9,"audio_url":"wbw/013_037_010.mp3","qpc_uthmani_hafs":"جَآءَكَ","char_type_name":"word","page_number":254,"line_number":7,"text":"ﮐ","translation":{"text":"came to you","language_name":"english","language_id":38},"transliteration":{"text":"jāaka","language_name":"english","language_id":38}},{"id":39281,"position":10,"audio_url":"wbw/013_037_011.mp3","qpc_uthmani_hafs":"مِنَ","char_type_name":"word","page_number":254,"line_number":7,"text":"ﮑ","translation":{"text":"of","language_name":"english","language_id":38},"transliteration":{"text":"mina","language_name":"english","language_id":38}},{"id":39282,"position":11,"audio_url":"wbw/013_037_012.mp3","qpc_uthmani_hafs":"ٱلۡعِلۡمِ","char_type_name":"word","page_number":254,"line_number":7,"text":"ﮒ","translation":{"text":"the knowledge","language_name":"english","language_id":38},"transliteration":{"text":"l-ʿil'mi","language_name":"english","language_id":38}},{"id":39283,"position":12,"audio_url":"wbw/013_037_013.mp3","qpc_uthmani_hafs":"مَا","char_type_name":"word","page_number":254,"line_number":7,"text":"ﮓ","translation":{"text":"not","language_name":"english","language_id":38},"transliteration":{"text":"mā","language_name":"english","language_id":38}},{"id":39284,"position":13,"audio_url":"wbw/013_037_014.mp3","qpc_uthmani_hafs":"لَكَ","char_type_name":"word","page_number":254,"line_number":7,"text":"ﮔ","translation":{"text":"for you","language_name":"english","language_id":38},"transliteration":{"text":"laka","language_name":"english","language_id":38}},{"id":39285,"position":14,"audio_url":"wbw/013_037_015.mp3","qpc_uthmani_hafs":"مِنَ","char_type_name":"word","page_number":254,"line_number":7,"text":"ﮕ","translation":{"text":"against","language_name":"english","language_id":38},"transliteration":{"text":"mina","language_name":"english","language_id":38}},{"id":39286,"position":15,"audio_url":"wbw/013_037_016.mp3","qpc_uthmani_hafs":"ٱللَّهِ","char_type_name":"word","page_number":254,"line_number":7,"text":"ﮖ","translation":{"text":"Allah","language_name":"english","language_id":38},"transliteration":{"text":"l-lahi","language_name":"english","language_id":38}},{"id":39287,"position":16,"audio_url":"wbw/013_037_017.mp3","qpc_uthmani_hafs":"مِن","char_type_name":"word","page_number":254,"line_number":7,"text":"ﮗ","translation":{"text":"any","language_name":"english","language_id":38},"transliteration":{"text":"min","language_name":"english","language_id":38}},{"id":39288,"position":17,"audio_url":"wbw/013_037_018.mp3","qpc_uthmani_hafs":"وَلِيّٖ","char_type_name":"word","page_number":254,"line_number":7,"text":"ﮘ","translation":{"text":"protector","language_name":"english","language_id":38},"transliteration":{"text":"waliyyin","language_name":"english","language_id":38}},{"id":39289,"position":18,"audio_url":"wbw/013_037_019.mp3","qpc_uthmani_hafs":"وَلَا","char_type_name":"word","page_number":254,"line_number":7,"text":"ﮙ","translation":{"text":"and not","language_name":"english","language_id":38},"transliteration":{"text":"walā","language_name":"english","language_id":38}},{"id":39290,"position":19,"audio_url":"wbw/013_037_020.mp3","qpc_uthmani_hafs":"وَاقٖ","char_type_name":"word","page_number":254,"line_number":7,"text":"ﮚ","translation":{"text":"defender","language_name":"english","language_id":38},"transliteration":{"text":"wāqin","language_name":"english","language_id":38}},{"id":39291,"position":20,"audio_url":null,"qpc_uthmani_hafs":"٣٧","char_type_name":"end","page_number":254,"line_number":7,"text":"ﮛ","translation":{"text":"(37)","language_name":"english","language_id":38},"transliteration":{"text":null,"language_name":"english","language_id":38}}],"translations":[{"id":918173,"resource_id":134,"text":"Dan demikianlah, Kami telah menurunkan Al-Qur`ān itu sebagai peraturan (yang benar) dalam bahasa Arab <sup foot_note=210545>1</sup>.  Dan seandainya kamu mengikuti hawa nafsu mereka setelah datang pengetahuan kepadamu, maka sekali-kali tidak ada pelindung dan pemelihara bagimu terhadap (siksa) Allah."}]},{"id":1745,"verse_number":38,"verse_key":"13:38","juz_number":13,"hizb_number":26,"rub_el_hizb_number":102,"ruku_number":210,"manzil_number":3,"sajdah_number":null,"text_uthmani":"وَلَقَدْ أَرْسَلْنَا رُسُلًا مِّن قَبْلِكَ وَجَعَلْنَا لَهُمْ أَزْوَٰجًا وَذُرِّيَّةً ۚ وَمَا كَانَ لِرَسُولٍ أَن يَأْتِىَ بِـَٔايَةٍ إِلَّا بِإِذْنِ ٱللَّهِ ۗ لِكُلِّ أَجَلٍ كِتَابٌ","page_number":254,"words":[{"id":40100,"position":1,"audio_url":"wbw/013_038_001.mp3","qpc_uthmani_hafs":"وَلَقَدۡ","char_type_name":"word","page_number":254,"line_number":7,"text":"ﮜ","translation":{"text":"And certainly","language_name":"english","language_id":38},"transliteration":{"text":"walaqad","language_name":"english","language_id":38}},{"id":40101,"position":2,"audio_url":"wbw/013_038_002.mp3","qpc_uthmani_hafs":"أَرۡسَلۡنَا","char_type_name":"word","page_number":254,"line_number":8,"text":"ﮝ","translation":{"text":"We sent","language_name":"english","language_id":38},"transliteration":{"text":"arsalnā","language_name":"english","language_id":38}},{"id":40102,"position":3,"audio_url":"wbw/013_038_003.mp3","qpc_uthmani_hafs":"رُسُلٗا","char_type_name":"word","page_number":254,"line_number":8,"text":"ﮞ","translation":{"text":"Messengers","language_name":"english","language_id":38},"transliteration":{"text":"rusulan","language_name":"english","language_id":38}},{"id":40103,"position":4,"audio_url":"wbw/013_038_004.mp3","qpc_uthmani_hafs":"مِّن","char_type_name":"word","page_number":254,"line_number":8,"text":"ﮟ","translation":{"text":"from","language_name":"english","language_id":38},"transliteration":{"text":"min","language_name":"english","language_id":38}},{"id":40104,"position":5,"audio_url":"wbw/013_038_005.mp3","qpc_uthmani_hafs":"قَبۡلِكَ","char_type_name":"word","page_number":254,"line_number":8,"text":"ﮠ","translation":{"text":"before you","language_name":"english","language_id":38},"transliteration":{"text":"qablika","language_name":"english","language_id":38}},{"id":40105,"position":6,"audio_url":"wbw/013_038_006.mp3","qpc_uthmani_hafs":"وَجَعَلۡنَا","char_type_name":"word","page_number":254,"line_number":8,"text":"ﮡ","translation":{"text":"and We made","language_name":"english","language_id":38},"transliteration":{"text":"wajaʿalnā","language_name":"english","language_id":38}},{"id":40106,"position":7,"audio_url":"wbw/013_038_007.mp3","qpc_uthmani_hafs":"لَهُمۡ","char_type_name":"word","page_number":254,"line_number":8,"text":"ﮢ","translation":{"text":"for them","language_name":"english","language_id":38},"transliteration":{"text":"lahum","language_name":"english","language_id":38}},{"id":40107,"position":8,"audio_url":"wbw/013_038_008.mp3","qpc_uthmani_hafs":"أَزۡوَٰجٗا","char_type_name":"word","page_number":254,"line_number":8,"text":"ﮣ","translation":{"text":"wives","language_name":"english","language_id":38},"transliteration":{"text":"azwājan","language_name":"english","language_id":38}},{"id":40108,"position":9,"audio_url":"wbw/013_038_009.mp3","qpc_uthmani_hafs":"وَذُرِّيَّةٗۚ","char_type_name":"word","page_number":254,"line_number":8,"text":"ﮤﮥ","translation":{"text":"and offspring","language_name":"english","language_id":38},"transliteration":{"text":"wadhurriyyatan","language_name":"english","language_id":38}},{"id":40110,"position":10,"audio_url":"wbw/013_038_011.mp3","qpc_uthmani_hafs":"وَمَا","char_type_name":"word","page_number":254,"line_number":8,"text":"ﮦ","translation":{"text":"And not","language_name":"english","language_id":38},"transliteration":{"text":"wamā","language_name":"english","language_id":38}},{"id":40111,"position":11,"audio_url":"wbw/013_038_012.mp3","qpc_uthmani_hafs":"كَانَ","char_type_name":"word","page_number":254,"line_number":8,"text":"ﮧ","translation":{"text":"was","language_name":"english","language_id":38},"transliteration":{"text":"kāna","language_name":"english","language_id":38}},{"id":40112,"position":12,"audio_url":"wbw/013_038_013.mp3","qpc_uthmani_hafs":"لِرَسُولٍ","char_type_name":"word","page_number":254,"line_number":9,"text":"ﮨ","translation":{"text":"for a Messenger","language_name":"english","language_id":38},"transliteration":{"text":"lirasūlin","language_name":"english","language_id":38}},{"id":40113,"position":13,"audio_url":"wbw/013_038_014.mp3","qpc_uthmani_hafs":"أَن","char_type_name":"word","page_number":254,"line_number":9,"text":"ﮩ","translation":{"text":"that","language_name":"english","language_id":38},"transliteration":{"text":"an","language_name":"english","language_id":38}},{"id":40114,"position":14,"audio_url":"wbw/013_038_015.mp3","qpc_uthmani_hafs":"يَأۡتِيَ","char_type_name":"word","page_number":254,"line_number":9,"text":"ﮪ","translation":{"text":"he comes","language_name":"english","language_id":38},"transliteration":{"text":"yatiya","language_name":"english","language_id":38}},{"id":40115,"position":15,"audio_url":"wbw/013_038_016.mp3","qpc_uthmani_hafs":"بِـَٔايَةٍ","char_type_name":"word","page_number":254,"line_number":9,"text":"ﮫ","translation":{"text":"with a sign","language_name":"english","language_id":38},"transliteration":{"text":"biāyatin","language_name":"english","language_id":38}},{"id":40116,"position":16,"audio_url":"wbw/013_038_017.mp3","qpc_uthmani_hafs":"إِلَّا","char_type_name":"word","page_number":254,"line_number":9,"text":"ﮬ","translation":{"text":"except","language_name":"english","language_id":38},"transliteration":{"text":"illā","language_name":"english","language_id":38}},{"id":40117,"position":17,"audio_url":"wbw/013_038_018.mp3","qpc_uthmani_hafs":"بِإِذۡنِ","char_type_name":"word","page_number":254,"line_number":9,"text":"ﮭ","translation":{"text":"by the leave","language_name":"english","language_id":38},"transliteration":{"text":"bi-idh'ni","language_name":"english","language_id":38}},{"id":40118,"position":18,"audio_url":"wbw/013_038_019.mp3","qpc_uthmani_hafs":"ٱللَّهِۗ","char_type_name":"word","page_number":254,"line_number":9,"text":"ﮮﮯ","translation":{"text":"(of) Allah","language_name":"english","language_id":38},"transliteration":{"text":"l-lahi","language_name":"english","language_id":38}},{"id":40120,"position":19,"audio_url":"wbw/013_038_021.mp3","qpc_uthmani_hafs":"لِكُلِّ","char_type_name":"word","page_number":254,"line_number":9,"text":"ﮰ","translation":{"text":"For everything","language_name":"english","language_id":38},"transliteration":{"text":"likulli","language_name":"english","language_id":38}},{"id":40121,"position":20,"audio_url":"wbw/013_038_022.mp3","qpc_uthmani_hafs":"أَجَلٖ","char_type_name":"word","page_number":254,"line_number":9,"text":"ﮱ","translation":{"text":"(is) a time","language_name":"english","language_id":38},"transliteration":{"text":"ajalin","language_name":"english","language_id":38}},{"id":40122,"position":21,"audio_url":"wbw/013_038_023.mp3","qpc_uthmani_hafs":"كِتَابٞ","char_type_name":"word","page_number":254,"line_number":9,"text":"ﯓ","translation":{"text":"prescribed","language_name":"english","language_id":38},"transliteration":{"text":"kitābun","language_name":"english","language_id":38}},{"id":40123,"position":22,"audio_url":null,"qpc_uthmani_hafs":"٣٨","char_type_name":"end","page_number":254,"line_number":9,"text":"ﯔ","translation":{"text":"(38)","language_name":"english","language_id":38},"transliteration":{"text":null,"language_name":"english","language_id":38}}],"translations":[{"id":918174,"resource_id":134,"text":"Dan sesungguhnya Kami telah mengutus beberapa rasul sebelum kamu dan Kami memberikan kepada mereka istri-istri dan keturunan.  Dan tidak ada hak bagi seorang rasul mendatangkan sesuatu ayat (mukjizat) melainkan dengan izin Allah. Bagi tiap-tiap masa ada Kitab (yang tertentu) <sup foot_note=210546>1</sup>."}]},{"id":1746,"verse_number":39,"verse_key":"13:39","juz_number":13,"hizb_number":26,"rub_el_hizb_number":102,"ruku_number":210,"manzil_number":3,"sajdah_number":null,"text_uthmani":"يَمْحُوا۟ ٱللَّهُ مَا يَشَآءُ وَيُثْبِتُ ۖ وَعِندَهُۥٓ أُمُّ ٱلْكِتَـٰبِ","page_number":254,"words":[{"id":40870,"position":1,"audio_url":"wbw/013_039_001.mp3","qpc_uthmani_hafs":"يَمۡحُواْ","char_type_name":"word","page_number":254,"line_number":10,"text":"ﯕ","translation":{"text":"(Is) eliminated","language_name":"english","language_id":38},"transliteration":{"text":"yamḥū","language_name":"english","language_id":38}},{"id":40871,"position":2,"audio_url":"wbw/013_039_002.mp3","qpc_uthmani_hafs":"ٱللَّهُ","char_type_name":"word","page_number":254,"line_number":10,"text":"ﯖ","translation":{"text":"(by) Allah","language_name":"english","language_id":38},"transliteration":{"text":"l-lahu","language_name":"english","language_id":38}},{"id":40872,"position":3,"audio_url":"wbw/013_039_003.mp3","qpc_uthmani_hafs":"مَا","char_type_name":"word","page_number":254,"line_number":10,"text":"ﯗ","translation":{"text":"what","language_name":"english","language_id":38},"transliteration":{"text":"mā","language_name":"english","language_id":38}},{"id":40873,"position":4,"audio_url":"wbw/013_039_004.mp3","qpc_uthmani_hafs":"يَشَآءُ","char_type_name":"word","page_number":254,"line_number":10,"text":"ﯘ","translation":{"text":"He wills","language_name":"english","language_id":38},"transliteration":{"text":"yashāu","language_name":"english","language_id":38}},{"id":40874,"position":5,"audio_url":"wbw/013_039_005.mp3","qpc_uthmani_hafs":"وَيُثۡبِتُۖ","char_type_name":"word","page_number":254,"line_number":10,"text":"ﯙﯚ","translation":{"text":"and confirms","language_name":"english","language_id":38},"transliteration":{"text":"wayuth'bitu","language_name":"english","language_id":38}},{"id":40876,"position":6,"audio_url":"wbw/013_039_007.mp3","qpc_uthmani_hafs":"وَعِندَهُۥٓ","char_type_name":"word","page_number":254,"line_number":10,"text":"ﯛ","translation":{"text":"and with Him","language_name":"english","language_id":38},"transliteration":{"text":"waʿindahu","language_name":"english","language_id":38}},{"id":40877,"position":7,"audio_url":"wbw/013_039_008.mp3","qpc_uthmani_hafs":"أُمُّ","char_type_name":"word","page_number":254,"line_number":10,"text":"ﯜ","translation":{"text":"(is) the Mother (of) the Book","language_name":"english","language_id":38},"transliteration":{"text":"ummu","language_name":"english","language_id":38}},{"id":40878,"position":8,"audio_url":"wbw/013_039_009.mp3","qpc_uthmani_hafs":"ٱلۡكِتَٰبِ","char_type_name":"word","page_number":254,"line_number":10,"text":"ﯝ","translation":{"text":"(is) the Mother (of) the Book","language_name":"english","language_id":38},"transliteration":{"text":"l-kitābi","language_name":"english","language_id":38}},{"id":40879,"position":9,"audio_url":null,"qpc_uthmani_hafs":"٣٩","char_type_name":"end","page_number":254,"line_number":10,"text":"ﯞ","translation":{"text":"(39)","language_name":"english","language_id":38},"transliteration":{"text":null,"language_name":"english","language_id":38}}],"translations":[{"id":918175,"resource_id":134,"text":"Allah menghapuskan apa yang Dia kehendaki dan menetapkan (apa yang Dia kehendaki) dan di sisi-Nya-lah terdapat Ummul-Kitāb (Lawḥ Maḥfūẓ)."}]},{"id":1747,"verse_number":40,"verse_key":"13:40","juz_number":13,"hizb_number":26,"rub_el_hizb_number":102,"ruku_number":210,"manzil_number":3,"sajdah_number":null,"text_uthmani":"وَإِن مَّا نُرِيَنَّكَ بَعْضَ ٱلَّذِى نَعِدُهُمْ أَوْ نَتَوَفَّيَنَّكَ فَإِنَّمَا عَلَيْكَ ٱلْبَلَـٰغُ وَعَلَيْنَا ٱلْحِسَابُ","page_number":254,"words":[{"id":41762,"position":1,"audio_url":"wbw/013_040_001.mp3","qpc_uthmani_hafs":"وَإِن","char_type_name":"word","page_number":254,"line_number":11,"text":"ﯟ","translation":{"text":"And whether","language_name":"english","language_id":38},"transliteration":{"text":"wa-in","language_name":"english","language_id":38}},{"id":41763,"position":2,"audio_url":"wbw/013_040_002.mp3","qpc_uthmani_hafs":"مَّا","char_type_name":"word","page_number":254,"line_number":11,"text":"ﯠ","translation":{"text":"(what)","language_name":"english","language_id":38},"transliteration":{"text":"mā","language_name":"english","language_id":38}},{"id":41764,"position":3,"audio_url":"wbw/013_040_003.mp3","qpc_uthmani_hafs":"نُرِيَنَّكَ","char_type_name":"word","page_number":254,"line_number":11,"text":"ﯡ","translation":{"text":"We show you","language_name":"english","language_id":38},"transliteration":{"text":"nuriyannaka","language_name":"english","language_id":38}},{"id":41765,"position":4,"audio_url":"wbw/013_040_004.mp3","qpc_uthmani_hafs":"بَعۡضَ","char_type_name":"word","page_number":254,"line_number":11,"text":"ﯢ","translation":{"text":"a part","language_name":"english","language_id":38},"transliteration":{"text":"baʿḍa","language_name":"english","language_id":38}},{"id":41766,"position":5,"audio_url":"wbw/013_040_005.mp3","qpc_uthmani_hafs":"ٱلَّذِي","char_type_name":"word","page_number":254,"line_number":11,"text":"ﯣ","translation":{"text":"(of) what","language_name":"english","language_id":38},"transliteration":{"text":"alladhī","language_name":"english","language_id":38}},{"id":41767,"position":6,"audio_url":"wbw/013_040_006.mp3","qpc_uthmani_hafs":"نَعِدُهُمۡ","char_type_name":"word","page_number":254,"line_number":11,"text":"ﯤ","translation":{"text":"We have promised them","language_name":"english","language_id":38},"transliteration":{"text":"naʿiduhum","language_name":"english","language_id":38}},{"id":41768,"position":7,"audio_url":"wbw/013_040_007.mp3","qpc_uthmani_hafs":"أَوۡ","char_type_name":"word","page_number":254,"line_number":11,"text":"ﯥ","translation":{"text":"or","language_name":"english","language_id":38},"transliteration":{"text":"aw","language_name":"english","language_id":38}},{"id":41769,"position":8,"audio_url":"wbw/013_040_008.mp3","qpc_uthmani_hafs":"نَتَوَفَّيَنَّكَ","char_type_name":"word","page_number":254,"line_number":11,"text":"ﯦ","translation":{"text":"We cause you to die","language_name":"english","language_id":38},"transliteration":{"text":"natawaffayannaka","language_name":"english","language_id":38}},{"id":41770,"position":9,"audio_url":"wbw/013_040_009.mp3","qpc_uthmani_hafs":"فَإِنَّمَا","char_type_name":"word","page_number":254,"line_number":11,"text":"ﯧ","translation":{"text":"so only","language_name":"english","language_id":38},"transliteration":{"text":"fa-innamā","language_name":"english","language_id":38}},{"id":41771,"position":10,"audio_url":"wbw/013_040_010.mp3","qpc_uthmani_hafs":"عَلَيۡكَ","char_type_name":"word","page_number":254,"line_number":11,"text":"ﯨ","translation":{"text":"on you","language_name":"english","language_id":38},"transliteration":{"text":"ʿalayka","language_name":"english","language_id":38}},{"id":41772,"position":11,"audio_url":"wbw/013_040_011.mp3","qpc_uthmani_hafs":"ٱلۡبَلَٰغُ","char_type_name":"word","page_number":254,"line_number":12,"text":"ﯩ","translation":{"text":"(is) the conveyance","language_name":"english","language_id":38},"transliteration":{"text":"l-balāghu","language_name":"english","language_id":38}},{"id":41773,"position":12,"audio_url":"wbw/013_040_012.mp3","qpc_uthmani_hafs":"وَعَلَيۡنَا","char_type_name":"word","page_number":254,"line_number":12,"text":"ﯪ","translation":{"text":"and on Us","language_name":"english","language_id":38},"transliteration":{"text":"waʿalaynā","language_name":"english","language_id":38}},{"id":41774,"position":13,"audio_url":"wbw/013_040_013.mp3","qpc_uthmani_hafs":"ٱلۡحِسَابُ","char_type_name":"word","page_number":254,"line_number":12,"text":"ﯫ","translation":{"text":"(is) the reckoning","language_name":"english","language_id":38},"transliteration":{"text":"l-ḥisābu","language_name":"english","language_id":38}},{"id":41775,"position":14,"audio_url":null,"qpc_uthmani_hafs":"٤٠","char_type_name":"end","page_number":254,"line_number":12,"text":"ﯬ","translation":{"text":"(40)","language_name":"english","language_id":38},"transliteration":{"text":null,"language_name":"english","language_id":38}}],"translations":[{"id":918176,"resource_id":134,"text":"Dan jika Kami perlihatkan kepadamu sebagian (siksa) yang Kami ancamkan kepada mereka atau Kami wafatkan kamu (hal itu tidak penting bagimu) karena sesungguhnya tugasmu hanya menyampaikan saja, sedang Kami-lah yang menghisab amalan mereka."}]},{"id":1748,"verse_number":41,"verse_key":"13:41","juz_number":13,"hizb_number":26,"rub_el_hizb_number":102,"ruku_number":210,"manzil_number":3,"sajdah_number":null,"text_uthmani":"أَوَلَمْ يَرَوْا۟ أَنَّا نَأْتِى ٱلْأَرْضَ نَنقُصُهَا مِنْ أَطْرَافِهَا ۚ وَٱللَّهُ يَحْكُمُ لَا مُعَقِّبَ لِحُكْمِهِۦ ۚ وَهُوَ سَرِيعُ ٱلْحِسَابِ","page_number":254,"words":[{"id":42533,"position":1,"audio_url":"wbw/013_041_001.mp3","qpc_uthmani_hafs":"أَوَلَمۡ","char_type_name":"word","page_number":254,"line_number":12,"text":"ﯭ","translation":{"text":"Did not","language_name":"english","language_id":38},"transliteration":{"text":"awalam","language_name":"english","language_id":38}},{"id":42534,"position":2,"audio_url":"wbw/013_041_002.mp3","qpc_uthmani_hafs":"يَرَوۡاْ","char_type_name":"word","page_number":254,"line_number":12,"text":"ﯮ","translation":{"text":"they see","language_name":"english","language_id":38},"transliteration":{"text":"yaraw","language_name":"english","language_id":38}},{"id":42535,"position":3,"audio_url":"wbw/013_041_003.mp3","qpc_uthmani_hafs":"أَنَّا","char_type_name":"word","page_number":254,"line_number":12,"text":"ﯯ","translation":{"text":"that We","language_name":"english","language_id":38},"transliteration":{"text":"annā","language_name":"english","language_id":38}},{"id":42536,"position":4,"audio_url":"wbw/013_041_004.mp3","qpc_uthmani_hafs":"نَأۡتِي","char_type_name":"word","page_number":254,"line_number":12,"text":"ﯰ","translation":{"text":"come","language_name":"english","language_id":38},"transliteration":{"text":"natī","language_name":"english","language_id":38}},{"id":42537,"position":5,"audio_url":"wbw/013_041_005.mp3","qpc_uthmani_hafs":"ٱلۡأَرۡضَ","char_type_name":"word","page_number":254,"line_number":12,"text":"ﯱ","translation":{"text":"(to) the land","language_name":"english","language_id":38},"transliteration":{"text":"l-arḍa","language_name":"english","language_id":38}},{"id":42538,"position":6,"audio_url":"wbw/013_041_006.mp3","qpc_uthmani_hafs":"نَنقُصُهَا","char_type_name":"word","page_number":254,"line_number":12,"text":"ﯲ","translation":{"text":"reducing it","language_name":"english","language_id":38},"transliteration":{"text":"nanquṣuhā","language_name":"english","language_id":38}},{"id":42539,"position":7,"audio_url":"wbw/013_041_007.mp3","qpc_uthmani_hafs":"مِنۡ","char_type_name":"word","page_number":254,"line_number":13,"text":"ﯳ","translation":{"text":"from","language_name":"english","language_id":38},"transliteration":{"text":"min","language_name":"english","language_id":38}},{"id":42540,"position":8,"audio_url":"wbw/013_041_008.mp3","qpc_uthmani_hafs":"أَطۡرَافِهَاۚ","char_type_name":"word","page_number":254,"line_number":13,"text":"ﯴﯵ","translation":{"text":"its borders","language_name":"english","language_id":38},"transliteration":{"text":"aṭrāfihā","language_name":"english","language_id":38}},{"id":42542,"position":9,"audio_url":"wbw/013_041_010.mp3","qpc_uthmani_hafs":"وَٱللَّهُ","char_type_name":"word","page_number":254,"line_number":13,"text":"ﯶ","translation":{"text":"And Allah","language_name":"english","language_id":38},"transliteration":{"text":"wal-lahu","language_name":"english","language_id":38}},{"id":42543,"position":10,"audio_url":"wbw/013_041_011.mp3","qpc_uthmani_hafs":"يَحۡكُمُ","char_type_name":"word","page_number":254,"line_number":13,"text":"ﯷ","translation":{"text":"judges","language_name":"english","language_id":38},"transliteration":{"text":"yaḥkumu","language_name":"english","language_id":38}},{"id":42544,"position":11,"audio_url":"wbw/013_041_012.mp3","qpc_uthmani_hafs":"لَا","char_type_name":"word","page_number":254,"line_number":13,"text":"ﯸ","translation":{"text":"(there is) no","language_name":"english","language_id":38},"transliteration":{"text":"lā","language_name":"english","language_id":38}},{"id":42545,"position":12,"audio_url":"wbw/013_041_013.mp3","qpc_uthmani_hafs":"مُعَقِّبَ","char_type_name":"word","page_number":254,"line_number":13,"text":"ﯹ","translation":{"text":"adjuster","language_name":"english","language_id":38},"transliteration":{"text":"muʿaqqiba","language_name":"english","language_id":38}},{"id":42546,"position":13,"audio_url":"wbw/013_041_014.mp3","qpc_uthmani_hafs":"لِحُكۡمِهِۦۚ","char_type_name":"word","page_number":254,"line_number":13,"text":"ﯺﯻ","translation":{"text":"(of) His Judgment","language_name":"english","language_id":38},"transliteration":{"text":"liḥuk'mihi","language_name":"english","language_id":38}},{"id":42548,"position":14,"audio_url":"wbw/013_041_016.mp3","qpc_uthmani_hafs":"وَهُوَ","char_type_name":"word","page_number":254,"line_number":13,"text":"ﯼ","translation":{"text":"And He","language_name":"english","language_id":38},"transliteration":{"text":"wahuwa","language_name":"english","language_id":38}},{"id":42549,"position":15,"audio_url":"wbw/013_041_017.mp3","qpc_uthmani_hafs":"سَرِيعُ","char_type_name":"word","page_number":254,"line_number":13,"text":"ﯽ","translation":{"text":"(is) Swift","language_name":"english","language_id":38},"transliteration":{"text":"sarīʿu","language_name":"english","language_id":38}},{"id":42550,"position":16,"audio_url":"wbw/013_041_018.mp3","qpc_uthmani_hafs":"ٱلۡحِسَابِ","char_type_name":"word","page_number":254,"line_number":14,"text":"ﯾ","translation":{"text":"(in) the reckoning","language_name":"english","language_id":38},"transliteration":{"text":"l-ḥisābi","language_name":"english","language_id":38}},{"id":42551,"position":17,"audio_url":null,"qpc_uthmani_hafs":"٤١","char_type_name":"end","page_number":254,"line_number":14,"text":"ﯿ","translation":{"text":"(41)","language_name":"english","language_id":38},"transliteration":{"text":null,"language_name":"english","language_id":38}}],"translations":[{"id":918177,"resource_id":134,"text":"Dan apakah mereka tidak melihat bahwa sesungguhnya Kami mendatangi daerah-daerah (orang-orang kafir), lalu Kami kurangi daerah-daerah itu (sedikit demi sedikit) dari tepi-tepinya? Dan Allah menetapkan hukum (menurut kehendak-Nya), tidak ada yang dapat menolak ketetapan-Nya dan Dia-lah Yang Maha cepat hisab-Nya."}]},{"id":1749,"verse_number":42,"verse_key":"13:42","juz_number":13,"hizb_number":26,"rub_el_hizb_number":102,"ruku_number":210,"manzil_number":3,"sajdah_number":null,"text_uthmani":"وَقَدْ مَكَرَ ٱلَّذِينَ مِن قَبْلِهِمْ فَلِلَّهِ ٱلْمَكْرُ جَمِيعًا ۖ يَعْلَمُ مَا تَكْسِبُ كُلُّ نَفْسٍ ۗ وَسَيَعْلَمُ ٱلْكُفَّـٰرُ لِمَنْ عُقْبَى ٱلدَّارِ","page_number":254,"words":[{"id":43232,"position":1,"audio_url":"wbw/013_042_001.mp3","qpc_uthmani_hafs":"وَقَدۡ","char_type_name":"word","page_number":254,"line_number":14,"text":"ﰀ","translation":{"text":"And certainly","language_name":"english","language_id":38},"transliteration":{"text":"waqad","language_name":"english","language_id":38}},{"id":43233,"position":2,"audio_url":"wbw/013_042_002.mp3","qpc_uthmani_hafs":"مَكَرَ","char_type_name":"word","page_number":254,"line_number":14,"text":"ﰁ","translation":{"text":"plotted","language_name":"english","language_id":38},"transliteration":{"text":"makara","language_name":"english","language_id":38}},{"id":43234,"position":3,"audio_url":"wbw/013_042_003.mp3","qpc_uthmani_hafs":"ٱلَّذِينَ","char_type_name":"word","page_number":254,"line_number":14,"text":"ﰂ","translation":{"text":"those who","language_name":"english","language_id":38},"transliteration":{"text":"alladhīna","language_name":"english","language_id":38}},{"id":43235,"position":4,"audio_url":"wbw/013_042_004.mp3","qpc_uthmani_hafs":"مِن","char_type_name":"word","page_number":254,"line_number":14,"text":"ﰃ","translation":{"text":"(were) from","language_name":"english","language_id":38},"transliteration":{"text":"min","language_name":"english","language_id":38}},{"id":43236,"position":5,"audio_url":"wbw/013_042_005.mp3","qpc_uthmani_hafs":"قَبۡلِهِمۡ","char_type_name":"word","page_number":254,"line_number":14,"text":"ﰄ","translation":{"text":"before them","language_name":"english","language_id":38},"transliteration":{"text":"qablihim","language_name":"english","language_id":38}},{"id":43237,"position":6,"audio_url":"wbw/013_042_006.mp3","qpc_uthmani_hafs":"فَلِلَّهِ","char_type_name":"word","page_number":254,"line_number":14,"text":"ﰅ","translation":{"text":"but for Allah","language_name":"english","language_id":38},"transliteration":{"text":"falillahi","language_name":"english","language_id":38}},{"id":43238,"position":7,"audio_url":"wbw/013_042_007.mp3","qpc_uthmani_hafs":"ٱلۡمَكۡرُ","char_type_name":"word","page_number":254,"line_number":14,"text":"ﰆ","translation":{"text":"(is) the plot","language_name":"english","language_id":38},"transliteration":{"text":"l-makru","language_name":"english","language_id":38}},{"id":43239,"position":8,"audio_url":"wbw/013_042_008.mp3","qpc_uthmani_hafs":"جَمِيعٗاۖ","char_type_name":"word","page_number":254,"line_number":14,"text":"ﰇﰈ","translation":{"text":"all","language_name":"english","language_id":38},"transliteration":{"text":"jamīʿan","language_name":"english","language_id":38}},{"id":43241,"position":9,"audio_url":"wbw/013_042_010.mp3","qpc_uthmani_hafs":"يَعۡلَمُ","char_type_name":"word","page_number":254,"line_number":15,"text":"ﰉ","translation":{"text":"He knows","language_name":"english","language_id":38},"transliteration":{"text":"yaʿlamu","language_name":"english","language_id":38}},{"id":43242,"position":10,"audio_url":"wbw/013_042_011.mp3","qpc_uthmani_hafs":"مَا","char_type_name":"word","page_number":254,"line_number":15,"text":"ﰊ","translation":{"text":"what","language_name":"english","language_id":38},"transliteration":{"text":"mā","language_name":"english","language_id":38}},{"id":43243,"position":11,"audio_url":"wbw/013_042_012.mp3","qpc_uthmani_hafs":"تَكۡسِبُ","char_type_name":"word","page_number":254,"line_number":15,"text":"ﰋ","translation":{"text":"earns","language_name":"english","language_id":38},"transliteration":{"text":"taksibu","language_name":"english","language_id":38}},{"id":43244,"position":12,"audio_url":"wbw/013_042_013.mp3","qpc_uthmani_hafs":"كُلُّ","char_type_name":"word","page_number":254,"line_number":15,"text":"ﰌ","translation":{"text":"every","language_name":"english","language_id":38},"transliteration":{"text":"kullu","language_name":"english","language_id":38}},{"id":43245,"position":13,"audio_url":"wbw/013_042_014.mp3","qpc_uthmani_hafs":"نَفۡسٖۗ","char_type_name":"word","page_number":254,"line_number":15,"text":"ﰍﰎ","translation":{"text":"soul","language_name":"english","language_id":38},"transliteration":{"text":"nafsin","language_name":"english","language_id":38}},{"id":43247,"position":14,"audio_url":"wbw/013_042_016.mp3","qpc_uthmani_hafs":"وَسَيَعۡلَمُ","char_type_name":"word","page_number":254,"line_number":15,"text":"ﰏ","translation":{"text":"and will know","language_name":"english","language_id":38},"transliteration":{"text":"wasayaʿlamu","language_name":"english","language_id":38}},{"id":43248,"position":15,"audio_url":"wbw/013_042_017.mp3","qpc_uthmani_hafs":"ٱلۡكُفَّٰرُ","char_type_name":"word","page_number":254,"line_number":15,"text":"ﰐ","translation":{"text":"the disbelievers","language_name":"english","language_id":38},"transliteration":{"text":"l-kufāru","language_name":"english","language_id":38}},{"id":43249,"position":16,"audio_url":"wbw/013_042_018.mp3","qpc_uthmani_hafs":"لِمَنۡ","char_type_name":"word","page_number":254,"line_number":15,"text":"ﰑ","translation":{"text":"for whom","language_name":"english","language_id":38},"transliteration":{"text":"liman","language_name":"english","language_id":38}},{"id":43250,"position":17,"audio_url":"wbw/013_042_019.mp3","qpc_uthmani_hafs":"عُقۡبَى","char_type_name":"word","page_number":254,"line_number":15,"text":"ﰒ","translation":{"text":"(is) the final","language_name":"english","language_id":38},"transliteration":{"text":"ʿuq'bā","language_name":"english","language_id":38}},{"id":43251,"position":18,"audio_url":"wbw/013_042_020.mp3","qpc_uthmani_hafs":"ٱلدَّارِ","char_type_name":"word","page_number":254,"line_number":15,"text":"ﰓ","translation":{"text":"the home","language_name":"english","language_id":38},"transliteration":{"text":"l-dāri","language_name":"english","language_id":38}},{"id":43252,"position":19,"audio_url":null,"qpc_uthmani_hafs":"٤٢","char_type_name":"end","page_number":254,"line_number":15,"text":"ﰔ","translation":{"text":"(42)","language_name":"english","language_id":38},"transliteration":{"text":null,"language_name":"english","language_id":38}}],"translations":[{"id":918178,"resource_id":134,"text":"Dan sungguh orang-orang kafir yang sebelum mereka (kafir Mekah) telah mengadakan tipu daya, tetapi semua tipu daya itu adalah dalam kekuasaan Allah.  Dia mengetahui apa yang diusahakan oleh setiap diri dan orang-orang kafir akan mengetahui untuk siapa tempat kesudahan (yang baik) itu."}]}],"pagination":{"per_page":50,"current_page":1,"next_page":null,"total_pages":1,"total_records":8}}