{"verses":[{"id":1761,"verse_number":11,"verse_key":"14:11","juz_number":13,"hizb_number":26,"rub_el_hizb_number":103,"ruku_number":212,"manzil_number":3,"sajdah_number":null,"text_uthmani":"قَالَتْ لَهُمْ رُسُلُهُمْ إِن نَّحْنُ إِلَّا بَشَرٌ مِّثْلُكُمْ وَلَـٰكِنَّ ٱللَّهَ يَمُنُّ عَلَىٰ مَن يَشَآءُ مِنْ عِبَادِهِۦ ۖ وَمَا كَانَ لَنَآ أَن نَّأْتِيَكُم بِسُلْطَـٰنٍ إِلَّا بِإِذْنِ ٱللَّهِ ۚ وَعَلَى ٱللَّهِ فَلْيَتَوَكَّلِ ٱلْمُؤْمِنُونَ","page_number":257,"words":[{"id":13215,"position":1,"audio_url":"wbw/014_011_001.mp3","qpc_uthmani_hafs":"قَالَتۡ","char_type_name":"word","page_number":257,"line_number":1,"text":"ﭑ","translation":{"text":"Said","language_name":"english","language_id":38},"transliteration":{"text":"qālat","language_name":"english","language_id":38}},{"id":13216,"position":2,"audio_url":"wbw/014_011_002.mp3","qpc_uthmani_hafs":"لَهُمۡ","char_type_name":"word","page_number":257,"line_number":1,"text":"ﭒ","translation":{"text":"to them","language_name":"english","language_id":38},"transliteration":{"text":"lahum","language_name":"english","language_id":38}},{"id":13217,"position":3,"audio_url":"wbw/014_011_003.mp3","qpc_uthmani_hafs":"رُسُلُهُمۡ","char_type_name":"word","page_number":257,"line_number":1,"text":"ﭓ","translation":{"text":"their Messengers","language_name":"english","language_id":38},"transliteration":{"text":"rusuluhum","language_name":"english","language_id":38}},{"id":13218,"position":4,"audio_url":"wbw/014_011_004.mp3","qpc_uthmani_hafs":"إِن","char_type_name":"word","page_number":257,"line_number":1,"text":"ﭔ","translation":{"text":"Not","language_name":"english","language_id":38},"transliteration":{"text":"in","language_name":"english","language_id":38}},{"id":13219,"position":5,"audio_url":"wbw/014_011_005.mp3","qpc_uthmani_hafs":"نَّحۡنُ","char_type_name":"word","page_number":257,"line_number":1,"text":"ﭕ","translation":{"text":"we (are)","language_name":"english","language_id":38},"transliteration":{"text":"naḥnu","language_name":"english","language_id":38}},{"id":13220,"position":6,"audio_url":"wbw/014_011_006.mp3","qpc_uthmani_hafs":"إِلَّا","char_type_name":"word","page_number":257,"line_number":1,"text":"ﭖ","translation":{"text":"but","language_name":"english","language_id":38},"transliteration":{"text":"illā","language_name":"english","language_id":38}},{"id":13221,"position":7,"audio_url":"wbw/014_011_007.mp3","qpc_uthmani_hafs":"بَشَرٞ","char_type_name":"word","page_number":257,"line_number":1,"text":"ﭗ","translation":{"text":"a human","language_name":"english","language_id":38},"transliteration":{"text":"basharun","language_name":"english","language_id":38}},{"id":13222,"position":8,"audio_url":"wbw/014_011_008.mp3","qpc_uthmani_hafs":"مِّثۡلُكُمۡ","char_type_name":"word","page_number":257,"line_number":1,"text":"ﭘ","translation":{"text":"like you","language_name":"english","language_id":38},"transliteration":{"text":"mith'lukum","language_name":"english","language_id":38}},{"id":13223,"position":9,"audio_url":"wbw/014_011_009.mp3","qpc_uthmani_hafs":"وَلَٰكِنَّ","char_type_name":"word","page_number":257,"line_number":1,"text":"ﭙ","translation":{"text":"but","language_name":"english","language_id":38},"transliteration":{"text":"walākinna","language_name":"english","language_id":38}},{"id":13224,"position":10,"audio_url":"wbw/014_011_010.mp3","qpc_uthmani_hafs":"ٱللَّهَ","char_type_name":"word","page_number":257,"line_number":1,"text":"ﭚ","translation":{"text":"Allah","language_name":"english","language_id":38},"transliteration":{"text":"l-laha","language_name":"english","language_id":38}},{"id":13225,"position":11,"audio_url":"wbw/014_011_011.mp3","qpc_uthmani_hafs":"يَمُنُّ","char_type_name":"word","page_number":257,"line_number":2,"text":"ﭛ","translation":{"text":"bestows His Grace","language_name":"english","language_id":38},"transliteration":{"text":"yamunnu","language_name":"english","language_id":38}},{"id":13226,"position":12,"audio_url":"wbw/014_011_012.mp3","qpc_uthmani_hafs":"عَلَىٰ","char_type_name":"word","page_number":257,"line_number":2,"text":"ﭜ","translation":{"text":"on","language_name":"english","language_id":38},"transliteration":{"text":"ʿalā","language_name":"english","language_id":38}},{"id":13227,"position":13,"audio_url":"wbw/014_011_013.mp3","qpc_uthmani_hafs":"مَن","char_type_name":"word","page_number":257,"line_number":2,"text":"ﭝ","translation":{"text":"whom","language_name":"english","language_id":38},"transliteration":{"text":"man","language_name":"english","language_id":38}},{"id":13228,"position":14,"audio_url":"wbw/014_011_014.mp3","qpc_uthmani_hafs":"يَشَآءُ","char_type_name":"word","page_number":257,"line_number":2,"text":"ﭞ","translation":{"text":"He wills","language_name":"english","language_id":38},"transliteration":{"text":"yashāu","language_name":"english","language_id":38}},{"id":13229,"position":15,"audio_url":"wbw/014_011_015.mp3","qpc_uthmani_hafs":"مِنۡ","char_type_name":"word","page_number":257,"line_number":2,"text":"ﭟ","translation":{"text":"of","language_name":"english","language_id":38},"transliteration":{"text":"min","language_name":"english","language_id":38}},{"id":13230,"position":16,"audio_url":"wbw/014_011_016.mp3","qpc_uthmani_hafs":"عِبَادِهِۦۖ","char_type_name":"word","page_number":257,"line_number":2,"text":"ﭠﭡ","translation":{"text":"His slaves","language_name":"english","language_id":38},"transliteration":{"text":"ʿibādihi","language_name":"english","language_id":38}},{"id":13232,"position":17,"audio_url":"wbw/014_011_018.mp3","qpc_uthmani_hafs":"وَمَا","char_type_name":"word","page_number":257,"line_number":2,"text":"ﭢ","translation":{"text":"And not","language_name":"english","language_id":38},"transliteration":{"text":"wamā","language_name":"english","language_id":38}},{"id":13233,"position":18,"audio_url":"wbw/014_011_019.mp3","qpc_uthmani_hafs":"كَانَ","char_type_name":"word","page_number":257,"line_number":2,"text":"ﭣ","translation":{"text":"is","language_name":"english","language_id":38},"transliteration":{"text":"kāna","language_name":"english","language_id":38}},{"id":13234,"position":19,"audio_url":"wbw/014_011_020.mp3","qpc_uthmani_hafs":"لَنَآ","char_type_name":"word","page_number":257,"line_number":2,"text":"ﭤ","translation":{"text":"for us","language_name":"english","language_id":38},"transliteration":{"text":"lanā","language_name":"english","language_id":38}},{"id":13235,"position":20,"audio_url":"wbw/014_011_021.mp3","qpc_uthmani_hafs":"أَن","char_type_name":"word","page_number":257,"line_number":2,"text":"ﭥ","translation":{"text":"that","language_name":"english","language_id":38},"transliteration":{"text":"an","language_name":"english","language_id":38}},{"id":13236,"position":21,"audio_url":"wbw/014_011_022.mp3","qpc_uthmani_hafs":"نَّأۡتِيَكُم","char_type_name":"word","page_number":257,"line_number":2,"text":"ﭦ","translation":{"text":"we bring you","language_name":"english","language_id":38},"transliteration":{"text":"natiyakum","language_name":"english","language_id":38}},{"id":13237,"position":22,"audio_url":"wbw/014_011_023.mp3","qpc_uthmani_hafs":"بِسُلۡطَٰنٍ","char_type_name":"word","page_number":257,"line_number":3,"text":"ﭧ","translation":{"text":"an authority","language_name":"english","language_id":38},"transliteration":{"text":"bisul'ṭānin","language_name":"english","language_id":38}},{"id":13238,"position":23,"audio_url":"wbw/014_011_024.mp3","qpc_uthmani_hafs":"إِلَّا","char_type_name":"word","page_number":257,"line_number":3,"text":"ﭨ","translation":{"text":"except","language_name":"english","language_id":38},"transliteration":{"text":"illā","language_name":"english","language_id":38}},{"id":13239,"position":24,"audio_url":"wbw/014_011_025.mp3","qpc_uthmani_hafs":"بِإِذۡنِ","char_type_name":"word","page_number":257,"line_number":3,"text":"ﭩ","translation":{"text":"by the permission of Allah","language_name":"english","language_id":38},"transliteration":{"text":"bi-idh'ni","language_name":"english","language_id":38}},{"id":13240,"position":25,"audio_url":"wbw/014_011_026.mp3","qpc_uthmani_hafs":"ٱللَّهِۚ","char_type_name":"word","page_number":257,"line_number":3,"text":"ﭪﭫ","translation":{"text":"by the permission of Allah","language_name":"english","language_id":38},"transliteration":{"text":"l-lahi","language_name":"english","language_id":38}},{"id":13242,"position":26,"audio_url":"wbw/014_011_028.mp3","qpc_uthmani_hafs":"وَعَلَى","char_type_name":"word","page_number":257,"line_number":3,"text":"ﭬ","translation":{"text":"And upon","language_name":"english","language_id":38},"transliteration":{"text":"waʿalā","language_name":"english","language_id":38}},{"id":13243,"position":27,"audio_url":"wbw/014_011_029.mp3","qpc_uthmani_hafs":"ٱللَّهِ","char_type_name":"word","page_number":257,"line_number":3,"text":"ﭭ","translation":{"text":"Allah","language_name":"english","language_id":38},"transliteration":{"text":"l-lahi","language_name":"english","language_id":38}},{"id":13244,"position":28,"audio_url":"wbw/014_011_030.mp3","qpc_uthmani_hafs":"فَلۡيَتَوَكَّلِ","char_type_name":"word","page_number":257,"line_number":3,"text":"ﭮ","translation":{"text":"so let put (their) trust","language_name":"english","language_id":38},"transliteration":{"text":"falyatawakkali","language_name":"english","language_id":38}},{"id":13245,"position":29,"audio_url":"wbw/014_011_031.mp3","qpc_uthmani_hafs":"ٱلۡمُؤۡمِنُونَ","char_type_name":"word","page_number":257,"line_number":3,"text":"ﭯ","translation":{"text":"the believers","language_name":"english","language_id":38},"transliteration":{"text":"l-mu'minūna","language_name":"english","language_id":38}},{"id":13246,"position":30,"audio_url":null,"qpc_uthmani_hafs":"١١","char_type_name":"end","page_number":257,"line_number":4,"text":"ﭰ","translation":{"text":"(11)","language_name":"english","language_id":38},"transliteration":{"text":null,"language_name":"english","language_id":38}}],"translations":[{"id":918190,"resource_id":134,"text":"Rasul-rasul mereka berkata kepada mereka, \"Kami tidak lain hanyalah manusia seperti kamu, akan tetapi Allah memberi karunia kepada siapa yang Dia kehendaki di antara hamba-hamba-Nya.  Dan tidak patut bagi kami mendatangkan suatu bukti kepada kamu, melainkan dengan izin Allah.  Dan hanya kepada Allah sajalah hendaknya orang-orang mukmin bertawakal."}]},{"id":1762,"verse_number":12,"verse_key":"14:12","juz_number":13,"hizb_number":26,"rub_el_hizb_number":103,"ruku_number":212,"manzil_number":3,"sajdah_number":null,"text_uthmani":"وَمَا لَنَآ أَلَّا نَتَوَكَّلَ عَلَى ٱللَّهِ وَقَدْ هَدَىٰنَا سُبُلَنَا ۚ وَلَنَصْبِرَنَّ عَلَىٰ مَآ ءَاذَيْتُمُونَا ۚ وَعَلَى ٱللَّهِ فَلْيَتَوَكَّلِ ٱلْمُتَوَكِّلُونَ","page_number":257,"words":[{"id":14505,"position":1,"audio_url":"wbw/014_012_001.mp3","qpc_uthmani_hafs":"وَمَا","char_type_name":"word","page_number":257,"line_number":4,"text":"ﭱ","translation":{"text":"And what","language_name":"english","language_id":38},"transliteration":{"text":"wamā","language_name":"english","language_id":38}},{"id":14506,"position":2,"audio_url":"wbw/014_012_002.mp3","qpc_uthmani_hafs":"لَنَآ","char_type_name":"word","page_number":257,"line_number":4,"text":"ﭲ","translation":{"text":"(is) for us","language_name":"english","language_id":38},"transliteration":{"text":"lanā","language_name":"english","language_id":38}},{"id":14507,"position":3,"audio_url":"wbw/014_012_003.mp3","qpc_uthmani_hafs":"أَلَّا","char_type_name":"word","page_number":257,"line_number":4,"text":"ﭳ","translation":{"text":"that not","language_name":"english","language_id":38},"transliteration":{"text":"allā","language_name":"english","language_id":38}},{"id":14508,"position":4,"audio_url":"wbw/014_012_004.mp3","qpc_uthmani_hafs":"نَتَوَكَّلَ","char_type_name":"word","page_number":257,"line_number":4,"text":"ﭴ","translation":{"text":"we put our trust","language_name":"english","language_id":38},"transliteration":{"text":"natawakkala","language_name":"english","language_id":38}},{"id":14509,"position":5,"audio_url":"wbw/014_012_005.mp3","qpc_uthmani_hafs":"عَلَى","char_type_name":"word","page_number":257,"line_number":4,"text":"ﭵ","translation":{"text":"upon","language_name":"english","language_id":38},"transliteration":{"text":"ʿalā","language_name":"english","language_id":38}},{"id":14510,"position":6,"audio_url":"wbw/014_012_006.mp3","qpc_uthmani_hafs":"ٱللَّهِ","char_type_name":"word","page_number":257,"line_number":4,"text":"ﭶ","translation":{"text":"Allah","language_name":"english","language_id":38},"transliteration":{"text":"l-lahi","language_name":"english","language_id":38}},{"id":14511,"position":7,"audio_url":"wbw/014_012_007.mp3","qpc_uthmani_hafs":"وَقَدۡ","char_type_name":"word","page_number":257,"line_number":4,"text":"ﭷ","translation":{"text":"while certainly","language_name":"english","language_id":38},"transliteration":{"text":"waqad","language_name":"english","language_id":38}},{"id":14512,"position":8,"audio_url":"wbw/014_012_008.mp3","qpc_uthmani_hafs":"هَدَىٰنَا","char_type_name":"word","page_number":257,"line_number":4,"text":"ﭸ","translation":{"text":"He has guided us","language_name":"english","language_id":38},"transliteration":{"text":"hadānā","language_name":"english","language_id":38}},{"id":14513,"position":9,"audio_url":"wbw/014_012_009.mp3","qpc_uthmani_hafs":"سُبُلَنَاۚ","char_type_name":"word","page_number":257,"line_number":4,"text":"ﭹﭺ","translation":{"text":"to our ways","language_name":"english","language_id":38},"transliteration":{"text":"subulanā","language_name":"english","language_id":38}},{"id":14515,"position":10,"audio_url":"wbw/014_012_011.mp3","qpc_uthmani_hafs":"وَلَنَصۡبِرَنَّ","char_type_name":"word","page_number":257,"line_number":5,"text":"ﭻ","translation":{"text":"And surely we will bear with patience","language_name":"english","language_id":38},"transliteration":{"text":"walanaṣbiranna","language_name":"english","language_id":38}},{"id":14516,"position":11,"audio_url":"wbw/014_012_012.mp3","qpc_uthmani_hafs":"عَلَىٰ","char_type_name":"word","page_number":257,"line_number":5,"text":"ﭼ","translation":{"text":"on","language_name":"english","language_id":38},"transliteration":{"text":"ʿalā","language_name":"english","language_id":38}},{"id":14517,"position":12,"audio_url":"wbw/014_012_013.mp3","qpc_uthmani_hafs":"مَآ","char_type_name":"word","page_number":257,"line_number":5,"text":"ﭽ","translation":{"text":"what","language_name":"english","language_id":38},"transliteration":{"text":"mā","language_name":"english","language_id":38}},{"id":14518,"position":13,"audio_url":"wbw/014_012_014.mp3","qpc_uthmani_hafs":"ءَاذَيۡتُمُونَاۚ","char_type_name":"word","page_number":257,"line_number":5,"text":"ﭾﭿ","translation":{"text":"harm you may cause us","language_name":"english","language_id":38},"transliteration":{"text":"ādhaytumūnā","language_name":"english","language_id":38}},{"id":14520,"position":14,"audio_url":"wbw/014_012_016.mp3","qpc_uthmani_hafs":"وَعَلَى","char_type_name":"word","page_number":257,"line_number":5,"text":"ﮀ","translation":{"text":"And upon","language_name":"english","language_id":38},"transliteration":{"text":"waʿalā","language_name":"english","language_id":38}},{"id":14521,"position":15,"audio_url":"wbw/014_012_017.mp3","qpc_uthmani_hafs":"ٱللَّهِ","char_type_name":"word","page_number":257,"line_number":5,"text":"ﮁ","translation":{"text":"Allah","language_name":"english","language_id":38},"transliteration":{"text":"l-lahi","language_name":"english","language_id":38}},{"id":14522,"position":16,"audio_url":"wbw/014_012_018.mp3","qpc_uthmani_hafs":"فَلۡيَتَوَكَّلِ","char_type_name":"word","page_number":257,"line_number":5,"text":"ﮂ","translation":{"text":"so let put (their) trust","language_name":"english","language_id":38},"transliteration":{"text":"falyatawakkali","language_name":"english","language_id":38}},{"id":14523,"position":17,"audio_url":"wbw/014_012_019.mp3","qpc_uthmani_hafs":"ٱلۡمُتَوَكِّلُونَ","char_type_name":"word","page_number":257,"line_number":5,"text":"ﮃ","translation":{"text":"the ones who put (their) trust","language_name":"english","language_id":38},"transliteration":{"text":"l-mutawakilūna","language_name":"english","language_id":38}},{"id":14524,"position":18,"audio_url":null,"qpc_uthmani_hafs":"١٢","char_type_name":"end","page_number":257,"line_number":6,"text":"ﮄ","translation":{"text":"(12)","language_name":"english","language_id":38},"transliteration":{"text":null,"language_name":"english","language_id":38}}],"translations":[{"id":918191,"resource_id":134,"text":"Mengapa kami tidak akan bertawakal kepada Allah padahal Dia telah menunjukkan jalan kepada kami dan kami sungguh-sungguh akan bersabar terhadap gangguan-gangguan yang kamu lakukan kepada kami.  Dan hanya kepada Allah saja orang-orang yang bertawakal itu berserah diri\""}]},{"id":1763,"verse_number":13,"verse_key":"14:13","juz_number":13,"hizb_number":26,"rub_el_hizb_number":103,"ruku_number":213,"manzil_number":3,"sajdah_number":null,"text_uthmani":"وَقَالَ ٱلَّذِينَ كَفَرُوا۟ لِرُسُلِهِمْ لَنُخْرِجَنَّكُم مِّنْ أَرْضِنَآ أَوْ لَتَعُودُنَّ فِى مِلَّتِنَا ۖ فَأَوْحَىٰٓ إِلَيْهِمْ رَبُّهُمْ لَنُهْلِكَنَّ ٱلظَّـٰلِمِينَ","page_number":257,"words":[{"id":15615,"position":1,"audio_url":"wbw/014_013_001.mp3","qpc_uthmani_hafs":"وَقَالَ","char_type_name":"word","page_number":257,"line_number":6,"text":"ﮅ","translation":{"text":"And said","language_name":"english","language_id":38},"transliteration":{"text":"waqāla","language_name":"english","language_id":38}},{"id":15616,"position":2,"audio_url":"wbw/014_013_002.mp3","qpc_uthmani_hafs":"ٱلَّذِينَ","char_type_name":"word","page_number":257,"line_number":6,"text":"ﮆ","translation":{"text":"those who","language_name":"english","language_id":38},"transliteration":{"text":"alladhīna","language_name":"english","language_id":38}},{"id":15617,"position":3,"audio_url":"wbw/014_013_003.mp3","qpc_uthmani_hafs":"كَفَرُواْ","char_type_name":"word","page_number":257,"line_number":6,"text":"ﮇ","translation":{"text":"disbelieved","language_name":"english","language_id":38},"transliteration":{"text":"kafarū","language_name":"english","language_id":38}},{"id":15618,"position":4,"audio_url":"wbw/014_013_004.mp3","qpc_uthmani_hafs":"لِرُسُلِهِمۡ","char_type_name":"word","page_number":257,"line_number":6,"text":"ﮈ","translation":{"text":"to their Messengers","language_name":"english","language_id":38},"transliteration":{"text":"lirusulihim","language_name":"english","language_id":38}},{"id":15619,"position":5,"audio_url":"wbw/014_013_005.mp3","qpc_uthmani_hafs":"لَنُخۡرِجَنَّكُم","char_type_name":"word","page_number":257,"line_number":6,"text":"ﮉ","translation":{"text":"Surely we will drive you out","language_name":"english","language_id":38},"transliteration":{"text":"lanukh'rijannakum","language_name":"english","language_id":38}},{"id":15620,"position":6,"audio_url":"wbw/014_013_006.mp3","qpc_uthmani_hafs":"مِّنۡ","char_type_name":"word","page_number":257,"line_number":6,"text":"ﮊ","translation":{"text":"of","language_name":"english","language_id":38},"transliteration":{"text":"min","language_name":"english","language_id":38}},{"id":15621,"position":7,"audio_url":"wbw/014_013_007.mp3","qpc_uthmani_hafs":"أَرۡضِنَآ","char_type_name":"word","page_number":257,"line_number":7,"text":"ﮋ","translation":{"text":"our land","language_name":"english","language_id":38},"transliteration":{"text":"arḍinā","language_name":"english","language_id":38}},{"id":15622,"position":8,"audio_url":"wbw/014_013_008.mp3","qpc_uthmani_hafs":"أَوۡ","char_type_name":"word","page_number":257,"line_number":7,"text":"ﮌ","translation":{"text":"or","language_name":"english","language_id":38},"transliteration":{"text":"aw","language_name":"english","language_id":38}},{"id":15623,"position":9,"audio_url":"wbw/014_013_009.mp3","qpc_uthmani_hafs":"لَتَعُودُنَّ","char_type_name":"word","page_number":257,"line_number":7,"text":"ﮍ","translation":{"text":"surely you should return","language_name":"english","language_id":38},"transliteration":{"text":"lataʿūdunna","language_name":"english","language_id":38}},{"id":15624,"position":10,"audio_url":"wbw/014_013_010.mp3","qpc_uthmani_hafs":"فِي","char_type_name":"word","page_number":257,"line_number":7,"text":"ﮎ","translation":{"text":"to","language_name":"english","language_id":38},"transliteration":{"text":"fī","language_name":"english","language_id":38}},{"id":15625,"position":11,"audio_url":"wbw/014_013_011.mp3","qpc_uthmani_hafs":"مِلَّتِنَاۖ","char_type_name":"word","page_number":257,"line_number":7,"text":"ﮏﮐ","translation":{"text":"our religion","language_name":"english","language_id":38},"transliteration":{"text":"millatinā","language_name":"english","language_id":38}},{"id":15627,"position":12,"audio_url":"wbw/014_013_013.mp3","qpc_uthmani_hafs":"فَأَوۡحَىٰٓ","char_type_name":"word","page_number":257,"line_number":7,"text":"ﮑ","translation":{"text":"So inspired","language_name":"english","language_id":38},"transliteration":{"text":"fa-awḥā","language_name":"english","language_id":38}},{"id":15628,"position":13,"audio_url":"wbw/014_013_014.mp3","qpc_uthmani_hafs":"إِلَيۡهِمۡ","char_type_name":"word","page_number":257,"line_number":7,"text":"ﮒ","translation":{"text":"to them","language_name":"english","language_id":38},"transliteration":{"text":"ilayhim","language_name":"english","language_id":38}},{"id":15629,"position":14,"audio_url":"wbw/014_013_015.mp3","qpc_uthmani_hafs":"رَبُّهُمۡ","char_type_name":"word","page_number":257,"line_number":7,"text":"ﮓ","translation":{"text":"their Lord","language_name":"english","language_id":38},"transliteration":{"text":"rabbuhum","language_name":"english","language_id":38}},{"id":15630,"position":15,"audio_url":"wbw/014_013_016.mp3","qpc_uthmani_hafs":"لَنُهۡلِكَنَّ","char_type_name":"word","page_number":257,"line_number":7,"text":"ﮔ","translation":{"text":"We will surely destroy","language_name":"english","language_id":38},"transliteration":{"text":"lanuh'likanna","language_name":"english","language_id":38}},{"id":15631,"position":16,"audio_url":"wbw/014_013_017.mp3","qpc_uthmani_hafs":"ٱلظَّٰلِمِينَ","char_type_name":"word","page_number":257,"line_number":8,"text":"ﮕ","translation":{"text":"the wrongdoers","language_name":"english","language_id":38},"transliteration":{"text":"l-ẓālimīna","language_name":"english","language_id":38}},{"id":15632,"position":17,"audio_url":null,"qpc_uthmani_hafs":"١٣","char_type_name":"end","page_number":257,"line_number":8,"text":"ﮖ","translation":{"text":"(13)","language_name":"english","language_id":38},"transliteration":{"text":null,"language_name":"english","language_id":38}}],"translations":[{"id":918192,"resource_id":134,"text":"Orang-orang kafir berkata kepada rasul-rasul mereka, \"Kami sungguh-sungguh akan mengusir kamu dari negeri kami atau kamu kembali kepada agama kami\". Maka Tuhan mewahyukan kepada mereka, \"Kami pasti akan membinasakan orang-orang yang zalim itu,"}]},{"id":1764,"verse_number":14,"verse_key":"14:14","juz_number":13,"hizb_number":26,"rub_el_hizb_number":103,"ruku_number":213,"manzil_number":3,"sajdah_number":null,"text_uthmani":"وَلَنُسْكِنَنَّكُمُ ٱلْأَرْضَ مِنۢ بَعْدِهِمْ ۚ ذَٰلِكَ لِمَنْ خَافَ مَقَامِى وَخَافَ وَعِيدِ","page_number":257,"words":[{"id":16662,"position":1,"audio_url":"wbw/014_014_001.mp3","qpc_uthmani_hafs":"وَلَنُسۡكِنَنَّكُمُ","char_type_name":"word","page_number":257,"line_number":8,"text":"ﮗ","translation":{"text":"And surely We will make you dwell","language_name":"english","language_id":38},"transliteration":{"text":"walanus'kinannakumu","language_name":"english","language_id":38}},{"id":16663,"position":2,"audio_url":"wbw/014_014_002.mp3","qpc_uthmani_hafs":"ٱلۡأَرۡضَ","char_type_name":"word","page_number":257,"line_number":8,"text":"ﮘ","translation":{"text":"(in) the land","language_name":"english","language_id":38},"transliteration":{"text":"l-arḍa","language_name":"english","language_id":38}},{"id":16664,"position":3,"audio_url":"wbw/014_014_003.mp3","qpc_uthmani_hafs":"مِنۢ","char_type_name":"word","page_number":257,"line_number":8,"text":"ﮙ","translation":{"text":"after them","language_name":"english","language_id":38},"transliteration":{"text":"min","language_name":"english","language_id":38}},{"id":16665,"position":4,"audio_url":"wbw/014_014_004.mp3","qpc_uthmani_hafs":"بَعۡدِهِمۡۚ","char_type_name":"word","page_number":257,"line_number":8,"text":"ﮚﮛ","translation":{"text":"after them","language_name":"english","language_id":38},"transliteration":{"text":"baʿdihim","language_name":"english","language_id":38}},{"id":16667,"position":5,"audio_url":"wbw/014_014_006.mp3","qpc_uthmani_hafs":"ذَٰلِكَ","char_type_name":"word","page_number":257,"line_number":9,"text":"ﮜ","translation":{"text":"That","language_name":"english","language_id":38},"transliteration":{"text":"dhālika","language_name":"english","language_id":38}},{"id":16668,"position":6,"audio_url":"wbw/014_014_007.mp3","qpc_uthmani_hafs":"لِمَنۡ","char_type_name":"word","page_number":257,"line_number":9,"text":"ﮝ","translation":{"text":"(is) for whoever","language_name":"english","language_id":38},"transliteration":{"text":"liman","language_name":"english","language_id":38}},{"id":16669,"position":7,"audio_url":"wbw/014_014_008.mp3","qpc_uthmani_hafs":"خَافَ","char_type_name":"word","page_number":257,"line_number":9,"text":"ﮞ","translation":{"text":"fears","language_name":"english","language_id":38},"transliteration":{"text":"khāfa","language_name":"english","language_id":38}},{"id":16670,"position":8,"audio_url":"wbw/014_014_009.mp3","qpc_uthmani_hafs":"مَقَامِي","char_type_name":"word","page_number":257,"line_number":9,"text":"ﮟ","translation":{"text":"standing before Me","language_name":"english","language_id":38},"transliteration":{"text":"maqāmī","language_name":"english","language_id":38}},{"id":16671,"position":9,"audio_url":"wbw/014_014_010.mp3","qpc_uthmani_hafs":"وَخَافَ","char_type_name":"word","page_number":257,"line_number":9,"text":"ﮠ","translation":{"text":"and fears","language_name":"english","language_id":38},"transliteration":{"text":"wakhāfa","language_name":"english","language_id":38}},{"id":16672,"position":10,"audio_url":"wbw/014_014_011.mp3","qpc_uthmani_hafs":"وَعِيدِ","char_type_name":"word","page_number":257,"line_number":9,"text":"ﮡ","translation":{"text":"My Threat","language_name":"english","language_id":38},"transliteration":{"text":"waʿīdi","language_name":"english","language_id":38}},{"id":16673,"position":11,"audio_url":null,"qpc_uthmani_hafs":"١٤","char_type_name":"end","page_number":257,"line_number":9,"text":"ﮢ","translation":{"text":"(14)","language_name":"english","language_id":38},"transliteration":{"text":null,"language_name":"english","language_id":38}}],"translations":[{"id":918193,"resource_id":134,"text":"dan Kami pasti akan menempatkan kamu di negeri-negeri itu sesudah mereka. Yang demikian itu (adalah untuk) orang-orang yang takut (akan menghadap) ke hadirat-Ku dan yang takut kepada ancaman-Ku\" <sup foot_note=210552>1</sup>."}]},{"id":1765,"verse_number":15,"verse_key":"14:15","juz_number":13,"hizb_number":26,"rub_el_hizb_number":103,"ruku_number":213,"manzil_number":3,"sajdah_number":null,"text_uthmani":"وَٱسْتَفْتَحُوا۟ وَخَابَ كُلُّ جَبَّارٍ عَنِيدٍ","page_number":257,"words":[{"id":17843,"position":1,"audio_url":"wbw/014_015_001.mp3","qpc_uthmani_hafs":"وَٱسۡتَفۡتَحُواْ","char_type_name":"word","page_number":257,"line_number":9,"text":"ﮣ","translation":{"text":"And they sought victory","language_name":"english","language_id":38},"transliteration":{"text":"wa-is'taftaḥū","language_name":"english","language_id":38}},{"id":17844,"position":2,"audio_url":"wbw/014_015_002.mp3","qpc_uthmani_hafs":"وَخَابَ","char_type_name":"word","page_number":257,"line_number":10,"text":"ﮤ","translation":{"text":"and disappointed","language_name":"english","language_id":38},"transliteration":{"text":"wakhāba","language_name":"english","language_id":38}},{"id":17845,"position":3,"audio_url":"wbw/014_015_003.mp3","qpc_uthmani_hafs":"كُلُّ","char_type_name":"word","page_number":257,"line_number":10,"text":"ﮥ","translation":{"text":"every","language_name":"english","language_id":38},"transliteration":{"text":"kullu","language_name":"english","language_id":38}},{"id":17846,"position":4,"audio_url":"wbw/014_015_004.mp3","qpc_uthmani_hafs":"جَبَّارٍ","char_type_name":"word","page_number":257,"line_number":10,"text":"ﮦ","translation":{"text":"tyrant","language_name":"english","language_id":38},"transliteration":{"text":"jabbārin","language_name":"english","language_id":38}},{"id":17847,"position":5,"audio_url":"wbw/014_015_005.mp3","qpc_uthmani_hafs":"عَنِيدٖ","char_type_name":"word","page_number":257,"line_number":10,"text":"ﮧ","translation":{"text":"obstinate","language_name":"english","language_id":38},"transliteration":{"text":"ʿanīdin","language_name":"english","language_id":38}},{"id":17848,"position":6,"audio_url":null,"qpc_uthmani_hafs":"١٥","char_type_name":"end","page_number":257,"line_number":10,"text":"ﮨ","translation":{"text":"(15)","language_name":"english","language_id":38},"transliteration":{"text":null,"language_name":"english","language_id":38}}],"translations":[{"id":918194,"resource_id":134,"text":"Dan mereka memohon kemenangan (atas musuh-musuh mereka) dan binasalah semua orang yang berlaku sewenang-wenang lagi keras kepala,"}]},{"id":1766,"verse_number":16,"verse_key":"14:16","juz_number":13,"hizb_number":26,"rub_el_hizb_number":103,"ruku_number":213,"manzil_number":3,"sajdah_number":null,"text_uthmani":"مِّن وَرَآئِهِۦ جَهَنَّمُ وَيُسْقَىٰ مِن مَّآءٍ صَدِيدٍ","page_number":257,"words":[{"id":18890,"position":1,"audio_url":"wbw/014_016_001.mp3","qpc_uthmani_hafs":"مِّن","char_type_name":"word","page_number":257,"line_number":10,"text":"ﮩ","translation":{"text":"of him","language_name":"english","language_id":38},"transliteration":{"text":"min","language_name":"english","language_id":38}},{"id":18891,"position":2,"audio_url":"wbw/014_016_002.mp3","qpc_uthmani_hafs":"وَرَآئِهِۦ","char_type_name":"word","page_number":257,"line_number":10,"text":"ﮪ","translation":{"text":"Ahead","language_name":"english","language_id":38},"transliteration":{"text":"warāihi","language_name":"english","language_id":38}},{"id":18892,"position":3,"audio_url":"wbw/014_016_003.mp3","qpc_uthmani_hafs":"جَهَنَّمُ","char_type_name":"word","page_number":257,"line_number":10,"text":"ﮫ","translation":{"text":"(is) Hell","language_name":"english","language_id":38},"transliteration":{"text":"jahannamu","language_name":"english","language_id":38}},{"id":18893,"position":4,"audio_url":"wbw/014_016_004.mp3","qpc_uthmani_hafs":"وَيُسۡقَىٰ","char_type_name":"word","page_number":257,"line_number":10,"text":"ﮬ","translation":{"text":"and he will be made to drink","language_name":"english","language_id":38},"transliteration":{"text":"wayus'qā","language_name":"english","language_id":38}},{"id":18894,"position":5,"audio_url":"wbw/014_016_005.mp3","qpc_uthmani_hafs":"مِن","char_type_name":"word","page_number":257,"line_number":11,"text":"ﮭ","translation":{"text":"of","language_name":"english","language_id":38},"transliteration":{"text":"min","language_name":"english","language_id":38}},{"id":18895,"position":6,"audio_url":"wbw/014_016_006.mp3","qpc_uthmani_hafs":"مَّآءٖ","char_type_name":"word","page_number":257,"line_number":11,"text":"ﮮ","translation":{"text":"water","language_name":"english","language_id":38},"transliteration":{"text":"māin","language_name":"english","language_id":38}},{"id":18896,"position":7,"audio_url":"wbw/014_016_007.mp3","qpc_uthmani_hafs":"صَدِيدٖ","char_type_name":"word","page_number":257,"line_number":11,"text":"ﮯ","translation":{"text":"purulent","language_name":"english","language_id":38},"transliteration":{"text":"ṣadīdin","language_name":"english","language_id":38}},{"id":18897,"position":8,"audio_url":null,"qpc_uthmani_hafs":"١٦","char_type_name":"end","page_number":257,"line_number":11,"text":"ﮰ","translation":{"text":"(16)","language_name":"english","language_id":38},"transliteration":{"text":null,"language_name":"english","language_id":38}}],"translations":[{"id":918195,"resource_id":134,"text":"di hadapannya ada Jahanam dan dia akan diberi minuman dengan air nanah,"}]},{"id":1767,"verse_number":17,"verse_key":"14:17","juz_number":13,"hizb_number":26,"rub_el_hizb_number":103,"ruku_number":213,"manzil_number":3,"sajdah_number":null,"text_uthmani":"يَتَجَرَّعُهُۥ وَلَا يَكَادُ يُسِيغُهُۥ وَيَأْتِيهِ ٱلْمَوْتُ مِن كُلِّ مَكَانٍ وَمَا هُوَ بِمَيِّتٍ ۖ وَمِن وَرَآئِهِۦ عَذَابٌ غَلِيظٌ","page_number":257,"words":[{"id":19997,"position":1,"audio_url":"wbw/014_017_001.mp3","qpc_uthmani_hafs":"يَتَجَرَّعُهُۥ","char_type_name":"word","page_number":257,"line_number":11,"text":"ﮱ","translation":{"text":"He will sip it","language_name":"english","language_id":38},"transliteration":{"text":"yatajarraʿuhu","language_name":"english","language_id":38}},{"id":19998,"position":2,"audio_url":"wbw/014_017_002.mp3","qpc_uthmani_hafs":"وَلَا","char_type_name":"word","page_number":257,"line_number":11,"text":"ﯓ","translation":{"text":"but not","language_name":"english","language_id":38},"transliteration":{"text":"walā","language_name":"english","language_id":38}},{"id":19999,"position":3,"audio_url":"wbw/014_017_003.mp3","qpc_uthmani_hafs":"يَكَادُ","char_type_name":"word","page_number":257,"line_number":11,"text":"ﯔ","translation":{"text":"he will be near","language_name":"english","language_id":38},"transliteration":{"text":"yakādu","language_name":"english","language_id":38}},{"id":20000,"position":4,"audio_url":"wbw/014_017_004.mp3","qpc_uthmani_hafs":"يُسِيغُهُۥ","char_type_name":"word","page_number":257,"line_number":11,"text":"ﯕ","translation":{"text":"(to) swallowing it","language_name":"english","language_id":38},"transliteration":{"text":"yusīghuhu","language_name":"english","language_id":38}},{"id":20001,"position":5,"audio_url":"wbw/014_017_005.mp3","qpc_uthmani_hafs":"وَيَأۡتِيهِ","char_type_name":"word","page_number":257,"line_number":12,"text":"ﯖ","translation":{"text":"And will come to him","language_name":"english","language_id":38},"transliteration":{"text":"wayatīhi","language_name":"english","language_id":38}},{"id":20002,"position":6,"audio_url":"wbw/014_017_006.mp3","qpc_uthmani_hafs":"ٱلۡمَوۡتُ","char_type_name":"word","page_number":257,"line_number":12,"text":"ﯗ","translation":{"text":"the death","language_name":"english","language_id":38},"transliteration":{"text":"l-mawtu","language_name":"english","language_id":38}},{"id":20003,"position":7,"audio_url":"wbw/014_017_007.mp3","qpc_uthmani_hafs":"مِن","char_type_name":"word","page_number":257,"line_number":12,"text":"ﯘ","translation":{"text":"from","language_name":"english","language_id":38},"transliteration":{"text":"min","language_name":"english","language_id":38}},{"id":20004,"position":8,"audio_url":"wbw/014_017_008.mp3","qpc_uthmani_hafs":"كُلِّ","char_type_name":"word","page_number":257,"line_number":12,"text":"ﯙ","translation":{"text":"every","language_name":"english","language_id":38},"transliteration":{"text":"kulli","language_name":"english","language_id":38}},{"id":20005,"position":9,"audio_url":"wbw/014_017_009.mp3","qpc_uthmani_hafs":"مَكَانٖ","char_type_name":"word","page_number":257,"line_number":12,"text":"ﯚ","translation":{"text":"side","language_name":"english","language_id":38},"transliteration":{"text":"makānin","language_name":"english","language_id":38}},{"id":20006,"position":10,"audio_url":"wbw/014_017_010.mp3","qpc_uthmani_hafs":"وَمَا","char_type_name":"word","page_number":257,"line_number":12,"text":"ﯛ","translation":{"text":"but not","language_name":"english","language_id":38},"transliteration":{"text":"wamā","language_name":"english","language_id":38}},{"id":20007,"position":11,"audio_url":"wbw/014_017_011.mp3","qpc_uthmani_hafs":"هُوَ","char_type_name":"word","page_number":257,"line_number":12,"text":"ﯜ","translation":{"text":"he","language_name":"english","language_id":38},"transliteration":{"text":"huwa","language_name":"english","language_id":38}},{"id":20008,"position":12,"audio_url":"wbw/014_017_012.mp3","qpc_uthmani_hafs":"بِمَيِّتٖۖ","char_type_name":"word","page_number":257,"line_number":12,"text":"ﯝﯞ","translation":{"text":"will die","language_name":"english","language_id":38},"transliteration":{"text":"bimayyitin","language_name":"english","language_id":38}},{"id":20010,"position":13,"audio_url":"wbw/014_017_014.mp3","qpc_uthmani_hafs":"وَمِن","char_type_name":"word","page_number":257,"line_number":12,"text":"ﯟ","translation":{"text":"And ahead of him","language_name":"english","language_id":38},"transliteration":{"text":"wamin","language_name":"english","language_id":38}},{"id":20011,"position":14,"audio_url":"wbw/014_017_015.mp3","qpc_uthmani_hafs":"وَرَآئِهِۦ","char_type_name":"word","page_number":257,"line_number":13,"text":"ﯠ","translation":{"text":"And ahead of him","language_name":"english","language_id":38},"transliteration":{"text":"warāihi","language_name":"english","language_id":38}},{"id":20012,"position":15,"audio_url":"wbw/014_017_016.mp3","qpc_uthmani_hafs":"عَذَابٌ","char_type_name":"word","page_number":257,"line_number":13,"text":"ﯡ","translation":{"text":"(is) a punishment","language_name":"english","language_id":38},"transliteration":{"text":"ʿadhābun","language_name":"english","language_id":38}},{"id":20013,"position":16,"audio_url":"wbw/014_017_017.mp3","qpc_uthmani_hafs":"غَلِيظٞ","char_type_name":"word","page_number":257,"line_number":13,"text":"ﯢ","translation":{"text":"harsh","language_name":"english","language_id":38},"transliteration":{"text":"ghalīẓun","language_name":"english","language_id":38}},{"id":20014,"position":17,"audio_url":null,"qpc_uthmani_hafs":"١٧","char_type_name":"end","page_number":257,"line_number":13,"text":"ﯣ","translation":{"text":"(17)","language_name":"english","language_id":38},"transliteration":{"text":null,"language_name":"english","language_id":38}}],"translations":[{"id":918196,"resource_id":134,"text":"diminumnnya air nanah itu dan hampir dia tidak bisa menelannya dan datanglah (bahaya) maut kepadanya dari segenap penjuru, tetapi dia tidak juga mati dan di hadapannya masih ada azab yang berat."}]},{"id":1768,"verse_number":18,"verse_key":"14:18","juz_number":13,"hizb_number":26,"rub_el_hizb_number":103,"ruku_number":213,"manzil_number":3,"sajdah_number":null,"text_uthmani":"مَّثَلُ ٱلَّذِينَ كَفَرُوا۟ بِرَبِّهِمْ ۖ أَعْمَـٰلُهُمْ كَرَمَادٍ ٱشْتَدَّتْ بِهِ ٱلرِّيحُ فِى يَوْمٍ عَاصِفٍ ۖ لَّا يَقْدِرُونَ مِمَّا كَسَبُوا۟ عَلَىٰ شَىْءٍ ۚ ذَٰلِكَ هُوَ ٱلضَّلَـٰلُ ٱلْبَعِيدُ","page_number":257,"words":[{"id":21016,"position":1,"audio_url":"wbw/014_018_001.mp3","qpc_uthmani_hafs":"مَّثَلُ","char_type_name":"word","page_number":257,"line_number":13,"text":"ﯤ","translation":{"text":"(The) example","language_name":"english","language_id":38},"transliteration":{"text":"mathalu","language_name":"english","language_id":38}},{"id":21017,"position":2,"audio_url":"wbw/014_018_002.mp3","qpc_uthmani_hafs":"ٱلَّذِينَ","char_type_name":"word","page_number":257,"line_number":13,"text":"ﯥ","translation":{"text":"(of) those who","language_name":"english","language_id":38},"transliteration":{"text":"alladhīna","language_name":"english","language_id":38}},{"id":21018,"position":3,"audio_url":"wbw/014_018_003.mp3","qpc_uthmani_hafs":"كَفَرُواْ","char_type_name":"word","page_number":257,"line_number":13,"text":"ﯦ","translation":{"text":"disbelieve","language_name":"english","language_id":38},"transliteration":{"text":"kafarū","language_name":"english","language_id":38}},{"id":21019,"position":4,"audio_url":"wbw/014_018_004.mp3","qpc_uthmani_hafs":"بِرَبِّهِمۡۖ","char_type_name":"word","page_number":257,"line_number":13,"text":"ﯧﯨ","translation":{"text":"in their Lord","language_name":"english","language_id":38},"transliteration":{"text":"birabbihim","language_name":"english","language_id":38}},{"id":21021,"position":5,"audio_url":"wbw/014_018_006.mp3","qpc_uthmani_hafs":"أَعۡمَٰلُهُمۡ","char_type_name":"word","page_number":257,"line_number":14,"text":"ﯩ","translation":{"text":"their deeds","language_name":"english","language_id":38},"transliteration":{"text":"aʿmāluhum","language_name":"english","language_id":38}},{"id":21022,"position":6,"audio_url":"wbw/014_018_007.mp3","qpc_uthmani_hafs":"كَرَمَادٍ","char_type_name":"word","page_number":257,"line_number":14,"text":"ﯪ","translation":{"text":"(are) like ashes","language_name":"english","language_id":38},"transliteration":{"text":"karamādin","language_name":"english","language_id":38}},{"id":21023,"position":7,"audio_url":"wbw/014_018_008.mp3","qpc_uthmani_hafs":"ٱشۡتَدَّتۡ","char_type_name":"word","page_number":257,"line_number":14,"text":"ﯫ","translation":{"text":"blows furiously","language_name":"english","language_id":38},"transliteration":{"text":"ish'taddat","language_name":"english","language_id":38}},{"id":21024,"position":8,"audio_url":"wbw/014_018_009.mp3","qpc_uthmani_hafs":"بِهِ","char_type_name":"word","page_number":257,"line_number":14,"text":"ﯬ","translation":{"text":"on it","language_name":"english","language_id":38},"transliteration":{"text":"bihi","language_name":"english","language_id":38}},{"id":21025,"position":9,"audio_url":"wbw/014_018_010.mp3","qpc_uthmani_hafs":"ٱلرِّيحُ","char_type_name":"word","page_number":257,"line_number":14,"text":"ﯭ","translation":{"text":"the wind","language_name":"english","language_id":38},"transliteration":{"text":"l-rīḥu","language_name":"english","language_id":38}},{"id":21026,"position":10,"audio_url":"wbw/014_018_011.mp3","qpc_uthmani_hafs":"فِي","char_type_name":"word","page_number":257,"line_number":14,"text":"ﯮ","translation":{"text":"in","language_name":"english","language_id":38},"transliteration":{"text":"fī","language_name":"english","language_id":38}},{"id":21027,"position":11,"audio_url":"wbw/014_018_012.mp3","qpc_uthmani_hafs":"يَوۡمٍ","char_type_name":"word","page_number":257,"line_number":14,"text":"ﯯ","translation":{"text":"a day","language_name":"english","language_id":38},"transliteration":{"text":"yawmin","language_name":"english","language_id":38}},{"id":21028,"position":12,"audio_url":"wbw/014_018_013.mp3","qpc_uthmani_hafs":"عَاصِفٖۖ","char_type_name":"word","page_number":257,"line_number":14,"text":"ﯰﯱ","translation":{"text":"stormy","language_name":"english","language_id":38},"transliteration":{"text":"ʿāṣifin","language_name":"english","language_id":38}},{"id":21030,"position":13,"audio_url":"wbw/014_018_015.mp3","qpc_uthmani_hafs":"لَّا","char_type_name":"word","page_number":257,"line_number":14,"text":"ﯲ","translation":{"text":"No","language_name":"english","language_id":38},"transliteration":{"text":"lā","language_name":"english","language_id":38}},{"id":21031,"position":14,"audio_url":"wbw/014_018_016.mp3","qpc_uthmani_hafs":"يَقۡدِرُونَ","char_type_name":"word","page_number":257,"line_number":14,"text":"ﯳ","translation":{"text":"control (they have)","language_name":"english","language_id":38},"transliteration":{"text":"yaqdirūna","language_name":"english","language_id":38}},{"id":21032,"position":15,"audio_url":"wbw/014_018_017.mp3","qpc_uthmani_hafs":"مِمَّا","char_type_name":"word","page_number":257,"line_number":15,"text":"ﯴ","translation":{"text":"of what","language_name":"english","language_id":38},"transliteration":{"text":"mimmā","language_name":"english","language_id":38}},{"id":21033,"position":16,"audio_url":"wbw/014_018_018.mp3","qpc_uthmani_hafs":"كَسَبُواْ","char_type_name":"word","page_number":257,"line_number":15,"text":"ﯵ","translation":{"text":"they have earned","language_name":"english","language_id":38},"transliteration":{"text":"kasabū","language_name":"english","language_id":38}},{"id":21034,"position":17,"audio_url":"wbw/014_018_019.mp3","qpc_uthmani_hafs":"عَلَىٰ","char_type_name":"word","page_number":257,"line_number":15,"text":"ﯶ","translation":{"text":"on","language_name":"english","language_id":38},"transliteration":{"text":"ʿalā","language_name":"english","language_id":38}},{"id":21035,"position":18,"audio_url":"wbw/014_018_020.mp3","qpc_uthmani_hafs":"شَيۡءٖۚ","char_type_name":"word","page_number":257,"line_number":15,"text":"ﯷﯸ","translation":{"text":"anything","language_name":"english","language_id":38},"transliteration":{"text":"shayin","language_name":"english","language_id":38}},{"id":21037,"position":19,"audio_url":"wbw/014_018_022.mp3","qpc_uthmani_hafs":"ذَٰلِكَ","char_type_name":"word","page_number":257,"line_number":15,"text":"ﯹ","translation":{"text":"That","language_name":"english","language_id":38},"transliteration":{"text":"dhālika","language_name":"english","language_id":38}},{"id":21038,"position":20,"audio_url":"wbw/014_018_023.mp3","qpc_uthmani_hafs":"هُوَ","char_type_name":"word","page_number":257,"line_number":15,"text":"ﯺ","translation":{"text":"[it]","language_name":"english","language_id":38},"transliteration":{"text":"huwa","language_name":"english","language_id":38}},{"id":21039,"position":21,"audio_url":"wbw/014_018_024.mp3","qpc_uthmani_hafs":"ٱلضَّلَٰلُ","char_type_name":"word","page_number":257,"line_number":15,"text":"ﯻ","translation":{"text":"(is) the straying","language_name":"english","language_id":38},"transliteration":{"text":"l-ḍalālu","language_name":"english","language_id":38}},{"id":21040,"position":22,"audio_url":"wbw/014_018_025.mp3","qpc_uthmani_hafs":"ٱلۡبَعِيدُ","char_type_name":"word","page_number":257,"line_number":15,"text":"ﯼ","translation":{"text":"far","language_name":"english","language_id":38},"transliteration":{"text":"l-baʿīdu","language_name":"english","language_id":38}},{"id":21041,"position":23,"audio_url":null,"qpc_uthmani_hafs":"١٨","char_type_name":"end","page_number":257,"line_number":15,"text":"ﯽ","translation":{"text":"(18)","language_name":"english","language_id":38},"transliteration":{"text":null,"language_name":"english","language_id":38}}],"translations":[{"id":918197,"resource_id":134,"text":"Orang-orang yang kafir kepada Tuhan-nya, amalan-amalan mereka adalah seperti abu yang ditiup angin dengan keras pada suatu hari yang berangin kencang.  Mereka tidak dapat mengambil manfaat sedikit pun dari apa yang telah mereka usahakan (di dunia).  Yang demikian itu adalah kesesatan yang jauh."}]}],"pagination":{"per_page":50,"current_page":1,"next_page":null,"total_pages":1,"total_records":8}}