{"verses":[{"id":177,"verse_number":170,"verse_key":"2:170","juz_number":2,"hizb_number":3,"rub_el_hizb_number":10,"ruku_number":22,"manzil_number":1,"sajdah_number":null,"text_uthmani":"وَإِذَا قِيلَ لَهُمُ ٱتَّبِعُوا۟ مَآ أَنزَلَ ٱللَّهُ قَالُوا۟ بَلْ نَتَّبِعُ مَآ أَلْفَيْنَا عَلَيْهِ ءَابَآءَنَآ ۗ أَوَلَوْ كَانَ ءَابَآؤُهُمْ لَا يَعْقِلُونَ شَيْـًٔا وَلَا يَهْتَدُونَ","page_number":26,"words":[{"id":82845,"position":1,"audio_url":"wbw/002_170_001.mp3","qpc_uthmani_hafs":"وَإِذَا","char_type_name":"word","page_number":26,"line_number":1,"text":"ﭑ","translation":{"text":"And when","language_name":"english","language_id":38},"transliteration":{"text":"wa-idhā","language_name":"english","language_id":38}},{"id":82846,"position":2,"audio_url":"wbw/002_170_002.mp3","qpc_uthmani_hafs":"قِيلَ","char_type_name":"word","page_number":26,"line_number":1,"text":"ﭒ","translation":{"text":"it is said","language_name":"english","language_id":38},"transliteration":{"text":"qīla","language_name":"english","language_id":38}},{"id":82847,"position":3,"audio_url":"wbw/002_170_003.mp3","qpc_uthmani_hafs":"لَهُمُ","char_type_name":"word","page_number":26,"line_number":1,"text":"ﭓ","translation":{"text":"to them","language_name":"english","language_id":38},"transliteration":{"text":"lahumu","language_name":"english","language_id":38}},{"id":82848,"position":4,"audio_url":"wbw/002_170_004.mp3","qpc_uthmani_hafs":"ٱتَّبِعُواْ","char_type_name":"word","page_number":26,"line_number":1,"text":"ﭔ","translation":{"text":"Follow","language_name":"english","language_id":38},"transliteration":{"text":"ittabiʿū","language_name":"english","language_id":38}},{"id":82849,"position":5,"audio_url":"wbw/002_170_005.mp3","qpc_uthmani_hafs":"مَآ","char_type_name":"word","page_number":26,"line_number":1,"text":"ﭕ","translation":{"text":"what","language_name":"english","language_id":38},"transliteration":{"text":"mā","language_name":"english","language_id":38}},{"id":82850,"position":6,"audio_url":"wbw/002_170_006.mp3","qpc_uthmani_hafs":"أَنزَلَ","char_type_name":"word","page_number":26,"line_number":1,"text":"ﭖ","translation":{"text":"has revealed","language_name":"english","language_id":38},"transliteration":{"text":"anzala","language_name":"english","language_id":38}},{"id":82851,"position":7,"audio_url":"wbw/002_170_007.mp3","qpc_uthmani_hafs":"ٱللَّهُ","char_type_name":"word","page_number":26,"line_number":1,"text":"ﭗ","translation":{"text":"Allah","language_name":"english","language_id":38},"transliteration":{"text":"l-lahu","language_name":"english","language_id":38}},{"id":82852,"position":8,"audio_url":"wbw/002_170_008.mp3","qpc_uthmani_hafs":"قَالُواْ","char_type_name":"word","page_number":26,"line_number":1,"text":"ﭘ","translation":{"text":"they said","language_name":"english","language_id":38},"transliteration":{"text":"qālū","language_name":"english","language_id":38}},{"id":82853,"position":9,"audio_url":"wbw/002_170_009.mp3","qpc_uthmani_hafs":"بَلۡ","char_type_name":"word","page_number":26,"line_number":1,"text":"ﭙ","translation":{"text":"Nay","language_name":"english","language_id":38},"transliteration":{"text":"bal","language_name":"english","language_id":38}},{"id":82854,"position":10,"audio_url":"wbw/002_170_010.mp3","qpc_uthmani_hafs":"نَتَّبِعُ","char_type_name":"word","page_number":26,"line_number":1,"text":"ﭚ","translation":{"text":"we follow","language_name":"english","language_id":38},"transliteration":{"text":"nattabiʿu","language_name":"english","language_id":38}},{"id":82855,"position":11,"audio_url":"wbw/002_170_011.mp3","qpc_uthmani_hafs":"مَآ","char_type_name":"word","page_number":26,"line_number":1,"text":"ﭛ","translation":{"text":"what","language_name":"english","language_id":38},"transliteration":{"text":"mā","language_name":"english","language_id":38}},{"id":82856,"position":12,"audio_url":"wbw/002_170_012.mp3","qpc_uthmani_hafs":"أَلۡفَيۡنَا","char_type_name":"word","page_number":26,"line_number":1,"text":"ﭜ","translation":{"text":"we found","language_name":"english","language_id":38},"transliteration":{"text":"alfaynā","language_name":"english","language_id":38}},{"id":82857,"position":13,"audio_url":"wbw/002_170_013.mp3","qpc_uthmani_hafs":"عَلَيۡهِ","char_type_name":"word","page_number":26,"line_number":1,"text":"ﭝ","translation":{"text":"[on it]","language_name":"english","language_id":38},"transliteration":{"text":"ʿalayhi","language_name":"english","language_id":38}},{"id":82858,"position":14,"audio_url":"wbw/002_170_014.mp3","qpc_uthmani_hafs":"ءَابَآءَنَآۚ","char_type_name":"word","page_number":26,"line_number":2,"text":"ﭞﭟ","translation":{"text":"our forefathers (following)","language_name":"english","language_id":38},"transliteration":{"text":"ābāanā","language_name":"english","language_id":38}},{"id":82860,"position":15,"audio_url":"wbw/002_170_016.mp3","qpc_uthmani_hafs":"أَوَلَوۡ","char_type_name":"word","page_number":26,"line_number":2,"text":"ﭠ","translation":{"text":"Even though","language_name":"english","language_id":38},"transliteration":{"text":"awalaw","language_name":"english","language_id":38}},{"id":82861,"position":16,"audio_url":"wbw/002_170_017.mp3","qpc_uthmani_hafs":"كَانَ","char_type_name":"word","page_number":26,"line_number":2,"text":"ﭡ","translation":{"text":"[were]","language_name":"english","language_id":38},"transliteration":{"text":"kāna","language_name":"english","language_id":38}},{"id":82862,"position":17,"audio_url":"wbw/002_170_018.mp3","qpc_uthmani_hafs":"ءَابَآؤُهُمۡ","char_type_name":"word","page_number":26,"line_number":2,"text":"ﭢ","translation":{"text":"their forefathers","language_name":"english","language_id":38},"transliteration":{"text":"ābāuhum","language_name":"english","language_id":38}},{"id":82863,"position":18,"audio_url":"wbw/002_170_019.mp3","qpc_uthmani_hafs":"لَا","char_type_name":"word","page_number":26,"line_number":2,"text":"ﭣ","translation":{"text":"(did) not","language_name":"english","language_id":38},"transliteration":{"text":"lā","language_name":"english","language_id":38}},{"id":82864,"position":19,"audio_url":"wbw/002_170_020.mp3","qpc_uthmani_hafs":"يَعۡقِلُونَ","char_type_name":"word","page_number":26,"line_number":2,"text":"ﭤ","translation":{"text":"understand","language_name":"english","language_id":38},"transliteration":{"text":"yaʿqilūna","language_name":"english","language_id":38}},{"id":82865,"position":20,"audio_url":"wbw/002_170_021.mp3","qpc_uthmani_hafs":"شَيۡـٔٗا","char_type_name":"word","page_number":26,"line_number":2,"text":"ﭥ","translation":{"text":"anything","language_name":"english","language_id":38},"transliteration":{"text":"shayan","language_name":"english","language_id":38}},{"id":82866,"position":21,"audio_url":"wbw/002_170_022.mp3","qpc_uthmani_hafs":"وَلَا","char_type_name":"word","page_number":26,"line_number":2,"text":"ﭦ","translation":{"text":"and not","language_name":"english","language_id":38},"transliteration":{"text":"walā","language_name":"english","language_id":38}},{"id":82867,"position":22,"audio_url":"wbw/002_170_023.mp3","qpc_uthmani_hafs":"يَهۡتَدُونَ","char_type_name":"word","page_number":26,"line_number":3,"text":"ﭧ","translation":{"text":"were they guided","language_name":"english","language_id":38},"transliteration":{"text":"yahtadūna","language_name":"english","language_id":38}},{"id":82868,"position":23,"audio_url":null,"qpc_uthmani_hafs":"١٧٠","char_type_name":"end","page_number":26,"line_number":3,"text":"ﭨ","translation":{"text":"(170)","language_name":"english","language_id":38},"transliteration":{"text":null,"language_name":"english","language_id":38}}],"translations":[{"id":916606,"resource_id":134,"text":"Dan apabila dikatakan kepada mereka, \"Ikutilah apa yang telah diturunkan Allah,\" mereka menjawab, \"(Tidak), tetapi kami hanya mengikuti apa yang telah kami dapati dari (perbuatan) nenek moyang kami\". \"(Apakah mereka akan mengikuti juga), walaupun nenek moyang mereka itu tidak mengetahui suatu apa pun, dan tidak mendapat petunjuk?\""}]},{"id":178,"verse_number":171,"verse_key":"2:171","juz_number":2,"hizb_number":3,"rub_el_hizb_number":10,"ruku_number":22,"manzil_number":1,"sajdah_number":null,"text_uthmani":"وَمَثَلُ ٱلَّذِينَ كَفَرُوا۟ كَمَثَلِ ٱلَّذِى يَنْعِقُ بِمَا لَا يَسْمَعُ إِلَّا دُعَآءً وَنِدَآءً ۚ صُمٌّۢ بُكْمٌ عُمْىٌ فَهُمْ لَا يَعْقِلُونَ","page_number":26,"words":[{"id":82904,"position":1,"audio_url":"wbw/002_171_001.mp3","qpc_uthmani_hafs":"وَمَثَلُ","char_type_name":"word","page_number":26,"line_number":3,"text":"ﭩ","translation":{"text":"And (the) example","language_name":"english","language_id":38},"transliteration":{"text":"wamathalu","language_name":"english","language_id":38}},{"id":82905,"position":2,"audio_url":"wbw/002_171_002.mp3","qpc_uthmani_hafs":"ٱلَّذِينَ","char_type_name":"word","page_number":26,"line_number":3,"text":"ﭪ","translation":{"text":"(of) those who","language_name":"english","language_id":38},"transliteration":{"text":"alladhīna","language_name":"english","language_id":38}},{"id":82906,"position":3,"audio_url":"wbw/002_171_003.mp3","qpc_uthmani_hafs":"كَفَرُواْ","char_type_name":"word","page_number":26,"line_number":3,"text":"ﭫ","translation":{"text":"disbelieve[d]","language_name":"english","language_id":38},"transliteration":{"text":"kafarū","language_name":"english","language_id":38}},{"id":82907,"position":4,"audio_url":"wbw/002_171_004.mp3","qpc_uthmani_hafs":"كَمَثَلِ","char_type_name":"word","page_number":26,"line_number":3,"text":"ﭬ","translation":{"text":"(is) like (the) example","language_name":"english","language_id":38},"transliteration":{"text":"kamathali","language_name":"english","language_id":38}},{"id":82908,"position":5,"audio_url":"wbw/002_171_005.mp3","qpc_uthmani_hafs":"ٱلَّذِي","char_type_name":"word","page_number":26,"line_number":3,"text":"ﭭ","translation":{"text":"(of) the one who","language_name":"english","language_id":38},"transliteration":{"text":"alladhī","language_name":"english","language_id":38}},{"id":82909,"position":6,"audio_url":"wbw/002_171_006.mp3","qpc_uthmani_hafs":"يَنۡعِقُ","char_type_name":"word","page_number":26,"line_number":3,"text":"ﭮ","translation":{"text":"shouts","language_name":"english","language_id":38},"transliteration":{"text":"yanʿiqu","language_name":"english","language_id":38}},{"id":82910,"position":7,"audio_url":"wbw/002_171_007.mp3","qpc_uthmani_hafs":"بِمَا","char_type_name":"word","page_number":26,"line_number":4,"text":"ﭯ","translation":{"text":"at what","language_name":"english","language_id":38},"transliteration":{"text":"bimā","language_name":"english","language_id":38}},{"id":82911,"position":8,"audio_url":"wbw/002_171_008.mp3","qpc_uthmani_hafs":"لَا","char_type_name":"word","page_number":26,"line_number":4,"text":"ﭰ","translation":{"text":"not","language_name":"english","language_id":38},"transliteration":{"text":"lā","language_name":"english","language_id":38}},{"id":82912,"position":9,"audio_url":"wbw/002_171_009.mp3","qpc_uthmani_hafs":"يَسۡمَعُ","char_type_name":"word","page_number":26,"line_number":4,"text":"ﭱ","translation":{"text":"(does) hear","language_name":"english","language_id":38},"transliteration":{"text":"yasmaʿu","language_name":"english","language_id":38}},{"id":82913,"position":10,"audio_url":"wbw/002_171_010.mp3","qpc_uthmani_hafs":"إِلَّا","char_type_name":"word","page_number":26,"line_number":4,"text":"ﭲ","translation":{"text":"except","language_name":"english","language_id":38},"transliteration":{"text":"illā","language_name":"english","language_id":38}},{"id":82914,"position":11,"audio_url":"wbw/002_171_011.mp3","qpc_uthmani_hafs":"دُعَآءٗ","char_type_name":"word","page_number":26,"line_number":4,"text":"ﭳ","translation":{"text":"calls","language_name":"english","language_id":38},"transliteration":{"text":"duʿāan","language_name":"english","language_id":38}},{"id":82915,"position":12,"audio_url":"wbw/002_171_012.mp3","qpc_uthmani_hafs":"وَنِدَآءٗۚ","char_type_name":"word","page_number":26,"line_number":4,"text":"ﭴﭵ","translation":{"text":"and cries ","language_name":"english","language_id":38},"transliteration":{"text":"wanidāan","language_name":"english","language_id":38}},{"id":82917,"position":13,"audio_url":"wbw/002_171_014.mp3","qpc_uthmani_hafs":"صُمُّۢ","char_type_name":"word","page_number":26,"line_number":4,"text":"ﭶ","translation":{"text":"deaf","language_name":"english","language_id":38},"transliteration":{"text":"ṣummun","language_name":"english","language_id":38}},{"id":82918,"position":14,"audio_url":"wbw/002_171_015.mp3","qpc_uthmani_hafs":"بُكۡمٌ","char_type_name":"word","page_number":26,"line_number":4,"text":"ﭷ","translation":{"text":"dumb","language_name":"english","language_id":38},"transliteration":{"text":"buk'mun","language_name":"english","language_id":38}},{"id":82919,"position":15,"audio_url":"wbw/002_171_016.mp3","qpc_uthmani_hafs":"عُمۡيٞ","char_type_name":"word","page_number":26,"line_number":4,"text":"ﭸ","translation":{"text":"(and) blind","language_name":"english","language_id":38},"transliteration":{"text":"ʿum'yun","language_name":"english","language_id":38}},{"id":82920,"position":16,"audio_url":"wbw/002_171_017.mp3","qpc_uthmani_hafs":"فَهُمۡ","char_type_name":"word","page_number":26,"line_number":4,"text":"ﭹ","translation":{"text":"[so] they","language_name":"english","language_id":38},"transliteration":{"text":"fahum","language_name":"english","language_id":38}},{"id":82921,"position":17,"audio_url":"wbw/002_171_018.mp3","qpc_uthmani_hafs":"لَا","char_type_name":"word","page_number":26,"line_number":4,"text":"ﭺ","translation":{"text":"(do) not","language_name":"english","language_id":38},"transliteration":{"text":"lā","language_name":"english","language_id":38}},{"id":82922,"position":18,"audio_url":"wbw/002_171_019.mp3","qpc_uthmani_hafs":"يَعۡقِلُونَ","char_type_name":"word","page_number":26,"line_number":4,"text":"ﭻ","translation":{"text":"understand","language_name":"english","language_id":38},"transliteration":{"text":"yaʿqilūna","language_name":"english","language_id":38}},{"id":82923,"position":19,"audio_url":null,"qpc_uthmani_hafs":"١٧١","char_type_name":"end","page_number":26,"line_number":5,"text":"ﭼ","translation":{"text":"(171)","language_name":"english","language_id":38},"transliteration":{"text":null,"language_name":"english","language_id":38}}],"translations":[{"id":916607,"resource_id":134,"text":"Dan perumpamaan (orang-orang yang menyeru) orang-orang kafir adalah seperti penggembala yang memanggil binatang yang tidak mendengar selain panggilan dan seruan saja<sup foot_note=209876>1</sup>.  Mereka tuli, bisu, dan buta, maka (oleh sebab itu) mereka tidak mengerti."}]},{"id":179,"verse_number":172,"verse_key":"2:172","juz_number":2,"hizb_number":3,"rub_el_hizb_number":10,"ruku_number":22,"manzil_number":1,"sajdah_number":null,"text_uthmani":"يَـٰٓأَيُّهَا ٱلَّذِينَ ءَامَنُوا۟ كُلُوا۟ مِن طَيِّبَـٰتِ مَا رَزَقْنَـٰكُمْ وَٱشْكُرُوا۟ لِلَّهِ إِن كُنتُمْ إِيَّاهُ تَعْبُدُونَ","page_number":26,"words":[{"id":83060,"position":1,"audio_url":"wbw/002_172_001.mp3","qpc_uthmani_hafs":"يَٰٓأَيُّهَا","char_type_name":"word","page_number":26,"line_number":5,"text":"ﭽ","translation":{"text":"O you","language_name":"english","language_id":38},"transliteration":{"text":"yāayyuhā","language_name":"english","language_id":38}},{"id":83061,"position":2,"audio_url":"wbw/002_172_002.mp3","qpc_uthmani_hafs":"ٱلَّذِينَ","char_type_name":"word","page_number":26,"line_number":5,"text":"ﭾ","translation":{"text":"who","language_name":"english","language_id":38},"transliteration":{"text":"alladhīna","language_name":"english","language_id":38}},{"id":83062,"position":3,"audio_url":"wbw/002_172_003.mp3","qpc_uthmani_hafs":"ءَامَنُواْ","char_type_name":"word","page_number":26,"line_number":5,"text":"ﭿ","translation":{"text":"believe[d]","language_name":"english","language_id":38},"transliteration":{"text":"āmanū","language_name":"english","language_id":38}},{"id":83063,"position":4,"audio_url":"wbw/002_172_004.mp3","qpc_uthmani_hafs":"كُلُواْ","char_type_name":"word","page_number":26,"line_number":5,"text":"ﮀ","translation":{"text":"Eat","language_name":"english","language_id":38},"transliteration":{"text":"kulū","language_name":"english","language_id":38}},{"id":83064,"position":5,"audio_url":"wbw/002_172_005.mp3","qpc_uthmani_hafs":"مِن","char_type_name":"word","page_number":26,"line_number":5,"text":"ﮁ","translation":{"text":"from","language_name":"english","language_id":38},"transliteration":{"text":"min","language_name":"english","language_id":38}},{"id":83065,"position":6,"audio_url":"wbw/002_172_006.mp3","qpc_uthmani_hafs":"طَيِّبَٰتِ","char_type_name":"word","page_number":26,"line_number":5,"text":"ﮂ","translation":{"text":"(the) good","language_name":"english","language_id":38},"transliteration":{"text":"ṭayyibāti","language_name":"english","language_id":38}},{"id":83066,"position":7,"audio_url":"wbw/002_172_007.mp3","qpc_uthmani_hafs":"مَا","char_type_name":"word","page_number":26,"line_number":5,"text":"ﮃ","translation":{"text":"(of) what","language_name":"english","language_id":38},"transliteration":{"text":"mā","language_name":"english","language_id":38}},{"id":83067,"position":8,"audio_url":"wbw/002_172_008.mp3","qpc_uthmani_hafs":"رَزَقۡنَٰكُمۡ","char_type_name":"word","page_number":26,"line_number":5,"text":"ﮄ","translation":{"text":"We have provided you","language_name":"english","language_id":38},"transliteration":{"text":"razaqnākum","language_name":"english","language_id":38}},{"id":83068,"position":9,"audio_url":"wbw/002_172_009.mp3","qpc_uthmani_hafs":"وَٱشۡكُرُواْ","char_type_name":"word","page_number":26,"line_number":6,"text":"ﮅ","translation":{"text":"and be grateful","language_name":"english","language_id":38},"transliteration":{"text":"wa-ush'kurū","language_name":"english","language_id":38}},{"id":83069,"position":10,"audio_url":"wbw/002_172_010.mp3","qpc_uthmani_hafs":"لِلَّهِ","char_type_name":"word","page_number":26,"line_number":6,"text":"ﮆ","translation":{"text":"to Allah","language_name":"english","language_id":38},"transliteration":{"text":"lillahi","language_name":"english","language_id":38}},{"id":83070,"position":11,"audio_url":"wbw/002_172_011.mp3","qpc_uthmani_hafs":"إِن","char_type_name":"word","page_number":26,"line_number":6,"text":"ﮇ","translation":{"text":"if","language_name":"english","language_id":38},"transliteration":{"text":"in","language_name":"english","language_id":38}},{"id":83071,"position":12,"audio_url":"wbw/002_172_012.mp3","qpc_uthmani_hafs":"كُنتُمۡ","char_type_name":"word","page_number":26,"line_number":6,"text":"ﮈ","translation":{"text":"you","language_name":"english","language_id":38},"transliteration":{"text":"kuntum","language_name":"english","language_id":38}},{"id":83072,"position":13,"audio_url":"wbw/002_172_013.mp3","qpc_uthmani_hafs":"إِيَّاهُ","char_type_name":"word","page_number":26,"line_number":6,"text":"ﮉ","translation":{"text":"alone","language_name":"english","language_id":38},"transliteration":{"text":"iyyāhu","language_name":"english","language_id":38}},{"id":83073,"position":14,"audio_url":"wbw/002_172_014.mp3","qpc_uthmani_hafs":"تَعۡبُدُونَ","char_type_name":"word","page_number":26,"line_number":6,"text":"ﮊ","translation":{"text":"worship Him","language_name":"english","language_id":38},"transliteration":{"text":"taʿbudūna","language_name":"english","language_id":38}},{"id":83074,"position":15,"audio_url":null,"qpc_uthmani_hafs":"١٧٢","char_type_name":"end","page_number":26,"line_number":6,"text":"ﮋ","translation":{"text":"(172)","language_name":"english","language_id":38},"transliteration":{"text":null,"language_name":"english","language_id":38}}],"translations":[{"id":916608,"resource_id":134,"text":"Hai orang-orang yang beriman, makanlah di antara rezeki yang baik-baik yang Kami berikan kepadamu dan bersyukurlah kepada Allah, jika benar-benar hanya kepada-Nya kamu menyembah."}]},{"id":180,"verse_number":173,"verse_key":"2:173","juz_number":2,"hizb_number":3,"rub_el_hizb_number":10,"ruku_number":22,"manzil_number":1,"sajdah_number":null,"text_uthmani":"إِنَّمَا حَرَّمَ عَلَيْكُمُ ٱلْمَيْتَةَ وَٱلدَّمَ وَلَحْمَ ٱلْخِنزِيرِ وَمَآ أُهِلَّ بِهِۦ لِغَيْرِ ٱللَّهِ ۖ فَمَنِ ٱضْطُرَّ غَيْرَ بَاغٍ وَلَا عَادٍ فَلَآ إِثْمَ عَلَيْهِ ۚ إِنَّ ٱللَّهَ غَفُورٌ رَّحِيمٌ","page_number":26,"words":[{"id":83116,"position":1,"audio_url":"wbw/002_173_001.mp3","qpc_uthmani_hafs":"إِنَّمَا","char_type_name":"word","page_number":26,"line_number":6,"text":"ﮌ","translation":{"text":"Only","language_name":"english","language_id":38},"transliteration":{"text":"innamā","language_name":"english","language_id":38}},{"id":83117,"position":2,"audio_url":"wbw/002_173_002.mp3","qpc_uthmani_hafs":"حَرَّمَ","char_type_name":"word","page_number":26,"line_number":6,"text":"ﮍ","translation":{"text":"He has forbidden","language_name":"english","language_id":38},"transliteration":{"text":"ḥarrama","language_name":"english","language_id":38}},{"id":83118,"position":3,"audio_url":"wbw/002_173_003.mp3","qpc_uthmani_hafs":"عَلَيۡكُمُ","char_type_name":"word","page_number":26,"line_number":7,"text":"ﮎ","translation":{"text":"to you","language_name":"english","language_id":38},"transliteration":{"text":"ʿalaykumu","language_name":"english","language_id":38}},{"id":83119,"position":4,"audio_url":"wbw/002_173_004.mp3","qpc_uthmani_hafs":"ٱلۡمَيۡتَةَ","char_type_name":"word","page_number":26,"line_number":7,"text":"ﮏ","translation":{"text":"the dead animals","language_name":"english","language_id":38},"transliteration":{"text":"l-maytata","language_name":"english","language_id":38}},{"id":83120,"position":5,"audio_url":"wbw/002_173_005.mp3","qpc_uthmani_hafs":"وَٱلدَّمَ","char_type_name":"word","page_number":26,"line_number":7,"text":"ﮐ","translation":{"text":"and [the] blood","language_name":"english","language_id":38},"transliteration":{"text":"wal-dama","language_name":"english","language_id":38}},{"id":83121,"position":6,"audio_url":"wbw/002_173_006.mp3","qpc_uthmani_hafs":"وَلَحۡمَ","char_type_name":"word","page_number":26,"line_number":7,"text":"ﮑ","translation":{"text":"and flesh","language_name":"english","language_id":38},"transliteration":{"text":"walaḥma","language_name":"english","language_id":38}},{"id":83122,"position":7,"audio_url":"wbw/002_173_007.mp3","qpc_uthmani_hafs":"ٱلۡخِنزِيرِ","char_type_name":"word","page_number":26,"line_number":7,"text":"ﮒ","translation":{"text":"(of) swine","language_name":"english","language_id":38},"transliteration":{"text":"l-khinzīri","language_name":"english","language_id":38}},{"id":83123,"position":8,"audio_url":"wbw/002_173_008.mp3","qpc_uthmani_hafs":"وَمَآ","char_type_name":"word","page_number":26,"line_number":7,"text":"ﮓ","translation":{"text":"and what","language_name":"english","language_id":38},"transliteration":{"text":"wamā","language_name":"english","language_id":38}},{"id":83124,"position":9,"audio_url":"wbw/002_173_009.mp3","qpc_uthmani_hafs":"أُهِلَّ","char_type_name":"word","page_number":26,"line_number":7,"text":"ﮔ","translation":{"text":"has been dedicated","language_name":"english","language_id":38},"transliteration":{"text":"uhilla","language_name":"english","language_id":38}},{"id":83125,"position":10,"audio_url":"wbw/002_173_010.mp3","qpc_uthmani_hafs":"بِهِۦ","char_type_name":"word","page_number":26,"line_number":7,"text":"ﮕ","translation":{"text":"[with it]","language_name":"english","language_id":38},"transliteration":{"text":"bihi","language_name":"english","language_id":38}},{"id":83126,"position":11,"audio_url":"wbw/002_173_011.mp3","qpc_uthmani_hafs":"لِغَيۡرِ","char_type_name":"word","page_number":26,"line_number":8,"text":"ﮖ","translation":{"text":"to other than","language_name":"english","language_id":38},"transliteration":{"text":"lighayri","language_name":"english","language_id":38}},{"id":83127,"position":12,"audio_url":"wbw/002_173_012.mp3","qpc_uthmani_hafs":"ٱللَّهِۖ","char_type_name":"word","page_number":26,"line_number":8,"text":"ﮗﮘ","translation":{"text":"Allah","language_name":"english","language_id":38},"transliteration":{"text":"l-lahi","language_name":"english","language_id":38}},{"id":83129,"position":13,"audio_url":"wbw/002_173_014.mp3","qpc_uthmani_hafs":"فَمَنِ","char_type_name":"word","page_number":26,"line_number":8,"text":"ﮙ","translation":{"text":"So whoever","language_name":"english","language_id":38},"transliteration":{"text":"famani","language_name":"english","language_id":38}},{"id":83130,"position":14,"audio_url":"wbw/002_173_015.mp3","qpc_uthmani_hafs":"ٱضۡطُرَّ","char_type_name":"word","page_number":26,"line_number":8,"text":"ﮚ","translation":{"text":"(is) forced by necessity","language_name":"english","language_id":38},"transliteration":{"text":"uḍ'ṭurra","language_name":"english","language_id":38}},{"id":83131,"position":15,"audio_url":"wbw/002_173_016.mp3","qpc_uthmani_hafs":"غَيۡرَ","char_type_name":"word","page_number":26,"line_number":8,"text":"ﮛ","translation":{"text":"without","language_name":"english","language_id":38},"transliteration":{"text":"ghayra","language_name":"english","language_id":38}},{"id":83132,"position":16,"audio_url":"wbw/002_173_017.mp3","qpc_uthmani_hafs":"بَاغٖ","char_type_name":"word","page_number":26,"line_number":8,"text":"ﮜ","translation":{"text":"(being) disobedient","language_name":"english","language_id":38},"transliteration":{"text":"bāghin","language_name":"english","language_id":38}},{"id":83133,"position":17,"audio_url":"wbw/002_173_018.mp3","qpc_uthmani_hafs":"وَلَا","char_type_name":"word","page_number":26,"line_number":8,"text":"ﮝ","translation":{"text":"and not","language_name":"english","language_id":38},"transliteration":{"text":"walā","language_name":"english","language_id":38}},{"id":83134,"position":18,"audio_url":"wbw/002_173_019.mp3","qpc_uthmani_hafs":"عَادٖ","char_type_name":"word","page_number":26,"line_number":8,"text":"ﮞ","translation":{"text":"transgressor","language_name":"english","language_id":38},"transliteration":{"text":"ʿādin","language_name":"english","language_id":38}},{"id":83135,"position":19,"audio_url":"wbw/002_173_020.mp3","qpc_uthmani_hafs":"فَلَآ","char_type_name":"word","page_number":26,"line_number":8,"text":"ﮟ","translation":{"text":"then no","language_name":"english","language_id":38},"transliteration":{"text":"falā","language_name":"english","language_id":38}},{"id":83136,"position":20,"audio_url":"wbw/002_173_021.mp3","qpc_uthmani_hafs":"إِثۡمَ","char_type_name":"word","page_number":26,"line_number":8,"text":"ﮠ","translation":{"text":"sin","language_name":"english","language_id":38},"transliteration":{"text":"ith'ma","language_name":"english","language_id":38}},{"id":83137,"position":21,"audio_url":"wbw/002_173_022.mp3","qpc_uthmani_hafs":"عَلَيۡهِۚ","char_type_name":"word","page_number":26,"line_number":8,"text":"ﮡﮢ","translation":{"text":"on him","language_name":"english","language_id":38},"transliteration":{"text":"ʿalayhi","language_name":"english","language_id":38}},{"id":83139,"position":22,"audio_url":"wbw/002_173_024.mp3","qpc_uthmani_hafs":"إِنَّ","char_type_name":"word","page_number":26,"line_number":8,"text":"ﮣ","translation":{"text":"Indeed","language_name":"english","language_id":38},"transliteration":{"text":"inna","language_name":"english","language_id":38}},{"id":83140,"position":23,"audio_url":"wbw/002_173_025.mp3","qpc_uthmani_hafs":"ٱللَّهَ","char_type_name":"word","page_number":26,"line_number":8,"text":"ﮤ","translation":{"text":"Allah","language_name":"english","language_id":38},"transliteration":{"text":"l-laha","language_name":"english","language_id":38}},{"id":83141,"position":24,"audio_url":"wbw/002_173_026.mp3","qpc_uthmani_hafs":"غَفُورٞ","char_type_name":"word","page_number":26,"line_number":9,"text":"ﮥ","translation":{"text":"(is) Oft-Forgiving","language_name":"english","language_id":38},"transliteration":{"text":"ghafūrun","language_name":"english","language_id":38}},{"id":83142,"position":25,"audio_url":"wbw/002_173_027.mp3","qpc_uthmani_hafs":"رَّحِيمٌ","char_type_name":"word","page_number":26,"line_number":9,"text":"ﮦ","translation":{"text":"Most Merciful","language_name":"english","language_id":38},"transliteration":{"text":"raḥīmun","language_name":"english","language_id":38}},{"id":83143,"position":26,"audio_url":null,"qpc_uthmani_hafs":"١٧٣","char_type_name":"end","page_number":26,"line_number":9,"text":"ﮧ","translation":{"text":"(173)","language_name":"english","language_id":38},"transliteration":{"text":null,"language_name":"english","language_id":38}}],"translations":[{"id":916609,"resource_id":134,"text":"Sesungguhnya Allah hanya mengharamkan bagimu bangkai, darah, daging babi, dan binatang yang (ketika disembelih) disebut (nama) selain Allah<sup foot_note=209877>1</sup>.  Tetapi barang siapa dalam keadaan terpaksa (memakannya) sedang dia tidak menginginkannya dan tidak (pula) melampaui batas, maka tidak ada dosa baginya.  Sesungguhnya Allah Maha Pengampun lagi Maha Penyayang."}]},{"id":181,"verse_number":174,"verse_key":"2:174","juz_number":2,"hizb_number":3,"rub_el_hizb_number":10,"ruku_number":22,"manzil_number":1,"sajdah_number":null,"text_uthmani":"إِنَّ ٱلَّذِينَ يَكْتُمُونَ مَآ أَنزَلَ ٱللَّهُ مِنَ ٱلْكِتَـٰبِ وَيَشْتَرُونَ بِهِۦ ثَمَنًا قَلِيلًا ۙ أُو۟لَـٰٓئِكَ مَا يَأْكُلُونَ فِى بُطُونِهِمْ إِلَّا ٱلنَّارَ وَلَا يُكَلِّمُهُمُ ٱللَّهُ يَوْمَ ٱلْقِيَـٰمَةِ وَلَا يُزَكِّيهِمْ وَلَهُمْ عَذَابٌ أَلِيمٌ","page_number":26,"words":[{"id":83238,"position":1,"audio_url":"wbw/002_174_001.mp3","qpc_uthmani_hafs":"إِنَّ","char_type_name":"word","page_number":26,"line_number":9,"text":"ﮨ","translation":{"text":"Indeed","language_name":"english","language_id":38},"transliteration":{"text":"inna","language_name":"english","language_id":38}},{"id":83239,"position":2,"audio_url":"wbw/002_174_002.mp3","qpc_uthmani_hafs":"ٱلَّذِينَ","char_type_name":"word","page_number":26,"line_number":9,"text":"ﮩ","translation":{"text":"those who","language_name":"english","language_id":38},"transliteration":{"text":"alladhīna","language_name":"english","language_id":38}},{"id":83240,"position":3,"audio_url":"wbw/002_174_003.mp3","qpc_uthmani_hafs":"يَكۡتُمُونَ","char_type_name":"word","page_number":26,"line_number":9,"text":"ﮪ","translation":{"text":"conceal","language_name":"english","language_id":38},"transliteration":{"text":"yaktumūna","language_name":"english","language_id":38}},{"id":83241,"position":4,"audio_url":"wbw/002_174_004.mp3","qpc_uthmani_hafs":"مَآ","char_type_name":"word","page_number":26,"line_number":9,"text":"ﮫ","translation":{"text":"what","language_name":"english","language_id":38},"transliteration":{"text":"mā","language_name":"english","language_id":38}},{"id":83242,"position":5,"audio_url":"wbw/002_174_005.mp3","qpc_uthmani_hafs":"أَنزَلَ","char_type_name":"word","page_number":26,"line_number":9,"text":"ﮬ","translation":{"text":"(has) revealed","language_name":"english","language_id":38},"transliteration":{"text":"anzala","language_name":"english","language_id":38}},{"id":83243,"position":6,"audio_url":"wbw/002_174_006.mp3","qpc_uthmani_hafs":"ٱللَّهُ","char_type_name":"word","page_number":26,"line_number":9,"text":"ﮭ","translation":{"text":"Allah (has)","language_name":"english","language_id":38},"transliteration":{"text":"l-lahu","language_name":"english","language_id":38}},{"id":83244,"position":7,"audio_url":"wbw/002_174_007.mp3","qpc_uthmani_hafs":"مِنَ","char_type_name":"word","page_number":26,"line_number":9,"text":"ﮮ","translation":{"text":"of","language_name":"english","language_id":38},"transliteration":{"text":"mina","language_name":"english","language_id":38}},{"id":83245,"position":8,"audio_url":"wbw/002_174_008.mp3","qpc_uthmani_hafs":"ٱلۡكِتَٰبِ","char_type_name":"word","page_number":26,"line_number":10,"text":"ﮯ","translation":{"text":"the Book","language_name":"english","language_id":38},"transliteration":{"text":"l-kitābi","language_name":"english","language_id":38}},{"id":83246,"position":9,"audio_url":"wbw/002_174_009.mp3","qpc_uthmani_hafs":"وَيَشۡتَرُونَ","char_type_name":"word","page_number":26,"line_number":10,"text":"ﮰ","translation":{"text":"and they purchase","language_name":"english","language_id":38},"transliteration":{"text":"wayashtarūna","language_name":"english","language_id":38}},{"id":83247,"position":10,"audio_url":"wbw/002_174_010.mp3","qpc_uthmani_hafs":"بِهِۦ","char_type_name":"word","page_number":26,"line_number":10,"text":"ﮱ","translation":{"text":"there with","language_name":"english","language_id":38},"transliteration":{"text":"bihi","language_name":"english","language_id":38}},{"id":83248,"position":11,"audio_url":"wbw/002_174_011.mp3","qpc_uthmani_hafs":"ثَمَنٗا","char_type_name":"word","page_number":26,"line_number":10,"text":"ﯓ","translation":{"text":"a gain","language_name":"english","language_id":38},"transliteration":{"text":"thamanan","language_name":"english","language_id":38}},{"id":83249,"position":12,"audio_url":"wbw/002_174_012.mp3","qpc_uthmani_hafs":"قَلِيلًا","char_type_name":"word","page_number":26,"line_number":10,"text":"ﯔﯕ","translation":{"text":"little","language_name":"english","language_id":38},"transliteration":{"text":"qalīlan","language_name":"english","language_id":38}},{"id":83251,"position":13,"audio_url":"wbw/002_174_014.mp3","qpc_uthmani_hafs":"أُوْلَٰٓئِكَ","char_type_name":"word","page_number":26,"line_number":10,"text":"ﯖ","translation":{"text":"Those","language_name":"english","language_id":38},"transliteration":{"text":"ulāika","language_name":"english","language_id":38}},{"id":83252,"position":14,"audio_url":"wbw/002_174_015.mp3","qpc_uthmani_hafs":"مَا","char_type_name":"word","page_number":26,"line_number":10,"text":"ﯗ","translation":{"text":"not","language_name":"english","language_id":38},"transliteration":{"text":"mā","language_name":"english","language_id":38}},{"id":83253,"position":15,"audio_url":"wbw/002_174_016.mp3","qpc_uthmani_hafs":"يَأۡكُلُونَ","char_type_name":"word","page_number":26,"line_number":10,"text":"ﯘ","translation":{"text":"they eat","language_name":"english","language_id":38},"transliteration":{"text":"yakulūna","language_name":"english","language_id":38}},{"id":83254,"position":16,"audio_url":"wbw/002_174_017.mp3","qpc_uthmani_hafs":"فِي","char_type_name":"word","page_number":26,"line_number":11,"text":"ﯙ","translation":{"text":"in","language_name":"english","language_id":38},"transliteration":{"text":"fī","language_name":"english","language_id":38}},{"id":83255,"position":17,"audio_url":"wbw/002_174_018.mp3","qpc_uthmani_hafs":"بُطُونِهِمۡ","char_type_name":"word","page_number":26,"line_number":11,"text":"ﯚ","translation":{"text":"their bellies","language_name":"english","language_id":38},"transliteration":{"text":"buṭūnihim","language_name":"english","language_id":38}},{"id":83256,"position":18,"audio_url":"wbw/002_174_019.mp3","qpc_uthmani_hafs":"إِلَّا","char_type_name":"word","page_number":26,"line_number":11,"text":"ﯛ","translation":{"text":"except","language_name":"english","language_id":38},"transliteration":{"text":"illā","language_name":"english","language_id":38}},{"id":83257,"position":19,"audio_url":"wbw/002_174_020.mp3","qpc_uthmani_hafs":"ٱلنَّارَ","char_type_name":"word","page_number":26,"line_number":11,"text":"ﯜ","translation":{"text":"the Fire","language_name":"english","language_id":38},"transliteration":{"text":"l-nāra","language_name":"english","language_id":38}},{"id":83258,"position":20,"audio_url":"wbw/002_174_021.mp3","qpc_uthmani_hafs":"وَلَا","char_type_name":"word","page_number":26,"line_number":11,"text":"ﯝ","translation":{"text":"And not","language_name":"english","language_id":38},"transliteration":{"text":"walā","language_name":"english","language_id":38}},{"id":83259,"position":21,"audio_url":"wbw/002_174_022.mp3","qpc_uthmani_hafs":"يُكَلِّمُهُمُ","char_type_name":"word","page_number":26,"line_number":11,"text":"ﯞ","translation":{"text":"will speak to them","language_name":"english","language_id":38},"transliteration":{"text":"yukallimuhumu","language_name":"english","language_id":38}},{"id":83260,"position":22,"audio_url":"wbw/002_174_023.mp3","qpc_uthmani_hafs":"ٱللَّهُ","char_type_name":"word","page_number":26,"line_number":11,"text":"ﯟ","translation":{"text":"Allah","language_name":"english","language_id":38},"transliteration":{"text":"l-lahu","language_name":"english","language_id":38}},{"id":83261,"position":23,"audio_url":"wbw/002_174_024.mp3","qpc_uthmani_hafs":"يَوۡمَ","char_type_name":"word","page_number":26,"line_number":11,"text":"ﯠ","translation":{"text":"(on the) Day","language_name":"english","language_id":38},"transliteration":{"text":"yawma","language_name":"english","language_id":38}},{"id":83262,"position":24,"audio_url":"wbw/002_174_025.mp3","qpc_uthmani_hafs":"ٱلۡقِيَٰمَةِ","char_type_name":"word","page_number":26,"line_number":11,"text":"ﯡ","translation":{"text":"(of) [the] Judgment","language_name":"english","language_id":38},"transliteration":{"text":"l-qiyāmati","language_name":"english","language_id":38}},{"id":83263,"position":25,"audio_url":"wbw/002_174_026.mp3","qpc_uthmani_hafs":"وَلَا","char_type_name":"word","page_number":26,"line_number":12,"text":"ﯢ","translation":{"text":"and not","language_name":"english","language_id":38},"transliteration":{"text":"walā","language_name":"english","language_id":38}},{"id":83264,"position":26,"audio_url":"wbw/002_174_027.mp3","qpc_uthmani_hafs":"يُزَكِّيهِمۡ","char_type_name":"word","page_number":26,"line_number":12,"text":"ﯣ","translation":{"text":"will He purify them","language_name":"english","language_id":38},"transliteration":{"text":"yuzakkīhim","language_name":"english","language_id":38}},{"id":83265,"position":27,"audio_url":"wbw/002_174_028.mp3","qpc_uthmani_hafs":"وَلَهُمۡ","char_type_name":"word","page_number":26,"line_number":12,"text":"ﯤ","translation":{"text":"and for them","language_name":"english","language_id":38},"transliteration":{"text":"walahum","language_name":"english","language_id":38}},{"id":83266,"position":28,"audio_url":"wbw/002_174_029.mp3","qpc_uthmani_hafs":"عَذَابٌ","char_type_name":"word","page_number":26,"line_number":12,"text":"ﯥ","translation":{"text":"(is) a punishment","language_name":"english","language_id":38},"transliteration":{"text":"ʿadhābun","language_name":"english","language_id":38}},{"id":83267,"position":29,"audio_url":"wbw/002_174_030.mp3","qpc_uthmani_hafs":"أَلِيمٌ","char_type_name":"word","page_number":26,"line_number":12,"text":"ﯦ","translation":{"text":"painful","language_name":"english","language_id":38},"transliteration":{"text":"alīmun","language_name":"english","language_id":38}},{"id":83268,"position":30,"audio_url":null,"qpc_uthmani_hafs":"١٧٤","char_type_name":"end","page_number":26,"line_number":12,"text":"ﯧ","translation":{"text":"(174)","language_name":"english","language_id":38},"transliteration":{"text":null,"language_name":"english","language_id":38}}],"translations":[{"id":916610,"resource_id":134,"text":"Sesungguhnya orang-orang yang menyembunyikan apa yang telah diturunkan Allah, yaitu Alkitab dan menjualnya dengan harga yang sedikit (murah), mereka itu sebenarnya tidak memakan (tidak menelan) ke dalam perutnya melainkan api<sup foot_note=209878>1</sup>, dan Allah tidak akan berbicara<sup foot_note=209879>2</sup> kepada mereka pada hari kiamat dan tidak menyucikan mereka, dan bagi mereka siksa yang amat pedih."}]},{"id":182,"verse_number":175,"verse_key":"2:175","juz_number":2,"hizb_number":3,"rub_el_hizb_number":10,"ruku_number":22,"manzil_number":1,"sajdah_number":null,"text_uthmani":"أُو۟لَـٰٓئِكَ ٱلَّذِينَ ٱشْتَرَوُا۟ ٱلضَّلَـٰلَةَ بِٱلْهُدَىٰ وَٱلْعَذَابَ بِٱلْمَغْفِرَةِ ۚ فَمَآ أَصْبَرَهُمْ عَلَى ٱلنَّارِ","page_number":26,"words":[{"id":83337,"position":1,"audio_url":"wbw/002_175_001.mp3","qpc_uthmani_hafs":"أُوْلَٰٓئِكَ","char_type_name":"word","page_number":26,"line_number":12,"text":"ﯨ","translation":{"text":"Those","language_name":"english","language_id":38},"transliteration":{"text":"ulāika","language_name":"english","language_id":38}},{"id":83338,"position":2,"audio_url":"wbw/002_175_002.mp3","qpc_uthmani_hafs":"ٱلَّذِينَ","char_type_name":"word","page_number":26,"line_number":12,"text":"ﯩ","translation":{"text":"(are) they who","language_name":"english","language_id":38},"transliteration":{"text":"alladhīna","language_name":"english","language_id":38}},{"id":83339,"position":3,"audio_url":"wbw/002_175_003.mp3","qpc_uthmani_hafs":"ٱشۡتَرَوُاْ","char_type_name":"word","page_number":26,"line_number":13,"text":"ﯪ","translation":{"text":"purchase[d]","language_name":"english","language_id":38},"transliteration":{"text":"ish'tarawū","language_name":"english","language_id":38}},{"id":83340,"position":4,"audio_url":"wbw/002_175_004.mp3","qpc_uthmani_hafs":"ٱلضَّلَٰلَةَ","char_type_name":"word","page_number":26,"line_number":13,"text":"ﯫ","translation":{"text":"[the] astraying","language_name":"english","language_id":38},"transliteration":{"text":"l-ḍalālata","language_name":"english","language_id":38}},{"id":83341,"position":5,"audio_url":"wbw/002_175_005.mp3","qpc_uthmani_hafs":"بِٱلۡهُدَىٰ","char_type_name":"word","page_number":26,"line_number":13,"text":"ﯬ","translation":{"text":"for [the] Guidance","language_name":"english","language_id":38},"transliteration":{"text":"bil-hudā","language_name":"english","language_id":38}},{"id":83342,"position":6,"audio_url":"wbw/002_175_006.mp3","qpc_uthmani_hafs":"وَٱلۡعَذَابَ","char_type_name":"word","page_number":26,"line_number":13,"text":"ﯭ","translation":{"text":"and [the] punishment","language_name":"english","language_id":38},"transliteration":{"text":"wal-ʿadhāba","language_name":"english","language_id":38}},{"id":83343,"position":7,"audio_url":"wbw/002_175_007.mp3","qpc_uthmani_hafs":"بِٱلۡمَغۡفِرَةِۚ","char_type_name":"word","page_number":26,"line_number":13,"text":"ﯮﯯ","translation":{"text":"for [the] forgiveness","language_name":"english","language_id":38},"transliteration":{"text":"bil-maghfirati","language_name":"english","language_id":38}},{"id":83345,"position":8,"audio_url":"wbw/002_175_009.mp3","qpc_uthmani_hafs":"فَمَآ","char_type_name":"word","page_number":26,"line_number":13,"text":"ﯰ","translation":{"text":"So what (is)","language_name":"english","language_id":38},"transliteration":{"text":"famā","language_name":"english","language_id":38}},{"id":83346,"position":9,"audio_url":"wbw/002_175_010.mp3","qpc_uthmani_hafs":"أَصۡبَرَهُمۡ","char_type_name":"word","page_number":26,"line_number":14,"text":"ﯱ","translation":{"text":"their endurance","language_name":"english","language_id":38},"transliteration":{"text":"aṣbarahum","language_name":"english","language_id":38}},{"id":83347,"position":10,"audio_url":"wbw/002_175_011.mp3","qpc_uthmani_hafs":"عَلَى","char_type_name":"word","page_number":26,"line_number":14,"text":"ﯲ","translation":{"text":"on","language_name":"english","language_id":38},"transliteration":{"text":"ʿalā","language_name":"english","language_id":38}},{"id":83348,"position":11,"audio_url":"wbw/002_175_012.mp3","qpc_uthmani_hafs":"ٱلنَّارِ","char_type_name":"word","page_number":26,"line_number":14,"text":"ﯳ","translation":{"text":"the Fire","language_name":"english","language_id":38},"transliteration":{"text":"l-nāri","language_name":"english","language_id":38}},{"id":83349,"position":12,"audio_url":null,"qpc_uthmani_hafs":"١٧٥","char_type_name":"end","page_number":26,"line_number":14,"text":"ﯴ","translation":{"text":"(175)","language_name":"english","language_id":38},"transliteration":{"text":null,"language_name":"english","language_id":38}}],"translations":[{"id":916611,"resource_id":134,"text":"Mereka itulah orang-orang yang membeli kesesatan dengan petunjuk dan siksa dengan ampunan.  Maka alangkah beraninya mereka menentang api neraka!"}]},{"id":183,"verse_number":176,"verse_key":"2:176","juz_number":2,"hizb_number":3,"rub_el_hizb_number":10,"ruku_number":22,"manzil_number":1,"sajdah_number":null,"text_uthmani":"ذَٰلِكَ بِأَنَّ ٱللَّهَ نَزَّلَ ٱلْكِتَـٰبَ بِٱلْحَقِّ ۗ وَإِنَّ ٱلَّذِينَ ٱخْتَلَفُوا۟ فِى ٱلْكِتَـٰبِ لَفِى شِقَاقٍۭ بَعِيدٍ","page_number":26,"words":[{"id":83366,"position":1,"audio_url":"wbw/002_176_001.mp3","qpc_uthmani_hafs":"ذَٰلِكَ","char_type_name":"word","page_number":26,"line_number":14,"text":"ﯵ","translation":{"text":"That","language_name":"english","language_id":38},"transliteration":{"text":"dhālika","language_name":"english","language_id":38}},{"id":83367,"position":2,"audio_url":"wbw/002_176_002.mp3","qpc_uthmani_hafs":"بِأَنَّ","char_type_name":"word","page_number":26,"line_number":14,"text":"ﯶ","translation":{"text":"(is) because","language_name":"english","language_id":38},"transliteration":{"text":"bi-anna","language_name":"english","language_id":38}},{"id":83368,"position":3,"audio_url":"wbw/002_176_003.mp3","qpc_uthmani_hafs":"ٱللَّهَ","char_type_name":"word","page_number":26,"line_number":14,"text":"ﯷ","translation":{"text":"Allah","language_name":"english","language_id":38},"transliteration":{"text":"l-laha","language_name":"english","language_id":38}},{"id":83369,"position":4,"audio_url":"wbw/002_176_004.mp3","qpc_uthmani_hafs":"نَزَّلَ","char_type_name":"word","page_number":26,"line_number":14,"text":"ﯸ","translation":{"text":"revealed","language_name":"english","language_id":38},"transliteration":{"text":"nazzala","language_name":"english","language_id":38}},{"id":83370,"position":5,"audio_url":"wbw/002_176_005.mp3","qpc_uthmani_hafs":"ٱلۡكِتَٰبَ","char_type_name":"word","page_number":26,"line_number":14,"text":"ﯹ","translation":{"text":"the Book","language_name":"english","language_id":38},"transliteration":{"text":"l-kitāba","language_name":"english","language_id":38}},{"id":83371,"position":6,"audio_url":"wbw/002_176_006.mp3","qpc_uthmani_hafs":"بِٱلۡحَقِّۗ","char_type_name":"word","page_number":26,"line_number":15,"text":"ﯺﯻ","translation":{"text":"with [the] Truth","language_name":"english","language_id":38},"transliteration":{"text":"bil-ḥaqi","language_name":"english","language_id":38}},{"id":83373,"position":7,"audio_url":"wbw/002_176_008.mp3","qpc_uthmani_hafs":"وَإِنَّ","char_type_name":"word","page_number":26,"line_number":15,"text":"ﯼ","translation":{"text":"And indeed","language_name":"english","language_id":38},"transliteration":{"text":"wa-inna","language_name":"english","language_id":38}},{"id":83374,"position":8,"audio_url":"wbw/002_176_009.mp3","qpc_uthmani_hafs":"ٱلَّذِينَ","char_type_name":"word","page_number":26,"line_number":15,"text":"ﯽ","translation":{"text":"those","language_name":"english","language_id":38},"transliteration":{"text":"alladhīna","language_name":"english","language_id":38}},{"id":83375,"position":9,"audio_url":"wbw/002_176_010.mp3","qpc_uthmani_hafs":"ٱخۡتَلَفُواْ","char_type_name":"word","page_number":26,"line_number":15,"text":"ﯾ","translation":{"text":"who differed","language_name":"english","language_id":38},"transliteration":{"text":"ikh'talafū","language_name":"english","language_id":38}},{"id":83376,"position":10,"audio_url":"wbw/002_176_011.mp3","qpc_uthmani_hafs":"فِي","char_type_name":"word","page_number":26,"line_number":15,"text":"ﯿ","translation":{"text":"in","language_name":"english","language_id":38},"transliteration":{"text":"fī","language_name":"english","language_id":38}},{"id":83377,"position":11,"audio_url":"wbw/002_176_012.mp3","qpc_uthmani_hafs":"ٱلۡكِتَٰبِ","char_type_name":"word","page_number":26,"line_number":15,"text":"ﰀ","translation":{"text":"the Book","language_name":"english","language_id":38},"transliteration":{"text":"l-kitābi","language_name":"english","language_id":38}},{"id":83378,"position":12,"audio_url":"wbw/002_176_013.mp3","qpc_uthmani_hafs":"لَفِي","char_type_name":"word","page_number":26,"line_number":15,"text":"ﰁ","translation":{"text":"(are) surely in","language_name":"english","language_id":38},"transliteration":{"text":"lafī","language_name":"english","language_id":38}},{"id":83379,"position":13,"audio_url":"wbw/002_176_014.mp3","qpc_uthmani_hafs":"شِقَاقِۭ","char_type_name":"word","page_number":26,"line_number":15,"text":"ﰂ","translation":{"text":"schism","language_name":"english","language_id":38},"transliteration":{"text":"shiqāqin","language_name":"english","language_id":38}},{"id":83380,"position":14,"audio_url":"wbw/002_176_015.mp3","qpc_uthmani_hafs":"بَعِيدٖ","char_type_name":"word","page_number":26,"line_number":15,"text":"ﰃ","translation":{"text":"far","language_name":"english","language_id":38},"transliteration":{"text":"baʿīdin","language_name":"english","language_id":38}},{"id":83381,"position":15,"audio_url":null,"qpc_uthmani_hafs":"١٧٦","char_type_name":"end","page_number":26,"line_number":15,"text":"ﰄ","translation":{"text":"(176)","language_name":"english","language_id":38},"transliteration":{"text":null,"language_name":"english","language_id":38}}],"translations":[{"id":916612,"resource_id":134,"text":"Yang demikian itu adalah karena Allah telah menurunkan Alkitab dengan membawa kebenaran; dan sesungguhnya orang-orang yang berselisih tentang (kebenaran) Alkitab itu, benar-benar dalam penyimpangan yang jauh."}]}],"pagination":{"per_page":50,"current_page":1,"next_page":null,"total_pages":1,"total_records":7}}