{"verses":[{"id":1803,"verse_number":1,"verse_key":"15:1","juz_number":14,"hizb_number":27,"rub_el_hizb_number":105,"ruku_number":218,"manzil_number":3,"sajdah_number":null,"text_uthmani":" الٓر ۚ تِلْكَ ءَايَـٰتُ ٱلْكِتَـٰبِ وَقُرْءَانٍ مُّبِينٍ","page_number":262,"words":[{"id":833,"position":1,"audio_url":"wbw/015_001_001.mp3","qpc_uthmani_hafs":"الٓرۚ","char_type_name":"word","page_number":262,"line_number":3,"text":"ﭑﭒ","translation":{"text":"Alif Laam Ra","language_name":"english","language_id":38},"transliteration":{"text":"alif-lam-ra","language_name":"english","language_id":38}},{"id":835,"position":2,"audio_url":"wbw/015_001_003.mp3","qpc_uthmani_hafs":"تِلۡكَ","char_type_name":"word","page_number":262,"line_number":3,"text":"ﭓ","translation":{"text":"These","language_name":"english","language_id":38},"transliteration":{"text":"til'ka","language_name":"english","language_id":38}},{"id":836,"position":3,"audio_url":"wbw/015_001_004.mp3","qpc_uthmani_hafs":"ءَايَٰتُ","char_type_name":"word","page_number":262,"line_number":3,"text":"ﭔ","translation":{"text":"(are) the Verses","language_name":"english","language_id":38},"transliteration":{"text":"āyātu","language_name":"english","language_id":38}},{"id":837,"position":4,"audio_url":"wbw/015_001_005.mp3","qpc_uthmani_hafs":"ٱلۡكِتَٰبِ","char_type_name":"word","page_number":262,"line_number":3,"text":"ﭕ","translation":{"text":"(of) the Book","language_name":"english","language_id":38},"transliteration":{"text":"l-kitābi","language_name":"english","language_id":38}},{"id":838,"position":5,"audio_url":"wbw/015_001_006.mp3","qpc_uthmani_hafs":"وَقُرۡءَانٖ","char_type_name":"word","page_number":262,"line_number":3,"text":"ﭖ","translation":{"text":"and Quran","language_name":"english","language_id":38},"transliteration":{"text":"waqur'ānin","language_name":"english","language_id":38}},{"id":839,"position":6,"audio_url":"wbw/015_001_007.mp3","qpc_uthmani_hafs":"مُّبِينٖ","char_type_name":"word","page_number":262,"line_number":3,"text":"ﭗ","translation":{"text":"clear","language_name":"english","language_id":38},"transliteration":{"text":"mubīnin","language_name":"english","language_id":38}},{"id":840,"position":7,"audio_url":null,"qpc_uthmani_hafs":"١","char_type_name":"end","page_number":262,"line_number":3,"text":"ﭘ","translation":{"text":"(1)","language_name":"english","language_id":38},"transliteration":{"text":null,"language_name":"english","language_id":38}}],"translations":[{"id":918232,"resource_id":134,"text":"Alif Lām Rā.  (surah) ini adalah (sebagian dari) ayat-ayat Alkitab (yang sempurna), yaitu (ayat-ayat) Al-Qur`ān yang memberi penjelasan."}]},{"id":1804,"verse_number":2,"verse_key":"15:2","juz_number":14,"hizb_number":27,"rub_el_hizb_number":105,"ruku_number":218,"manzil_number":3,"sajdah_number":null,"text_uthmani":"رُّبَمَا يَوَدُّ ٱلَّذِينَ كَفَرُوا۟ لَوْ كَانُوا۟ مُسْلِمِينَ","page_number":262,"words":[{"id":1944,"position":1,"audio_url":"wbw/015_002_001.mp3","qpc_uthmani_hafs":"رُّبَمَا","char_type_name":"word","page_number":262,"line_number":3,"text":"ﭙ","translation":{"text":"Perhaps","language_name":"english","language_id":38},"transliteration":{"text":"rubamā","language_name":"english","language_id":38}},{"id":1945,"position":2,"audio_url":"wbw/015_002_002.mp3","qpc_uthmani_hafs":"يَوَدُّ","char_type_name":"word","page_number":262,"line_number":3,"text":"ﭚ","translation":{"text":"will wish","language_name":"english","language_id":38},"transliteration":{"text":"yawaddu","language_name":"english","language_id":38}},{"id":1946,"position":3,"audio_url":"wbw/015_002_003.mp3","qpc_uthmani_hafs":"ٱلَّذِينَ","char_type_name":"word","page_number":262,"line_number":4,"text":"ﭛ","translation":{"text":"those who","language_name":"english","language_id":38},"transliteration":{"text":"alladhīna","language_name":"english","language_id":38}},{"id":1947,"position":4,"audio_url":"wbw/015_002_004.mp3","qpc_uthmani_hafs":"كَفَرُواْ","char_type_name":"word","page_number":262,"line_number":4,"text":"ﭜ","translation":{"text":"disbelieved","language_name":"english","language_id":38},"transliteration":{"text":"kafarū","language_name":"english","language_id":38}},{"id":1948,"position":5,"audio_url":"wbw/015_002_005.mp3","qpc_uthmani_hafs":"لَوۡ","char_type_name":"word","page_number":262,"line_number":4,"text":"ﭝ","translation":{"text":"if","language_name":"english","language_id":38},"transliteration":{"text":"law","language_name":"english","language_id":38}},{"id":1949,"position":6,"audio_url":"wbw/015_002_006.mp3","qpc_uthmani_hafs":"كَانُواْ","char_type_name":"word","page_number":262,"line_number":4,"text":"ﭞ","translation":{"text":"they had been","language_name":"english","language_id":38},"transliteration":{"text":"kānū","language_name":"english","language_id":38}},{"id":1950,"position":7,"audio_url":"wbw/015_002_007.mp3","qpc_uthmani_hafs":"مُسۡلِمِينَ","char_type_name":"word","page_number":262,"line_number":4,"text":"ﭟ","translation":{"text":"Muslims","language_name":"english","language_id":38},"transliteration":{"text":"mus'limīna","language_name":"english","language_id":38}},{"id":1951,"position":8,"audio_url":null,"qpc_uthmani_hafs":"٢","char_type_name":"end","page_number":262,"line_number":4,"text":"ﭠ","translation":{"text":"(2)","language_name":"english","language_id":38},"transliteration":{"text":null,"language_name":"english","language_id":38}}],"translations":[{"id":918233,"resource_id":134,"text":"Orang-orang yang kafir itu seringkali (nanti di akhirat) menginginkan kiranya mereka dahulu (di dunia) menjadi orang-orang muslim."}]},{"id":1805,"verse_number":3,"verse_key":"15:3","juz_number":14,"hizb_number":27,"rub_el_hizb_number":105,"ruku_number":218,"manzil_number":3,"sajdah_number":null,"text_uthmani":"ذَرْهُمْ يَأْكُلُوا۟ وَيَتَمَتَّعُوا۟ وَيُلْهِهِمُ ٱلْأَمَلُ ۖ فَسَوْفَ يَعْلَمُونَ","page_number":262,"words":[{"id":3132,"position":1,"audio_url":"wbw/015_003_001.mp3","qpc_uthmani_hafs":"ذَرۡهُمۡ","char_type_name":"word","page_number":262,"line_number":4,"text":"ﭡ","translation":{"text":"Leave them","language_name":"english","language_id":38},"transliteration":{"text":"dharhum","language_name":"english","language_id":38}},{"id":3133,"position":2,"audio_url":"wbw/015_003_002.mp3","qpc_uthmani_hafs":"يَأۡكُلُواْ","char_type_name":"word","page_number":262,"line_number":4,"text":"ﭢ","translation":{"text":"(to) eat","language_name":"english","language_id":38},"transliteration":{"text":"yakulū","language_name":"english","language_id":38}},{"id":3134,"position":3,"audio_url":"wbw/015_003_003.mp3","qpc_uthmani_hafs":"وَيَتَمَتَّعُواْ","char_type_name":"word","page_number":262,"line_number":5,"text":"ﭣ","translation":{"text":"and enjoy","language_name":"english","language_id":38},"transliteration":{"text":"wayatamattaʿū","language_name":"english","language_id":38}},{"id":3135,"position":4,"audio_url":"wbw/015_003_004.mp3","qpc_uthmani_hafs":"وَيُلۡهِهِمُ","char_type_name":"word","page_number":262,"line_number":5,"text":"ﭤ","translation":{"text":"and diverted them","language_name":"english","language_id":38},"transliteration":{"text":"wayul'hihimu","language_name":"english","language_id":38}},{"id":3136,"position":5,"audio_url":"wbw/015_003_005.mp3","qpc_uthmani_hafs":"ٱلۡأَمَلُۖ","char_type_name":"word","page_number":262,"line_number":5,"text":"ﭥﭦ","translation":{"text":"the hope","language_name":"english","language_id":38},"transliteration":{"text":"l-amalu","language_name":"english","language_id":38}},{"id":3138,"position":6,"audio_url":"wbw/015_003_007.mp3","qpc_uthmani_hafs":"فَسَوۡفَ","char_type_name":"word","page_number":262,"line_number":5,"text":"ﭧ","translation":{"text":"then soon","language_name":"english","language_id":38},"transliteration":{"text":"fasawfa","language_name":"english","language_id":38}},{"id":3139,"position":7,"audio_url":"wbw/015_003_008.mp3","qpc_uthmani_hafs":"يَعۡلَمُونَ","char_type_name":"word","page_number":262,"line_number":5,"text":"ﭨ","translation":{"text":"they will come to know","language_name":"english","language_id":38},"transliteration":{"text":"yaʿlamūna","language_name":"english","language_id":38}},{"id":3140,"position":8,"audio_url":null,"qpc_uthmani_hafs":"٣","char_type_name":"end","page_number":262,"line_number":5,"text":"ﭩ","translation":{"text":"(3)","language_name":"english","language_id":38},"transliteration":{"text":null,"language_name":"english","language_id":38}}],"translations":[{"id":918234,"resource_id":134,"text":"Biarkanlah mereka (di dunia ini) makan dan bersenang-senang dan dilalaikan oleh angan-angan (kosong), maka kelak mereka akan mengetahui (akibat perbuatan mereka)."}]},{"id":1806,"verse_number":4,"verse_key":"15:4","juz_number":14,"hizb_number":27,"rub_el_hizb_number":105,"ruku_number":218,"manzil_number":3,"sajdah_number":null,"text_uthmani":"وَمَآ أَهْلَكْنَا مِن قَرْيَةٍ إِلَّا وَلَهَا كِتَابٌ مَّعْلُومٌ","page_number":262,"words":[{"id":3605,"position":1,"audio_url":"wbw/015_004_001.mp3","qpc_uthmani_hafs":"وَمَآ","char_type_name":"word","page_number":262,"line_number":5,"text":"ﭪ","translation":{"text":"And not","language_name":"english","language_id":38},"transliteration":{"text":"wamā","language_name":"english","language_id":38}},{"id":3606,"position":2,"audio_url":"wbw/015_004_002.mp3","qpc_uthmani_hafs":"أَهۡلَكۡنَا","char_type_name":"word","page_number":262,"line_number":5,"text":"ﭫ","translation":{"text":"We destroyed","language_name":"english","language_id":38},"transliteration":{"text":"ahlaknā","language_name":"english","language_id":38}},{"id":3607,"position":3,"audio_url":"wbw/015_004_003.mp3","qpc_uthmani_hafs":"مِن","char_type_name":"word","page_number":262,"line_number":6,"text":"ﭬ","translation":{"text":"any","language_name":"english","language_id":38},"transliteration":{"text":"min","language_name":"english","language_id":38}},{"id":3608,"position":4,"audio_url":"wbw/015_004_004.mp3","qpc_uthmani_hafs":"قَرۡيَةٍ","char_type_name":"word","page_number":262,"line_number":6,"text":"ﭭ","translation":{"text":"town","language_name":"english","language_id":38},"transliteration":{"text":"qaryatin","language_name":"english","language_id":38}},{"id":3609,"position":5,"audio_url":"wbw/015_004_005.mp3","qpc_uthmani_hafs":"إِلَّا","char_type_name":"word","page_number":262,"line_number":6,"text":"ﭮ","translation":{"text":"but","language_name":"english","language_id":38},"transliteration":{"text":"illā","language_name":"english","language_id":38}},{"id":3610,"position":6,"audio_url":"wbw/015_004_006.mp3","qpc_uthmani_hafs":"وَلَهَا","char_type_name":"word","page_number":262,"line_number":6,"text":"ﭯ","translation":{"text":"(there was) for it","language_name":"english","language_id":38},"transliteration":{"text":"walahā","language_name":"english","language_id":38}},{"id":3611,"position":7,"audio_url":"wbw/015_004_007.mp3","qpc_uthmani_hafs":"كِتَابٞ","char_type_name":"word","page_number":262,"line_number":6,"text":"ﭰ","translation":{"text":"a decree","language_name":"english","language_id":38},"transliteration":{"text":"kitābun","language_name":"english","language_id":38}},{"id":3612,"position":8,"audio_url":"wbw/015_004_008.mp3","qpc_uthmani_hafs":"مَّعۡلُومٞ","char_type_name":"word","page_number":262,"line_number":6,"text":"ﭱ","translation":{"text":"known","language_name":"english","language_id":38},"transliteration":{"text":"maʿlūmun","language_name":"english","language_id":38}},{"id":3613,"position":9,"audio_url":null,"qpc_uthmani_hafs":"٤","char_type_name":"end","page_number":262,"line_number":6,"text":"ﭲ","translation":{"text":"(4)","language_name":"english","language_id":38},"transliteration":{"text":null,"language_name":"english","language_id":38}}],"translations":[{"id":918235,"resource_id":134,"text":"Dan Kami tiada membinasakan sesuatu negeri pun, melainkan ada baginya ketentuan masa yang telah ditetapkan."}]},{"id":1807,"verse_number":5,"verse_key":"15:5","juz_number":14,"hizb_number":27,"rub_el_hizb_number":105,"ruku_number":218,"manzil_number":3,"sajdah_number":null,"text_uthmani":"مَّا تَسْبِقُ مِنْ أُمَّةٍ أَجَلَهَا وَمَا يَسْتَـْٔخِرُونَ","page_number":262,"words":[{"id":5180,"position":1,"audio_url":"wbw/015_005_001.mp3","qpc_uthmani_hafs":"مَّا","char_type_name":"word","page_number":262,"line_number":6,"text":"ﭳ","translation":{"text":"Not","language_name":"english","language_id":38},"transliteration":{"text":"mā","language_name":"english","language_id":38}},{"id":5181,"position":2,"audio_url":"wbw/015_005_002.mp3","qpc_uthmani_hafs":"تَسۡبِقُ","char_type_name":"word","page_number":262,"line_number":6,"text":"ﭴ","translation":{"text":"(can) advance","language_name":"english","language_id":38},"transliteration":{"text":"tasbiqu","language_name":"english","language_id":38}},{"id":5182,"position":3,"audio_url":"wbw/015_005_003.mp3","qpc_uthmani_hafs":"مِنۡ","char_type_name":"word","page_number":262,"line_number":6,"text":"ﭵ","translation":{"text":"any","language_name":"english","language_id":38},"transliteration":{"text":"min","language_name":"english","language_id":38}},{"id":5183,"position":4,"audio_url":"wbw/015_005_004.mp3","qpc_uthmani_hafs":"أُمَّةٍ","char_type_name":"word","page_number":262,"line_number":6,"text":"ﭶ","translation":{"text":"nation","language_name":"english","language_id":38},"transliteration":{"text":"ummatin","language_name":"english","language_id":38}},{"id":5184,"position":5,"audio_url":"wbw/015_005_005.mp3","qpc_uthmani_hafs":"أَجَلَهَا","char_type_name":"word","page_number":262,"line_number":7,"text":"ﭷ","translation":{"text":"its term","language_name":"english","language_id":38},"transliteration":{"text":"ajalahā","language_name":"english","language_id":38}},{"id":5185,"position":6,"audio_url":"wbw/015_005_006.mp3","qpc_uthmani_hafs":"وَمَا","char_type_name":"word","page_number":262,"line_number":7,"text":"ﭸ","translation":{"text":"and not","language_name":"english","language_id":38},"transliteration":{"text":"wamā","language_name":"english","language_id":38}},{"id":5186,"position":7,"audio_url":"wbw/015_005_007.mp3","qpc_uthmani_hafs":"يَسۡتَـٔۡخِرُونَ","char_type_name":"word","page_number":262,"line_number":7,"text":"ﭹ","translation":{"text":"(can) delay it","language_name":"english","language_id":38},"transliteration":{"text":"yastakhirūna","language_name":"english","language_id":38}},{"id":5187,"position":8,"audio_url":null,"qpc_uthmani_hafs":"٥","char_type_name":"end","page_number":262,"line_number":7,"text":"ﭺ","translation":{"text":"(5)","language_name":"english","language_id":38},"transliteration":{"text":null,"language_name":"english","language_id":38}}],"translations":[{"id":918236,"resource_id":134,"text":"Tidak ada suatu umat pun yang dapat mendahului ajalnya dan tidak (pula) dapat mengundurkan(nya)."}]},{"id":1808,"verse_number":6,"verse_key":"15:6","juz_number":14,"hizb_number":27,"rub_el_hizb_number":105,"ruku_number":218,"manzil_number":3,"sajdah_number":null,"text_uthmani":"وَقَالُوا۟ يَـٰٓأَيُّهَا ٱلَّذِى نُزِّلَ عَلَيْهِ ٱلذِّكْرُ إِنَّكَ لَمَجْنُونٌ","page_number":262,"words":[{"id":6937,"position":1,"audio_url":"wbw/015_006_001.mp3","qpc_uthmani_hafs":"وَقَالُواْ","char_type_name":"word","page_number":262,"line_number":7,"text":"ﭻ","translation":{"text":"And they say","language_name":"english","language_id":38},"transliteration":{"text":"waqālū","language_name":"english","language_id":38}},{"id":6938,"position":2,"audio_url":"wbw/015_006_002.mp3","qpc_uthmani_hafs":"يَٰٓأَيُّهَا","char_type_name":"word","page_number":262,"line_number":7,"text":"ﭼ","translation":{"text":"O you","language_name":"english","language_id":38},"transliteration":{"text":"yāayyuhā","language_name":"english","language_id":38}},{"id":6939,"position":3,"audio_url":"wbw/015_006_003.mp3","qpc_uthmani_hafs":"ٱلَّذِي","char_type_name":"word","page_number":262,"line_number":7,"text":"ﭽ","translation":{"text":"(to) whom","language_name":"english","language_id":38},"transliteration":{"text":"alladhī","language_name":"english","language_id":38}},{"id":6940,"position":4,"audio_url":"wbw/015_006_004.mp3","qpc_uthmani_hafs":"نُزِّلَ","char_type_name":"word","page_number":262,"line_number":7,"text":"ﭾ","translation":{"text":"has been sent down","language_name":"english","language_id":38},"transliteration":{"text":"nuzzila","language_name":"english","language_id":38}},{"id":6941,"position":5,"audio_url":"wbw/015_006_005.mp3","qpc_uthmani_hafs":"عَلَيۡهِ","char_type_name":"word","page_number":262,"line_number":7,"text":"ﭿ","translation":{"text":"[on him]","language_name":"english","language_id":38},"transliteration":{"text":"ʿalayhi","language_name":"english","language_id":38}},{"id":6942,"position":6,"audio_url":"wbw/015_006_006.mp3","qpc_uthmani_hafs":"ٱلذِّكۡرُ","char_type_name":"word","page_number":262,"line_number":8,"text":"ﮀ","translation":{"text":"the Reminder","language_name":"english","language_id":38},"transliteration":{"text":"l-dhik'ru","language_name":"english","language_id":38}},{"id":6943,"position":7,"audio_url":"wbw/015_006_007.mp3","qpc_uthmani_hafs":"إِنَّكَ","char_type_name":"word","page_number":262,"line_number":8,"text":"ﮁ","translation":{"text":"indeed, you","language_name":"english","language_id":38},"transliteration":{"text":"innaka","language_name":"english","language_id":38}},{"id":6944,"position":8,"audio_url":"wbw/015_006_008.mp3","qpc_uthmani_hafs":"لَمَجۡنُونٞ","char_type_name":"word","page_number":262,"line_number":8,"text":"ﮂ","translation":{"text":"(are) surely mad","language_name":"english","language_id":38},"transliteration":{"text":"lamajnūnun","language_name":"english","language_id":38}},{"id":6945,"position":9,"audio_url":null,"qpc_uthmani_hafs":"٦","char_type_name":"end","page_number":262,"line_number":8,"text":"ﮃ","translation":{"text":"(6)","language_name":"english","language_id":38},"transliteration":{"text":null,"language_name":"english","language_id":38}}],"translations":[{"id":918237,"resource_id":134,"text":"Mereka berkata, \"Hai orang yang diturunkan Al-Qur`ān kepadanya, sesungguhnya kamu benar-benar orang yang gila <sup foot_note=210561>1</sup>."}]},{"id":1809,"verse_number":7,"verse_key":"15:7","juz_number":14,"hizb_number":27,"rub_el_hizb_number":105,"ruku_number":218,"manzil_number":3,"sajdah_number":null,"text_uthmani":"لَّوْ مَا تَأْتِينَا بِٱلْمَلَـٰٓئِكَةِ إِن كُنتَ مِنَ ٱلصَّـٰدِقِينَ","page_number":262,"words":[{"id":8233,"position":1,"audio_url":"wbw/015_007_001.mp3","qpc_uthmani_hafs":"لَّوۡ","char_type_name":"word","page_number":262,"line_number":8,"text":"ﮄ","translation":{"text":"Why","language_name":"english","language_id":38},"transliteration":{"text":"law","language_name":"english","language_id":38}},{"id":8234,"position":2,"audio_url":"wbw/015_007_002.mp3","qpc_uthmani_hafs":"مَا","char_type_name":"word","page_number":262,"line_number":8,"text":"ﮅ","translation":{"text":"not","language_name":"english","language_id":38},"transliteration":{"text":"mā","language_name":"english","language_id":38}},{"id":8235,"position":3,"audio_url":"wbw/015_007_003.mp3","qpc_uthmani_hafs":"تَأۡتِينَا","char_type_name":"word","page_number":262,"line_number":8,"text":"ﮆ","translation":{"text":"you bring to us","language_name":"english","language_id":38},"transliteration":{"text":"tatīnā","language_name":"english","language_id":38}},{"id":8236,"position":4,"audio_url":"wbw/015_007_004.mp3","qpc_uthmani_hafs":"بِٱلۡمَلَٰٓئِكَةِ","char_type_name":"word","page_number":262,"line_number":8,"text":"ﮇ","translation":{"text":"the Angels","language_name":"english","language_id":38},"transliteration":{"text":"bil-malāikati","language_name":"english","language_id":38}},{"id":8237,"position":5,"audio_url":"wbw/015_007_005.mp3","qpc_uthmani_hafs":"إِن","char_type_name":"word","page_number":262,"line_number":8,"text":"ﮈ","translation":{"text":"if","language_name":"english","language_id":38},"transliteration":{"text":"in","language_name":"english","language_id":38}},{"id":8238,"position":6,"audio_url":"wbw/015_007_006.mp3","qpc_uthmani_hafs":"كُنتَ","char_type_name":"word","page_number":262,"line_number":8,"text":"ﮉ","translation":{"text":"you are","language_name":"english","language_id":38},"transliteration":{"text":"kunta","language_name":"english","language_id":38}},{"id":8239,"position":7,"audio_url":"wbw/015_007_007.mp3","qpc_uthmani_hafs":"مِنَ","char_type_name":"word","page_number":262,"line_number":9,"text":"ﮊ","translation":{"text":"of","language_name":"english","language_id":38},"transliteration":{"text":"mina","language_name":"english","language_id":38}},{"id":8240,"position":8,"audio_url":"wbw/015_007_008.mp3","qpc_uthmani_hafs":"ٱلصَّٰدِقِينَ","char_type_name":"word","page_number":262,"line_number":9,"text":"ﮋ","translation":{"text":"the truthful","language_name":"english","language_id":38},"transliteration":{"text":"l-ṣādiqīna","language_name":"english","language_id":38}},{"id":8241,"position":9,"audio_url":"","qpc_uthmani_hafs":"٧","char_type_name":"end","page_number":262,"line_number":9,"text":"ﮌ","translation":{"text":"(7)","language_name":"english","language_id":38},"transliteration":{"text":"","language_name":"english","language_id":38}}],"translations":[{"id":918238,"resource_id":134,"text":"Mengapa kamu tidak mendatangkan malaikat kepada kami, jika kamu termasuk orang-orang yang benar?\""}]},{"id":1810,"verse_number":8,"verse_key":"15:8","juz_number":14,"hizb_number":27,"rub_el_hizb_number":105,"ruku_number":218,"manzil_number":3,"sajdah_number":null,"text_uthmani":"مَا نُنَزِّلُ ٱلْمَلَـٰٓئِكَةَ إِلَّا بِٱلْحَقِّ وَمَا كَانُوٓا۟ إِذًا مُّنظَرِينَ","page_number":262,"words":[{"id":9493,"position":1,"audio_url":"wbw/015_008_001.mp3","qpc_uthmani_hafs":"مَا","char_type_name":"word","page_number":262,"line_number":9,"text":"ﮍ","translation":{"text":"Not","language_name":"english","language_id":38},"transliteration":{"text":"mā","language_name":"english","language_id":38}},{"id":9494,"position":2,"audio_url":"wbw/015_008_002.mp3","qpc_uthmani_hafs":"نُنَزِّلُ","char_type_name":"word","page_number":262,"line_number":9,"text":"ﮎ","translation":{"text":"We send down","language_name":"english","language_id":38},"transliteration":{"text":"nunazzilu","language_name":"english","language_id":38}},{"id":9495,"position":3,"audio_url":"wbw/015_008_003.mp3","qpc_uthmani_hafs":"ٱلۡمَلَٰٓئِكَةَ","char_type_name":"word","page_number":262,"line_number":9,"text":"ﮏ","translation":{"text":"the Angels","language_name":"english","language_id":38},"transliteration":{"text":"l-malāikata","language_name":"english","language_id":38}},{"id":9496,"position":4,"audio_url":"wbw/015_008_004.mp3","qpc_uthmani_hafs":"إِلَّا","char_type_name":"word","page_number":262,"line_number":9,"text":"ﮐ","translation":{"text":"except","language_name":"english","language_id":38},"transliteration":{"text":"illā","language_name":"english","language_id":38}},{"id":9497,"position":5,"audio_url":"wbw/015_008_005.mp3","qpc_uthmani_hafs":"بِٱلۡحَقِّ","char_type_name":"word","page_number":262,"line_number":9,"text":"ﮑ","translation":{"text":"with the truth","language_name":"english","language_id":38},"transliteration":{"text":"bil-ḥaqi","language_name":"english","language_id":38}},{"id":9498,"position":6,"audio_url":"wbw/015_008_006.mp3","qpc_uthmani_hafs":"وَمَا","char_type_name":"word","page_number":262,"line_number":9,"text":"ﮒ","translation":{"text":"and not","language_name":"english","language_id":38},"transliteration":{"text":"wamā","language_name":"english","language_id":38}},{"id":9499,"position":7,"audio_url":"wbw/015_008_007.mp3","qpc_uthmani_hafs":"كَانُوٓاْ","char_type_name":"word","page_number":262,"line_number":9,"text":"ﮓ","translation":{"text":"they would be","language_name":"english","language_id":38},"transliteration":{"text":"kānū","language_name":"english","language_id":38}},{"id":9500,"position":8,"audio_url":"wbw/015_008_008.mp3","qpc_uthmani_hafs":"إِذٗا","char_type_name":"word","page_number":262,"line_number":10,"text":"ﮔ","translation":{"text":"then","language_name":"english","language_id":38},"transliteration":{"text":"idhan","language_name":"english","language_id":38}},{"id":9501,"position":9,"audio_url":"wbw/015_008_009.mp3","qpc_uthmani_hafs":"مُّنظَرِينَ","char_type_name":"word","page_number":262,"line_number":10,"text":"ﮕ","translation":{"text":"given respite","language_name":"english","language_id":38},"transliteration":{"text":"munẓarīna","language_name":"english","language_id":38}},{"id":9502,"position":10,"audio_url":null,"qpc_uthmani_hafs":"٨","char_type_name":"end","page_number":262,"line_number":10,"text":"ﮖ","translation":{"text":"(8)","language_name":"english","language_id":38},"transliteration":{"text":null,"language_name":"english","language_id":38}}],"translations":[{"id":918239,"resource_id":134,"text":"Kami tidak menurunkan malaikat, melainkan dengan benar (untuk membawa azab) dan tiadalah mereka ketika itu diberi tangguh."}]},{"id":1811,"verse_number":9,"verse_key":"15:9","juz_number":14,"hizb_number":27,"rub_el_hizb_number":105,"ruku_number":218,"manzil_number":3,"sajdah_number":null,"text_uthmani":"إِنَّا نَحْنُ نَزَّلْنَا ٱلذِّكْرَ وَإِنَّا لَهُۥ لَحَـٰفِظُونَ","page_number":262,"words":[{"id":10575,"position":1,"audio_url":"wbw/015_009_001.mp3","qpc_uthmani_hafs":"إِنَّا","char_type_name":"word","page_number":262,"line_number":10,"text":"ﮗ","translation":{"text":"Indeed, We","language_name":"english","language_id":38},"transliteration":{"text":"innā","language_name":"english","language_id":38}},{"id":10576,"position":2,"audio_url":"wbw/015_009_002.mp3","qpc_uthmani_hafs":"نَحۡنُ","char_type_name":"word","page_number":262,"line_number":10,"text":"ﮘ","translation":{"text":"We","language_name":"english","language_id":38},"transliteration":{"text":"naḥnu","language_name":"english","language_id":38}},{"id":10577,"position":3,"audio_url":"wbw/015_009_003.mp3","qpc_uthmani_hafs":"نَزَّلۡنَا","char_type_name":"word","page_number":262,"line_number":10,"text":"ﮙ","translation":{"text":"have sent down","language_name":"english","language_id":38},"transliteration":{"text":"nazzalnā","language_name":"english","language_id":38}},{"id":10578,"position":4,"audio_url":"wbw/015_009_004.mp3","qpc_uthmani_hafs":"ٱلذِّكۡرَ","char_type_name":"word","page_number":262,"line_number":10,"text":"ﮚ","translation":{"text":"the Reminder","language_name":"english","language_id":38},"transliteration":{"text":"l-dhik'ra","language_name":"english","language_id":38}},{"id":10579,"position":5,"audio_url":"wbw/015_009_005.mp3","qpc_uthmani_hafs":"وَإِنَّا","char_type_name":"word","page_number":262,"line_number":10,"text":"ﮛ","translation":{"text":"and indeed, We","language_name":"english","language_id":38},"transliteration":{"text":"wa-innā","language_name":"english","language_id":38}},{"id":10580,"position":6,"audio_url":"wbw/015_009_006.mp3","qpc_uthmani_hafs":"لَهُۥ","char_type_name":"word","page_number":262,"line_number":10,"text":"ﮜ","translation":{"text":"of it","language_name":"english","language_id":38},"transliteration":{"text":"lahu","language_name":"english","language_id":38}},{"id":10581,"position":7,"audio_url":"wbw/015_009_007.mp3","qpc_uthmani_hafs":"لَحَٰفِظُونَ","char_type_name":"word","page_number":262,"line_number":10,"text":"ﮝ","translation":{"text":"(are) surely Guardians","language_name":"english","language_id":38},"transliteration":{"text":"laḥāfiẓūna","language_name":"english","language_id":38}},{"id":10582,"position":8,"audio_url":null,"qpc_uthmani_hafs":"٩","char_type_name":"end","page_number":262,"line_number":10,"text":"ﮞ","translation":{"text":"(9)","language_name":"english","language_id":38},"transliteration":{"text":null,"language_name":"english","language_id":38}}],"translations":[{"id":918240,"resource_id":134,"text":"Sesungguhnya Kami-lah yang menurunkan Al-Qur`ān dan sesungguhnya Kami benar-benar memeliharanya <sup foot_note=210562>1</sup>."}]},{"id":1812,"verse_number":10,"verse_key":"15:10","juz_number":14,"hizb_number":27,"rub_el_hizb_number":105,"ruku_number":218,"manzil_number":3,"sajdah_number":null,"text_uthmani":"وَلَقَدْ أَرْسَلْنَا مِن قَبْلِكَ فِى شِيَعِ ٱلْأَوَّلِينَ","page_number":262,"words":[{"id":11721,"position":1,"audio_url":"wbw/015_010_001.mp3","qpc_uthmani_hafs":"وَلَقَدۡ","char_type_name":"word","page_number":262,"line_number":11,"text":"ﮟ","translation":{"text":"And certainly","language_name":"english","language_id":38},"transliteration":{"text":"walaqad","language_name":"english","language_id":38}},{"id":11722,"position":2,"audio_url":"wbw/015_010_002.mp3","qpc_uthmani_hafs":"أَرۡسَلۡنَا","char_type_name":"word","page_number":262,"line_number":11,"text":"ﮠ","translation":{"text":"We (had) sent","language_name":"english","language_id":38},"transliteration":{"text":"arsalnā","language_name":"english","language_id":38}},{"id":11723,"position":3,"audio_url":"wbw/015_010_003.mp3","qpc_uthmani_hafs":"مِن","char_type_name":"word","page_number":262,"line_number":11,"text":"ﮡ","translation":{"text":"before you","language_name":"english","language_id":38},"transliteration":{"text":"min","language_name":"english","language_id":38}},{"id":11724,"position":4,"audio_url":"wbw/015_010_004.mp3","qpc_uthmani_hafs":"قَبۡلِكَ","char_type_name":"word","page_number":262,"line_number":11,"text":"ﮢ","translation":{"text":"before you","language_name":"english","language_id":38},"transliteration":{"text":"qablika","language_name":"english","language_id":38}},{"id":11725,"position":5,"audio_url":"wbw/015_010_005.mp3","qpc_uthmani_hafs":"فِي","char_type_name":"word","page_number":262,"line_number":11,"text":"ﮣ","translation":{"text":"in","language_name":"english","language_id":38},"transliteration":{"text":"fī","language_name":"english","language_id":38}},{"id":11726,"position":6,"audio_url":"wbw/015_010_006.mp3","qpc_uthmani_hafs":"شِيَعِ","char_type_name":"word","page_number":262,"line_number":11,"text":"ﮤ","translation":{"text":"the sects","language_name":"english","language_id":38},"transliteration":{"text":"shiyaʿi","language_name":"english","language_id":38}},{"id":11727,"position":7,"audio_url":"wbw/015_010_007.mp3","qpc_uthmani_hafs":"ٱلۡأَوَّلِينَ","char_type_name":"word","page_number":262,"line_number":11,"text":"ﮥ","translation":{"text":"(of) the former (people)","language_name":"english","language_id":38},"transliteration":{"text":"l-awalīna","language_name":"english","language_id":38}},{"id":11728,"position":8,"audio_url":null,"qpc_uthmani_hafs":"١٠","char_type_name":"end","page_number":262,"line_number":11,"text":"ﮦ","translation":{"text":"(10)","language_name":"english","language_id":38},"transliteration":{"text":null,"language_name":"english","language_id":38}}],"translations":[{"id":918241,"resource_id":134,"text":"Dan sesungguhnya Kami telah mengutus (beberapa rasul) sebelum kamu kepada umat-umat yang terdahulu."}]},{"id":1813,"verse_number":11,"verse_key":"15:11","juz_number":14,"hizb_number":27,"rub_el_hizb_number":105,"ruku_number":218,"manzil_number":3,"sajdah_number":null,"text_uthmani":"وَمَا يَأْتِيهِم مِّن رَّسُولٍ إِلَّا كَانُوا۟ بِهِۦ يَسْتَهْزِءُونَ","page_number":262,"words":[{"id":13206,"position":1,"audio_url":"wbw/015_011_001.mp3","qpc_uthmani_hafs":"وَمَا","char_type_name":"word","page_number":262,"line_number":11,"text":"ﮧ","translation":{"text":"And not","language_name":"english","language_id":38},"transliteration":{"text":"wamā","language_name":"english","language_id":38}},{"id":13207,"position":2,"audio_url":"wbw/015_011_002.mp3","qpc_uthmani_hafs":"يَأۡتِيهِم","char_type_name":"word","page_number":262,"line_number":11,"text":"ﮨ","translation":{"text":"came to them","language_name":"english","language_id":38},"transliteration":{"text":"yatīhim","language_name":"english","language_id":38}},{"id":13208,"position":3,"audio_url":"wbw/015_011_003.mp3","qpc_uthmani_hafs":"مِّن","char_type_name":"word","page_number":262,"line_number":11,"text":"ﮩ","translation":{"text":"any","language_name":"english","language_id":38},"transliteration":{"text":"min","language_name":"english","language_id":38}},{"id":13209,"position":4,"audio_url":"wbw/015_011_004.mp3","qpc_uthmani_hafs":"رَّسُولٍ","char_type_name":"word","page_number":262,"line_number":12,"text":"ﮪ","translation":{"text":"Messenger","language_name":"english","language_id":38},"transliteration":{"text":"rasūlin","language_name":"english","language_id":38}},{"id":13210,"position":5,"audio_url":"wbw/015_011_005.mp3","qpc_uthmani_hafs":"إِلَّا","char_type_name":"word","page_number":262,"line_number":12,"text":"ﮫ","translation":{"text":"but","language_name":"english","language_id":38},"transliteration":{"text":"illā","language_name":"english","language_id":38}},{"id":13211,"position":6,"audio_url":"wbw/015_011_006.mp3","qpc_uthmani_hafs":"كَانُواْ","char_type_name":"word","page_number":262,"line_number":12,"text":"ﮬ","translation":{"text":"they did","language_name":"english","language_id":38},"transliteration":{"text":"kānū","language_name":"english","language_id":38}},{"id":13212,"position":7,"audio_url":"wbw/015_011_007.mp3","qpc_uthmani_hafs":"بِهِۦ","char_type_name":"word","page_number":262,"line_number":12,"text":"ﮭ","translation":{"text":"at him","language_name":"english","language_id":38},"transliteration":{"text":"bihi","language_name":"english","language_id":38}},{"id":13213,"position":8,"audio_url":"wbw/015_011_008.mp3","qpc_uthmani_hafs":"يَسۡتَهۡزِءُونَ","char_type_name":"word","page_number":262,"line_number":12,"text":"ﮮ","translation":{"text":"mock","language_name":"english","language_id":38},"transliteration":{"text":"yastahziūna","language_name":"english","language_id":38}},{"id":13214,"position":9,"audio_url":null,"qpc_uthmani_hafs":"١١","char_type_name":"end","page_number":262,"line_number":12,"text":"ﮯ","translation":{"text":"(11)","language_name":"english","language_id":38},"transliteration":{"text":null,"language_name":"english","language_id":38}}],"translations":[{"id":918242,"resource_id":134,"text":"Dan tidak datang seorang rasul pun kepada mereka, melainkan mereka selalu memperolok-olokkannya."}]},{"id":1814,"verse_number":12,"verse_key":"15:12","juz_number":14,"hizb_number":27,"rub_el_hizb_number":105,"ruku_number":218,"manzil_number":3,"sajdah_number":null,"text_uthmani":"كَذَٰلِكَ نَسْلُكُهُۥ فِى قُلُوبِ ٱلْمُجْرِمِينَ","page_number":262,"words":[{"id":13537,"position":1,"audio_url":"wbw/015_012_001.mp3","qpc_uthmani_hafs":"كَذَٰلِكَ","char_type_name":"word","page_number":262,"line_number":12,"text":"ﮰ","translation":{"text":"Thus","language_name":"english","language_id":38},"transliteration":{"text":"kadhālika","language_name":"english","language_id":38}},{"id":13538,"position":2,"audio_url":"wbw/015_012_002.mp3","qpc_uthmani_hafs":"نَسۡلُكُهُۥ","char_type_name":"word","page_number":262,"line_number":12,"text":"ﮱ","translation":{"text":"We let it enter","language_name":"english","language_id":38},"transliteration":{"text":"naslukuhu","language_name":"english","language_id":38}},{"id":13539,"position":3,"audio_url":"wbw/015_012_003.mp3","qpc_uthmani_hafs":"فِي","char_type_name":"word","page_number":262,"line_number":12,"text":"ﯓ","translation":{"text":"in","language_name":"english","language_id":38},"transliteration":{"text":"fī","language_name":"english","language_id":38}},{"id":13540,"position":4,"audio_url":"wbw/015_012_004.mp3","qpc_uthmani_hafs":"قُلُوبِ","char_type_name":"word","page_number":262,"line_number":13,"text":"ﯔ","translation":{"text":"(the) hearts","language_name":"english","language_id":38},"transliteration":{"text":"qulūbi","language_name":"english","language_id":38}},{"id":13541,"position":5,"audio_url":"wbw/015_012_005.mp3","qpc_uthmani_hafs":"ٱلۡمُجۡرِمِينَ","char_type_name":"word","page_number":262,"line_number":13,"text":"ﯕ","translation":{"text":"(of) the criminals","language_name":"english","language_id":38},"transliteration":{"text":"l-muj'rimīna","language_name":"english","language_id":38}},{"id":13542,"position":6,"audio_url":null,"qpc_uthmani_hafs":"١٢","char_type_name":"end","page_number":262,"line_number":13,"text":"ﯖ","translation":{"text":"(12)","language_name":"english","language_id":38},"transliteration":{"text":null,"language_name":"english","language_id":38}}],"translations":[{"id":918243,"resource_id":134,"text":"Demikianlah, Kami mamasukkan (rasa ingkar dan memperolok-olokkan itu) ke dalam hati orang-orang yang berdosa (orang-orang kafir),"}]},{"id":1815,"verse_number":13,"verse_key":"15:13","juz_number":14,"hizb_number":27,"rub_el_hizb_number":105,"ruku_number":218,"manzil_number":3,"sajdah_number":null,"text_uthmani":"لَا يُؤْمِنُونَ بِهِۦ ۖ وَقَدْ خَلَتْ سُنَّةُ ٱلْأَوَّلِينَ","page_number":262,"words":[{"id":14925,"position":1,"audio_url":"wbw/015_013_001.mp3","qpc_uthmani_hafs":"لَا","char_type_name":"word","page_number":262,"line_number":13,"text":"ﯗ","translation":{"text":"Not","language_name":"english","language_id":38},"transliteration":{"text":"lā","language_name":"english","language_id":38}},{"id":14926,"position":2,"audio_url":"wbw/015_013_002.mp3","qpc_uthmani_hafs":"يُؤۡمِنُونَ","char_type_name":"word","page_number":262,"line_number":13,"text":"ﯘ","translation":{"text":"they believe","language_name":"english","language_id":38},"transliteration":{"text":"yu'minūna","language_name":"english","language_id":38}},{"id":14927,"position":3,"audio_url":"wbw/015_013_003.mp3","qpc_uthmani_hafs":"بِهِۦ","char_type_name":"word","page_number":262,"line_number":13,"text":"ﯙﯚ","translation":{"text":"in it","language_name":"english","language_id":38},"transliteration":{"text":"bihi","language_name":"english","language_id":38}},{"id":14929,"position":4,"audio_url":"wbw/015_013_005.mp3","qpc_uthmani_hafs":"وَقَدۡ","char_type_name":"word","page_number":262,"line_number":13,"text":"ﯛ","translation":{"text":"and verily","language_name":"english","language_id":38},"transliteration":{"text":"waqad","language_name":"english","language_id":38}},{"id":14930,"position":5,"audio_url":"wbw/015_013_006.mp3","qpc_uthmani_hafs":"خَلَتۡ","char_type_name":"word","page_number":262,"line_number":13,"text":"ﯜ","translation":{"text":"have passed","language_name":"english","language_id":38},"transliteration":{"text":"khalat","language_name":"english","language_id":38}},{"id":14931,"position":6,"audio_url":"wbw/015_013_007.mp3","qpc_uthmani_hafs":"سُنَّةُ","char_type_name":"word","page_number":262,"line_number":13,"text":"ﯝ","translation":{"text":"the way(s)","language_name":"english","language_id":38},"transliteration":{"text":"sunnatu","language_name":"english","language_id":38}},{"id":14932,"position":7,"audio_url":"wbw/015_013_008.mp3","qpc_uthmani_hafs":"ٱلۡأَوَّلِينَ","char_type_name":"word","page_number":262,"line_number":13,"text":"ﯞ","translation":{"text":"(of) the former (people)","language_name":"english","language_id":38},"transliteration":{"text":"l-awalīna","language_name":"english","language_id":38}},{"id":14933,"position":8,"audio_url":null,"qpc_uthmani_hafs":"١٣","char_type_name":"end","page_number":262,"line_number":14,"text":"ﯟ","translation":{"text":"(13)","language_name":"english","language_id":38},"transliteration":{"text":null,"language_name":"english","language_id":38}}],"translations":[{"id":918244,"resource_id":134,"text":"mereka tidak beriman kepadanya (Al-Qur`ān) dan sesungguhnya telah berlalu sunatullah  terhadap orang-orang dahulu  <sup foot_note=210563>1</sup> ."}]},{"id":1816,"verse_number":14,"verse_key":"15:14","juz_number":14,"hizb_number":27,"rub_el_hizb_number":105,"ruku_number":218,"manzil_number":3,"sajdah_number":null,"text_uthmani":"وَلَوْ فَتَحْنَا عَلَيْهِم بَابًا مِّنَ ٱلسَّمَآءِ فَظَلُّوا۟ فِيهِ يَعْرُجُونَ","page_number":262,"words":[{"id":16703,"position":1,"audio_url":"wbw/015_014_001.mp3","qpc_uthmani_hafs":"وَلَوۡ","char_type_name":"word","page_number":262,"line_number":14,"text":"ﯠ","translation":{"text":"And (even) if","language_name":"english","language_id":38},"transliteration":{"text":"walaw","language_name":"english","language_id":38}},{"id":16704,"position":2,"audio_url":"wbw/015_014_002.mp3","qpc_uthmani_hafs":"فَتَحۡنَا","char_type_name":"word","page_number":262,"line_number":14,"text":"ﯡ","translation":{"text":"We opened","language_name":"english","language_id":38},"transliteration":{"text":"fataḥnā","language_name":"english","language_id":38}},{"id":16705,"position":3,"audio_url":"wbw/015_014_003.mp3","qpc_uthmani_hafs":"عَلَيۡهِم","char_type_name":"word","page_number":262,"line_number":14,"text":"ﯢ","translation":{"text":"to them","language_name":"english","language_id":38},"transliteration":{"text":"ʿalayhim","language_name":"english","language_id":38}},{"id":16706,"position":4,"audio_url":"wbw/015_014_004.mp3","qpc_uthmani_hafs":"بَابٗا","char_type_name":"word","page_number":262,"line_number":14,"text":"ﯣ","translation":{"text":"a gate","language_name":"english","language_id":38},"transliteration":{"text":"bāban","language_name":"english","language_id":38}},{"id":16707,"position":5,"audio_url":"wbw/015_014_005.mp3","qpc_uthmani_hafs":"مِّنَ","char_type_name":"word","page_number":262,"line_number":14,"text":"ﯤ","translation":{"text":"from","language_name":"english","language_id":38},"transliteration":{"text":"mina","language_name":"english","language_id":38}},{"id":16708,"position":6,"audio_url":"wbw/015_014_006.mp3","qpc_uthmani_hafs":"ٱلسَّمَآءِ","char_type_name":"word","page_number":262,"line_number":14,"text":"ﯥ","translation":{"text":"the heaven","language_name":"english","language_id":38},"transliteration":{"text":"l-samāi","language_name":"english","language_id":38}},{"id":16709,"position":7,"audio_url":"wbw/015_014_007.mp3","qpc_uthmani_hafs":"فَظَلُّواْ","char_type_name":"word","page_number":262,"line_number":14,"text":"ﯦ","translation":{"text":"and they were to continue","language_name":"english","language_id":38},"transliteration":{"text":"faẓallū","language_name":"english","language_id":38}},{"id":16710,"position":8,"audio_url":"wbw/015_014_008.mp3","qpc_uthmani_hafs":"فِيهِ","char_type_name":"word","page_number":262,"line_number":14,"text":"ﯧ","translation":{"text":"therein","language_name":"english","language_id":38},"transliteration":{"text":"fīhi","language_name":"english","language_id":38}},{"id":16711,"position":9,"audio_url":"wbw/015_014_009.mp3","qpc_uthmani_hafs":"يَعۡرُجُونَ","char_type_name":"word","page_number":262,"line_number":14,"text":"ﯨ","translation":{"text":"(to) ascend","language_name":"english","language_id":38},"transliteration":{"text":"yaʿrujūna","language_name":"english","language_id":38}},{"id":16712,"position":10,"audio_url":null,"qpc_uthmani_hafs":"١٤","char_type_name":"end","page_number":262,"line_number":15,"text":"ﯩ","translation":{"text":"(14)","language_name":"english","language_id":38},"transliteration":{"text":null,"language_name":"english","language_id":38}}],"translations":[{"id":918245,"resource_id":134,"text":"Dan jika seandainya Kami membukakan kepada mereka salah satu dari (pintu-pintu) langit, lalu mereka terus-menerus naik ke atasnya,"}]},{"id":1817,"verse_number":15,"verse_key":"15:15","juz_number":14,"hizb_number":27,"rub_el_hizb_number":105,"ruku_number":218,"manzil_number":3,"sajdah_number":null,"text_uthmani":"لَقَالُوٓا۟ إِنَّمَا سُكِّرَتْ أَبْصَـٰرُنَا بَلْ نَحْنُ قَوْمٌ مَّسْحُورُونَ","page_number":262,"words":[{"id":17885,"position":1,"audio_url":"wbw/015_015_001.mp3","qpc_uthmani_hafs":"لَقَالُوٓاْ","char_type_name":"word","page_number":262,"line_number":15,"text":"ﯪ","translation":{"text":"They would surely say","language_name":"english","language_id":38},"transliteration":{"text":"laqālū","language_name":"english","language_id":38}},{"id":17886,"position":2,"audio_url":"wbw/015_015_002.mp3","qpc_uthmani_hafs":"إِنَّمَا","char_type_name":"word","page_number":262,"line_number":15,"text":"ﯫ","translation":{"text":"Only","language_name":"english","language_id":38},"transliteration":{"text":"innamā","language_name":"english","language_id":38}},{"id":17887,"position":3,"audio_url":"wbw/015_015_003.mp3","qpc_uthmani_hafs":"سُكِّرَتۡ","char_type_name":"word","page_number":262,"line_number":15,"text":"ﯬ","translation":{"text":"have been dazzled","language_name":"english","language_id":38},"transliteration":{"text":"sukkirat","language_name":"english","language_id":38}},{"id":17888,"position":4,"audio_url":"wbw/015_015_004.mp3","qpc_uthmani_hafs":"أَبۡصَٰرُنَا","char_type_name":"word","page_number":262,"line_number":15,"text":"ﯭ","translation":{"text":"our eyes","language_name":"english","language_id":38},"transliteration":{"text":"abṣārunā","language_name":"english","language_id":38}},{"id":17889,"position":5,"audio_url":"wbw/015_015_005.mp3","qpc_uthmani_hafs":"بَلۡ","char_type_name":"word","page_number":262,"line_number":15,"text":"ﯮ","translation":{"text":"Nay","language_name":"english","language_id":38},"transliteration":{"text":"bal","language_name":"english","language_id":38}},{"id":17890,"position":6,"audio_url":"wbw/015_015_006.mp3","qpc_uthmani_hafs":"نَحۡنُ","char_type_name":"word","page_number":262,"line_number":15,"text":"ﯯ","translation":{"text":"we","language_name":"english","language_id":38},"transliteration":{"text":"naḥnu","language_name":"english","language_id":38}},{"id":17891,"position":7,"audio_url":"wbw/015_015_007.mp3","qpc_uthmani_hafs":"قَوۡمٞ","char_type_name":"word","page_number":262,"line_number":15,"text":"ﯰ","translation":{"text":"(are) a people","language_name":"english","language_id":38},"transliteration":{"text":"qawmun","language_name":"english","language_id":38}},{"id":17892,"position":8,"audio_url":"wbw/015_015_008.mp3","qpc_uthmani_hafs":"مَّسۡحُورُونَ","char_type_name":"word","page_number":262,"line_number":15,"text":"ﯱ","translation":{"text":"bewitched","language_name":"english","language_id":38},"transliteration":{"text":"masḥūrūna","language_name":"english","language_id":38}},{"id":17893,"position":9,"audio_url":null,"qpc_uthmani_hafs":"١٥","char_type_name":"end","page_number":262,"line_number":15,"text":"ﯲ","translation":{"text":"(15)","language_name":"english","language_id":38},"transliteration":{"text":null,"language_name":"english","language_id":38}}],"translations":[{"id":918246,"resource_id":134,"text":"tentulah mereka berkata, \"Sesungguhnya pandangan kamilah yang dikaburkan, bahkan kami adalah orang orang yang kena sihir\"."}]}],"pagination":{"per_page":50,"current_page":1,"next_page":null,"total_pages":1,"total_records":15}}