{"verses":[{"id":1893,"verse_number":91,"verse_key":"15:91","juz_number":14,"hizb_number":27,"rub_el_hizb_number":106,"ruku_number":223,"manzil_number":3,"sajdah_number":null,"text_uthmani":"ٱلَّذِينَ جَعَلُوا۟ ٱلْقُرْءَانَ عِضِينَ","page_number":267,"words":[{"id":68582,"position":1,"audio_url":"wbw/015_091_001.mp3","qpc_uthmani_hafs":"ٱلَّذِينَ","char_type_name":"word","page_number":267,"line_number":1,"text":"ﭑ","translation":{"text":"Those who","language_name":"english","language_id":38},"transliteration":{"text":"alladhīna","language_name":"english","language_id":38}},{"id":68583,"position":2,"audio_url":"wbw/015_091_002.mp3","qpc_uthmani_hafs":"جَعَلُواْ","char_type_name":"word","page_number":267,"line_number":1,"text":"ﭒ","translation":{"text":"have made","language_name":"english","language_id":38},"transliteration":{"text":"jaʿalū","language_name":"english","language_id":38}},{"id":68584,"position":3,"audio_url":"wbw/015_091_003.mp3","qpc_uthmani_hafs":"ٱلۡقُرۡءَانَ","char_type_name":"word","page_number":267,"line_number":1,"text":"ﭓ","translation":{"text":"the Quran","language_name":"english","language_id":38},"transliteration":{"text":"l-qur'āna","language_name":"english","language_id":38}},{"id":68585,"position":4,"audio_url":"wbw/015_091_004.mp3","qpc_uthmani_hafs":"عِضِينَ","char_type_name":"word","page_number":267,"line_number":1,"text":"ﭔ","translation":{"text":"(in) parts","language_name":"english","language_id":38},"transliteration":{"text":"ʿiḍīna","language_name":"english","language_id":38}},{"id":68586,"position":5,"audio_url":null,"qpc_uthmani_hafs":"٩١","char_type_name":"end","page_number":267,"line_number":1,"text":"ﭕ","translation":{"text":"(91)","language_name":"english","language_id":38},"transliteration":{"text":null,"language_name":"english","language_id":38}}],"translations":[{"id":918322,"resource_id":134,"text":"(yaitu) orang-orang<sup foot_note=210585>1</sup> yang telah menjadikan Al-Qur`ān itu terbagi-bagi<sup foot_note=210586>2</sup>."}]},{"id":1894,"verse_number":92,"verse_key":"15:92","juz_number":14,"hizb_number":27,"rub_el_hizb_number":106,"ruku_number":223,"manzil_number":3,"sajdah_number":null,"text_uthmani":"فَوَرَبِّكَ لَنَسْـَٔلَنَّهُمْ أَجْمَعِينَ","page_number":267,"words":[{"id":68618,"position":1,"audio_url":"wbw/015_092_001.mp3","qpc_uthmani_hafs":"فَوَرَبِّكَ","char_type_name":"word","page_number":267,"line_number":1,"text":"ﭖ","translation":{"text":"So by your Lord","language_name":"english","language_id":38},"transliteration":{"text":"fawarabbika","language_name":"english","language_id":38}},{"id":68619,"position":2,"audio_url":"wbw/015_092_002.mp3","qpc_uthmani_hafs":"لَنَسۡـَٔلَنَّهُمۡ","char_type_name":"word","page_number":267,"line_number":1,"text":"ﭗ","translation":{"text":"surely We will question them","language_name":"english","language_id":38},"transliteration":{"text":"lanasalannahum","language_name":"english","language_id":38}},{"id":68620,"position":3,"audio_url":"wbw/015_092_003.mp3","qpc_uthmani_hafs":"أَجۡمَعِينَ","char_type_name":"word","page_number":267,"line_number":2,"text":"ﭘ","translation":{"text":"all","language_name":"english","language_id":38},"transliteration":{"text":"ajmaʿīna","language_name":"english","language_id":38}},{"id":68621,"position":4,"audio_url":null,"qpc_uthmani_hafs":"٩٢","char_type_name":"end","page_number":267,"line_number":2,"text":"ﭙ","translation":{"text":"(92)","language_name":"english","language_id":38},"transliteration":{"text":null,"language_name":"english","language_id":38}}],"translations":[{"id":918323,"resource_id":134,"text":"Maka demi Tuhan-mu, Kami pasti akan menanyai mereka semua,"}]},{"id":1895,"verse_number":93,"verse_key":"15:93","juz_number":14,"hizb_number":27,"rub_el_hizb_number":106,"ruku_number":223,"manzil_number":3,"sajdah_number":null,"text_uthmani":"عَمَّا كَانُوا۟ يَعْمَلُونَ","page_number":267,"words":[{"id":69141,"position":1,"audio_url":"wbw/015_093_001.mp3","qpc_uthmani_hafs":"عَمَّا","char_type_name":"word","page_number":267,"line_number":2,"text":"ﭚ","translation":{"text":"About what","language_name":"english","language_id":38},"transliteration":{"text":"ʿammā","language_name":"english","language_id":38}},{"id":69142,"position":2,"audio_url":"wbw/015_093_002.mp3","qpc_uthmani_hafs":"كَانُواْ","char_type_name":"word","page_number":267,"line_number":2,"text":"ﭛ","translation":{"text":"they used (to)","language_name":"english","language_id":38},"transliteration":{"text":"kānū","language_name":"english","language_id":38}},{"id":69143,"position":3,"audio_url":"wbw/015_093_003.mp3","qpc_uthmani_hafs":"يَعۡمَلُونَ","char_type_name":"word","page_number":267,"line_number":2,"text":"ﭜ","translation":{"text":"do","language_name":"english","language_id":38},"transliteration":{"text":"yaʿmalūna","language_name":"english","language_id":38}},{"id":69144,"position":4,"audio_url":null,"qpc_uthmani_hafs":"٩٣","char_type_name":"end","page_number":267,"line_number":2,"text":"ﭝ","translation":{"text":"(93)","language_name":"english","language_id":38},"transliteration":{"text":null,"language_name":"english","language_id":38}}],"translations":[{"id":918324,"resource_id":134,"text":"tentang apa yang telah mereka kerjakan dahulu."}]},{"id":1896,"verse_number":94,"verse_key":"15:94","juz_number":14,"hizb_number":27,"rub_el_hizb_number":106,"ruku_number":223,"manzil_number":3,"sajdah_number":null,"text_uthmani":"فَٱصْدَعْ بِمَا تُؤْمَرُ وَأَعْرِضْ عَنِ ٱلْمُشْرِكِينَ","page_number":267,"words":[{"id":69653,"position":1,"audio_url":"wbw/015_094_001.mp3","qpc_uthmani_hafs":"فَٱصۡدَعۡ","char_type_name":"word","page_number":267,"line_number":2,"text":"ﭞ","translation":{"text":"So proclaim","language_name":"english","language_id":38},"transliteration":{"text":"fa-iṣ'daʿ","language_name":"english","language_id":38}},{"id":69654,"position":2,"audio_url":"wbw/015_094_002.mp3","qpc_uthmani_hafs":"بِمَا","char_type_name":"word","page_number":267,"line_number":2,"text":"ﭟ","translation":{"text":"of what","language_name":"english","language_id":38},"transliteration":{"text":"bimā","language_name":"english","language_id":38}},{"id":69655,"position":3,"audio_url":"wbw/015_094_003.mp3","qpc_uthmani_hafs":"تُؤۡمَرُ","char_type_name":"word","page_number":267,"line_number":2,"text":"ﭠ","translation":{"text":"you are ordered","language_name":"english","language_id":38},"transliteration":{"text":"tu'maru","language_name":"english","language_id":38}},{"id":69656,"position":4,"audio_url":"wbw/015_094_004.mp3","qpc_uthmani_hafs":"وَأَعۡرِضۡ","char_type_name":"word","page_number":267,"line_number":2,"text":"ﭡ","translation":{"text":"and turn away","language_name":"english","language_id":38},"transliteration":{"text":"wa-aʿriḍ","language_name":"english","language_id":38}},{"id":69657,"position":5,"audio_url":"wbw/015_094_005.mp3","qpc_uthmani_hafs":"عَنِ","char_type_name":"word","page_number":267,"line_number":3,"text":"ﭢ","translation":{"text":"from","language_name":"english","language_id":38},"transliteration":{"text":"ʿani","language_name":"english","language_id":38}},{"id":69658,"position":6,"audio_url":"wbw/015_094_006.mp3","qpc_uthmani_hafs":"ٱلۡمُشۡرِكِينَ","char_type_name":"word","page_number":267,"line_number":3,"text":"ﭣ","translation":{"text":"the polytheists","language_name":"english","language_id":38},"transliteration":{"text":"l-mush'rikīna","language_name":"english","language_id":38}},{"id":69659,"position":7,"audio_url":null,"qpc_uthmani_hafs":"٩٤","char_type_name":"end","page_number":267,"line_number":3,"text":"ﭤ","translation":{"text":"(94)","language_name":"english","language_id":38},"transliteration":{"text":null,"language_name":"english","language_id":38}}],"translations":[{"id":918325,"resource_id":134,"text":"Maka sampaikanlah olehmu secara terang-terangan segala apa yang diperintahkan (kepadamu) dan berpalinglah dari orang-orang yang musyrik."}]},{"id":1897,"verse_number":95,"verse_key":"15:95","juz_number":14,"hizb_number":27,"rub_el_hizb_number":106,"ruku_number":223,"manzil_number":3,"sajdah_number":null,"text_uthmani":"إِنَّا كَفَيْنَـٰكَ ٱلْمُسْتَهْزِءِينَ","page_number":267,"words":[{"id":69693,"position":1,"audio_url":"wbw/015_095_001.mp3","qpc_uthmani_hafs":"إِنَّا","char_type_name":"word","page_number":267,"line_number":3,"text":"ﭥ","translation":{"text":"Indeed, We","language_name":"english","language_id":38},"transliteration":{"text":"innā","language_name":"english","language_id":38}},{"id":69694,"position":2,"audio_url":"wbw/015_095_002.mp3","qpc_uthmani_hafs":"كَفَيۡنَٰكَ","char_type_name":"word","page_number":267,"line_number":3,"text":"ﭦ","translation":{"text":"[We] are sufficient for you","language_name":"english","language_id":38},"transliteration":{"text":"kafaynāka","language_name":"english","language_id":38}},{"id":69695,"position":3,"audio_url":"wbw/015_095_003.mp3","qpc_uthmani_hafs":"ٱلۡمُسۡتَهۡزِءِينَ","char_type_name":"word","page_number":267,"line_number":3,"text":"ﭧ","translation":{"text":"(against) the mockers","language_name":"english","language_id":38},"transliteration":{"text":"l-mus'tahziīna","language_name":"english","language_id":38}},{"id":69696,"position":4,"audio_url":null,"qpc_uthmani_hafs":"٩٥","char_type_name":"end","page_number":267,"line_number":3,"text":"ﭨ","translation":{"text":"(95)","language_name":"english","language_id":38},"transliteration":{"text":null,"language_name":"english","language_id":38}}],"translations":[{"id":918326,"resource_id":134,"text":"Sesungguhnya Kami memelihara kamu daripada (kejahatan) orang-orang yang memperolok-olokkan (kamu),"}]},{"id":1898,"verse_number":96,"verse_key":"15:96","juz_number":14,"hizb_number":27,"rub_el_hizb_number":106,"ruku_number":223,"manzil_number":3,"sajdah_number":null,"text_uthmani":"ٱلَّذِينَ يَجْعَلُونَ مَعَ ٱللَّهِ إِلَـٰهًا ءَاخَرَ ۚ فَسَوْفَ يَعْلَمُونَ","page_number":267,"words":[{"id":70137,"position":1,"audio_url":"wbw/015_096_001.mp3","qpc_uthmani_hafs":"ٱلَّذِينَ","char_type_name":"word","page_number":267,"line_number":3,"text":"ﭩ","translation":{"text":"Those who","language_name":"english","language_id":38},"transliteration":{"text":"alladhīna","language_name":"english","language_id":38}},{"id":70138,"position":2,"audio_url":"wbw/015_096_002.mp3","qpc_uthmani_hafs":"يَجۡعَلُونَ","char_type_name":"word","page_number":267,"line_number":4,"text":"ﭪ","translation":{"text":"set up","language_name":"english","language_id":38},"transliteration":{"text":"yajʿalūna","language_name":"english","language_id":38}},{"id":70139,"position":3,"audio_url":"wbw/015_096_003.mp3","qpc_uthmani_hafs":"مَعَ","char_type_name":"word","page_number":267,"line_number":4,"text":"ﭫ","translation":{"text":"with","language_name":"english","language_id":38},"transliteration":{"text":"maʿa","language_name":"english","language_id":38}},{"id":70140,"position":4,"audio_url":"wbw/015_096_004.mp3","qpc_uthmani_hafs":"ٱللَّهِ","char_type_name":"word","page_number":267,"line_number":4,"text":"ﭬ","translation":{"text":"Allah","language_name":"english","language_id":38},"transliteration":{"text":"l-lahi","language_name":"english","language_id":38}},{"id":70141,"position":5,"audio_url":"wbw/015_096_005.mp3","qpc_uthmani_hafs":"إِلَٰهًا","char_type_name":"word","page_number":267,"line_number":4,"text":"ﭭ","translation":{"text":"god","language_name":"english","language_id":38},"transliteration":{"text":"ilāhan","language_name":"english","language_id":38}},{"id":70142,"position":6,"audio_url":"wbw/015_096_006.mp3","qpc_uthmani_hafs":"ءَاخَرَۚ","char_type_name":"word","page_number":267,"line_number":4,"text":"ﭮﭯ","translation":{"text":"another","language_name":"english","language_id":38},"transliteration":{"text":"ākhara","language_name":"english","language_id":38}},{"id":70144,"position":7,"audio_url":"wbw/015_096_008.mp3","qpc_uthmani_hafs":"فَسَوۡفَ","char_type_name":"word","page_number":267,"line_number":4,"text":"ﭰ","translation":{"text":"But soon","language_name":"english","language_id":38},"transliteration":{"text":"fasawfa","language_name":"english","language_id":38}},{"id":70145,"position":8,"audio_url":"wbw/015_096_009.mp3","qpc_uthmani_hafs":"يَعۡلَمُونَ","char_type_name":"word","page_number":267,"line_number":4,"text":"ﭱ","translation":{"text":"they will come to know","language_name":"english","language_id":38},"transliteration":{"text":"yaʿlamūna","language_name":"english","language_id":38}},{"id":70146,"position":9,"audio_url":null,"qpc_uthmani_hafs":"٩٦","char_type_name":"end","page_number":267,"line_number":4,"text":"ﭲ","translation":{"text":"(96)","language_name":"english","language_id":38},"transliteration":{"text":null,"language_name":"english","language_id":38}}],"translations":[{"id":918327,"resource_id":134,"text":"(yaitu) orang-orang yang menganggap adanya tuhan yang lain di samping Allah, maka mereka kelak akan mengetahui (akibat-akibatnya)."}]},{"id":1899,"verse_number":97,"verse_key":"15:97","juz_number":14,"hizb_number":27,"rub_el_hizb_number":106,"ruku_number":223,"manzil_number":3,"sajdah_number":null,"text_uthmani":"وَلَقَدْ نَعْلَمُ أَنَّكَ يَضِيقُ صَدْرُكَ بِمَا يَقُولُونَ","page_number":267,"words":[{"id":70391,"position":1,"audio_url":"wbw/015_097_001.mp3","qpc_uthmani_hafs":"وَلَقَدۡ","char_type_name":"word","page_number":267,"line_number":4,"text":"ﭳ","translation":{"text":"And verily","language_name":"english","language_id":38},"transliteration":{"text":"walaqad","language_name":"english","language_id":38}},{"id":70392,"position":2,"audio_url":"wbw/015_097_002.mp3","qpc_uthmani_hafs":"نَعۡلَمُ","char_type_name":"word","page_number":267,"line_number":4,"text":"ﭴ","translation":{"text":"We know","language_name":"english","language_id":38},"transliteration":{"text":"naʿlamu","language_name":"english","language_id":38}},{"id":70393,"position":3,"audio_url":"wbw/015_097_003.mp3","qpc_uthmani_hafs":"أَنَّكَ","char_type_name":"word","page_number":267,"line_number":5,"text":"ﭵ","translation":{"text":"that [you]","language_name":"english","language_id":38},"transliteration":{"text":"annaka","language_name":"english","language_id":38}},{"id":70394,"position":4,"audio_url":"wbw/015_097_004.mp3","qpc_uthmani_hafs":"يَضِيقُ","char_type_name":"word","page_number":267,"line_number":5,"text":"ﭶ","translation":{"text":"(is) straitened","language_name":"english","language_id":38},"transliteration":{"text":"yaḍīqu","language_name":"english","language_id":38}},{"id":70395,"position":5,"audio_url":"wbw/015_097_005.mp3","qpc_uthmani_hafs":"صَدۡرُكَ","char_type_name":"word","page_number":267,"line_number":5,"text":"ﭷ","translation":{"text":"your breast","language_name":"english","language_id":38},"transliteration":{"text":"ṣadruka","language_name":"english","language_id":38}},{"id":70396,"position":6,"audio_url":"wbw/015_097_006.mp3","qpc_uthmani_hafs":"بِمَا","char_type_name":"word","page_number":267,"line_number":5,"text":"ﭸ","translation":{"text":"by what","language_name":"english","language_id":38},"transliteration":{"text":"bimā","language_name":"english","language_id":38}},{"id":70397,"position":7,"audio_url":"wbw/015_097_007.mp3","qpc_uthmani_hafs":"يَقُولُونَ","char_type_name":"word","page_number":267,"line_number":5,"text":"ﭹ","translation":{"text":"they say","language_name":"english","language_id":38},"transliteration":{"text":"yaqūlūna","language_name":"english","language_id":38}},{"id":70398,"position":8,"audio_url":null,"qpc_uthmani_hafs":"٩٧","char_type_name":"end","page_number":267,"line_number":5,"text":"ﭺ","translation":{"text":"(97)","language_name":"english","language_id":38},"transliteration":{"text":null,"language_name":"english","language_id":38}}],"translations":[{"id":918328,"resource_id":134,"text":"Dan Kami sungguh-sungguh mengetahui bahwa dadamu menjadi sempit disebabkan apa yang mereka ucapkan,"}]},{"id":1900,"verse_number":98,"verse_key":"15:98","juz_number":14,"hizb_number":27,"rub_el_hizb_number":106,"ruku_number":223,"manzil_number":3,"sajdah_number":null,"text_uthmani":"فَسَبِّحْ بِحَمْدِ رَبِّكَ وَكُن مِّنَ ٱلسَّـٰجِدِينَ","page_number":267,"words":[{"id":70814,"position":1,"audio_url":"wbw/015_098_001.mp3","qpc_uthmani_hafs":"فَسَبِّحۡ","char_type_name":"word","page_number":267,"line_number":5,"text":"ﭻ","translation":{"text":"So glorify","language_name":"english","language_id":38},"transliteration":{"text":"fasabbiḥ","language_name":"english","language_id":38}},{"id":70815,"position":2,"audio_url":"wbw/015_098_002.mp3","qpc_uthmani_hafs":"بِحَمۡدِ","char_type_name":"word","page_number":267,"line_number":5,"text":"ﭼ","translation":{"text":"with the praise","language_name":"english","language_id":38},"transliteration":{"text":"biḥamdi","language_name":"english","language_id":38}},{"id":70816,"position":3,"audio_url":"wbw/015_098_003.mp3","qpc_uthmani_hafs":"رَبِّكَ","char_type_name":"word","page_number":267,"line_number":5,"text":"ﭽ","translation":{"text":"(of) your Lord","language_name":"english","language_id":38},"transliteration":{"text":"rabbika","language_name":"english","language_id":38}},{"id":70817,"position":4,"audio_url":"wbw/015_098_004.mp3","qpc_uthmani_hafs":"وَكُن","char_type_name":"word","page_number":267,"line_number":5,"text":"ﭾ","translation":{"text":"and be","language_name":"english","language_id":38},"transliteration":{"text":"wakun","language_name":"english","language_id":38}},{"id":70818,"position":5,"audio_url":"wbw/015_098_005.mp3","qpc_uthmani_hafs":"مِّنَ","char_type_name":"word","page_number":267,"line_number":6,"text":"ﭿ","translation":{"text":"of","language_name":"english","language_id":38},"transliteration":{"text":"mina","language_name":"english","language_id":38}},{"id":70819,"position":6,"audio_url":"wbw/015_098_006.mp3","qpc_uthmani_hafs":"ٱلسَّٰجِدِينَ","char_type_name":"word","page_number":267,"line_number":6,"text":"ﮀ","translation":{"text":"those who prostrate","language_name":"english","language_id":38},"transliteration":{"text":"l-sājidīna","language_name":"english","language_id":38}},{"id":70820,"position":7,"audio_url":null,"qpc_uthmani_hafs":"٩٨","char_type_name":"end","page_number":267,"line_number":6,"text":"ﮁ","translation":{"text":"(98)","language_name":"english","language_id":38},"transliteration":{"text":null,"language_name":"english","language_id":38}}],"translations":[{"id":918329,"resource_id":134,"text":"maka bertasbihlah dengan memuji Tuhan-mu dan jadilah kamu di antara orang-orang yang bersujud (salat),"}]},{"id":1901,"verse_number":99,"verse_key":"15:99","juz_number":14,"hizb_number":27,"rub_el_hizb_number":106,"ruku_number":223,"manzil_number":3,"sajdah_number":null,"text_uthmani":"وَٱعْبُدْ رَبَّكَ حَتَّىٰ يَأْتِيَكَ ٱلْيَقِينُ","page_number":267,"words":[{"id":70959,"position":1,"audio_url":"wbw/015_099_001.mp3","qpc_uthmani_hafs":"وَٱعۡبُدۡ","char_type_name":"word","page_number":267,"line_number":6,"text":"ﮂ","translation":{"text":"And worship","language_name":"english","language_id":38},"transliteration":{"text":"wa-uʿ'bud","language_name":"english","language_id":38}},{"id":70960,"position":2,"audio_url":"wbw/015_099_002.mp3","qpc_uthmani_hafs":"رَبَّكَ","char_type_name":"word","page_number":267,"line_number":6,"text":"ﮃ","translation":{"text":"your Lord","language_name":"english","language_id":38},"transliteration":{"text":"rabbaka","language_name":"english","language_id":38}},{"id":70961,"position":3,"audio_url":"wbw/015_099_003.mp3","qpc_uthmani_hafs":"حَتَّىٰ","char_type_name":"word","page_number":267,"line_number":6,"text":"ﮄ","translation":{"text":"until","language_name":"english","language_id":38},"transliteration":{"text":"ḥattā","language_name":"english","language_id":38}},{"id":70962,"position":4,"audio_url":"wbw/015_099_004.mp3","qpc_uthmani_hafs":"يَأۡتِيَكَ","char_type_name":"word","page_number":267,"line_number":6,"text":"ﮅ","translation":{"text":"comes to you","language_name":"english","language_id":38},"transliteration":{"text":"yatiyaka","language_name":"english","language_id":38}},{"id":70963,"position":5,"audio_url":"wbw/015_099_005.mp3","qpc_uthmani_hafs":"ٱلۡيَقِينُ","char_type_name":"word","page_number":267,"line_number":6,"text":"ﮆ","translation":{"text":"the certainty","language_name":"english","language_id":38},"transliteration":{"text":"l-yaqīnu","language_name":"english","language_id":38}},{"id":70964,"position":6,"audio_url":null,"qpc_uthmani_hafs":"٩٩","char_type_name":"end","page_number":267,"line_number":6,"text":"ﮇ","translation":{"text":"(99)","language_name":"english","language_id":38},"transliteration":{"text":null,"language_name":"english","language_id":38}}],"translations":[{"id":918330,"resource_id":134,"text":"dan sembahlah Tuhan-mu sampai datang kepadamu yang diyakini (ajal)."}]},{"id":1902,"verse_number":1,"verse_key":"16:1","juz_number":14,"hizb_number":27,"rub_el_hizb_number":107,"ruku_number":224,"manzil_number":3,"sajdah_number":null,"text_uthmani":" أَتَىٰٓ أَمْرُ ٱللَّهِ فَلَا تَسْتَعْجِلُوهُ ۚ سُبْحَـٰنَهُۥ وَتَعَـٰلَىٰ عَمَّا يُشْرِكُونَ","page_number":267,"words":[{"id":892,"position":1,"audio_url":"wbw/016_001_001.mp3","qpc_uthmani_hafs":"أَتَىٰٓ","char_type_name":"word","page_number":267,"line_number":9,"text":"ﮈ","translation":{"text":"Will come","language_name":"english","language_id":38},"transliteration":{"text":"atā","language_name":"english","language_id":38}},{"id":893,"position":2,"audio_url":"wbw/016_001_002.mp3","qpc_uthmani_hafs":"أَمۡرُ","char_type_name":"word","page_number":267,"line_number":9,"text":"ﮉ","translation":{"text":"(the) command of Allah","language_name":"english","language_id":38},"transliteration":{"text":"amru","language_name":"english","language_id":38}},{"id":894,"position":3,"audio_url":"wbw/016_001_003.mp3","qpc_uthmani_hafs":"ٱللَّهِ","char_type_name":"word","page_number":267,"line_number":9,"text":"ﮊ","translation":{"text":"(the) command of Allah","language_name":"english","language_id":38},"transliteration":{"text":"l-lahi","language_name":"english","language_id":38}},{"id":895,"position":4,"audio_url":"wbw/016_001_004.mp3","qpc_uthmani_hafs":"فَلَا","char_type_name":"word","page_number":267,"line_number":9,"text":"ﮋ","translation":{"text":"so (do) not","language_name":"english","language_id":38},"transliteration":{"text":"falā","language_name":"english","language_id":38}},{"id":896,"position":5,"audio_url":"wbw/016_001_005.mp3","qpc_uthmani_hafs":"تَسۡتَعۡجِلُوهُۚ","char_type_name":"word","page_number":267,"line_number":9,"text":"ﮌﮍ","translation":{"text":"(be) impatient for it","language_name":"english","language_id":38},"transliteration":{"text":"tastaʿjilūhu","language_name":"english","language_id":38}},{"id":898,"position":6,"audio_url":"wbw/016_001_007.mp3","qpc_uthmani_hafs":"سُبۡحَٰنَهُۥ","char_type_name":"word","page_number":267,"line_number":9,"text":"ﮎ","translation":{"text":"Glorified is He","language_name":"english","language_id":38},"transliteration":{"text":"sub'ḥānahu","language_name":"english","language_id":38}},{"id":899,"position":7,"audio_url":"wbw/016_001_008.mp3","qpc_uthmani_hafs":"وَتَعَٰلَىٰ","char_type_name":"word","page_number":267,"line_number":9,"text":"ﮏ","translation":{"text":"and Exalted (is) He","language_name":"english","language_id":38},"transliteration":{"text":"wataʿālā","language_name":"english","language_id":38}},{"id":900,"position":8,"audio_url":"wbw/016_001_009.mp3","qpc_uthmani_hafs":"عَمَّا","char_type_name":"word","page_number":267,"line_number":9,"text":"ﮐ","translation":{"text":"above what","language_name":"english","language_id":38},"transliteration":{"text":"ʿammā","language_name":"english","language_id":38}},{"id":901,"position":9,"audio_url":"wbw/016_001_010.mp3","qpc_uthmani_hafs":"يُشۡرِكُونَ","char_type_name":"word","page_number":267,"line_number":9,"text":"ﮑ","translation":{"text":"they associate","language_name":"english","language_id":38},"transliteration":{"text":"yush'rikūna","language_name":"english","language_id":38}},{"id":902,"position":10,"audio_url":null,"qpc_uthmani_hafs":"١","char_type_name":"end","page_number":267,"line_number":10,"text":"ﮒ","translation":{"text":"(1)","language_name":"english","language_id":38},"transliteration":{"text":null,"language_name":"english","language_id":38}}],"translations":[{"id":918331,"resource_id":134,"text":"Telah pasti datangnya ketetapan Allah <sup foot_note=210587>1</sup> maka janganlah kamu meminta agar disegerakan (datang)nya.  Maha Suci Allah dan Maha Tinggi dari apa yang mereka persekutukan."}]},{"id":1903,"verse_number":2,"verse_key":"16:2","juz_number":14,"hizb_number":27,"rub_el_hizb_number":107,"ruku_number":224,"manzil_number":3,"sajdah_number":null,"text_uthmani":"يُنَزِّلُ ٱلْمَلَـٰٓئِكَةَ بِٱلرُّوحِ مِنْ أَمْرِهِۦ عَلَىٰ مَن يَشَآءُ مِنْ عِبَادِهِۦٓ أَنْ أَنذِرُوٓا۟ أَنَّهُۥ لَآ إِلَـٰهَ إِلَّآ أَنَا۠ فَٱتَّقُونِ","page_number":267,"words":[{"id":1994,"position":1,"audio_url":"wbw/016_002_001.mp3","qpc_uthmani_hafs":"يُنَزِّلُ","char_type_name":"word","page_number":267,"line_number":10,"text":"ﮓ","translation":{"text":"He sends down","language_name":"english","language_id":38},"transliteration":{"text":"yunazzilu","language_name":"english","language_id":38}},{"id":1995,"position":2,"audio_url":"wbw/016_002_002.mp3","qpc_uthmani_hafs":"ٱلۡمَلَٰٓئِكَةَ","char_type_name":"word","page_number":267,"line_number":10,"text":"ﮔ","translation":{"text":"the Angels","language_name":"english","language_id":38},"transliteration":{"text":"l-malāikata","language_name":"english","language_id":38}},{"id":1996,"position":3,"audio_url":"wbw/016_002_003.mp3","qpc_uthmani_hafs":"بِٱلرُّوحِ","char_type_name":"word","page_number":267,"line_number":10,"text":"ﮕ","translation":{"text":"with the inspiration","language_name":"english","language_id":38},"transliteration":{"text":"bil-rūḥi","language_name":"english","language_id":38}},{"id":1997,"position":4,"audio_url":"wbw/016_002_004.mp3","qpc_uthmani_hafs":"مِنۡ","char_type_name":"word","page_number":267,"line_number":10,"text":"ﮖ","translation":{"text":"of","language_name":"english","language_id":38},"transliteration":{"text":"min","language_name":"english","language_id":38}},{"id":1998,"position":5,"audio_url":"wbw/016_002_005.mp3","qpc_uthmani_hafs":"أَمۡرِهِۦ","char_type_name":"word","page_number":267,"line_number":10,"text":"ﮗ","translation":{"text":"His Command","language_name":"english","language_id":38},"transliteration":{"text":"amrihi","language_name":"english","language_id":38}},{"id":1999,"position":6,"audio_url":"wbw/016_002_006.mp3","qpc_uthmani_hafs":"عَلَىٰ","char_type_name":"word","page_number":267,"line_number":10,"text":"ﮘ","translation":{"text":"upon","language_name":"english","language_id":38},"transliteration":{"text":"ʿalā","language_name":"english","language_id":38}},{"id":2000,"position":7,"audio_url":"wbw/016_002_007.mp3","qpc_uthmani_hafs":"مَن","char_type_name":"word","page_number":267,"line_number":10,"text":"ﮙ","translation":{"text":"whom","language_name":"english","language_id":38},"transliteration":{"text":"man","language_name":"english","language_id":38}},{"id":2001,"position":8,"audio_url":"wbw/016_002_008.mp3","qpc_uthmani_hafs":"يَشَآءُ","char_type_name":"word","page_number":267,"line_number":10,"text":"ﮚ","translation":{"text":"He wills","language_name":"english","language_id":38},"transliteration":{"text":"yashāu","language_name":"english","language_id":38}},{"id":2002,"position":9,"audio_url":"wbw/016_002_009.mp3","qpc_uthmani_hafs":"مِنۡ","char_type_name":"word","page_number":267,"line_number":10,"text":"ﮛ","translation":{"text":"of","language_name":"english","language_id":38},"transliteration":{"text":"min","language_name":"english","language_id":38}},{"id":2003,"position":10,"audio_url":"wbw/016_002_010.mp3","qpc_uthmani_hafs":"عِبَادِهِۦٓ","char_type_name":"word","page_number":267,"line_number":10,"text":"ﮜ","translation":{"text":"His slaves","language_name":"english","language_id":38},"transliteration":{"text":"ʿibādihi","language_name":"english","language_id":38}},{"id":2004,"position":11,"audio_url":"wbw/016_002_011.mp3","qpc_uthmani_hafs":"أَنۡ","char_type_name":"word","page_number":267,"line_number":11,"text":"ﮝ","translation":{"text":"that","language_name":"english","language_id":38},"transliteration":{"text":"an","language_name":"english","language_id":38}},{"id":2005,"position":12,"audio_url":"wbw/016_002_012.mp3","qpc_uthmani_hafs":"أَنذِرُوٓاْ","char_type_name":"word","page_number":267,"line_number":11,"text":"ﮞ","translation":{"text":"Warn","language_name":"english","language_id":38},"transliteration":{"text":"andhirū","language_name":"english","language_id":38}},{"id":2006,"position":13,"audio_url":"wbw/016_002_013.mp3","qpc_uthmani_hafs":"أَنَّهُۥ","char_type_name":"word","page_number":267,"line_number":11,"text":"ﮟ","translation":{"text":"that [He]","language_name":"english","language_id":38},"transliteration":{"text":"annahu","language_name":"english","language_id":38}},{"id":2007,"position":14,"audio_url":"wbw/016_002_014.mp3","qpc_uthmani_hafs":"لَآ","char_type_name":"word","page_number":267,"line_number":11,"text":"ﮠ","translation":{"text":"(there is) no","language_name":"english","language_id":38},"transliteration":{"text":"lā","language_name":"english","language_id":38}},{"id":2008,"position":15,"audio_url":"wbw/016_002_015.mp3","qpc_uthmani_hafs":"إِلَٰهَ","char_type_name":"word","page_number":267,"line_number":11,"text":"ﮡ","translation":{"text":"god","language_name":"english","language_id":38},"transliteration":{"text":"ilāha","language_name":"english","language_id":38}},{"id":2009,"position":16,"audio_url":"wbw/016_002_016.mp3","qpc_uthmani_hafs":"إِلَّآ","char_type_name":"word","page_number":267,"line_number":11,"text":"ﮢ","translation":{"text":"except","language_name":"english","language_id":38},"transliteration":{"text":"illā","language_name":"english","language_id":38}},{"id":2010,"position":17,"audio_url":"wbw/016_002_017.mp3","qpc_uthmani_hafs":"أَنَا۠","char_type_name":"word","page_number":267,"line_number":11,"text":"ﮣ","translation":{"text":"Me","language_name":"english","language_id":38},"transliteration":{"text":"anā","language_name":"english","language_id":38}},{"id":2011,"position":18,"audio_url":"wbw/016_002_018.mp3","qpc_uthmani_hafs":"فَٱتَّقُونِ","char_type_name":"word","page_number":267,"line_number":11,"text":"ﮤ","translation":{"text":"so fear Me","language_name":"english","language_id":38},"transliteration":{"text":"fa-ittaqūni","language_name":"english","language_id":38}},{"id":2012,"position":19,"audio_url":null,"qpc_uthmani_hafs":"٢","char_type_name":"end","page_number":267,"line_number":11,"text":"ﮥ","translation":{"text":"(2)","language_name":"english","language_id":38},"transliteration":{"text":null,"language_name":"english","language_id":38}}],"translations":[{"id":918332,"resource_id":134,"text":"Dia menurunkan para malaikat dengan (membawa) wahyu dengan perintah-Nya kepada siapa yang Dia kehendaki di antara hamba-hamba-Nya, yaitu, \"Peringatkanlah olehmu sekalian, bahwasanya tidak ada Tuhan (yang hak) melainkan Aku, maka hendaklah kamu bertakwa kepada-Ku\"."}]},{"id":1904,"verse_number":3,"verse_key":"16:3","juz_number":14,"hizb_number":27,"rub_el_hizb_number":107,"ruku_number":224,"manzil_number":3,"sajdah_number":null,"text_uthmani":"خَلَقَ ٱلسَّمَـٰوَٰتِ وَٱلْأَرْضَ بِٱلْحَقِّ ۚ تَعَـٰلَىٰ عَمَّا يُشْرِكُونَ","page_number":267,"words":[{"id":3192,"position":1,"audio_url":"wbw/016_003_001.mp3","qpc_uthmani_hafs":"خَلَقَ","char_type_name":"word","page_number":267,"line_number":11,"text":"ﮦ","translation":{"text":"He created","language_name":"english","language_id":38},"transliteration":{"text":"khalaqa","language_name":"english","language_id":38}},{"id":3193,"position":2,"audio_url":"wbw/016_003_002.mp3","qpc_uthmani_hafs":"ٱلسَّمَٰوَٰتِ","char_type_name":"word","page_number":267,"line_number":11,"text":"ﮧ","translation":{"text":"the heavens","language_name":"english","language_id":38},"transliteration":{"text":"l-samāwāti","language_name":"english","language_id":38}},{"id":3194,"position":3,"audio_url":"wbw/016_003_003.mp3","qpc_uthmani_hafs":"وَٱلۡأَرۡضَ","char_type_name":"word","page_number":267,"line_number":12,"text":"ﮨ","translation":{"text":"and the earth","language_name":"english","language_id":38},"transliteration":{"text":"wal-arḍa","language_name":"english","language_id":38}},{"id":3195,"position":4,"audio_url":"wbw/016_003_004.mp3","qpc_uthmani_hafs":"بِٱلۡحَقِّۚ","char_type_name":"word","page_number":267,"line_number":12,"text":"ﮩﮪ","translation":{"text":"in truth","language_name":"english","language_id":38},"transliteration":{"text":"bil-ḥaqi","language_name":"english","language_id":38}},{"id":3197,"position":5,"audio_url":"wbw/016_003_006.mp3","qpc_uthmani_hafs":"تَعَٰلَىٰ","char_type_name":"word","page_number":267,"line_number":12,"text":"ﮫ","translation":{"text":"Exalted is He","language_name":"english","language_id":38},"transliteration":{"text":"taʿālā","language_name":"english","language_id":38}},{"id":3198,"position":6,"audio_url":"wbw/016_003_007.mp3","qpc_uthmani_hafs":"عَمَّا","char_type_name":"word","page_number":267,"line_number":12,"text":"ﮬ","translation":{"text":"above what","language_name":"english","language_id":38},"transliteration":{"text":"ʿammā","language_name":"english","language_id":38}},{"id":3199,"position":7,"audio_url":"wbw/016_003_008.mp3","qpc_uthmani_hafs":"يُشۡرِكُونَ","char_type_name":"word","page_number":267,"line_number":12,"text":"ﮭ","translation":{"text":"they associate","language_name":"english","language_id":38},"transliteration":{"text":"yush'rikūna","language_name":"english","language_id":38}},{"id":3200,"position":8,"audio_url":null,"qpc_uthmani_hafs":"٣","char_type_name":"end","page_number":267,"line_number":12,"text":"ﮮ","translation":{"text":"(3)","language_name":"english","language_id":38},"transliteration":{"text":null,"language_name":"english","language_id":38}}],"translations":[{"id":918333,"resource_id":134,"text":"Dia menciptakan langit dan bumi dengan hak <sup foot_note=210588>1</sup>.  Maha Tinggi Allah daripada apa yang mereka persekutukan."}]},{"id":1905,"verse_number":4,"verse_key":"16:4","juz_number":14,"hizb_number":27,"rub_el_hizb_number":107,"ruku_number":224,"manzil_number":3,"sajdah_number":null,"text_uthmani":"خَلَقَ ٱلْإِنسَـٰنَ مِن نُّطْفَةٍ فَإِذَا هُوَ خَصِيمٌ مُّبِينٌ","page_number":267,"words":[{"id":4166,"position":1,"audio_url":"wbw/016_004_001.mp3","qpc_uthmani_hafs":"خَلَقَ","char_type_name":"word","page_number":267,"line_number":12,"text":"ﮯ","translation":{"text":"He created","language_name":"english","language_id":38},"transliteration":{"text":"khalaqa","language_name":"english","language_id":38}},{"id":4167,"position":2,"audio_url":"wbw/016_004_002.mp3","qpc_uthmani_hafs":"ٱلۡإِنسَٰنَ","char_type_name":"word","page_number":267,"line_number":13,"text":"ﮰ","translation":{"text":"the human kind","language_name":"english","language_id":38},"transliteration":{"text":"l-insāna","language_name":"english","language_id":38}},{"id":4168,"position":3,"audio_url":"wbw/016_004_003.mp3","qpc_uthmani_hafs":"مِن","char_type_name":"word","page_number":267,"line_number":13,"text":"ﮱ","translation":{"text":"from","language_name":"english","language_id":38},"transliteration":{"text":"min","language_name":"english","language_id":38}},{"id":4169,"position":4,"audio_url":"wbw/016_004_004.mp3","qpc_uthmani_hafs":"نُّطۡفَةٖ","char_type_name":"word","page_number":267,"line_number":13,"text":"ﯓ","translation":{"text":"a minute quantity of semen","language_name":"english","language_id":38},"transliteration":{"text":"nuṭ'fatin","language_name":"english","language_id":38}},{"id":4170,"position":5,"audio_url":"wbw/016_004_005.mp3","qpc_uthmani_hafs":"فَإِذَا","char_type_name":"word","page_number":267,"line_number":13,"text":"ﯔ","translation":{"text":"then behold","language_name":"english","language_id":38},"transliteration":{"text":"fa-idhā","language_name":"english","language_id":38}},{"id":4171,"position":6,"audio_url":"wbw/016_004_006.mp3","qpc_uthmani_hafs":"هُوَ","char_type_name":"word","page_number":267,"line_number":13,"text":"ﯕ","translation":{"text":"he","language_name":"english","language_id":38},"transliteration":{"text":"huwa","language_name":"english","language_id":38}},{"id":4172,"position":7,"audio_url":"wbw/016_004_007.mp3","qpc_uthmani_hafs":"خَصِيمٞ","char_type_name":"word","page_number":267,"line_number":13,"text":"ﯖ","translation":{"text":"(is) an opponent","language_name":"english","language_id":38},"transliteration":{"text":"khaṣīmun","language_name":"english","language_id":38}},{"id":4173,"position":8,"audio_url":"wbw/016_004_008.mp3","qpc_uthmani_hafs":"مُّبِينٞ","char_type_name":"word","page_number":267,"line_number":13,"text":"ﯗ","translation":{"text":"clear","language_name":"english","language_id":38},"transliteration":{"text":"mubīnun","language_name":"english","language_id":38}},{"id":4174,"position":9,"audio_url":null,"qpc_uthmani_hafs":"٤","char_type_name":"end","page_number":267,"line_number":13,"text":"ﯘ","translation":{"text":"(4)","language_name":"english","language_id":38},"transliteration":{"text":null,"language_name":"english","language_id":38}}],"translations":[{"id":918334,"resource_id":134,"text":"Dia telah menciptakan manusia dari mani, tiba-tiba ia menjadi pembantah yang nyata."}]},{"id":1906,"verse_number":5,"verse_key":"16:5","juz_number":14,"hizb_number":27,"rub_el_hizb_number":107,"ruku_number":224,"manzil_number":3,"sajdah_number":null,"text_uthmani":"وَٱلْأَنْعَـٰمَ خَلَقَهَا ۗ لَكُمْ فِيهَا دِفْءٌ وَمَنَـٰفِعُ وَمِنْهَا تَأْكُلُونَ","page_number":267,"words":[{"id":5798,"position":1,"audio_url":"wbw/016_005_001.mp3","qpc_uthmani_hafs":"وَٱلۡأَنۡعَٰمَ","char_type_name":"word","page_number":267,"line_number":13,"text":"ﯙ","translation":{"text":"And the cattle","language_name":"english","language_id":38},"transliteration":{"text":"wal-anʿāma","language_name":"english","language_id":38}},{"id":5799,"position":2,"audio_url":"wbw/016_005_002.mp3","qpc_uthmani_hafs":"خَلَقَهَاۖ","char_type_name":"word","page_number":267,"line_number":14,"text":"ﯚﯛ","translation":{"text":"He created them","language_name":"english","language_id":38},"transliteration":{"text":"khalaqahā","language_name":"english","language_id":38}},{"id":5801,"position":3,"audio_url":"wbw/016_005_004.mp3","qpc_uthmani_hafs":"لَكُمۡ","char_type_name":"word","page_number":267,"line_number":14,"text":"ﯜ","translation":{"text":"for you","language_name":"english","language_id":38},"transliteration":{"text":"lakum","language_name":"english","language_id":38}},{"id":5802,"position":4,"audio_url":"wbw/016_005_005.mp3","qpc_uthmani_hafs":"فِيهَا","char_type_name":"word","page_number":267,"line_number":14,"text":"ﯝ","translation":{"text":"in them","language_name":"english","language_id":38},"transliteration":{"text":"fīhā","language_name":"english","language_id":38}},{"id":5803,"position":5,"audio_url":"wbw/016_005_006.mp3","qpc_uthmani_hafs":"دِفۡءٞ","char_type_name":"word","page_number":267,"line_number":14,"text":"ﯞ","translation":{"text":"(is) warmth","language_name":"english","language_id":38},"transliteration":{"text":"dif'on","language_name":"english","language_id":38}},{"id":5804,"position":6,"audio_url":"wbw/016_005_007.mp3","qpc_uthmani_hafs":"وَمَنَٰفِعُ","char_type_name":"word","page_number":267,"line_number":14,"text":"ﯟ","translation":{"text":"and benefits","language_name":"english","language_id":38},"transliteration":{"text":"wamanāfiʿu","language_name":"english","language_id":38}},{"id":5805,"position":7,"audio_url":"wbw/016_005_008.mp3","qpc_uthmani_hafs":"وَمِنۡهَا","char_type_name":"word","page_number":267,"line_number":14,"text":"ﯠ","translation":{"text":"and from them","language_name":"english","language_id":38},"transliteration":{"text":"wamin'hā","language_name":"english","language_id":38}},{"id":5806,"position":8,"audio_url":"wbw/016_005_009.mp3","qpc_uthmani_hafs":"تَأۡكُلُونَ","char_type_name":"word","page_number":267,"line_number":14,"text":"ﯡ","translation":{"text":"you eat","language_name":"english","language_id":38},"transliteration":{"text":"takulūna","language_name":"english","language_id":38}},{"id":5807,"position":9,"audio_url":null,"qpc_uthmani_hafs":"٥","char_type_name":"end","page_number":267,"line_number":15,"text":"ﯢ","translation":{"text":"(5)","language_name":"english","language_id":38},"transliteration":{"text":null,"language_name":"english","language_id":38}}],"translations":[{"id":918335,"resource_id":134,"text":"Dan Dia telah menciptakan binatang ternak untuk kamu; padanya ada (bulu) yang menghangatkan dan berbagai-bagai manfaat dan sebagiannya kamu makan."}]},{"id":1907,"verse_number":6,"verse_key":"16:6","juz_number":14,"hizb_number":27,"rub_el_hizb_number":107,"ruku_number":224,"manzil_number":3,"sajdah_number":null,"text_uthmani":"وَلَكُمْ فِيهَا جَمَالٌ حِينَ تُرِيحُونَ وَحِينَ تَسْرَحُونَ","page_number":267,"words":[{"id":7088,"position":1,"audio_url":"wbw/016_006_001.mp3","qpc_uthmani_hafs":"وَلَكُمۡ","char_type_name":"word","page_number":267,"line_number":15,"text":"ﯣ","translation":{"text":"And for you","language_name":"english","language_id":38},"transliteration":{"text":"walakum","language_name":"english","language_id":38}},{"id":7089,"position":2,"audio_url":"wbw/016_006_002.mp3","qpc_uthmani_hafs":"فِيهَا","char_type_name":"word","page_number":267,"line_number":15,"text":"ﯤ","translation":{"text":"in them","language_name":"english","language_id":38},"transliteration":{"text":"fīhā","language_name":"english","language_id":38}},{"id":7090,"position":3,"audio_url":"wbw/016_006_003.mp3","qpc_uthmani_hafs":"جَمَالٌ","char_type_name":"word","page_number":267,"line_number":15,"text":"ﯥ","translation":{"text":"(is) beauty","language_name":"english","language_id":38},"transliteration":{"text":"jamālun","language_name":"english","language_id":38}},{"id":7091,"position":4,"audio_url":"wbw/016_006_004.mp3","qpc_uthmani_hafs":"حِينَ","char_type_name":"word","page_number":267,"line_number":15,"text":"ﯦ","translation":{"text":"when","language_name":"english","language_id":38},"transliteration":{"text":"ḥīna","language_name":"english","language_id":38}},{"id":7092,"position":5,"audio_url":"wbw/016_006_005.mp3","qpc_uthmani_hafs":"تُرِيحُونَ","char_type_name":"word","page_number":267,"line_number":15,"text":"ﯧ","translation":{"text":"you bring them in","language_name":"english","language_id":38},"transliteration":{"text":"turīḥūna","language_name":"english","language_id":38}},{"id":7093,"position":6,"audio_url":"wbw/016_006_006.mp3","qpc_uthmani_hafs":"وَحِينَ","char_type_name":"word","page_number":267,"line_number":15,"text":"ﯨ","translation":{"text":"and when","language_name":"english","language_id":38},"transliteration":{"text":"waḥīna","language_name":"english","language_id":38}},{"id":7094,"position":7,"audio_url":"wbw/016_006_007.mp3","qpc_uthmani_hafs":"تَسۡرَحُونَ","char_type_name":"word","page_number":267,"line_number":15,"text":"ﯩ","translation":{"text":"you take them out","language_name":"english","language_id":38},"transliteration":{"text":"tasraḥūna","language_name":"english","language_id":38}},{"id":7095,"position":8,"audio_url":null,"qpc_uthmani_hafs":"٦","char_type_name":"end","page_number":267,"line_number":15,"text":"ﯪ","translation":{"text":"(6)","language_name":"english","language_id":38},"transliteration":{"text":null,"language_name":"english","language_id":38}}],"translations":[{"id":918336,"resource_id":134,"text":"Dan kamu memperoleh pandangan yang indah padanya ketika kamu membawanya kembali ke kandang dan ketika kamu melepaskannya ke tempat penggembalaan."}]}],"pagination":{"per_page":50,"current_page":1,"next_page":null,"total_pages":1,"total_records":15}}