{"verses":[{"id":1966,"verse_number":65,"verse_key":"16:65","juz_number":14,"hizb_number":28,"rub_el_hizb_number":109,"ruku_number":231,"manzil_number":3,"sajdah_number":null,"text_uthmani":"وَٱللَّهُ أَنزَلَ مِنَ ٱلسَّمَآءِ مَآءً فَأَحْيَا بِهِ ٱلْأَرْضَ بَعْدَ مَوْتِهَآ ۚ إِنَّ فِى ذَٰلِكَ لَـَٔايَةً لِّقَوْمٍ يَسْمَعُونَ","page_number":274,"words":[{"id":57447,"position":1,"audio_url":"wbw/016_065_001.mp3","qpc_uthmani_hafs":"وَٱللَّهُ","char_type_name":"word","page_number":274,"line_number":1,"text":"ﭑ","translation":{"text":"And Allah","language_name":"english","language_id":38},"transliteration":{"text":"wal-lahu","language_name":"english","language_id":38}},{"id":57448,"position":2,"audio_url":"wbw/016_065_002.mp3","qpc_uthmani_hafs":"أَنزَلَ","char_type_name":"word","page_number":274,"line_number":1,"text":"ﭒ","translation":{"text":"has sent down","language_name":"english","language_id":38},"transliteration":{"text":"anzala","language_name":"english","language_id":38}},{"id":57449,"position":3,"audio_url":"wbw/016_065_003.mp3","qpc_uthmani_hafs":"مِنَ","char_type_name":"word","page_number":274,"line_number":1,"text":"ﭓ","translation":{"text":"from","language_name":"english","language_id":38},"transliteration":{"text":"mina","language_name":"english","language_id":38}},{"id":57450,"position":4,"audio_url":"wbw/016_065_004.mp3","qpc_uthmani_hafs":"ٱلسَّمَآءِ","char_type_name":"word","page_number":274,"line_number":1,"text":"ﭔ","translation":{"text":"the sky","language_name":"english","language_id":38},"transliteration":{"text":"l-samāi","language_name":"english","language_id":38}},{"id":57451,"position":5,"audio_url":"wbw/016_065_005.mp3","qpc_uthmani_hafs":"مَآءٗ","char_type_name":"word","page_number":274,"line_number":1,"text":"ﭕ","translation":{"text":"water","language_name":"english","language_id":38},"transliteration":{"text":"māan","language_name":"english","language_id":38}},{"id":57452,"position":6,"audio_url":"wbw/016_065_006.mp3","qpc_uthmani_hafs":"فَأَحۡيَا","char_type_name":"word","page_number":274,"line_number":1,"text":"ﭖ","translation":{"text":"then gives life","language_name":"english","language_id":38},"transliteration":{"text":"fa-aḥyā","language_name":"english","language_id":38}},{"id":57453,"position":7,"audio_url":"wbw/016_065_007.mp3","qpc_uthmani_hafs":"بِهِ","char_type_name":"word","page_number":274,"line_number":1,"text":"ﭗ","translation":{"text":"by it","language_name":"english","language_id":38},"transliteration":{"text":"bihi","language_name":"english","language_id":38}},{"id":57454,"position":8,"audio_url":"wbw/016_065_008.mp3","qpc_uthmani_hafs":"ٱلۡأَرۡضَ","char_type_name":"word","page_number":274,"line_number":1,"text":"ﭘ","translation":{"text":"(to) the earth","language_name":"english","language_id":38},"transliteration":{"text":"l-arḍa","language_name":"english","language_id":38}},{"id":57455,"position":9,"audio_url":"wbw/016_065_009.mp3","qpc_uthmani_hafs":"بَعۡدَ","char_type_name":"word","page_number":274,"line_number":1,"text":"ﭙ","translation":{"text":"after","language_name":"english","language_id":38},"transliteration":{"text":"baʿda","language_name":"english","language_id":38}},{"id":57456,"position":10,"audio_url":"wbw/016_065_010.mp3","qpc_uthmani_hafs":"مَوۡتِهَآۚ","char_type_name":"word","page_number":274,"line_number":1,"text":"ﭚﭛ","translation":{"text":"its death","language_name":"english","language_id":38},"transliteration":{"text":"mawtihā","language_name":"english","language_id":38}},{"id":57458,"position":11,"audio_url":"wbw/016_065_012.mp3","qpc_uthmani_hafs":"إِنَّ","char_type_name":"word","page_number":274,"line_number":1,"text":"ﭜ","translation":{"text":"Indeed","language_name":"english","language_id":38},"transliteration":{"text":"inna","language_name":"english","language_id":38}},{"id":57459,"position":12,"audio_url":"wbw/016_065_013.mp3","qpc_uthmani_hafs":"فِي","char_type_name":"word","page_number":274,"line_number":1,"text":"ﭝ","translation":{"text":"in","language_name":"english","language_id":38},"transliteration":{"text":"fī","language_name":"english","language_id":38}},{"id":57460,"position":13,"audio_url":"wbw/016_065_014.mp3","qpc_uthmani_hafs":"ذَٰلِكَ","char_type_name":"word","page_number":274,"line_number":1,"text":"ﭞ","translation":{"text":"that","language_name":"english","language_id":38},"transliteration":{"text":"dhālika","language_name":"english","language_id":38}},{"id":57461,"position":14,"audio_url":"wbw/016_065_015.mp3","qpc_uthmani_hafs":"لَأٓيَةٗ","char_type_name":"word","page_number":274,"line_number":2,"text":"ﭟ","translation":{"text":"(is) surely a Sign","language_name":"english","language_id":38},"transliteration":{"text":"laāyatan","language_name":"english","language_id":38}},{"id":57462,"position":15,"audio_url":"wbw/016_065_016.mp3","qpc_uthmani_hafs":"لِّقَوۡمٖ","char_type_name":"word","page_number":274,"line_number":2,"text":"ﭠ","translation":{"text":"for a people","language_name":"english","language_id":38},"transliteration":{"text":"liqawmin","language_name":"english","language_id":38}},{"id":57463,"position":16,"audio_url":"wbw/016_065_017.mp3","qpc_uthmani_hafs":"يَسۡمَعُونَ","char_type_name":"word","page_number":274,"line_number":2,"text":"ﭡ","translation":{"text":"who listen","language_name":"english","language_id":38},"transliteration":{"text":"yasmaʿūna","language_name":"english","language_id":38}},{"id":57464,"position":17,"audio_url":null,"qpc_uthmani_hafs":"٦٥","char_type_name":"end","page_number":274,"line_number":2,"text":"ﭢ","translation":{"text":"(65)","language_name":"english","language_id":38},"transliteration":{"text":null,"language_name":"english","language_id":38}}],"translations":[{"id":918395,"resource_id":134,"text":"Dan Allah menurunkan dari langit air (hujan) dan dengan air itu dihidupkan-Nya bumi sesudah matinya.  Sesungguhnya pada yang demikian itu benar-benar terdapat tanda-tanda (kebesaran Tuhan) bagi orang-orang yang mendengarkan (pelajaran)."}]},{"id":1967,"verse_number":66,"verse_key":"16:66","juz_number":14,"hizb_number":28,"rub_el_hizb_number":109,"ruku_number":232,"manzil_number":3,"sajdah_number":null,"text_uthmani":"وَإِنَّ لَكُمْ فِى ٱلْأَنْعَـٰمِ لَعِبْرَةً ۖ نُّسْقِيكُم مِّمَّا فِى بُطُونِهِۦ مِنۢ بَيْنِ فَرْثٍ وَدَمٍ لَّبَنًا خَالِصًا سَآئِغًا لِّلشَّـٰرِبِينَ","page_number":274,"words":[{"id":57913,"position":1,"audio_url":"wbw/016_066_001.mp3","qpc_uthmani_hafs":"وَإِنَّ","char_type_name":"word","page_number":274,"line_number":2,"text":"ﭣ","translation":{"text":"And indeed","language_name":"english","language_id":38},"transliteration":{"text":"wa-inna","language_name":"english","language_id":38}},{"id":57914,"position":2,"audio_url":"wbw/016_066_002.mp3","qpc_uthmani_hafs":"لَكُمۡ","char_type_name":"word","page_number":274,"line_number":2,"text":"ﭤ","translation":{"text":"for you","language_name":"english","language_id":38},"transliteration":{"text":"lakum","language_name":"english","language_id":38}},{"id":57915,"position":3,"audio_url":"wbw/016_066_003.mp3","qpc_uthmani_hafs":"فِي","char_type_name":"word","page_number":274,"line_number":2,"text":"ﭥ","translation":{"text":"in","language_name":"english","language_id":38},"transliteration":{"text":"fī","language_name":"english","language_id":38}},{"id":57916,"position":4,"audio_url":"wbw/016_066_004.mp3","qpc_uthmani_hafs":"ٱلۡأَنۡعَٰمِ","char_type_name":"word","page_number":274,"line_number":2,"text":"ﭦ","translation":{"text":"the cattle","language_name":"english","language_id":38},"transliteration":{"text":"l-anʿāmi","language_name":"english","language_id":38}},{"id":57917,"position":5,"audio_url":"wbw/016_066_005.mp3","qpc_uthmani_hafs":"لَعِبۡرَةٗۖ","char_type_name":"word","page_number":274,"line_number":2,"text":"ﭧﭨ","translation":{"text":"(is) a lesson","language_name":"english","language_id":38},"transliteration":{"text":"laʿib'ratan","language_name":"english","language_id":38}},{"id":57919,"position":6,"audio_url":"wbw/016_066_007.mp3","qpc_uthmani_hafs":"نُّسۡقِيكُم","char_type_name":"word","page_number":274,"line_number":2,"text":"ﭩ","translation":{"text":"We give you to drink","language_name":"english","language_id":38},"transliteration":{"text":"nus'qīkum","language_name":"english","language_id":38}},{"id":57920,"position":7,"audio_url":"wbw/016_066_008.mp3","qpc_uthmani_hafs":"مِّمَّا","char_type_name":"word","page_number":274,"line_number":2,"text":"ﭪ","translation":{"text":"from what","language_name":"english","language_id":38},"transliteration":{"text":"mimmā","language_name":"english","language_id":38}},{"id":57921,"position":8,"audio_url":"wbw/016_066_009.mp3","qpc_uthmani_hafs":"فِي","char_type_name":"word","page_number":274,"line_number":3,"text":"ﭫ","translation":{"text":"(is) in","language_name":"english","language_id":38},"transliteration":{"text":"fī","language_name":"english","language_id":38}},{"id":57922,"position":9,"audio_url":"wbw/016_066_010.mp3","qpc_uthmani_hafs":"بُطُونِهِۦ","char_type_name":"word","page_number":274,"line_number":3,"text":"ﭬ","translation":{"text":"their bellies","language_name":"english","language_id":38},"transliteration":{"text":"buṭūnihi","language_name":"english","language_id":38}},{"id":57923,"position":10,"audio_url":"wbw/016_066_011.mp3","qpc_uthmani_hafs":"مِنۢ","char_type_name":"word","page_number":274,"line_number":3,"text":"ﭭ","translation":{"text":"from","language_name":"english","language_id":38},"transliteration":{"text":"min","language_name":"english","language_id":38}},{"id":57924,"position":11,"audio_url":"wbw/016_066_012.mp3","qpc_uthmani_hafs":"بَيۡنِ","char_type_name":"word","page_number":274,"line_number":3,"text":"ﭮ","translation":{"text":"between","language_name":"english","language_id":38},"transliteration":{"text":"bayni","language_name":"english","language_id":38}},{"id":57925,"position":12,"audio_url":"wbw/016_066_013.mp3","qpc_uthmani_hafs":"فَرۡثٖ","char_type_name":"word","page_number":274,"line_number":3,"text":"ﭯ","translation":{"text":"bowels","language_name":"english","language_id":38},"transliteration":{"text":"farthin","language_name":"english","language_id":38}},{"id":57926,"position":13,"audio_url":"wbw/016_066_014.mp3","qpc_uthmani_hafs":"وَدَمٖ","char_type_name":"word","page_number":274,"line_number":3,"text":"ﭰ","translation":{"text":"and blood","language_name":"english","language_id":38},"transliteration":{"text":"wadamin","language_name":"english","language_id":38}},{"id":57927,"position":14,"audio_url":"wbw/016_066_015.mp3","qpc_uthmani_hafs":"لَّبَنًا","char_type_name":"word","page_number":274,"line_number":3,"text":"ﭱ","translation":{"text":"milk","language_name":"english","language_id":38},"transliteration":{"text":"labanan","language_name":"english","language_id":38}},{"id":57928,"position":15,"audio_url":"wbw/016_066_016.mp3","qpc_uthmani_hafs":"خَالِصٗا","char_type_name":"word","page_number":274,"line_number":3,"text":"ﭲ","translation":{"text":"pure","language_name":"english","language_id":38},"transliteration":{"text":"khāliṣan","language_name":"english","language_id":38}},{"id":57929,"position":16,"audio_url":"wbw/016_066_017.mp3","qpc_uthmani_hafs":"سَآئِغٗا","char_type_name":"word","page_number":274,"line_number":3,"text":"ﭳ","translation":{"text":"palatable","language_name":"english","language_id":38},"transliteration":{"text":"sāighan","language_name":"english","language_id":38}},{"id":57930,"position":17,"audio_url":"wbw/016_066_018.mp3","qpc_uthmani_hafs":"لِّلشَّٰرِبِينَ","char_type_name":"word","page_number":274,"line_number":3,"text":"ﭴ","translation":{"text":"to the drinkers","language_name":"english","language_id":38},"transliteration":{"text":"lilshāribīna","language_name":"english","language_id":38}},{"id":57931,"position":18,"audio_url":null,"qpc_uthmani_hafs":"٦٦","char_type_name":"end","page_number":274,"line_number":3,"text":"ﭵ","translation":{"text":"(66)","language_name":"english","language_id":38},"transliteration":{"text":null,"language_name":"english","language_id":38}}],"translations":[{"id":918396,"resource_id":134,"text":"Dan sesungguhnya pada binatang ternak itu benar-benar terdapat pelajaran bagi kamu.  Kami memberimu minum daripada apa yang berada dalam perutnya (berupa) susu yang bersih antara tahi dan darah, yang mudah ditelan bagi orang-orang yang meminumnya."}]},{"id":1968,"verse_number":67,"verse_key":"16:67","juz_number":14,"hizb_number":28,"rub_el_hizb_number":109,"ruku_number":232,"manzil_number":3,"sajdah_number":null,"text_uthmani":"وَمِن ثَمَرَٰتِ ٱلنَّخِيلِ وَٱلْأَعْنَـٰبِ تَتَّخِذُونَ مِنْهُ سَكَرًا وَرِزْقًا حَسَنًا ۗ إِنَّ فِى ذَٰلِكَ لَـَٔايَةً لِّقَوْمٍ يَعْقِلُونَ","page_number":274,"words":[{"id":58381,"position":1,"audio_url":"wbw/016_067_001.mp3","qpc_uthmani_hafs":"وَمِن","char_type_name":"word","page_number":274,"line_number":4,"text":"ﭶ","translation":{"text":"And from","language_name":"english","language_id":38},"transliteration":{"text":"wamin","language_name":"english","language_id":38}},{"id":58382,"position":2,"audio_url":"wbw/016_067_002.mp3","qpc_uthmani_hafs":"ثَمَرَٰتِ","char_type_name":"word","page_number":274,"line_number":4,"text":"ﭷ","translation":{"text":"fruits","language_name":"english","language_id":38},"transliteration":{"text":"thamarāti","language_name":"english","language_id":38}},{"id":58383,"position":3,"audio_url":"wbw/016_067_003.mp3","qpc_uthmani_hafs":"ٱلنَّخِيلِ","char_type_name":"word","page_number":274,"line_number":4,"text":"ﭸ","translation":{"text":"the date-palm","language_name":"english","language_id":38},"transliteration":{"text":"l-nakhīli","language_name":"english","language_id":38}},{"id":58384,"position":4,"audio_url":"wbw/016_067_004.mp3","qpc_uthmani_hafs":"وَٱلۡأَعۡنَٰبِ","char_type_name":"word","page_number":274,"line_number":4,"text":"ﭹ","translation":{"text":"and the grapes","language_name":"english","language_id":38},"transliteration":{"text":"wal-aʿnābi","language_name":"english","language_id":38}},{"id":58385,"position":5,"audio_url":"wbw/016_067_005.mp3","qpc_uthmani_hafs":"تَتَّخِذُونَ","char_type_name":"word","page_number":274,"line_number":4,"text":"ﭺ","translation":{"text":"you take","language_name":"english","language_id":38},"transliteration":{"text":"tattakhidhūna","language_name":"english","language_id":38}},{"id":58386,"position":6,"audio_url":"wbw/016_067_006.mp3","qpc_uthmani_hafs":"مِنۡهُ","char_type_name":"word","page_number":274,"line_number":4,"text":"ﭻ","translation":{"text":"from it","language_name":"english","language_id":38},"transliteration":{"text":"min'hu","language_name":"english","language_id":38}},{"id":58387,"position":7,"audio_url":"wbw/016_067_007.mp3","qpc_uthmani_hafs":"سَكَرٗا","char_type_name":"word","page_number":274,"line_number":4,"text":"ﭼ","translation":{"text":"intoxicant","language_name":"english","language_id":38},"transliteration":{"text":"sakaran","language_name":"english","language_id":38}},{"id":58388,"position":8,"audio_url":"wbw/016_067_008.mp3","qpc_uthmani_hafs":"وَرِزۡقًا","char_type_name":"word","page_number":274,"line_number":4,"text":"ﭽ","translation":{"text":"and a provision","language_name":"english","language_id":38},"transliteration":{"text":"wariz'qan","language_name":"english","language_id":38}},{"id":58389,"position":9,"audio_url":"wbw/016_067_009.mp3","qpc_uthmani_hafs":"حَسَنًاۚ","char_type_name":"word","page_number":274,"line_number":5,"text":"ﭾﭿ","translation":{"text":"good","language_name":"english","language_id":38},"transliteration":{"text":"ḥasanan","language_name":"english","language_id":38}},{"id":58391,"position":10,"audio_url":"wbw/016_067_011.mp3","qpc_uthmani_hafs":"إِنَّ","char_type_name":"word","page_number":274,"line_number":5,"text":"ﮀ","translation":{"text":"Indeed","language_name":"english","language_id":38},"transliteration":{"text":"inna","language_name":"english","language_id":38}},{"id":58392,"position":11,"audio_url":"wbw/016_067_012.mp3","qpc_uthmani_hafs":"فِي","char_type_name":"word","page_number":274,"line_number":5,"text":"ﮁ","translation":{"text":"in","language_name":"english","language_id":38},"transliteration":{"text":"fī","language_name":"english","language_id":38}},{"id":58393,"position":12,"audio_url":"wbw/016_067_013.mp3","qpc_uthmani_hafs":"ذَٰلِكَ","char_type_name":"word","page_number":274,"line_number":5,"text":"ﮂ","translation":{"text":"that","language_name":"english","language_id":38},"transliteration":{"text":"dhālika","language_name":"english","language_id":38}},{"id":58394,"position":13,"audio_url":"wbw/016_067_014.mp3","qpc_uthmani_hafs":"لَأٓيَةٗ","char_type_name":"word","page_number":274,"line_number":5,"text":"ﮃ","translation":{"text":"(is) surely a Sign","language_name":"english","language_id":38},"transliteration":{"text":"laāyatan","language_name":"english","language_id":38}},{"id":58395,"position":14,"audio_url":"wbw/016_067_015.mp3","qpc_uthmani_hafs":"لِّقَوۡمٖ","char_type_name":"word","page_number":274,"line_number":5,"text":"ﮄ","translation":{"text":"for a people","language_name":"english","language_id":38},"transliteration":{"text":"liqawmin","language_name":"english","language_id":38}},{"id":58396,"position":15,"audio_url":"wbw/016_067_016.mp3","qpc_uthmani_hafs":"يَعۡقِلُونَ","char_type_name":"word","page_number":274,"line_number":5,"text":"ﮅ","translation":{"text":"who use reason","language_name":"english","language_id":38},"transliteration":{"text":"yaʿqilūna","language_name":"english","language_id":38}},{"id":58397,"position":16,"audio_url":null,"qpc_uthmani_hafs":"٦٧","char_type_name":"end","page_number":274,"line_number":5,"text":"ﮆ","translation":{"text":"(67)","language_name":"english","language_id":38},"transliteration":{"text":null,"language_name":"english","language_id":38}}],"translations":[{"id":918397,"resource_id":134,"text":"Dan dari buah kurma dan anggur, kamu buat minuman yang memabukkan dan rezeki yang baik.  Sesunggguhnya pada yang demikian itu benar-benar terdapat tanda (kebesaran Allah) bagi orang yang memikirkan."}]},{"id":1969,"verse_number":68,"verse_key":"16:68","juz_number":14,"hizb_number":28,"rub_el_hizb_number":109,"ruku_number":232,"manzil_number":3,"sajdah_number":null,"text_uthmani":"وَأَوْحَىٰ رَبُّكَ إِلَى ٱلنَّحْلِ أَنِ ٱتَّخِذِى مِنَ ٱلْجِبَالِ بُيُوتًا وَمِنَ ٱلشَّجَرِ وَمِمَّا يَعْرِشُونَ","page_number":274,"words":[{"id":58858,"position":1,"audio_url":"wbw/016_068_001.mp3","qpc_uthmani_hafs":"وَأَوۡحَىٰ","char_type_name":"word","page_number":274,"line_number":5,"text":"ﮇ","translation":{"text":"And inspired","language_name":"english","language_id":38},"transliteration":{"text":"wa-awḥā","language_name":"english","language_id":38}},{"id":58859,"position":2,"audio_url":"wbw/016_068_002.mp3","qpc_uthmani_hafs":"رَبُّكَ","char_type_name":"word","page_number":274,"line_number":5,"text":"ﮈ","translation":{"text":"your Lord","language_name":"english","language_id":38},"transliteration":{"text":"rabbuka","language_name":"english","language_id":38}},{"id":58860,"position":3,"audio_url":"wbw/016_068_003.mp3","qpc_uthmani_hafs":"إِلَى","char_type_name":"word","page_number":274,"line_number":5,"text":"ﮉ","translation":{"text":"to","language_name":"english","language_id":38},"transliteration":{"text":"ilā","language_name":"english","language_id":38}},{"id":58861,"position":4,"audio_url":"wbw/016_068_004.mp3","qpc_uthmani_hafs":"ٱلنَّحۡلِ","char_type_name":"word","page_number":274,"line_number":5,"text":"ﮊ","translation":{"text":"the bee","language_name":"english","language_id":38},"transliteration":{"text":"l-naḥli","language_name":"english","language_id":38}},{"id":58862,"position":5,"audio_url":"wbw/016_068_005.mp3","qpc_uthmani_hafs":"أَنِ","char_type_name":"word","page_number":274,"line_number":6,"text":"ﮋ","translation":{"text":"[that]","language_name":"english","language_id":38},"transliteration":{"text":"ani","language_name":"english","language_id":38}},{"id":58863,"position":6,"audio_url":"wbw/016_068_006.mp3","qpc_uthmani_hafs":"ٱتَّخِذِي","char_type_name":"word","page_number":274,"line_number":6,"text":"ﮌ","translation":{"text":"Take","language_name":"english","language_id":38},"transliteration":{"text":"ittakhidhī","language_name":"english","language_id":38}},{"id":58864,"position":7,"audio_url":"wbw/016_068_007.mp3","qpc_uthmani_hafs":"مِنَ","char_type_name":"word","page_number":274,"line_number":6,"text":"ﮍ","translation":{"text":"among","language_name":"english","language_id":38},"transliteration":{"text":"mina","language_name":"english","language_id":38}},{"id":58865,"position":8,"audio_url":"wbw/016_068_008.mp3","qpc_uthmani_hafs":"ٱلۡجِبَالِ","char_type_name":"word","page_number":274,"line_number":6,"text":"ﮎ","translation":{"text":"the mountains","language_name":"english","language_id":38},"transliteration":{"text":"l-jibāli","language_name":"english","language_id":38}},{"id":58866,"position":9,"audio_url":"wbw/016_068_009.mp3","qpc_uthmani_hafs":"بُيُوتٗا","char_type_name":"word","page_number":274,"line_number":6,"text":"ﮏ","translation":{"text":"houses","language_name":"english","language_id":38},"transliteration":{"text":"buyūtan","language_name":"english","language_id":38}},{"id":58867,"position":10,"audio_url":"wbw/016_068_010.mp3","qpc_uthmani_hafs":"وَمِنَ","char_type_name":"word","page_number":274,"line_number":6,"text":"ﮐ","translation":{"text":"and among","language_name":"english","language_id":38},"transliteration":{"text":"wamina","language_name":"english","language_id":38}},{"id":58868,"position":11,"audio_url":"wbw/016_068_011.mp3","qpc_uthmani_hafs":"ٱلشَّجَرِ","char_type_name":"word","page_number":274,"line_number":6,"text":"ﮑ","translation":{"text":"the trees","language_name":"english","language_id":38},"transliteration":{"text":"l-shajari","language_name":"english","language_id":38}},{"id":58869,"position":12,"audio_url":"wbw/016_068_012.mp3","qpc_uthmani_hafs":"وَمِمَّا","char_type_name":"word","page_number":274,"line_number":6,"text":"ﮒ","translation":{"text":"and in what","language_name":"english","language_id":38},"transliteration":{"text":"wamimmā","language_name":"english","language_id":38}},{"id":58870,"position":13,"audio_url":"wbw/016_068_013.mp3","qpc_uthmani_hafs":"يَعۡرِشُونَ","char_type_name":"word","page_number":274,"line_number":6,"text":"ﮓ","translation":{"text":"they construct","language_name":"english","language_id":38},"transliteration":{"text":"yaʿrishūna","language_name":"english","language_id":38}},{"id":58871,"position":14,"audio_url":null,"qpc_uthmani_hafs":"٦٨","char_type_name":"end","page_number":274,"line_number":6,"text":"ﮔ","translation":{"text":"(68)","language_name":"english","language_id":38},"transliteration":{"text":null,"language_name":"english","language_id":38}}],"translations":[{"id":918398,"resource_id":134,"text":"Dan Tuhan-mu mengilhamkan kepada lebah, \"Buatlah sarang-sarang di bukit-bukit, di pohon-pohon kayu, dan di tempat-tempat yang dibikin manusia\"."}]},{"id":1970,"verse_number":69,"verse_key":"16:69","juz_number":14,"hizb_number":28,"rub_el_hizb_number":109,"ruku_number":232,"manzil_number":3,"sajdah_number":null,"text_uthmani":"ثُمَّ كُلِى مِن كُلِّ ٱلثَّمَرَٰتِ فَٱسْلُكِى سُبُلَ رَبِّكِ ذُلُلًا ۚ يَخْرُجُ مِنۢ بُطُونِهَا شَرَابٌ مُّخْتَلِفٌ أَلْوَٰنُهُۥ فِيهِ شِفَآءٌ لِّلنَّاسِ ۗ إِنَّ فِى ذَٰلِكَ لَـَٔايَةً لِّقَوْمٍ يَتَفَكَّرُونَ","page_number":274,"words":[{"id":59192,"position":1,"audio_url":"wbw/016_069_001.mp3","qpc_uthmani_hafs":"ثُمَّ","char_type_name":"word","page_number":274,"line_number":6,"text":"ﮕ","translation":{"text":"Then","language_name":"english","language_id":38},"transliteration":{"text":"thumma","language_name":"english","language_id":38}},{"id":59193,"position":2,"audio_url":"wbw/016_069_002.mp3","qpc_uthmani_hafs":"كُلِي","char_type_name":"word","page_number":274,"line_number":6,"text":"ﮖ","translation":{"text":"eat","language_name":"english","language_id":38},"transliteration":{"text":"kulī","language_name":"english","language_id":38}},{"id":59194,"position":3,"audio_url":"wbw/016_069_003.mp3","qpc_uthmani_hafs":"مِن","char_type_name":"word","page_number":274,"line_number":7,"text":"ﮗ","translation":{"text":"from","language_name":"english","language_id":38},"transliteration":{"text":"min","language_name":"english","language_id":38}},{"id":59195,"position":4,"audio_url":"wbw/016_069_004.mp3","qpc_uthmani_hafs":"كُلِّ","char_type_name":"word","page_number":274,"line_number":7,"text":"ﮘ","translation":{"text":"all","language_name":"english","language_id":38},"transliteration":{"text":"kulli","language_name":"english","language_id":38}},{"id":59196,"position":5,"audio_url":"wbw/016_069_005.mp3","qpc_uthmani_hafs":"ٱلثَّمَرَٰتِ","char_type_name":"word","page_number":274,"line_number":7,"text":"ﮙ","translation":{"text":"the fruits","language_name":"english","language_id":38},"transliteration":{"text":"l-thamarāti","language_name":"english","language_id":38}},{"id":59197,"position":6,"audio_url":"wbw/016_069_006.mp3","qpc_uthmani_hafs":"فَٱسۡلُكِي","char_type_name":"word","page_number":274,"line_number":7,"text":"ﮚ","translation":{"text":"and follow","language_name":"english","language_id":38},"transliteration":{"text":"fa-us'lukī","language_name":"english","language_id":38}},{"id":59198,"position":7,"audio_url":"wbw/016_069_007.mp3","qpc_uthmani_hafs":"سُبُلَ","char_type_name":"word","page_number":274,"line_number":7,"text":"ﮛ","translation":{"text":"(the) ways","language_name":"english","language_id":38},"transliteration":{"text":"subula","language_name":"english","language_id":38}},{"id":59199,"position":8,"audio_url":"wbw/016_069_008.mp3","qpc_uthmani_hafs":"رَبِّكِ","char_type_name":"word","page_number":274,"line_number":7,"text":"ﮜ","translation":{"text":"(of) your Lord","language_name":"english","language_id":38},"transliteration":{"text":"rabbiki","language_name":"english","language_id":38}},{"id":59200,"position":9,"audio_url":"wbw/016_069_009.mp3","qpc_uthmani_hafs":"ذُلُلٗاۚ","char_type_name":"word","page_number":274,"line_number":7,"text":"ﮝﮞ","translation":{"text":"made smooth","language_name":"english","language_id":38},"transliteration":{"text":"dhululan","language_name":"english","language_id":38}},{"id":59202,"position":10,"audio_url":"wbw/016_069_011.mp3","qpc_uthmani_hafs":"يَخۡرُجُ","char_type_name":"word","page_number":274,"line_number":7,"text":"ﮟ","translation":{"text":"Comes forth","language_name":"english","language_id":38},"transliteration":{"text":"yakhruju","language_name":"english","language_id":38}},{"id":59203,"position":11,"audio_url":"wbw/016_069_012.mp3","qpc_uthmani_hafs":"مِنۢ","char_type_name":"word","page_number":274,"line_number":7,"text":"ﮠ","translation":{"text":"from","language_name":"english","language_id":38},"transliteration":{"text":"min","language_name":"english","language_id":38}},{"id":59204,"position":12,"audio_url":"wbw/016_069_013.mp3","qpc_uthmani_hafs":"بُطُونِهَا","char_type_name":"word","page_number":274,"line_number":7,"text":"ﮡ","translation":{"text":"their bellies","language_name":"english","language_id":38},"transliteration":{"text":"buṭūnihā","language_name":"english","language_id":38}},{"id":59205,"position":13,"audio_url":"wbw/016_069_014.mp3","qpc_uthmani_hafs":"شَرَابٞ","char_type_name":"word","page_number":274,"line_number":8,"text":"ﮢ","translation":{"text":"a drink","language_name":"english","language_id":38},"transliteration":{"text":"sharābun","language_name":"english","language_id":38}},{"id":59206,"position":14,"audio_url":"wbw/016_069_015.mp3","qpc_uthmani_hafs":"مُّخۡتَلِفٌ","char_type_name":"word","page_number":274,"line_number":8,"text":"ﮣ","translation":{"text":"(of) varying","language_name":"english","language_id":38},"transliteration":{"text":"mukh'talifun","language_name":"english","language_id":38}},{"id":59207,"position":15,"audio_url":"wbw/016_069_016.mp3","qpc_uthmani_hafs":"أَلۡوَٰنُهُۥ","char_type_name":"word","page_number":274,"line_number":8,"text":"ﮤ","translation":{"text":"colors","language_name":"english","language_id":38},"transliteration":{"text":"alwānuhu","language_name":"english","language_id":38}},{"id":59208,"position":16,"audio_url":"wbw/016_069_017.mp3","qpc_uthmani_hafs":"فِيهِ","char_type_name":"word","page_number":274,"line_number":8,"text":"ﮥ","translation":{"text":"in it","language_name":"english","language_id":38},"transliteration":{"text":"fīhi","language_name":"english","language_id":38}},{"id":59209,"position":17,"audio_url":"wbw/016_069_018.mp3","qpc_uthmani_hafs":"شِفَآءٞ","char_type_name":"word","page_number":274,"line_number":8,"text":"ﮦ","translation":{"text":"(is) a healing","language_name":"english","language_id":38},"transliteration":{"text":"shifāon","language_name":"english","language_id":38}},{"id":59210,"position":18,"audio_url":"wbw/016_069_019.mp3","qpc_uthmani_hafs":"لِّلنَّاسِۚ","char_type_name":"word","page_number":274,"line_number":8,"text":"ﮧﮨ","translation":{"text":"for the mankind","language_name":"english","language_id":38},"transliteration":{"text":"lilnnāsi","language_name":"english","language_id":38}},{"id":59212,"position":19,"audio_url":"wbw/016_069_021.mp3","qpc_uthmani_hafs":"إِنَّ","char_type_name":"word","page_number":274,"line_number":8,"text":"ﮩ","translation":{"text":"Indeed","language_name":"english","language_id":38},"transliteration":{"text":"inna","language_name":"english","language_id":38}},{"id":59213,"position":20,"audio_url":"wbw/016_069_022.mp3","qpc_uthmani_hafs":"فِي","char_type_name":"word","page_number":274,"line_number":8,"text":"ﮪ","translation":{"text":"in","language_name":"english","language_id":38},"transliteration":{"text":"fī","language_name":"english","language_id":38}},{"id":59214,"position":21,"audio_url":"wbw/016_069_023.mp3","qpc_uthmani_hafs":"ذَٰلِكَ","char_type_name":"word","page_number":274,"line_number":8,"text":"ﮫ","translation":{"text":"that","language_name":"english","language_id":38},"transliteration":{"text":"dhālika","language_name":"english","language_id":38}},{"id":59215,"position":22,"audio_url":"wbw/016_069_024.mp3","qpc_uthmani_hafs":"لَأٓيَةٗ","char_type_name":"word","page_number":274,"line_number":8,"text":"ﮬ","translation":{"text":"(is) surely a Sign","language_name":"english","language_id":38},"transliteration":{"text":"laāyatan","language_name":"english","language_id":38}},{"id":59216,"position":23,"audio_url":"wbw/016_069_025.mp3","qpc_uthmani_hafs":"لِّقَوۡمٖ","char_type_name":"word","page_number":274,"line_number":8,"text":"ﮭ","translation":{"text":"for a people","language_name":"english","language_id":38},"transliteration":{"text":"liqawmin","language_name":"english","language_id":38}},{"id":59217,"position":24,"audio_url":"wbw/016_069_026.mp3","qpc_uthmani_hafs":"يَتَفَكَّرُونَ","char_type_name":"word","page_number":274,"line_number":9,"text":"ﮮ","translation":{"text":"who reflect","language_name":"english","language_id":38},"transliteration":{"text":"yatafakkarūna","language_name":"english","language_id":38}},{"id":59218,"position":25,"audio_url":null,"qpc_uthmani_hafs":"٦٩","char_type_name":"end","page_number":274,"line_number":9,"text":"ﮯ","translation":{"text":"(69)","language_name":"english","language_id":38},"transliteration":{"text":null,"language_name":"english","language_id":38}}],"translations":[{"id":918399,"resource_id":134,"text":"kemudian makanlah dari tiap-tiap (macam) buah-buahan dan tempuhlah jalan Tuhan-mu yang telah dimudahkan (bagimu).  Dari perut lebah itu ke luar minuman (madu) yang bermacam-macam warnanya, di dalamnya terdapat obat yang menyembuhkan bagi manusia.  Sesungguhnya pada yang demikian itu benar-benar terdapat tanda (kebesaran Tuhan) bagi orang-orang yang memikirkan."}]},{"id":1971,"verse_number":70,"verse_key":"16:70","juz_number":14,"hizb_number":28,"rub_el_hizb_number":109,"ruku_number":232,"manzil_number":3,"sajdah_number":null,"text_uthmani":"وَٱللَّهُ خَلَقَكُمْ ثُمَّ يَتَوَفَّىٰكُمْ ۚ وَمِنكُم مَّن يُرَدُّ إِلَىٰٓ أَرْذَلِ ٱلْعُمُرِ لِكَىْ لَا يَعْلَمَ بَعْدَ عِلْمٍ شَيْـًٔا ۚ إِنَّ ٱللَّهَ عَلِيمٌ قَدِيرٌ","page_number":274,"words":[{"id":59518,"position":1,"audio_url":"wbw/016_070_001.mp3","qpc_uthmani_hafs":"وَٱللَّهُ","char_type_name":"word","page_number":274,"line_number":9,"text":"ﮰ","translation":{"text":"And Allah","language_name":"english","language_id":38},"transliteration":{"text":"wal-lahu","language_name":"english","language_id":38}},{"id":59519,"position":2,"audio_url":"wbw/016_070_002.mp3","qpc_uthmani_hafs":"خَلَقَكُمۡ","char_type_name":"word","page_number":274,"line_number":9,"text":"ﮱ","translation":{"text":"created you","language_name":"english","language_id":38},"transliteration":{"text":"khalaqakum","language_name":"english","language_id":38}},{"id":59520,"position":3,"audio_url":"wbw/016_070_003.mp3","qpc_uthmani_hafs":"ثُمَّ","char_type_name":"word","page_number":274,"line_number":9,"text":"ﯓ","translation":{"text":"then","language_name":"english","language_id":38},"transliteration":{"text":"thumma","language_name":"english","language_id":38}},{"id":59521,"position":4,"audio_url":"wbw/016_070_004.mp3","qpc_uthmani_hafs":"يَتَوَفَّىٰكُمۡۚ","char_type_name":"word","page_number":274,"line_number":9,"text":"ﯔﯕ","translation":{"text":"will cause you to die","language_name":"english","language_id":38},"transliteration":{"text":"yatawaffākum","language_name":"english","language_id":38}},{"id":59523,"position":5,"audio_url":"wbw/016_070_006.mp3","qpc_uthmani_hafs":"وَمِنكُم","char_type_name":"word","page_number":274,"line_number":9,"text":"ﯖ","translation":{"text":"And among you","language_name":"english","language_id":38},"transliteration":{"text":"waminkum","language_name":"english","language_id":38}},{"id":59524,"position":6,"audio_url":"wbw/016_070_007.mp3","qpc_uthmani_hafs":"مَّن","char_type_name":"word","page_number":274,"line_number":9,"text":"ﯗ","translation":{"text":"(is one) who","language_name":"english","language_id":38},"transliteration":{"text":"man","language_name":"english","language_id":38}},{"id":59525,"position":7,"audio_url":"wbw/016_070_008.mp3","qpc_uthmani_hafs":"يُرَدُّ","char_type_name":"word","page_number":274,"line_number":9,"text":"ﯘ","translation":{"text":"is sent back","language_name":"english","language_id":38},"transliteration":{"text":"yuraddu","language_name":"english","language_id":38}},{"id":59526,"position":8,"audio_url":"wbw/016_070_009.mp3","qpc_uthmani_hafs":"إِلَىٰٓ","char_type_name":"word","page_number":274,"line_number":9,"text":"ﯙ","translation":{"text":"to","language_name":"english","language_id":38},"transliteration":{"text":"ilā","language_name":"english","language_id":38}},{"id":59527,"position":9,"audio_url":"wbw/016_070_010.mp3","qpc_uthmani_hafs":"أَرۡذَلِ","char_type_name":"word","page_number":274,"line_number":9,"text":"ﯚ","translation":{"text":"the worst","language_name":"english","language_id":38},"transliteration":{"text":"ardhali","language_name":"english","language_id":38}},{"id":59528,"position":10,"audio_url":"wbw/016_070_011.mp3","qpc_uthmani_hafs":"ٱلۡعُمُرِ","char_type_name":"word","page_number":274,"line_number":10,"text":"ﯛ","translation":{"text":"(of) the age","language_name":"english","language_id":38},"transliteration":{"text":"l-ʿumuri","language_name":"english","language_id":38}},{"id":59529,"position":11,"audio_url":"wbw/016_070_012.mp3","qpc_uthmani_hafs":"لِكَيۡ","char_type_name":"word","page_number":274,"line_number":10,"text":"ﯜ","translation":{"text":"so that","language_name":"english","language_id":38},"transliteration":{"text":"likay","language_name":"english","language_id":38}},{"id":59530,"position":12,"audio_url":"wbw/016_070_013.mp3","qpc_uthmani_hafs":"لَا","char_type_name":"word","page_number":274,"line_number":10,"text":"ﯝ","translation":{"text":"not","language_name":"english","language_id":38},"transliteration":{"text":"lā","language_name":"english","language_id":38}},{"id":59531,"position":13,"audio_url":"wbw/016_070_014.mp3","qpc_uthmani_hafs":"يَعۡلَمَ","char_type_name":"word","page_number":274,"line_number":10,"text":"ﯞ","translation":{"text":"he will know","language_name":"english","language_id":38},"transliteration":{"text":"yaʿlama","language_name":"english","language_id":38}},{"id":59532,"position":14,"audio_url":"wbw/016_070_015.mp3","qpc_uthmani_hafs":"بَعۡدَ","char_type_name":"word","page_number":274,"line_number":10,"text":"ﯟ","translation":{"text":"after","language_name":"english","language_id":38},"transliteration":{"text":"baʿda","language_name":"english","language_id":38}},{"id":59533,"position":15,"audio_url":"wbw/016_070_016.mp3","qpc_uthmani_hafs":"عِلۡمٖ","char_type_name":"word","page_number":274,"line_number":10,"text":"ﯠ","translation":{"text":"knowledge","language_name":"english","language_id":38},"transliteration":{"text":"ʿil'min","language_name":"english","language_id":38}},{"id":59534,"position":16,"audio_url":"wbw/016_070_017.mp3","qpc_uthmani_hafs":"شَيۡـًٔاۚ","char_type_name":"word","page_number":274,"line_number":10,"text":"ﯡﯢ","translation":{"text":"a thing","language_name":"english","language_id":38},"transliteration":{"text":"shayan","language_name":"english","language_id":38}},{"id":59536,"position":17,"audio_url":"wbw/016_070_019.mp3","qpc_uthmani_hafs":"إِنَّ","char_type_name":"word","page_number":274,"line_number":10,"text":"ﯣ","translation":{"text":"Indeed","language_name":"english","language_id":38},"transliteration":{"text":"inna","language_name":"english","language_id":38}},{"id":59537,"position":18,"audio_url":"wbw/016_070_020.mp3","qpc_uthmani_hafs":"ٱللَّهَ","char_type_name":"word","page_number":274,"line_number":10,"text":"ﯤ","translation":{"text":"Allah","language_name":"english","language_id":38},"transliteration":{"text":"l-laha","language_name":"english","language_id":38}},{"id":59538,"position":19,"audio_url":"wbw/016_070_021.mp3","qpc_uthmani_hafs":"عَلِيمٞ","char_type_name":"word","page_number":274,"line_number":10,"text":"ﯥ","translation":{"text":"(is) All-Knowing","language_name":"english","language_id":38},"transliteration":{"text":"ʿalīmun","language_name":"english","language_id":38}},{"id":59539,"position":20,"audio_url":"wbw/016_070_022.mp3","qpc_uthmani_hafs":"قَدِيرٞ","char_type_name":"word","page_number":274,"line_number":10,"text":"ﯦ","translation":{"text":"All-Powerful","language_name":"english","language_id":38},"transliteration":{"text":"qadīrun","language_name":"english","language_id":38}},{"id":59540,"position":21,"audio_url":null,"qpc_uthmani_hafs":"٧٠","char_type_name":"end","page_number":274,"line_number":10,"text":"ﯧ","translation":{"text":"(70)","language_name":"english","language_id":38},"transliteration":{"text":null,"language_name":"english","language_id":38}}],"translations":[{"id":918400,"resource_id":134,"text":"Allah menciptakan kamu, kemudian mewafatkan kamu dan di antara kamu ada yang dikembalikan kepada umur yang paling lemah (pikun) supaya dia tidak mengetahui lagi sesuatu pun yang pernah diketahuinya.  Sesungguhnya Allah Maha Mengetahui lagi Maha Kuasa."}]},{"id":1972,"verse_number":71,"verse_key":"16:71","juz_number":14,"hizb_number":28,"rub_el_hizb_number":109,"ruku_number":233,"manzil_number":3,"sajdah_number":null,"text_uthmani":"وَٱللَّهُ فَضَّلَ بَعْضَكُمْ عَلَىٰ بَعْضٍ فِى ٱلرِّزْقِ ۚ فَمَا ٱلَّذِينَ فُضِّلُوا۟ بِرَآدِّى رِزْقِهِمْ عَلَىٰ مَا مَلَكَتْ أَيْمَـٰنُهُمْ فَهُمْ فِيهِ سَوَآءٌ ۚ أَفَبِنِعْمَةِ ٱللَّهِ يَجْحَدُونَ","page_number":274,"words":[{"id":60033,"position":1,"audio_url":"wbw/016_071_001.mp3","qpc_uthmani_hafs":"وَٱللَّهُ","char_type_name":"word","page_number":274,"line_number":10,"text":"ﯨ","translation":{"text":"And Allah","language_name":"english","language_id":38},"transliteration":{"text":"wal-lahu","language_name":"english","language_id":38}},{"id":60034,"position":2,"audio_url":"wbw/016_071_002.mp3","qpc_uthmani_hafs":"فَضَّلَ","char_type_name":"word","page_number":274,"line_number":11,"text":"ﯩ","translation":{"text":"has favored","language_name":"english","language_id":38},"transliteration":{"text":"faḍḍala","language_name":"english","language_id":38}},{"id":60035,"position":3,"audio_url":"wbw/016_071_003.mp3","qpc_uthmani_hafs":"بَعۡضَكُمۡ","char_type_name":"word","page_number":274,"line_number":11,"text":"ﯪ","translation":{"text":"some of you","language_name":"english","language_id":38},"transliteration":{"text":"baʿḍakum","language_name":"english","language_id":38}},{"id":60036,"position":4,"audio_url":"wbw/016_071_004.mp3","qpc_uthmani_hafs":"عَلَىٰ","char_type_name":"word","page_number":274,"line_number":11,"text":"ﯫ","translation":{"text":"over","language_name":"english","language_id":38},"transliteration":{"text":"ʿalā","language_name":"english","language_id":38}},{"id":60037,"position":5,"audio_url":"wbw/016_071_005.mp3","qpc_uthmani_hafs":"بَعۡضٖ","char_type_name":"word","page_number":274,"line_number":11,"text":"ﯬ","translation":{"text":"others","language_name":"english","language_id":38},"transliteration":{"text":"baʿḍin","language_name":"english","language_id":38}},{"id":60038,"position":6,"audio_url":"wbw/016_071_006.mp3","qpc_uthmani_hafs":"فِي","char_type_name":"word","page_number":274,"line_number":11,"text":"ﯭ","translation":{"text":"in","language_name":"english","language_id":38},"transliteration":{"text":"fī","language_name":"english","language_id":38}},{"id":60039,"position":7,"audio_url":"wbw/016_071_007.mp3","qpc_uthmani_hafs":"ٱلرِّزۡقِۚ","char_type_name":"word","page_number":274,"line_number":11,"text":"ﯮﯯ","translation":{"text":"[the] provision","language_name":"english","language_id":38},"transliteration":{"text":"l-riz'qi","language_name":"english","language_id":38}},{"id":60041,"position":8,"audio_url":"wbw/016_071_009.mp3","qpc_uthmani_hafs":"فَمَا","char_type_name":"word","page_number":274,"line_number":11,"text":"ﯰ","translation":{"text":"But not","language_name":"english","language_id":38},"transliteration":{"text":"famā","language_name":"english","language_id":38}},{"id":60042,"position":9,"audio_url":"wbw/016_071_010.mp3","qpc_uthmani_hafs":"ٱلَّذِينَ","char_type_name":"word","page_number":274,"line_number":11,"text":"ﯱ","translation":{"text":"those who","language_name":"english","language_id":38},"transliteration":{"text":"alladhīna","language_name":"english","language_id":38}},{"id":60043,"position":10,"audio_url":"wbw/016_071_011.mp3","qpc_uthmani_hafs":"فُضِّلُواْ","char_type_name":"word","page_number":274,"line_number":11,"text":"ﯲ","translation":{"text":"were favored","language_name":"english","language_id":38},"transliteration":{"text":"fuḍḍilū","language_name":"english","language_id":38}},{"id":60044,"position":11,"audio_url":"wbw/016_071_012.mp3","qpc_uthmani_hafs":"بِرَآدِّي","char_type_name":"word","page_number":274,"line_number":11,"text":"ﯳ","translation":{"text":"would hand over","language_name":"english","language_id":38},"transliteration":{"text":"birāddī","language_name":"english","language_id":38}},{"id":60045,"position":12,"audio_url":"wbw/016_071_013.mp3","qpc_uthmani_hafs":"رِزۡقِهِمۡ","char_type_name":"word","page_number":274,"line_number":12,"text":"ﯴ","translation":{"text":"their provision","language_name":"english","language_id":38},"transliteration":{"text":"riz'qihim","language_name":"english","language_id":38}},{"id":60046,"position":13,"audio_url":"wbw/016_071_014.mp3","qpc_uthmani_hafs":"عَلَىٰ","char_type_name":"word","page_number":274,"line_number":12,"text":"ﯵ","translation":{"text":"to","language_name":"english","language_id":38},"transliteration":{"text":"ʿalā","language_name":"english","language_id":38}},{"id":60047,"position":14,"audio_url":"wbw/016_071_015.mp3","qpc_uthmani_hafs":"مَا","char_type_name":"word","page_number":274,"line_number":12,"text":"ﯶ","translation":{"text":"whom","language_name":"english","language_id":38},"transliteration":{"text":"mā","language_name":"english","language_id":38}},{"id":60048,"position":15,"audio_url":"wbw/016_071_016.mp3","qpc_uthmani_hafs":"مَلَكَتۡ","char_type_name":"word","page_number":274,"line_number":12,"text":"ﯷ","translation":{"text":"possess","language_name":"english","language_id":38},"transliteration":{"text":"malakat","language_name":"english","language_id":38}},{"id":60049,"position":16,"audio_url":"wbw/016_071_017.mp3","qpc_uthmani_hafs":"أَيۡمَٰنُهُمۡ","char_type_name":"word","page_number":274,"line_number":12,"text":"ﯸ","translation":{"text":"their right hands","language_name":"english","language_id":38},"transliteration":{"text":"aymānuhum","language_name":"english","language_id":38}},{"id":60050,"position":17,"audio_url":"wbw/016_071_018.mp3","qpc_uthmani_hafs":"فَهُمۡ","char_type_name":"word","page_number":274,"line_number":12,"text":"ﯹ","translation":{"text":"so (that) they","language_name":"english","language_id":38},"transliteration":{"text":"fahum","language_name":"english","language_id":38}},{"id":60051,"position":18,"audio_url":"wbw/016_071_019.mp3","qpc_uthmani_hafs":"فِيهِ","char_type_name":"word","page_number":274,"line_number":12,"text":"ﯺ","translation":{"text":"(are) in it","language_name":"english","language_id":38},"transliteration":{"text":"fīhi","language_name":"english","language_id":38}},{"id":60052,"position":19,"audio_url":"wbw/016_071_020.mp3","qpc_uthmani_hafs":"سَوَآءٌۚ","char_type_name":"word","page_number":274,"line_number":12,"text":"ﯻﯼ","translation":{"text":"equal","language_name":"english","language_id":38},"transliteration":{"text":"sawāon","language_name":"english","language_id":38}},{"id":60054,"position":20,"audio_url":"wbw/016_071_022.mp3","qpc_uthmani_hafs":"أَفَبِنِعۡمَةِ","char_type_name":"word","page_number":274,"line_number":12,"text":"ﯽ","translation":{"text":"Then is it the Favor","language_name":"english","language_id":38},"transliteration":{"text":"afabiniʿ'mati","language_name":"english","language_id":38}},{"id":60055,"position":21,"audio_url":"wbw/016_071_023.mp3","qpc_uthmani_hafs":"ٱللَّهِ","char_type_name":"word","page_number":274,"line_number":13,"text":"ﯾ","translation":{"text":"of Allah","language_name":"english","language_id":38},"transliteration":{"text":"l-lahi","language_name":"english","language_id":38}},{"id":60056,"position":22,"audio_url":"wbw/016_071_024.mp3","qpc_uthmani_hafs":"يَجۡحَدُونَ","char_type_name":"word","page_number":274,"line_number":13,"text":"ﯿ","translation":{"text":"they reject","language_name":"english","language_id":38},"transliteration":{"text":"yajḥadūna","language_name":"english","language_id":38}},{"id":60057,"position":23,"audio_url":null,"qpc_uthmani_hafs":"٧١","char_type_name":"end","page_number":274,"line_number":13,"text":"ﰀ","translation":{"text":"(71)","language_name":"english","language_id":38},"transliteration":{"text":null,"language_name":"english","language_id":38}}],"translations":[{"id":918401,"resource_id":134,"text":"Dan Allah melebihkan sebagian kamu dari sebagian yang lain dalam hal rezeki, tetapi orang-orang yang dilebihkan (rezekinya itu) tidak mau memberikan rezeki mereka kepada budak-budak yang mereka miliki agar mereka sama (merasakan) rezeki itu.  Maka mengapa mereka mengingkari nikmat Allah <sup foot_note=210600>1</sup>?"}]},{"id":1973,"verse_number":72,"verse_key":"16:72","juz_number":14,"hizb_number":28,"rub_el_hizb_number":109,"ruku_number":233,"manzil_number":3,"sajdah_number":null,"text_uthmani":"وَٱللَّهُ جَعَلَ لَكُم مِّنْ أَنفُسِكُمْ أَزْوَٰجًا وَجَعَلَ لَكُم مِّنْ أَزْوَٰجِكُم بَنِينَ وَحَفَدَةً وَرَزَقَكُم مِّنَ ٱلطَّيِّبَـٰتِ ۚ أَفَبِٱلْبَـٰطِلِ يُؤْمِنُونَ وَبِنِعْمَتِ ٱللَّهِ هُمْ يَكْفُرُونَ","page_number":274,"words":[{"id":60562,"position":1,"audio_url":"wbw/016_072_001.mp3","qpc_uthmani_hafs":"وَٱللَّهُ","char_type_name":"word","page_number":274,"line_number":13,"text":"ﰁ","translation":{"text":"And Allah","language_name":"english","language_id":38},"transliteration":{"text":"wal-lahu","language_name":"english","language_id":38}},{"id":60563,"position":2,"audio_url":"wbw/016_072_002.mp3","qpc_uthmani_hafs":"جَعَلَ","char_type_name":"word","page_number":274,"line_number":13,"text":"ﰂ","translation":{"text":"(has) made","language_name":"english","language_id":38},"transliteration":{"text":"jaʿala","language_name":"english","language_id":38}},{"id":60564,"position":3,"audio_url":"wbw/016_072_003.mp3","qpc_uthmani_hafs":"لَكُم","char_type_name":"word","page_number":274,"line_number":13,"text":"ﰃ","translation":{"text":"for you","language_name":"english","language_id":38},"transliteration":{"text":"lakum","language_name":"english","language_id":38}},{"id":60565,"position":4,"audio_url":"wbw/016_072_004.mp3","qpc_uthmani_hafs":"مِّنۡ","char_type_name":"word","page_number":274,"line_number":13,"text":"ﰄ","translation":{"text":"from","language_name":"english","language_id":38},"transliteration":{"text":"min","language_name":"english","language_id":38}},{"id":60566,"position":5,"audio_url":"wbw/016_072_005.mp3","qpc_uthmani_hafs":"أَنفُسِكُمۡ","char_type_name":"word","page_number":274,"line_number":13,"text":"ﰅ","translation":{"text":"yourselves","language_name":"english","language_id":38},"transliteration":{"text":"anfusikum","language_name":"english","language_id":38}},{"id":60567,"position":6,"audio_url":"wbw/016_072_006.mp3","qpc_uthmani_hafs":"أَزۡوَٰجٗا","char_type_name":"word","page_number":274,"line_number":13,"text":"ﰆ","translation":{"text":"spouses","language_name":"english","language_id":38},"transliteration":{"text":"azwājan","language_name":"english","language_id":38}},{"id":60568,"position":7,"audio_url":"wbw/016_072_007.mp3","qpc_uthmani_hafs":"وَجَعَلَ","char_type_name":"word","page_number":274,"line_number":14,"text":"ﰇ","translation":{"text":"and has made","language_name":"english","language_id":38},"transliteration":{"text":"wajaʿala","language_name":"english","language_id":38}},{"id":60569,"position":8,"audio_url":"wbw/016_072_008.mp3","qpc_uthmani_hafs":"لَكُم","char_type_name":"word","page_number":274,"line_number":14,"text":"ﰈ","translation":{"text":"for you","language_name":"english","language_id":38},"transliteration":{"text":"lakum","language_name":"english","language_id":38}},{"id":60570,"position":9,"audio_url":"wbw/016_072_009.mp3","qpc_uthmani_hafs":"مِّنۡ","char_type_name":"word","page_number":274,"line_number":14,"text":"ﰉ","translation":{"text":"from","language_name":"english","language_id":38},"transliteration":{"text":"min","language_name":"english","language_id":38}},{"id":60571,"position":10,"audio_url":"wbw/016_072_010.mp3","qpc_uthmani_hafs":"أَزۡوَٰجِكُم","char_type_name":"word","page_number":274,"line_number":14,"text":"ﰊ","translation":{"text":"your spouses","language_name":"english","language_id":38},"transliteration":{"text":"azwājikum","language_name":"english","language_id":38}},{"id":60572,"position":11,"audio_url":"wbw/016_072_011.mp3","qpc_uthmani_hafs":"بَنِينَ","char_type_name":"word","page_number":274,"line_number":14,"text":"ﰋ","translation":{"text":"sons","language_name":"english","language_id":38},"transliteration":{"text":"banīna","language_name":"english","language_id":38}},{"id":60573,"position":12,"audio_url":"wbw/016_072_012.mp3","qpc_uthmani_hafs":"وَحَفَدَةٗ","char_type_name":"word","page_number":274,"line_number":14,"text":"ﰌ","translation":{"text":"and grandsons","language_name":"english","language_id":38},"transliteration":{"text":"waḥafadatan","language_name":"english","language_id":38}},{"id":60574,"position":13,"audio_url":"wbw/016_072_013.mp3","qpc_uthmani_hafs":"وَرَزَقَكُم","char_type_name":"word","page_number":274,"line_number":14,"text":"ﰍ","translation":{"text":"and has provided for you","language_name":"english","language_id":38},"transliteration":{"text":"warazaqakum","language_name":"english","language_id":38}},{"id":60575,"position":14,"audio_url":"wbw/016_072_014.mp3","qpc_uthmani_hafs":"مِّنَ","char_type_name":"word","page_number":274,"line_number":14,"text":"ﰎ","translation":{"text":"from","language_name":"english","language_id":38},"transliteration":{"text":"mina","language_name":"english","language_id":38}},{"id":60576,"position":15,"audio_url":"wbw/016_072_015.mp3","qpc_uthmani_hafs":"ٱلطَّيِّبَٰتِۚ","char_type_name":"word","page_number":274,"line_number":15,"text":"ﰏﰐ","translation":{"text":"the good things","language_name":"english","language_id":38},"transliteration":{"text":"l-ṭayibāti","language_name":"english","language_id":38}},{"id":60578,"position":16,"audio_url":"wbw/016_072_017.mp3","qpc_uthmani_hafs":"أَفَبِٱلۡبَٰطِلِ","char_type_name":"word","page_number":274,"line_number":15,"text":"ﰑ","translation":{"text":"Then in falsehood do","language_name":"english","language_id":38},"transliteration":{"text":"afabil-bāṭili","language_name":"english","language_id":38}},{"id":60579,"position":17,"audio_url":"wbw/016_072_018.mp3","qpc_uthmani_hafs":"يُؤۡمِنُونَ","char_type_name":"word","page_number":274,"line_number":15,"text":"ﰒ","translation":{"text":"they believe","language_name":"english","language_id":38},"transliteration":{"text":"yu'minūna","language_name":"english","language_id":38}},{"id":60580,"position":18,"audio_url":"wbw/016_072_019.mp3","qpc_uthmani_hafs":"وَبِنِعۡمَتِ","char_type_name":"word","page_number":274,"line_number":15,"text":"ﰓ","translation":{"text":"and the Favor","language_name":"english","language_id":38},"transliteration":{"text":"wabiniʿ'mati","language_name":"english","language_id":38}},{"id":60581,"position":19,"audio_url":"wbw/016_072_020.mp3","qpc_uthmani_hafs":"ٱللَّهِ","char_type_name":"word","page_number":274,"line_number":15,"text":"ﰔ","translation":{"text":"of Allah","language_name":"english","language_id":38},"transliteration":{"text":"l-lahi","language_name":"english","language_id":38}},{"id":60582,"position":20,"audio_url":"wbw/016_072_021.mp3","qpc_uthmani_hafs":"هُمۡ","char_type_name":"word","page_number":274,"line_number":15,"text":"ﰕ","translation":{"text":"they","language_name":"english","language_id":38},"transliteration":{"text":"hum","language_name":"english","language_id":38}},{"id":60583,"position":21,"audio_url":"wbw/016_072_022.mp3","qpc_uthmani_hafs":"يَكۡفُرُونَ","char_type_name":"word","page_number":274,"line_number":15,"text":"ﰖ","translation":{"text":"disbelieve","language_name":"english","language_id":38},"transliteration":{"text":"yakfurūna","language_name":"english","language_id":38}},{"id":60584,"position":22,"audio_url":null,"qpc_uthmani_hafs":"٧٢","char_type_name":"end","page_number":274,"line_number":15,"text":"ﰗ","translation":{"text":"(72)","language_name":"english","language_id":38},"transliteration":{"text":null,"language_name":"english","language_id":38}}],"translations":[{"id":918402,"resource_id":134,"text":"Allah menjadikan bagi kamu istri-istri dari jenis kamu sendiri dan menjadikan bagimu dari istri-istri kamu itu, anak-anak dan cucu-cucu, dan memberimu rezeki dari yang baik-baik. Maka mengapakah mereka beriman kepada yang batil dan mengingkari nikmat Allah?\""}]}],"pagination":{"per_page":50,"current_page":1,"next_page":null,"total_pages":1,"total_records":8}}