{"verses":[{"id":1995,"verse_number":94,"verse_key":"16:94","juz_number":14,"hizb_number":28,"rub_el_hizb_number":111,"ruku_number":236,"manzil_number":3,"sajdah_number":null,"text_uthmani":"وَلَا تَتَّخِذُوٓا۟ أَيْمَـٰنَكُمْ دَخَلًۢا بَيْنَكُمْ فَتَزِلَّ قَدَمٌۢ بَعْدَ ثُبُوتِهَا وَتَذُوقُوا۟ ٱلسُّوٓءَ بِمَا صَدَدتُّمْ عَن سَبِيلِ ٱللَّهِ ۖ وَلَكُمْ عَذَابٌ عَظِيمٌ","page_number":278,"words":[{"id":69427,"position":1,"audio_url":"wbw/016_094_001.mp3","qpc_uthmani_hafs":"وَلَا","char_type_name":"word","page_number":278,"line_number":1,"text":"ﭑ","translation":{"text":"And (do) not","language_name":"english","language_id":38},"transliteration":{"text":"walā","language_name":"english","language_id":38}},{"id":69428,"position":2,"audio_url":"wbw/016_094_002.mp3","qpc_uthmani_hafs":"تَتَّخِذُوٓاْ","char_type_name":"word","page_number":278,"line_number":1,"text":"ﭒ","translation":{"text":"take","language_name":"english","language_id":38},"transliteration":{"text":"tattakhidhū","language_name":"english","language_id":38}},{"id":69429,"position":3,"audio_url":"wbw/016_094_003.mp3","qpc_uthmani_hafs":"أَيۡمَٰنَكُمۡ","char_type_name":"word","page_number":278,"line_number":1,"text":"ﭓ","translation":{"text":"your oaths","language_name":"english","language_id":38},"transliteration":{"text":"aymānakum","language_name":"english","language_id":38}},{"id":69430,"position":4,"audio_url":"wbw/016_094_004.mp3","qpc_uthmani_hafs":"دَخَلَۢا","char_type_name":"word","page_number":278,"line_number":1,"text":"ﭔ","translation":{"text":"(as) a deception","language_name":"english","language_id":38},"transliteration":{"text":"dakhalan","language_name":"english","language_id":38}},{"id":69431,"position":5,"audio_url":"wbw/016_094_005.mp3","qpc_uthmani_hafs":"بَيۡنَكُمۡ","char_type_name":"word","page_number":278,"line_number":1,"text":"ﭕ","translation":{"text":"between you","language_name":"english","language_id":38},"transliteration":{"text":"baynakum","language_name":"english","language_id":38}},{"id":69432,"position":6,"audio_url":"wbw/016_094_006.mp3","qpc_uthmani_hafs":"فَتَزِلَّ","char_type_name":"word","page_number":278,"line_number":1,"text":"ﭖ","translation":{"text":"lest, should slip","language_name":"english","language_id":38},"transliteration":{"text":"fatazilla","language_name":"english","language_id":38}},{"id":69433,"position":7,"audio_url":"wbw/016_094_007.mp3","qpc_uthmani_hafs":"قَدَمُۢ","char_type_name":"word","page_number":278,"line_number":1,"text":"ﭗ","translation":{"text":"a foot","language_name":"english","language_id":38},"transliteration":{"text":"qadamun","language_name":"english","language_id":38}},{"id":69434,"position":8,"audio_url":"wbw/016_094_008.mp3","qpc_uthmani_hafs":"بَعۡدَ","char_type_name":"word","page_number":278,"line_number":1,"text":"ﭘ","translation":{"text":"after","language_name":"english","language_id":38},"transliteration":{"text":"baʿda","language_name":"english","language_id":38}},{"id":69435,"position":9,"audio_url":"wbw/016_094_009.mp3","qpc_uthmani_hafs":"ثُبُوتِهَا","char_type_name":"word","page_number":278,"line_number":1,"text":"ﭙ","translation":{"text":"it is firmly planted","language_name":"english","language_id":38},"transliteration":{"text":"thubūtihā","language_name":"english","language_id":38}},{"id":69436,"position":10,"audio_url":"wbw/016_094_010.mp3","qpc_uthmani_hafs":"وَتَذُوقُواْ","char_type_name":"word","page_number":278,"line_number":2,"text":"ﭚ","translation":{"text":"and you would taste","language_name":"english","language_id":38},"transliteration":{"text":"watadhūqū","language_name":"english","language_id":38}},{"id":69437,"position":11,"audio_url":"wbw/016_094_011.mp3","qpc_uthmani_hafs":"ٱلسُّوٓءَ","char_type_name":"word","page_number":278,"line_number":2,"text":"ﭛ","translation":{"text":"the evil","language_name":"english","language_id":38},"transliteration":{"text":"l-sūa","language_name":"english","language_id":38}},{"id":69438,"position":12,"audio_url":"wbw/016_094_012.mp3","qpc_uthmani_hafs":"بِمَا","char_type_name":"word","page_number":278,"line_number":2,"text":"ﭜ","translation":{"text":"for what","language_name":"english","language_id":38},"transliteration":{"text":"bimā","language_name":"english","language_id":38}},{"id":69439,"position":13,"audio_url":"wbw/016_094_013.mp3","qpc_uthmani_hafs":"صَدَدتُّمۡ","char_type_name":"word","page_number":278,"line_number":2,"text":"ﭝ","translation":{"text":"you hindered","language_name":"english","language_id":38},"transliteration":{"text":"ṣadadttum","language_name":"english","language_id":38}},{"id":69440,"position":14,"audio_url":"wbw/016_094_014.mp3","qpc_uthmani_hafs":"عَن","char_type_name":"word","page_number":278,"line_number":2,"text":"ﭞ","translation":{"text":"from","language_name":"english","language_id":38},"transliteration":{"text":"ʿan","language_name":"english","language_id":38}},{"id":69441,"position":15,"audio_url":"wbw/016_094_015.mp3","qpc_uthmani_hafs":"سَبِيلِ","char_type_name":"word","page_number":278,"line_number":2,"text":"ﭟ","translation":{"text":"(the) way","language_name":"english","language_id":38},"transliteration":{"text":"sabīli","language_name":"english","language_id":38}},{"id":69442,"position":16,"audio_url":"wbw/016_094_016.mp3","qpc_uthmani_hafs":"ٱللَّهِ","char_type_name":"word","page_number":278,"line_number":2,"text":"ﭠﭡ","translation":{"text":"(of) Allah","language_name":"english","language_id":38},"transliteration":{"text":"l-lahi","language_name":"english","language_id":38}},{"id":69444,"position":17,"audio_url":"wbw/016_094_018.mp3","qpc_uthmani_hafs":"وَلَكُمۡ","char_type_name":"word","page_number":278,"line_number":2,"text":"ﭢ","translation":{"text":"and for you","language_name":"english","language_id":38},"transliteration":{"text":"walakum","language_name":"english","language_id":38}},{"id":69445,"position":18,"audio_url":"wbw/016_094_019.mp3","qpc_uthmani_hafs":"عَذَابٌ","char_type_name":"word","page_number":278,"line_number":2,"text":"ﭣ","translation":{"text":"(is) a punishment","language_name":"english","language_id":38},"transliteration":{"text":"ʿadhābun","language_name":"english","language_id":38}},{"id":69446,"position":19,"audio_url":"wbw/016_094_020.mp3","qpc_uthmani_hafs":"عَظِيمٞ","char_type_name":"word","page_number":278,"line_number":3,"text":"ﭤ","translation":{"text":"great","language_name":"english","language_id":38},"transliteration":{"text":"ʿaẓīmun","language_name":"english","language_id":38}},{"id":69447,"position":20,"audio_url":null,"qpc_uthmani_hafs":"٩٤","char_type_name":"end","page_number":278,"line_number":3,"text":"ﭥ","translation":{"text":"(94)","language_name":"english","language_id":38},"transliteration":{"text":null,"language_name":"english","language_id":38}}],"translations":[{"id":918424,"resource_id":134,"text":"Dan janganlah kamu jadikan sumpah-sumpahmu sebagai alat penipu di antaramu yang menyebabkan tergelincir kaki(mu) sesudah kokoh tegaknya dan kamu rasakan kemelaratan (di dunia) karena kamu menghalangi (manusia) dari jalan Allah dan bagimu azab yang besar."}]},{"id":1996,"verse_number":95,"verse_key":"16:95","juz_number":14,"hizb_number":28,"rub_el_hizb_number":111,"ruku_number":236,"manzil_number":3,"sajdah_number":null,"text_uthmani":"وَلَا تَشْتَرُوا۟ بِعَهْدِ ٱللَّهِ ثَمَنًا قَلِيلًا ۚ إِنَّمَا عِندَ ٱللَّهِ هُوَ خَيْرٌ لَّكُمْ إِن كُنتُمْ تَعْلَمُونَ","page_number":278,"words":[{"id":69671,"position":1,"audio_url":"wbw/016_095_001.mp3","qpc_uthmani_hafs":"وَلَا","char_type_name":"word","page_number":278,"line_number":3,"text":"ﭦ","translation":{"text":"And (do) not","language_name":"english","language_id":38},"transliteration":{"text":"walā","language_name":"english","language_id":38}},{"id":69672,"position":2,"audio_url":"wbw/016_095_002.mp3","qpc_uthmani_hafs":"تَشۡتَرُواْ","char_type_name":"word","page_number":278,"line_number":3,"text":"ﭧ","translation":{"text":"exchange","language_name":"english","language_id":38},"transliteration":{"text":"tashtarū","language_name":"english","language_id":38}},{"id":69673,"position":3,"audio_url":"wbw/016_095_003.mp3","qpc_uthmani_hafs":"بِعَهۡدِ","char_type_name":"word","page_number":278,"line_number":3,"text":"ﭨ","translation":{"text":"the covenant","language_name":"english","language_id":38},"transliteration":{"text":"biʿahdi","language_name":"english","language_id":38}},{"id":69674,"position":4,"audio_url":"wbw/016_095_004.mp3","qpc_uthmani_hafs":"ٱللَّهِ","char_type_name":"word","page_number":278,"line_number":3,"text":"ﭩ","translation":{"text":"(of) Allah","language_name":"english","language_id":38},"transliteration":{"text":"l-lahi","language_name":"english","language_id":38}},{"id":69675,"position":5,"audio_url":"wbw/016_095_005.mp3","qpc_uthmani_hafs":"ثَمَنٗا","char_type_name":"word","page_number":278,"line_number":3,"text":"ﭪ","translation":{"text":"(for) a price","language_name":"english","language_id":38},"transliteration":{"text":"thamanan","language_name":"english","language_id":38}},{"id":69676,"position":6,"audio_url":"wbw/016_095_006.mp3","qpc_uthmani_hafs":"قَلِيلًاۚ","char_type_name":"word","page_number":278,"line_number":3,"text":"ﭫﭬ","translation":{"text":"little","language_name":"english","language_id":38},"transliteration":{"text":"qalīlan","language_name":"english","language_id":38}},{"id":69678,"position":7,"audio_url":"wbw/016_095_008.mp3","qpc_uthmani_hafs":"إِنَّمَا","char_type_name":"word","page_number":278,"line_number":3,"text":"ﭭ","translation":{"text":"Indeed, what","language_name":"english","language_id":38},"transliteration":{"text":"innamā","language_name":"english","language_id":38}},{"id":69679,"position":8,"audio_url":"wbw/016_095_009.mp3","qpc_uthmani_hafs":"عِندَ","char_type_name":"word","page_number":278,"line_number":3,"text":"ﭮ","translation":{"text":"(is) with","language_name":"english","language_id":38},"transliteration":{"text":"ʿinda","language_name":"english","language_id":38}},{"id":69680,"position":9,"audio_url":"wbw/016_095_010.mp3","qpc_uthmani_hafs":"ٱللَّهِ","char_type_name":"word","page_number":278,"line_number":3,"text":"ﭯ","translation":{"text":"Allah","language_name":"english","language_id":38},"transliteration":{"text":"l-lahi","language_name":"english","language_id":38}},{"id":69681,"position":10,"audio_url":"wbw/016_095_011.mp3","qpc_uthmani_hafs":"هُوَ","char_type_name":"word","page_number":278,"line_number":4,"text":"ﭰ","translation":{"text":"it","language_name":"english","language_id":38},"transliteration":{"text":"huwa","language_name":"english","language_id":38}},{"id":69682,"position":11,"audio_url":"wbw/016_095_012.mp3","qpc_uthmani_hafs":"خَيۡرٞ","char_type_name":"word","page_number":278,"line_number":4,"text":"ﭱ","translation":{"text":"(is) better","language_name":"english","language_id":38},"transliteration":{"text":"khayrun","language_name":"english","language_id":38}},{"id":69683,"position":12,"audio_url":"wbw/016_095_013.mp3","qpc_uthmani_hafs":"لَّكُمۡ","char_type_name":"word","page_number":278,"line_number":4,"text":"ﭲ","translation":{"text":"for you","language_name":"english","language_id":38},"transliteration":{"text":"lakum","language_name":"english","language_id":38}},{"id":69684,"position":13,"audio_url":"wbw/016_095_014.mp3","qpc_uthmani_hafs":"إِن","char_type_name":"word","page_number":278,"line_number":4,"text":"ﭳ","translation":{"text":"if","language_name":"english","language_id":38},"transliteration":{"text":"in","language_name":"english","language_id":38}},{"id":69685,"position":14,"audio_url":"wbw/016_095_015.mp3","qpc_uthmani_hafs":"كُنتُمۡ","char_type_name":"word","page_number":278,"line_number":4,"text":"ﭴ","translation":{"text":"you were (to)","language_name":"english","language_id":38},"transliteration":{"text":"kuntum","language_name":"english","language_id":38}},{"id":69686,"position":15,"audio_url":"wbw/016_095_016.mp3","qpc_uthmani_hafs":"تَعۡلَمُونَ","char_type_name":"word","page_number":278,"line_number":4,"text":"ﭵ","translation":{"text":"know","language_name":"english","language_id":38},"transliteration":{"text":"taʿlamūna","language_name":"english","language_id":38}},{"id":69687,"position":16,"audio_url":null,"qpc_uthmani_hafs":"٩٥","char_type_name":"end","page_number":278,"line_number":4,"text":"ﭶ","translation":{"text":"(95)","language_name":"english","language_id":38},"transliteration":{"text":null,"language_name":"english","language_id":38}}],"translations":[{"id":918425,"resource_id":134,"text":"Dan janganlah kamu tukar perjanjianmu dengan Allah dengan harga yang sedikit (murah); sesungguhnya apa yang ada di sisi Allah, itulah yang lebih baik bagimu jika kamu mengetahui."}]},{"id":1997,"verse_number":96,"verse_key":"16:96","juz_number":14,"hizb_number":28,"rub_el_hizb_number":111,"ruku_number":236,"manzil_number":3,"sajdah_number":null,"text_uthmani":"مَا عِندَكُمْ يَنفَدُ ۖ وَمَا عِندَ ٱللَّهِ بَاقٍ ۗ وَلَنَجْزِيَنَّ ٱلَّذِينَ صَبَرُوٓا۟ أَجْرَهُم بِأَحْسَنِ مَا كَانُوا۟ يَعْمَلُونَ","page_number":278,"words":[{"id":70207,"position":1,"audio_url":"wbw/016_096_001.mp3","qpc_uthmani_hafs":"مَا","char_type_name":"word","page_number":278,"line_number":4,"text":"ﭷ","translation":{"text":"Whatever","language_name":"english","language_id":38},"transliteration":{"text":"mā","language_name":"english","language_id":38}},{"id":70208,"position":2,"audio_url":"wbw/016_096_002.mp3","qpc_uthmani_hafs":"عِندَكُمۡ","char_type_name":"word","page_number":278,"line_number":4,"text":"ﭸ","translation":{"text":"(is) with you","language_name":"english","language_id":38},"transliteration":{"text":"ʿindakum","language_name":"english","language_id":38}},{"id":70209,"position":3,"audio_url":"wbw/016_096_003.mp3","qpc_uthmani_hafs":"يَنفَدُ","char_type_name":"word","page_number":278,"line_number":4,"text":"ﭹﭺ","translation":{"text":"will be exhausted","language_name":"english","language_id":38},"transliteration":{"text":"yanfadu","language_name":"english","language_id":38}},{"id":70211,"position":4,"audio_url":"wbw/016_096_005.mp3","qpc_uthmani_hafs":"وَمَا","char_type_name":"word","page_number":278,"line_number":5,"text":"ﭻ","translation":{"text":"and whatever","language_name":"english","language_id":38},"transliteration":{"text":"wamā","language_name":"english","language_id":38}},{"id":70212,"position":5,"audio_url":"wbw/016_096_006.mp3","qpc_uthmani_hafs":"عِندَ","char_type_name":"word","page_number":278,"line_number":5,"text":"ﭼ","translation":{"text":"(is) with","language_name":"english","language_id":38},"transliteration":{"text":"ʿinda","language_name":"english","language_id":38}},{"id":70213,"position":6,"audio_url":"wbw/016_096_007.mp3","qpc_uthmani_hafs":"ٱللَّهِ","char_type_name":"word","page_number":278,"line_number":5,"text":"ﭽ","translation":{"text":"Allah","language_name":"english","language_id":38},"transliteration":{"text":"l-lahi","language_name":"english","language_id":38}},{"id":70214,"position":7,"audio_url":"wbw/016_096_008.mp3","qpc_uthmani_hafs":"بَاقٖۗ","char_type_name":"word","page_number":278,"line_number":5,"text":"ﭾﭿ","translation":{"text":"(will) be remaining","language_name":"english","language_id":38},"transliteration":{"text":"bāqin","language_name":"english","language_id":38}},{"id":70216,"position":8,"audio_url":"wbw/016_096_010.mp3","qpc_uthmani_hafs":"وَلَنَجۡزِيَنَّ","char_type_name":"word","page_number":278,"line_number":5,"text":"ﮀ","translation":{"text":"And surely We will pay","language_name":"english","language_id":38},"transliteration":{"text":"walanajziyanna","language_name":"english","language_id":38}},{"id":70217,"position":9,"audio_url":"wbw/016_096_011.mp3","qpc_uthmani_hafs":"ٱلَّذِينَ","char_type_name":"word","page_number":278,"line_number":5,"text":"ﮁ","translation":{"text":"those who","language_name":"english","language_id":38},"transliteration":{"text":"alladhīna","language_name":"english","language_id":38}},{"id":70218,"position":10,"audio_url":"wbw/016_096_012.mp3","qpc_uthmani_hafs":"صَبَرُوٓاْ","char_type_name":"word","page_number":278,"line_number":5,"text":"ﮂ","translation":{"text":"(are) patient","language_name":"english","language_id":38},"transliteration":{"text":"ṣabarū","language_name":"english","language_id":38}},{"id":70219,"position":11,"audio_url":"wbw/016_096_013.mp3","qpc_uthmani_hafs":"أَجۡرَهُم","char_type_name":"word","page_number":278,"line_number":5,"text":"ﮃ","translation":{"text":"their reward","language_name":"english","language_id":38},"transliteration":{"text":"ajrahum","language_name":"english","language_id":38}},{"id":70220,"position":12,"audio_url":"wbw/016_096_014.mp3","qpc_uthmani_hafs":"بِأَحۡسَنِ","char_type_name":"word","page_number":278,"line_number":5,"text":"ﮄ","translation":{"text":"to (the) best","language_name":"english","language_id":38},"transliteration":{"text":"bi-aḥsani","language_name":"english","language_id":38}},{"id":70221,"position":13,"audio_url":"wbw/016_096_015.mp3","qpc_uthmani_hafs":"مَا","char_type_name":"word","page_number":278,"line_number":6,"text":"ﮅ","translation":{"text":"(of) what","language_name":"english","language_id":38},"transliteration":{"text":"mā","language_name":"english","language_id":38}},{"id":70222,"position":14,"audio_url":"wbw/016_096_016.mp3","qpc_uthmani_hafs":"كَانُواْ","char_type_name":"word","page_number":278,"line_number":6,"text":"ﮆ","translation":{"text":"they used (to)","language_name":"english","language_id":38},"transliteration":{"text":"kānū","language_name":"english","language_id":38}},{"id":70223,"position":15,"audio_url":"wbw/016_096_017.mp3","qpc_uthmani_hafs":"يَعۡمَلُونَ","char_type_name":"word","page_number":278,"line_number":6,"text":"ﮇ","translation":{"text":"do","language_name":"english","language_id":38},"transliteration":{"text":"yaʿmalūna","language_name":"english","language_id":38}},{"id":70224,"position":16,"audio_url":null,"qpc_uthmani_hafs":"٩٦","char_type_name":"end","page_number":278,"line_number":6,"text":"ﮈ","translation":{"text":"(96)","language_name":"english","language_id":38},"transliteration":{"text":null,"language_name":"english","language_id":38}}],"translations":[{"id":918426,"resource_id":134,"text":"Apa yang di sisimu akan lenyap dan apa yang ada di sisi Allah adalah kekal.  Dan sesungguhnya Kami akan memberi balasan kepada orang-orang yang sabar dengan pahala yang lebih baik dari apa yang telah mereka kerjakan."}]},{"id":1998,"verse_number":97,"verse_key":"16:97","juz_number":14,"hizb_number":28,"rub_el_hizb_number":111,"ruku_number":236,"manzil_number":3,"sajdah_number":null,"text_uthmani":"مَنْ عَمِلَ صَـٰلِحًا مِّن ذَكَرٍ أَوْ أُنثَىٰ وَهُوَ مُؤْمِنٌ فَلَنُحْيِيَنَّهُۥ حَيَوٰةً طَيِّبَةً ۖ وَلَنَجْزِيَنَّهُمْ أَجْرَهُم بِأَحْسَنِ مَا كَانُوا۟ يَعْمَلُونَ","page_number":278,"words":[{"id":70492,"position":1,"audio_url":"wbw/016_097_001.mp3","qpc_uthmani_hafs":"مَنۡ","char_type_name":"word","page_number":278,"line_number":6,"text":"ﮉ","translation":{"text":"Whoever","language_name":"english","language_id":38},"transliteration":{"text":"man","language_name":"english","language_id":38}},{"id":70493,"position":2,"audio_url":"wbw/016_097_002.mp3","qpc_uthmani_hafs":"عَمِلَ","char_type_name":"word","page_number":278,"line_number":6,"text":"ﮊ","translation":{"text":"does","language_name":"english","language_id":38},"transliteration":{"text":"ʿamila","language_name":"english","language_id":38}},{"id":70494,"position":3,"audio_url":"wbw/016_097_003.mp3","qpc_uthmani_hafs":"صَٰلِحٗا","char_type_name":"word","page_number":278,"line_number":6,"text":"ﮋ","translation":{"text":"righteous deeds","language_name":"english","language_id":38},"transliteration":{"text":"ṣāliḥan","language_name":"english","language_id":38}},{"id":70495,"position":4,"audio_url":"wbw/016_097_004.mp3","qpc_uthmani_hafs":"مِّن","char_type_name":"word","page_number":278,"line_number":6,"text":"ﮌ","translation":{"text":"whether","language_name":"english","language_id":38},"transliteration":{"text":"min","language_name":"english","language_id":38}},{"id":70496,"position":5,"audio_url":"wbw/016_097_005.mp3","qpc_uthmani_hafs":"ذَكَرٍ","char_type_name":"word","page_number":278,"line_number":6,"text":"ﮍ","translation":{"text":"male","language_name":"english","language_id":38},"transliteration":{"text":"dhakarin","language_name":"english","language_id":38}},{"id":70497,"position":6,"audio_url":"wbw/016_097_006.mp3","qpc_uthmani_hafs":"أَوۡ","char_type_name":"word","page_number":278,"line_number":7,"text":"ﮎ","translation":{"text":"or","language_name":"english","language_id":38},"transliteration":{"text":"aw","language_name":"english","language_id":38}},{"id":70498,"position":7,"audio_url":"wbw/016_097_007.mp3","qpc_uthmani_hafs":"أُنثَىٰ","char_type_name":"word","page_number":278,"line_number":7,"text":"ﮏ","translation":{"text":"female","language_name":"english","language_id":38},"transliteration":{"text":"unthā","language_name":"english","language_id":38}},{"id":70499,"position":8,"audio_url":"wbw/016_097_008.mp3","qpc_uthmani_hafs":"وَهُوَ","char_type_name":"word","page_number":278,"line_number":7,"text":"ﮐ","translation":{"text":"while he","language_name":"english","language_id":38},"transliteration":{"text":"wahuwa","language_name":"english","language_id":38}},{"id":70500,"position":9,"audio_url":"wbw/016_097_009.mp3","qpc_uthmani_hafs":"مُؤۡمِنٞ","char_type_name":"word","page_number":278,"line_number":7,"text":"ﮑ","translation":{"text":"(is) a believer","language_name":"english","language_id":38},"transliteration":{"text":"mu'minun","language_name":"english","language_id":38}},{"id":70501,"position":10,"audio_url":"wbw/016_097_010.mp3","qpc_uthmani_hafs":"فَلَنُحۡيِيَنَّهُۥ","char_type_name":"word","page_number":278,"line_number":7,"text":"ﮒ","translation":{"text":"then surely We will give him life","language_name":"english","language_id":38},"transliteration":{"text":"falanuḥ'yiyannahu","language_name":"english","language_id":38}},{"id":70502,"position":11,"audio_url":"wbw/016_097_011.mp3","qpc_uthmani_hafs":"حَيَوٰةٗ","char_type_name":"word","page_number":278,"line_number":7,"text":"ﮓ","translation":{"text":"a life","language_name":"english","language_id":38},"transliteration":{"text":"ḥayatan","language_name":"english","language_id":38}},{"id":70503,"position":12,"audio_url":"wbw/016_097_012.mp3","qpc_uthmani_hafs":"طَيِّبَةٗۖ","char_type_name":"word","page_number":278,"line_number":7,"text":"ﮔﮕ","translation":{"text":"good","language_name":"english","language_id":38},"transliteration":{"text":"ṭayyibatan","language_name":"english","language_id":38}},{"id":70505,"position":13,"audio_url":"wbw/016_097_014.mp3","qpc_uthmani_hafs":"وَلَنَجۡزِيَنَّهُمۡ","char_type_name":"word","page_number":278,"line_number":7,"text":"ﮖ","translation":{"text":"and We will pay them","language_name":"english","language_id":38},"transliteration":{"text":"walanajziyannahum","language_name":"english","language_id":38}},{"id":70506,"position":14,"audio_url":"wbw/016_097_015.mp3","qpc_uthmani_hafs":"أَجۡرَهُم","char_type_name":"word","page_number":278,"line_number":8,"text":"ﮗ","translation":{"text":"their reward","language_name":"english","language_id":38},"transliteration":{"text":"ajrahum","language_name":"english","language_id":38}},{"id":70507,"position":15,"audio_url":"wbw/016_097_016.mp3","qpc_uthmani_hafs":"بِأَحۡسَنِ","char_type_name":"word","page_number":278,"line_number":8,"text":"ﮘ","translation":{"text":"to (the) best","language_name":"english","language_id":38},"transliteration":{"text":"bi-aḥsani","language_name":"english","language_id":38}},{"id":70508,"position":16,"audio_url":"wbw/016_097_017.mp3","qpc_uthmani_hafs":"مَا","char_type_name":"word","page_number":278,"line_number":8,"text":"ﮙ","translation":{"text":"of what","language_name":"english","language_id":38},"transliteration":{"text":"mā","language_name":"english","language_id":38}},{"id":70509,"position":17,"audio_url":"wbw/016_097_018.mp3","qpc_uthmani_hafs":"كَانُواْ","char_type_name":"word","page_number":278,"line_number":8,"text":"ﮚ","translation":{"text":"they used (to)","language_name":"english","language_id":38},"transliteration":{"text":"kānū","language_name":"english","language_id":38}},{"id":70510,"position":18,"audio_url":"wbw/016_097_019.mp3","qpc_uthmani_hafs":"يَعۡمَلُونَ","char_type_name":"word","page_number":278,"line_number":8,"text":"ﮛ","translation":{"text":"do","language_name":"english","language_id":38},"transliteration":{"text":"yaʿmalūna","language_name":"english","language_id":38}},{"id":70511,"position":19,"audio_url":null,"qpc_uthmani_hafs":"٩٧","char_type_name":"end","page_number":278,"line_number":8,"text":"ﮜ","translation":{"text":"(97)","language_name":"english","language_id":38},"transliteration":{"text":null,"language_name":"english","language_id":38}}],"translations":[{"id":918427,"resource_id":134,"text":"Barang siapa yang mengerjakan amal saleh, baik laki-laki maupun perempuan dalam keadaan beriman, maka sesungguhnya akan Kami berikan kepadanya kehidupan yang baik <sup foot_note=210607>1</sup> dan sesungguhnya akan Kami beri balasan kepada mereka dengan pahala yang lebih baik dari apa yang telah mereka kerjakan."}]},{"id":1999,"verse_number":98,"verse_key":"16:98","juz_number":14,"hizb_number":28,"rub_el_hizb_number":111,"ruku_number":236,"manzil_number":3,"sajdah_number":null,"text_uthmani":"فَإِذَا قَرَأْتَ ٱلْقُرْءَانَ فَٱسْتَعِذْ بِٱللَّهِ مِنَ ٱلشَّيْطَـٰنِ ٱلرَّجِيمِ","page_number":278,"words":[{"id":70624,"position":1,"audio_url":"wbw/016_098_001.mp3","qpc_uthmani_hafs":"فَإِذَا","char_type_name":"word","page_number":278,"line_number":8,"text":"ﮝ","translation":{"text":"So when","language_name":"english","language_id":38},"transliteration":{"text":"fa-idhā","language_name":"english","language_id":38}},{"id":70625,"position":2,"audio_url":"wbw/016_098_002.mp3","qpc_uthmani_hafs":"قَرَأۡتَ","char_type_name":"word","page_number":278,"line_number":8,"text":"ﮞ","translation":{"text":"you recite","language_name":"english","language_id":38},"transliteration":{"text":"qarata","language_name":"english","language_id":38}},{"id":70626,"position":3,"audio_url":"wbw/016_098_003.mp3","qpc_uthmani_hafs":"ٱلۡقُرۡءَانَ","char_type_name":"word","page_number":278,"line_number":8,"text":"ﮟ","translation":{"text":"the Quran","language_name":"english","language_id":38},"transliteration":{"text":"l-qur'āna","language_name":"english","language_id":38}},{"id":70627,"position":4,"audio_url":"wbw/016_098_004.mp3","qpc_uthmani_hafs":"فَٱسۡتَعِذۡ","char_type_name":"word","page_number":278,"line_number":9,"text":"ﮠ","translation":{"text":"seek refuge","language_name":"english","language_id":38},"transliteration":{"text":"fa-is'taʿidh","language_name":"english","language_id":38}},{"id":70628,"position":5,"audio_url":"wbw/016_098_005.mp3","qpc_uthmani_hafs":"بِٱللَّهِ","char_type_name":"word","page_number":278,"line_number":9,"text":"ﮡ","translation":{"text":"in Allah","language_name":"english","language_id":38},"transliteration":{"text":"bil-lahi","language_name":"english","language_id":38}},{"id":70629,"position":6,"audio_url":"wbw/016_098_006.mp3","qpc_uthmani_hafs":"مِنَ","char_type_name":"word","page_number":278,"line_number":9,"text":"ﮢ","translation":{"text":"from","language_name":"english","language_id":38},"transliteration":{"text":"mina","language_name":"english","language_id":38}},{"id":70630,"position":7,"audio_url":"wbw/016_098_007.mp3","qpc_uthmani_hafs":"ٱلشَّيۡطَٰنِ","char_type_name":"word","page_number":278,"line_number":9,"text":"ﮣ","translation":{"text":"the Shaitaan","language_name":"english","language_id":38},"transliteration":{"text":"l-shayṭāni","language_name":"english","language_id":38}},{"id":70631,"position":8,"audio_url":"wbw/016_098_008.mp3","qpc_uthmani_hafs":"ٱلرَّجِيمِ","char_type_name":"word","page_number":278,"line_number":9,"text":"ﮤ","translation":{"text":"the accursed","language_name":"english","language_id":38},"transliteration":{"text":"l-rajīmi","language_name":"english","language_id":38}},{"id":70632,"position":9,"audio_url":null,"qpc_uthmani_hafs":"٩٨","char_type_name":"end","page_number":278,"line_number":9,"text":"ﮥ","translation":{"text":"(98)","language_name":"english","language_id":38},"transliteration":{"text":null,"language_name":"english","language_id":38}}],"translations":[{"id":918428,"resource_id":134,"text":"Apabila kamu membaca Al-Qur`ān, hendaklah kamu meminta perlindungan kepada Allah dari setan yang terkutuk."}]},{"id":2000,"verse_number":99,"verse_key":"16:99","juz_number":14,"hizb_number":28,"rub_el_hizb_number":111,"ruku_number":236,"manzil_number":3,"sajdah_number":null,"text_uthmani":"إِنَّهُۥ لَيْسَ لَهُۥ سُلْطَـٰنٌ عَلَى ٱلَّذِينَ ءَامَنُوا۟ وَعَلَىٰ رَبِّهِمْ يَتَوَكَّلُونَ","page_number":278,"words":[{"id":70965,"position":1,"audio_url":"wbw/016_099_001.mp3","qpc_uthmani_hafs":"إِنَّهُۥ","char_type_name":"word","page_number":278,"line_number":9,"text":"ﮦ","translation":{"text":"Indeed he","language_name":"english","language_id":38},"transliteration":{"text":"innahu","language_name":"english","language_id":38}},{"id":70966,"position":2,"audio_url":"wbw/016_099_002.mp3","qpc_uthmani_hafs":"لَيۡسَ","char_type_name":"word","page_number":278,"line_number":9,"text":"ﮧ","translation":{"text":"not","language_name":"english","language_id":38},"transliteration":{"text":"laysa","language_name":"english","language_id":38}},{"id":70967,"position":3,"audio_url":"wbw/016_099_003.mp3","qpc_uthmani_hafs":"لَهُۥ","char_type_name":"word","page_number":278,"line_number":9,"text":"ﮨ","translation":{"text":"for him","language_name":"english","language_id":38},"transliteration":{"text":"lahu","language_name":"english","language_id":38}},{"id":70968,"position":4,"audio_url":"wbw/016_099_004.mp3","qpc_uthmani_hafs":"سُلۡطَٰنٌ","char_type_name":"word","page_number":278,"line_number":9,"text":"ﮩ","translation":{"text":"(is) any authority","language_name":"english","language_id":38},"transliteration":{"text":"sul'ṭānun","language_name":"english","language_id":38}},{"id":70969,"position":5,"audio_url":"wbw/016_099_005.mp3","qpc_uthmani_hafs":"عَلَى","char_type_name":"word","page_number":278,"line_number":10,"text":"ﮪ","translation":{"text":"on","language_name":"english","language_id":38},"transliteration":{"text":"ʿalā","language_name":"english","language_id":38}},{"id":70970,"position":6,"audio_url":"wbw/016_099_006.mp3","qpc_uthmani_hafs":"ٱلَّذِينَ","char_type_name":"word","page_number":278,"line_number":10,"text":"ﮫ","translation":{"text":"those who","language_name":"english","language_id":38},"transliteration":{"text":"alladhīna","language_name":"english","language_id":38}},{"id":70971,"position":7,"audio_url":"wbw/016_099_007.mp3","qpc_uthmani_hafs":"ءَامَنُواْ","char_type_name":"word","page_number":278,"line_number":10,"text":"ﮬ","translation":{"text":"believe","language_name":"english","language_id":38},"transliteration":{"text":"āmanū","language_name":"english","language_id":38}},{"id":70972,"position":8,"audio_url":"wbw/016_099_008.mp3","qpc_uthmani_hafs":"وَعَلَىٰ","char_type_name":"word","page_number":278,"line_number":10,"text":"ﮭ","translation":{"text":"and upon","language_name":"english","language_id":38},"transliteration":{"text":"waʿalā","language_name":"english","language_id":38}},{"id":70973,"position":9,"audio_url":"wbw/016_099_009.mp3","qpc_uthmani_hafs":"رَبِّهِمۡ","char_type_name":"word","page_number":278,"line_number":10,"text":"ﮮ","translation":{"text":"their Lord","language_name":"english","language_id":38},"transliteration":{"text":"rabbihim","language_name":"english","language_id":38}},{"id":70974,"position":10,"audio_url":"wbw/016_099_010.mp3","qpc_uthmani_hafs":"يَتَوَكَّلُونَ","char_type_name":"word","page_number":278,"line_number":10,"text":"ﮯ","translation":{"text":"they put their trust","language_name":"english","language_id":38},"transliteration":{"text":"yatawakkalūna","language_name":"english","language_id":38}},{"id":70975,"position":11,"audio_url":null,"qpc_uthmani_hafs":"٩٩","char_type_name":"end","page_number":278,"line_number":10,"text":"ﮰ","translation":{"text":"(99)","language_name":"english","language_id":38},"transliteration":{"text":null,"language_name":"english","language_id":38}}],"translations":[{"id":918429,"resource_id":134,"text":"Sesungguhnya setan itu tidak ada kekuasaannya atas orang-orang yang beriman dan bertawakal kepada Tuhan-nya."}]},{"id":2001,"verse_number":100,"verse_key":"16:100","juz_number":14,"hizb_number":28,"rub_el_hizb_number":111,"ruku_number":236,"manzil_number":3,"sajdah_number":null,"text_uthmani":"إِنَّمَا سُلْطَـٰنُهُۥ عَلَى ٱلَّذِينَ يَتَوَلَّوْنَهُۥ وَٱلَّذِينَ هُم بِهِۦ مُشْرِكُونَ","page_number":278,"words":[{"id":71291,"position":1,"audio_url":"wbw/016_100_001.mp3","qpc_uthmani_hafs":"إِنَّمَا","char_type_name":"word","page_number":278,"line_number":10,"text":"ﮱ","translation":{"text":"Only","language_name":"english","language_id":38},"transliteration":{"text":"innamā","language_name":"english","language_id":38}},{"id":71292,"position":2,"audio_url":"wbw/016_100_002.mp3","qpc_uthmani_hafs":"سُلۡطَٰنُهُۥ","char_type_name":"word","page_number":278,"line_number":11,"text":"ﯓ","translation":{"text":"his authority","language_name":"english","language_id":38},"transliteration":{"text":"sul'ṭānuhu","language_name":"english","language_id":38}},{"id":71293,"position":3,"audio_url":"wbw/016_100_003.mp3","qpc_uthmani_hafs":"عَلَى","char_type_name":"word","page_number":278,"line_number":11,"text":"ﯔ","translation":{"text":"(is) over","language_name":"english","language_id":38},"transliteration":{"text":"ʿalā","language_name":"english","language_id":38}},{"id":71294,"position":4,"audio_url":"wbw/016_100_004.mp3","qpc_uthmani_hafs":"ٱلَّذِينَ","char_type_name":"word","page_number":278,"line_number":11,"text":"ﯕ","translation":{"text":"those who","language_name":"english","language_id":38},"transliteration":{"text":"alladhīna","language_name":"english","language_id":38}},{"id":71295,"position":5,"audio_url":"wbw/016_100_005.mp3","qpc_uthmani_hafs":"يَتَوَلَّوۡنَهُۥ","char_type_name":"word","page_number":278,"line_number":11,"text":"ﯖ","translation":{"text":"take him as an ally","language_name":"english","language_id":38},"transliteration":{"text":"yatawallawnahu","language_name":"english","language_id":38}},{"id":71296,"position":6,"audio_url":"wbw/016_100_006.mp3","qpc_uthmani_hafs":"وَٱلَّذِينَ","char_type_name":"word","page_number":278,"line_number":11,"text":"ﯗ","translation":{"text":"and those who","language_name":"english","language_id":38},"transliteration":{"text":"wa-alladhīna","language_name":"english","language_id":38}},{"id":71297,"position":7,"audio_url":"wbw/016_100_007.mp3","qpc_uthmani_hafs":"هُم","char_type_name":"word","page_number":278,"line_number":11,"text":"ﯘ","translation":{"text":"[they]","language_name":"english","language_id":38},"transliteration":{"text":"hum","language_name":"english","language_id":38}},{"id":71298,"position":8,"audio_url":"wbw/016_100_008.mp3","qpc_uthmani_hafs":"بِهِۦ","char_type_name":"word","page_number":278,"line_number":11,"text":"ﯙ","translation":{"text":"with Him","language_name":"english","language_id":38},"transliteration":{"text":"bihi","language_name":"english","language_id":38}},{"id":71299,"position":9,"audio_url":"wbw/016_100_009.mp3","qpc_uthmani_hafs":"مُشۡرِكُونَ","char_type_name":"word","page_number":278,"line_number":11,"text":"ﯚ","translation":{"text":"associate partners","language_name":"english","language_id":38},"transliteration":{"text":"mush'rikūna","language_name":"english","language_id":38}},{"id":71300,"position":10,"audio_url":null,"qpc_uthmani_hafs":"١٠٠","char_type_name":"end","page_number":278,"line_number":12,"text":"ﯛ","translation":{"text":"(100)","language_name":"english","language_id":38},"transliteration":{"text":null,"language_name":"english","language_id":38}}],"translations":[{"id":918430,"resource_id":134,"text":"Sesungguhnya kekuasaannya (setan) hanyalah atas orang-orang yang mengambilnya jadi pemimpin dan atas orang-orang yang mempersekutukannya dengan Allah."}]},{"id":2002,"verse_number":101,"verse_key":"16:101","juz_number":14,"hizb_number":28,"rub_el_hizb_number":111,"ruku_number":237,"manzil_number":3,"sajdah_number":null,"text_uthmani":"وَإِذَا بَدَّلْنَآ ءَايَةً مَّكَانَ ءَايَةٍ ۙ وَٱللَّهُ أَعْلَمُ بِمَا يُنَزِّلُ قَالُوٓا۟ إِنَّمَآ أَنتَ مُفْتَرٍۭ ۚ بَلْ أَكْثَرُهُمْ لَا يَعْلَمُونَ","page_number":278,"words":[{"id":71439,"position":1,"audio_url":"wbw/016_101_001.mp3","qpc_uthmani_hafs":"وَإِذَا","char_type_name":"word","page_number":278,"line_number":12,"text":"ﯜ","translation":{"text":"And when","language_name":"english","language_id":38},"transliteration":{"text":"wa-idhā","language_name":"english","language_id":38}},{"id":71440,"position":2,"audio_url":"wbw/016_101_002.mp3","qpc_uthmani_hafs":"بَدَّلۡنَآ","char_type_name":"word","page_number":278,"line_number":12,"text":"ﯝ","translation":{"text":"We substitute","language_name":"english","language_id":38},"transliteration":{"text":"baddalnā","language_name":"english","language_id":38}},{"id":71441,"position":3,"audio_url":"wbw/016_101_003.mp3","qpc_uthmani_hafs":"ءَايَةٗ","char_type_name":"word","page_number":278,"line_number":12,"text":"ﯞ","translation":{"text":"a Verse","language_name":"english","language_id":38},"transliteration":{"text":"āyatan","language_name":"english","language_id":38}},{"id":71442,"position":4,"audio_url":"wbw/016_101_004.mp3","qpc_uthmani_hafs":"مَّكَانَ","char_type_name":"word","page_number":278,"line_number":12,"text":"ﯟ","translation":{"text":"(in) place","language_name":"english","language_id":38},"transliteration":{"text":"makāna","language_name":"english","language_id":38}},{"id":71443,"position":5,"audio_url":"wbw/016_101_005.mp3","qpc_uthmani_hafs":"ءَايَةٖ","char_type_name":"word","page_number":278,"line_number":12,"text":"ﯠﯡ","translation":{"text":"(of) a Verse","language_name":"english","language_id":38},"transliteration":{"text":"āyatin","language_name":"english","language_id":38}},{"id":71445,"position":6,"audio_url":"wbw/016_101_007.mp3","qpc_uthmani_hafs":"وَٱللَّهُ","char_type_name":"word","page_number":278,"line_number":12,"text":"ﯢ","translation":{"text":"and Allah ","language_name":"english","language_id":38},"transliteration":{"text":"wal-lahu","language_name":"english","language_id":38}},{"id":71446,"position":7,"audio_url":"wbw/016_101_008.mp3","qpc_uthmani_hafs":"أَعۡلَمُ","char_type_name":"word","page_number":278,"line_number":12,"text":"ﯣ","translation":{"text":"(is) most knowing","language_name":"english","language_id":38},"transliteration":{"text":"aʿlamu","language_name":"english","language_id":38}},{"id":71447,"position":8,"audio_url":"wbw/016_101_009.mp3","qpc_uthmani_hafs":"بِمَا","char_type_name":"word","page_number":278,"line_number":13,"text":"ﯤ","translation":{"text":"of what","language_name":"english","language_id":38},"transliteration":{"text":"bimā","language_name":"english","language_id":38}},{"id":71448,"position":9,"audio_url":"wbw/016_101_010.mp3","qpc_uthmani_hafs":"يُنَزِّلُ","char_type_name":"word","page_number":278,"line_number":13,"text":"ﯥ","translation":{"text":"He sends down","language_name":"english","language_id":38},"transliteration":{"text":"yunazzilu","language_name":"english","language_id":38}},{"id":71449,"position":10,"audio_url":"wbw/016_101_011.mp3","qpc_uthmani_hafs":"قَالُوٓاْ","char_type_name":"word","page_number":278,"line_number":13,"text":"ﯦ","translation":{"text":"they say","language_name":"english","language_id":38},"transliteration":{"text":"qālū","language_name":"english","language_id":38}},{"id":71450,"position":11,"audio_url":"wbw/016_101_012.mp3","qpc_uthmani_hafs":"إِنَّمَآ","char_type_name":"word","page_number":278,"line_number":13,"text":"ﯧ","translation":{"text":"Only","language_name":"english","language_id":38},"transliteration":{"text":"innamā","language_name":"english","language_id":38}},{"id":71451,"position":12,"audio_url":"wbw/016_101_013.mp3","qpc_uthmani_hafs":"أَنتَ","char_type_name":"word","page_number":278,"line_number":13,"text":"ﯨ","translation":{"text":"you","language_name":"english","language_id":38},"transliteration":{"text":"anta","language_name":"english","language_id":38}},{"id":71452,"position":13,"audio_url":"wbw/016_101_014.mp3","qpc_uthmani_hafs":"مُفۡتَرِۭۚ","char_type_name":"word","page_number":278,"line_number":13,"text":"ﯩﯪ","translation":{"text":"(are) an inventor","language_name":"english","language_id":38},"transliteration":{"text":"muf'tarin","language_name":"english","language_id":38}},{"id":71454,"position":14,"audio_url":"wbw/016_101_016.mp3","qpc_uthmani_hafs":"بَلۡ","char_type_name":"word","page_number":278,"line_number":13,"text":"ﯫ","translation":{"text":"Nay","language_name":"english","language_id":38},"transliteration":{"text":"bal","language_name":"english","language_id":38}},{"id":71455,"position":15,"audio_url":"wbw/016_101_017.mp3","qpc_uthmani_hafs":"أَكۡثَرُهُمۡ","char_type_name":"word","page_number":278,"line_number":13,"text":"ﯬ","translation":{"text":"most of them","language_name":"english","language_id":38},"transliteration":{"text":"aktharuhum","language_name":"english","language_id":38}},{"id":71456,"position":16,"audio_url":"wbw/016_101_018.mp3","qpc_uthmani_hafs":"لَا","char_type_name":"word","page_number":278,"line_number":13,"text":"ﯭ","translation":{"text":"(do) not","language_name":"english","language_id":38},"transliteration":{"text":"lā","language_name":"english","language_id":38}},{"id":71457,"position":17,"audio_url":"wbw/016_101_019.mp3","qpc_uthmani_hafs":"يَعۡلَمُونَ","char_type_name":"word","page_number":278,"line_number":13,"text":"ﯮ","translation":{"text":"know","language_name":"english","language_id":38},"transliteration":{"text":"yaʿlamūna","language_name":"english","language_id":38}},{"id":71458,"position":18,"audio_url":null,"qpc_uthmani_hafs":"١٠١","char_type_name":"end","page_number":278,"line_number":14,"text":"ﯯ","translation":{"text":"(101)","language_name":"english","language_id":38},"transliteration":{"text":null,"language_name":"english","language_id":38}}],"translations":[{"id":918431,"resource_id":134,"text":"Dan apabila Kami letakkan suatu ayat di tempat ayat yang lain sebagai penggantinya padahal Allah lebih mengetahui apa yang diturunkan-Nya, mereka berkata, \"Sesungguhnya kamu adalah orang yang mengada-adakan saja\".  Bahkan, kebanyakan mereka tiada mengetahui."}]},{"id":2003,"verse_number":102,"verse_key":"16:102","juz_number":14,"hizb_number":28,"rub_el_hizb_number":111,"ruku_number":237,"manzil_number":3,"sajdah_number":null,"text_uthmani":"قُلْ نَزَّلَهُۥ رُوحُ ٱلْقُدُسِ مِن رَّبِّكَ بِٱلْحَقِّ لِيُثَبِّتَ ٱلَّذِينَ ءَامَنُوا۟ وَهُدًى وَبُشْرَىٰ لِلْمُسْلِمِينَ","page_number":278,"words":[{"id":72133,"position":1,"audio_url":"wbw/016_102_001.mp3","qpc_uthmani_hafs":"قُلۡ","char_type_name":"word","page_number":278,"line_number":14,"text":"ﯰ","translation":{"text":"Say","language_name":"english","language_id":38},"transliteration":{"text":"qul","language_name":"english","language_id":38}},{"id":72134,"position":2,"audio_url":"wbw/016_102_002.mp3","qpc_uthmani_hafs":"نَزَّلَهُۥ","char_type_name":"word","page_number":278,"line_number":14,"text":"ﯱ","translation":{"text":"Has brought it down","language_name":"english","language_id":38},"transliteration":{"text":"nazzalahu","language_name":"english","language_id":38}},{"id":72135,"position":3,"audio_url":"wbw/016_102_003.mp3","qpc_uthmani_hafs":"رُوحُ","char_type_name":"word","page_number":278,"line_number":14,"text":"ﯲ","translation":{"text":"the Holy Spirit","language_name":"english","language_id":38},"transliteration":{"text":"rūḥu","language_name":"english","language_id":38}},{"id":72136,"position":4,"audio_url":"wbw/016_102_004.mp3","qpc_uthmani_hafs":"ٱلۡقُدُسِ","char_type_name":"word","page_number":278,"line_number":14,"text":"ﯳ","translation":{"text":"the Holy Spirit","language_name":"english","language_id":38},"transliteration":{"text":"l-qudusi","language_name":"english","language_id":38}},{"id":72137,"position":5,"audio_url":"wbw/016_102_005.mp3","qpc_uthmani_hafs":"مِن","char_type_name":"word","page_number":278,"line_number":14,"text":"ﯴ","translation":{"text":"from","language_name":"english","language_id":38},"transliteration":{"text":"min","language_name":"english","language_id":38}},{"id":72138,"position":6,"audio_url":"wbw/016_102_006.mp3","qpc_uthmani_hafs":"رَّبِّكَ","char_type_name":"word","page_number":278,"line_number":14,"text":"ﯵ","translation":{"text":"your Lord","language_name":"english","language_id":38},"transliteration":{"text":"rabbika","language_name":"english","language_id":38}},{"id":72139,"position":7,"audio_url":"wbw/016_102_007.mp3","qpc_uthmani_hafs":"بِٱلۡحَقِّ","char_type_name":"word","page_number":278,"line_number":14,"text":"ﯶ","translation":{"text":"in truth","language_name":"english","language_id":38},"transliteration":{"text":"bil-ḥaqi","language_name":"english","language_id":38}},{"id":72140,"position":8,"audio_url":"wbw/016_102_008.mp3","qpc_uthmani_hafs":"لِيُثَبِّتَ","char_type_name":"word","page_number":278,"line_number":14,"text":"ﯷ","translation":{"text":"to make firm","language_name":"english","language_id":38},"transliteration":{"text":"liyuthabbita","language_name":"english","language_id":38}},{"id":72141,"position":9,"audio_url":"wbw/016_102_009.mp3","qpc_uthmani_hafs":"ٱلَّذِينَ","char_type_name":"word","page_number":278,"line_number":15,"text":"ﯸ","translation":{"text":"those who","language_name":"english","language_id":38},"transliteration":{"text":"alladhīna","language_name":"english","language_id":38}},{"id":72142,"position":10,"audio_url":"wbw/016_102_010.mp3","qpc_uthmani_hafs":"ءَامَنُواْ","char_type_name":"word","page_number":278,"line_number":15,"text":"ﯹ","translation":{"text":"believe","language_name":"english","language_id":38},"transliteration":{"text":"āmanū","language_name":"english","language_id":38}},{"id":72143,"position":11,"audio_url":"wbw/016_102_011.mp3","qpc_uthmani_hafs":"وَهُدٗى","char_type_name":"word","page_number":278,"line_number":15,"text":"ﯺ","translation":{"text":"and (as) a guidance","language_name":"english","language_id":38},"transliteration":{"text":"wahudan","language_name":"english","language_id":38}},{"id":72144,"position":12,"audio_url":"wbw/016_102_012.mp3","qpc_uthmani_hafs":"وَبُشۡرَىٰ","char_type_name":"word","page_number":278,"line_number":15,"text":"ﯻ","translation":{"text":"and glad tidings","language_name":"english","language_id":38},"transliteration":{"text":"wabush'rā","language_name":"english","language_id":38}},{"id":72145,"position":13,"audio_url":"wbw/016_102_013.mp3","qpc_uthmani_hafs":"لِلۡمُسۡلِمِينَ","char_type_name":"word","page_number":278,"line_number":15,"text":"ﯼ","translation":{"text":"to the Muslims","language_name":"english","language_id":38},"transliteration":{"text":"lil'mus'limīna","language_name":"english","language_id":38}},{"id":72146,"position":14,"audio_url":null,"qpc_uthmani_hafs":"١٠٢","char_type_name":"end","page_number":278,"line_number":15,"text":"ﯽ","translation":{"text":"(102)","language_name":"english","language_id":38},"transliteration":{"text":null,"language_name":"english","language_id":38}}],"translations":[{"id":918432,"resource_id":134,"text":"Katakanlah, \"Rūḥul Qudus (Jibril) menurunkan Al-Qur`ān itu dari Tuhan-mu dengan benar untuk meneguhkan (hati) orang-orang yang telah beriman dan menjadi petunjuk serta kabar gembira bagi orang-orang yang berserah diri (kepada Allah)\"."}]}],"pagination":{"per_page":50,"current_page":1,"next_page":null,"total_pages":1,"total_records":9}}