{"verses":[{"id":194,"verse_number":187,"verse_key":"2:187","juz_number":2,"hizb_number":3,"rub_el_hizb_number":11,"ruku_number":24,"manzil_number":1,"sajdah_number":null,"text_uthmani":"أُحِلَّ لَكُمْ لَيْلَةَ ٱلصِّيَامِ ٱلرَّفَثُ إِلَىٰ نِسَآئِكُمْ ۚ هُنَّ لِبَاسٌ لَّكُمْ وَأَنتُمْ لِبَاسٌ لَّهُنَّ ۗ عَلِمَ ٱللَّهُ أَنَّكُمْ كُنتُمْ تَخْتَانُونَ أَنفُسَكُمْ فَتَابَ عَلَيْكُمْ وَعَفَا عَنكُمْ ۖ فَٱلْـَٔـٰنَ بَـٰشِرُوهُنَّ وَٱبْتَغُوا۟ مَا كَتَبَ ٱللَّهُ لَكُمْ ۚ وَكُلُوا۟ وَٱشْرَبُوا۟ حَتَّىٰ يَتَبَيَّنَ لَكُمُ ٱلْخَيْطُ ٱلْأَبْيَضُ مِنَ ٱلْخَيْطِ ٱلْأَسْوَدِ مِنَ ٱلْفَجْرِ ۖ ثُمَّ أَتِمُّوا۟ ٱلصِّيَامَ إِلَى ٱلَّيْلِ ۚ وَلَا تُبَـٰشِرُوهُنَّ وَأَنتُمْ عَـٰكِفُونَ فِى ٱلْمَسَـٰجِدِ ۗ تِلْكَ حُدُودُ ٱللَّهِ فَلَا تَقْرَبُوهَا ۗ كَذَٰلِكَ يُبَيِّنُ ٱللَّهُ ءَايَـٰتِهِۦ لِلنَّاسِ لَعَلَّهُمْ يَتَّقُونَ","page_number":29,"words":[{"id":84355,"position":1,"audio_url":"wbw/002_187_001.mp3","qpc_uthmani_hafs":"أُحِلَّ","char_type_name":"word","page_number":29,"line_number":1,"text":"ﭑ","translation":{"text":"Permitted","language_name":"english","language_id":38},"transliteration":{"text":"uḥilla","language_name":"english","language_id":38}},{"id":84356,"position":2,"audio_url":"wbw/002_187_002.mp3","qpc_uthmani_hafs":"لَكُمۡ","char_type_name":"word","page_number":29,"line_number":1,"text":"ﭒ","translation":{"text":"for you","language_name":"english","language_id":38},"transliteration":{"text":"lakum","language_name":"english","language_id":38}},{"id":84357,"position":3,"audio_url":"wbw/002_187_003.mp3","qpc_uthmani_hafs":"لَيۡلَةَ","char_type_name":"word","page_number":29,"line_number":1,"text":"ﭓ","translation":{"text":"(in the) nights","language_name":"english","language_id":38},"transliteration":{"text":"laylata","language_name":"english","language_id":38}},{"id":84358,"position":4,"audio_url":"wbw/002_187_004.mp3","qpc_uthmani_hafs":"ٱلصِّيَامِ","char_type_name":"word","page_number":29,"line_number":1,"text":"ﭔ","translation":{"text":"(of) fasting","language_name":"english","language_id":38},"transliteration":{"text":"l-ṣiyāmi","language_name":"english","language_id":38}},{"id":84359,"position":5,"audio_url":"wbw/002_187_005.mp3","qpc_uthmani_hafs":"ٱلرَّفَثُ","char_type_name":"word","page_number":29,"line_number":1,"text":"ﭕ","translation":{"text":"(is) the approach","language_name":"english","language_id":38},"transliteration":{"text":"l-rafathu","language_name":"english","language_id":38}},{"id":84360,"position":6,"audio_url":"wbw/002_187_006.mp3","qpc_uthmani_hafs":"إِلَىٰ","char_type_name":"word","page_number":29,"line_number":1,"text":"ﭖ","translation":{"text":"to","language_name":"english","language_id":38},"transliteration":{"text":"ilā","language_name":"english","language_id":38}},{"id":84361,"position":7,"audio_url":"wbw/002_187_007.mp3","qpc_uthmani_hafs":"نِسَآئِكُمۡۚ","char_type_name":"word","page_number":29,"line_number":1,"text":"ﭗﭘ","translation":{"text":"your wives","language_name":"english","language_id":38},"transliteration":{"text":"nisāikum","language_name":"english","language_id":38}},{"id":84363,"position":8,"audio_url":"wbw/002_187_009.mp3","qpc_uthmani_hafs":"هُنَّ","char_type_name":"word","page_number":29,"line_number":1,"text":"ﭙ","translation":{"text":"They","language_name":"english","language_id":38},"transliteration":{"text":"hunna","language_name":"english","language_id":38}},{"id":84364,"position":9,"audio_url":"wbw/002_187_010.mp3","qpc_uthmani_hafs":"لِبَاسٞ","char_type_name":"word","page_number":29,"line_number":1,"text":"ﭚ","translation":{"text":"(are) garments","language_name":"english","language_id":38},"transliteration":{"text":"libāsun","language_name":"english","language_id":38}},{"id":84365,"position":10,"audio_url":"wbw/002_187_011.mp3","qpc_uthmani_hafs":"لَّكُمۡ","char_type_name":"word","page_number":29,"line_number":2,"text":"ﭛ","translation":{"text":"for you","language_name":"english","language_id":38},"transliteration":{"text":"lakum","language_name":"english","language_id":38}},{"id":84366,"position":11,"audio_url":"wbw/002_187_012.mp3","qpc_uthmani_hafs":"وَأَنتُمۡ","char_type_name":"word","page_number":29,"line_number":2,"text":"ﭜ","translation":{"text":"and you","language_name":"english","language_id":38},"transliteration":{"text":"wa-antum","language_name":"english","language_id":38}},{"id":84367,"position":12,"audio_url":"wbw/002_187_013.mp3","qpc_uthmani_hafs":"لِبَاسٞ","char_type_name":"word","page_number":29,"line_number":2,"text":"ﭝ","translation":{"text":"(are) garments","language_name":"english","language_id":38},"transliteration":{"text":"libāsun","language_name":"english","language_id":38}},{"id":84368,"position":13,"audio_url":"wbw/002_187_014.mp3","qpc_uthmani_hafs":"لَّهُنَّۗ","char_type_name":"word","page_number":29,"line_number":2,"text":"ﭞﭟ","translation":{"text":"for them","language_name":"english","language_id":38},"transliteration":{"text":"lahunna","language_name":"english","language_id":38}},{"id":84370,"position":14,"audio_url":"wbw/002_187_016.mp3","qpc_uthmani_hafs":"عَلِمَ","char_type_name":"word","page_number":29,"line_number":2,"text":"ﭠ","translation":{"text":"Knows","language_name":"english","language_id":38},"transliteration":{"text":"ʿalima","language_name":"english","language_id":38}},{"id":84371,"position":15,"audio_url":"wbw/002_187_017.mp3","qpc_uthmani_hafs":"ٱللَّهُ","char_type_name":"word","page_number":29,"line_number":2,"text":"ﭡ","translation":{"text":"Allah","language_name":"english","language_id":38},"transliteration":{"text":"l-lahu","language_name":"english","language_id":38}},{"id":84372,"position":16,"audio_url":"wbw/002_187_018.mp3","qpc_uthmani_hafs":"أَنَّكُمۡ","char_type_name":"word","page_number":29,"line_number":2,"text":"ﭢ","translation":{"text":"that you","language_name":"english","language_id":38},"transliteration":{"text":"annakum","language_name":"english","language_id":38}},{"id":84373,"position":17,"audio_url":"wbw/002_187_019.mp3","qpc_uthmani_hafs":"كُنتُمۡ","char_type_name":"word","page_number":29,"line_number":2,"text":"ﭣ","translation":{"text":"used to","language_name":"english","language_id":38},"transliteration":{"text":"kuntum","language_name":"english","language_id":38}},{"id":84374,"position":18,"audio_url":"wbw/002_187_020.mp3","qpc_uthmani_hafs":"تَخۡتَانُونَ","char_type_name":"word","page_number":29,"line_number":2,"text":"ﭤ","translation":{"text":"deceive","language_name":"english","language_id":38},"transliteration":{"text":"takhtānūna","language_name":"english","language_id":38}},{"id":84375,"position":19,"audio_url":"wbw/002_187_021.mp3","qpc_uthmani_hafs":"أَنفُسَكُمۡ","char_type_name":"word","page_number":29,"line_number":3,"text":"ﭥ","translation":{"text":"yourselves","language_name":"english","language_id":38},"transliteration":{"text":"anfusakum","language_name":"english","language_id":38}},{"id":84376,"position":20,"audio_url":"wbw/002_187_022.mp3","qpc_uthmani_hafs":"فَتَابَ","char_type_name":"word","page_number":29,"line_number":3,"text":"ﭦ","translation":{"text":"so He turned","language_name":"english","language_id":38},"transliteration":{"text":"fatāba","language_name":"english","language_id":38}},{"id":84377,"position":21,"audio_url":"wbw/002_187_023.mp3","qpc_uthmani_hafs":"عَلَيۡكُمۡ","char_type_name":"word","page_number":29,"line_number":3,"text":"ﭧ","translation":{"text":"towards you","language_name":"english","language_id":38},"transliteration":{"text":"ʿalaykum","language_name":"english","language_id":38}},{"id":84378,"position":22,"audio_url":"wbw/002_187_024.mp3","qpc_uthmani_hafs":"وَعَفَا","char_type_name":"word","page_number":29,"line_number":3,"text":"ﭨ","translation":{"text":"and He forgave","language_name":"english","language_id":38},"transliteration":{"text":"waʿafā","language_name":"english","language_id":38}},{"id":84379,"position":23,"audio_url":"wbw/002_187_025.mp3","qpc_uthmani_hafs":"عَنكُمۡۖ","char_type_name":"word","page_number":29,"line_number":3,"text":"ﭩﭪ","translation":{"text":"[on] you","language_name":"english","language_id":38},"transliteration":{"text":"ʿankum","language_name":"english","language_id":38}},{"id":84381,"position":24,"audio_url":"wbw/002_187_027.mp3","qpc_uthmani_hafs":"فَٱلۡـَٰٔنَ","char_type_name":"word","page_number":29,"line_number":3,"text":"ﭫ","translation":{"text":"So now","language_name":"english","language_id":38},"transliteration":{"text":"fal-āna","language_name":"english","language_id":38}},{"id":84382,"position":25,"audio_url":"wbw/002_187_028.mp3","qpc_uthmani_hafs":"بَٰشِرُوهُنَّ","char_type_name":"word","page_number":29,"line_number":3,"text":"ﭬ","translation":{"text":"have relations with them","language_name":"english","language_id":38},"transliteration":{"text":"bāshirūhunna","language_name":"english","language_id":38}},{"id":84383,"position":26,"audio_url":"wbw/002_187_029.mp3","qpc_uthmani_hafs":"وَٱبۡتَغُواْ","char_type_name":"word","page_number":29,"line_number":4,"text":"ﭭ","translation":{"text":"and seek","language_name":"english","language_id":38},"transliteration":{"text":"wa-ib'taghū","language_name":"english","language_id":38}},{"id":84384,"position":27,"audio_url":"wbw/002_187_030.mp3","qpc_uthmani_hafs":"مَا","char_type_name":"word","page_number":29,"line_number":4,"text":"ﭮ","translation":{"text":"what","language_name":"english","language_id":38},"transliteration":{"text":"mā","language_name":"english","language_id":38}},{"id":84385,"position":28,"audio_url":"wbw/002_187_031.mp3","qpc_uthmani_hafs":"كَتَبَ","char_type_name":"word","page_number":29,"line_number":4,"text":"ﭯ","translation":{"text":"has ordained","language_name":"english","language_id":38},"transliteration":{"text":"kataba","language_name":"english","language_id":38}},{"id":84386,"position":29,"audio_url":"wbw/002_187_032.mp3","qpc_uthmani_hafs":"ٱللَّهُ","char_type_name":"word","page_number":29,"line_number":4,"text":"ﭰ","translation":{"text":"Allah","language_name":"english","language_id":38},"transliteration":{"text":"l-lahu","language_name":"english","language_id":38}},{"id":84387,"position":30,"audio_url":"wbw/002_187_033.mp3","qpc_uthmani_hafs":"لَكُمۡۚ","char_type_name":"word","page_number":29,"line_number":4,"text":"ﭱﭲ","translation":{"text":"for you","language_name":"english","language_id":38},"transliteration":{"text":"lakum","language_name":"english","language_id":38}},{"id":84389,"position":31,"audio_url":"wbw/002_187_035.mp3","qpc_uthmani_hafs":"وَكُلُواْ","char_type_name":"word","page_number":29,"line_number":4,"text":"ﭳ","translation":{"text":"And eat","language_name":"english","language_id":38},"transliteration":{"text":"wakulū","language_name":"english","language_id":38}},{"id":84390,"position":32,"audio_url":"wbw/002_187_036.mp3","qpc_uthmani_hafs":"وَٱشۡرَبُواْ","char_type_name":"word","page_number":29,"line_number":4,"text":"ﭴ","translation":{"text":"and drink","language_name":"english","language_id":38},"transliteration":{"text":"wa-ish'rabū","language_name":"english","language_id":38}},{"id":84391,"position":33,"audio_url":"wbw/002_187_037.mp3","qpc_uthmani_hafs":"حَتَّىٰ","char_type_name":"word","page_number":29,"line_number":4,"text":"ﭵ","translation":{"text":"until","language_name":"english","language_id":38},"transliteration":{"text":"ḥattā","language_name":"english","language_id":38}},{"id":84392,"position":34,"audio_url":"wbw/002_187_038.mp3","qpc_uthmani_hafs":"يَتَبَيَّنَ","char_type_name":"word","page_number":29,"line_number":4,"text":"ﭶ","translation":{"text":"becomes distinct","language_name":"english","language_id":38},"transliteration":{"text":"yatabayyana","language_name":"english","language_id":38}},{"id":84393,"position":35,"audio_url":"wbw/002_187_039.mp3","qpc_uthmani_hafs":"لَكُمُ","char_type_name":"word","page_number":29,"line_number":4,"text":"ﭷ","translation":{"text":"to you","language_name":"english","language_id":38},"transliteration":{"text":"lakumu","language_name":"english","language_id":38}},{"id":84394,"position":36,"audio_url":"wbw/002_187_040.mp3","qpc_uthmani_hafs":"ٱلۡخَيۡطُ","char_type_name":"word","page_number":29,"line_number":5,"text":"ﭸ","translation":{"text":"the thread","language_name":"english","language_id":38},"transliteration":{"text":"l-khayṭu","language_name":"english","language_id":38}},{"id":84395,"position":37,"audio_url":"wbw/002_187_041.mp3","qpc_uthmani_hafs":"ٱلۡأَبۡيَضُ","char_type_name":"word","page_number":29,"line_number":5,"text":"ﭹ","translation":{"text":"[the] white","language_name":"english","language_id":38},"transliteration":{"text":"l-abyaḍu","language_name":"english","language_id":38}},{"id":84396,"position":38,"audio_url":"wbw/002_187_042.mp3","qpc_uthmani_hafs":"مِنَ","char_type_name":"word","page_number":29,"line_number":5,"text":"ﭺ","translation":{"text":"from","language_name":"english","language_id":38},"transliteration":{"text":"mina","language_name":"english","language_id":38}},{"id":84397,"position":39,"audio_url":"wbw/002_187_043.mp3","qpc_uthmani_hafs":"ٱلۡخَيۡطِ","char_type_name":"word","page_number":29,"line_number":5,"text":"ﭻ","translation":{"text":"the thread","language_name":"english","language_id":38},"transliteration":{"text":"l-khayṭi","language_name":"english","language_id":38}},{"id":84398,"position":40,"audio_url":"wbw/002_187_044.mp3","qpc_uthmani_hafs":"ٱلۡأَسۡوَدِ","char_type_name":"word","page_number":29,"line_number":5,"text":"ﭼ","translation":{"text":"[the] black","language_name":"english","language_id":38},"transliteration":{"text":"l-aswadi","language_name":"english","language_id":38}},{"id":84399,"position":41,"audio_url":"wbw/002_187_045.mp3","qpc_uthmani_hafs":"مِنَ","char_type_name":"word","page_number":29,"line_number":5,"text":"ﭽ","translation":{"text":"of","language_name":"english","language_id":38},"transliteration":{"text":"mina","language_name":"english","language_id":38}},{"id":84400,"position":42,"audio_url":"wbw/002_187_046.mp3","qpc_uthmani_hafs":"ٱلۡفَجۡرِۖ","char_type_name":"word","page_number":29,"line_number":5,"text":"ﭾﭿ","translation":{"text":"[the] dawn","language_name":"english","language_id":38},"transliteration":{"text":"l-fajri","language_name":"english","language_id":38}},{"id":84402,"position":43,"audio_url":"wbw/002_187_048.mp3","qpc_uthmani_hafs":"ثُمَّ","char_type_name":"word","page_number":29,"line_number":5,"text":"ﮀ","translation":{"text":"Then","language_name":"english","language_id":38},"transliteration":{"text":"thumma","language_name":"english","language_id":38}},{"id":84403,"position":44,"audio_url":"wbw/002_187_049.mp3","qpc_uthmani_hafs":"أَتِمُّواْ","char_type_name":"word","page_number":29,"line_number":5,"text":"ﮁ","translation":{"text":"complete","language_name":"english","language_id":38},"transliteration":{"text":"atimmū","language_name":"english","language_id":38}},{"id":84404,"position":45,"audio_url":"wbw/002_187_050.mp3","qpc_uthmani_hafs":"ٱلصِّيَامَ","char_type_name":"word","page_number":29,"line_number":5,"text":"ﮂ","translation":{"text":"the fast","language_name":"english","language_id":38},"transliteration":{"text":"l-ṣiyāma","language_name":"english","language_id":38}},{"id":84405,"position":46,"audio_url":"wbw/002_187_051.mp3","qpc_uthmani_hafs":"إِلَى","char_type_name":"word","page_number":29,"line_number":6,"text":"ﮃ","translation":{"text":"till","language_name":"english","language_id":38},"transliteration":{"text":"ilā","language_name":"english","language_id":38}},{"id":84406,"position":47,"audio_url":"wbw/002_187_052.mp3","qpc_uthmani_hafs":"ٱلَّيۡلِۚ","char_type_name":"word","page_number":29,"line_number":6,"text":"ﮄﮅ","translation":{"text":"the night","language_name":"english","language_id":38},"transliteration":{"text":"al-layli","language_name":"english","language_id":38}},{"id":84408,"position":48,"audio_url":"wbw/002_187_054.mp3","qpc_uthmani_hafs":"وَلَا","char_type_name":"word","page_number":29,"line_number":6,"text":"ﮆ","translation":{"text":"And (do) not","language_name":"english","language_id":38},"transliteration":{"text":"walā","language_name":"english","language_id":38}},{"id":84409,"position":49,"audio_url":"wbw/002_187_055.mp3","qpc_uthmani_hafs":"تُبَٰشِرُوهُنَّ","char_type_name":"word","page_number":29,"line_number":6,"text":"ﮇ","translation":{"text":"have relations with them","language_name":"english","language_id":38},"transliteration":{"text":"tubāshirūhunna","language_name":"english","language_id":38}},{"id":84410,"position":50,"audio_url":"wbw/002_187_056.mp3","qpc_uthmani_hafs":"وَأَنتُمۡ","char_type_name":"word","page_number":29,"line_number":6,"text":"ﮈ","translation":{"text":"while you","language_name":"english","language_id":38},"transliteration":{"text":"wa-antum","language_name":"english","language_id":38}},{"id":84411,"position":51,"audio_url":"wbw/002_187_057.mp3","qpc_uthmani_hafs":"عَٰكِفُونَ","char_type_name":"word","page_number":29,"line_number":6,"text":"ﮉ","translation":{"text":"(are) secluded","language_name":"english","language_id":38},"transliteration":{"text":"ʿākifūna","language_name":"english","language_id":38}},{"id":84412,"position":52,"audio_url":"wbw/002_187_058.mp3","qpc_uthmani_hafs":"فِي","char_type_name":"word","page_number":29,"line_number":6,"text":"ﮊ","translation":{"text":"in","language_name":"english","language_id":38},"transliteration":{"text":"fī","language_name":"english","language_id":38}},{"id":84413,"position":53,"audio_url":"wbw/002_187_059.mp3","qpc_uthmani_hafs":"ٱلۡمَسَٰجِدِۗ","char_type_name":"word","page_number":29,"line_number":6,"text":"ﮋﮌ","translation":{"text":"the masajid","language_name":"english","language_id":38},"transliteration":{"text":"l-masājidi","language_name":"english","language_id":38}},{"id":84415,"position":54,"audio_url":"wbw/002_187_061.mp3","qpc_uthmani_hafs":"تِلۡكَ","char_type_name":"word","page_number":29,"line_number":7,"text":"ﮍ","translation":{"text":"These","language_name":"english","language_id":38},"transliteration":{"text":"til'ka","language_name":"english","language_id":38}},{"id":84416,"position":55,"audio_url":"wbw/002_187_062.mp3","qpc_uthmani_hafs":"حُدُودُ","char_type_name":"word","page_number":29,"line_number":7,"text":"ﮎ","translation":{"text":"(are the) limits","language_name":"english","language_id":38},"transliteration":{"text":"ḥudūdu","language_name":"english","language_id":38}},{"id":84417,"position":56,"audio_url":"wbw/002_187_063.mp3","qpc_uthmani_hafs":"ٱللَّهِ","char_type_name":"word","page_number":29,"line_number":7,"text":"ﮏ","translation":{"text":"(set by) Allah","language_name":"english","language_id":38},"transliteration":{"text":"l-lahi","language_name":"english","language_id":38}},{"id":84418,"position":57,"audio_url":"wbw/002_187_064.mp3","qpc_uthmani_hafs":"فَلَا","char_type_name":"word","page_number":29,"line_number":7,"text":"ﮐ","translation":{"text":"so (do) not","language_name":"english","language_id":38},"transliteration":{"text":"falā","language_name":"english","language_id":38}},{"id":84419,"position":58,"audio_url":"wbw/002_187_065.mp3","qpc_uthmani_hafs":"تَقۡرَبُوهَاۗ","char_type_name":"word","page_number":29,"line_number":7,"text":"ﮑﮒ","translation":{"text":"approach them","language_name":"english","language_id":38},"transliteration":{"text":"taqrabūhā","language_name":"english","language_id":38}},{"id":84421,"position":59,"audio_url":"wbw/002_187_067.mp3","qpc_uthmani_hafs":"كَذَٰلِكَ","char_type_name":"word","page_number":29,"line_number":7,"text":"ﮓ","translation":{"text":"Thus","language_name":"english","language_id":38},"transliteration":{"text":"kadhālika","language_name":"english","language_id":38}},{"id":84422,"position":60,"audio_url":"wbw/002_187_068.mp3","qpc_uthmani_hafs":"يُبَيِّنُ","char_type_name":"word","page_number":29,"line_number":7,"text":"ﮔ","translation":{"text":"makes clear","language_name":"english","language_id":38},"transliteration":{"text":"yubayyinu","language_name":"english","language_id":38}},{"id":84423,"position":61,"audio_url":"wbw/002_187_069.mp3","qpc_uthmani_hafs":"ٱللَّهُ","char_type_name":"word","page_number":29,"line_number":7,"text":"ﮕ","translation":{"text":"Allah","language_name":"english","language_id":38},"transliteration":{"text":"l-lahu","language_name":"english","language_id":38}},{"id":84424,"position":62,"audio_url":"wbw/002_187_070.mp3","qpc_uthmani_hafs":"ءَايَٰتِهِۦ","char_type_name":"word","page_number":29,"line_number":7,"text":"ﮖ","translation":{"text":"His verses","language_name":"english","language_id":38},"transliteration":{"text":"āyātihi","language_name":"english","language_id":38}},{"id":84425,"position":63,"audio_url":"wbw/002_187_071.mp3","qpc_uthmani_hafs":"لِلنَّاسِ","char_type_name":"word","page_number":29,"line_number":8,"text":"ﮗ","translation":{"text":"for [the] people","language_name":"english","language_id":38},"transliteration":{"text":"lilnnāsi","language_name":"english","language_id":38}},{"id":84426,"position":64,"audio_url":"wbw/002_187_072.mp3","qpc_uthmani_hafs":"لَعَلَّهُمۡ","char_type_name":"word","page_number":29,"line_number":8,"text":"ﮘ","translation":{"text":"so that they may","language_name":"english","language_id":38},"transliteration":{"text":"laʿallahum","language_name":"english","language_id":38}},{"id":84427,"position":65,"audio_url":"wbw/002_187_073.mp3","qpc_uthmani_hafs":"يَتَّقُونَ","char_type_name":"word","page_number":29,"line_number":8,"text":"ﮙ","translation":{"text":"(become) righteous","language_name":"english","language_id":38},"transliteration":{"text":"yattaqūna","language_name":"english","language_id":38}},{"id":84428,"position":66,"audio_url":null,"qpc_uthmani_hafs":"١٨٧","char_type_name":"end","page_number":29,"line_number":8,"text":"ﮚ","translation":{"text":"(187)","language_name":"english","language_id":38},"transliteration":{"text":null,"language_name":"english","language_id":38}}],"translations":[{"id":916623,"resource_id":134,"text":"Dihalalkan bagi kamu pada malam hari bulan puasa bercampur dengan istri-istri kamu; mereka adalah pakaian bagimu, dan kamu pun adalah pakaian bagi mereka.  Allah mengetahui bahwasanya kamu tidak dapat menahan nafsumu, karena itu Allah mengampuni kamu dan memberi maaf kepadamu.  Maka sekarang campurilah mereka dan carilah apa yang telah ditetapkan Allah untukmu, dan makan minumlah hingga terang bagimu benang putih dari benang hitam, yaitu fajar.  Kemudian sempurnakanlah puasa itu sampai (datang) malam, (tetapi) janganlah kamu campuri mereka itu, sedang kamu beritikaf<sup foot_note=209884>1</sup> dalam masjid.  Itulah larangan Allah, maka janganlah kamu mendekatinya.  Demikianlah Allah menerangkan ayat-ayat-Nya kepada manusia, supaya mereka bertakwa."}]},{"id":195,"verse_number":188,"verse_key":"2:188","juz_number":2,"hizb_number":3,"rub_el_hizb_number":11,"ruku_number":24,"manzil_number":1,"sajdah_number":null,"text_uthmani":"وَلَا تَأْكُلُوٓا۟ أَمْوَٰلَكُم بَيْنَكُم بِٱلْبَـٰطِلِ وَتُدْلُوا۟ بِهَآ إِلَى ٱلْحُكَّامِ لِتَأْكُلُوا۟ فَرِيقًا مِّنْ أَمْوَٰلِ ٱلنَّاسِ بِٱلْإِثْمِ وَأَنتُمْ تَعْلَمُونَ","page_number":29,"words":[{"id":84429,"position":1,"audio_url":"wbw/002_188_001.mp3","qpc_uthmani_hafs":"وَلَا","char_type_name":"word","page_number":29,"line_number":8,"text":"ﮛ","translation":{"text":"And (do) not","language_name":"english","language_id":38},"transliteration":{"text":"walā","language_name":"english","language_id":38}},{"id":84430,"position":2,"audio_url":"wbw/002_188_002.mp3","qpc_uthmani_hafs":"تَأۡكُلُوٓاْ","char_type_name":"word","page_number":29,"line_number":8,"text":"ﮜ","translation":{"text":"eat","language_name":"english","language_id":38},"transliteration":{"text":"takulū","language_name":"english","language_id":38}},{"id":84431,"position":3,"audio_url":"wbw/002_188_003.mp3","qpc_uthmani_hafs":"أَمۡوَٰلَكُم","char_type_name":"word","page_number":29,"line_number":8,"text":"ﮝ","translation":{"text":"your properties","language_name":"english","language_id":38},"transliteration":{"text":"amwālakum","language_name":"english","language_id":38}},{"id":84432,"position":4,"audio_url":"wbw/002_188_004.mp3","qpc_uthmani_hafs":"بَيۡنَكُم","char_type_name":"word","page_number":29,"line_number":8,"text":"ﮞ","translation":{"text":"among yourselves","language_name":"english","language_id":38},"transliteration":{"text":"baynakum","language_name":"english","language_id":38}},{"id":84433,"position":5,"audio_url":"wbw/002_188_005.mp3","qpc_uthmani_hafs":"بِٱلۡبَٰطِلِ","char_type_name":"word","page_number":29,"line_number":9,"text":"ﮟ","translation":{"text":"wrongfully","language_name":"english","language_id":38},"transliteration":{"text":"bil-bāṭili","language_name":"english","language_id":38}},{"id":84434,"position":6,"audio_url":"wbw/002_188_006.mp3","qpc_uthmani_hafs":"وَتُدۡلُواْ","char_type_name":"word","page_number":29,"line_number":9,"text":"ﮠ","translation":{"text":"and present","language_name":"english","language_id":38},"transliteration":{"text":"watud'lū","language_name":"english","language_id":38}},{"id":84435,"position":7,"audio_url":"wbw/002_188_007.mp3","qpc_uthmani_hafs":"بِهَآ","char_type_name":"word","page_number":29,"line_number":9,"text":"ﮡ","translation":{"text":"[with] it","language_name":"english","language_id":38},"transliteration":{"text":"bihā","language_name":"english","language_id":38}},{"id":84436,"position":8,"audio_url":"wbw/002_188_008.mp3","qpc_uthmani_hafs":"إِلَى","char_type_name":"word","page_number":29,"line_number":9,"text":"ﮢ","translation":{"text":"to","language_name":"english","language_id":38},"transliteration":{"text":"ilā","language_name":"english","language_id":38}},{"id":84437,"position":9,"audio_url":"wbw/002_188_009.mp3","qpc_uthmani_hafs":"ٱلۡحُكَّامِ","char_type_name":"word","page_number":29,"line_number":9,"text":"ﮣ","translation":{"text":"the authorities","language_name":"english","language_id":38},"transliteration":{"text":"l-ḥukāmi","language_name":"english","language_id":38}},{"id":84438,"position":10,"audio_url":"wbw/002_188_010.mp3","qpc_uthmani_hafs":"لِتَأۡكُلُواْ","char_type_name":"word","page_number":29,"line_number":9,"text":"ﮤ","translation":{"text":"so that you may eat","language_name":"english","language_id":38},"transliteration":{"text":"litakulū","language_name":"english","language_id":38}},{"id":84439,"position":11,"audio_url":"wbw/002_188_011.mp3","qpc_uthmani_hafs":"فَرِيقٗا","char_type_name":"word","page_number":29,"line_number":9,"text":"ﮥ","translation":{"text":"a portion","language_name":"english","language_id":38},"transliteration":{"text":"farīqan","language_name":"english","language_id":38}},{"id":84440,"position":12,"audio_url":"wbw/002_188_012.mp3","qpc_uthmani_hafs":"مِّنۡ","char_type_name":"word","page_number":29,"line_number":9,"text":"ﮦ","translation":{"text":"from","language_name":"english","language_id":38},"transliteration":{"text":"min","language_name":"english","language_id":38}},{"id":84441,"position":13,"audio_url":"wbw/002_188_013.mp3","qpc_uthmani_hafs":"أَمۡوَٰلِ","char_type_name":"word","page_number":29,"line_number":10,"text":"ﮧ","translation":{"text":"(the) wealth","language_name":"english","language_id":38},"transliteration":{"text":"amwāli","language_name":"english","language_id":38}},{"id":84442,"position":14,"audio_url":"wbw/002_188_014.mp3","qpc_uthmani_hafs":"ٱلنَّاسِ","char_type_name":"word","page_number":29,"line_number":10,"text":"ﮨ","translation":{"text":"(of) the people","language_name":"english","language_id":38},"transliteration":{"text":"l-nāsi","language_name":"english","language_id":38}},{"id":84443,"position":15,"audio_url":"wbw/002_188_015.mp3","qpc_uthmani_hafs":"بِٱلۡإِثۡمِ","char_type_name":"word","page_number":29,"line_number":10,"text":"ﮩ","translation":{"text":"sinfully","language_name":"english","language_id":38},"transliteration":{"text":"bil-ith'mi","language_name":"english","language_id":38}},{"id":84444,"position":16,"audio_url":"wbw/002_188_016.mp3","qpc_uthmani_hafs":"وَأَنتُمۡ","char_type_name":"word","page_number":29,"line_number":10,"text":"ﮪ","translation":{"text":"while you","language_name":"english","language_id":38},"transliteration":{"text":"wa-antum","language_name":"english","language_id":38}},{"id":84445,"position":17,"audio_url":"wbw/002_188_017.mp3","qpc_uthmani_hafs":"تَعۡلَمُونَ","char_type_name":"word","page_number":29,"line_number":10,"text":"ﮫ","translation":{"text":"know","language_name":"english","language_id":38},"transliteration":{"text":"taʿlamūna","language_name":"english","language_id":38}},{"id":84446,"position":18,"audio_url":null,"qpc_uthmani_hafs":"١٨٨","char_type_name":"end","page_number":29,"line_number":10,"text":"ﮬ","translation":{"text":"(188)","language_name":"english","language_id":38},"transliteration":{"text":null,"language_name":"english","language_id":38}}],"translations":[{"id":916624,"resource_id":134,"text":"Dan janganlah sebagian kamu memakan harta sebagian yang lain di antara kamu dengan jalan yang batil, dan (janganlah) kamu membawa (urusan) harta itu kepada hakim, supaya kamu dapat memakan sebagian dari harta benda orang lain itu dengan (jalan berbuat) dosa, padahal kamu mengetahui."}]},{"id":196,"verse_number":189,"verse_key":"2:189","juz_number":2,"hizb_number":3,"rub_el_hizb_number":12,"ruku_number":25,"manzil_number":1,"sajdah_number":null,"text_uthmani":"۞ يَسْـَٔلُونَكَ عَنِ ٱلْأَهِلَّةِ ۖ قُلْ هِىَ مَوَٰقِيتُ لِلنَّاسِ وَٱلْحَجِّ ۗ وَلَيْسَ ٱلْبِرُّ بِأَن تَأْتُوا۟ ٱلْبُيُوتَ مِن ظُهُورِهَا وَلَـٰكِنَّ ٱلْبِرَّ مَنِ ٱتَّقَىٰ ۗ وَأْتُوا۟ ٱلْبُيُوتَ مِنْ أَبْوَٰبِهَا ۚ وَٱتَّقُوا۟ ٱللَّهَ لَعَلَّكُمْ تُفْلِحُونَ","page_number":29,"words":[{"id":84507,"position":1,"audio_url":"wbw/002_189_002.mp3","qpc_uthmani_hafs":"۞ يَسۡـَٔلُونَكَ","char_type_name":"word","page_number":29,"line_number":10,"text":"ﮭ ﮮ","translation":{"text":"They ask you","language_name":"english","language_id":38},"transliteration":{"text":"yasalūnaka","language_name":"english","language_id":38}},{"id":84508,"position":2,"audio_url":"wbw/002_189_003.mp3","qpc_uthmani_hafs":"عَنِ","char_type_name":"word","page_number":29,"line_number":11,"text":"ﮯ","translation":{"text":"about","language_name":"english","language_id":38},"transliteration":{"text":"ʿani","language_name":"english","language_id":38}},{"id":84509,"position":3,"audio_url":"wbw/002_189_004.mp3","qpc_uthmani_hafs":"ٱلۡأَهِلَّةِۖ","char_type_name":"word","page_number":29,"line_number":11,"text":"ﮰﮱ","translation":{"text":"the new moons","language_name":"english","language_id":38},"transliteration":{"text":"l-ahilati","language_name":"english","language_id":38}},{"id":84511,"position":4,"audio_url":"wbw/002_189_006.mp3","qpc_uthmani_hafs":"قُلۡ","char_type_name":"word","page_number":29,"line_number":11,"text":"ﯓ","translation":{"text":"Say","language_name":"english","language_id":38},"transliteration":{"text":"qul","language_name":"english","language_id":38}},{"id":84512,"position":5,"audio_url":"wbw/002_189_007.mp3","qpc_uthmani_hafs":"هِيَ","char_type_name":"word","page_number":29,"line_number":11,"text":"ﯔ","translation":{"text":"They","language_name":"english","language_id":38},"transliteration":{"text":"hiya","language_name":"english","language_id":38}},{"id":84513,"position":6,"audio_url":"wbw/002_189_008.mp3","qpc_uthmani_hafs":"مَوَٰقِيتُ","char_type_name":"word","page_number":29,"line_number":11,"text":"ﯕ","translation":{"text":"(are) indicators of periods","language_name":"english","language_id":38},"transliteration":{"text":"mawāqītu","language_name":"english","language_id":38}},{"id":84514,"position":7,"audio_url":"wbw/002_189_009.mp3","qpc_uthmani_hafs":"لِلنَّاسِ","char_type_name":"word","page_number":29,"line_number":11,"text":"ﯖ","translation":{"text":"for the people","language_name":"english","language_id":38},"transliteration":{"text":"lilnnāsi","language_name":"english","language_id":38}},{"id":84515,"position":8,"audio_url":"wbw/002_189_010.mp3","qpc_uthmani_hafs":"وَٱلۡحَجِّۗ","char_type_name":"word","page_number":29,"line_number":11,"text":"ﯗﯘ","translation":{"text":"and (for) the Hajj","language_name":"english","language_id":38},"transliteration":{"text":"wal-ḥaji","language_name":"english","language_id":38}},{"id":84517,"position":9,"audio_url":"wbw/002_189_012.mp3","qpc_uthmani_hafs":"وَلَيۡسَ","char_type_name":"word","page_number":29,"line_number":11,"text":"ﯙ","translation":{"text":"And it is not","language_name":"english","language_id":38},"transliteration":{"text":"walaysa","language_name":"english","language_id":38}},{"id":84518,"position":10,"audio_url":"wbw/002_189_013.mp3","qpc_uthmani_hafs":"ٱلۡبِرُّ","char_type_name":"word","page_number":29,"line_number":11,"text":"ﯚ","translation":{"text":"[the] righteousness","language_name":"english","language_id":38},"transliteration":{"text":"l-biru","language_name":"english","language_id":38}},{"id":84519,"position":11,"audio_url":"wbw/002_189_014.mp3","qpc_uthmani_hafs":"بِأَن","char_type_name":"word","page_number":29,"line_number":12,"text":"ﯛ","translation":{"text":"that","language_name":"english","language_id":38},"transliteration":{"text":"bi-an","language_name":"english","language_id":38}},{"id":84520,"position":12,"audio_url":"wbw/002_189_015.mp3","qpc_uthmani_hafs":"تَأۡتُواْ","char_type_name":"word","page_number":29,"line_number":12,"text":"ﯜ","translation":{"text":"you come","language_name":"english","language_id":38},"transliteration":{"text":"tatū","language_name":"english","language_id":38}},{"id":84521,"position":13,"audio_url":"wbw/002_189_016.mp3","qpc_uthmani_hafs":"ٱلۡبُيُوتَ","char_type_name":"word","page_number":29,"line_number":12,"text":"ﯝ","translation":{"text":"(to) the houses","language_name":"english","language_id":38},"transliteration":{"text":"l-buyūta","language_name":"english","language_id":38}},{"id":84522,"position":14,"audio_url":"wbw/002_189_017.mp3","qpc_uthmani_hafs":"مِن","char_type_name":"word","page_number":29,"line_number":12,"text":"ﯞ","translation":{"text":"from","language_name":"english","language_id":38},"transliteration":{"text":"min","language_name":"english","language_id":38}},{"id":84523,"position":15,"audio_url":"wbw/002_189_018.mp3","qpc_uthmani_hafs":"ظُهُورِهَا","char_type_name":"word","page_number":29,"line_number":12,"text":"ﯟ","translation":{"text":"their backs","language_name":"english","language_id":38},"transliteration":{"text":"ẓuhūrihā","language_name":"english","language_id":38}},{"id":84524,"position":16,"audio_url":"wbw/002_189_019.mp3","qpc_uthmani_hafs":"وَلَٰكِنَّ","char_type_name":"word","page_number":29,"line_number":12,"text":"ﯠ","translation":{"text":"[and] but","language_name":"english","language_id":38},"transliteration":{"text":"walākinna","language_name":"english","language_id":38}},{"id":84525,"position":17,"audio_url":"wbw/002_189_020.mp3","qpc_uthmani_hafs":"ٱلۡبِرَّ","char_type_name":"word","page_number":29,"line_number":12,"text":"ﯡ","translation":{"text":"[the] righteous","language_name":"english","language_id":38},"transliteration":{"text":"l-bira","language_name":"english","language_id":38}},{"id":84526,"position":18,"audio_url":"wbw/002_189_021.mp3","qpc_uthmani_hafs":"مَنِ","char_type_name":"word","page_number":29,"line_number":12,"text":"ﯢ","translation":{"text":"(is one) who","language_name":"english","language_id":38},"transliteration":{"text":"mani","language_name":"english","language_id":38}},{"id":84527,"position":19,"audio_url":"wbw/002_189_022.mp3","qpc_uthmani_hafs":"ٱتَّقَىٰۗ","char_type_name":"word","page_number":29,"line_number":12,"text":"ﯣﯤ","translation":{"text":"fears (Allah)","language_name":"english","language_id":38},"transliteration":{"text":"ittaqā","language_name":"english","language_id":38}},{"id":84529,"position":20,"audio_url":"wbw/002_189_024.mp3","qpc_uthmani_hafs":"وَأۡتُواْ","char_type_name":"word","page_number":29,"line_number":13,"text":"ﯥ","translation":{"text":"And come","language_name":"english","language_id":38},"transliteration":{"text":"watū","language_name":"english","language_id":38}},{"id":84530,"position":21,"audio_url":"wbw/002_189_025.mp3","qpc_uthmani_hafs":"ٱلۡبُيُوتَ","char_type_name":"word","page_number":29,"line_number":13,"text":"ﯦ","translation":{"text":"(to) the houses","language_name":"english","language_id":38},"transliteration":{"text":"l-buyūta","language_name":"english","language_id":38}},{"id":84531,"position":22,"audio_url":"wbw/002_189_026.mp3","qpc_uthmani_hafs":"مِنۡ","char_type_name":"word","page_number":29,"line_number":13,"text":"ﯧ","translation":{"text":"from","language_name":"english","language_id":38},"transliteration":{"text":"min","language_name":"english","language_id":38}},{"id":84532,"position":23,"audio_url":"wbw/002_189_027.mp3","qpc_uthmani_hafs":"أَبۡوَٰبِهَاۚ","char_type_name":"word","page_number":29,"line_number":13,"text":"ﯨﯩ","translation":{"text":"their doors","language_name":"english","language_id":38},"transliteration":{"text":"abwābihā","language_name":"english","language_id":38}},{"id":84534,"position":24,"audio_url":"wbw/002_189_029.mp3","qpc_uthmani_hafs":"وَٱتَّقُواْ","char_type_name":"word","page_number":29,"line_number":13,"text":"ﯪ","translation":{"text":"And fear","language_name":"english","language_id":38},"transliteration":{"text":"wa-ittaqū","language_name":"english","language_id":38}},{"id":84535,"position":25,"audio_url":"wbw/002_189_030.mp3","qpc_uthmani_hafs":"ٱللَّهَ","char_type_name":"word","page_number":29,"line_number":13,"text":"ﯫ","translation":{"text":"Allah","language_name":"english","language_id":38},"transliteration":{"text":"l-laha","language_name":"english","language_id":38}},{"id":84536,"position":26,"audio_url":"wbw/002_189_031.mp3","qpc_uthmani_hafs":"لَعَلَّكُمۡ","char_type_name":"word","page_number":29,"line_number":13,"text":"ﯬ","translation":{"text":"so that you may","language_name":"english","language_id":38},"transliteration":{"text":"laʿallakum","language_name":"english","language_id":38}},{"id":84537,"position":27,"audio_url":"wbw/002_189_032.mp3","qpc_uthmani_hafs":"تُفۡلِحُونَ","char_type_name":"word","page_number":29,"line_number":14,"text":"ﯭ","translation":{"text":"(be) successful","language_name":"english","language_id":38},"transliteration":{"text":"tuf'liḥūna","language_name":"english","language_id":38}},{"id":84538,"position":28,"audio_url":null,"qpc_uthmani_hafs":"١٨٩","char_type_name":"end","page_number":29,"line_number":14,"text":"ﯮ","translation":{"text":"(189)","language_name":"english","language_id":38},"transliteration":{"text":null,"language_name":"english","language_id":38}}],"translations":[{"id":916625,"resource_id":134,"text":"Mereka bertanya kepadamu tentang bulan sabit.  Katakanlah, \"Bulan sabit itu adalah tanda-tanda waktu bagi manusia dan (bagi ibadah) haji; dan bukanlah kebajikan memasuki rumah-rumah dari belakangnya <sup foot_note=209885>1</sup>, akan tetapi kebajikan itu ialah kebajikan orang yang bertakwa.  Dan masuklah ke rumah-rumah itu dari pintu-pintunya; dan bertakwalah kepada Allah agar kamu beruntung."}]},{"id":197,"verse_number":190,"verse_key":"2:190","juz_number":2,"hizb_number":3,"rub_el_hizb_number":12,"ruku_number":25,"manzil_number":1,"sajdah_number":null,"text_uthmani":"وَقَـٰتِلُوا۟ فِى سَبِيلِ ٱللَّهِ ٱلَّذِينَ يُقَـٰتِلُونَكُمْ وَلَا تَعْتَدُوٓا۟ ۚ إِنَّ ٱللَّهَ لَا يُحِبُّ ٱلْمُعْتَدِينَ","page_number":29,"words":[{"id":84631,"position":1,"audio_url":"wbw/002_190_001.mp3","qpc_uthmani_hafs":"وَقَٰتِلُواْ","char_type_name":"word","page_number":29,"line_number":14,"text":"ﯯ","translation":{"text":"And fight","language_name":"english","language_id":38},"transliteration":{"text":"waqātilū","language_name":"english","language_id":38}},{"id":84632,"position":2,"audio_url":"wbw/002_190_002.mp3","qpc_uthmani_hafs":"فِي","char_type_name":"word","page_number":29,"line_number":14,"text":"ﯰ","translation":{"text":"in","language_name":"english","language_id":38},"transliteration":{"text":"fī","language_name":"english","language_id":38}},{"id":84633,"position":3,"audio_url":"wbw/002_190_003.mp3","qpc_uthmani_hafs":"سَبِيلِ","char_type_name":"word","page_number":29,"line_number":14,"text":"ﯱ","translation":{"text":"(the) way","language_name":"english","language_id":38},"transliteration":{"text":"sabīli","language_name":"english","language_id":38}},{"id":84634,"position":4,"audio_url":"wbw/002_190_004.mp3","qpc_uthmani_hafs":"ٱللَّهِ","char_type_name":"word","page_number":29,"line_number":14,"text":"ﯲ","translation":{"text":"(of) Allah","language_name":"english","language_id":38},"transliteration":{"text":"l-lahi","language_name":"english","language_id":38}},{"id":84635,"position":5,"audio_url":"wbw/002_190_005.mp3","qpc_uthmani_hafs":"ٱلَّذِينَ","char_type_name":"word","page_number":29,"line_number":14,"text":"ﯳ","translation":{"text":"those who","language_name":"english","language_id":38},"transliteration":{"text":"alladhīna","language_name":"english","language_id":38}},{"id":84636,"position":6,"audio_url":"wbw/002_190_006.mp3","qpc_uthmani_hafs":"يُقَٰتِلُونَكُمۡ","char_type_name":"word","page_number":29,"line_number":14,"text":"ﯴ","translation":{"text":"fight you","language_name":"english","language_id":38},"transliteration":{"text":"yuqātilūnakum","language_name":"english","language_id":38}},{"id":84637,"position":7,"audio_url":"wbw/002_190_007.mp3","qpc_uthmani_hafs":"وَلَا","char_type_name":"word","page_number":29,"line_number":15,"text":"ﯵ","translation":{"text":"and (do) not","language_name":"english","language_id":38},"transliteration":{"text":"walā","language_name":"english","language_id":38}},{"id":84638,"position":8,"audio_url":"wbw/002_190_008.mp3","qpc_uthmani_hafs":"تَعۡتَدُوٓاْۚ","char_type_name":"word","page_number":29,"line_number":15,"text":"ﯶﯷ","translation":{"text":"transgress","language_name":"english","language_id":38},"transliteration":{"text":"taʿtadū","language_name":"english","language_id":38}},{"id":84640,"position":9,"audio_url":"wbw/002_190_010.mp3","qpc_uthmani_hafs":"إِنَّ","char_type_name":"word","page_number":29,"line_number":15,"text":"ﯸ","translation":{"text":"Indeed","language_name":"english","language_id":38},"transliteration":{"text":"inna","language_name":"english","language_id":38}},{"id":84641,"position":10,"audio_url":"wbw/002_190_011.mp3","qpc_uthmani_hafs":"ٱللَّهَ","char_type_name":"word","page_number":29,"line_number":15,"text":"ﯹ","translation":{"text":"Allah","language_name":"english","language_id":38},"transliteration":{"text":"l-laha","language_name":"english","language_id":38}},{"id":84642,"position":11,"audio_url":"wbw/002_190_012.mp3","qpc_uthmani_hafs":"لَا","char_type_name":"word","page_number":29,"line_number":15,"text":"ﯺ","translation":{"text":"(does) not","language_name":"english","language_id":38},"transliteration":{"text":"lā","language_name":"english","language_id":38}},{"id":84643,"position":12,"audio_url":"wbw/002_190_013.mp3","qpc_uthmani_hafs":"يُحِبُّ","char_type_name":"word","page_number":29,"line_number":15,"text":"ﯻ","translation":{"text":"like","language_name":"english","language_id":38},"transliteration":{"text":"yuḥibbu","language_name":"english","language_id":38}},{"id":84644,"position":13,"audio_url":"wbw/002_190_014.mp3","qpc_uthmani_hafs":"ٱلۡمُعۡتَدِينَ","char_type_name":"word","page_number":29,"line_number":15,"text":"ﯼ","translation":{"text":"the transgressors","language_name":"english","language_id":38},"transliteration":{"text":"l-muʿ'tadīna","language_name":"english","language_id":38}},{"id":84645,"position":14,"audio_url":null,"qpc_uthmani_hafs":"١٩٠","char_type_name":"end","page_number":29,"line_number":15,"text":"ﯽ","translation":{"text":"(190)","language_name":"english","language_id":38},"transliteration":{"text":null,"language_name":"english","language_id":38}}],"translations":[{"id":916626,"resource_id":134,"text":"Dan perangilah di jalan Allah orang-orang yang memerangi kamu, (tetapi) janganlah kamu melampaui batas karena sesungguhnya Allah tidak menyukai orang-orang yang melampaui batas."}]}],"pagination":{"per_page":50,"current_page":1,"next_page":null,"total_pages":1,"total_records":4}}