{"verses":[{"id":2194,"verse_number":54,"verse_key":"18:54","juz_number":15,"hizb_number":30,"rub_el_hizb_number":120,"ruku_number":259,"manzil_number":4,"sajdah_number":null,"text_uthmani":"وَلَقَدْ صَرَّفْنَا فِى هَـٰذَا ٱلْقُرْءَانِ لِلنَّاسِ مِن كُلِّ مَثَلٍ ۚ وَكَانَ ٱلْإِنسَـٰنُ أَكْثَرَ شَىْءٍ جَدَلًا","page_number":300,"words":[{"id":51267,"position":1,"audio_url":"wbw/018_054_001.mp3","qpc_uthmani_hafs":"وَلَقَدۡ","char_type_name":"word","page_number":300,"line_number":1,"text":"ﭑ","translation":{"text":"And certainly","language_name":"english","language_id":38},"transliteration":{"text":"walaqad","language_name":"english","language_id":38}},{"id":51268,"position":2,"audio_url":"wbw/018_054_002.mp3","qpc_uthmani_hafs":"صَرَّفۡنَا","char_type_name":"word","page_number":300,"line_number":1,"text":"ﭒ","translation":{"text":"We have explained","language_name":"english","language_id":38},"transliteration":{"text":"ṣarrafnā","language_name":"english","language_id":38}},{"id":51269,"position":3,"audio_url":"wbw/018_054_003.mp3","qpc_uthmani_hafs":"فِي","char_type_name":"word","page_number":300,"line_number":1,"text":"ﭓ","translation":{"text":"in","language_name":"english","language_id":38},"transliteration":{"text":"fī","language_name":"english","language_id":38}},{"id":51270,"position":4,"audio_url":"wbw/018_054_004.mp3","qpc_uthmani_hafs":"هَٰذَا","char_type_name":"word","page_number":300,"line_number":1,"text":"ﭔ","translation":{"text":"this","language_name":"english","language_id":38},"transliteration":{"text":"hādhā","language_name":"english","language_id":38}},{"id":51271,"position":5,"audio_url":"wbw/018_054_005.mp3","qpc_uthmani_hafs":"ٱلۡقُرۡءَانِ","char_type_name":"word","page_number":300,"line_number":1,"text":"ﭕ","translation":{"text":"the Quran","language_name":"english","language_id":38},"transliteration":{"text":"l-qur'āni","language_name":"english","language_id":38}},{"id":51272,"position":6,"audio_url":"wbw/018_054_006.mp3","qpc_uthmani_hafs":"لِلنَّاسِ","char_type_name":"word","page_number":300,"line_number":1,"text":"ﭖ","translation":{"text":"for mankind","language_name":"english","language_id":38},"transliteration":{"text":"lilnnāsi","language_name":"english","language_id":38}},{"id":51273,"position":7,"audio_url":"wbw/018_054_007.mp3","qpc_uthmani_hafs":"مِن","char_type_name":"word","page_number":300,"line_number":1,"text":"ﭗ","translation":{"text":"of","language_name":"english","language_id":38},"transliteration":{"text":"min","language_name":"english","language_id":38}},{"id":51274,"position":8,"audio_url":"wbw/018_054_008.mp3","qpc_uthmani_hafs":"كُلِّ","char_type_name":"word","page_number":300,"line_number":1,"text":"ﭘ","translation":{"text":"every","language_name":"english","language_id":38},"transliteration":{"text":"kulli","language_name":"english","language_id":38}},{"id":51275,"position":9,"audio_url":"wbw/018_054_009.mp3","qpc_uthmani_hafs":"مَثَلٖۚ","char_type_name":"word","page_number":300,"line_number":1,"text":"ﭙﭚ","translation":{"text":"example","language_name":"english","language_id":38},"transliteration":{"text":"mathalin","language_name":"english","language_id":38}},{"id":51277,"position":10,"audio_url":"wbw/018_054_011.mp3","qpc_uthmani_hafs":"وَكَانَ","char_type_name":"word","page_number":300,"line_number":1,"text":"ﭛ","translation":{"text":"But is","language_name":"english","language_id":38},"transliteration":{"text":"wakāna","language_name":"english","language_id":38}},{"id":51278,"position":11,"audio_url":"wbw/018_054_012.mp3","qpc_uthmani_hafs":"ٱلۡإِنسَٰنُ","char_type_name":"word","page_number":300,"line_number":2,"text":"ﭜ","translation":{"text":"the man","language_name":"english","language_id":38},"transliteration":{"text":"l-insānu","language_name":"english","language_id":38}},{"id":51279,"position":12,"audio_url":"wbw/018_054_013.mp3","qpc_uthmani_hafs":"أَكۡثَرَ","char_type_name":"word","page_number":300,"line_number":2,"text":"ﭝ","translation":{"text":"(in) most","language_name":"english","language_id":38},"transliteration":{"text":"akthara","language_name":"english","language_id":38}},{"id":51280,"position":13,"audio_url":"wbw/018_054_014.mp3","qpc_uthmani_hafs":"شَيۡءٖ","char_type_name":"word","page_number":300,"line_number":2,"text":"ﭞ","translation":{"text":"things","language_name":"english","language_id":38},"transliteration":{"text":"shayin","language_name":"english","language_id":38}},{"id":51281,"position":14,"audio_url":"wbw/018_054_015.mp3","qpc_uthmani_hafs":"جَدَلٗا","char_type_name":"word","page_number":300,"line_number":2,"text":"ﭟ","translation":{"text":"quarrelsome","language_name":"english","language_id":38},"transliteration":{"text":"jadalan","language_name":"english","language_id":38}},{"id":51282,"position":15,"audio_url":null,"qpc_uthmani_hafs":"٥٤","char_type_name":"end","page_number":300,"line_number":2,"text":"ﭠ","translation":{"text":"(54)","language_name":"english","language_id":38},"transliteration":{"text":null,"language_name":"english","language_id":38}}],"translations":[{"id":918623,"resource_id":134,"text":"Dan sesungguhnya Kami telah mengulang-ulangi bagi manusia dalam Al-Qur`ān ini bermacam-macam perumpamaan.  Dan manusia adalah makhluk yang paling banyak membantah."}]},{"id":2195,"verse_number":55,"verse_key":"18:55","juz_number":15,"hizb_number":30,"rub_el_hizb_number":120,"ruku_number":259,"manzil_number":4,"sajdah_number":null,"text_uthmani":"وَمَا مَنَعَ ٱلنَّاسَ أَن يُؤْمِنُوٓا۟ إِذْ جَآءَهُمُ ٱلْهُدَىٰ وَيَسْتَغْفِرُوا۟ رَبَّهُمْ إِلَّآ أَن تَأْتِيَهُمْ سُنَّةُ ٱلْأَوَّلِينَ أَوْ يَأْتِيَهُمُ ٱلْعَذَابُ قُبُلًا","page_number":300,"words":[{"id":51608,"position":1,"audio_url":"wbw/018_055_001.mp3","qpc_uthmani_hafs":"وَمَا","char_type_name":"word","page_number":300,"line_number":2,"text":"ﭡ","translation":{"text":"And nothing","language_name":"english","language_id":38},"transliteration":{"text":"wamā","language_name":"english","language_id":38}},{"id":51609,"position":2,"audio_url":"wbw/018_055_002.mp3","qpc_uthmani_hafs":"مَنَعَ","char_type_name":"word","page_number":300,"line_number":2,"text":"ﭢ","translation":{"text":"prevents","language_name":"english","language_id":38},"transliteration":{"text":"manaʿa","language_name":"english","language_id":38}},{"id":51610,"position":3,"audio_url":"wbw/018_055_003.mp3","qpc_uthmani_hafs":"ٱلنَّاسَ","char_type_name":"word","page_number":300,"line_number":2,"text":"ﭣ","translation":{"text":"men","language_name":"english","language_id":38},"transliteration":{"text":"l-nāsa","language_name":"english","language_id":38}},{"id":51611,"position":4,"audio_url":"wbw/018_055_004.mp3","qpc_uthmani_hafs":"أَن","char_type_name":"word","page_number":300,"line_number":2,"text":"ﭤ","translation":{"text":"that","language_name":"english","language_id":38},"transliteration":{"text":"an","language_name":"english","language_id":38}},{"id":51612,"position":5,"audio_url":"wbw/018_055_005.mp3","qpc_uthmani_hafs":"يُؤۡمِنُوٓاْ","char_type_name":"word","page_number":300,"line_number":2,"text":"ﭥ","translation":{"text":"they believe","language_name":"english","language_id":38},"transliteration":{"text":"yu'minū","language_name":"english","language_id":38}},{"id":51613,"position":6,"audio_url":"wbw/018_055_006.mp3","qpc_uthmani_hafs":"إِذۡ","char_type_name":"word","page_number":300,"line_number":3,"text":"ﭦ","translation":{"text":"when","language_name":"english","language_id":38},"transliteration":{"text":"idh","language_name":"english","language_id":38}},{"id":51614,"position":7,"audio_url":"wbw/018_055_007.mp3","qpc_uthmani_hafs":"جَآءَهُمُ","char_type_name":"word","page_number":300,"line_number":3,"text":"ﭧ","translation":{"text":"has come to them","language_name":"english","language_id":38},"transliteration":{"text":"jāahumu","language_name":"english","language_id":38}},{"id":51615,"position":8,"audio_url":"wbw/018_055_008.mp3","qpc_uthmani_hafs":"ٱلۡهُدَىٰ","char_type_name":"word","page_number":300,"line_number":3,"text":"ﭨ","translation":{"text":"the guidance","language_name":"english","language_id":38},"transliteration":{"text":"l-hudā","language_name":"english","language_id":38}},{"id":51616,"position":9,"audio_url":"wbw/018_055_009.mp3","qpc_uthmani_hafs":"وَيَسۡتَغۡفِرُواْ","char_type_name":"word","page_number":300,"line_number":3,"text":"ﭩ","translation":{"text":"and they ask forgiveness","language_name":"english","language_id":38},"transliteration":{"text":"wayastaghfirū","language_name":"english","language_id":38}},{"id":51617,"position":10,"audio_url":"wbw/018_055_010.mp3","qpc_uthmani_hafs":"رَبَّهُمۡ","char_type_name":"word","page_number":300,"line_number":3,"text":"ﭪ","translation":{"text":"(of) their Lord","language_name":"english","language_id":38},"transliteration":{"text":"rabbahum","language_name":"english","language_id":38}},{"id":51618,"position":11,"audio_url":"wbw/018_055_011.mp3","qpc_uthmani_hafs":"إِلَّآ","char_type_name":"word","page_number":300,"line_number":3,"text":"ﭫ","translation":{"text":"except","language_name":"english","language_id":38},"transliteration":{"text":"illā","language_name":"english","language_id":38}},{"id":51619,"position":12,"audio_url":"wbw/018_055_012.mp3","qpc_uthmani_hafs":"أَن","char_type_name":"word","page_number":300,"line_number":3,"text":"ﭬ","translation":{"text":"that","language_name":"english","language_id":38},"transliteration":{"text":"an","language_name":"english","language_id":38}},{"id":51620,"position":13,"audio_url":"wbw/018_055_013.mp3","qpc_uthmani_hafs":"تَأۡتِيَهُمۡ","char_type_name":"word","page_number":300,"line_number":3,"text":"ﭭ","translation":{"text":"comes to them","language_name":"english","language_id":38},"transliteration":{"text":"tatiyahum","language_name":"english","language_id":38}},{"id":51621,"position":14,"audio_url":"wbw/018_055_014.mp3","qpc_uthmani_hafs":"سُنَّةُ","char_type_name":"word","page_number":300,"line_number":3,"text":"ﭮ","translation":{"text":"(the) way","language_name":"english","language_id":38},"transliteration":{"text":"sunnatu","language_name":"english","language_id":38}},{"id":51622,"position":15,"audio_url":"wbw/018_055_015.mp3","qpc_uthmani_hafs":"ٱلۡأَوَّلِينَ","char_type_name":"word","page_number":300,"line_number":4,"text":"ﭯ","translation":{"text":"(of) the former (people)","language_name":"english","language_id":38},"transliteration":{"text":"l-awalīna","language_name":"english","language_id":38}},{"id":51623,"position":16,"audio_url":"wbw/018_055_016.mp3","qpc_uthmani_hafs":"أَوۡ","char_type_name":"word","page_number":300,"line_number":4,"text":"ﭰ","translation":{"text":"or","language_name":"english","language_id":38},"transliteration":{"text":"aw","language_name":"english","language_id":38}},{"id":51624,"position":17,"audio_url":"wbw/018_055_017.mp3","qpc_uthmani_hafs":"يَأۡتِيَهُمُ","char_type_name":"word","page_number":300,"line_number":4,"text":"ﭱ","translation":{"text":"comes to them","language_name":"english","language_id":38},"transliteration":{"text":"yatiyahumu","language_name":"english","language_id":38}},{"id":51625,"position":18,"audio_url":"wbw/018_055_018.mp3","qpc_uthmani_hafs":"ٱلۡعَذَابُ","char_type_name":"word","page_number":300,"line_number":4,"text":"ﭲ","translation":{"text":"the punishment","language_name":"english","language_id":38},"transliteration":{"text":"l-ʿadhābu","language_name":"english","language_id":38}},{"id":51626,"position":19,"audio_url":"wbw/018_055_019.mp3","qpc_uthmani_hafs":"قُبُلٗا","char_type_name":"word","page_number":300,"line_number":4,"text":"ﭳ","translation":{"text":"before (them)","language_name":"english","language_id":38},"transliteration":{"text":"qubulan","language_name":"english","language_id":38}},{"id":51627,"position":20,"audio_url":null,"qpc_uthmani_hafs":"٥٥","char_type_name":"end","page_number":300,"line_number":4,"text":"ﭴ","translation":{"text":"(55)","language_name":"english","language_id":38},"transliteration":{"text":null,"language_name":"english","language_id":38}}],"translations":[{"id":918624,"resource_id":134,"text":"Dan tidak ada sesuatu pun yang menghalangi manusia dari beriman ketika petunjuk telah datang kepada mereka dan memohon ampun kepada Tuhan-nya, kecuali (keinginan menanti) datangnya hukum (Allah yang telah berlalu pada) umat-umat yang dahulu, atau datangnya azab atas mereka dengan nyata."}]},{"id":2196,"verse_number":56,"verse_key":"18:56","juz_number":15,"hizb_number":30,"rub_el_hizb_number":120,"ruku_number":259,"manzil_number":4,"sajdah_number":null,"text_uthmani":"وَمَا نُرْسِلُ ٱلْمُرْسَلِينَ إِلَّا مُبَشِّرِينَ وَمُنذِرِينَ ۚ وَيُجَـٰدِلُ ٱلَّذِينَ كَفَرُوا۟ بِٱلْبَـٰطِلِ لِيُدْحِضُوا۟ بِهِ ٱلْحَقَّ ۖ وَٱتَّخَذُوٓا۟ ءَايَـٰتِى وَمَآ أُنذِرُوا۟ هُزُوًا","page_number":300,"words":[{"id":52220,"position":1,"audio_url":"wbw/018_056_001.mp3","qpc_uthmani_hafs":"وَمَا","char_type_name":"word","page_number":300,"line_number":4,"text":"ﭵ","translation":{"text":"And not","language_name":"english","language_id":38},"transliteration":{"text":"wamā","language_name":"english","language_id":38}},{"id":52221,"position":2,"audio_url":"wbw/018_056_002.mp3","qpc_uthmani_hafs":"نُرۡسِلُ","char_type_name":"word","page_number":300,"line_number":4,"text":"ﭶ","translation":{"text":"We send","language_name":"english","language_id":38},"transliteration":{"text":"nur'silu","language_name":"english","language_id":38}},{"id":52222,"position":3,"audio_url":"wbw/018_056_003.mp3","qpc_uthmani_hafs":"ٱلۡمُرۡسَلِينَ","char_type_name":"word","page_number":300,"line_number":4,"text":"ﭷ","translation":{"text":"the Messengers","language_name":"english","language_id":38},"transliteration":{"text":"l-mur'salīna","language_name":"english","language_id":38}},{"id":52223,"position":4,"audio_url":"wbw/018_056_004.mp3","qpc_uthmani_hafs":"إِلَّا","char_type_name":"word","page_number":300,"line_number":5,"text":"ﭸ","translation":{"text":"except","language_name":"english","language_id":38},"transliteration":{"text":"illā","language_name":"english","language_id":38}},{"id":52224,"position":5,"audio_url":"wbw/018_056_005.mp3","qpc_uthmani_hafs":"مُبَشِّرِينَ","char_type_name":"word","page_number":300,"line_number":5,"text":"ﭹ","translation":{"text":"(as) bearers of glad tidings","language_name":"english","language_id":38},"transliteration":{"text":"mubashirīna","language_name":"english","language_id":38}},{"id":52225,"position":6,"audio_url":"wbw/018_056_006.mp3","qpc_uthmani_hafs":"وَمُنذِرِينَۚ","char_type_name":"word","page_number":300,"line_number":5,"text":"ﭺﭻ","translation":{"text":"and (as) warners","language_name":"english","language_id":38},"transliteration":{"text":"wamundhirīna","language_name":"english","language_id":38}},{"id":52227,"position":7,"audio_url":"wbw/018_056_008.mp3","qpc_uthmani_hafs":"وَيُجَٰدِلُ","char_type_name":"word","page_number":300,"line_number":5,"text":"ﭼ","translation":{"text":"And dispute","language_name":"english","language_id":38},"transliteration":{"text":"wayujādilu","language_name":"english","language_id":38}},{"id":52228,"position":8,"audio_url":"wbw/018_056_009.mp3","qpc_uthmani_hafs":"ٱلَّذِينَ","char_type_name":"word","page_number":300,"line_number":5,"text":"ﭽ","translation":{"text":"those who","language_name":"english","language_id":38},"transliteration":{"text":"alladhīna","language_name":"english","language_id":38}},{"id":52229,"position":9,"audio_url":"wbw/018_056_010.mp3","qpc_uthmani_hafs":"كَفَرُواْ","char_type_name":"word","page_number":300,"line_number":5,"text":"ﭾ","translation":{"text":"disbelieve","language_name":"english","language_id":38},"transliteration":{"text":"kafarū","language_name":"english","language_id":38}},{"id":52230,"position":10,"audio_url":"wbw/018_056_011.mp3","qpc_uthmani_hafs":"بِٱلۡبَٰطِلِ","char_type_name":"word","page_number":300,"line_number":5,"text":"ﭿ","translation":{"text":"with falsehood","language_name":"english","language_id":38},"transliteration":{"text":"bil-bāṭili","language_name":"english","language_id":38}},{"id":52231,"position":11,"audio_url":"wbw/018_056_012.mp3","qpc_uthmani_hafs":"لِيُدۡحِضُواْ","char_type_name":"word","page_number":300,"line_number":6,"text":"ﮀ","translation":{"text":"to refute","language_name":"english","language_id":38},"transliteration":{"text":"liyud'ḥiḍū","language_name":"english","language_id":38}},{"id":52232,"position":12,"audio_url":"wbw/018_056_013.mp3","qpc_uthmani_hafs":"بِهِ","char_type_name":"word","page_number":300,"line_number":6,"text":"ﮁ","translation":{"text":"thereby","language_name":"english","language_id":38},"transliteration":{"text":"bihi","language_name":"english","language_id":38}},{"id":52233,"position":13,"audio_url":"wbw/018_056_014.mp3","qpc_uthmani_hafs":"ٱلۡحَقَّۖ","char_type_name":"word","page_number":300,"line_number":6,"text":"ﮂﮃ","translation":{"text":"the truth","language_name":"english","language_id":38},"transliteration":{"text":"l-ḥaqa","language_name":"english","language_id":38}},{"id":52235,"position":14,"audio_url":"wbw/018_056_016.mp3","qpc_uthmani_hafs":"وَٱتَّخَذُوٓاْ","char_type_name":"word","page_number":300,"line_number":6,"text":"ﮄ","translation":{"text":"And they take","language_name":"english","language_id":38},"transliteration":{"text":"wa-ittakhadhū","language_name":"english","language_id":38}},{"id":52236,"position":15,"audio_url":"wbw/018_056_017.mp3","qpc_uthmani_hafs":"ءَايَٰتِي","char_type_name":"word","page_number":300,"line_number":6,"text":"ﮅ","translation":{"text":"My Verses","language_name":"english","language_id":38},"transliteration":{"text":"āyātī","language_name":"english","language_id":38}},{"id":52237,"position":16,"audio_url":"wbw/018_056_018.mp3","qpc_uthmani_hafs":"وَمَآ","char_type_name":"word","page_number":300,"line_number":6,"text":"ﮆ","translation":{"text":"and what","language_name":"english","language_id":38},"transliteration":{"text":"wamā","language_name":"english","language_id":38}},{"id":52238,"position":17,"audio_url":"wbw/018_056_019.mp3","qpc_uthmani_hafs":"أُنذِرُواْ","char_type_name":"word","page_number":300,"line_number":6,"text":"ﮇ","translation":{"text":"they are warned","language_name":"english","language_id":38},"transliteration":{"text":"undhirū","language_name":"english","language_id":38}},{"id":52239,"position":18,"audio_url":"wbw/018_056_020.mp3","qpc_uthmani_hafs":"هُزُوٗا","char_type_name":"word","page_number":300,"line_number":6,"text":"ﮈ","translation":{"text":"(in) ridicule","language_name":"english","language_id":38},"transliteration":{"text":"huzuwan","language_name":"english","language_id":38}},{"id":52240,"position":19,"audio_url":null,"qpc_uthmani_hafs":"٥٦","char_type_name":"end","page_number":300,"line_number":6,"text":"ﮉ","translation":{"text":"(56)","language_name":"english","language_id":38},"transliteration":{"text":null,"language_name":"english","language_id":38}}],"translations":[{"id":918625,"resource_id":134,"text":"Dan tidaklah Kami mengutus rasul-rasul, melainkan sebagai pembawa berita gembira dan sebagai pemberi peringatan, tetapi orang-orang yang kafir membantah dengan yang batil agar dengan demikian, mereka dapat melenyapkan yang hak dan mereka menganggap ayat-ayat kami dan peringatan-peringatan terhadap mereka sebagai olok-olokan."}]},{"id":2197,"verse_number":57,"verse_key":"18:57","juz_number":15,"hizb_number":30,"rub_el_hizb_number":120,"ruku_number":259,"manzil_number":4,"sajdah_number":null,"text_uthmani":"وَمَنْ أَظْلَمُ مِمَّن ذُكِّرَ بِـَٔايَـٰتِ رَبِّهِۦ فَأَعْرَضَ عَنْهَا وَنَسِىَ مَا قَدَّمَتْ يَدَاهُ ۚ إِنَّا جَعَلْنَا عَلَىٰ قُلُوبِهِمْ أَكِنَّةً أَن يَفْقَهُوهُ وَفِىٓ ءَاذَانِهِمْ وَقْرًا ۖ وَإِن تَدْعُهُمْ إِلَى ٱلْهُدَىٰ فَلَن يَهْتَدُوٓا۟ إِذًا أَبَدًا","page_number":300,"words":[{"id":52632,"position":1,"audio_url":"wbw/018_057_001.mp3","qpc_uthmani_hafs":"وَمَنۡ","char_type_name":"word","page_number":300,"line_number":6,"text":"ﮊ","translation":{"text":"And who","language_name":"english","language_id":38},"transliteration":{"text":"waman","language_name":"english","language_id":38}},{"id":52633,"position":2,"audio_url":"wbw/018_057_002.mp3","qpc_uthmani_hafs":"أَظۡلَمُ","char_type_name":"word","page_number":300,"line_number":7,"text":"ﮋ","translation":{"text":"(is) more wrong","language_name":"english","language_id":38},"transliteration":{"text":"aẓlamu","language_name":"english","language_id":38}},{"id":52634,"position":3,"audio_url":"wbw/018_057_003.mp3","qpc_uthmani_hafs":"مِمَّن","char_type_name":"word","page_number":300,"line_number":7,"text":"ﮌ","translation":{"text":"than (he) who","language_name":"english","language_id":38},"transliteration":{"text":"mimman","language_name":"english","language_id":38}},{"id":52635,"position":4,"audio_url":"wbw/018_057_004.mp3","qpc_uthmani_hafs":"ذُكِّرَ","char_type_name":"word","page_number":300,"line_number":7,"text":"ﮍ","translation":{"text":"is reminded","language_name":"english","language_id":38},"transliteration":{"text":"dhukkira","language_name":"english","language_id":38}},{"id":52636,"position":5,"audio_url":"wbw/018_057_005.mp3","qpc_uthmani_hafs":"بِـَٔايَٰتِ","char_type_name":"word","page_number":300,"line_number":7,"text":"ﮎ","translation":{"text":"of the Verses","language_name":"english","language_id":38},"transliteration":{"text":"biāyāti","language_name":"english","language_id":38}},{"id":52637,"position":6,"audio_url":"wbw/018_057_006.mp3","qpc_uthmani_hafs":"رَبِّهِۦ","char_type_name":"word","page_number":300,"line_number":7,"text":"ﮏ","translation":{"text":"(of) his Lord","language_name":"english","language_id":38},"transliteration":{"text":"rabbihi","language_name":"english","language_id":38}},{"id":52638,"position":7,"audio_url":"wbw/018_057_007.mp3","qpc_uthmani_hafs":"فَأَعۡرَضَ","char_type_name":"word","page_number":300,"line_number":7,"text":"ﮐ","translation":{"text":"but turns away","language_name":"english","language_id":38},"transliteration":{"text":"fa-aʿraḍa","language_name":"english","language_id":38}},{"id":52639,"position":8,"audio_url":"wbw/018_057_008.mp3","qpc_uthmani_hafs":"عَنۡهَا","char_type_name":"word","page_number":300,"line_number":7,"text":"ﮑ","translation":{"text":"from them","language_name":"english","language_id":38},"transliteration":{"text":"ʿanhā","language_name":"english","language_id":38}},{"id":52640,"position":9,"audio_url":"wbw/018_057_009.mp3","qpc_uthmani_hafs":"وَنَسِيَ","char_type_name":"word","page_number":300,"line_number":7,"text":"ﮒ","translation":{"text":"and forgets","language_name":"english","language_id":38},"transliteration":{"text":"wanasiya","language_name":"english","language_id":38}},{"id":52641,"position":10,"audio_url":"wbw/018_057_010.mp3","qpc_uthmani_hafs":"مَا","char_type_name":"word","page_number":300,"line_number":7,"text":"ﮓ","translation":{"text":"what","language_name":"english","language_id":38},"transliteration":{"text":"mā","language_name":"english","language_id":38}},{"id":52642,"position":11,"audio_url":"wbw/018_057_011.mp3","qpc_uthmani_hafs":"قَدَّمَتۡ","char_type_name":"word","page_number":300,"line_number":7,"text":"ﮔ","translation":{"text":"have sent forth","language_name":"english","language_id":38},"transliteration":{"text":"qaddamat","language_name":"english","language_id":38}},{"id":52643,"position":12,"audio_url":"wbw/018_057_012.mp3","qpc_uthmani_hafs":"يَدَاهُۚ","char_type_name":"word","page_number":300,"line_number":7,"text":"ﮕﮖ","translation":{"text":"his hands","language_name":"english","language_id":38},"transliteration":{"text":"yadāhu","language_name":"english","language_id":38}},{"id":52645,"position":13,"audio_url":"wbw/018_057_014.mp3","qpc_uthmani_hafs":"إِنَّا","char_type_name":"word","page_number":300,"line_number":8,"text":"ﮗ","translation":{"text":"Indeed, We","language_name":"english","language_id":38},"transliteration":{"text":"innā","language_name":"english","language_id":38}},{"id":52646,"position":14,"audio_url":"wbw/018_057_015.mp3","qpc_uthmani_hafs":"جَعَلۡنَا","char_type_name":"word","page_number":300,"line_number":8,"text":"ﮘ","translation":{"text":"[We] have placed","language_name":"english","language_id":38},"transliteration":{"text":"jaʿalnā","language_name":"english","language_id":38}},{"id":52647,"position":15,"audio_url":"wbw/018_057_016.mp3","qpc_uthmani_hafs":"عَلَىٰ","char_type_name":"word","page_number":300,"line_number":8,"text":"ﮙ","translation":{"text":"over","language_name":"english","language_id":38},"transliteration":{"text":"ʿalā","language_name":"english","language_id":38}},{"id":52648,"position":16,"audio_url":"wbw/018_057_017.mp3","qpc_uthmani_hafs":"قُلُوبِهِمۡ","char_type_name":"word","page_number":300,"line_number":8,"text":"ﮚ","translation":{"text":"their hearts","language_name":"english","language_id":38},"transliteration":{"text":"qulūbihim","language_name":"english","language_id":38}},{"id":52649,"position":17,"audio_url":"wbw/018_057_018.mp3","qpc_uthmani_hafs":"أَكِنَّةً","char_type_name":"word","page_number":300,"line_number":8,"text":"ﮛ","translation":{"text":"coverings","language_name":"english","language_id":38},"transliteration":{"text":"akinnatan","language_name":"english","language_id":38}},{"id":52650,"position":18,"audio_url":"wbw/018_057_019.mp3","qpc_uthmani_hafs":"أَن","char_type_name":"word","page_number":300,"line_number":8,"text":"ﮜ","translation":{"text":"lest","language_name":"english","language_id":38},"transliteration":{"text":"an","language_name":"english","language_id":38}},{"id":52651,"position":19,"audio_url":"wbw/018_057_020.mp3","qpc_uthmani_hafs":"يَفۡقَهُوهُ","char_type_name":"word","page_number":300,"line_number":8,"text":"ﮝ","translation":{"text":"they understand it","language_name":"english","language_id":38},"transliteration":{"text":"yafqahūhu","language_name":"english","language_id":38}},{"id":52652,"position":20,"audio_url":"wbw/018_057_021.mp3","qpc_uthmani_hafs":"وَفِيٓ","char_type_name":"word","page_number":300,"line_number":8,"text":"ﮞ","translation":{"text":"and in","language_name":"english","language_id":38},"transliteration":{"text":"wafī","language_name":"english","language_id":38}},{"id":52653,"position":21,"audio_url":"wbw/018_057_022.mp3","qpc_uthmani_hafs":"ءَاذَانِهِمۡ","char_type_name":"word","page_number":300,"line_number":8,"text":"ﮟ","translation":{"text":"their ears","language_name":"english","language_id":38},"transliteration":{"text":"ādhānihim","language_name":"english","language_id":38}},{"id":52654,"position":22,"audio_url":"wbw/018_057_023.mp3","qpc_uthmani_hafs":"وَقۡرٗاۖ","char_type_name":"word","page_number":300,"line_number":8,"text":"ﮠﮡ","translation":{"text":"(is) deafness","language_name":"english","language_id":38},"transliteration":{"text":"waqran","language_name":"english","language_id":38}},{"id":52656,"position":23,"audio_url":"wbw/018_057_025.mp3","qpc_uthmani_hafs":"وَإِن","char_type_name":"word","page_number":300,"line_number":9,"text":"ﮢ","translation":{"text":"And if","language_name":"english","language_id":38},"transliteration":{"text":"wa-in","language_name":"english","language_id":38}},{"id":52657,"position":24,"audio_url":"wbw/018_057_026.mp3","qpc_uthmani_hafs":"تَدۡعُهُمۡ","char_type_name":"word","page_number":300,"line_number":9,"text":"ﮣ","translation":{"text":"you call them","language_name":"english","language_id":38},"transliteration":{"text":"tadʿuhum","language_name":"english","language_id":38}},{"id":52658,"position":25,"audio_url":"wbw/018_057_027.mp3","qpc_uthmani_hafs":"إِلَى","char_type_name":"word","page_number":300,"line_number":9,"text":"ﮤ","translation":{"text":"to","language_name":"english","language_id":38},"transliteration":{"text":"ilā","language_name":"english","language_id":38}},{"id":52659,"position":26,"audio_url":"wbw/018_057_028.mp3","qpc_uthmani_hafs":"ٱلۡهُدَىٰ","char_type_name":"word","page_number":300,"line_number":9,"text":"ﮥ","translation":{"text":"the guidance","language_name":"english","language_id":38},"transliteration":{"text":"l-hudā","language_name":"english","language_id":38}},{"id":52660,"position":27,"audio_url":"wbw/018_057_029.mp3","qpc_uthmani_hafs":"فَلَن","char_type_name":"word","page_number":300,"line_number":9,"text":"ﮦ","translation":{"text":"then never","language_name":"english","language_id":38},"transliteration":{"text":"falan","language_name":"english","language_id":38}},{"id":52661,"position":28,"audio_url":"wbw/018_057_030.mp3","qpc_uthmani_hafs":"يَهۡتَدُوٓاْ","char_type_name":"word","page_number":300,"line_number":9,"text":"ﮧ","translation":{"text":"they will be guided","language_name":"english","language_id":38},"transliteration":{"text":"yahtadū","language_name":"english","language_id":38}},{"id":52662,"position":29,"audio_url":"wbw/018_057_031.mp3","qpc_uthmani_hafs":"إِذًا","char_type_name":"word","page_number":300,"line_number":9,"text":"ﮨ","translation":{"text":"then","language_name":"english","language_id":38},"transliteration":{"text":"idhan","language_name":"english","language_id":38}},{"id":52663,"position":30,"audio_url":"wbw/018_057_032.mp3","qpc_uthmani_hafs":"أَبَدٗا","char_type_name":"word","page_number":300,"line_number":9,"text":"ﮩ","translation":{"text":"ever","language_name":"english","language_id":38},"transliteration":{"text":"abadan","language_name":"english","language_id":38}},{"id":52664,"position":31,"audio_url":null,"qpc_uthmani_hafs":"٥٧","char_type_name":"end","page_number":300,"line_number":9,"text":"ﮪ","translation":{"text":"(57)","language_name":"english","language_id":38},"transliteration":{"text":null,"language_name":"english","language_id":38}}],"translations":[{"id":918626,"resource_id":134,"text":"Dan siapakah yang lebih zalim daripada orang yang telah diperingatkan dengan ayat-ayat dari Tuhan-nya, lalu dia berpaling darinya dan melupakan apa yang telah dikerjakan oleh kedua tangannya? Sesungguhnya Kami telah meletakkan tutupan di atas hati mereka (sehingga mereka tidak) memahaminya, dan (Kami letakkan pula) sumbatan di telinga mereka, dan kendatipun kamu menyeru mereka kepada petunjuk, niscaya mereka tidak akan mendapat petunjuk selama-lamanya."}]},{"id":2198,"verse_number":58,"verse_key":"18:58","juz_number":15,"hizb_number":30,"rub_el_hizb_number":120,"ruku_number":259,"manzil_number":4,"sajdah_number":null,"text_uthmani":"وَرَبُّكَ ٱلْغَفُورُ ذُو ٱلرَّحْمَةِ ۖ لَوْ يُؤَاخِذُهُم بِمَا كَسَبُوا۟ لَعَجَّلَ لَهُمُ ٱلْعَذَابَ ۚ بَل لَّهُم مَّوْعِدٌ لَّن يَجِدُوا۟ مِن دُونِهِۦ مَوْئِلًا","page_number":300,"words":[{"id":53122,"position":1,"audio_url":"wbw/018_058_001.mp3","qpc_uthmani_hafs":"وَرَبُّكَ","char_type_name":"word","page_number":300,"line_number":9,"text":"ﮫ","translation":{"text":"And your Lord","language_name":"english","language_id":38},"transliteration":{"text":"warabbuka","language_name":"english","language_id":38}},{"id":53123,"position":2,"audio_url":"wbw/018_058_002.mp3","qpc_uthmani_hafs":"ٱلۡغَفُورُ","char_type_name":"word","page_number":300,"line_number":10,"text":"ﮬ","translation":{"text":"(is) the Most Forgiving","language_name":"english","language_id":38},"transliteration":{"text":"l-ghafūru","language_name":"english","language_id":38}},{"id":53124,"position":3,"audio_url":"wbw/018_058_003.mp3","qpc_uthmani_hafs":"ذُو","char_type_name":"word","page_number":300,"line_number":10,"text":"ﮭ","translation":{"text":"Owner","language_name":"english","language_id":38},"transliteration":{"text":"dhū","language_name":"english","language_id":38}},{"id":53125,"position":4,"audio_url":"wbw/018_058_004.mp3","qpc_uthmani_hafs":"ٱلرَّحۡمَةِۖ","char_type_name":"word","page_number":300,"line_number":10,"text":"ﮮﮯ","translation":{"text":"(of) the Mercy","language_name":"english","language_id":38},"transliteration":{"text":"l-raḥmati","language_name":"english","language_id":38}},{"id":53127,"position":5,"audio_url":"wbw/018_058_006.mp3","qpc_uthmani_hafs":"لَوۡ","char_type_name":"word","page_number":300,"line_number":10,"text":"ﮰ","translation":{"text":"If","language_name":"english","language_id":38},"transliteration":{"text":"law","language_name":"english","language_id":38}},{"id":53128,"position":6,"audio_url":"wbw/018_058_007.mp3","qpc_uthmani_hafs":"يُؤَاخِذُهُم","char_type_name":"word","page_number":300,"line_number":10,"text":"ﮱ","translation":{"text":"He were to seize them","language_name":"english","language_id":38},"transliteration":{"text":"yuākhidhuhum","language_name":"english","language_id":38}},{"id":53129,"position":7,"audio_url":"wbw/018_058_008.mp3","qpc_uthmani_hafs":"بِمَا","char_type_name":"word","page_number":300,"line_number":10,"text":"ﯓ","translation":{"text":"for what","language_name":"english","language_id":38},"transliteration":{"text":"bimā","language_name":"english","language_id":38}},{"id":53130,"position":8,"audio_url":"wbw/018_058_009.mp3","qpc_uthmani_hafs":"كَسَبُواْ","char_type_name":"word","page_number":300,"line_number":10,"text":"ﯔ","translation":{"text":"they have earned","language_name":"english","language_id":38},"transliteration":{"text":"kasabū","language_name":"english","language_id":38}},{"id":53131,"position":9,"audio_url":"wbw/018_058_010.mp3","qpc_uthmani_hafs":"لَعَجَّلَ","char_type_name":"word","page_number":300,"line_number":10,"text":"ﯕ","translation":{"text":"surely, He (would) have hastened","language_name":"english","language_id":38},"transliteration":{"text":"laʿajjala","language_name":"english","language_id":38}},{"id":53132,"position":10,"audio_url":"wbw/018_058_011.mp3","qpc_uthmani_hafs":"لَهُمُ","char_type_name":"word","page_number":300,"line_number":10,"text":"ﯖ","translation":{"text":"for them","language_name":"english","language_id":38},"transliteration":{"text":"lahumu","language_name":"english","language_id":38}},{"id":53133,"position":11,"audio_url":"wbw/018_058_012.mp3","qpc_uthmani_hafs":"ٱلۡعَذَابَۚ","char_type_name":"word","page_number":300,"line_number":11,"text":"ﯗﯘ","translation":{"text":"the punishment","language_name":"english","language_id":38},"transliteration":{"text":"l-ʿadhāba","language_name":"english","language_id":38}},{"id":53135,"position":12,"audio_url":"wbw/018_058_014.mp3","qpc_uthmani_hafs":"بَل","char_type_name":"word","page_number":300,"line_number":11,"text":"ﯙ","translation":{"text":"But","language_name":"english","language_id":38},"transliteration":{"text":"bal","language_name":"english","language_id":38}},{"id":53136,"position":13,"audio_url":"wbw/018_058_015.mp3","qpc_uthmani_hafs":"لَّهُم","char_type_name":"word","page_number":300,"line_number":11,"text":"ﯚ","translation":{"text":"for them","language_name":"english","language_id":38},"transliteration":{"text":"lahum","language_name":"english","language_id":38}},{"id":53137,"position":14,"audio_url":"wbw/018_058_016.mp3","qpc_uthmani_hafs":"مَّوۡعِدٞ","char_type_name":"word","page_number":300,"line_number":11,"text":"ﯛ","translation":{"text":"(is) an appointment","language_name":"english","language_id":38},"transliteration":{"text":"mawʿidun","language_name":"english","language_id":38}},{"id":53138,"position":15,"audio_url":"wbw/018_058_017.mp3","qpc_uthmani_hafs":"لَّن","char_type_name":"word","page_number":300,"line_number":11,"text":"ﯜ","translation":{"text":"never","language_name":"english","language_id":38},"transliteration":{"text":"lan","language_name":"english","language_id":38}},{"id":53139,"position":16,"audio_url":"wbw/018_058_018.mp3","qpc_uthmani_hafs":"يَجِدُواْ","char_type_name":"word","page_number":300,"line_number":11,"text":"ﯝ","translation":{"text":"they will find","language_name":"english","language_id":38},"transliteration":{"text":"yajidū","language_name":"english","language_id":38}},{"id":53140,"position":17,"audio_url":"wbw/018_058_019.mp3","qpc_uthmani_hafs":"مِن","char_type_name":"word","page_number":300,"line_number":11,"text":"ﯞ","translation":{"text":"other than it","language_name":"english","language_id":38},"transliteration":{"text":"min","language_name":"english","language_id":38}},{"id":53141,"position":18,"audio_url":"wbw/018_058_020.mp3","qpc_uthmani_hafs":"دُونِهِۦ","char_type_name":"word","page_number":300,"line_number":11,"text":"ﯟ","translation":{"text":"other than it","language_name":"english","language_id":38},"transliteration":{"text":"dūnihi","language_name":"english","language_id":38}},{"id":53142,"position":19,"audio_url":"wbw/018_058_021.mp3","qpc_uthmani_hafs":"مَوۡئِلٗا","char_type_name":"word","page_number":300,"line_number":11,"text":"ﯠ","translation":{"text":"an escape","language_name":"english","language_id":38},"transliteration":{"text":"mawilan","language_name":"english","language_id":38}},{"id":53143,"position":20,"audio_url":null,"qpc_uthmani_hafs":"٥٨","char_type_name":"end","page_number":300,"line_number":11,"text":"ﯡ","translation":{"text":"(58)","language_name":"english","language_id":38},"transliteration":{"text":null,"language_name":"english","language_id":38}}],"translations":[{"id":918627,"resource_id":134,"text":"Dan Tuhan-mulah yang Maha Pengampun, lagi mempunyai rahmat.  Jika Dia mengazab mereka karena perbuatan mereka, tentu Dia akan menyegerakan azab bagi mereka.  Tetapi bagi mereka, ada waktu yang tertentu (untuk mendapat azab) yang mereka sekali-kali tidak akan menemukan tempat berlindung darinya."}]},{"id":2199,"verse_number":59,"verse_key":"18:59","juz_number":15,"hizb_number":30,"rub_el_hizb_number":120,"ruku_number":259,"manzil_number":4,"sajdah_number":null,"text_uthmani":"وَتِلْكَ ٱلْقُرَىٰٓ أَهْلَكْنَـٰهُمْ لَمَّا ظَلَمُوا۟ وَجَعَلْنَا لِمَهْلِكِهِم مَّوْعِدًا","page_number":300,"words":[{"id":53873,"position":1,"audio_url":"wbw/018_059_001.mp3","qpc_uthmani_hafs":"وَتِلۡكَ","char_type_name":"word","page_number":300,"line_number":12,"text":"ﯢ","translation":{"text":"And these","language_name":"english","language_id":38},"transliteration":{"text":"watil'ka","language_name":"english","language_id":38}},{"id":53874,"position":2,"audio_url":"wbw/018_059_002.mp3","qpc_uthmani_hafs":"ٱلۡقُرَىٰٓ","char_type_name":"word","page_number":300,"line_number":12,"text":"ﯣ","translation":{"text":"[the] towns","language_name":"english","language_id":38},"transliteration":{"text":"l-qurā","language_name":"english","language_id":38}},{"id":53875,"position":3,"audio_url":"wbw/018_059_003.mp3","qpc_uthmani_hafs":"أَهۡلَكۡنَٰهُمۡ","char_type_name":"word","page_number":300,"line_number":12,"text":"ﯤ","translation":{"text":"We destroyed them","language_name":"english","language_id":38},"transliteration":{"text":"ahlaknāhum","language_name":"english","language_id":38}},{"id":53876,"position":4,"audio_url":"wbw/018_059_004.mp3","qpc_uthmani_hafs":"لَمَّا","char_type_name":"word","page_number":300,"line_number":12,"text":"ﯥ","translation":{"text":"when","language_name":"english","language_id":38},"transliteration":{"text":"lammā","language_name":"english","language_id":38}},{"id":53877,"position":5,"audio_url":"wbw/018_059_005.mp3","qpc_uthmani_hafs":"ظَلَمُواْ","char_type_name":"word","page_number":300,"line_number":12,"text":"ﯦ","translation":{"text":"they wronged","language_name":"english","language_id":38},"transliteration":{"text":"ẓalamū","language_name":"english","language_id":38}},{"id":53878,"position":6,"audio_url":"wbw/018_059_006.mp3","qpc_uthmani_hafs":"وَجَعَلۡنَا","char_type_name":"word","page_number":300,"line_number":12,"text":"ﯧ","translation":{"text":"and We made","language_name":"english","language_id":38},"transliteration":{"text":"wajaʿalnā","language_name":"english","language_id":38}},{"id":53879,"position":7,"audio_url":"wbw/018_059_007.mp3","qpc_uthmani_hafs":"لِمَهۡلِكِهِم","char_type_name":"word","page_number":300,"line_number":12,"text":"ﯨ","translation":{"text":"for their destruction","language_name":"english","language_id":38},"transliteration":{"text":"limahlikihim","language_name":"english","language_id":38}},{"id":53880,"position":8,"audio_url":"wbw/018_059_008.mp3","qpc_uthmani_hafs":"مَّوۡعِدٗا","char_type_name":"word","page_number":300,"line_number":13,"text":"ﯩ","translation":{"text":"an appointed time","language_name":"english","language_id":38},"transliteration":{"text":"mawʿidan","language_name":"english","language_id":38}},{"id":53881,"position":9,"audio_url":null,"qpc_uthmani_hafs":"٥٩","char_type_name":"end","page_number":300,"line_number":13,"text":"ﯪ","translation":{"text":"(59)","language_name":"english","language_id":38},"transliteration":{"text":null,"language_name":"english","language_id":38}}],"translations":[{"id":918628,"resource_id":134,"text":"Dan (penduduk) negeri telah Kami binasakan ketika mereka berbuat zalim dan telah Kami tetapkan waktu tertentu bagi kebinasaan mereka."}]},{"id":2200,"verse_number":60,"verse_key":"18:60","juz_number":15,"hizb_number":30,"rub_el_hizb_number":120,"ruku_number":260,"manzil_number":4,"sajdah_number":null,"text_uthmani":"وَإِذْ قَالَ مُوسَىٰ لِفَتَىٰهُ لَآ أَبْرَحُ حَتَّىٰٓ أَبْلُغَ مَجْمَعَ ٱلْبَحْرَيْنِ أَوْ أَمْضِىَ حُقُبًا","page_number":300,"words":[{"id":54357,"position":1,"audio_url":"wbw/018_060_001.mp3","qpc_uthmani_hafs":"وَإِذۡ","char_type_name":"word","page_number":300,"line_number":13,"text":"ﯫ","translation":{"text":"And when","language_name":"english","language_id":38},"transliteration":{"text":"wa-idh","language_name":"english","language_id":38}},{"id":54358,"position":2,"audio_url":"wbw/018_060_002.mp3","qpc_uthmani_hafs":"قَالَ","char_type_name":"word","page_number":300,"line_number":13,"text":"ﯬ","translation":{"text":"said","language_name":"english","language_id":38},"transliteration":{"text":"qāla","language_name":"english","language_id":38}},{"id":54359,"position":3,"audio_url":"wbw/018_060_003.mp3","qpc_uthmani_hafs":"مُوسَىٰ","char_type_name":"word","page_number":300,"line_number":13,"text":"ﯭ","translation":{"text":"Musa","language_name":"english","language_id":38},"transliteration":{"text":"mūsā","language_name":"english","language_id":38}},{"id":54360,"position":4,"audio_url":"wbw/018_060_004.mp3","qpc_uthmani_hafs":"لِفَتَىٰهُ","char_type_name":"word","page_number":300,"line_number":13,"text":"ﯮ","translation":{"text":"to his boy","language_name":"english","language_id":38},"transliteration":{"text":"lifatāhu","language_name":"english","language_id":38}},{"id":54361,"position":5,"audio_url":"wbw/018_060_005.mp3","qpc_uthmani_hafs":"لَآ","char_type_name":"word","page_number":300,"line_number":13,"text":"ﯯ","translation":{"text":"Not","language_name":"english","language_id":38},"transliteration":{"text":"lā","language_name":"english","language_id":38}},{"id":54362,"position":6,"audio_url":"wbw/018_060_006.mp3","qpc_uthmani_hafs":"أَبۡرَحُ","char_type_name":"word","page_number":300,"line_number":13,"text":"ﯰ","translation":{"text":"I will cease","language_name":"english","language_id":38},"transliteration":{"text":"abraḥu","language_name":"english","language_id":38}},{"id":54363,"position":7,"audio_url":"wbw/018_060_007.mp3","qpc_uthmani_hafs":"حَتَّىٰٓ","char_type_name":"word","page_number":300,"line_number":13,"text":"ﯱ","translation":{"text":"until","language_name":"english","language_id":38},"transliteration":{"text":"ḥattā","language_name":"english","language_id":38}},{"id":54364,"position":8,"audio_url":"wbw/018_060_008.mp3","qpc_uthmani_hafs":"أَبۡلُغَ","char_type_name":"word","page_number":300,"line_number":14,"text":"ﯲ","translation":{"text":"I reach","language_name":"english","language_id":38},"transliteration":{"text":"ablugha","language_name":"english","language_id":38}},{"id":54365,"position":9,"audio_url":"wbw/018_060_009.mp3","qpc_uthmani_hafs":"مَجۡمَعَ","char_type_name":"word","page_number":300,"line_number":14,"text":"ﯳ","translation":{"text":"the junction","language_name":"english","language_id":38},"transliteration":{"text":"majmaʿa","language_name":"english","language_id":38}},{"id":54366,"position":10,"audio_url":"wbw/018_060_010.mp3","qpc_uthmani_hafs":"ٱلۡبَحۡرَيۡنِ","char_type_name":"word","page_number":300,"line_number":14,"text":"ﯴ","translation":{"text":"(of) the two seas","language_name":"english","language_id":38},"transliteration":{"text":"l-baḥrayni","language_name":"english","language_id":38}},{"id":54367,"position":11,"audio_url":"wbw/018_060_011.mp3","qpc_uthmani_hafs":"أَوۡ","char_type_name":"word","page_number":300,"line_number":14,"text":"ﯵ","translation":{"text":"or","language_name":"english","language_id":38},"transliteration":{"text":"aw","language_name":"english","language_id":38}},{"id":54368,"position":12,"audio_url":"wbw/018_060_012.mp3","qpc_uthmani_hafs":"أَمۡضِيَ","char_type_name":"word","page_number":300,"line_number":14,"text":"ﯶ","translation":{"text":"I continue","language_name":"english","language_id":38},"transliteration":{"text":"amḍiya","language_name":"english","language_id":38}},{"id":54369,"position":13,"audio_url":"wbw/018_060_013.mp3","qpc_uthmani_hafs":"حُقُبٗا","char_type_name":"word","page_number":300,"line_number":14,"text":"ﯷ","translation":{"text":"(for) a long period","language_name":"english","language_id":38},"transliteration":{"text":"ḥuquban","language_name":"english","language_id":38}},{"id":54370,"position":14,"audio_url":null,"qpc_uthmani_hafs":"٦٠","char_type_name":"end","page_number":300,"line_number":14,"text":"ﯸ","translation":{"text":"(60)","language_name":"english","language_id":38},"transliteration":{"text":null,"language_name":"english","language_id":38}}],"translations":[{"id":918629,"resource_id":134,"text":"Dan (ingatlah) ketika Musa berkata kepada muridnya <sup foot_note=210653>1</sup>, \"Aku tidak akan berhenti (berjalan) sebelum sampai ke pertemuan dua buah lautan atau aku akan berjalan sampai bertahun-tahun\"."}]},{"id":2201,"verse_number":61,"verse_key":"18:61","juz_number":15,"hizb_number":30,"rub_el_hizb_number":120,"ruku_number":260,"manzil_number":4,"sajdah_number":null,"text_uthmani":"فَلَمَّا بَلَغَا مَجْمَعَ بَيْنِهِمَا نَسِيَا حُوتَهُمَا فَٱتَّخَذَ سَبِيلَهُۥ فِى ٱلْبَحْرِ سَرَبًا","page_number":300,"words":[{"id":55014,"position":1,"audio_url":"wbw/018_061_001.mp3","qpc_uthmani_hafs":"فَلَمَّا","char_type_name":"word","page_number":300,"line_number":14,"text":"ﯹ","translation":{"text":"But when","language_name":"english","language_id":38},"transliteration":{"text":"falammā","language_name":"english","language_id":38}},{"id":55015,"position":2,"audio_url":"wbw/018_061_002.mp3","qpc_uthmani_hafs":"بَلَغَا","char_type_name":"word","page_number":300,"line_number":14,"text":"ﯺ","translation":{"text":"they reached","language_name":"english","language_id":38},"transliteration":{"text":"balaghā","language_name":"english","language_id":38}},{"id":55016,"position":3,"audio_url":"wbw/018_061_003.mp3","qpc_uthmani_hafs":"مَجۡمَعَ","char_type_name":"word","page_number":300,"line_number":15,"text":"ﯻ","translation":{"text":"the junction","language_name":"english","language_id":38},"transliteration":{"text":"majmaʿa","language_name":"english","language_id":38}},{"id":55017,"position":4,"audio_url":"wbw/018_061_004.mp3","qpc_uthmani_hafs":"بَيۡنِهِمَا","char_type_name":"word","page_number":300,"line_number":15,"text":"ﯼ","translation":{"text":"between them","language_name":"english","language_id":38},"transliteration":{"text":"baynihimā","language_name":"english","language_id":38}},{"id":55018,"position":5,"audio_url":"wbw/018_061_005.mp3","qpc_uthmani_hafs":"نَسِيَا","char_type_name":"word","page_number":300,"line_number":15,"text":"ﯽ","translation":{"text":"they forgot","language_name":"english","language_id":38},"transliteration":{"text":"nasiyā","language_name":"english","language_id":38}},{"id":55019,"position":6,"audio_url":"wbw/018_061_006.mp3","qpc_uthmani_hafs":"حُوتَهُمَا","char_type_name":"word","page_number":300,"line_number":15,"text":"ﯾ","translation":{"text":"their fish","language_name":"english","language_id":38},"transliteration":{"text":"ḥūtahumā","language_name":"english","language_id":38}},{"id":55020,"position":7,"audio_url":"wbw/018_061_007.mp3","qpc_uthmani_hafs":"فَٱتَّخَذَ","char_type_name":"word","page_number":300,"line_number":15,"text":"ﯿ","translation":{"text":"and it took","language_name":"english","language_id":38},"transliteration":{"text":"fa-ittakhadha","language_name":"english","language_id":38}},{"id":55021,"position":8,"audio_url":"wbw/018_061_008.mp3","qpc_uthmani_hafs":"سَبِيلَهُۥ","char_type_name":"word","page_number":300,"line_number":15,"text":"ﰀ","translation":{"text":"its way","language_name":"english","language_id":38},"transliteration":{"text":"sabīlahu","language_name":"english","language_id":38}},{"id":55022,"position":9,"audio_url":"wbw/018_061_009.mp3","qpc_uthmani_hafs":"فِي","char_type_name":"word","page_number":300,"line_number":15,"text":"ﰁ","translation":{"text":"into","language_name":"english","language_id":38},"transliteration":{"text":"fī","language_name":"english","language_id":38}},{"id":55023,"position":10,"audio_url":"wbw/018_061_010.mp3","qpc_uthmani_hafs":"ٱلۡبَحۡرِ","char_type_name":"word","page_number":300,"line_number":15,"text":"ﰂ","translation":{"text":"the sea","language_name":"english","language_id":38},"transliteration":{"text":"l-baḥri","language_name":"english","language_id":38}},{"id":55024,"position":11,"audio_url":"wbw/018_061_011.mp3","qpc_uthmani_hafs":"سَرَبٗا","char_type_name":"word","page_number":300,"line_number":15,"text":"ﰃ","translation":{"text":"slipping away","language_name":"english","language_id":38},"transliteration":{"text":"saraban","language_name":"english","language_id":38}},{"id":55025,"position":12,"audio_url":null,"qpc_uthmani_hafs":"٦١","char_type_name":"end","page_number":300,"line_number":15,"text":"ﰄ","translation":{"text":"(61)","language_name":"english","language_id":38},"transliteration":{"text":null,"language_name":"english","language_id":38}}],"translations":[{"id":918630,"resource_id":134,"text":"Maka tatkala mereka sampai ke pertemuan dua buah laut itu, mereka lalai akan ikannya, lalu ikan itu melompat mengambil jalannya ke laut itu."}]}],"pagination":{"per_page":50,"current_page":1,"next_page":null,"total_pages":1,"total_records":8}}