{"verses":[{"id":2251,"verse_number":1,"verse_key":"19:1","juz_number":16,"hizb_number":31,"rub_el_hizb_number":122,"ruku_number":264,"manzil_number":4,"sajdah_number":null,"text_uthmani":" كٓهيعٓصٓ","page_number":305,"words":[{"id":162,"position":1,"audio_url":"wbw/019_001_001.mp3","qpc_uthmani_hafs":"كٓهيعٓصٓ","char_type_name":"word","page_number":305,"line_number":3,"text":"ﭑ","translation":{"text":"Kaaf Ha Ya Ain Sad","language_name":"english","language_id":38},"transliteration":{"text":"kaf-ha-ya-ain-sad","language_name":"english","language_id":38}},{"id":163,"position":2,"audio_url":null,"qpc_uthmani_hafs":"١","char_type_name":"end","page_number":305,"line_number":3,"text":"ﭒ","translation":{"text":"(1)","language_name":"english","language_id":38},"transliteration":{"text":null,"language_name":"english","language_id":38}}],"translations":[{"id":918680,"resource_id":134,"text":"Kāf  Hā Yā ʻAin Ṣād <sup foot_note=210665>1</sup>"}]},{"id":2252,"verse_number":2,"verse_key":"19:2","juz_number":16,"hizb_number":31,"rub_el_hizb_number":122,"ruku_number":264,"manzil_number":4,"sajdah_number":null,"text_uthmani":"ذِكْرُ رَحْمَتِ رَبِّكَ عَبْدَهُۥ زَكَرِيَّآ","page_number":305,"words":[{"id":1025,"position":1,"audio_url":"wbw/019_002_001.mp3","qpc_uthmani_hafs":"ذِكۡرُ","char_type_name":"word","page_number":305,"line_number":3,"text":"ﭓ","translation":{"text":"(A) mention","language_name":"english","language_id":38},"transliteration":{"text":"dhik'ru","language_name":"english","language_id":38}},{"id":1026,"position":2,"audio_url":"wbw/019_002_002.mp3","qpc_uthmani_hafs":"رَحۡمَتِ","char_type_name":"word","page_number":305,"line_number":3,"text":"ﭔ","translation":{"text":"(of the) Mercy","language_name":"english","language_id":38},"transliteration":{"text":"raḥmati","language_name":"english","language_id":38}},{"id":1027,"position":3,"audio_url":"wbw/019_002_003.mp3","qpc_uthmani_hafs":"رَبِّكَ","char_type_name":"word","page_number":305,"line_number":3,"text":"ﭕ","translation":{"text":"(of) your Lord","language_name":"english","language_id":38},"transliteration":{"text":"rabbika","language_name":"english","language_id":38}},{"id":1028,"position":4,"audio_url":"wbw/019_002_004.mp3","qpc_uthmani_hafs":"عَبۡدَهُۥ","char_type_name":"word","page_number":305,"line_number":3,"text":"ﭖ","translation":{"text":"(to) His servant","language_name":"english","language_id":38},"transliteration":{"text":"ʿabdahu","language_name":"english","language_id":38}},{"id":1029,"position":5,"audio_url":"wbw/019_002_005.mp3","qpc_uthmani_hafs":"زَكَرِيَّآ","char_type_name":"word","page_number":305,"line_number":3,"text":"ﭗ","translation":{"text":"Zakariya","language_name":"english","language_id":38},"transliteration":{"text":"zakariyyā","language_name":"english","language_id":38}},{"id":1030,"position":6,"audio_url":null,"qpc_uthmani_hafs":"٢","char_type_name":"end","page_number":305,"line_number":3,"text":"ﭘ","translation":{"text":"(2)","language_name":"english","language_id":38},"transliteration":{"text":null,"language_name":"english","language_id":38}}],"translations":[{"id":918681,"resource_id":134,"text":"(Yang dibacakan ini adalah) penjelasan tentang rahmat Tuhan kamu kepada hamba-Nya, Zakariyyā,"}]},{"id":2253,"verse_number":3,"verse_key":"19:3","juz_number":16,"hizb_number":31,"rub_el_hizb_number":122,"ruku_number":264,"manzil_number":4,"sajdah_number":null,"text_uthmani":"إِذْ نَادَىٰ رَبَّهُۥ نِدَآءً خَفِيًّا","page_number":305,"words":[{"id":2146,"position":1,"audio_url":"wbw/019_003_001.mp3","qpc_uthmani_hafs":"إِذۡ","char_type_name":"word","page_number":305,"line_number":4,"text":"ﭙ","translation":{"text":"When","language_name":"english","language_id":38},"transliteration":{"text":"idh","language_name":"english","language_id":38}},{"id":2147,"position":2,"audio_url":"wbw/019_003_002.mp3","qpc_uthmani_hafs":"نَادَىٰ","char_type_name":"word","page_number":305,"line_number":4,"text":"ﭚ","translation":{"text":"he called","language_name":"english","language_id":38},"transliteration":{"text":"nādā","language_name":"english","language_id":38}},{"id":2148,"position":3,"audio_url":"wbw/019_003_003.mp3","qpc_uthmani_hafs":"رَبَّهُۥ","char_type_name":"word","page_number":305,"line_number":4,"text":"ﭛ","translation":{"text":"(to) his Lord","language_name":"english","language_id":38},"transliteration":{"text":"rabbahu","language_name":"english","language_id":38}},{"id":2149,"position":4,"audio_url":"wbw/019_003_004.mp3","qpc_uthmani_hafs":"نِدَآءً","char_type_name":"word","page_number":305,"line_number":4,"text":"ﭜ","translation":{"text":"a call ","language_name":"english","language_id":38},"transliteration":{"text":"nidāan","language_name":"english","language_id":38}},{"id":2150,"position":5,"audio_url":"wbw/019_003_005.mp3","qpc_uthmani_hafs":"خَفِيّٗا","char_type_name":"word","page_number":305,"line_number":4,"text":"ﭝ","translation":{"text":"secret","language_name":"english","language_id":38},"transliteration":{"text":"khafiyyan","language_name":"english","language_id":38}},{"id":2151,"position":6,"audio_url":null,"qpc_uthmani_hafs":"٣","char_type_name":"end","page_number":305,"line_number":4,"text":"ﭞ","translation":{"text":"(3)","language_name":"english","language_id":38},"transliteration":{"text":null,"language_name":"english","language_id":38}}],"translations":[{"id":918682,"resource_id":134,"text":"yaitu tatkala ia berdoa kepada Tuhan-nya dengan suara yang lembut."}]},{"id":2254,"verse_number":4,"verse_key":"19:4","juz_number":16,"hizb_number":31,"rub_el_hizb_number":122,"ruku_number":264,"manzil_number":4,"sajdah_number":null,"text_uthmani":"قَالَ رَبِّ إِنِّى وَهَنَ ٱلْعَظْمُ مِنِّى وَٱشْتَعَلَ ٱلرَّأْسُ شَيْبًا وَلَمْ أَكُنۢ بِدُعَآئِكَ رَبِّ شَقِيًّا","page_number":305,"words":[{"id":3449,"position":1,"audio_url":"wbw/019_004_001.mp3","qpc_uthmani_hafs":"قَالَ","char_type_name":"word","page_number":305,"line_number":4,"text":"ﭟ","translation":{"text":"He said","language_name":"english","language_id":38},"transliteration":{"text":"qāla","language_name":"english","language_id":38}},{"id":3450,"position":2,"audio_url":"wbw/019_004_002.mp3","qpc_uthmani_hafs":"رَبِّ","char_type_name":"word","page_number":305,"line_number":4,"text":"ﭠ","translation":{"text":"My Lord","language_name":"english","language_id":38},"transliteration":{"text":"rabbi","language_name":"english","language_id":38}},{"id":3451,"position":3,"audio_url":"wbw/019_004_003.mp3","qpc_uthmani_hafs":"إِنِّي","char_type_name":"word","page_number":305,"line_number":4,"text":"ﭡ","translation":{"text":"Indeed, [I]","language_name":"english","language_id":38},"transliteration":{"text":"innī","language_name":"english","language_id":38}},{"id":3452,"position":4,"audio_url":"wbw/019_004_004.mp3","qpc_uthmani_hafs":"وَهَنَ","char_type_name":"word","page_number":305,"line_number":4,"text":"ﭢ","translation":{"text":"(have) weakened","language_name":"english","language_id":38},"transliteration":{"text":"wahana","language_name":"english","language_id":38}},{"id":3453,"position":5,"audio_url":"wbw/019_004_005.mp3","qpc_uthmani_hafs":"ٱلۡعَظۡمُ","char_type_name":"word","page_number":305,"line_number":4,"text":"ﭣ","translation":{"text":"my bones","language_name":"english","language_id":38},"transliteration":{"text":"l-ʿaẓmu","language_name":"english","language_id":38}},{"id":3454,"position":6,"audio_url":"wbw/019_004_006.mp3","qpc_uthmani_hafs":"مِنِّي","char_type_name":"word","page_number":305,"line_number":5,"text":"ﭤ","translation":{"text":"my bones","language_name":"english","language_id":38},"transliteration":{"text":"minnī","language_name":"english","language_id":38}},{"id":3455,"position":7,"audio_url":"wbw/019_004_007.mp3","qpc_uthmani_hafs":"وَٱشۡتَعَلَ","char_type_name":"word","page_number":305,"line_number":5,"text":"ﭥ","translation":{"text":"and flared","language_name":"english","language_id":38},"transliteration":{"text":"wa-ish'taʿala","language_name":"english","language_id":38}},{"id":3456,"position":8,"audio_url":"wbw/019_004_008.mp3","qpc_uthmani_hafs":"ٱلرَّأۡسُ","char_type_name":"word","page_number":305,"line_number":5,"text":"ﭦ","translation":{"text":"(my) head","language_name":"english","language_id":38},"transliteration":{"text":"l-rasu","language_name":"english","language_id":38}},{"id":3457,"position":9,"audio_url":"wbw/019_004_009.mp3","qpc_uthmani_hafs":"شَيۡبٗا","char_type_name":"word","page_number":305,"line_number":5,"text":"ﭧ","translation":{"text":"(with) white","language_name":"english","language_id":38},"transliteration":{"text":"shayban","language_name":"english","language_id":38}},{"id":3458,"position":10,"audio_url":"wbw/019_004_010.mp3","qpc_uthmani_hafs":"وَلَمۡ","char_type_name":"word","page_number":305,"line_number":5,"text":"ﭨ","translation":{"text":"and not","language_name":"english","language_id":38},"transliteration":{"text":"walam","language_name":"english","language_id":38}},{"id":3459,"position":11,"audio_url":"wbw/019_004_011.mp3","qpc_uthmani_hafs":"أَكُنۢ","char_type_name":"word","page_number":305,"line_number":5,"text":"ﭩ","translation":{"text":"I have been","language_name":"english","language_id":38},"transliteration":{"text":"akun","language_name":"english","language_id":38}},{"id":3460,"position":12,"audio_url":"wbw/019_004_012.mp3","qpc_uthmani_hafs":"بِدُعَآئِكَ","char_type_name":"word","page_number":305,"line_number":5,"text":"ﭪ","translation":{"text":"in (my) supplication (to) You","language_name":"english","language_id":38},"transliteration":{"text":"biduʿāika","language_name":"english","language_id":38}},{"id":3461,"position":13,"audio_url":"wbw/019_004_013.mp3","qpc_uthmani_hafs":"رَبِّ","char_type_name":"word","page_number":305,"line_number":5,"text":"ﭫ","translation":{"text":"my Lord","language_name":"english","language_id":38},"transliteration":{"text":"rabbi","language_name":"english","language_id":38}},{"id":3462,"position":14,"audio_url":"wbw/019_004_014.mp3","qpc_uthmani_hafs":"شَقِيّٗا","char_type_name":"word","page_number":305,"line_number":6,"text":"ﭬ","translation":{"text":"unblessed","language_name":"english","language_id":38},"transliteration":{"text":"shaqiyyan","language_name":"english","language_id":38}},{"id":3463,"position":15,"audio_url":null,"qpc_uthmani_hafs":"٤","char_type_name":"end","page_number":305,"line_number":6,"text":"ﭭ","translation":{"text":"(4)","language_name":"english","language_id":38},"transliteration":{"text":null,"language_name":"english","language_id":38}}],"translations":[{"id":918683,"resource_id":134,"text":"Ia berkata, \"Ya Tuhan-ku, sesungguhnya tulangku telah lemah dan kepalaku telah ditumbuhi uban dan aku belum pernah kecewa dalam berdoa kepada Engkau, ya Tuhan-ku."}]},{"id":2255,"verse_number":5,"verse_key":"19:5","juz_number":16,"hizb_number":31,"rub_el_hizb_number":122,"ruku_number":264,"manzil_number":4,"sajdah_number":null,"text_uthmani":"وَإِنِّى خِفْتُ ٱلْمَوَٰلِىَ مِن وَرَآءِى وَكَانَتِ ٱمْرَأَتِى عَاقِرًا فَهَبْ لِى مِن لَّدُنكَ وَلِيًّا","page_number":305,"words":[{"id":4800,"position":1,"audio_url":"wbw/019_005_001.mp3","qpc_uthmani_hafs":"وَإِنِّي","char_type_name":"word","page_number":305,"line_number":6,"text":"ﭮ","translation":{"text":"And indeed, I","language_name":"english","language_id":38},"transliteration":{"text":"wa-innī","language_name":"english","language_id":38}},{"id":4801,"position":2,"audio_url":"wbw/019_005_002.mp3","qpc_uthmani_hafs":"خِفۡتُ","char_type_name":"word","page_number":305,"line_number":6,"text":"ﭯ","translation":{"text":"[I] fear","language_name":"english","language_id":38},"transliteration":{"text":"khif'tu","language_name":"english","language_id":38}},{"id":4802,"position":3,"audio_url":"wbw/019_005_003.mp3","qpc_uthmani_hafs":"ٱلۡمَوَٰلِيَ","char_type_name":"word","page_number":305,"line_number":6,"text":"ﭰ","translation":{"text":"the successors","language_name":"english","language_id":38},"transliteration":{"text":"l-mawāliya","language_name":"english","language_id":38}},{"id":4803,"position":4,"audio_url":"wbw/019_005_004.mp3","qpc_uthmani_hafs":"مِن","char_type_name":"word","page_number":305,"line_number":6,"text":"ﭱ","translation":{"text":"after me","language_name":"english","language_id":38},"transliteration":{"text":"min","language_name":"english","language_id":38}},{"id":4804,"position":5,"audio_url":"wbw/019_005_005.mp3","qpc_uthmani_hafs":"وَرَآءِي","char_type_name":"word","page_number":305,"line_number":6,"text":"ﭲ","translation":{"text":"after me","language_name":"english","language_id":38},"transliteration":{"text":"warāī","language_name":"english","language_id":38}},{"id":4805,"position":6,"audio_url":"wbw/019_005_006.mp3","qpc_uthmani_hafs":"وَكَانَتِ","char_type_name":"word","page_number":305,"line_number":6,"text":"ﭳ","translation":{"text":"and is","language_name":"english","language_id":38},"transliteration":{"text":"wakānati","language_name":"english","language_id":38}},{"id":4806,"position":7,"audio_url":"wbw/019_005_007.mp3","qpc_uthmani_hafs":"ٱمۡرَأَتِي","char_type_name":"word","page_number":305,"line_number":7,"text":"ﭴ","translation":{"text":"my wife","language_name":"english","language_id":38},"transliteration":{"text":"im'ra-atī","language_name":"english","language_id":38}},{"id":4807,"position":8,"audio_url":"wbw/019_005_008.mp3","qpc_uthmani_hafs":"عَاقِرٗا","char_type_name":"word","page_number":305,"line_number":7,"text":"ﭵ","translation":{"text":"barren","language_name":"english","language_id":38},"transliteration":{"text":"ʿāqiran","language_name":"english","language_id":38}},{"id":4808,"position":9,"audio_url":"wbw/019_005_009.mp3","qpc_uthmani_hafs":"فَهَبۡ","char_type_name":"word","page_number":305,"line_number":7,"text":"ﭶ","translation":{"text":"So give","language_name":"english","language_id":38},"transliteration":{"text":"fahab","language_name":"english","language_id":38}},{"id":4809,"position":10,"audio_url":"wbw/019_005_010.mp3","qpc_uthmani_hafs":"لِي","char_type_name":"word","page_number":305,"line_number":7,"text":"ﭷ","translation":{"text":"[to] me","language_name":"english","language_id":38},"transliteration":{"text":"lī","language_name":"english","language_id":38}},{"id":4810,"position":11,"audio_url":"wbw/019_005_011.mp3","qpc_uthmani_hafs":"مِن","char_type_name":"word","page_number":305,"line_number":7,"text":"ﭸ","translation":{"text":"from","language_name":"english","language_id":38},"transliteration":{"text":"min","language_name":"english","language_id":38}},{"id":4811,"position":12,"audio_url":"wbw/019_005_012.mp3","qpc_uthmani_hafs":"لَّدُنكَ","char_type_name":"word","page_number":305,"line_number":7,"text":"ﭹ","translation":{"text":"Yourself","language_name":"english","language_id":38},"transliteration":{"text":"ladunka","language_name":"english","language_id":38}},{"id":4812,"position":13,"audio_url":"wbw/019_005_013.mp3","qpc_uthmani_hafs":"وَلِيّٗا","char_type_name":"word","page_number":305,"line_number":7,"text":"ﭺ","translation":{"text":"an heir","language_name":"english","language_id":38},"transliteration":{"text":"waliyyan","language_name":"english","language_id":38}},{"id":4813,"position":14,"audio_url":null,"qpc_uthmani_hafs":"٥","char_type_name":"end","page_number":305,"line_number":7,"text":"ﭻ","translation":{"text":"(5)","language_name":"english","language_id":38},"transliteration":{"text":null,"language_name":"english","language_id":38}}],"translations":[{"id":918684,"resource_id":134,"text":"Dan sesungguhnya aku khawatir terhadap mawālīku <sup foot_note=210666>1</sup> sepeninggalku, sedang istriku adalah seorang yang mandul, maka anugerahilah aku dari sisi Engkau seorang putra,"}]},{"id":2256,"verse_number":6,"verse_key":"19:6","juz_number":16,"hizb_number":31,"rub_el_hizb_number":122,"ruku_number":264,"manzil_number":4,"sajdah_number":null,"text_uthmani":"يَرِثُنِى وَيَرِثُ مِنْ ءَالِ يَعْقُوبَ ۖ وَٱجْعَلْهُ رَبِّ رَضِيًّا","page_number":305,"words":[{"id":6042,"position":1,"audio_url":"wbw/019_006_001.mp3","qpc_uthmani_hafs":"يَرِثُنِي","char_type_name":"word","page_number":305,"line_number":7,"text":"ﭼ","translation":{"text":"Who will inherit me","language_name":"english","language_id":38},"transliteration":{"text":"yarithunī","language_name":"english","language_id":38}},{"id":6043,"position":2,"audio_url":"wbw/019_006_002.mp3","qpc_uthmani_hafs":"وَيَرِثُ","char_type_name":"word","page_number":305,"line_number":7,"text":"ﭽ","translation":{"text":"and inherit","language_name":"english","language_id":38},"transliteration":{"text":"wayarithu","language_name":"english","language_id":38}},{"id":6044,"position":3,"audio_url":"wbw/019_006_003.mp3","qpc_uthmani_hafs":"مِنۡ","char_type_name":"word","page_number":305,"line_number":8,"text":"ﭾ","translation":{"text":"from","language_name":"english","language_id":38},"transliteration":{"text":"min","language_name":"english","language_id":38}},{"id":6045,"position":4,"audio_url":"wbw/019_006_004.mp3","qpc_uthmani_hafs":"ءَالِ","char_type_name":"word","page_number":305,"line_number":8,"text":"ﭿ","translation":{"text":"(the) family","language_name":"english","language_id":38},"transliteration":{"text":"āli","language_name":"english","language_id":38}},{"id":6046,"position":5,"audio_url":"wbw/019_006_005.mp3","qpc_uthmani_hafs":"يَعۡقُوبَۖ","char_type_name":"word","page_number":305,"line_number":8,"text":"ﮀﮁ","translation":{"text":"(of) Yaqub","language_name":"english","language_id":38},"transliteration":{"text":"yaʿqūba","language_name":"english","language_id":38}},{"id":6048,"position":6,"audio_url":"wbw/019_006_007.mp3","qpc_uthmani_hafs":"وَٱجۡعَلۡهُ","char_type_name":"word","page_number":305,"line_number":8,"text":"ﮂ","translation":{"text":"And make him","language_name":"english","language_id":38},"transliteration":{"text":"wa-ij'ʿalhu","language_name":"english","language_id":38}},{"id":6049,"position":7,"audio_url":"wbw/019_006_008.mp3","qpc_uthmani_hafs":"رَبِّ","char_type_name":"word","page_number":305,"line_number":8,"text":"ﮃ","translation":{"text":"my Lord","language_name":"english","language_id":38},"transliteration":{"text":"rabbi","language_name":"english","language_id":38}},{"id":6050,"position":8,"audio_url":"wbw/019_006_009.mp3","qpc_uthmani_hafs":"رَضِيّٗا","char_type_name":"word","page_number":305,"line_number":8,"text":"ﮄ","translation":{"text":"pleasing","language_name":"english","language_id":38},"transliteration":{"text":"raḍiyyan","language_name":"english","language_id":38}},{"id":6051,"position":9,"audio_url":null,"qpc_uthmani_hafs":"٦","char_type_name":"end","page_number":305,"line_number":8,"text":"ﮅ","translation":{"text":"(6)","language_name":"english","language_id":38},"transliteration":{"text":null,"language_name":"english","language_id":38}}],"translations":[{"id":918685,"resource_id":134,"text":"yang akan mewarisi aku dan mewarisi sebagian keluarga Ya`qūb dan jadikanlah ia, ya Tuhan-ku, seorang yang diridai\"."}]},{"id":2257,"verse_number":7,"verse_key":"19:7","juz_number":16,"hizb_number":31,"rub_el_hizb_number":122,"ruku_number":264,"manzil_number":4,"sajdah_number":null,"text_uthmani":"يَـٰزَكَرِيَّآ إِنَّا نُبَشِّرُكَ بِغُلَـٰمٍ ٱسْمُهُۥ يَحْيَىٰ لَمْ نَجْعَل لَّهُۥ مِن قَبْلُ سَمِيًّا","page_number":305,"words":[{"id":7365,"position":1,"audio_url":"wbw/019_007_001.mp3","qpc_uthmani_hafs":"يَٰزَكَرِيَّآ","char_type_name":"word","page_number":305,"line_number":8,"text":"ﮆ","translation":{"text":"O Zakariya","language_name":"english","language_id":38},"transliteration":{"text":"yāzakariyyā","language_name":"english","language_id":38}},{"id":7366,"position":2,"audio_url":"wbw/019_007_002.mp3","qpc_uthmani_hafs":"إِنَّا","char_type_name":"word","page_number":305,"line_number":9,"text":"ﮇ","translation":{"text":"Indeed, We","language_name":"english","language_id":38},"transliteration":{"text":"innā","language_name":"english","language_id":38}},{"id":7367,"position":3,"audio_url":"wbw/019_007_003.mp3","qpc_uthmani_hafs":"نُبَشِّرُكَ","char_type_name":"word","page_number":305,"line_number":9,"text":"ﮈ","translation":{"text":"[We] give you glad tidings","language_name":"english","language_id":38},"transliteration":{"text":"nubashiruka","language_name":"english","language_id":38}},{"id":7368,"position":4,"audio_url":"wbw/019_007_004.mp3","qpc_uthmani_hafs":"بِغُلَٰمٍ","char_type_name":"word","page_number":305,"line_number":9,"text":"ﮉ","translation":{"text":"of a boy","language_name":"english","language_id":38},"transliteration":{"text":"bighulāmin","language_name":"english","language_id":38}},{"id":7369,"position":5,"audio_url":"wbw/019_007_005.mp3","qpc_uthmani_hafs":"ٱسۡمُهُۥ","char_type_name":"word","page_number":305,"line_number":9,"text":"ﮊ","translation":{"text":"his name","language_name":"english","language_id":38},"transliteration":{"text":"us'muhu","language_name":"english","language_id":38}},{"id":7370,"position":6,"audio_url":"wbw/019_007_006.mp3","qpc_uthmani_hafs":"يَحۡيَىٰ","char_type_name":"word","page_number":305,"line_number":9,"text":"ﮋ","translation":{"text":"(will be) Yahya","language_name":"english","language_id":38},"transliteration":{"text":"yaḥyā","language_name":"english","language_id":38}},{"id":7371,"position":7,"audio_url":"wbw/019_007_007.mp3","qpc_uthmani_hafs":"لَمۡ","char_type_name":"word","page_number":305,"line_number":9,"text":"ﮌ","translation":{"text":"not","language_name":"english","language_id":38},"transliteration":{"text":"lam","language_name":"english","language_id":38}},{"id":7372,"position":8,"audio_url":"wbw/019_007_008.mp3","qpc_uthmani_hafs":"نَجۡعَل","char_type_name":"word","page_number":305,"line_number":9,"text":"ﮍ","translation":{"text":"We (have) assigned","language_name":"english","language_id":38},"transliteration":{"text":"najʿal","language_name":"english","language_id":38}},{"id":7373,"position":9,"audio_url":"wbw/019_007_009.mp3","qpc_uthmani_hafs":"لَّهُۥ","char_type_name":"word","page_number":305,"line_number":9,"text":"ﮎ","translation":{"text":"[for] it","language_name":"english","language_id":38},"transliteration":{"text":"lahu","language_name":"english","language_id":38}},{"id":7374,"position":10,"audio_url":"wbw/019_007_010.mp3","qpc_uthmani_hafs":"مِن","char_type_name":"word","page_number":305,"line_number":9,"text":"ﮏ","translation":{"text":"before","language_name":"english","language_id":38},"transliteration":{"text":"min","language_name":"english","language_id":38}},{"id":7375,"position":11,"audio_url":"wbw/019_007_011.mp3","qpc_uthmani_hafs":"قَبۡلُ","char_type_name":"word","page_number":305,"line_number":9,"text":"ﮐ","translation":{"text":"before","language_name":"english","language_id":38},"transliteration":{"text":"qablu","language_name":"english","language_id":38}},{"id":7376,"position":12,"audio_url":"wbw/019_007_012.mp3","qpc_uthmani_hafs":"سَمِيّٗا","char_type_name":"word","page_number":305,"line_number":9,"text":"ﮑ","translation":{"text":"(this) name","language_name":"english","language_id":38},"transliteration":{"text":"samiyyan","language_name":"english","language_id":38}},{"id":7377,"position":13,"audio_url":null,"qpc_uthmani_hafs":"٧","char_type_name":"end","page_number":305,"line_number":10,"text":"ﮒ","translation":{"text":"(7)","language_name":"english","language_id":38},"transliteration":{"text":null,"language_name":"english","language_id":38}}],"translations":[{"id":918686,"resource_id":134,"text":"Hai Zakariyyā, sesungguhnya Kami memberi kabar gembira kepadamu akan (beroleh) seorang anak yang namanya Yaḥyā, yang sebelumnya Kami belum pernah menciptakan orang yang serupa dengan dia."}]},{"id":2258,"verse_number":8,"verse_key":"19:8","juz_number":16,"hizb_number":31,"rub_el_hizb_number":122,"ruku_number":264,"manzil_number":4,"sajdah_number":null,"text_uthmani":"قَالَ رَبِّ أَنَّىٰ يَكُونُ لِى غُلَـٰمٌ وَكَانَتِ ٱمْرَأَتِى عَاقِرًا وَقَدْ بَلَغْتُ مِنَ ٱلْكِبَرِ عِتِيًّا","page_number":305,"words":[{"id":8652,"position":1,"audio_url":"wbw/019_008_001.mp3","qpc_uthmani_hafs":"قَالَ","char_type_name":"word","page_number":305,"line_number":10,"text":"ﮓ","translation":{"text":"He said","language_name":"english","language_id":38},"transliteration":{"text":"qāla","language_name":"english","language_id":38}},{"id":8653,"position":2,"audio_url":"wbw/019_008_002.mp3","qpc_uthmani_hafs":"رَبِّ","char_type_name":"word","page_number":305,"line_number":10,"text":"ﮔ","translation":{"text":"My Lord","language_name":"english","language_id":38},"transliteration":{"text":"rabbi","language_name":"english","language_id":38}},{"id":8654,"position":3,"audio_url":"wbw/019_008_003.mp3","qpc_uthmani_hafs":"أَنَّىٰ","char_type_name":"word","page_number":305,"line_number":10,"text":"ﮕ","translation":{"text":"How","language_name":"english","language_id":38},"transliteration":{"text":"annā","language_name":"english","language_id":38}},{"id":8655,"position":4,"audio_url":"wbw/019_008_004.mp3","qpc_uthmani_hafs":"يَكُونُ","char_type_name":"word","page_number":305,"line_number":10,"text":"ﮖ","translation":{"text":"can","language_name":"english","language_id":38},"transliteration":{"text":"yakūnu","language_name":"english","language_id":38}},{"id":8656,"position":5,"audio_url":"wbw/019_008_005.mp3","qpc_uthmani_hafs":"لِي","char_type_name":"word","page_number":305,"line_number":10,"text":"ﮗ","translation":{"text":"I have","language_name":"english","language_id":38},"transliteration":{"text":"lī","language_name":"english","language_id":38}},{"id":8657,"position":6,"audio_url":"wbw/019_008_006.mp3","qpc_uthmani_hafs":"غُلَٰمٞ","char_type_name":"word","page_number":305,"line_number":10,"text":"ﮘ","translation":{"text":"a boy","language_name":"english","language_id":38},"transliteration":{"text":"ghulāmun","language_name":"english","language_id":38}},{"id":8658,"position":7,"audio_url":"wbw/019_008_007.mp3","qpc_uthmani_hafs":"وَكَانَتِ","char_type_name":"word","page_number":305,"line_number":10,"text":"ﮙ","translation":{"text":"while is","language_name":"english","language_id":38},"transliteration":{"text":"wakānati","language_name":"english","language_id":38}},{"id":8659,"position":8,"audio_url":"wbw/019_008_008.mp3","qpc_uthmani_hafs":"ٱمۡرَأَتِي","char_type_name":"word","page_number":305,"line_number":10,"text":"ﮚ","translation":{"text":"my wife","language_name":"english","language_id":38},"transliteration":{"text":"im'ra-atī","language_name":"english","language_id":38}},{"id":8660,"position":9,"audio_url":"wbw/019_008_009.mp3","qpc_uthmani_hafs":"عَاقِرٗا","char_type_name":"word","page_number":305,"line_number":11,"text":"ﮛ","translation":{"text":"barren","language_name":"english","language_id":38},"transliteration":{"text":"ʿāqiran","language_name":"english","language_id":38}},{"id":8661,"position":10,"audio_url":"wbw/019_008_010.mp3","qpc_uthmani_hafs":"وَقَدۡ","char_type_name":"word","page_number":305,"line_number":11,"text":"ﮜ","translation":{"text":"and indeed","language_name":"english","language_id":38},"transliteration":{"text":"waqad","language_name":"english","language_id":38}},{"id":8662,"position":11,"audio_url":"wbw/019_008_011.mp3","qpc_uthmani_hafs":"بَلَغۡتُ","char_type_name":"word","page_number":305,"line_number":11,"text":"ﮝ","translation":{"text":"I have reached","language_name":"english","language_id":38},"transliteration":{"text":"balaghtu","language_name":"english","language_id":38}},{"id":8663,"position":12,"audio_url":"wbw/019_008_012.mp3","qpc_uthmani_hafs":"مِنَ","char_type_name":"word","page_number":305,"line_number":11,"text":"ﮞ","translation":{"text":"of","language_name":"english","language_id":38},"transliteration":{"text":"mina","language_name":"english","language_id":38}},{"id":8664,"position":13,"audio_url":"wbw/019_008_013.mp3","qpc_uthmani_hafs":"ٱلۡكِبَرِ","char_type_name":"word","page_number":305,"line_number":11,"text":"ﮟ","translation":{"text":"the old age","language_name":"english","language_id":38},"transliteration":{"text":"l-kibari","language_name":"english","language_id":38}},{"id":8665,"position":14,"audio_url":"wbw/019_008_014.mp3","qpc_uthmani_hafs":"عِتِيّٗا","char_type_name":"word","page_number":305,"line_number":11,"text":"ﮠ","translation":{"text":"extreme","language_name":"english","language_id":38},"transliteration":{"text":"ʿitiyyan","language_name":"english","language_id":38}},{"id":8666,"position":15,"audio_url":null,"qpc_uthmani_hafs":"٨","char_type_name":"end","page_number":305,"line_number":11,"text":"ﮡ","translation":{"text":"(8)","language_name":"english","language_id":38},"transliteration":{"text":null,"language_name":"english","language_id":38}}],"translations":[{"id":918687,"resource_id":134,"text":"Zakariyyā berkata, \"Ya Tuhan-ku, bagaimana akan ada anak bagiku, padahal istriku adalah seorang yang mandul dan aku (sendiri) sesungguhnya sudah mencapai umur yang sangat tua\"."}]},{"id":2259,"verse_number":9,"verse_key":"19:9","juz_number":16,"hizb_number":31,"rub_el_hizb_number":122,"ruku_number":264,"manzil_number":4,"sajdah_number":null,"text_uthmani":"قَالَ كَذَٰلِكَ قَالَ رَبُّكَ هُوَ عَلَىَّ هَيِّنٌ وَقَدْ خَلَقْتُكَ مِن قَبْلُ وَلَمْ تَكُ شَيْـًٔا","page_number":305,"words":[{"id":9853,"position":1,"audio_url":"wbw/019_009_001.mp3","qpc_uthmani_hafs":"قَالَ","char_type_name":"word","page_number":305,"line_number":11,"text":"ﮢ","translation":{"text":"He said","language_name":"english","language_id":38},"transliteration":{"text":"qāla","language_name":"english","language_id":38}},{"id":9854,"position":2,"audio_url":"wbw/019_009_002.mp3","qpc_uthmani_hafs":"كَذَٰلِكَ","char_type_name":"word","page_number":305,"line_number":11,"text":"ﮣ","translation":{"text":"Thus","language_name":"english","language_id":38},"transliteration":{"text":"kadhālika","language_name":"english","language_id":38}},{"id":9855,"position":3,"audio_url":"wbw/019_009_003.mp3","qpc_uthmani_hafs":"قَالَ","char_type_name":"word","page_number":305,"line_number":12,"text":"ﮤ","translation":{"text":"said","language_name":"english","language_id":38},"transliteration":{"text":"qāla","language_name":"english","language_id":38}},{"id":9856,"position":4,"audio_url":"wbw/019_009_004.mp3","qpc_uthmani_hafs":"رَبُّكَ","char_type_name":"word","page_number":305,"line_number":12,"text":"ﮥ","translation":{"text":"your Lord","language_name":"english","language_id":38},"transliteration":{"text":"rabbuka","language_name":"english","language_id":38}},{"id":9857,"position":5,"audio_url":"wbw/019_009_005.mp3","qpc_uthmani_hafs":"هُوَ","char_type_name":"word","page_number":305,"line_number":12,"text":"ﮦ","translation":{"text":"'It","language_name":"english","language_id":38},"transliteration":{"text":"huwa","language_name":"english","language_id":38}},{"id":9858,"position":6,"audio_url":"wbw/019_009_006.mp3","qpc_uthmani_hafs":"عَلَيَّ","char_type_name":"word","page_number":305,"line_number":12,"text":"ﮧ","translation":{"text":"(is) easy for Me","language_name":"english","language_id":38},"transliteration":{"text":"ʿalayya","language_name":"english","language_id":38}},{"id":9859,"position":7,"audio_url":"wbw/019_009_007.mp3","qpc_uthmani_hafs":"هَيِّنٞ","char_type_name":"word","page_number":305,"line_number":12,"text":"ﮨ","translation":{"text":"(is) easy for Me","language_name":"english","language_id":38},"transliteration":{"text":"hayyinun","language_name":"english","language_id":38}},{"id":9860,"position":8,"audio_url":"wbw/019_009_008.mp3","qpc_uthmani_hafs":"وَقَدۡ","char_type_name":"word","page_number":305,"line_number":12,"text":"ﮩ","translation":{"text":"and certainly","language_name":"english","language_id":38},"transliteration":{"text":"waqad","language_name":"english","language_id":38}},{"id":9861,"position":9,"audio_url":"wbw/019_009_009.mp3","qpc_uthmani_hafs":"خَلَقۡتُكَ","char_type_name":"word","page_number":305,"line_number":12,"text":"ﮪ","translation":{"text":"I (have) created you","language_name":"english","language_id":38},"transliteration":{"text":"khalaqtuka","language_name":"english","language_id":38}},{"id":9862,"position":10,"audio_url":"wbw/019_009_010.mp3","qpc_uthmani_hafs":"مِن","char_type_name":"word","page_number":305,"line_number":12,"text":"ﮫ","translation":{"text":"before","language_name":"english","language_id":38},"transliteration":{"text":"min","language_name":"english","language_id":38}},{"id":9863,"position":11,"audio_url":"wbw/019_009_011.mp3","qpc_uthmani_hafs":"قَبۡلُ","char_type_name":"word","page_number":305,"line_number":12,"text":"ﮬ","translation":{"text":"before","language_name":"english","language_id":38},"transliteration":{"text":"qablu","language_name":"english","language_id":38}},{"id":9864,"position":12,"audio_url":"wbw/019_009_012.mp3","qpc_uthmani_hafs":"وَلَمۡ","char_type_name":"word","page_number":305,"line_number":12,"text":"ﮭ","translation":{"text":"while not","language_name":"english","language_id":38},"transliteration":{"text":"walam","language_name":"english","language_id":38}},{"id":9865,"position":13,"audio_url":"wbw/019_009_013.mp3","qpc_uthmani_hafs":"تَكُ","char_type_name":"word","page_number":305,"line_number":12,"text":"ﮮ","translation":{"text":"you were","language_name":"english","language_id":38},"transliteration":{"text":"taku","language_name":"english","language_id":38}},{"id":9866,"position":14,"audio_url":"wbw/019_009_014.mp3","qpc_uthmani_hafs":"شَيۡـٔٗا","char_type_name":"word","page_number":305,"line_number":13,"text":"ﮯ","translation":{"text":"anything.'","language_name":"english","language_id":38},"transliteration":{"text":"shayan","language_name":"english","language_id":38}},{"id":9867,"position":15,"audio_url":null,"qpc_uthmani_hafs":"٩","char_type_name":"end","page_number":305,"line_number":13,"text":"ﮰ","translation":{"text":"(9)","language_name":"english","language_id":38},"transliteration":{"text":null,"language_name":"english","language_id":38}}],"translations":[{"id":918688,"resource_id":134,"text":"Tuhan berfirman, \"Demikianlah\".  Tuhan berfirman, \"Hal itu adalah mudah bagi-Ku dan sesunguhnya telah Aku ciptakan kamu sebelum itu, padahal kamu (di waktu itu) belum ada sama sekali\"."}]},{"id":2260,"verse_number":10,"verse_key":"19:10","juz_number":16,"hizb_number":31,"rub_el_hizb_number":122,"ruku_number":264,"manzil_number":4,"sajdah_number":null,"text_uthmani":"قَالَ رَبِّ ٱجْعَل لِّىٓ ءَايَةً ۚ قَالَ ءَايَتُكَ أَلَّا تُكَلِّمَ ٱلنَّاسَ ثَلَـٰثَ لَيَالٍ سَوِيًّا","page_number":305,"words":[{"id":11044,"position":1,"audio_url":"wbw/019_010_001.mp3","qpc_uthmani_hafs":"قَالَ","char_type_name":"word","page_number":305,"line_number":13,"text":"ﮱ","translation":{"text":"He said","language_name":"english","language_id":38},"transliteration":{"text":"qāla","language_name":"english","language_id":38}},{"id":11045,"position":2,"audio_url":"wbw/019_010_002.mp3","qpc_uthmani_hafs":"رَبِّ","char_type_name":"word","page_number":305,"line_number":13,"text":"ﯓ","translation":{"text":"My Lord","language_name":"english","language_id":38},"transliteration":{"text":"rabbi","language_name":"english","language_id":38}},{"id":11046,"position":3,"audio_url":"wbw/019_010_003.mp3","qpc_uthmani_hafs":"ٱجۡعَل","char_type_name":"word","page_number":305,"line_number":13,"text":"ﯔ","translation":{"text":"Make","language_name":"english","language_id":38},"transliteration":{"text":"ij'ʿal","language_name":"english","language_id":38}},{"id":11047,"position":4,"audio_url":"wbw/019_010_004.mp3","qpc_uthmani_hafs":"لِّيٓ","char_type_name":"word","page_number":305,"line_number":13,"text":"ﯕ","translation":{"text":"for me","language_name":"english","language_id":38},"transliteration":{"text":"lī","language_name":"english","language_id":38}},{"id":11048,"position":5,"audio_url":"wbw/019_010_005.mp3","qpc_uthmani_hafs":"ءَايَةٗۖ","char_type_name":"word","page_number":305,"line_number":13,"text":"ﯖﯗ","translation":{"text":"a sign","language_name":"english","language_id":38},"transliteration":{"text":"āyatan","language_name":"english","language_id":38}},{"id":11050,"position":6,"audio_url":"wbw/019_010_007.mp3","qpc_uthmani_hafs":"قَالَ","char_type_name":"word","page_number":305,"line_number":13,"text":"ﯘ","translation":{"text":"He said","language_name":"english","language_id":38},"transliteration":{"text":"qāla","language_name":"english","language_id":38}},{"id":11051,"position":7,"audio_url":"wbw/019_010_008.mp3","qpc_uthmani_hafs":"ءَايَتُكَ","char_type_name":"word","page_number":305,"line_number":13,"text":"ﯙ","translation":{"text":"Your sign","language_name":"english","language_id":38},"transliteration":{"text":"āyatuka","language_name":"english","language_id":38}},{"id":11052,"position":8,"audio_url":"wbw/019_010_009.mp3","qpc_uthmani_hafs":"أَلَّا","char_type_name":"word","page_number":305,"line_number":13,"text":"ﯚ","translation":{"text":"(is) that not","language_name":"english","language_id":38},"transliteration":{"text":"allā","language_name":"english","language_id":38}},{"id":11053,"position":9,"audio_url":"wbw/019_010_010.mp3","qpc_uthmani_hafs":"تُكَلِّمَ","char_type_name":"word","page_number":305,"line_number":14,"text":"ﯛ","translation":{"text":"you will speak","language_name":"english","language_id":38},"transliteration":{"text":"tukallima","language_name":"english","language_id":38}},{"id":11054,"position":10,"audio_url":"wbw/019_010_011.mp3","qpc_uthmani_hafs":"ٱلنَّاسَ","char_type_name":"word","page_number":305,"line_number":14,"text":"ﯜ","translation":{"text":"(to) the people","language_name":"english","language_id":38},"transliteration":{"text":"l-nāsa","language_name":"english","language_id":38}},{"id":11055,"position":11,"audio_url":"wbw/019_010_012.mp3","qpc_uthmani_hafs":"ثَلَٰثَ","char_type_name":"word","page_number":305,"line_number":14,"text":"ﯝ","translation":{"text":"(for) three","language_name":"english","language_id":38},"transliteration":{"text":"thalātha","language_name":"english","language_id":38}},{"id":11056,"position":12,"audio_url":"wbw/019_010_013.mp3","qpc_uthmani_hafs":"لَيَالٖ","char_type_name":"word","page_number":305,"line_number":14,"text":"ﯞ","translation":{"text":"nights","language_name":"english","language_id":38},"transliteration":{"text":"layālin","language_name":"english","language_id":38}},{"id":11057,"position":13,"audio_url":"wbw/019_010_014.mp3","qpc_uthmani_hafs":"سَوِيّٗا","char_type_name":"word","page_number":305,"line_number":14,"text":"ﯟ","translation":{"text":"sound","language_name":"english","language_id":38},"transliteration":{"text":"sawiyyan","language_name":"english","language_id":38}},{"id":11058,"position":14,"audio_url":null,"qpc_uthmani_hafs":"١٠","char_type_name":"end","page_number":305,"line_number":14,"text":"ﯠ","translation":{"text":"(10)","language_name":"english","language_id":38},"transliteration":{"text":null,"language_name":"english","language_id":38}}],"translations":[{"id":918689,"resource_id":134,"text":"Zakariyyā berkata, \"Ya Tuhan-ku, berilah aku suatu tanda\".  Tuhan berfirman, \"Tanda bagimu ialah bahwa kamu tidak dapat bercakap-cakap dengan manusia selama tiga malam, padahal kamu sehat\"."}]},{"id":2261,"verse_number":11,"verse_key":"19:11","juz_number":16,"hizb_number":31,"rub_el_hizb_number":122,"ruku_number":264,"manzil_number":4,"sajdah_number":null,"text_uthmani":"فَخَرَجَ عَلَىٰ قَوْمِهِۦ مِنَ ٱلْمِحْرَابِ فَأَوْحَىٰٓ إِلَيْهِمْ أَن سَبِّحُوا۟ بُكْرَةً وَعَشِيًّا","page_number":305,"words":[{"id":12318,"position":1,"audio_url":"wbw/019_011_001.mp3","qpc_uthmani_hafs":"فَخَرَجَ","char_type_name":"word","page_number":305,"line_number":14,"text":"ﯡ","translation":{"text":"Then he came out","language_name":"english","language_id":38},"transliteration":{"text":"fakharaja","language_name":"english","language_id":38}},{"id":12319,"position":2,"audio_url":"wbw/019_011_002.mp3","qpc_uthmani_hafs":"عَلَىٰ","char_type_name":"word","page_number":305,"line_number":14,"text":"ﯢ","translation":{"text":"to","language_name":"english","language_id":38},"transliteration":{"text":"ʿalā","language_name":"english","language_id":38}},{"id":12320,"position":3,"audio_url":"wbw/019_011_003.mp3","qpc_uthmani_hafs":"قَوۡمِهِۦ","char_type_name":"word","page_number":305,"line_number":14,"text":"ﯣ","translation":{"text":"his people","language_name":"english","language_id":38},"transliteration":{"text":"qawmihi","language_name":"english","language_id":38}},{"id":12321,"position":4,"audio_url":"wbw/019_011_004.mp3","qpc_uthmani_hafs":"مِنَ","char_type_name":"word","page_number":305,"line_number":15,"text":"ﯤ","translation":{"text":"from","language_name":"english","language_id":38},"transliteration":{"text":"mina","language_name":"english","language_id":38}},{"id":12322,"position":5,"audio_url":"wbw/019_011_005.mp3","qpc_uthmani_hafs":"ٱلۡمِحۡرَابِ","char_type_name":"word","page_number":305,"line_number":15,"text":"ﯥ","translation":{"text":"the prayer chamber","language_name":"english","language_id":38},"transliteration":{"text":"l-miḥ'rābi","language_name":"english","language_id":38}},{"id":12323,"position":6,"audio_url":"wbw/019_011_006.mp3","qpc_uthmani_hafs":"فَأَوۡحَىٰٓ","char_type_name":"word","page_number":305,"line_number":15,"text":"ﯦ","translation":{"text":"and he signaled","language_name":"english","language_id":38},"transliteration":{"text":"fa-awḥā","language_name":"english","language_id":38}},{"id":12324,"position":7,"audio_url":"wbw/019_011_007.mp3","qpc_uthmani_hafs":"إِلَيۡهِمۡ","char_type_name":"word","page_number":305,"line_number":15,"text":"ﯧ","translation":{"text":"to them","language_name":"english","language_id":38},"transliteration":{"text":"ilayhim","language_name":"english","language_id":38}},{"id":12325,"position":8,"audio_url":"wbw/019_011_008.mp3","qpc_uthmani_hafs":"أَن","char_type_name":"word","page_number":305,"line_number":15,"text":"ﯨ","translation":{"text":"to","language_name":"english","language_id":38},"transliteration":{"text":"an","language_name":"english","language_id":38}},{"id":12326,"position":9,"audio_url":"wbw/019_011_009.mp3","qpc_uthmani_hafs":"سَبِّحُواْ","char_type_name":"word","page_number":305,"line_number":15,"text":"ﯩ","translation":{"text":"glorify (Allah)","language_name":"english","language_id":38},"transliteration":{"text":"sabbiḥū","language_name":"english","language_id":38}},{"id":12327,"position":10,"audio_url":"wbw/019_011_010.mp3","qpc_uthmani_hafs":"بُكۡرَةٗ","char_type_name":"word","page_number":305,"line_number":15,"text":"ﯪ","translation":{"text":"(in) the morning","language_name":"english","language_id":38},"transliteration":{"text":"buk'ratan","language_name":"english","language_id":38}},{"id":12328,"position":11,"audio_url":"wbw/019_011_011.mp3","qpc_uthmani_hafs":"وَعَشِيّٗا","char_type_name":"word","page_number":305,"line_number":15,"text":"ﯫ","translation":{"text":"and (in) the evening","language_name":"english","language_id":38},"transliteration":{"text":"waʿashiyyan","language_name":"english","language_id":38}},{"id":12329,"position":12,"audio_url":null,"qpc_uthmani_hafs":"١١","char_type_name":"end","page_number":305,"line_number":15,"text":"ﯬ","translation":{"text":"(11)","language_name":"english","language_id":38},"transliteration":{"text":null,"language_name":"english","language_id":38}}],"translations":[{"id":918690,"resource_id":134,"text":"Maka ia keluar dari mihrab menuju kaumnya, lalu ia memberi isyarat kepada mereka; hendaklah kamu bertasbih di waktu pagi dan petang."}]}],"pagination":{"per_page":50,"current_page":1,"next_page":null,"total_pages":1,"total_records":11}}