{"verses":[{"id":2276,"verse_number":26,"verse_key":"19:26","juz_number":16,"hizb_number":31,"rub_el_hizb_number":123,"ruku_number":265,"manzil_number":4,"sajdah_number":null,"text_uthmani":"فَكُلِى وَٱشْرَبِى وَقَرِّى عَيْنًا ۖ فَإِمَّا تَرَيِنَّ مِنَ ٱلْبَشَرِ أَحَدًا فَقُولِىٓ إِنِّى نَذَرْتُ لِلرَّحْمَـٰنِ صَوْمًا فَلَنْ أُكَلِّمَ ٱلْيَوْمَ إِنسِيًّا","page_number":307,"words":[{"id":28742,"position":1,"audio_url":"wbw/019_026_001.mp3","qpc_uthmani_hafs":"فَكُلِي","char_type_name":"word","page_number":307,"line_number":1,"text":"ﭑ","translation":{"text":"So eat","language_name":"english","language_id":38},"transliteration":{"text":"fakulī","language_name":"english","language_id":38}},{"id":28743,"position":2,"audio_url":"wbw/019_026_002.mp3","qpc_uthmani_hafs":"وَٱشۡرَبِي","char_type_name":"word","page_number":307,"line_number":1,"text":"ﭒ","translation":{"text":"and drink","language_name":"english","language_id":38},"transliteration":{"text":"wa-ish'rabī","language_name":"english","language_id":38}},{"id":28744,"position":3,"audio_url":"wbw/019_026_003.mp3","qpc_uthmani_hafs":"وَقَرِّي","char_type_name":"word","page_number":307,"line_number":1,"text":"ﭓ","translation":{"text":"and cool","language_name":"english","language_id":38},"transliteration":{"text":"waqarrī","language_name":"english","language_id":38}},{"id":28745,"position":4,"audio_url":"wbw/019_026_004.mp3","qpc_uthmani_hafs":"عَيۡنٗاۖ","char_type_name":"word","page_number":307,"line_number":1,"text":"ﭔﭕ","translation":{"text":"(your) eyes","language_name":"english","language_id":38},"transliteration":{"text":"ʿaynan","language_name":"english","language_id":38}},{"id":28747,"position":5,"audio_url":"wbw/019_026_006.mp3","qpc_uthmani_hafs":"فَإِمَّا","char_type_name":"word","page_number":307,"line_number":1,"text":"ﭖ","translation":{"text":"And if","language_name":"english","language_id":38},"transliteration":{"text":"fa-immā","language_name":"english","language_id":38}},{"id":28748,"position":6,"audio_url":"wbw/019_026_007.mp3","qpc_uthmani_hafs":"تَرَيِنَّ","char_type_name":"word","page_number":307,"line_number":1,"text":"ﭗ","translation":{"text":"you see","language_name":"english","language_id":38},"transliteration":{"text":"tarayinna","language_name":"english","language_id":38}},{"id":28749,"position":7,"audio_url":"wbw/019_026_008.mp3","qpc_uthmani_hafs":"مِنَ","char_type_name":"word","page_number":307,"line_number":1,"text":"ﭘ","translation":{"text":"from","language_name":"english","language_id":38},"transliteration":{"text":"mina","language_name":"english","language_id":38}},{"id":28750,"position":8,"audio_url":"wbw/019_026_009.mp3","qpc_uthmani_hafs":"ٱلۡبَشَرِ","char_type_name":"word","page_number":307,"line_number":1,"text":"ﭙ","translation":{"text":"human being","language_name":"english","language_id":38},"transliteration":{"text":"l-bashari","language_name":"english","language_id":38}},{"id":28751,"position":9,"audio_url":"wbw/019_026_010.mp3","qpc_uthmani_hafs":"أَحَدٗا","char_type_name":"word","page_number":307,"line_number":1,"text":"ﭚ","translation":{"text":"anyone","language_name":"english","language_id":38},"transliteration":{"text":"aḥadan","language_name":"english","language_id":38}},{"id":28752,"position":10,"audio_url":"wbw/019_026_011.mp3","qpc_uthmani_hafs":"فَقُولِيٓ","char_type_name":"word","page_number":307,"line_number":1,"text":"ﭛ","translation":{"text":"then say","language_name":"english","language_id":38},"transliteration":{"text":"faqūlī","language_name":"english","language_id":38}},{"id":28753,"position":11,"audio_url":"wbw/019_026_012.mp3","qpc_uthmani_hafs":"إِنِّي","char_type_name":"word","page_number":307,"line_number":2,"text":"ﭜ","translation":{"text":"Indeed, I","language_name":"english","language_id":38},"transliteration":{"text":"innī","language_name":"english","language_id":38}},{"id":28754,"position":12,"audio_url":"wbw/019_026_013.mp3","qpc_uthmani_hafs":"نَذَرۡتُ","char_type_name":"word","page_number":307,"line_number":2,"text":"ﭝ","translation":{"text":"[I] have vowed","language_name":"english","language_id":38},"transliteration":{"text":"nadhartu","language_name":"english","language_id":38}},{"id":28755,"position":13,"audio_url":"wbw/019_026_014.mp3","qpc_uthmani_hafs":"لِلرَّحۡمَٰنِ","char_type_name":"word","page_number":307,"line_number":2,"text":"ﭞ","translation":{"text":"to the Most Gracious","language_name":"english","language_id":38},"transliteration":{"text":"lilrraḥmāni","language_name":"english","language_id":38}},{"id":28756,"position":14,"audio_url":"wbw/019_026_015.mp3","qpc_uthmani_hafs":"صَوۡمٗا","char_type_name":"word","page_number":307,"line_number":2,"text":"ﭟ","translation":{"text":"a fast","language_name":"english","language_id":38},"transliteration":{"text":"ṣawman","language_name":"english","language_id":38}},{"id":28757,"position":15,"audio_url":"wbw/019_026_016.mp3","qpc_uthmani_hafs":"فَلَنۡ","char_type_name":"word","page_number":307,"line_number":2,"text":"ﭠ","translation":{"text":"so not","language_name":"english","language_id":38},"transliteration":{"text":"falan","language_name":"english","language_id":38}},{"id":28758,"position":16,"audio_url":"wbw/019_026_017.mp3","qpc_uthmani_hafs":"أُكَلِّمَ","char_type_name":"word","page_number":307,"line_number":2,"text":"ﭡ","translation":{"text":"I will speak","language_name":"english","language_id":38},"transliteration":{"text":"ukallima","language_name":"english","language_id":38}},{"id":28759,"position":17,"audio_url":"wbw/019_026_018.mp3","qpc_uthmani_hafs":"ٱلۡيَوۡمَ","char_type_name":"word","page_number":307,"line_number":2,"text":"ﭢ","translation":{"text":"today","language_name":"english","language_id":38},"transliteration":{"text":"l-yawma","language_name":"english","language_id":38}},{"id":28760,"position":18,"audio_url":"wbw/019_026_019.mp3","qpc_uthmani_hafs":"إِنسِيّٗا","char_type_name":"word","page_number":307,"line_number":2,"text":"ﭣ","translation":{"text":"(to any) human being","language_name":"english","language_id":38},"transliteration":{"text":"insiyyan","language_name":"english","language_id":38}},{"id":28761,"position":19,"audio_url":null,"qpc_uthmani_hafs":"٢٦","char_type_name":"end","page_number":307,"line_number":2,"text":"ﭤ","translation":{"text":"(26)","language_name":"english","language_id":38},"transliteration":{"text":null,"language_name":"english","language_id":38}}],"translations":[{"id":918705,"resource_id":134,"text":"maka makan, minum, dan bersenang hatilah kamu.  Jika kamu melihat seorang manusia, maka katakanlah, \"Sesungguhnya aku telah bernazar berpuasa untuk Tuhan Yang Maha Pemurah, maka aku tidak akan berbicara dengan seorang manusia pun pada hari ini\"."}]},{"id":2277,"verse_number":27,"verse_key":"19:27","juz_number":16,"hizb_number":31,"rub_el_hizb_number":123,"ruku_number":265,"manzil_number":4,"sajdah_number":null,"text_uthmani":"فَأَتَتْ بِهِۦ قَوْمَهَا تَحْمِلُهُۥ ۖ قَالُوا۟ يَـٰمَرْيَمُ لَقَدْ جِئْتِ شَيْـًٔا فَرِيًّا","page_number":307,"words":[{"id":30006,"position":1,"audio_url":"wbw/019_027_001.mp3","qpc_uthmani_hafs":"فَأَتَتۡ","char_type_name":"word","page_number":307,"line_number":3,"text":"ﭥ","translation":{"text":"Then she came","language_name":"english","language_id":38},"transliteration":{"text":"fa-atat","language_name":"english","language_id":38}},{"id":30007,"position":2,"audio_url":"wbw/019_027_002.mp3","qpc_uthmani_hafs":"بِهِۦ","char_type_name":"word","page_number":307,"line_number":3,"text":"ﭦ","translation":{"text":"with him","language_name":"english","language_id":38},"transliteration":{"text":"bihi","language_name":"english","language_id":38}},{"id":30008,"position":3,"audio_url":"wbw/019_027_003.mp3","qpc_uthmani_hafs":"قَوۡمَهَا","char_type_name":"word","page_number":307,"line_number":3,"text":"ﭧ","translation":{"text":"(to) her people","language_name":"english","language_id":38},"transliteration":{"text":"qawmahā","language_name":"english","language_id":38}},{"id":30009,"position":4,"audio_url":"wbw/019_027_004.mp3","qpc_uthmani_hafs":"تَحۡمِلُهُۥۖ","char_type_name":"word","page_number":307,"line_number":3,"text":"ﭨﭩ","translation":{"text":"carrying him","language_name":"english","language_id":38},"transliteration":{"text":"taḥmiluhu","language_name":"english","language_id":38}},{"id":30011,"position":5,"audio_url":"wbw/019_027_006.mp3","qpc_uthmani_hafs":"قَالُواْ","char_type_name":"word","page_number":307,"line_number":3,"text":"ﭪ","translation":{"text":"They said","language_name":"english","language_id":38},"transliteration":{"text":"qālū","language_name":"english","language_id":38}},{"id":30012,"position":6,"audio_url":"wbw/019_027_007.mp3","qpc_uthmani_hafs":"يَٰمَرۡيَمُ","char_type_name":"word","page_number":307,"line_number":3,"text":"ﭫ","translation":{"text":"O Maryam","language_name":"english","language_id":38},"transliteration":{"text":"yāmaryamu","language_name":"english","language_id":38}},{"id":30013,"position":7,"audio_url":"wbw/019_027_008.mp3","qpc_uthmani_hafs":"لَقَدۡ","char_type_name":"word","page_number":307,"line_number":3,"text":"ﭬ","translation":{"text":"Certainly","language_name":"english","language_id":38},"transliteration":{"text":"laqad","language_name":"english","language_id":38}},{"id":30014,"position":8,"audio_url":"wbw/019_027_009.mp3","qpc_uthmani_hafs":"جِئۡتِ","char_type_name":"word","page_number":307,"line_number":3,"text":"ﭭ","translation":{"text":"you (have) brought","language_name":"english","language_id":38},"transliteration":{"text":"ji'ti","language_name":"english","language_id":38}},{"id":30015,"position":9,"audio_url":"wbw/019_027_010.mp3","qpc_uthmani_hafs":"شَيۡـٔٗا","char_type_name":"word","page_number":307,"line_number":3,"text":"ﭮ","translation":{"text":"an amazing thing","language_name":"english","language_id":38},"transliteration":{"text":"shayan","language_name":"english","language_id":38}},{"id":30016,"position":10,"audio_url":"wbw/019_027_011.mp3","qpc_uthmani_hafs":"فَرِيّٗا","char_type_name":"word","page_number":307,"line_number":4,"text":"ﭯ","translation":{"text":"an amazing thing","language_name":"english","language_id":38},"transliteration":{"text":"fariyyan","language_name":"english","language_id":38}},{"id":30017,"position":11,"audio_url":null,"qpc_uthmani_hafs":"٢٧","char_type_name":"end","page_number":307,"line_number":4,"text":"ﭰ","translation":{"text":"(27)","language_name":"english","language_id":38},"transliteration":{"text":null,"language_name":"english","language_id":38}}],"translations":[{"id":918706,"resource_id":134,"text":"Maka Maryam membawa anak itu kepada kaumnya dengan menggendongnya.  Kaumnya berkata, \"Hai Maryam, sesungguhnya kamu telah melakukan sesuatu yang amat mungkar."}]},{"id":2278,"verse_number":28,"verse_key":"19:28","juz_number":16,"hizb_number":31,"rub_el_hizb_number":123,"ruku_number":265,"manzil_number":4,"sajdah_number":null,"text_uthmani":"يَـٰٓأُخْتَ هَـٰرُونَ مَا كَانَ أَبُوكِ ٱمْرَأَ سَوْءٍ وَمَا كَانَتْ أُمُّكِ بَغِيًّا","page_number":307,"words":[{"id":30807,"position":1,"audio_url":"wbw/019_028_001.mp3","qpc_uthmani_hafs":"يَٰٓأُخۡتَ","char_type_name":"word","page_number":307,"line_number":4,"text":"ﭱ","translation":{"text":"O sister","language_name":"english","language_id":38},"transliteration":{"text":"yāukh'ta","language_name":"english","language_id":38}},{"id":30808,"position":2,"audio_url":"wbw/019_028_002.mp3","qpc_uthmani_hafs":"هَٰرُونَ","char_type_name":"word","page_number":307,"line_number":4,"text":"ﭲ","translation":{"text":"(of) Harun","language_name":"english","language_id":38},"transliteration":{"text":"hārūna","language_name":"english","language_id":38}},{"id":30809,"position":3,"audio_url":"wbw/019_028_003.mp3","qpc_uthmani_hafs":"مَا","char_type_name":"word","page_number":307,"line_number":4,"text":"ﭳ","translation":{"text":"Not","language_name":"english","language_id":38},"transliteration":{"text":"mā","language_name":"english","language_id":38}},{"id":30810,"position":4,"audio_url":"wbw/019_028_004.mp3","qpc_uthmani_hafs":"كَانَ","char_type_name":"word","page_number":307,"line_number":4,"text":"ﭴ","translation":{"text":"was","language_name":"english","language_id":38},"transliteration":{"text":"kāna","language_name":"english","language_id":38}},{"id":30811,"position":5,"audio_url":"wbw/019_028_005.mp3","qpc_uthmani_hafs":"أَبُوكِ","char_type_name":"word","page_number":307,"line_number":4,"text":"ﭵ","translation":{"text":"your father","language_name":"english","language_id":38},"transliteration":{"text":"abūki","language_name":"english","language_id":38}},{"id":30812,"position":6,"audio_url":"wbw/019_028_006.mp3","qpc_uthmani_hafs":"ٱمۡرَأَ","char_type_name":"word","page_number":307,"line_number":4,"text":"ﭶ","translation":{"text":"an evil man","language_name":"english","language_id":38},"transliteration":{"text":"im'ra-a","language_name":"english","language_id":38}},{"id":30813,"position":7,"audio_url":"wbw/019_028_007.mp3","qpc_uthmani_hafs":"سَوۡءٖ","char_type_name":"word","page_number":307,"line_number":4,"text":"ﭷ","translation":{"text":"an evil man","language_name":"english","language_id":38},"transliteration":{"text":"sawin","language_name":"english","language_id":38}},{"id":30814,"position":8,"audio_url":"wbw/019_028_008.mp3","qpc_uthmani_hafs":"وَمَا","char_type_name":"word","page_number":307,"line_number":4,"text":"ﭸ","translation":{"text":"and not","language_name":"english","language_id":38},"transliteration":{"text":"wamā","language_name":"english","language_id":38}},{"id":30815,"position":9,"audio_url":"wbw/019_028_009.mp3","qpc_uthmani_hafs":"كَانَتۡ","char_type_name":"word","page_number":307,"line_number":4,"text":"ﭹ","translation":{"text":"was","language_name":"english","language_id":38},"transliteration":{"text":"kānat","language_name":"english","language_id":38}},{"id":30816,"position":10,"audio_url":"wbw/019_028_010.mp3","qpc_uthmani_hafs":"أُمُّكِ","char_type_name":"word","page_number":307,"line_number":5,"text":"ﭺ","translation":{"text":"your mother","language_name":"english","language_id":38},"transliteration":{"text":"ummuki","language_name":"english","language_id":38}},{"id":30817,"position":11,"audio_url":"wbw/019_028_011.mp3","qpc_uthmani_hafs":"بَغِيّٗا","char_type_name":"word","page_number":307,"line_number":5,"text":"ﭻ","translation":{"text":"unchaste","language_name":"english","language_id":38},"transliteration":{"text":"baghiyyan","language_name":"english","language_id":38}},{"id":30818,"position":12,"audio_url":null,"qpc_uthmani_hafs":"٢٨","char_type_name":"end","page_number":307,"line_number":5,"text":"ﭼ","translation":{"text":"(28)","language_name":"english","language_id":38},"transliteration":{"text":null,"language_name":"english","language_id":38}}],"translations":[{"id":918707,"resource_id":134,"text":"Hai saudara perempuan Hārūn <sup foot_note=210670>1</sup>, ayahmu sekali-kali bukanlah seorang yang jahat dan ibumu sekali-kali bukanlah seorang pezina\","}]},{"id":2279,"verse_number":29,"verse_key":"19:29","juz_number":16,"hizb_number":31,"rub_el_hizb_number":123,"ruku_number":265,"manzil_number":4,"sajdah_number":null,"text_uthmani":"فَأَشَارَتْ إِلَيْهِ ۖ قَالُوا۟ كَيْفَ نُكَلِّمُ مَن كَانَ فِى ٱلْمَهْدِ صَبِيًّا","page_number":307,"words":[{"id":31963,"position":1,"audio_url":"wbw/019_029_001.mp3","qpc_uthmani_hafs":"فَأَشَارَتۡ","char_type_name":"word","page_number":307,"line_number":5,"text":"ﭽ","translation":{"text":"Then she pointed","language_name":"english","language_id":38},"transliteration":{"text":"fa-ashārat","language_name":"english","language_id":38}},{"id":31964,"position":2,"audio_url":"wbw/019_029_002.mp3","qpc_uthmani_hafs":"إِلَيۡهِۖ","char_type_name":"word","page_number":307,"line_number":5,"text":"ﭾﭿ","translation":{"text":"to him","language_name":"english","language_id":38},"transliteration":{"text":"ilayhi","language_name":"english","language_id":38}},{"id":31966,"position":3,"audio_url":"wbw/019_029_004.mp3","qpc_uthmani_hafs":"قَالُواْ","char_type_name":"word","page_number":307,"line_number":5,"text":"ﮀ","translation":{"text":"They said","language_name":"english","language_id":38},"transliteration":{"text":"qālū","language_name":"english","language_id":38}},{"id":31967,"position":4,"audio_url":"wbw/019_029_005.mp3","qpc_uthmani_hafs":"كَيۡفَ","char_type_name":"word","page_number":307,"line_number":5,"text":"ﮁ","translation":{"text":"How","language_name":"english","language_id":38},"transliteration":{"text":"kayfa","language_name":"english","language_id":38}},{"id":31968,"position":5,"audio_url":"wbw/019_029_006.mp3","qpc_uthmani_hafs":"نُكَلِّمُ","char_type_name":"word","page_number":307,"line_number":5,"text":"ﮂ","translation":{"text":"(can) we speak","language_name":"english","language_id":38},"transliteration":{"text":"nukallimu","language_name":"english","language_id":38}},{"id":31969,"position":6,"audio_url":"wbw/019_029_007.mp3","qpc_uthmani_hafs":"مَن","char_type_name":"word","page_number":307,"line_number":5,"text":"ﮃ","translation":{"text":"(to one) who","language_name":"english","language_id":38},"transliteration":{"text":"man","language_name":"english","language_id":38}},{"id":31970,"position":7,"audio_url":"wbw/019_029_008.mp3","qpc_uthmani_hafs":"كَانَ","char_type_name":"word","page_number":307,"line_number":5,"text":"ﮄ","translation":{"text":"is","language_name":"english","language_id":38},"transliteration":{"text":"kāna","language_name":"english","language_id":38}},{"id":31971,"position":8,"audio_url":"wbw/019_029_009.mp3","qpc_uthmani_hafs":"فِي","char_type_name":"word","page_number":307,"line_number":5,"text":"ﮅ","translation":{"text":"in","language_name":"english","language_id":38},"transliteration":{"text":"fī","language_name":"english","language_id":38}},{"id":31972,"position":9,"audio_url":"wbw/019_029_010.mp3","qpc_uthmani_hafs":"ٱلۡمَهۡدِ","char_type_name":"word","page_number":307,"line_number":6,"text":"ﮆ","translation":{"text":"the cradle","language_name":"english","language_id":38},"transliteration":{"text":"l-mahdi","language_name":"english","language_id":38}},{"id":31973,"position":10,"audio_url":"wbw/019_029_011.mp3","qpc_uthmani_hafs":"صَبِيّٗا","char_type_name":"word","page_number":307,"line_number":6,"text":"ﮇ","translation":{"text":"a child","language_name":"english","language_id":38},"transliteration":{"text":"ṣabiyyan","language_name":"english","language_id":38}},{"id":31974,"position":11,"audio_url":null,"qpc_uthmani_hafs":"٢٩","char_type_name":"end","page_number":307,"line_number":6,"text":"ﮈ","translation":{"text":"(29)","language_name":"english","language_id":38},"transliteration":{"text":null,"language_name":"english","language_id":38}}],"translations":[{"id":918708,"resource_id":134,"text":"maka Maryam menunjuk kepada anaknya.  Mereka berkata, \"Bagaimana kami akan berbicara dengan anak kecil yang masih di dalam ayunan?\""}]},{"id":2280,"verse_number":30,"verse_key":"19:30","juz_number":16,"hizb_number":31,"rub_el_hizb_number":123,"ruku_number":265,"manzil_number":4,"sajdah_number":null,"text_uthmani":"قَالَ إِنِّى عَبْدُ ٱللَّهِ ءَاتَىٰنِىَ ٱلْكِتَـٰبَ وَجَعَلَنِى نَبِيًّا","page_number":307,"words":[{"id":32596,"position":1,"audio_url":"wbw/019_030_001.mp3","qpc_uthmani_hafs":"قَالَ","char_type_name":"word","page_number":307,"line_number":6,"text":"ﮉ","translation":{"text":"He said","language_name":"english","language_id":38},"transliteration":{"text":"qāla","language_name":"english","language_id":38}},{"id":32597,"position":2,"audio_url":"wbw/019_030_002.mp3","qpc_uthmani_hafs":"إِنِّي","char_type_name":"word","page_number":307,"line_number":6,"text":"ﮊ","translation":{"text":"Indeed, I am","language_name":"english","language_id":38},"transliteration":{"text":"innī","language_name":"english","language_id":38}},{"id":32598,"position":3,"audio_url":"wbw/019_030_003.mp3","qpc_uthmani_hafs":"عَبۡدُ","char_type_name":"word","page_number":307,"line_number":6,"text":"ﮋ","translation":{"text":"a slave","language_name":"english","language_id":38},"transliteration":{"text":"ʿabdu","language_name":"english","language_id":38}},{"id":32599,"position":4,"audio_url":"wbw/019_030_004.mp3","qpc_uthmani_hafs":"ٱللَّهِ","char_type_name":"word","page_number":307,"line_number":6,"text":"ﮌ","translation":{"text":"(of) Allah","language_name":"english","language_id":38},"transliteration":{"text":"l-lahi","language_name":"english","language_id":38}},{"id":32600,"position":5,"audio_url":"wbw/019_030_005.mp3","qpc_uthmani_hafs":"ءَاتَىٰنِيَ","char_type_name":"word","page_number":307,"line_number":6,"text":"ﮍ","translation":{"text":"He gave me","language_name":"english","language_id":38},"transliteration":{"text":"ātāniya","language_name":"english","language_id":38}},{"id":32601,"position":6,"audio_url":"wbw/019_030_006.mp3","qpc_uthmani_hafs":"ٱلۡكِتَٰبَ","char_type_name":"word","page_number":307,"line_number":6,"text":"ﮎ","translation":{"text":"the Scripture","language_name":"english","language_id":38},"transliteration":{"text":"l-kitāba","language_name":"english","language_id":38}},{"id":32602,"position":7,"audio_url":"wbw/019_030_007.mp3","qpc_uthmani_hafs":"وَجَعَلَنِي","char_type_name":"word","page_number":307,"line_number":6,"text":"ﮏ","translation":{"text":"and made me","language_name":"english","language_id":38},"transliteration":{"text":"wajaʿalanī","language_name":"english","language_id":38}},{"id":32603,"position":8,"audio_url":"wbw/019_030_008.mp3","qpc_uthmani_hafs":"نَبِيّٗا","char_type_name":"word","page_number":307,"line_number":7,"text":"ﮐ","translation":{"text":"a Prophet","language_name":"english","language_id":38},"transliteration":{"text":"nabiyyan","language_name":"english","language_id":38}},{"id":32604,"position":9,"audio_url":null,"qpc_uthmani_hafs":"٣٠","char_type_name":"end","page_number":307,"line_number":7,"text":"ﮑ","translation":{"text":"(30)","language_name":"english","language_id":38},"transliteration":{"text":null,"language_name":"english","language_id":38}}],"translations":[{"id":918709,"resource_id":134,"text":"Berkata ʻIsa, \"Sesungguhnya aku ini hamba Allah, Dia memberiku Alkitab (Injil) dan Dia menjadikan aku seorang nabi,"}]},{"id":2281,"verse_number":31,"verse_key":"19:31","juz_number":16,"hizb_number":31,"rub_el_hizb_number":123,"ruku_number":265,"manzil_number":4,"sajdah_number":null,"text_uthmani":"وَجَعَلَنِى مُبَارَكًا أَيْنَ مَا كُنتُ وَأَوْصَـٰنِى بِٱلصَّلَوٰةِ وَٱلزَّكَوٰةِ مَا دُمْتُ حَيًّا","page_number":307,"words":[{"id":33467,"position":1,"audio_url":"wbw/019_031_001.mp3","qpc_uthmani_hafs":"وَجَعَلَنِي","char_type_name":"word","page_number":307,"line_number":7,"text":"ﮒ","translation":{"text":"And He (has) made me","language_name":"english","language_id":38},"transliteration":{"text":"wajaʿalanī","language_name":"english","language_id":38}},{"id":33468,"position":2,"audio_url":"wbw/019_031_002.mp3","qpc_uthmani_hafs":"مُبَارَكًا","char_type_name":"word","page_number":307,"line_number":7,"text":"ﮓ","translation":{"text":"blessed","language_name":"english","language_id":38},"transliteration":{"text":"mubārakan","language_name":"english","language_id":38}},{"id":33469,"position":3,"audio_url":"wbw/019_031_003.mp3","qpc_uthmani_hafs":"أَيۡنَ","char_type_name":"word","page_number":307,"line_number":7,"text":"ﮔ","translation":{"text":"wherever","language_name":"english","language_id":38},"transliteration":{"text":"ayna","language_name":"english","language_id":38}},{"id":33470,"position":4,"audio_url":"wbw/019_031_004.mp3","qpc_uthmani_hafs":"مَا","char_type_name":"word","page_number":307,"line_number":7,"text":"ﮕ","translation":{"text":"wherever","language_name":"english","language_id":38},"transliteration":{"text":"mā","language_name":"english","language_id":38}},{"id":33471,"position":5,"audio_url":"wbw/019_031_005.mp3","qpc_uthmani_hafs":"كُنتُ","char_type_name":"word","page_number":307,"line_number":7,"text":"ﮖ","translation":{"text":"I am","language_name":"english","language_id":38},"transliteration":{"text":"kuntu","language_name":"english","language_id":38}},{"id":33472,"position":6,"audio_url":"wbw/019_031_006.mp3","qpc_uthmani_hafs":"وَأَوۡصَٰنِي","char_type_name":"word","page_number":307,"line_number":7,"text":"ﮗ","translation":{"text":"and has enjoined (on) me","language_name":"english","language_id":38},"transliteration":{"text":"wa-awṣānī","language_name":"english","language_id":38}},{"id":33473,"position":7,"audio_url":"wbw/019_031_007.mp3","qpc_uthmani_hafs":"بِٱلصَّلَوٰةِ","char_type_name":"word","page_number":307,"line_number":7,"text":"ﮘ","translation":{"text":"[of] the prayer","language_name":"english","language_id":38},"transliteration":{"text":"bil-ṣalati","language_name":"english","language_id":38}},{"id":33474,"position":8,"audio_url":"wbw/019_031_008.mp3","qpc_uthmani_hafs":"وَٱلزَّكَوٰةِ","char_type_name":"word","page_number":307,"line_number":8,"text":"ﮙ","translation":{"text":"and zakah","language_name":"english","language_id":38},"transliteration":{"text":"wal-zakati","language_name":"english","language_id":38}},{"id":33475,"position":9,"audio_url":"wbw/019_031_009.mp3","qpc_uthmani_hafs":"مَا","char_type_name":"word","page_number":307,"line_number":8,"text":"ﮚ","translation":{"text":"as long as I am","language_name":"english","language_id":38},"transliteration":{"text":"mā","language_name":"english","language_id":38}},{"id":33476,"position":10,"audio_url":"wbw/019_031_010.mp3","qpc_uthmani_hafs":"دُمۡتُ","char_type_name":"word","page_number":307,"line_number":8,"text":"ﮛ","translation":{"text":"as long as I am","language_name":"english","language_id":38},"transliteration":{"text":"dum'tu","language_name":"english","language_id":38}},{"id":33477,"position":11,"audio_url":"wbw/019_031_011.mp3","qpc_uthmani_hafs":"حَيّٗا","char_type_name":"word","page_number":307,"line_number":8,"text":"ﮜ","translation":{"text":"alive","language_name":"english","language_id":38},"transliteration":{"text":"ḥayyan","language_name":"english","language_id":38}},{"id":33478,"position":12,"audio_url":null,"qpc_uthmani_hafs":"٣١","char_type_name":"end","page_number":307,"line_number":8,"text":"ﮝ","translation":{"text":"(31)","language_name":"english","language_id":38},"transliteration":{"text":null,"language_name":"english","language_id":38}}],"translations":[{"id":918710,"resource_id":134,"text":"dan Dia menjadikan aku seorang yang diberkati di mana saja aku berada, dan Dia memerintahkan kepadaku (mendirikan) salat dan (menunaikan) zakat selama aku hidup;"}]},{"id":2282,"verse_number":32,"verse_key":"19:32","juz_number":16,"hizb_number":31,"rub_el_hizb_number":123,"ruku_number":265,"manzil_number":4,"sajdah_number":null,"text_uthmani":"وَبَرًّۢا بِوَٰلِدَتِى وَلَمْ يَجْعَلْنِى جَبَّارًا شَقِيًّا","page_number":307,"words":[{"id":34513,"position":1,"audio_url":"wbw/019_032_001.mp3","qpc_uthmani_hafs":"وَبَرَّۢا","char_type_name":"word","page_number":307,"line_number":8,"text":"ﮞ","translation":{"text":"And dutiful","language_name":"english","language_id":38},"transliteration":{"text":"wabarran","language_name":"english","language_id":38}},{"id":34514,"position":2,"audio_url":"wbw/019_032_002.mp3","qpc_uthmani_hafs":"بِوَٰلِدَتِي","char_type_name":"word","page_number":307,"line_number":8,"text":"ﮟ","translation":{"text":"to my mother","language_name":"english","language_id":38},"transliteration":{"text":"biwālidatī","language_name":"english","language_id":38}},{"id":34515,"position":3,"audio_url":"wbw/019_032_003.mp3","qpc_uthmani_hafs":"وَلَمۡ","char_type_name":"word","page_number":307,"line_number":8,"text":"ﮠ","translation":{"text":"and not","language_name":"english","language_id":38},"transliteration":{"text":"walam","language_name":"english","language_id":38}},{"id":34516,"position":4,"audio_url":"wbw/019_032_004.mp3","qpc_uthmani_hafs":"يَجۡعَلۡنِي","char_type_name":"word","page_number":307,"line_number":8,"text":"ﮡ","translation":{"text":"He (has) made me","language_name":"english","language_id":38},"transliteration":{"text":"yajʿalnī","language_name":"english","language_id":38}},{"id":34517,"position":5,"audio_url":"wbw/019_032_005.mp3","qpc_uthmani_hafs":"جَبَّارٗا","char_type_name":"word","page_number":307,"line_number":9,"text":"ﮢ","translation":{"text":"insolent","language_name":"english","language_id":38},"transliteration":{"text":"jabbāran","language_name":"english","language_id":38}},{"id":34518,"position":6,"audio_url":"wbw/019_032_006.mp3","qpc_uthmani_hafs":"شَقِيّٗا","char_type_name":"word","page_number":307,"line_number":9,"text":"ﮣ","translation":{"text":"unblessed","language_name":"english","language_id":38},"transliteration":{"text":"shaqiyyan","language_name":"english","language_id":38}},{"id":34519,"position":7,"audio_url":null,"qpc_uthmani_hafs":"٣٢","char_type_name":"end","page_number":307,"line_number":9,"text":"ﮤ","translation":{"text":"(32)","language_name":"english","language_id":38},"transliteration":{"text":null,"language_name":"english","language_id":38}}],"translations":[{"id":918711,"resource_id":134,"text":"dan berbakti kepada ibuku, dan Dia tidak menjadikan aku seorang yang sombong lagi celaka."}]},{"id":2283,"verse_number":33,"verse_key":"19:33","juz_number":16,"hizb_number":31,"rub_el_hizb_number":123,"ruku_number":265,"manzil_number":4,"sajdah_number":null,"text_uthmani":"وَٱلسَّلَـٰمُ عَلَىَّ يَوْمَ وُلِدتُّ وَيَوْمَ أَمُوتُ وَيَوْمَ أُبْعَثُ حَيًّا","page_number":307,"words":[{"id":35552,"position":1,"audio_url":"wbw/019_033_001.mp3","qpc_uthmani_hafs":"وَٱلسَّلَٰمُ","char_type_name":"word","page_number":307,"line_number":9,"text":"ﮥ","translation":{"text":"And peace (be)","language_name":"english","language_id":38},"transliteration":{"text":"wal-salāmu","language_name":"english","language_id":38}},{"id":35553,"position":2,"audio_url":"wbw/019_033_002.mp3","qpc_uthmani_hafs":"عَلَيَّ","char_type_name":"word","page_number":307,"line_number":9,"text":"ﮦ","translation":{"text":"on me","language_name":"english","language_id":38},"transliteration":{"text":"ʿalayya","language_name":"english","language_id":38}},{"id":35554,"position":3,"audio_url":"wbw/019_033_003.mp3","qpc_uthmani_hafs":"يَوۡمَ","char_type_name":"word","page_number":307,"line_number":9,"text":"ﮧ","translation":{"text":"(the) day","language_name":"english","language_id":38},"transliteration":{"text":"yawma","language_name":"english","language_id":38}},{"id":35555,"position":4,"audio_url":"wbw/019_033_004.mp3","qpc_uthmani_hafs":"وُلِدتُّ","char_type_name":"word","page_number":307,"line_number":9,"text":"ﮨ","translation":{"text":"I was born","language_name":"english","language_id":38},"transliteration":{"text":"wulidttu","language_name":"english","language_id":38}},{"id":35556,"position":5,"audio_url":"wbw/019_033_005.mp3","qpc_uthmani_hafs":"وَيَوۡمَ","char_type_name":"word","page_number":307,"line_number":9,"text":"ﮩ","translation":{"text":"and (the) day","language_name":"english","language_id":38},"transliteration":{"text":"wayawma","language_name":"english","language_id":38}},{"id":35557,"position":6,"audio_url":"wbw/019_033_006.mp3","qpc_uthmani_hafs":"أَمُوتُ","char_type_name":"word","page_number":307,"line_number":9,"text":"ﮪ","translation":{"text":"I will die","language_name":"english","language_id":38},"transliteration":{"text":"amūtu","language_name":"english","language_id":38}},{"id":35558,"position":7,"audio_url":"wbw/019_033_007.mp3","qpc_uthmani_hafs":"وَيَوۡمَ","char_type_name":"word","page_number":307,"line_number":10,"text":"ﮫ","translation":{"text":"and (the) Day","language_name":"english","language_id":38},"transliteration":{"text":"wayawma","language_name":"english","language_id":38}},{"id":35559,"position":8,"audio_url":"wbw/019_033_008.mp3","qpc_uthmani_hafs":"أُبۡعَثُ","char_type_name":"word","page_number":307,"line_number":10,"text":"ﮬ","translation":{"text":"I will be raised","language_name":"english","language_id":38},"transliteration":{"text":"ub'ʿathu","language_name":"english","language_id":38}},{"id":35560,"position":9,"audio_url":"wbw/019_033_009.mp3","qpc_uthmani_hafs":"حَيّٗا","char_type_name":"word","page_number":307,"line_number":10,"text":"ﮭ","translation":{"text":"alive","language_name":"english","language_id":38},"transliteration":{"text":"ḥayyan","language_name":"english","language_id":38}},{"id":35561,"position":10,"audio_url":null,"qpc_uthmani_hafs":"٣٣","char_type_name":"end","page_number":307,"line_number":10,"text":"ﮮ","translation":{"text":"(33)","language_name":"english","language_id":38},"transliteration":{"text":null,"language_name":"english","language_id":38}}],"translations":[{"id":918712,"resource_id":134,"text":"Dan kesejahteraan semoga dilimpahkan kepadaku, pada hari aku dilahirkan, pada hari aku meninggal dan pada hari aku dibangkitkan hidup kembali\"."}]},{"id":2284,"verse_number":34,"verse_key":"19:34","juz_number":16,"hizb_number":31,"rub_el_hizb_number":123,"ruku_number":265,"manzil_number":4,"sajdah_number":null,"text_uthmani":"ذَٰلِكَ عِيسَى ٱبْنُ مَرْيَمَ ۚ قَوْلَ ٱلْحَقِّ ٱلَّذِى فِيهِ يَمْتَرُونَ","page_number":307,"words":[{"id":36312,"position":1,"audio_url":"wbw/019_034_001.mp3","qpc_uthmani_hafs":"ذَٰلِكَ","char_type_name":"word","page_number":307,"line_number":10,"text":"ﮯ","translation":{"text":"That","language_name":"english","language_id":38},"transliteration":{"text":"dhālika","language_name":"english","language_id":38}},{"id":36313,"position":2,"audio_url":"wbw/019_034_002.mp3","qpc_uthmani_hafs":"عِيسَى","char_type_name":"word","page_number":307,"line_number":10,"text":"ﮰ","translation":{"text":"(was) Isa","language_name":"english","language_id":38},"transliteration":{"text":"ʿīsā","language_name":"english","language_id":38}},{"id":36314,"position":3,"audio_url":"wbw/019_034_003.mp3","qpc_uthmani_hafs":"ٱبۡنُ","char_type_name":"word","page_number":307,"line_number":10,"text":"ﮱ","translation":{"text":"(the) son","language_name":"english","language_id":38},"transliteration":{"text":"ub'nu","language_name":"english","language_id":38}},{"id":36315,"position":4,"audio_url":"wbw/019_034_004.mp3","qpc_uthmani_hafs":"مَرۡيَمَۖ","char_type_name":"word","page_number":307,"line_number":10,"text":"ﯓﯔ","translation":{"text":"(of) Maryam","language_name":"english","language_id":38},"transliteration":{"text":"maryama","language_name":"english","language_id":38}},{"id":36317,"position":5,"audio_url":"wbw/019_034_006.mp3","qpc_uthmani_hafs":"قَوۡلَ","char_type_name":"word","page_number":307,"line_number":10,"text":"ﯕ","translation":{"text":"a statement","language_name":"english","language_id":38},"transliteration":{"text":"qawla","language_name":"english","language_id":38}},{"id":36318,"position":6,"audio_url":"wbw/019_034_007.mp3","qpc_uthmani_hafs":"ٱلۡحَقِّ","char_type_name":"word","page_number":307,"line_number":10,"text":"ﯖ","translation":{"text":"(of) truth","language_name":"english","language_id":38},"transliteration":{"text":"l-ḥaqi","language_name":"english","language_id":38}},{"id":36319,"position":7,"audio_url":"wbw/019_034_008.mp3","qpc_uthmani_hafs":"ٱلَّذِي","char_type_name":"word","page_number":307,"line_number":11,"text":"ﯗ","translation":{"text":"that which","language_name":"english","language_id":38},"transliteration":{"text":"alladhī","language_name":"english","language_id":38}},{"id":36320,"position":8,"audio_url":"wbw/019_034_009.mp3","qpc_uthmani_hafs":"فِيهِ","char_type_name":"word","page_number":307,"line_number":11,"text":"ﯘ","translation":{"text":"about it","language_name":"english","language_id":38},"transliteration":{"text":"fīhi","language_name":"english","language_id":38}},{"id":36321,"position":9,"audio_url":"wbw/019_034_010.mp3","qpc_uthmani_hafs":"يَمۡتَرُونَ","char_type_name":"word","page_number":307,"line_number":11,"text":"ﯙ","translation":{"text":"they dispute","language_name":"english","language_id":38},"transliteration":{"text":"yamtarūna","language_name":"english","language_id":38}},{"id":36322,"position":10,"audio_url":null,"qpc_uthmani_hafs":"٣٤","char_type_name":"end","page_number":307,"line_number":11,"text":"ﯚ","translation":{"text":"(34)","language_name":"english","language_id":38},"transliteration":{"text":null,"language_name":"english","language_id":38}}],"translations":[{"id":918713,"resource_id":134,"text":"Itulah ʻIsa putra Maryam, yang mengatakan perkataan yang benar, yang mereka berbantah-bantahan tentang kebenarannya."}]},{"id":2285,"verse_number":35,"verse_key":"19:35","juz_number":16,"hizb_number":31,"rub_el_hizb_number":123,"ruku_number":265,"manzil_number":4,"sajdah_number":null,"text_uthmani":"مَا كَانَ لِلَّهِ أَن يَتَّخِذَ مِن وَلَدٍ ۖ سُبْحَـٰنَهُۥٓ ۚ إِذَا قَضَىٰٓ أَمْرًا فَإِنَّمَا يَقُولُ لَهُۥ كُن فَيَكُونُ","page_number":307,"words":[{"id":37108,"position":1,"audio_url":"wbw/019_035_001.mp3","qpc_uthmani_hafs":"مَا","char_type_name":"word","page_number":307,"line_number":11,"text":"ﯛ","translation":{"text":"Not","language_name":"english","language_id":38},"transliteration":{"text":"mā","language_name":"english","language_id":38}},{"id":37109,"position":2,"audio_url":"wbw/019_035_002.mp3","qpc_uthmani_hafs":"كَانَ","char_type_name":"word","page_number":307,"line_number":11,"text":"ﯜ","translation":{"text":"(it) is","language_name":"english","language_id":38},"transliteration":{"text":"kāna","language_name":"english","language_id":38}},{"id":37110,"position":3,"audio_url":"wbw/019_035_003.mp3","qpc_uthmani_hafs":"لِلَّهِ","char_type_name":"word","page_number":307,"line_number":11,"text":"ﯝ","translation":{"text":"for Allah","language_name":"english","language_id":38},"transliteration":{"text":"lillahi","language_name":"english","language_id":38}},{"id":37111,"position":4,"audio_url":"wbw/019_035_004.mp3","qpc_uthmani_hafs":"أَن","char_type_name":"word","page_number":307,"line_number":11,"text":"ﯞ","translation":{"text":"that","language_name":"english","language_id":38},"transliteration":{"text":"an","language_name":"english","language_id":38}},{"id":37112,"position":5,"audio_url":"wbw/019_035_005.mp3","qpc_uthmani_hafs":"يَتَّخِذَ","char_type_name":"word","page_number":307,"line_number":11,"text":"ﯟ","translation":{"text":"He should take","language_name":"english","language_id":38},"transliteration":{"text":"yattakhidha","language_name":"english","language_id":38}},{"id":37113,"position":6,"audio_url":"wbw/019_035_006.mp3","qpc_uthmani_hafs":"مِن","char_type_name":"word","page_number":307,"line_number":11,"text":"ﯠ","translation":{"text":"any son","language_name":"english","language_id":38},"transliteration":{"text":"min","language_name":"english","language_id":38}},{"id":37114,"position":7,"audio_url":"wbw/019_035_007.mp3","qpc_uthmani_hafs":"وَلَدٖۖ","char_type_name":"word","page_number":307,"line_number":11,"text":"ﯡﯢ","translation":{"text":"any son","language_name":"english","language_id":38},"transliteration":{"text":"waladin","language_name":"english","language_id":38}},{"id":37116,"position":8,"audio_url":"wbw/019_035_009.mp3","qpc_uthmani_hafs":"سُبۡحَٰنَهُۥٓۚ","char_type_name":"word","page_number":307,"line_number":11,"text":"ﯣﯤ","translation":{"text":"Glory be to Him","language_name":"english","language_id":38},"transliteration":{"text":"sub'ḥānahu","language_name":"english","language_id":38}},{"id":37118,"position":9,"audio_url":"wbw/019_035_011.mp3","qpc_uthmani_hafs":"إِذَا","char_type_name":"word","page_number":307,"line_number":12,"text":"ﯥ","translation":{"text":"When","language_name":"english","language_id":38},"transliteration":{"text":"idhā","language_name":"english","language_id":38}},{"id":37119,"position":10,"audio_url":"wbw/019_035_012.mp3","qpc_uthmani_hafs":"قَضَىٰٓ","char_type_name":"word","page_number":307,"line_number":12,"text":"ﯦ","translation":{"text":"He decrees","language_name":"english","language_id":38},"transliteration":{"text":"qaḍā","language_name":"english","language_id":38}},{"id":37120,"position":11,"audio_url":"wbw/019_035_013.mp3","qpc_uthmani_hafs":"أَمۡرٗا","char_type_name":"word","page_number":307,"line_number":12,"text":"ﯧ","translation":{"text":"a matter","language_name":"english","language_id":38},"transliteration":{"text":"amran","language_name":"english","language_id":38}},{"id":37121,"position":12,"audio_url":"wbw/019_035_014.mp3","qpc_uthmani_hafs":"فَإِنَّمَا","char_type_name":"word","page_number":307,"line_number":12,"text":"ﯨ","translation":{"text":"then only","language_name":"english","language_id":38},"transliteration":{"text":"fa-innamā","language_name":"english","language_id":38}},{"id":37122,"position":13,"audio_url":"wbw/019_035_015.mp3","qpc_uthmani_hafs":"يَقُولُ","char_type_name":"word","page_number":307,"line_number":12,"text":"ﯩ","translation":{"text":"He says","language_name":"english","language_id":38},"transliteration":{"text":"yaqūlu","language_name":"english","language_id":38}},{"id":37123,"position":14,"audio_url":"wbw/019_035_016.mp3","qpc_uthmani_hafs":"لَهُۥ","char_type_name":"word","page_number":307,"line_number":12,"text":"ﯪ","translation":{"text":"to it","language_name":"english","language_id":38},"transliteration":{"text":"lahu","language_name":"english","language_id":38}},{"id":37124,"position":15,"audio_url":"wbw/019_035_017.mp3","qpc_uthmani_hafs":"كُن","char_type_name":"word","page_number":307,"line_number":12,"text":"ﯫ","translation":{"text":"Be","language_name":"english","language_id":38},"transliteration":{"text":"kun","language_name":"english","language_id":38}},{"id":37125,"position":16,"audio_url":"wbw/019_035_018.mp3","qpc_uthmani_hafs":"فَيَكُونُ","char_type_name":"word","page_number":307,"line_number":12,"text":"ﯬ","translation":{"text":"and it is","language_name":"english","language_id":38},"transliteration":{"text":"fayakūnu","language_name":"english","language_id":38}},{"id":37126,"position":17,"audio_url":null,"qpc_uthmani_hafs":"٣٥","char_type_name":"end","page_number":307,"line_number":12,"text":"ﯭ","translation":{"text":"(35)","language_name":"english","language_id":38},"transliteration":{"text":null,"language_name":"english","language_id":38}}],"translations":[{"id":918714,"resource_id":134,"text":"Tidak layak bagi Allah mempunyai anak, Maha Suci Dia.  Apabila Dia telah menetapkan sesuatu, maka Dia hanya berkata kepadanya, \"Jadilah\", maka jadilah ia."}]},{"id":2286,"verse_number":36,"verse_key":"19:36","juz_number":16,"hizb_number":31,"rub_el_hizb_number":123,"ruku_number":265,"manzil_number":4,"sajdah_number":null,"text_uthmani":"وَإِنَّ ٱللَّهَ رَبِّى وَرَبُّكُمْ فَٱعْبُدُوهُ ۚ هَـٰذَا صِرَٰطٌ مُّسْتَقِيمٌ","page_number":307,"words":[{"id":37922,"position":1,"audio_url":"wbw/019_036_001.mp3","qpc_uthmani_hafs":"وَإِنَّ","char_type_name":"word","page_number":307,"line_number":12,"text":"ﯮ","translation":{"text":"And indeed","language_name":"english","language_id":38},"transliteration":{"text":"wa-inna","language_name":"english","language_id":38}},{"id":37923,"position":2,"audio_url":"wbw/019_036_002.mp3","qpc_uthmani_hafs":"ٱللَّهَ","char_type_name":"word","page_number":307,"line_number":12,"text":"ﯯ","translation":{"text":"Allah","language_name":"english","language_id":38},"transliteration":{"text":"l-laha","language_name":"english","language_id":38}},{"id":37924,"position":3,"audio_url":"wbw/019_036_003.mp3","qpc_uthmani_hafs":"رَبِّي","char_type_name":"word","page_number":307,"line_number":12,"text":"ﯰ","translation":{"text":"(is) my Lord","language_name":"english","language_id":38},"transliteration":{"text":"rabbī","language_name":"english","language_id":38}},{"id":37925,"position":4,"audio_url":"wbw/019_036_004.mp3","qpc_uthmani_hafs":"وَرَبُّكُمۡ","char_type_name":"word","page_number":307,"line_number":12,"text":"ﯱ","translation":{"text":"and your Lord","language_name":"english","language_id":38},"transliteration":{"text":"warabbukum","language_name":"english","language_id":38}},{"id":37926,"position":5,"audio_url":"wbw/019_036_005.mp3","qpc_uthmani_hafs":"فَٱعۡبُدُوهُۚ","char_type_name":"word","page_number":307,"line_number":13,"text":"ﯲﯳ","translation":{"text":"so worship Him","language_name":"english","language_id":38},"transliteration":{"text":"fa-uʿ'budūhu","language_name":"english","language_id":38}},{"id":37928,"position":6,"audio_url":"wbw/019_036_007.mp3","qpc_uthmani_hafs":"هَٰذَا","char_type_name":"word","page_number":307,"line_number":13,"text":"ﯴ","translation":{"text":"This","language_name":"english","language_id":38},"transliteration":{"text":"hādhā","language_name":"english","language_id":38}},{"id":37929,"position":7,"audio_url":"wbw/019_036_008.mp3","qpc_uthmani_hafs":"صِرَٰطٞ","char_type_name":"word","page_number":307,"line_number":13,"text":"ﯵ","translation":{"text":"(is) a path","language_name":"english","language_id":38},"transliteration":{"text":"ṣirāṭun","language_name":"english","language_id":38}},{"id":37930,"position":8,"audio_url":"wbw/019_036_009.mp3","qpc_uthmani_hafs":"مُّسۡتَقِيمٞ","char_type_name":"word","page_number":307,"line_number":13,"text":"ﯶ","translation":{"text":"straight","language_name":"english","language_id":38},"transliteration":{"text":"mus'taqīmun","language_name":"english","language_id":38}},{"id":37931,"position":9,"audio_url":null,"qpc_uthmani_hafs":"٣٦","char_type_name":"end","page_number":307,"line_number":13,"text":"ﯷ","translation":{"text":"(36)","language_name":"english","language_id":38},"transliteration":{"text":null,"language_name":"english","language_id":38}}],"translations":[{"id":918715,"resource_id":134,"text":"Sesungguhnya Allah adalah Tuhan-ku dan Tuhan-mu, maka sembahIah Dia oleh kamu sekalian. Ini adalah jalan yang lurus."}]},{"id":2287,"verse_number":37,"verse_key":"19:37","juz_number":16,"hizb_number":31,"rub_el_hizb_number":123,"ruku_number":265,"manzil_number":4,"sajdah_number":null,"text_uthmani":"فَٱخْتَلَفَ ٱلْأَحْزَابُ مِنۢ بَيْنِهِمْ ۖ فَوَيْلٌ لِّلَّذِينَ كَفَرُوا۟ مِن مَّشْهَدِ يَوْمٍ عَظِيمٍ","page_number":307,"words":[{"id":38749,"position":1,"audio_url":"wbw/019_037_001.mp3","qpc_uthmani_hafs":"فَٱخۡتَلَفَ","char_type_name":"word","page_number":307,"line_number":13,"text":"ﯸ","translation":{"text":"But differed","language_name":"english","language_id":38},"transliteration":{"text":"fa-ikh'talafa","language_name":"english","language_id":38}},{"id":38750,"position":2,"audio_url":"wbw/019_037_002.mp3","qpc_uthmani_hafs":"ٱلۡأَحۡزَابُ","char_type_name":"word","page_number":307,"line_number":13,"text":"ﯹ","translation":{"text":"the sects","language_name":"english","language_id":38},"transliteration":{"text":"l-aḥzābu","language_name":"english","language_id":38}},{"id":38751,"position":3,"audio_url":"wbw/019_037_003.mp3","qpc_uthmani_hafs":"مِنۢ","char_type_name":"word","page_number":307,"line_number":13,"text":"ﯺ","translation":{"text":"from among them","language_name":"english","language_id":38},"transliteration":{"text":"min","language_name":"english","language_id":38}},{"id":38752,"position":4,"audio_url":"wbw/019_037_004.mp3","qpc_uthmani_hafs":"بَيۡنِهِمۡۖ","char_type_name":"word","page_number":307,"line_number":14,"text":"ﯻﯼ","translation":{"text":"from among them","language_name":"english","language_id":38},"transliteration":{"text":"baynihim","language_name":"english","language_id":38}},{"id":38754,"position":5,"audio_url":"wbw/019_037_006.mp3","qpc_uthmani_hafs":"فَوَيۡلٞ","char_type_name":"word","page_number":307,"line_number":14,"text":"ﯽ","translation":{"text":"so woe","language_name":"english","language_id":38},"transliteration":{"text":"fawaylun","language_name":"english","language_id":38}},{"id":38755,"position":6,"audio_url":"wbw/019_037_007.mp3","qpc_uthmani_hafs":"لِّلَّذِينَ","char_type_name":"word","page_number":307,"line_number":14,"text":"ﯾ","translation":{"text":"to those who","language_name":"english","language_id":38},"transliteration":{"text":"lilladhīna","language_name":"english","language_id":38}},{"id":38756,"position":7,"audio_url":"wbw/019_037_008.mp3","qpc_uthmani_hafs":"كَفَرُواْ","char_type_name":"word","page_number":307,"line_number":14,"text":"ﯿ","translation":{"text":"disbelieve","language_name":"english","language_id":38},"transliteration":{"text":"kafarū","language_name":"english","language_id":38}},{"id":38757,"position":8,"audio_url":"wbw/019_037_009.mp3","qpc_uthmani_hafs":"مِن","char_type_name":"word","page_number":307,"line_number":14,"text":"ﰀ","translation":{"text":"from","language_name":"english","language_id":38},"transliteration":{"text":"min","language_name":"english","language_id":38}},{"id":38758,"position":9,"audio_url":"wbw/019_037_010.mp3","qpc_uthmani_hafs":"مَّشۡهَدِ","char_type_name":"word","page_number":307,"line_number":14,"text":"ﰁ","translation":{"text":"(the) witnessing","language_name":"english","language_id":38},"transliteration":{"text":"mashhadi","language_name":"english","language_id":38}},{"id":38759,"position":10,"audio_url":"wbw/019_037_011.mp3","qpc_uthmani_hafs":"يَوۡمٍ","char_type_name":"word","page_number":307,"line_number":14,"text":"ﰂ","translation":{"text":"(of) a Day","language_name":"english","language_id":38},"transliteration":{"text":"yawmin","language_name":"english","language_id":38}},{"id":38760,"position":11,"audio_url":"wbw/019_037_012.mp3","qpc_uthmani_hafs":"عَظِيمٍ","char_type_name":"word","page_number":307,"line_number":14,"text":"ﰃ","translation":{"text":"great","language_name":"english","language_id":38},"transliteration":{"text":"ʿaẓīmin","language_name":"english","language_id":38}},{"id":38761,"position":12,"audio_url":null,"qpc_uthmani_hafs":"٣٧","char_type_name":"end","page_number":307,"line_number":14,"text":"ﰄ","translation":{"text":"(37)","language_name":"english","language_id":38},"transliteration":{"text":null,"language_name":"english","language_id":38}}],"translations":[{"id":918716,"resource_id":134,"text":"Maka berselisihlah golongan-golongan (yang ada) di antara mereka <sup foot_note=210671>1</sup>.  Maka kecelakaanlah bagi orang-orang kafir pada waktu menyaksikan hari yang besar."}]},{"id":2288,"verse_number":38,"verse_key":"19:38","juz_number":16,"hizb_number":31,"rub_el_hizb_number":123,"ruku_number":265,"manzil_number":4,"sajdah_number":null,"text_uthmani":"أَسْمِعْ بِهِمْ وَأَبْصِرْ يَوْمَ يَأْتُونَنَا ۖ لَـٰكِنِ ٱلظَّـٰلِمُونَ ٱلْيَوْمَ فِى ضَلَـٰلٍ مُّبِينٍ","page_number":307,"words":[{"id":39627,"position":1,"audio_url":"wbw/019_038_001.mp3","qpc_uthmani_hafs":"أَسۡمِعۡ","char_type_name":"word","page_number":307,"line_number":14,"text":"ﰅ","translation":{"text":"How they will hear","language_name":"english","language_id":38},"transliteration":{"text":"asmiʿ","language_name":"english","language_id":38}},{"id":39628,"position":2,"audio_url":"wbw/019_038_002.mp3","qpc_uthmani_hafs":"بِهِمۡ","char_type_name":"word","page_number":307,"line_number":14,"text":"ﰆ","translation":{"text":"How they will hear","language_name":"english","language_id":38},"transliteration":{"text":"bihim","language_name":"english","language_id":38}},{"id":39629,"position":3,"audio_url":"wbw/019_038_003.mp3","qpc_uthmani_hafs":"وَأَبۡصِرۡ","char_type_name":"word","page_number":307,"line_number":15,"text":"ﰇ","translation":{"text":"and how (they will) see","language_name":"english","language_id":38},"transliteration":{"text":"wa-abṣir","language_name":"english","language_id":38}},{"id":39630,"position":4,"audio_url":"wbw/019_038_004.mp3","qpc_uthmani_hafs":"يَوۡمَ","char_type_name":"word","page_number":307,"line_number":15,"text":"ﰈ","translation":{"text":"(the) Day","language_name":"english","language_id":38},"transliteration":{"text":"yawma","language_name":"english","language_id":38}},{"id":39631,"position":5,"audio_url":"wbw/019_038_005.mp3","qpc_uthmani_hafs":"يَأۡتُونَنَا","char_type_name":"word","page_number":307,"line_number":15,"text":"ﰉﰊ","translation":{"text":"they will come to Us","language_name":"english","language_id":38},"transliteration":{"text":"yatūnanā","language_name":"english","language_id":38}},{"id":39633,"position":6,"audio_url":"wbw/019_038_007.mp3","qpc_uthmani_hafs":"لَٰكِنِ","char_type_name":"word","page_number":307,"line_number":15,"text":"ﰋ","translation":{"text":"but","language_name":"english","language_id":38},"transliteration":{"text":"lākini","language_name":"english","language_id":38}},{"id":39634,"position":7,"audio_url":"wbw/019_038_008.mp3","qpc_uthmani_hafs":"ٱلظَّٰلِمُونَ","char_type_name":"word","page_number":307,"line_number":15,"text":"ﰌ","translation":{"text":"the wrongdoers","language_name":"english","language_id":38},"transliteration":{"text":"l-ẓālimūna","language_name":"english","language_id":38}},{"id":39635,"position":8,"audio_url":"wbw/019_038_009.mp3","qpc_uthmani_hafs":"ٱلۡيَوۡمَ","char_type_name":"word","page_number":307,"line_number":15,"text":"ﰍ","translation":{"text":"today","language_name":"english","language_id":38},"transliteration":{"text":"l-yawma","language_name":"english","language_id":38}},{"id":39636,"position":9,"audio_url":"wbw/019_038_010.mp3","qpc_uthmani_hafs":"فِي","char_type_name":"word","page_number":307,"line_number":15,"text":"ﰎ","translation":{"text":"(are) in","language_name":"english","language_id":38},"transliteration":{"text":"fī","language_name":"english","language_id":38}},{"id":39637,"position":10,"audio_url":"wbw/019_038_011.mp3","qpc_uthmani_hafs":"ضَلَٰلٖ","char_type_name":"word","page_number":307,"line_number":15,"text":"ﰏ","translation":{"text":"error","language_name":"english","language_id":38},"transliteration":{"text":"ḍalālin","language_name":"english","language_id":38}},{"id":39638,"position":11,"audio_url":"wbw/019_038_012.mp3","qpc_uthmani_hafs":"مُّبِينٖ","char_type_name":"word","page_number":307,"line_number":15,"text":"ﰐ","translation":{"text":"clear","language_name":"english","language_id":38},"transliteration":{"text":"mubīnin","language_name":"english","language_id":38}},{"id":39639,"position":12,"audio_url":null,"qpc_uthmani_hafs":"٣٨","char_type_name":"end","page_number":307,"line_number":15,"text":"ﰑ","translation":{"text":"(38)","language_name":"english","language_id":38},"transliteration":{"text":null,"language_name":"english","language_id":38}}],"translations":[{"id":918717,"resource_id":134,"text":"Alangkah terangnya pendengaran mereka dan alangkah tajamnya penglihatan mereka pada hari mereka datang kepada Kami.  Tetapi orang-orang yang zalim pada hari ini (di dunia) berada dalam kesesatan yang nyata."}]}],"pagination":{"per_page":50,"current_page":1,"next_page":null,"total_pages":1,"total_records":13}}