{"verses":[{"id":210,"verse_number":203,"verse_key":"2:203","juz_number":2,"hizb_number":4,"rub_el_hizb_number":13,"ruku_number":26,"manzil_number":1,"sajdah_number":null,"text_uthmani":"۞ وَٱذْكُرُوا۟ ٱللَّهَ فِىٓ أَيَّامٍ مَّعْدُودَٰتٍ ۚ فَمَن تَعَجَّلَ فِى يَوْمَيْنِ فَلَآ إِثْمَ عَلَيْهِ وَمَن تَأَخَّرَ فَلَآ إِثْمَ عَلَيْهِ ۚ لِمَنِ ٱتَّقَىٰ ۗ وَٱتَّقُوا۟ ٱللَّهَ وَٱعْلَمُوٓا۟ أَنَّكُمْ إِلَيْهِ تُحْشَرُونَ","page_number":32,"words":[{"id":85385,"position":1,"audio_url":"wbw/002_203_002.mp3","qpc_uthmani_hafs":"۞ وَٱذۡكُرُواْ","char_type_name":"word","page_number":32,"line_number":1,"text":"ﭑ ﭒ","translation":{"text":"And remember","language_name":"english","language_id":38},"transliteration":{"text":"wa-udh'kurū","language_name":"english","language_id":38}},{"id":85386,"position":2,"audio_url":"wbw/002_203_003.mp3","qpc_uthmani_hafs":"ٱللَّهَ","char_type_name":"word","page_number":32,"line_number":1,"text":"ﭓ","translation":{"text":"Allah","language_name":"english","language_id":38},"transliteration":{"text":"l-laha","language_name":"english","language_id":38}},{"id":85387,"position":3,"audio_url":"wbw/002_203_004.mp3","qpc_uthmani_hafs":"فِيٓ","char_type_name":"word","page_number":32,"line_number":1,"text":"ﭔ","translation":{"text":"during","language_name":"english","language_id":38},"transliteration":{"text":"fī","language_name":"english","language_id":38}},{"id":85388,"position":4,"audio_url":"wbw/002_203_005.mp3","qpc_uthmani_hafs":"أَيَّامٖ","char_type_name":"word","page_number":32,"line_number":1,"text":"ﭕ","translation":{"text":"days","language_name":"english","language_id":38},"transliteration":{"text":"ayyāmin","language_name":"english","language_id":38}},{"id":85389,"position":5,"audio_url":"wbw/002_203_006.mp3","qpc_uthmani_hafs":"مَّعۡدُودَٰتٖۚ","char_type_name":"word","page_number":32,"line_number":1,"text":"ﭖﭗ","translation":{"text":"numbered","language_name":"english","language_id":38},"transliteration":{"text":"maʿdūdātin","language_name":"english","language_id":38}},{"id":85391,"position":6,"audio_url":"wbw/002_203_008.mp3","qpc_uthmani_hafs":"فَمَن","char_type_name":"word","page_number":32,"line_number":1,"text":"ﭘ","translation":{"text":"Then (he) who","language_name":"english","language_id":38},"transliteration":{"text":"faman","language_name":"english","language_id":38}},{"id":85392,"position":7,"audio_url":"wbw/002_203_009.mp3","qpc_uthmani_hafs":"تَعَجَّلَ","char_type_name":"word","page_number":32,"line_number":1,"text":"ﭙ","translation":{"text":"hurries","language_name":"english","language_id":38},"transliteration":{"text":"taʿajjala","language_name":"english","language_id":38}},{"id":85393,"position":8,"audio_url":"wbw/002_203_010.mp3","qpc_uthmani_hafs":"فِي","char_type_name":"word","page_number":32,"line_number":1,"text":"ﭚ","translation":{"text":"in","language_name":"english","language_id":38},"transliteration":{"text":"fī","language_name":"english","language_id":38}},{"id":85394,"position":9,"audio_url":"wbw/002_203_011.mp3","qpc_uthmani_hafs":"يَوۡمَيۡنِ","char_type_name":"word","page_number":32,"line_number":2,"text":"ﭛ","translation":{"text":"two days","language_name":"english","language_id":38},"transliteration":{"text":"yawmayni","language_name":"english","language_id":38}},{"id":85395,"position":10,"audio_url":"wbw/002_203_012.mp3","qpc_uthmani_hafs":"فَلَآ","char_type_name":"word","page_number":32,"line_number":2,"text":"ﭜ","translation":{"text":"then no","language_name":"english","language_id":38},"transliteration":{"text":"falā","language_name":"english","language_id":38}},{"id":85396,"position":11,"audio_url":"wbw/002_203_013.mp3","qpc_uthmani_hafs":"إِثۡمَ","char_type_name":"word","page_number":32,"line_number":2,"text":"ﭝ","translation":{"text":"sin","language_name":"english","language_id":38},"transliteration":{"text":"ith'ma","language_name":"english","language_id":38}},{"id":85397,"position":12,"audio_url":"wbw/002_203_014.mp3","qpc_uthmani_hafs":"عَلَيۡهِ","char_type_name":"word","page_number":32,"line_number":2,"text":"ﭞ","translation":{"text":"upon him","language_name":"english","language_id":38},"transliteration":{"text":"ʿalayhi","language_name":"english","language_id":38}},{"id":85398,"position":13,"audio_url":"wbw/002_203_015.mp3","qpc_uthmani_hafs":"وَمَن","char_type_name":"word","page_number":32,"line_number":2,"text":"ﭟ","translation":{"text":"and whoever","language_name":"english","language_id":38},"transliteration":{"text":"waman","language_name":"english","language_id":38}},{"id":85399,"position":14,"audio_url":"wbw/002_203_016.mp3","qpc_uthmani_hafs":"تَأَخَّرَ","char_type_name":"word","page_number":32,"line_number":2,"text":"ﭠ","translation":{"text":"delays","language_name":"english","language_id":38},"transliteration":{"text":"ta-akhara","language_name":"english","language_id":38}},{"id":85400,"position":15,"audio_url":"wbw/002_203_017.mp3","qpc_uthmani_hafs":"فَلَآ","char_type_name":"word","page_number":32,"line_number":2,"text":"ﭡ","translation":{"text":"then no","language_name":"english","language_id":38},"transliteration":{"text":"falā","language_name":"english","language_id":38}},{"id":85401,"position":16,"audio_url":"wbw/002_203_018.mp3","qpc_uthmani_hafs":"إِثۡمَ","char_type_name":"word","page_number":32,"line_number":2,"text":"ﭢ","translation":{"text":"sin","language_name":"english","language_id":38},"transliteration":{"text":"ith'ma","language_name":"english","language_id":38}},{"id":85402,"position":17,"audio_url":"wbw/002_203_019.mp3","qpc_uthmani_hafs":"عَلَيۡهِۖ","char_type_name":"word","page_number":32,"line_number":2,"text":"ﭣﭤ","translation":{"text":"upon him","language_name":"english","language_id":38},"transliteration":{"text":"ʿalayhi","language_name":"english","language_id":38}},{"id":85404,"position":18,"audio_url":"wbw/002_203_021.mp3","qpc_uthmani_hafs":"لِمَنِ","char_type_name":"word","page_number":32,"line_number":2,"text":"ﭥ","translation":{"text":"for (the one) who","language_name":"english","language_id":38},"transliteration":{"text":"limani","language_name":"english","language_id":38}},{"id":85405,"position":19,"audio_url":"wbw/002_203_022.mp3","qpc_uthmani_hafs":"ٱتَّقَىٰۗ","char_type_name":"word","page_number":32,"line_number":2,"text":"ﭦﭧ","translation":{"text":"fears","language_name":"english","language_id":38},"transliteration":{"text":"ittaqā","language_name":"english","language_id":38}},{"id":85407,"position":20,"audio_url":"wbw/002_203_024.mp3","qpc_uthmani_hafs":"وَٱتَّقُواْ","char_type_name":"word","page_number":32,"line_number":3,"text":"ﭨ","translation":{"text":"And fear","language_name":"english","language_id":38},"transliteration":{"text":"wa-ittaqū","language_name":"english","language_id":38}},{"id":85408,"position":21,"audio_url":"wbw/002_203_025.mp3","qpc_uthmani_hafs":"ٱللَّهَ","char_type_name":"word","page_number":32,"line_number":3,"text":"ﭩ","translation":{"text":"Allah","language_name":"english","language_id":38},"transliteration":{"text":"l-laha","language_name":"english","language_id":38}},{"id":85409,"position":22,"audio_url":"wbw/002_203_026.mp3","qpc_uthmani_hafs":"وَٱعۡلَمُوٓاْ","char_type_name":"word","page_number":32,"line_number":3,"text":"ﭪ","translation":{"text":"and know","language_name":"english","language_id":38},"transliteration":{"text":"wa-iʿ'lamū","language_name":"english","language_id":38}},{"id":85410,"position":23,"audio_url":"wbw/002_203_027.mp3","qpc_uthmani_hafs":"أَنَّكُمۡ","char_type_name":"word","page_number":32,"line_number":3,"text":"ﭫ","translation":{"text":"that you","language_name":"english","language_id":38},"transliteration":{"text":"annakum","language_name":"english","language_id":38}},{"id":85411,"position":24,"audio_url":"wbw/002_203_028.mp3","qpc_uthmani_hafs":"إِلَيۡهِ","char_type_name":"word","page_number":32,"line_number":3,"text":"ﭬ","translation":{"text":"unto Him","language_name":"english","language_id":38},"transliteration":{"text":"ilayhi","language_name":"english","language_id":38}},{"id":85412,"position":25,"audio_url":"wbw/002_203_029.mp3","qpc_uthmani_hafs":"تُحۡشَرُونَ","char_type_name":"word","page_number":32,"line_number":3,"text":"ﭭ","translation":{"text":"will be gathered","language_name":"english","language_id":38},"transliteration":{"text":"tuḥ'sharūna","language_name":"english","language_id":38}},{"id":85413,"position":26,"audio_url":null,"qpc_uthmani_hafs":"٢٠٣","char_type_name":"end","page_number":32,"line_number":3,"text":"ﭮ","translation":{"text":"(203)","language_name":"english","language_id":38},"transliteration":{"text":null,"language_name":"english","language_id":38}}],"translations":[{"id":916639,"resource_id":134,"text":"Dan berzikirlah (dengan menyebut) Allah dalam beberapa hari yang berbilang <sup foot_note=209897>1</sup>.  Barang siapa yang ingin cepat berangkat (dari Mina) sesudah dua hari, maka tiada dosa baginya.  Dan barang siapa yang ingin menangguhkan (keberangkatannya dari dua hari itu), maka tidak ada dosa pula baginya <sup foot_note=209898>2</sup>, bagi orang yang bertakwa.  Dan bertakwalah kepada Allah, dan ketahuilah bahwa kamu akan dikumpulkan kepada-Nya."}]},{"id":211,"verse_number":204,"verse_key":"2:204","juz_number":2,"hizb_number":4,"rub_el_hizb_number":13,"ruku_number":26,"manzil_number":1,"sajdah_number":null,"text_uthmani":"وَمِنَ ٱلنَّاسِ مَن يُعْجِبُكَ قَوْلُهُۥ فِى ٱلْحَيَوٰةِ ٱلدُّنْيَا وَيُشْهِدُ ٱللَّهَ عَلَىٰ مَا فِى قَلْبِهِۦ وَهُوَ أَلَدُّ ٱلْخِصَامِ","page_number":32,"words":[{"id":85445,"position":1,"audio_url":"wbw/002_204_001.mp3","qpc_uthmani_hafs":"وَمِنَ","char_type_name":"word","page_number":32,"line_number":3,"text":"ﭯ","translation":{"text":"And of","language_name":"english","language_id":38},"transliteration":{"text":"wamina","language_name":"english","language_id":38}},{"id":85446,"position":2,"audio_url":"wbw/002_204_002.mp3","qpc_uthmani_hafs":"ٱلنَّاسِ","char_type_name":"word","page_number":32,"line_number":4,"text":"ﭰ","translation":{"text":"the people","language_name":"english","language_id":38},"transliteration":{"text":"l-nāsi","language_name":"english","language_id":38}},{"id":85447,"position":3,"audio_url":"wbw/002_204_003.mp3","qpc_uthmani_hafs":"مَن","char_type_name":"word","page_number":32,"line_number":4,"text":"ﭱ","translation":{"text":"(is the one) who","language_name":"english","language_id":38},"transliteration":{"text":"man","language_name":"english","language_id":38}},{"id":85448,"position":4,"audio_url":"wbw/002_204_004.mp3","qpc_uthmani_hafs":"يُعۡجِبُكَ","char_type_name":"word","page_number":32,"line_number":4,"text":"ﭲ","translation":{"text":"pleases you","language_name":"english","language_id":38},"transliteration":{"text":"yuʿ'jibuka","language_name":"english","language_id":38}},{"id":85449,"position":5,"audio_url":"wbw/002_204_005.mp3","qpc_uthmani_hafs":"قَوۡلُهُۥ","char_type_name":"word","page_number":32,"line_number":4,"text":"ﭳ","translation":{"text":"(with) his speech","language_name":"english","language_id":38},"transliteration":{"text":"qawluhu","language_name":"english","language_id":38}},{"id":85450,"position":6,"audio_url":"wbw/002_204_006.mp3","qpc_uthmani_hafs":"فِي","char_type_name":"word","page_number":32,"line_number":4,"text":"ﭴ","translation":{"text":"in","language_name":"english","language_id":38},"transliteration":{"text":"fī","language_name":"english","language_id":38}},{"id":85451,"position":7,"audio_url":"wbw/002_204_007.mp3","qpc_uthmani_hafs":"ٱلۡحَيَوٰةِ","char_type_name":"word","page_number":32,"line_number":4,"text":"ﭵ","translation":{"text":"the life","language_name":"english","language_id":38},"transliteration":{"text":"l-ḥayati","language_name":"english","language_id":38}},{"id":85452,"position":8,"audio_url":"wbw/002_204_008.mp3","qpc_uthmani_hafs":"ٱلدُّنۡيَا","char_type_name":"word","page_number":32,"line_number":4,"text":"ﭶ","translation":{"text":"(of) the world","language_name":"english","language_id":38},"transliteration":{"text":"l-dun'yā","language_name":"english","language_id":38}},{"id":85453,"position":9,"audio_url":"wbw/002_204_009.mp3","qpc_uthmani_hafs":"وَيُشۡهِدُ","char_type_name":"word","page_number":32,"line_number":4,"text":"ﭷ","translation":{"text":"and he calls to witness","language_name":"english","language_id":38},"transliteration":{"text":"wayush'hidu","language_name":"english","language_id":38}},{"id":85454,"position":10,"audio_url":"wbw/002_204_010.mp3","qpc_uthmani_hafs":"ٱللَّهَ","char_type_name":"word","page_number":32,"line_number":4,"text":"ﭸ","translation":{"text":"Allah","language_name":"english","language_id":38},"transliteration":{"text":"l-laha","language_name":"english","language_id":38}},{"id":85455,"position":11,"audio_url":"wbw/002_204_011.mp3","qpc_uthmani_hafs":"عَلَىٰ","char_type_name":"word","page_number":32,"line_number":5,"text":"ﭹ","translation":{"text":"on","language_name":"english","language_id":38},"transliteration":{"text":"ʿalā","language_name":"english","language_id":38}},{"id":85456,"position":12,"audio_url":"wbw/002_204_012.mp3","qpc_uthmani_hafs":"مَا","char_type_name":"word","page_number":32,"line_number":5,"text":"ﭺ","translation":{"text":"what","language_name":"english","language_id":38},"transliteration":{"text":"mā","language_name":"english","language_id":38}},{"id":85457,"position":13,"audio_url":"wbw/002_204_013.mp3","qpc_uthmani_hafs":"فِي","char_type_name":"word","page_number":32,"line_number":5,"text":"ﭻ","translation":{"text":"(is) in","language_name":"english","language_id":38},"transliteration":{"text":"fī","language_name":"english","language_id":38}},{"id":85458,"position":14,"audio_url":"wbw/002_204_014.mp3","qpc_uthmani_hafs":"قَلۡبِهِۦ","char_type_name":"word","page_number":32,"line_number":5,"text":"ﭼ","translation":{"text":"his heart","language_name":"english","language_id":38},"transliteration":{"text":"qalbihi","language_name":"english","language_id":38}},{"id":85459,"position":15,"audio_url":"wbw/002_204_015.mp3","qpc_uthmani_hafs":"وَهُوَ","char_type_name":"word","page_number":32,"line_number":5,"text":"ﭽ","translation":{"text":"and he","language_name":"english","language_id":38},"transliteration":{"text":"wahuwa","language_name":"english","language_id":38}},{"id":85460,"position":16,"audio_url":"wbw/002_204_016.mp3","qpc_uthmani_hafs":"أَلَدُّ","char_type_name":"word","page_number":32,"line_number":5,"text":"ﭾ","translation":{"text":"(is) the most quarrelsome","language_name":"english","language_id":38},"transliteration":{"text":"aladdu","language_name":"english","language_id":38}},{"id":85461,"position":17,"audio_url":"wbw/002_204_017.mp3","qpc_uthmani_hafs":"ٱلۡخِصَامِ","char_type_name":"word","page_number":32,"line_number":5,"text":"ﭿ","translation":{"text":"(of) opponents","language_name":"english","language_id":38},"transliteration":{"text":"l-khiṣāmi","language_name":"english","language_id":38}},{"id":85462,"position":18,"audio_url":null,"qpc_uthmani_hafs":"٢٠٤","char_type_name":"end","page_number":32,"line_number":5,"text":"ﮀ","translation":{"text":"(204)","language_name":"english","language_id":38},"transliteration":{"text":null,"language_name":"english","language_id":38}}],"translations":[{"id":916640,"resource_id":134,"text":"Dan di antara manusia ada orang yang ucapannya tentang kehidupan dunia menarik hatimu, dan dipersaksikannya kepada Allah (atas kebenaran) isi hatinya, padahal ia adalah penantang yang paling keras."}]},{"id":212,"verse_number":205,"verse_key":"2:205","juz_number":2,"hizb_number":4,"rub_el_hizb_number":13,"ruku_number":26,"manzil_number":1,"sajdah_number":null,"text_uthmani":"وَإِذَا تَوَلَّىٰ سَعَىٰ فِى ٱلْأَرْضِ لِيُفْسِدَ فِيهَا وَيُهْلِكَ ٱلْحَرْثَ وَٱلنَّسْلَ ۗ وَٱللَّهُ لَا يُحِبُّ ٱلْفَسَادَ","page_number":32,"words":[{"id":85480,"position":1,"audio_url":"wbw/002_205_001.mp3","qpc_uthmani_hafs":"وَإِذَا","char_type_name":"word","page_number":32,"line_number":5,"text":"ﮁ","translation":{"text":"And when","language_name":"english","language_id":38},"transliteration":{"text":"wa-idhā","language_name":"english","language_id":38}},{"id":85481,"position":2,"audio_url":"wbw/002_205_002.mp3","qpc_uthmani_hafs":"تَوَلَّىٰ","char_type_name":"word","page_number":32,"line_number":5,"text":"ﮂ","translation":{"text":"he turns away","language_name":"english","language_id":38},"transliteration":{"text":"tawallā","language_name":"english","language_id":38}},{"id":85482,"position":3,"audio_url":"wbw/002_205_003.mp3","qpc_uthmani_hafs":"سَعَىٰ","char_type_name":"word","page_number":32,"line_number":5,"text":"ﮃ","translation":{"text":"he strives","language_name":"english","language_id":38},"transliteration":{"text":"saʿā","language_name":"english","language_id":38}},{"id":85483,"position":4,"audio_url":"wbw/002_205_004.mp3","qpc_uthmani_hafs":"فِي","char_type_name":"word","page_number":32,"line_number":6,"text":"ﮄ","translation":{"text":"in","language_name":"english","language_id":38},"transliteration":{"text":"fī","language_name":"english","language_id":38}},{"id":85484,"position":5,"audio_url":"wbw/002_205_005.mp3","qpc_uthmani_hafs":"ٱلۡأَرۡضِ","char_type_name":"word","page_number":32,"line_number":6,"text":"ﮅ","translation":{"text":"the earth","language_name":"english","language_id":38},"transliteration":{"text":"l-arḍi","language_name":"english","language_id":38}},{"id":85485,"position":6,"audio_url":"wbw/002_205_006.mp3","qpc_uthmani_hafs":"لِيُفۡسِدَ","char_type_name":"word","page_number":32,"line_number":6,"text":"ﮆ","translation":{"text":"to spread corruption","language_name":"english","language_id":38},"transliteration":{"text":"liyuf'sida","language_name":"english","language_id":38}},{"id":85486,"position":7,"audio_url":"wbw/002_205_007.mp3","qpc_uthmani_hafs":"فِيهَا","char_type_name":"word","page_number":32,"line_number":6,"text":"ﮇ","translation":{"text":"[in it]","language_name":"english","language_id":38},"transliteration":{"text":"fīhā","language_name":"english","language_id":38}},{"id":85487,"position":8,"audio_url":"wbw/002_205_008.mp3","qpc_uthmani_hafs":"وَيُهۡلِكَ","char_type_name":"word","page_number":32,"line_number":6,"text":"ﮈ","translation":{"text":"and destroys","language_name":"english","language_id":38},"transliteration":{"text":"wayuh'lika","language_name":"english","language_id":38}},{"id":85488,"position":9,"audio_url":"wbw/002_205_009.mp3","qpc_uthmani_hafs":"ٱلۡحَرۡثَ","char_type_name":"word","page_number":32,"line_number":6,"text":"ﮉ","translation":{"text":"the crops","language_name":"english","language_id":38},"transliteration":{"text":"l-ḥartha","language_name":"english","language_id":38}},{"id":85489,"position":10,"audio_url":"wbw/002_205_010.mp3","qpc_uthmani_hafs":"وَٱلنَّسۡلَۚ","char_type_name":"word","page_number":32,"line_number":6,"text":"ﮊﮋ","translation":{"text":"and progeny","language_name":"english","language_id":38},"transliteration":{"text":"wal-nasla","language_name":"english","language_id":38}},{"id":85491,"position":11,"audio_url":"wbw/002_205_012.mp3","qpc_uthmani_hafs":"وَٱللَّهُ","char_type_name":"word","page_number":32,"line_number":6,"text":"ﮌ","translation":{"text":"And Allah","language_name":"english","language_id":38},"transliteration":{"text":"wal-lahu","language_name":"english","language_id":38}},{"id":85492,"position":12,"audio_url":"wbw/002_205_013.mp3","qpc_uthmani_hafs":"لَا","char_type_name":"word","page_number":32,"line_number":7,"text":"ﮍ","translation":{"text":"(does) not","language_name":"english","language_id":38},"transliteration":{"text":"lā","language_name":"english","language_id":38}},{"id":85493,"position":13,"audio_url":"wbw/002_205_014.mp3","qpc_uthmani_hafs":"يُحِبُّ","char_type_name":"word","page_number":32,"line_number":7,"text":"ﮎ","translation":{"text":"love","language_name":"english","language_id":38},"transliteration":{"text":"yuḥibbu","language_name":"english","language_id":38}},{"id":85494,"position":14,"audio_url":"wbw/002_205_015.mp3","qpc_uthmani_hafs":"ٱلۡفَسَادَ","char_type_name":"word","page_number":32,"line_number":7,"text":"ﮏ","translation":{"text":"[the] corruption","language_name":"english","language_id":38},"transliteration":{"text":"l-fasāda","language_name":"english","language_id":38}},{"id":85495,"position":15,"audio_url":null,"qpc_uthmani_hafs":"٢٠٥","char_type_name":"end","page_number":32,"line_number":7,"text":"ﮐ","translation":{"text":"(205)","language_name":"english","language_id":38},"transliteration":{"text":null,"language_name":"english","language_id":38}}],"translations":[{"id":916641,"resource_id":134,"text":"Dan apabila ia berpaling (dari kamu), ia berjalan di bumi untuk mengadakan kerusakan padanya, dan merusak tanam-tanaman dan binatang ternak, dan Allah tidak menyukai kebinasaan <sup foot_note=209899>1</sup>."}]},{"id":213,"verse_number":206,"verse_key":"2:206","juz_number":2,"hizb_number":4,"rub_el_hizb_number":13,"ruku_number":26,"manzil_number":1,"sajdah_number":null,"text_uthmani":"وَإِذَا قِيلَ لَهُ ٱتَّقِ ٱللَّهَ أَخَذَتْهُ ٱلْعِزَّةُ بِٱلْإِثْمِ ۚ فَحَسْبُهُۥ جَهَنَّمُ ۚ وَلَبِئْسَ ٱلْمِهَادُ","page_number":32,"words":[{"id":85519,"position":1,"audio_url":"wbw/002_206_001.mp3","qpc_uthmani_hafs":"وَإِذَا","char_type_name":"word","page_number":32,"line_number":7,"text":"ﮑ","translation":{"text":"And when","language_name":"english","language_id":38},"transliteration":{"text":"wa-idhā","language_name":"english","language_id":38}},{"id":85520,"position":2,"audio_url":"wbw/002_206_002.mp3","qpc_uthmani_hafs":"قِيلَ","char_type_name":"word","page_number":32,"line_number":7,"text":"ﮒ","translation":{"text":"it is said","language_name":"english","language_id":38},"transliteration":{"text":"qīla","language_name":"english","language_id":38}},{"id":85521,"position":3,"audio_url":"wbw/002_206_003.mp3","qpc_uthmani_hafs":"لَهُ","char_type_name":"word","page_number":32,"line_number":7,"text":"ﮓ","translation":{"text":"to him","language_name":"english","language_id":38},"transliteration":{"text":"lahu","language_name":"english","language_id":38}},{"id":85522,"position":4,"audio_url":"wbw/002_206_004.mp3","qpc_uthmani_hafs":"ٱتَّقِ","char_type_name":"word","page_number":32,"line_number":7,"text":"ﮔ","translation":{"text":"Fear","language_name":"english","language_id":38},"transliteration":{"text":"ittaqi","language_name":"english","language_id":38}},{"id":85523,"position":5,"audio_url":"wbw/002_206_005.mp3","qpc_uthmani_hafs":"ٱللَّهَ","char_type_name":"word","page_number":32,"line_number":7,"text":"ﮕ","translation":{"text":"Allah","language_name":"english","language_id":38},"transliteration":{"text":"l-laha","language_name":"english","language_id":38}},{"id":85524,"position":6,"audio_url":"wbw/002_206_006.mp3","qpc_uthmani_hafs":"أَخَذَتۡهُ","char_type_name":"word","page_number":32,"line_number":7,"text":"ﮖ","translation":{"text":"takes him","language_name":"english","language_id":38},"transliteration":{"text":"akhadhathu","language_name":"english","language_id":38}},{"id":85525,"position":7,"audio_url":"wbw/002_206_007.mp3","qpc_uthmani_hafs":"ٱلۡعِزَّةُ","char_type_name":"word","page_number":32,"line_number":7,"text":"ﮗ","translation":{"text":"(his) pride","language_name":"english","language_id":38},"transliteration":{"text":"l-ʿizatu","language_name":"english","language_id":38}},{"id":85526,"position":8,"audio_url":"wbw/002_206_008.mp3","qpc_uthmani_hafs":"بِٱلۡإِثۡمِۚ","char_type_name":"word","page_number":32,"line_number":8,"text":"ﮘﮙ","translation":{"text":"to [the] sins","language_name":"english","language_id":38},"transliteration":{"text":"bil-ith'mi","language_name":"english","language_id":38}},{"id":85528,"position":9,"audio_url":"wbw/002_206_010.mp3","qpc_uthmani_hafs":"فَحَسۡبُهُۥ","char_type_name":"word","page_number":32,"line_number":8,"text":"ﮚ","translation":{"text":"Then enough for him","language_name":"english","language_id":38},"transliteration":{"text":"faḥasbuhu","language_name":"english","language_id":38}},{"id":85529,"position":10,"audio_url":"wbw/002_206_011.mp3","qpc_uthmani_hafs":"جَهَنَّمُۖ","char_type_name":"word","page_number":32,"line_number":8,"text":"ﮛﮜ","translation":{"text":"(is) Hell ","language_name":"english","language_id":38},"transliteration":{"text":"jahannamu","language_name":"english","language_id":38}},{"id":85531,"position":11,"audio_url":"wbw/002_206_013.mp3","qpc_uthmani_hafs":"وَلَبِئۡسَ","char_type_name":"word","page_number":32,"line_number":8,"text":"ﮝ","translation":{"text":"[and] surely an evil","language_name":"english","language_id":38},"transliteration":{"text":"walabi'sa","language_name":"english","language_id":38}},{"id":85532,"position":12,"audio_url":"wbw/002_206_014.mp3","qpc_uthmani_hafs":"ٱلۡمِهَادُ","char_type_name":"word","page_number":32,"line_number":8,"text":"ﮞ","translation":{"text":"[the] resting-place","language_name":"english","language_id":38},"transliteration":{"text":"l-mihādu","language_name":"english","language_id":38}},{"id":85533,"position":13,"audio_url":null,"qpc_uthmani_hafs":"٢٠٦","char_type_name":"end","page_number":32,"line_number":8,"text":"ﮟ","translation":{"text":"(206)","language_name":"english","language_id":38},"transliteration":{"text":null,"language_name":"english","language_id":38}}],"translations":[{"id":916642,"resource_id":134,"text":"Dan apabila dikatakan kepadanya, \"Bertakwalah kepada Allah\", bangkitlah kesombongannya yang menyebabkannya berbuat dosa.  Maka cukuplah (balasannya) Neraka Jahanam.  Dan sungguh Neraka Jahanam itu tempat tinggal yang seburuk-buruknya."}]},{"id":214,"verse_number":207,"verse_key":"2:207","juz_number":2,"hizb_number":4,"rub_el_hizb_number":13,"ruku_number":26,"manzil_number":1,"sajdah_number":null,"text_uthmani":"وَمِنَ ٱلنَّاسِ مَن يَشْرِى نَفْسَهُ ٱبْتِغَآءَ مَرْضَاتِ ٱللَّهِ ۗ وَٱللَّهُ رَءُوفٌۢ بِٱلْعِبَادِ","page_number":32,"words":[{"id":85554,"position":1,"audio_url":"wbw/002_207_001.mp3","qpc_uthmani_hafs":"وَمِنَ","char_type_name":"word","page_number":32,"line_number":8,"text":"ﮠ","translation":{"text":"And of","language_name":"english","language_id":38},"transliteration":{"text":"wamina","language_name":"english","language_id":38}},{"id":85555,"position":2,"audio_url":"wbw/002_207_002.mp3","qpc_uthmani_hafs":"ٱلنَّاسِ","char_type_name":"word","page_number":32,"line_number":9,"text":"ﮡ","translation":{"text":"the people","language_name":"english","language_id":38},"transliteration":{"text":"l-nāsi","language_name":"english","language_id":38}},{"id":85556,"position":3,"audio_url":"wbw/002_207_003.mp3","qpc_uthmani_hafs":"مَن","char_type_name":"word","page_number":32,"line_number":9,"text":"ﮢ","translation":{"text":"(is the one) who","language_name":"english","language_id":38},"transliteration":{"text":"man","language_name":"english","language_id":38}},{"id":85557,"position":4,"audio_url":"wbw/002_207_004.mp3","qpc_uthmani_hafs":"يَشۡرِي","char_type_name":"word","page_number":32,"line_number":9,"text":"ﮣ","translation":{"text":"sells","language_name":"english","language_id":38},"transliteration":{"text":"yashrī","language_name":"english","language_id":38}},{"id":85558,"position":5,"audio_url":"wbw/002_207_005.mp3","qpc_uthmani_hafs":"نَفۡسَهُ","char_type_name":"word","page_number":32,"line_number":9,"text":"ﮤ","translation":{"text":"his own self","language_name":"english","language_id":38},"transliteration":{"text":"nafsahu","language_name":"english","language_id":38}},{"id":85559,"position":6,"audio_url":"wbw/002_207_006.mp3","qpc_uthmani_hafs":"ٱبۡتِغَآءَ","char_type_name":"word","page_number":32,"line_number":9,"text":"ﮥ","translation":{"text":"seeking","language_name":"english","language_id":38},"transliteration":{"text":"ib'tighāa","language_name":"english","language_id":38}},{"id":85560,"position":7,"audio_url":"wbw/002_207_007.mp3","qpc_uthmani_hafs":"مَرۡضَاتِ","char_type_name":"word","page_number":32,"line_number":9,"text":"ﮦ","translation":{"text":"pleasure","language_name":"english","language_id":38},"transliteration":{"text":"marḍāti","language_name":"english","language_id":38}},{"id":85561,"position":8,"audio_url":"wbw/002_207_008.mp3","qpc_uthmani_hafs":"ٱللَّهِۚ","char_type_name":"word","page_number":32,"line_number":9,"text":"ﮧﮨ","translation":{"text":"(of) Allah","language_name":"english","language_id":38},"transliteration":{"text":"l-lahi","language_name":"english","language_id":38}},{"id":85563,"position":9,"audio_url":"wbw/002_207_010.mp3","qpc_uthmani_hafs":"وَٱللَّهُ","char_type_name":"word","page_number":32,"line_number":9,"text":"ﮩ","translation":{"text":"And Allah","language_name":"english","language_id":38},"transliteration":{"text":"wal-lahu","language_name":"english","language_id":38}},{"id":85564,"position":10,"audio_url":"wbw/002_207_011.mp3","qpc_uthmani_hafs":"رَءُوفُۢ","char_type_name":"word","page_number":32,"line_number":10,"text":"ﮪ","translation":{"text":"(is) full of Kindness","language_name":"english","language_id":38},"transliteration":{"text":"raūfun","language_name":"english","language_id":38}},{"id":85565,"position":11,"audio_url":"wbw/002_207_012.mp3","qpc_uthmani_hafs":"بِٱلۡعِبَادِ","char_type_name":"word","page_number":32,"line_number":10,"text":"ﮫ","translation":{"text":"to His servants","language_name":"english","language_id":38},"transliteration":{"text":"bil-ʿibādi","language_name":"english","language_id":38}},{"id":85566,"position":12,"audio_url":null,"qpc_uthmani_hafs":"٢٠٧","char_type_name":"end","page_number":32,"line_number":10,"text":"ﮬ","translation":{"text":"(207)","language_name":"english","language_id":38},"transliteration":{"text":null,"language_name":"english","language_id":38}}],"translations":[{"id":916643,"resource_id":134,"text":"Dan di antara manusia ada orang yang mengorbankan dirinya karena mencari keridaan Allah; dan Allah Maha Penyantun kepada hamba-hamba-Nya."}]},{"id":215,"verse_number":208,"verse_key":"2:208","juz_number":2,"hizb_number":4,"rub_el_hizb_number":13,"ruku_number":26,"manzil_number":1,"sajdah_number":null,"text_uthmani":"يَـٰٓأَيُّهَا ٱلَّذِينَ ءَامَنُوا۟ ٱدْخُلُوا۟ فِى ٱلسِّلْمِ كَآفَّةً وَلَا تَتَّبِعُوا۟ خُطُوَٰتِ ٱلشَّيْطَـٰنِ ۚ إِنَّهُۥ لَكُمْ عَدُوٌّ مُّبِينٌ","page_number":32,"words":[{"id":85567,"position":1,"audio_url":"wbw/002_208_001.mp3","qpc_uthmani_hafs":"يَٰٓأَيُّهَا","char_type_name":"word","page_number":32,"line_number":10,"text":"ﮭ","translation":{"text":"O you","language_name":"english","language_id":38},"transliteration":{"text":"yāayyuhā","language_name":"english","language_id":38}},{"id":85568,"position":2,"audio_url":"wbw/002_208_002.mp3","qpc_uthmani_hafs":"ٱلَّذِينَ","char_type_name":"word","page_number":32,"line_number":10,"text":"ﮮ","translation":{"text":"who","language_name":"english","language_id":38},"transliteration":{"text":"alladhīna","language_name":"english","language_id":38}},{"id":85569,"position":3,"audio_url":"wbw/002_208_003.mp3","qpc_uthmani_hafs":"ءَامَنُواْ","char_type_name":"word","page_number":32,"line_number":10,"text":"ﮯ","translation":{"text":"believe[d]","language_name":"english","language_id":38},"transliteration":{"text":"āmanū","language_name":"english","language_id":38}},{"id":85570,"position":4,"audio_url":"wbw/002_208_004.mp3","qpc_uthmani_hafs":"ٱدۡخُلُواْ","char_type_name":"word","page_number":32,"line_number":10,"text":"ﮰ","translation":{"text":"Enter","language_name":"english","language_id":38},"transliteration":{"text":"ud'khulū","language_name":"english","language_id":38}},{"id":85571,"position":5,"audio_url":"wbw/002_208_005.mp3","qpc_uthmani_hafs":"فِي","char_type_name":"word","page_number":32,"line_number":11,"text":"ﮱ","translation":{"text":"in","language_name":"english","language_id":38},"transliteration":{"text":"fī","language_name":"english","language_id":38}},{"id":85572,"position":6,"audio_url":"wbw/002_208_006.mp3","qpc_uthmani_hafs":"ٱلسِّلۡمِ","char_type_name":"word","page_number":32,"line_number":11,"text":"ﯓ","translation":{"text":"Islam","language_name":"english","language_id":38},"transliteration":{"text":"l-sil'mi","language_name":"english","language_id":38}},{"id":85573,"position":7,"audio_url":"wbw/002_208_007.mp3","qpc_uthmani_hafs":"كَآفَّةٗ","char_type_name":"word","page_number":32,"line_number":11,"text":"ﯔ","translation":{"text":"completely","language_name":"english","language_id":38},"transliteration":{"text":"kāffatan","language_name":"english","language_id":38}},{"id":85574,"position":8,"audio_url":"wbw/002_208_008.mp3","qpc_uthmani_hafs":"وَلَا","char_type_name":"word","page_number":32,"line_number":11,"text":"ﯕ","translation":{"text":"and (do) not","language_name":"english","language_id":38},"transliteration":{"text":"walā","language_name":"english","language_id":38}},{"id":85575,"position":9,"audio_url":"wbw/002_208_009.mp3","qpc_uthmani_hafs":"تَتَّبِعُواْ","char_type_name":"word","page_number":32,"line_number":11,"text":"ﯖ","translation":{"text":"follow","language_name":"english","language_id":38},"transliteration":{"text":"tattabiʿū","language_name":"english","language_id":38}},{"id":85576,"position":10,"audio_url":"wbw/002_208_010.mp3","qpc_uthmani_hafs":"خُطُوَٰتِ","char_type_name":"word","page_number":32,"line_number":11,"text":"ﯗ","translation":{"text":"footsteps","language_name":"english","language_id":38},"transliteration":{"text":"khuṭuwāti","language_name":"english","language_id":38}},{"id":85577,"position":11,"audio_url":"wbw/002_208_011.mp3","qpc_uthmani_hafs":"ٱلشَّيۡطَٰنِۚ","char_type_name":"word","page_number":32,"line_number":11,"text":"ﯘﯙ","translation":{"text":"(of) the Shaitaan","language_name":"english","language_id":38},"transliteration":{"text":"l-shayṭāni","language_name":"english","language_id":38}},{"id":85579,"position":12,"audio_url":"wbw/002_208_013.mp3","qpc_uthmani_hafs":"إِنَّهُۥ","char_type_name":"word","page_number":32,"line_number":12,"text":"ﯚ","translation":{"text":"Indeed, he","language_name":"english","language_id":38},"transliteration":{"text":"innahu","language_name":"english","language_id":38}},{"id":85580,"position":13,"audio_url":"wbw/002_208_014.mp3","qpc_uthmani_hafs":"لَكُمۡ","char_type_name":"word","page_number":32,"line_number":12,"text":"ﯛ","translation":{"text":"(is) for you","language_name":"english","language_id":38},"transliteration":{"text":"lakum","language_name":"english","language_id":38}},{"id":85581,"position":14,"audio_url":"wbw/002_208_015.mp3","qpc_uthmani_hafs":"عَدُوّٞ","char_type_name":"word","page_number":32,"line_number":12,"text":"ﯜ","translation":{"text":"an enemy","language_name":"english","language_id":38},"transliteration":{"text":"ʿaduwwun","language_name":"english","language_id":38}},{"id":85582,"position":15,"audio_url":"wbw/002_208_016.mp3","qpc_uthmani_hafs":"مُّبِينٞ","char_type_name":"word","page_number":32,"line_number":12,"text":"ﯝ","translation":{"text":"open","language_name":"english","language_id":38},"transliteration":{"text":"mubīnun","language_name":"english","language_id":38}},{"id":85583,"position":16,"audio_url":null,"qpc_uthmani_hafs":"٢٠٨","char_type_name":"end","page_number":32,"line_number":12,"text":"ﯞ","translation":{"text":"(208)","language_name":"english","language_id":38},"transliteration":{"text":null,"language_name":"english","language_id":38}}],"translations":[{"id":916644,"resource_id":134,"text":"Hai orang-orang yang beriman, masuklah kamu ke dalam Islam secara keseluruhannya, dan janganlah kamu turut langkah-langkah setan.  Sesungguhnya setan itu musuh yang nyata bagimu."}]},{"id":216,"verse_number":209,"verse_key":"2:209","juz_number":2,"hizb_number":4,"rub_el_hizb_number":13,"ruku_number":26,"manzil_number":1,"sajdah_number":null,"text_uthmani":"فَإِن زَلَلْتُم مِّنۢ بَعْدِ مَا جَآءَتْكُمُ ٱلْبَيِّنَـٰتُ فَٱعْلَمُوٓا۟ أَنَّ ٱللَّهَ عَزِيزٌ حَكِيمٌ","page_number":32,"words":[{"id":85592,"position":1,"audio_url":"wbw/002_209_001.mp3","qpc_uthmani_hafs":"فَإِن","char_type_name":"word","page_number":32,"line_number":12,"text":"ﯟ","translation":{"text":"Then if","language_name":"english","language_id":38},"transliteration":{"text":"fa-in","language_name":"english","language_id":38}},{"id":85593,"position":2,"audio_url":"wbw/002_209_002.mp3","qpc_uthmani_hafs":"زَلَلۡتُم","char_type_name":"word","page_number":32,"line_number":12,"text":"ﯠ","translation":{"text":"you slip","language_name":"english","language_id":38},"transliteration":{"text":"zalaltum","language_name":"english","language_id":38}},{"id":85594,"position":3,"audio_url":"wbw/002_209_003.mp3","qpc_uthmani_hafs":"مِّنۢ","char_type_name":"word","page_number":32,"line_number":12,"text":"ﯡ","translation":{"text":"from","language_name":"english","language_id":38},"transliteration":{"text":"min","language_name":"english","language_id":38}},{"id":85595,"position":4,"audio_url":"wbw/002_209_004.mp3","qpc_uthmani_hafs":"بَعۡدِ","char_type_name":"word","page_number":32,"line_number":12,"text":"ﯢ","translation":{"text":"after","language_name":"english","language_id":38},"transliteration":{"text":"baʿdi","language_name":"english","language_id":38}},{"id":85596,"position":5,"audio_url":"wbw/002_209_005.mp3","qpc_uthmani_hafs":"مَا","char_type_name":"word","page_number":32,"line_number":13,"text":"ﯣ","translation":{"text":"[what]","language_name":"english","language_id":38},"transliteration":{"text":"mā","language_name":"english","language_id":38}},{"id":85597,"position":6,"audio_url":"wbw/002_209_006.mp3","qpc_uthmani_hafs":"جَآءَتۡكُمُ","char_type_name":"word","page_number":32,"line_number":13,"text":"ﯤ","translation":{"text":"came to you","language_name":"english","language_id":38},"transliteration":{"text":"jāatkumu","language_name":"english","language_id":38}},{"id":85598,"position":7,"audio_url":"wbw/002_209_007.mp3","qpc_uthmani_hafs":"ٱلۡبَيِّنَٰتُ","char_type_name":"word","page_number":32,"line_number":13,"text":"ﯥ","translation":{"text":"(from) the clear proofs","language_name":"english","language_id":38},"transliteration":{"text":"l-bayinātu","language_name":"english","language_id":38}},{"id":85599,"position":8,"audio_url":"wbw/002_209_008.mp3","qpc_uthmani_hafs":"فَٱعۡلَمُوٓاْ","char_type_name":"word","page_number":32,"line_number":13,"text":"ﯦ","translation":{"text":"then know","language_name":"english","language_id":38},"transliteration":{"text":"fa-iʿ'lamū","language_name":"english","language_id":38}},{"id":85600,"position":9,"audio_url":"wbw/002_209_009.mp3","qpc_uthmani_hafs":"أَنَّ","char_type_name":"word","page_number":32,"line_number":13,"text":"ﯧ","translation":{"text":"that","language_name":"english","language_id":38},"transliteration":{"text":"anna","language_name":"english","language_id":38}},{"id":85601,"position":10,"audio_url":"wbw/002_209_010.mp3","qpc_uthmani_hafs":"ٱللَّهَ","char_type_name":"word","page_number":32,"line_number":13,"text":"ﯨ","translation":{"text":"Allah","language_name":"english","language_id":38},"transliteration":{"text":"l-laha","language_name":"english","language_id":38}},{"id":85602,"position":11,"audio_url":"wbw/002_209_011.mp3","qpc_uthmani_hafs":"عَزِيزٌ","char_type_name":"word","page_number":32,"line_number":13,"text":"ﯩ","translation":{"text":"(is) All-Mighty","language_name":"english","language_id":38},"transliteration":{"text":"ʿazīzun","language_name":"english","language_id":38}},{"id":85603,"position":12,"audio_url":"wbw/002_209_012.mp3","qpc_uthmani_hafs":"حَكِيمٌ","char_type_name":"word","page_number":32,"line_number":13,"text":"ﯪ","translation":{"text":"All-Wise","language_name":"english","language_id":38},"transliteration":{"text":"ḥakīmun","language_name":"english","language_id":38}},{"id":85604,"position":13,"audio_url":null,"qpc_uthmani_hafs":"٢٠٩","char_type_name":"end","page_number":32,"line_number":14,"text":"ﯫ","translation":{"text":"(209)","language_name":"english","language_id":38},"transliteration":{"text":null,"language_name":"english","language_id":38}}],"translations":[{"id":916645,"resource_id":134,"text":"Tetapi jika kamu menyimpang (dari jalan Allah) sesudah datang kepadamu bukti-bukti kebenaran, maka ketahuilah, bahwasanya Allah Maha Perkasa lagi Maha Bijaksana."}]},{"id":217,"verse_number":210,"verse_key":"2:210","juz_number":2,"hizb_number":4,"rub_el_hizb_number":13,"ruku_number":26,"manzil_number":1,"sajdah_number":null,"text_uthmani":"هَلْ يَنظُرُونَ إِلَّآ أَن يَأْتِيَهُمُ ٱللَّهُ فِى ظُلَلٍ مِّنَ ٱلْغَمَامِ وَٱلْمَلَـٰٓئِكَةُ وَقُضِىَ ٱلْأَمْرُ ۚ وَإِلَى ٱللَّهِ تُرْجَعُ ٱلْأُمُورُ","page_number":32,"words":[{"id":85610,"position":1,"audio_url":"wbw/002_210_001.mp3","qpc_uthmani_hafs":"هَلۡ","char_type_name":"word","page_number":32,"line_number":14,"text":"ﯬ","translation":{"text":"Are","language_name":"english","language_id":38},"transliteration":{"text":"hal","language_name":"english","language_id":38}},{"id":85611,"position":2,"audio_url":"wbw/002_210_002.mp3","qpc_uthmani_hafs":"يَنظُرُونَ","char_type_name":"word","page_number":32,"line_number":14,"text":"ﯭ","translation":{"text":"they waiting","language_name":"english","language_id":38},"transliteration":{"text":"yanẓurūna","language_name":"english","language_id":38}},{"id":85612,"position":3,"audio_url":"wbw/002_210_003.mp3","qpc_uthmani_hafs":"إِلَّآ","char_type_name":"word","page_number":32,"line_number":14,"text":"ﯮ","translation":{"text":"[except]","language_name":"english","language_id":38},"transliteration":{"text":"illā","language_name":"english","language_id":38}},{"id":85613,"position":4,"audio_url":"wbw/002_210_004.mp3","qpc_uthmani_hafs":"أَن","char_type_name":"word","page_number":32,"line_number":14,"text":"ﯯ","translation":{"text":"that","language_name":"english","language_id":38},"transliteration":{"text":"an","language_name":"english","language_id":38}},{"id":85614,"position":5,"audio_url":"wbw/002_210_005.mp3","qpc_uthmani_hafs":"يَأۡتِيَهُمُ","char_type_name":"word","page_number":32,"line_number":14,"text":"ﯰ","translation":{"text":"comes to them","language_name":"english","language_id":38},"transliteration":{"text":"yatiyahumu","language_name":"english","language_id":38}},{"id":85615,"position":6,"audio_url":"wbw/002_210_006.mp3","qpc_uthmani_hafs":"ٱللَّهُ","char_type_name":"word","page_number":32,"line_number":14,"text":"ﯱ","translation":{"text":"Allah","language_name":"english","language_id":38},"transliteration":{"text":"l-lahu","language_name":"english","language_id":38}},{"id":85616,"position":7,"audio_url":"wbw/002_210_007.mp3","qpc_uthmani_hafs":"فِي","char_type_name":"word","page_number":32,"line_number":14,"text":"ﯲ","translation":{"text":"in","language_name":"english","language_id":38},"transliteration":{"text":"fī","language_name":"english","language_id":38}},{"id":85617,"position":8,"audio_url":"wbw/002_210_008.mp3","qpc_uthmani_hafs":"ظُلَلٖ","char_type_name":"word","page_number":32,"line_number":14,"text":"ﯳ","translation":{"text":"(the) shadows","language_name":"english","language_id":38},"transliteration":{"text":"ẓulalin","language_name":"english","language_id":38}},{"id":85618,"position":9,"audio_url":"wbw/002_210_009.mp3","qpc_uthmani_hafs":"مِّنَ","char_type_name":"word","page_number":32,"line_number":14,"text":"ﯴ","translation":{"text":"of","language_name":"english","language_id":38},"transliteration":{"text":"mina","language_name":"english","language_id":38}},{"id":85619,"position":10,"audio_url":"wbw/002_210_010.mp3","qpc_uthmani_hafs":"ٱلۡغَمَامِ","char_type_name":"word","page_number":32,"line_number":14,"text":"ﯵ","translation":{"text":"[the] clouds","language_name":"english","language_id":38},"transliteration":{"text":"l-ghamāmi","language_name":"english","language_id":38}},{"id":85620,"position":11,"audio_url":"wbw/002_210_011.mp3","qpc_uthmani_hafs":"وَٱلۡمَلَٰٓئِكَةُ","char_type_name":"word","page_number":32,"line_number":15,"text":"ﯶ","translation":{"text":"and the Angels","language_name":"english","language_id":38},"transliteration":{"text":"wal-malāikatu","language_name":"english","language_id":38}},{"id":85621,"position":12,"audio_url":"wbw/002_210_012.mp3","qpc_uthmani_hafs":"وَقُضِيَ","char_type_name":"word","page_number":32,"line_number":15,"text":"ﯷ","translation":{"text":"and is decreed","language_name":"english","language_id":38},"transliteration":{"text":"waquḍiya","language_name":"english","language_id":38}},{"id":85622,"position":13,"audio_url":"wbw/002_210_013.mp3","qpc_uthmani_hafs":"ٱلۡأَمۡرُۚ","char_type_name":"word","page_number":32,"line_number":15,"text":"ﯸﯹ","translation":{"text":"the matter","language_name":"english","language_id":38},"transliteration":{"text":"l-amru","language_name":"english","language_id":38}},{"id":85624,"position":14,"audio_url":"wbw/002_210_015.mp3","qpc_uthmani_hafs":"وَإِلَى","char_type_name":"word","page_number":32,"line_number":15,"text":"ﯺ","translation":{"text":"And to","language_name":"english","language_id":38},"transliteration":{"text":"wa-ilā","language_name":"english","language_id":38}},{"id":85625,"position":15,"audio_url":"wbw/002_210_016.mp3","qpc_uthmani_hafs":"ٱللَّهِ","char_type_name":"word","page_number":32,"line_number":15,"text":"ﯻ","translation":{"text":"Allah","language_name":"english","language_id":38},"transliteration":{"text":"l-lahi","language_name":"english","language_id":38}},{"id":85626,"position":16,"audio_url":"wbw/002_210_017.mp3","qpc_uthmani_hafs":"تُرۡجَعُ","char_type_name":"word","page_number":32,"line_number":15,"text":"ﯼ","translation":{"text":"return","language_name":"english","language_id":38},"transliteration":{"text":"tur'jaʿu","language_name":"english","language_id":38}},{"id":85627,"position":17,"audio_url":"wbw/002_210_018.mp3","qpc_uthmani_hafs":"ٱلۡأُمُورُ","char_type_name":"word","page_number":32,"line_number":15,"text":"ﯽ","translation":{"text":"(all) the matters","language_name":"english","language_id":38},"transliteration":{"text":"l-umūru","language_name":"english","language_id":38}},{"id":85628,"position":18,"audio_url":null,"qpc_uthmani_hafs":"٢١٠","char_type_name":"end","page_number":32,"line_number":15,"text":"ﯾ","translation":{"text":"(210)","language_name":"english","language_id":38},"transliteration":{"text":null,"language_name":"english","language_id":38}}],"translations":[{"id":916646,"resource_id":134,"text":"Tiada yang mereka nanti-nantikan melainkan datangnya Allah dan malaikat (pada hari kiamat) dalam naungan awan <sup foot_note=209900>1</sup>, dan diputuskanlah perkaranya.  Dan hanya kepada Allah dikembalikan segala urusan."}]}],"pagination":{"per_page":50,"current_page":1,"next_page":null,"total_pages":1,"total_records":8}}