{"verses":[{"id":2541,"verse_number":58,"verse_key":"21:58","juz_number":17,"hizb_number":33,"rub_el_hizb_number":131,"ruku_number":282,"manzil_number":4,"sajdah_number":null,"text_uthmani":"فَجَعَلَهُمْ جُذَٰذًا إِلَّا كَبِيرًا لَّهُمْ لَعَلَّهُمْ إِلَيْهِ يَرْجِعُونَ","page_number":327,"words":[{"id":53371,"position":1,"audio_url":"wbw/021_058_001.mp3","qpc_uthmani_hafs":"فَجَعَلَهُمۡ","char_type_name":"word","page_number":327,"line_number":1,"text":"ﭑ","translation":{"text":"So he made them","language_name":"english","language_id":38},"transliteration":{"text":"fajaʿalahum","language_name":"english","language_id":38}},{"id":53372,"position":2,"audio_url":"wbw/021_058_002.mp3","qpc_uthmani_hafs":"جُذَٰذًا","char_type_name":"word","page_number":327,"line_number":1,"text":"ﭒ","translation":{"text":"(into) pieces","language_name":"english","language_id":38},"transliteration":{"text":"judhādhan","language_name":"english","language_id":38}},{"id":53373,"position":3,"audio_url":"wbw/021_058_003.mp3","qpc_uthmani_hafs":"إِلَّا","char_type_name":"word","page_number":327,"line_number":1,"text":"ﭓ","translation":{"text":"except","language_name":"english","language_id":38},"transliteration":{"text":"illā","language_name":"english","language_id":38}},{"id":53374,"position":4,"audio_url":"wbw/021_058_004.mp3","qpc_uthmani_hafs":"كَبِيرٗا","char_type_name":"word","page_number":327,"line_number":1,"text":"ﭔ","translation":{"text":"a large (one)","language_name":"english","language_id":38},"transliteration":{"text":"kabīran","language_name":"english","language_id":38}},{"id":53375,"position":5,"audio_url":"wbw/021_058_005.mp3","qpc_uthmani_hafs":"لَّهُمۡ","char_type_name":"word","page_number":327,"line_number":1,"text":"ﭕ","translation":{"text":"of them","language_name":"english","language_id":38},"transliteration":{"text":"lahum","language_name":"english","language_id":38}},{"id":53376,"position":6,"audio_url":"wbw/021_058_006.mp3","qpc_uthmani_hafs":"لَعَلَّهُمۡ","char_type_name":"word","page_number":327,"line_number":1,"text":"ﭖ","translation":{"text":"so that they may","language_name":"english","language_id":38},"transliteration":{"text":"laʿallahum","language_name":"english","language_id":38}},{"id":53377,"position":7,"audio_url":"wbw/021_058_007.mp3","qpc_uthmani_hafs":"إِلَيۡهِ","char_type_name":"word","page_number":327,"line_number":1,"text":"ﭗ","translation":{"text":"to it","language_name":"english","language_id":38},"transliteration":{"text":"ilayhi","language_name":"english","language_id":38}},{"id":53378,"position":8,"audio_url":"wbw/021_058_008.mp3","qpc_uthmani_hafs":"يَرۡجِعُونَ","char_type_name":"word","page_number":327,"line_number":1,"text":"ﭘ","translation":{"text":"return","language_name":"english","language_id":38},"transliteration":{"text":"yarjiʿūna","language_name":"english","language_id":38}},{"id":53379,"position":9,"audio_url":null,"qpc_uthmani_hafs":"٥٨","char_type_name":"end","page_number":327,"line_number":2,"text":"ﭙ","translation":{"text":"(58)","language_name":"english","language_id":38},"transliteration":{"text":null,"language_name":"english","language_id":38}}],"translations":[{"id":918970,"resource_id":134,"text":"Maka Ibrāhīm membuat berhala-berhala itu hancur berpotong-potong, kecuali yang terbesar (induk) dari patung-patung yang lain agar mereka kembali (untuk bertanya) kepadanya."}]},{"id":2542,"verse_number":59,"verse_key":"21:59","juz_number":17,"hizb_number":33,"rub_el_hizb_number":131,"ruku_number":282,"manzil_number":4,"sajdah_number":null,"text_uthmani":"قَالُوا۟ مَن فَعَلَ هَـٰذَا بِـَٔالِهَتِنَآ إِنَّهُۥ لَمِنَ ٱلظَّـٰلِمِينَ","page_number":327,"words":[{"id":53843,"position":1,"audio_url":"wbw/021_059_001.mp3","qpc_uthmani_hafs":"قَالُواْ","char_type_name":"word","page_number":327,"line_number":2,"text":"ﭚ","translation":{"text":"They said","language_name":"english","language_id":38},"transliteration":{"text":"qālū","language_name":"english","language_id":38}},{"id":53844,"position":2,"audio_url":"wbw/021_059_002.mp3","qpc_uthmani_hafs":"مَن","char_type_name":"word","page_number":327,"line_number":2,"text":"ﭛ","translation":{"text":"Who","language_name":"english","language_id":38},"transliteration":{"text":"man","language_name":"english","language_id":38}},{"id":53845,"position":3,"audio_url":"wbw/021_059_003.mp3","qpc_uthmani_hafs":"فَعَلَ","char_type_name":"word","page_number":327,"line_number":2,"text":"ﭜ","translation":{"text":"(has) done","language_name":"english","language_id":38},"transliteration":{"text":"faʿala","language_name":"english","language_id":38}},{"id":53846,"position":4,"audio_url":"wbw/021_059_004.mp3","qpc_uthmani_hafs":"هَٰذَا","char_type_name":"word","page_number":327,"line_number":2,"text":"ﭝ","translation":{"text":"this","language_name":"english","language_id":38},"transliteration":{"text":"hādhā","language_name":"english","language_id":38}},{"id":53847,"position":5,"audio_url":"wbw/021_059_005.mp3","qpc_uthmani_hafs":"بِـَٔالِهَتِنَآ","char_type_name":"word","page_number":327,"line_number":2,"text":"ﭞ","translation":{"text":"to our gods","language_name":"english","language_id":38},"transliteration":{"text":"biālihatinā","language_name":"english","language_id":38}},{"id":53848,"position":6,"audio_url":"wbw/021_059_006.mp3","qpc_uthmani_hafs":"إِنَّهُۥ","char_type_name":"word","page_number":327,"line_number":2,"text":"ﭟ","translation":{"text":"Indeed, he","language_name":"english","language_id":38},"transliteration":{"text":"innahu","language_name":"english","language_id":38}},{"id":53849,"position":7,"audio_url":"wbw/021_059_007.mp3","qpc_uthmani_hafs":"لَمِنَ","char_type_name":"word","page_number":327,"line_number":2,"text":"ﭠ","translation":{"text":"(is) of","language_name":"english","language_id":38},"transliteration":{"text":"lamina","language_name":"english","language_id":38}},{"id":53850,"position":8,"audio_url":"wbw/021_059_008.mp3","qpc_uthmani_hafs":"ٱلظَّٰلِمِينَ","char_type_name":"word","page_number":327,"line_number":2,"text":"ﭡ","translation":{"text":"the wrongdoers","language_name":"english","language_id":38},"transliteration":{"text":"l-ẓālimīna","language_name":"english","language_id":38}},{"id":53851,"position":9,"audio_url":null,"qpc_uthmani_hafs":"٥٩","char_type_name":"end","page_number":327,"line_number":2,"text":"ﭢ","translation":{"text":"(59)","language_name":"english","language_id":38},"transliteration":{"text":null,"language_name":"english","language_id":38}}],"translations":[{"id":918971,"resource_id":134,"text":"Mereka berkata, \"Siapakah yang melakukan perbuatan ini terhadap tuhan-tuhan kami; sesungguhnya dia termasuk orang-orang yang zalim\"."}]},{"id":2543,"verse_number":60,"verse_key":"21:60","juz_number":17,"hizb_number":33,"rub_el_hizb_number":131,"ruku_number":282,"manzil_number":4,"sajdah_number":null,"text_uthmani":"قَالُوا۟ سَمِعْنَا فَتًى يَذْكُرُهُمْ يُقَالُ لَهُۥٓ إِبْرَٰهِيمُ","page_number":327,"words":[{"id":54463,"position":1,"audio_url":"wbw/021_060_001.mp3","qpc_uthmani_hafs":"قَالُواْ","char_type_name":"word","page_number":327,"line_number":3,"text":"ﭣ","translation":{"text":"They said","language_name":"english","language_id":38},"transliteration":{"text":"qālū","language_name":"english","language_id":38}},{"id":54464,"position":2,"audio_url":"wbw/021_060_002.mp3","qpc_uthmani_hafs":"سَمِعۡنَا","char_type_name":"word","page_number":327,"line_number":3,"text":"ﭤ","translation":{"text":"We heard","language_name":"english","language_id":38},"transliteration":{"text":"samiʿ'nā","language_name":"english","language_id":38}},{"id":54465,"position":3,"audio_url":"wbw/021_060_003.mp3","qpc_uthmani_hafs":"فَتٗى","char_type_name":"word","page_number":327,"line_number":3,"text":"ﭥ","translation":{"text":"a youth","language_name":"english","language_id":38},"transliteration":{"text":"fatan","language_name":"english","language_id":38}},{"id":54466,"position":4,"audio_url":"wbw/021_060_004.mp3","qpc_uthmani_hafs":"يَذۡكُرُهُمۡ","char_type_name":"word","page_number":327,"line_number":3,"text":"ﭦ","translation":{"text":"mention them","language_name":"english","language_id":38},"transliteration":{"text":"yadhkuruhum","language_name":"english","language_id":38}},{"id":54467,"position":5,"audio_url":"wbw/021_060_005.mp3","qpc_uthmani_hafs":"يُقَالُ","char_type_name":"word","page_number":327,"line_number":3,"text":"ﭧ","translation":{"text":"he is called","language_name":"english","language_id":38},"transliteration":{"text":"yuqālu","language_name":"english","language_id":38}},{"id":54468,"position":6,"audio_url":"wbw/021_060_006.mp3","qpc_uthmani_hafs":"لَهُۥٓ","char_type_name":"word","page_number":327,"line_number":3,"text":"ﭨ","translation":{"text":"he is called","language_name":"english","language_id":38},"transliteration":{"text":"lahu","language_name":"english","language_id":38}},{"id":54469,"position":7,"audio_url":"wbw/021_060_007.mp3","qpc_uthmani_hafs":"إِبۡرَٰهِيمُ","char_type_name":"word","page_number":327,"line_number":3,"text":"ﭩ","translation":{"text":"Ibrahim","language_name":"english","language_id":38},"transliteration":{"text":"ib'rāhīmu","language_name":"english","language_id":38}},{"id":54470,"position":8,"audio_url":null,"qpc_uthmani_hafs":"٦٠","char_type_name":"end","page_number":327,"line_number":3,"text":"ﭪ","translation":{"text":"(60)","language_name":"english","language_id":38},"transliteration":{"text":null,"language_name":"english","language_id":38}}],"translations":[{"id":918972,"resource_id":134,"text":"Mereka berkata, \"Kami dengar ada seorang pemuda yang mencela berhala-berhala ini yang bernama Ibrāhīm\"."}]},{"id":2544,"verse_number":61,"verse_key":"21:61","juz_number":17,"hizb_number":33,"rub_el_hizb_number":131,"ruku_number":282,"manzil_number":4,"sajdah_number":null,"text_uthmani":"قَالُوا۟ فَأْتُوا۟ بِهِۦ عَلَىٰٓ أَعْيُنِ ٱلنَّاسِ لَعَلَّهُمْ يَشْهَدُونَ","page_number":327,"words":[{"id":55037,"position":1,"audio_url":"wbw/021_061_001.mp3","qpc_uthmani_hafs":"قَالُواْ","char_type_name":"word","page_number":327,"line_number":3,"text":"ﭫ","translation":{"text":"They said","language_name":"english","language_id":38},"transliteration":{"text":"qālū","language_name":"english","language_id":38}},{"id":55038,"position":2,"audio_url":"wbw/021_061_002.mp3","qpc_uthmani_hafs":"فَأۡتُواْ","char_type_name":"word","page_number":327,"line_number":3,"text":"ﭬ","translation":{"text":"Then bring","language_name":"english","language_id":38},"transliteration":{"text":"fatū","language_name":"english","language_id":38}},{"id":55039,"position":3,"audio_url":"wbw/021_061_003.mp3","qpc_uthmani_hafs":"بِهِۦ","char_type_name":"word","page_number":327,"line_number":3,"text":"ﭭ","translation":{"text":"him","language_name":"english","language_id":38},"transliteration":{"text":"bihi","language_name":"english","language_id":38}},{"id":55040,"position":4,"audio_url":"wbw/021_061_004.mp3","qpc_uthmani_hafs":"عَلَىٰٓ","char_type_name":"word","page_number":327,"line_number":4,"text":"ﭮ","translation":{"text":"before","language_name":"english","language_id":38},"transliteration":{"text":"ʿalā","language_name":"english","language_id":38}},{"id":55041,"position":5,"audio_url":"wbw/021_061_005.mp3","qpc_uthmani_hafs":"أَعۡيُنِ","char_type_name":"word","page_number":327,"line_number":4,"text":"ﭯ","translation":{"text":"(the) eyes","language_name":"english","language_id":38},"transliteration":{"text":"aʿyuni","language_name":"english","language_id":38}},{"id":55042,"position":6,"audio_url":"wbw/021_061_006.mp3","qpc_uthmani_hafs":"ٱلنَّاسِ","char_type_name":"word","page_number":327,"line_number":4,"text":"ﭰ","translation":{"text":"(of) the people","language_name":"english","language_id":38},"transliteration":{"text":"l-nāsi","language_name":"english","language_id":38}},{"id":55043,"position":7,"audio_url":"wbw/021_061_007.mp3","qpc_uthmani_hafs":"لَعَلَّهُمۡ","char_type_name":"word","page_number":327,"line_number":4,"text":"ﭱ","translation":{"text":"so that they may","language_name":"english","language_id":38},"transliteration":{"text":"laʿallahum","language_name":"english","language_id":38}},{"id":55044,"position":8,"audio_url":"wbw/021_061_008.mp3","qpc_uthmani_hafs":"يَشۡهَدُونَ","char_type_name":"word","page_number":327,"line_number":4,"text":"ﭲ","translation":{"text":"bear witness","language_name":"english","language_id":38},"transliteration":{"text":"yashhadūna","language_name":"english","language_id":38}},{"id":55045,"position":9,"audio_url":null,"qpc_uthmani_hafs":"٦١","char_type_name":"end","page_number":327,"line_number":4,"text":"ﭳ","translation":{"text":"(61)","language_name":"english","language_id":38},"transliteration":{"text":null,"language_name":"english","language_id":38}}],"translations":[{"id":918973,"resource_id":134,"text":"Mereka berkata, \"(Kalau demikian) bawalah dia dengan cara yang dapat dilihat orang banyak agar mereka menyaksikan\"."}]},{"id":2545,"verse_number":62,"verse_key":"21:62","juz_number":17,"hizb_number":33,"rub_el_hizb_number":131,"ruku_number":282,"manzil_number":4,"sajdah_number":null,"text_uthmani":"قَالُوٓا۟ ءَأَنتَ فَعَلْتَ هَـٰذَا بِـَٔالِهَتِنَا يَـٰٓإِبْرَٰهِيمُ","page_number":327,"words":[{"id":55648,"position":1,"audio_url":"wbw/021_062_001.mp3","qpc_uthmani_hafs":"قَالُوٓاْ","char_type_name":"word","page_number":327,"line_number":4,"text":"ﭴ","translation":{"text":"They said","language_name":"english","language_id":38},"transliteration":{"text":"qālū","language_name":"english","language_id":38}},{"id":55649,"position":2,"audio_url":"wbw/021_062_002.mp3","qpc_uthmani_hafs":"ءَأَنتَ","char_type_name":"word","page_number":327,"line_number":4,"text":"ﭵ","translation":{"text":"Have you","language_name":"english","language_id":38},"transliteration":{"text":"a-anta","language_name":"english","language_id":38}},{"id":55650,"position":3,"audio_url":"wbw/021_062_003.mp3","qpc_uthmani_hafs":"فَعَلۡتَ","char_type_name":"word","page_number":327,"line_number":4,"text":"ﭶ","translation":{"text":"done","language_name":"english","language_id":38},"transliteration":{"text":"faʿalta","language_name":"english","language_id":38}},{"id":55651,"position":4,"audio_url":"wbw/021_062_004.mp3","qpc_uthmani_hafs":"هَٰذَا","char_type_name":"word","page_number":327,"line_number":5,"text":"ﭷ","translation":{"text":"this","language_name":"english","language_id":38},"transliteration":{"text":"hādhā","language_name":"english","language_id":38}},{"id":55652,"position":5,"audio_url":"wbw/021_062_005.mp3","qpc_uthmani_hafs":"بِـَٔالِهَتِنَا","char_type_name":"word","page_number":327,"line_number":5,"text":"ﭸ","translation":{"text":"to our gods","language_name":"english","language_id":38},"transliteration":{"text":"biālihatinā","language_name":"english","language_id":38}},{"id":55653,"position":6,"audio_url":"wbw/021_062_006.mp3","qpc_uthmani_hafs":"يَٰٓإِبۡرَٰهِيمُ","char_type_name":"word","page_number":327,"line_number":5,"text":"ﭹ","translation":{"text":"O Ibrahim","language_name":"english","language_id":38},"transliteration":{"text":"yāib'rāhīmu","language_name":"english","language_id":38}},{"id":55654,"position":7,"audio_url":null,"qpc_uthmani_hafs":"٦٢","char_type_name":"end","page_number":327,"line_number":5,"text":"ﭺ","translation":{"text":"(62)","language_name":"english","language_id":38},"transliteration":{"text":null,"language_name":"english","language_id":38}}],"translations":[{"id":918974,"resource_id":134,"text":"Mereka bertanya, \"Apakah kamu yang melakukan perbuatan ini terhadap tuhan-tuhan kami, hai Ibrāhīm?\""}]},{"id":2546,"verse_number":63,"verse_key":"21:63","juz_number":17,"hizb_number":33,"rub_el_hizb_number":131,"ruku_number":282,"manzil_number":4,"sajdah_number":null,"text_uthmani":"قَالَ بَلْ فَعَلَهُۥ كَبِيرُهُمْ هَـٰذَا فَسْـَٔلُوهُمْ إِن كَانُوا۟ يَنطِقُونَ","page_number":327,"words":[{"id":56146,"position":1,"audio_url":"wbw/021_063_001.mp3","qpc_uthmani_hafs":"قَالَ","char_type_name":"word","page_number":327,"line_number":5,"text":"ﭻ","translation":{"text":"He said","language_name":"english","language_id":38},"transliteration":{"text":"qāla","language_name":"english","language_id":38}},{"id":56147,"position":2,"audio_url":"wbw/021_063_002.mp3","qpc_uthmani_hafs":"بَلۡ","char_type_name":"word","page_number":327,"line_number":5,"text":"ﭼ","translation":{"text":"Nay","language_name":"english","language_id":38},"transliteration":{"text":"bal","language_name":"english","language_id":38}},{"id":56148,"position":3,"audio_url":"wbw/021_063_003.mp3","qpc_uthmani_hafs":"فَعَلَهُۥ","char_type_name":"word","page_number":327,"line_number":5,"text":"ﭽ","translation":{"text":"(some doer) did it","language_name":"english","language_id":38},"transliteration":{"text":"faʿalahu","language_name":"english","language_id":38}},{"id":56149,"position":4,"audio_url":"wbw/021_063_004.mp3","qpc_uthmani_hafs":"كَبِيرُهُمۡ","char_type_name":"word","page_number":327,"line_number":5,"text":"ﭾ","translation":{"text":"Their chief","language_name":"english","language_id":38},"transliteration":{"text":"kabīruhum","language_name":"english","language_id":38}},{"id":56150,"position":5,"audio_url":"wbw/021_063_005.mp3","qpc_uthmani_hafs":"هَٰذَا","char_type_name":"word","page_number":327,"line_number":6,"text":"ﭿ","translation":{"text":"(is) this","language_name":"english","language_id":38},"transliteration":{"text":"hādhā","language_name":"english","language_id":38}},{"id":56151,"position":6,"audio_url":"wbw/021_063_006.mp3","qpc_uthmani_hafs":"فَسۡـَٔلُوهُمۡ","char_type_name":"word","page_number":327,"line_number":6,"text":"ﮀ","translation":{"text":"So ask them","language_name":"english","language_id":38},"transliteration":{"text":"fasalūhum","language_name":"english","language_id":38}},{"id":56152,"position":7,"audio_url":"wbw/021_063_007.mp3","qpc_uthmani_hafs":"إِن","char_type_name":"word","page_number":327,"line_number":6,"text":"ﮁ","translation":{"text":"if","language_name":"english","language_id":38},"transliteration":{"text":"in","language_name":"english","language_id":38}},{"id":56153,"position":8,"audio_url":"wbw/021_063_008.mp3","qpc_uthmani_hafs":"كَانُواْ","char_type_name":"word","page_number":327,"line_number":6,"text":"ﮂ","translation":{"text":"they (can)","language_name":"english","language_id":38},"transliteration":{"text":"kānū","language_name":"english","language_id":38}},{"id":56154,"position":9,"audio_url":"wbw/021_063_009.mp3","qpc_uthmani_hafs":"يَنطِقُونَ","char_type_name":"word","page_number":327,"line_number":6,"text":"ﮃ","translation":{"text":"speak","language_name":"english","language_id":38},"transliteration":{"text":"yanṭiqūna","language_name":"english","language_id":38}},{"id":56155,"position":10,"audio_url":null,"qpc_uthmani_hafs":"٦٣","char_type_name":"end","page_number":327,"line_number":6,"text":"ﮄ","translation":{"text":"(63)","language_name":"english","language_id":38},"transliteration":{"text":null,"language_name":"english","language_id":38}}],"translations":[{"id":918975,"resource_id":134,"text":"Ibrāhīm menjawab, \"Sebenarnya patung yang besar itulah yang melakukannya, maka tanyakanlah kepada berhala itu jika mereka dapat berbicara\"."}]},{"id":2547,"verse_number":64,"verse_key":"21:64","juz_number":17,"hizb_number":33,"rub_el_hizb_number":131,"ruku_number":282,"manzil_number":4,"sajdah_number":null,"text_uthmani":"فَرَجَعُوٓا۟ إِلَىٰٓ أَنفُسِهِمْ فَقَالُوٓا۟ إِنَّكُمْ أَنتُمُ ٱلظَّـٰلِمُونَ","page_number":327,"words":[{"id":56628,"position":1,"audio_url":"wbw/021_064_001.mp3","qpc_uthmani_hafs":"فَرَجَعُوٓاْ","char_type_name":"word","page_number":327,"line_number":6,"text":"ﮅ","translation":{"text":"So they returned","language_name":"english","language_id":38},"transliteration":{"text":"farajaʿū","language_name":"english","language_id":38}},{"id":56629,"position":2,"audio_url":"wbw/021_064_002.mp3","qpc_uthmani_hafs":"إِلَىٰٓ","char_type_name":"word","page_number":327,"line_number":6,"text":"ﮆ","translation":{"text":"to","language_name":"english","language_id":38},"transliteration":{"text":"ilā","language_name":"english","language_id":38}},{"id":56630,"position":3,"audio_url":"wbw/021_064_003.mp3","qpc_uthmani_hafs":"أَنفُسِهِمۡ","char_type_name":"word","page_number":327,"line_number":7,"text":"ﮇ","translation":{"text":"themselves","language_name":"english","language_id":38},"transliteration":{"text":"anfusihim","language_name":"english","language_id":38}},{"id":56631,"position":4,"audio_url":"wbw/021_064_004.mp3","qpc_uthmani_hafs":"فَقَالُوٓاْ","char_type_name":"word","page_number":327,"line_number":7,"text":"ﮈ","translation":{"text":"and said","language_name":"english","language_id":38},"transliteration":{"text":"faqālū","language_name":"english","language_id":38}},{"id":56632,"position":5,"audio_url":"wbw/021_064_005.mp3","qpc_uthmani_hafs":"إِنَّكُمۡ","char_type_name":"word","page_number":327,"line_number":7,"text":"ﮉ","translation":{"text":"Indeed, you","language_name":"english","language_id":38},"transliteration":{"text":"innakum","language_name":"english","language_id":38}},{"id":56633,"position":6,"audio_url":"wbw/021_064_006.mp3","qpc_uthmani_hafs":"أَنتُمُ","char_type_name":"word","page_number":327,"line_number":7,"text":"ﮊ","translation":{"text":"[you]","language_name":"english","language_id":38},"transliteration":{"text":"antumu","language_name":"english","language_id":38}},{"id":56634,"position":7,"audio_url":"wbw/021_064_007.mp3","qpc_uthmani_hafs":"ٱلظَّٰلِمُونَ","char_type_name":"word","page_number":327,"line_number":7,"text":"ﮋ","translation":{"text":"(are) the wrongdoers","language_name":"english","language_id":38},"transliteration":{"text":"l-ẓālimūna","language_name":"english","language_id":38}},{"id":56635,"position":8,"audio_url":null,"qpc_uthmani_hafs":"٦٤","char_type_name":"end","page_number":327,"line_number":7,"text":"ﮌ","translation":{"text":"(64)","language_name":"english","language_id":38},"transliteration":{"text":null,"language_name":"english","language_id":38}}],"translations":[{"id":918976,"resource_id":134,"text":"Maka mereka telah kembali kepada kesadaran dan lalu berkata, \"Sesungguhnya kamu sekalian adalah orang-orang yang menganiaya (diri sendiri)\","}]},{"id":2548,"verse_number":65,"verse_key":"21:65","juz_number":17,"hizb_number":33,"rub_el_hizb_number":131,"ruku_number":282,"manzil_number":4,"sajdah_number":null,"text_uthmani":"ثُمَّ نُكِسُوا۟ عَلَىٰ رُءُوسِهِمْ لَقَدْ عَلِمْتَ مَا هَـٰٓؤُلَآءِ يَنطِقُونَ","page_number":327,"words":[{"id":57156,"position":1,"audio_url":"wbw/021_065_001.mp3","qpc_uthmani_hafs":"ثُمَّ","char_type_name":"word","page_number":327,"line_number":7,"text":"ﮍ","translation":{"text":"Then","language_name":"english","language_id":38},"transliteration":{"text":"thumma","language_name":"english","language_id":38}},{"id":57157,"position":2,"audio_url":"wbw/021_065_002.mp3","qpc_uthmani_hafs":"نُكِسُواْ","char_type_name":"word","page_number":327,"line_number":7,"text":"ﮎ","translation":{"text":"they were turned","language_name":"english","language_id":38},"transliteration":{"text":"nukisū","language_name":"english","language_id":38}},{"id":57158,"position":3,"audio_url":"wbw/021_065_003.mp3","qpc_uthmani_hafs":"عَلَىٰ","char_type_name":"word","page_number":327,"line_number":7,"text":"ﮏ","translation":{"text":"on","language_name":"english","language_id":38},"transliteration":{"text":"ʿalā","language_name":"english","language_id":38}},{"id":57159,"position":4,"audio_url":"wbw/021_065_004.mp3","qpc_uthmani_hafs":"رُءُوسِهِمۡ","char_type_name":"word","page_number":327,"line_number":8,"text":"ﮐ","translation":{"text":"their heads","language_name":"english","language_id":38},"transliteration":{"text":"ruūsihim","language_name":"english","language_id":38}},{"id":57160,"position":5,"audio_url":"wbw/021_065_005.mp3","qpc_uthmani_hafs":"لَقَدۡ","char_type_name":"word","page_number":327,"line_number":8,"text":"ﮑ","translation":{"text":"Verily","language_name":"english","language_id":38},"transliteration":{"text":"laqad","language_name":"english","language_id":38}},{"id":57161,"position":6,"audio_url":"wbw/021_065_006.mp3","qpc_uthmani_hafs":"عَلِمۡتَ","char_type_name":"word","page_number":327,"line_number":8,"text":"ﮒ","translation":{"text":"you know","language_name":"english","language_id":38},"transliteration":{"text":"ʿalim'ta","language_name":"english","language_id":38}},{"id":57162,"position":7,"audio_url":"wbw/021_065_007.mp3","qpc_uthmani_hafs":"مَا","char_type_name":"word","page_number":327,"line_number":8,"text":"ﮓ","translation":{"text":"not","language_name":"english","language_id":38},"transliteration":{"text":"mā","language_name":"english","language_id":38}},{"id":57163,"position":8,"audio_url":"wbw/021_065_008.mp3","qpc_uthmani_hafs":"هَٰٓؤُلَآءِ","char_type_name":"word","page_number":327,"line_number":8,"text":"ﮔ","translation":{"text":"these","language_name":"english","language_id":38},"transliteration":{"text":"hāulāi","language_name":"english","language_id":38}},{"id":57164,"position":9,"audio_url":"wbw/021_065_009.mp3","qpc_uthmani_hafs":"يَنطِقُونَ","char_type_name":"word","page_number":327,"line_number":8,"text":"ﮕ","translation":{"text":"(can) speak","language_name":"english","language_id":38},"transliteration":{"text":"yanṭiqūna","language_name":"english","language_id":38}},{"id":57165,"position":10,"audio_url":null,"qpc_uthmani_hafs":"٦٥","char_type_name":"end","page_number":327,"line_number":8,"text":"ﮖ","translation":{"text":"(65)","language_name":"english","language_id":38},"transliteration":{"text":null,"language_name":"english","language_id":38}}],"translations":[{"id":918977,"resource_id":134,"text":"kemudian kepala mereka jadi tertunduk <sup foot_note=210732>1</sup> (lalu berkata), \"Sesungguhnya kamu (hai Ibrāhīm) telah mengetahui bahwa berhala-berhala itu tidak dapat berbicara.\""}]},{"id":2549,"verse_number":66,"verse_key":"21:66","juz_number":17,"hizb_number":33,"rub_el_hizb_number":131,"ruku_number":282,"manzil_number":4,"sajdah_number":null,"text_uthmani":"قَالَ أَفَتَعْبُدُونَ مِن دُونِ ٱللَّهِ مَا لَا يَنفَعُكُمْ شَيْـًٔا وَلَا يَضُرُّكُمْ","page_number":327,"words":[{"id":57680,"position":1,"audio_url":"wbw/021_066_001.mp3","qpc_uthmani_hafs":"قَالَ","char_type_name":"word","page_number":327,"line_number":8,"text":"ﮗ","translation":{"text":"He said","language_name":"english","language_id":38},"transliteration":{"text":"qāla","language_name":"english","language_id":38}},{"id":57681,"position":2,"audio_url":"wbw/021_066_002.mp3","qpc_uthmani_hafs":"أَفَتَعۡبُدُونَ","char_type_name":"word","page_number":327,"line_number":9,"text":"ﮘ","translation":{"text":"Then do you worship","language_name":"english","language_id":38},"transliteration":{"text":"afataʿbudūna","language_name":"english","language_id":38}},{"id":57682,"position":3,"audio_url":"wbw/021_066_003.mp3","qpc_uthmani_hafs":"مِن","char_type_name":"word","page_number":327,"line_number":9,"text":"ﮙ","translation":{"text":"besides","language_name":"english","language_id":38},"transliteration":{"text":"min","language_name":"english","language_id":38}},{"id":57683,"position":4,"audio_url":"wbw/021_066_004.mp3","qpc_uthmani_hafs":"دُونِ","char_type_name":"word","page_number":327,"line_number":9,"text":"ﮚ","translation":{"text":"besides","language_name":"english","language_id":38},"transliteration":{"text":"dūni","language_name":"english","language_id":38}},{"id":57684,"position":5,"audio_url":"wbw/021_066_005.mp3","qpc_uthmani_hafs":"ٱللَّهِ","char_type_name":"word","page_number":327,"line_number":9,"text":"ﮛ","translation":{"text":"Allah","language_name":"english","language_id":38},"transliteration":{"text":"l-lahi","language_name":"english","language_id":38}},{"id":57685,"position":6,"audio_url":"wbw/021_066_006.mp3","qpc_uthmani_hafs":"مَا","char_type_name":"word","page_number":327,"line_number":9,"text":"ﮜ","translation":{"text":"what","language_name":"english","language_id":38},"transliteration":{"text":"mā","language_name":"english","language_id":38}},{"id":57686,"position":7,"audio_url":"wbw/021_066_007.mp3","qpc_uthmani_hafs":"لَا","char_type_name":"word","page_number":327,"line_number":9,"text":"ﮝ","translation":{"text":"(does) not","language_name":"english","language_id":38},"transliteration":{"text":"lā","language_name":"english","language_id":38}},{"id":57687,"position":8,"audio_url":"wbw/021_066_008.mp3","qpc_uthmani_hafs":"يَنفَعُكُمۡ","char_type_name":"word","page_number":327,"line_number":9,"text":"ﮞ","translation":{"text":"benefit you","language_name":"english","language_id":38},"transliteration":{"text":"yanfaʿukum","language_name":"english","language_id":38}},{"id":57688,"position":9,"audio_url":"wbw/021_066_009.mp3","qpc_uthmani_hafs":"شَيۡـٔٗا","char_type_name":"word","page_number":327,"line_number":9,"text":"ﮟ","translation":{"text":"(in) anything","language_name":"english","language_id":38},"transliteration":{"text":"shayan","language_name":"english","language_id":38}},{"id":57689,"position":10,"audio_url":"wbw/021_066_010.mp3","qpc_uthmani_hafs":"وَلَا","char_type_name":"word","page_number":327,"line_number":9,"text":"ﮠ","translation":{"text":"and not","language_name":"english","language_id":38},"transliteration":{"text":"walā","language_name":"english","language_id":38}},{"id":57690,"position":11,"audio_url":"wbw/021_066_011.mp3","qpc_uthmani_hafs":"يَضُرُّكُمۡ","char_type_name":"word","page_number":327,"line_number":10,"text":"ﮡ","translation":{"text":"harms you","language_name":"english","language_id":38},"transliteration":{"text":"yaḍurrukum","language_name":"english","language_id":38}},{"id":57691,"position":12,"audio_url":null,"qpc_uthmani_hafs":"٦٦","char_type_name":"end","page_number":327,"line_number":10,"text":"ﮢ","translation":{"text":"(66)","language_name":"english","language_id":38},"transliteration":{"text":null,"language_name":"english","language_id":38}}],"translations":[{"id":918978,"resource_id":134,"text":"Ibrāhīm berkata, \"Maka mengapakah kamu menyembah selain Allah sesuatu yang tidak dapat memberi manfaat sedikit pun dan tidak (pula) memberi mudarat kepada kamu?\""}]},{"id":2550,"verse_number":67,"verse_key":"21:67","juz_number":17,"hizb_number":33,"rub_el_hizb_number":131,"ruku_number":282,"manzil_number":4,"sajdah_number":null,"text_uthmani":"أُفٍّ لَّكُمْ وَلِمَا تَعْبُدُونَ مِن دُونِ ٱللَّهِ ۖ أَفَلَا تَعْقِلُونَ","page_number":327,"words":[{"id":58044,"position":1,"audio_url":"wbw/021_067_001.mp3","qpc_uthmani_hafs":"أُفّٖ","char_type_name":"word","page_number":327,"line_number":10,"text":"ﮣ","translation":{"text":"Uff","language_name":"english","language_id":38},"transliteration":{"text":"uffin","language_name":"english","language_id":38}},{"id":58045,"position":2,"audio_url":"wbw/021_067_002.mp3","qpc_uthmani_hafs":"لَّكُمۡ","char_type_name":"word","page_number":327,"line_number":10,"text":"ﮤ","translation":{"text":"to you","language_name":"english","language_id":38},"transliteration":{"text":"lakum","language_name":"english","language_id":38}},{"id":58046,"position":3,"audio_url":"wbw/021_067_003.mp3","qpc_uthmani_hafs":"وَلِمَا","char_type_name":"word","page_number":327,"line_number":10,"text":"ﮥ","translation":{"text":"and to what","language_name":"english","language_id":38},"transliteration":{"text":"walimā","language_name":"english","language_id":38}},{"id":58047,"position":4,"audio_url":"wbw/021_067_004.mp3","qpc_uthmani_hafs":"تَعۡبُدُونَ","char_type_name":"word","page_number":327,"line_number":10,"text":"ﮦ","translation":{"text":"you worship","language_name":"english","language_id":38},"transliteration":{"text":"taʿbudūna","language_name":"english","language_id":38}},{"id":58048,"position":5,"audio_url":"wbw/021_067_005.mp3","qpc_uthmani_hafs":"مِن","char_type_name":"word","page_number":327,"line_number":10,"text":"ﮧ","translation":{"text":"besides","language_name":"english","language_id":38},"transliteration":{"text":"min","language_name":"english","language_id":38}},{"id":58049,"position":6,"audio_url":"wbw/021_067_006.mp3","qpc_uthmani_hafs":"دُونِ","char_type_name":"word","page_number":327,"line_number":10,"text":"ﮨ","translation":{"text":"besides","language_name":"english","language_id":38},"transliteration":{"text":"dūni","language_name":"english","language_id":38}},{"id":58050,"position":7,"audio_url":"wbw/021_067_007.mp3","qpc_uthmani_hafs":"ٱللَّهِۚ","char_type_name":"word","page_number":327,"line_number":10,"text":"ﮩﮪ","translation":{"text":"Allah","language_name":"english","language_id":38},"transliteration":{"text":"l-lahi","language_name":"english","language_id":38}},{"id":58052,"position":8,"audio_url":"wbw/021_067_009.mp3","qpc_uthmani_hafs":"أَفَلَا","char_type_name":"word","page_number":327,"line_number":10,"text":"ﮫ","translation":{"text":"Then will not","language_name":"english","language_id":38},"transliteration":{"text":"afalā","language_name":"english","language_id":38}},{"id":58053,"position":9,"audio_url":"wbw/021_067_010.mp3","qpc_uthmani_hafs":"تَعۡقِلُونَ","char_type_name":"word","page_number":327,"line_number":11,"text":"ﮬ","translation":{"text":"you use reason","language_name":"english","language_id":38},"transliteration":{"text":"taʿqilūna","language_name":"english","language_id":38}},{"id":58054,"position":10,"audio_url":null,"qpc_uthmani_hafs":"٦٧","char_type_name":"end","page_number":327,"line_number":11,"text":"ﮭ","translation":{"text":"(67)","language_name":"english","language_id":38},"transliteration":{"text":null,"language_name":"english","language_id":38}}],"translations":[{"id":918979,"resource_id":134,"text":"Ah (celakalah) kamu dan apa yang kamu sembah selain Allah.  Maka apakah kamu tidak memahami?"}]},{"id":2551,"verse_number":68,"verse_key":"21:68","juz_number":17,"hizb_number":33,"rub_el_hizb_number":131,"ruku_number":282,"manzil_number":4,"sajdah_number":null,"text_uthmani":"قَالُوا۟ حَرِّقُوهُ وَٱنصُرُوٓا۟ ءَالِهَتَكُمْ إِن كُنتُمْ فَـٰعِلِينَ","page_number":327,"words":[{"id":58763,"position":1,"audio_url":"wbw/021_068_001.mp3","qpc_uthmani_hafs":"قَالُواْ","char_type_name":"word","page_number":327,"line_number":11,"text":"ﮮ","translation":{"text":"They said","language_name":"english","language_id":38},"transliteration":{"text":"qālū","language_name":"english","language_id":38}},{"id":58764,"position":2,"audio_url":"wbw/021_068_002.mp3","qpc_uthmani_hafs":"حَرِّقُوهُ","char_type_name":"word","page_number":327,"line_number":11,"text":"ﮯ","translation":{"text":"Burn him","language_name":"english","language_id":38},"transliteration":{"text":"ḥarriqūhu","language_name":"english","language_id":38}},{"id":58765,"position":3,"audio_url":"wbw/021_068_003.mp3","qpc_uthmani_hafs":"وَٱنصُرُوٓاْ","char_type_name":"word","page_number":327,"line_number":11,"text":"ﮰ","translation":{"text":"and support","language_name":"english","language_id":38},"transliteration":{"text":"wa-unṣurū","language_name":"english","language_id":38}},{"id":58766,"position":4,"audio_url":"wbw/021_068_004.mp3","qpc_uthmani_hafs":"ءَالِهَتَكُمۡ","char_type_name":"word","page_number":327,"line_number":11,"text":"ﮱ","translation":{"text":"your gods","language_name":"english","language_id":38},"transliteration":{"text":"ālihatakum","language_name":"english","language_id":38}},{"id":58767,"position":5,"audio_url":"wbw/021_068_005.mp3","qpc_uthmani_hafs":"إِن","char_type_name":"word","page_number":327,"line_number":11,"text":"ﯓ","translation":{"text":"if","language_name":"english","language_id":38},"transliteration":{"text":"in","language_name":"english","language_id":38}},{"id":58768,"position":6,"audio_url":"wbw/021_068_006.mp3","qpc_uthmani_hafs":"كُنتُمۡ","char_type_name":"word","page_number":327,"line_number":11,"text":"ﯔ","translation":{"text":"you are","language_name":"english","language_id":38},"transliteration":{"text":"kuntum","language_name":"english","language_id":38}},{"id":58769,"position":7,"audio_url":"wbw/021_068_007.mp3","qpc_uthmani_hafs":"فَٰعِلِينَ","char_type_name":"word","page_number":327,"line_number":12,"text":"ﯕ","translation":{"text":"doers","language_name":"english","language_id":38},"transliteration":{"text":"fāʿilīna","language_name":"english","language_id":38}},{"id":58770,"position":8,"audio_url":null,"qpc_uthmani_hafs":"٦٨","char_type_name":"end","page_number":327,"line_number":12,"text":"ﯖ","translation":{"text":"(68)","language_name":"english","language_id":38},"transliteration":{"text":null,"language_name":"english","language_id":38}}],"translations":[{"id":918980,"resource_id":134,"text":"Mereka berkata, \"Bakarlah dia dan bantulah tuhan-tuhan kamu jika kamu benar-benar hendak bertindak\"."}]},{"id":2552,"verse_number":69,"verse_key":"21:69","juz_number":17,"hizb_number":33,"rub_el_hizb_number":131,"ruku_number":282,"manzil_number":4,"sajdah_number":null,"text_uthmani":"قُلْنَا يَـٰنَارُ كُونِى بَرْدًا وَسَلَـٰمًا عَلَىٰٓ إِبْرَٰهِيمَ","page_number":327,"words":[{"id":58989,"position":1,"audio_url":"wbw/021_069_001.mp3","qpc_uthmani_hafs":"قُلۡنَا","char_type_name":"word","page_number":327,"line_number":12,"text":"ﯗ","translation":{"text":"We said","language_name":"english","language_id":38},"transliteration":{"text":"qul'nā","language_name":"english","language_id":38}},{"id":58990,"position":2,"audio_url":"wbw/021_069_002.mp3","qpc_uthmani_hafs":"يَٰنَارُ","char_type_name":"word","page_number":327,"line_number":12,"text":"ﯘ","translation":{"text":"O fire","language_name":"english","language_id":38},"transliteration":{"text":"yānāru","language_name":"english","language_id":38}},{"id":58991,"position":3,"audio_url":"wbw/021_069_003.mp3","qpc_uthmani_hafs":"كُونِي","char_type_name":"word","page_number":327,"line_number":12,"text":"ﯙ","translation":{"text":"Be","language_name":"english","language_id":38},"transliteration":{"text":"kūnī","language_name":"english","language_id":38}},{"id":58992,"position":4,"audio_url":"wbw/021_069_004.mp3","qpc_uthmani_hafs":"بَرۡدٗا","char_type_name":"word","page_number":327,"line_number":12,"text":"ﯚ","translation":{"text":"cool[ness]","language_name":"english","language_id":38},"transliteration":{"text":"bardan","language_name":"english","language_id":38}},{"id":58993,"position":5,"audio_url":"wbw/021_069_005.mp3","qpc_uthmani_hafs":"وَسَلَٰمًا","char_type_name":"word","page_number":327,"line_number":12,"text":"ﯛ","translation":{"text":"and safe[ty]","language_name":"english","language_id":38},"transliteration":{"text":"wasalāman","language_name":"english","language_id":38}},{"id":58994,"position":6,"audio_url":"wbw/021_069_006.mp3","qpc_uthmani_hafs":"عَلَىٰٓ","char_type_name":"word","page_number":327,"line_number":12,"text":"ﯜ","translation":{"text":"for","language_name":"english","language_id":38},"transliteration":{"text":"ʿalā","language_name":"english","language_id":38}},{"id":58995,"position":7,"audio_url":"wbw/021_069_007.mp3","qpc_uthmani_hafs":"إِبۡرَٰهِيمَ","char_type_name":"word","page_number":327,"line_number":12,"text":"ﯝ","translation":{"text":"Ibrahim","language_name":"english","language_id":38},"transliteration":{"text":"ib'rāhīma","language_name":"english","language_id":38}},{"id":58996,"position":8,"audio_url":null,"qpc_uthmani_hafs":"٦٩","char_type_name":"end","page_number":327,"line_number":12,"text":"ﯞ","translation":{"text":"(69)","language_name":"english","language_id":38},"transliteration":{"text":null,"language_name":"english","language_id":38}}],"translations":[{"id":918981,"resource_id":134,"text":"Kami berfirman, \"Hai api menjadi dinginlah dan menjadi keselamatanlah bagi  Ibrāhīm\","}]},{"id":2553,"verse_number":70,"verse_key":"21:70","juz_number":17,"hizb_number":33,"rub_el_hizb_number":131,"ruku_number":282,"manzil_number":4,"sajdah_number":null,"text_uthmani":"وَأَرَادُوا۟ بِهِۦ كَيْدًا فَجَعَلْنَـٰهُمُ ٱلْأَخْسَرِينَ","page_number":327,"words":[{"id":59450,"position":1,"audio_url":"wbw/021_070_001.mp3","qpc_uthmani_hafs":"وَأَرَادُواْ","char_type_name":"word","page_number":327,"line_number":13,"text":"ﯟ","translation":{"text":"And they intended","language_name":"english","language_id":38},"transliteration":{"text":"wa-arādū","language_name":"english","language_id":38}},{"id":59451,"position":2,"audio_url":"wbw/021_070_002.mp3","qpc_uthmani_hafs":"بِهِۦ","char_type_name":"word","page_number":327,"line_number":13,"text":"ﯠ","translation":{"text":"for him","language_name":"english","language_id":38},"transliteration":{"text":"bihi","language_name":"english","language_id":38}},{"id":59452,"position":3,"audio_url":"wbw/021_070_003.mp3","qpc_uthmani_hafs":"كَيۡدٗا","char_type_name":"word","page_number":327,"line_number":13,"text":"ﯡ","translation":{"text":"a plan","language_name":"english","language_id":38},"transliteration":{"text":"kaydan","language_name":"english","language_id":38}},{"id":59453,"position":4,"audio_url":"wbw/021_070_004.mp3","qpc_uthmani_hafs":"فَجَعَلۡنَٰهُمُ","char_type_name":"word","page_number":327,"line_number":13,"text":"ﯢ","translation":{"text":"but We made them","language_name":"english","language_id":38},"transliteration":{"text":"fajaʿalnāhumu","language_name":"english","language_id":38}},{"id":59454,"position":5,"audio_url":"wbw/021_070_005.mp3","qpc_uthmani_hafs":"ٱلۡأَخۡسَرِينَ","char_type_name":"word","page_number":327,"line_number":13,"text":"ﯣ","translation":{"text":"the greatest losers","language_name":"english","language_id":38},"transliteration":{"text":"l-akhsarīna","language_name":"english","language_id":38}},{"id":59455,"position":6,"audio_url":null,"qpc_uthmani_hafs":"٧٠","char_type_name":"end","page_number":327,"line_number":13,"text":"ﯤ","translation":{"text":"(70)","language_name":"english","language_id":38},"transliteration":{"text":null,"language_name":"english","language_id":38}}],"translations":[{"id":918982,"resource_id":134,"text":"mereka hendak berbuat makar terhadap Ibrāhīm, maka Kami menjadikan mereka itu orang-orang yang paling merugi."}]},{"id":2554,"verse_number":71,"verse_key":"21:71","juz_number":17,"hizb_number":33,"rub_el_hizb_number":131,"ruku_number":282,"manzil_number":4,"sajdah_number":null,"text_uthmani":"وَنَجَّيْنَـٰهُ وَلُوطًا إِلَى ٱلْأَرْضِ ٱلَّتِى بَـٰرَكْنَا فِيهَا لِلْعَـٰلَمِينَ","page_number":327,"words":[{"id":59955,"position":1,"audio_url":"wbw/021_071_001.mp3","qpc_uthmani_hafs":"وَنَجَّيۡنَٰهُ","char_type_name":"word","page_number":327,"line_number":13,"text":"ﯥ","translation":{"text":"And We delivered him","language_name":"english","language_id":38},"transliteration":{"text":"wanajjaynāhu","language_name":"english","language_id":38}},{"id":59956,"position":2,"audio_url":"wbw/021_071_002.mp3","qpc_uthmani_hafs":"وَلُوطًا","char_type_name":"word","page_number":327,"line_number":14,"text":"ﯦ","translation":{"text":"and Lut","language_name":"english","language_id":38},"transliteration":{"text":"walūṭan","language_name":"english","language_id":38}},{"id":59957,"position":3,"audio_url":"wbw/021_071_003.mp3","qpc_uthmani_hafs":"إِلَى","char_type_name":"word","page_number":327,"line_number":14,"text":"ﯧ","translation":{"text":"to","language_name":"english","language_id":38},"transliteration":{"text":"ilā","language_name":"english","language_id":38}},{"id":59958,"position":4,"audio_url":"wbw/021_071_004.mp3","qpc_uthmani_hafs":"ٱلۡأَرۡضِ","char_type_name":"word","page_number":327,"line_number":14,"text":"ﯨ","translation":{"text":"the land","language_name":"english","language_id":38},"transliteration":{"text":"l-arḍi","language_name":"english","language_id":38}},{"id":59959,"position":5,"audio_url":"wbw/021_071_005.mp3","qpc_uthmani_hafs":"ٱلَّتِي","char_type_name":"word","page_number":327,"line_number":14,"text":"ﯩ","translation":{"text":"which","language_name":"english","language_id":38},"transliteration":{"text":"allatī","language_name":"english","language_id":38}},{"id":59960,"position":6,"audio_url":"wbw/021_071_006.mp3","qpc_uthmani_hafs":"بَٰرَكۡنَا","char_type_name":"word","page_number":327,"line_number":14,"text":"ﯪ","translation":{"text":"We (had) blessed","language_name":"english","language_id":38},"transliteration":{"text":"bāraknā","language_name":"english","language_id":38}},{"id":59961,"position":7,"audio_url":"wbw/021_071_007.mp3","qpc_uthmani_hafs":"فِيهَا","char_type_name":"word","page_number":327,"line_number":14,"text":"ﯫ","translation":{"text":"[in it]","language_name":"english","language_id":38},"transliteration":{"text":"fīhā","language_name":"english","language_id":38}},{"id":59962,"position":8,"audio_url":"wbw/021_071_008.mp3","qpc_uthmani_hafs":"لِلۡعَٰلَمِينَ","char_type_name":"word","page_number":327,"line_number":14,"text":"ﯬ","translation":{"text":"for the worlds","language_name":"english","language_id":38},"transliteration":{"text":"lil'ʿālamīna","language_name":"english","language_id":38}},{"id":59963,"position":9,"audio_url":null,"qpc_uthmani_hafs":"٧١","char_type_name":"end","page_number":327,"line_number":14,"text":"ﯭ","translation":{"text":"(71)","language_name":"english","language_id":38},"transliteration":{"text":null,"language_name":"english","language_id":38}}],"translations":[{"id":918983,"resource_id":134,"text":"Dan Kami seIamatkan Ibrāhīm dan Lūṭ ke sebuah negeri yang Kami telah memberkahinya untuk sekalian manusia <sup foot_note=210733>1</sup>."}]},{"id":2555,"verse_number":72,"verse_key":"21:72","juz_number":17,"hizb_number":33,"rub_el_hizb_number":131,"ruku_number":282,"manzil_number":4,"sajdah_number":null,"text_uthmani":"وَوَهَبْنَا لَهُۥٓ إِسْحَـٰقَ وَيَعْقُوبَ نَافِلَةً ۖ وَكُلًّا جَعَلْنَا صَـٰلِحِينَ","page_number":327,"words":[{"id":60662,"position":1,"audio_url":"wbw/021_072_001.mp3","qpc_uthmani_hafs":"وَوَهَبۡنَا","char_type_name":"word","page_number":327,"line_number":14,"text":"ﯮ","translation":{"text":"And We bestowed","language_name":"english","language_id":38},"transliteration":{"text":"wawahabnā","language_name":"english","language_id":38}},{"id":60663,"position":2,"audio_url":"wbw/021_072_002.mp3","qpc_uthmani_hafs":"لَهُۥٓ","char_type_name":"word","page_number":327,"line_number":15,"text":"ﯯ","translation":{"text":"on him","language_name":"english","language_id":38},"transliteration":{"text":"lahu","language_name":"english","language_id":38}},{"id":60664,"position":3,"audio_url":"wbw/021_072_003.mp3","qpc_uthmani_hafs":"إِسۡحَٰقَ","char_type_name":"word","page_number":327,"line_number":15,"text":"ﯰ","translation":{"text":"Isaac","language_name":"english","language_id":38},"transliteration":{"text":"is'ḥāqa","language_name":"english","language_id":38}},{"id":60665,"position":4,"audio_url":"wbw/021_072_004.mp3","qpc_uthmani_hafs":"وَيَعۡقُوبَ","char_type_name":"word","page_number":327,"line_number":15,"text":"ﯱ","translation":{"text":"and Yaqub","language_name":"english","language_id":38},"transliteration":{"text":"wayaʿqūba","language_name":"english","language_id":38}},{"id":60666,"position":5,"audio_url":"wbw/021_072_005.mp3","qpc_uthmani_hafs":"نَافِلَةٗۖ","char_type_name":"word","page_number":327,"line_number":15,"text":"ﯲﯳ","translation":{"text":"(in) addition","language_name":"english","language_id":38},"transliteration":{"text":"nāfilatan","language_name":"english","language_id":38}},{"id":60668,"position":6,"audio_url":"wbw/021_072_007.mp3","qpc_uthmani_hafs":"وَكُلّٗا","char_type_name":"word","page_number":327,"line_number":15,"text":"ﯴ","translation":{"text":"and all","language_name":"english","language_id":38},"transliteration":{"text":"wakullan","language_name":"english","language_id":38}},{"id":60669,"position":7,"audio_url":"wbw/021_072_008.mp3","qpc_uthmani_hafs":"جَعَلۡنَا","char_type_name":"word","page_number":327,"line_number":15,"text":"ﯵ","translation":{"text":"We made","language_name":"english","language_id":38},"transliteration":{"text":"jaʿalnā","language_name":"english","language_id":38}},{"id":60670,"position":8,"audio_url":"wbw/021_072_009.mp3","qpc_uthmani_hafs":"صَٰلِحِينَ","char_type_name":"word","page_number":327,"line_number":15,"text":"ﯶ","translation":{"text":"righteous","language_name":"english","language_id":38},"transliteration":{"text":"ṣāliḥīna","language_name":"english","language_id":38}},{"id":60671,"position":9,"audio_url":null,"qpc_uthmani_hafs":"٧٢","char_type_name":"end","page_number":327,"line_number":15,"text":"ﯷ","translation":{"text":"(72)","language_name":"english","language_id":38},"transliteration":{"text":null,"language_name":"english","language_id":38}}],"translations":[{"id":918984,"resource_id":134,"text":"Dan Kami telah memberikan kepada-nya (Ibrāhīm), Isḥāq, dan Ya`qūb sebagai suatu anugerah (dari Kami).  Dan masing-masing Kami jadikan orang-orang yang saleh"}]}],"pagination":{"per_page":50,"current_page":1,"next_page":null,"total_pages":1,"total_records":15}}