{"verses":[{"id":2556,"verse_number":73,"verse_key":"21:73","juz_number":17,"hizb_number":33,"rub_el_hizb_number":131,"ruku_number":282,"manzil_number":4,"sajdah_number":null,"text_uthmani":"وَجَعَلْنَـٰهُمْ أَئِمَّةً يَهْدُونَ بِأَمْرِنَا وَأَوْحَيْنَآ إِلَيْهِمْ فِعْلَ ٱلْخَيْرَٰتِ وَإِقَامَ ٱلصَّلَوٰةِ وَإِيتَآءَ ٱلزَّكَوٰةِ ۖ وَكَانُوا۟ لَنَا عَـٰبِدِينَ","page_number":328,"words":[{"id":61008,"position":1,"audio_url":"wbw/021_073_001.mp3","qpc_uthmani_hafs":"وَجَعَلۡنَٰهُمۡ","char_type_name":"word","page_number":328,"line_number":1,"text":"ﭑ","translation":{"text":"And We made them","language_name":"english","language_id":38},"transliteration":{"text":"wajaʿalnāhum","language_name":"english","language_id":38}},{"id":61009,"position":2,"audio_url":"wbw/021_073_002.mp3","qpc_uthmani_hafs":"أَئِمَّةٗ","char_type_name":"word","page_number":328,"line_number":1,"text":"ﭒ","translation":{"text":"leaders","language_name":"english","language_id":38},"transliteration":{"text":"a-immatan","language_name":"english","language_id":38}},{"id":61010,"position":3,"audio_url":"wbw/021_073_003.mp3","qpc_uthmani_hafs":"يَهۡدُونَ","char_type_name":"word","page_number":328,"line_number":1,"text":"ﭓ","translation":{"text":"they guide","language_name":"english","language_id":38},"transliteration":{"text":"yahdūna","language_name":"english","language_id":38}},{"id":61011,"position":4,"audio_url":"wbw/021_073_004.mp3","qpc_uthmani_hafs":"بِأَمۡرِنَا","char_type_name":"word","page_number":328,"line_number":1,"text":"ﭔ","translation":{"text":"by Our Command","language_name":"english","language_id":38},"transliteration":{"text":"bi-amrinā","language_name":"english","language_id":38}},{"id":61012,"position":5,"audio_url":"wbw/021_073_005.mp3","qpc_uthmani_hafs":"وَأَوۡحَيۡنَآ","char_type_name":"word","page_number":328,"line_number":1,"text":"ﭕ","translation":{"text":"And We inspired","language_name":"english","language_id":38},"transliteration":{"text":"wa-awḥaynā","language_name":"english","language_id":38}},{"id":61013,"position":6,"audio_url":"wbw/021_073_006.mp3","qpc_uthmani_hafs":"إِلَيۡهِمۡ","char_type_name":"word","page_number":328,"line_number":1,"text":"ﭖ","translation":{"text":"to them","language_name":"english","language_id":38},"transliteration":{"text":"ilayhim","language_name":"english","language_id":38}},{"id":61014,"position":7,"audio_url":"wbw/021_073_007.mp3","qpc_uthmani_hafs":"فِعۡلَ","char_type_name":"word","page_number":328,"line_number":1,"text":"ﭗ","translation":{"text":"(the) doing","language_name":"english","language_id":38},"transliteration":{"text":"fiʿ'la","language_name":"english","language_id":38}},{"id":61015,"position":8,"audio_url":"wbw/021_073_008.mp3","qpc_uthmani_hafs":"ٱلۡخَيۡرَٰتِ","char_type_name":"word","page_number":328,"line_number":2,"text":"ﭘ","translation":{"text":"(of) good deeds","language_name":"english","language_id":38},"transliteration":{"text":"l-khayrāti","language_name":"english","language_id":38}},{"id":61016,"position":9,"audio_url":"wbw/021_073_009.mp3","qpc_uthmani_hafs":"وَإِقَامَ","char_type_name":"word","page_number":328,"line_number":2,"text":"ﭙ","translation":{"text":"and establishment","language_name":"english","language_id":38},"transliteration":{"text":"wa-iqāma","language_name":"english","language_id":38}},{"id":61017,"position":10,"audio_url":"wbw/021_073_010.mp3","qpc_uthmani_hafs":"ٱلصَّلَوٰةِ","char_type_name":"word","page_number":328,"line_number":2,"text":"ﭚ","translation":{"text":"(of) the prayer","language_name":"english","language_id":38},"transliteration":{"text":"l-ṣalati","language_name":"english","language_id":38}},{"id":61018,"position":11,"audio_url":"wbw/021_073_011.mp3","qpc_uthmani_hafs":"وَإِيتَآءَ","char_type_name":"word","page_number":328,"line_number":2,"text":"ﭛ","translation":{"text":"and giving","language_name":"english","language_id":38},"transliteration":{"text":"waītāa","language_name":"english","language_id":38}},{"id":61019,"position":12,"audio_url":"wbw/021_073_012.mp3","qpc_uthmani_hafs":"ٱلزَّكَوٰةِۖ","char_type_name":"word","page_number":328,"line_number":2,"text":"ﭜﭝ","translation":{"text":"(of) zakah","language_name":"english","language_id":38},"transliteration":{"text":"l-zakati","language_name":"english","language_id":38}},{"id":61021,"position":13,"audio_url":"wbw/021_073_014.mp3","qpc_uthmani_hafs":"وَكَانُواْ","char_type_name":"word","page_number":328,"line_number":2,"text":"ﭞ","translation":{"text":"and they were","language_name":"english","language_id":38},"transliteration":{"text":"wakānū","language_name":"english","language_id":38}},{"id":61022,"position":14,"audio_url":"wbw/021_073_015.mp3","qpc_uthmani_hafs":"لَنَا","char_type_name":"word","page_number":328,"line_number":2,"text":"ﭟ","translation":{"text":"of Us","language_name":"english","language_id":38},"transliteration":{"text":"lanā","language_name":"english","language_id":38}},{"id":61023,"position":15,"audio_url":"wbw/021_073_016.mp3","qpc_uthmani_hafs":"عَٰبِدِينَ","char_type_name":"word","page_number":328,"line_number":3,"text":"ﭠ","translation":{"text":"worshippers","language_name":"english","language_id":38},"transliteration":{"text":"ʿābidīna","language_name":"english","language_id":38}},{"id":61024,"position":16,"audio_url":null,"qpc_uthmani_hafs":"٧٣","char_type_name":"end","page_number":328,"line_number":3,"text":"ﭡ","translation":{"text":"(73)","language_name":"english","language_id":38},"transliteration":{"text":null,"language_name":"english","language_id":38}}],"translations":[{"id":918985,"resource_id":134,"text":"Kami telah menjadikan mereka itu sebagai pemimpin-pemimpin yang memberi petunjuk dengan perintah Kami dan telah Kami wahyukan kepada mereka mengerjakan kebajikan, mendirikan salat, menunaikan zakat, dan hanya kepada Kamilah mereka selalu menyembah,"}]},{"id":2557,"verse_number":74,"verse_key":"21:74","juz_number":17,"hizb_number":33,"rub_el_hizb_number":131,"ruku_number":282,"manzil_number":4,"sajdah_number":null,"text_uthmani":"وَلُوطًا ءَاتَيْنَـٰهُ حُكْمًا وَعِلْمًا وَنَجَّيْنَـٰهُ مِنَ ٱلْقَرْيَةِ ٱلَّتِى كَانَت تَّعْمَلُ ٱلْخَبَـٰٓئِثَ ۗ إِنَّهُمْ كَانُوا۟ قَوْمَ سَوْءٍ فَـٰسِقِينَ","page_number":328,"words":[{"id":61434,"position":1,"audio_url":"wbw/021_074_001.mp3","qpc_uthmani_hafs":"وَلُوطًا","char_type_name":"word","page_number":328,"line_number":3,"text":"ﭢ","translation":{"text":"And (to) Lut","language_name":"english","language_id":38},"transliteration":{"text":"walūṭan","language_name":"english","language_id":38}},{"id":61435,"position":2,"audio_url":"wbw/021_074_002.mp3","qpc_uthmani_hafs":"ءَاتَيۡنَٰهُ","char_type_name":"word","page_number":328,"line_number":3,"text":"ﭣ","translation":{"text":"We gave him","language_name":"english","language_id":38},"transliteration":{"text":"ātaynāhu","language_name":"english","language_id":38}},{"id":61436,"position":3,"audio_url":"wbw/021_074_003.mp3","qpc_uthmani_hafs":"حُكۡمٗا","char_type_name":"word","page_number":328,"line_number":3,"text":"ﭤ","translation":{"text":"judgment","language_name":"english","language_id":38},"transliteration":{"text":"ḥuk'man","language_name":"english","language_id":38}},{"id":61437,"position":4,"audio_url":"wbw/021_074_004.mp3","qpc_uthmani_hafs":"وَعِلۡمٗا","char_type_name":"word","page_number":328,"line_number":3,"text":"ﭥ","translation":{"text":"and knowledge","language_name":"english","language_id":38},"transliteration":{"text":"waʿil'man","language_name":"english","language_id":38}},{"id":61438,"position":5,"audio_url":"wbw/021_074_005.mp3","qpc_uthmani_hafs":"وَنَجَّيۡنَٰهُ","char_type_name":"word","page_number":328,"line_number":3,"text":"ﭦ","translation":{"text":"and We saved him","language_name":"english","language_id":38},"transliteration":{"text":"wanajjaynāhu","language_name":"english","language_id":38}},{"id":61439,"position":6,"audio_url":"wbw/021_074_006.mp3","qpc_uthmani_hafs":"مِنَ","char_type_name":"word","page_number":328,"line_number":3,"text":"ﭧ","translation":{"text":"from","language_name":"english","language_id":38},"transliteration":{"text":"mina","language_name":"english","language_id":38}},{"id":61440,"position":7,"audio_url":"wbw/021_074_007.mp3","qpc_uthmani_hafs":"ٱلۡقَرۡيَةِ","char_type_name":"word","page_number":328,"line_number":4,"text":"ﭨ","translation":{"text":"the town","language_name":"english","language_id":38},"transliteration":{"text":"l-qaryati","language_name":"english","language_id":38}},{"id":61441,"position":8,"audio_url":"wbw/021_074_008.mp3","qpc_uthmani_hafs":"ٱلَّتِي","char_type_name":"word","page_number":328,"line_number":4,"text":"ﭩ","translation":{"text":"which","language_name":"english","language_id":38},"transliteration":{"text":"allatī","language_name":"english","language_id":38}},{"id":61442,"position":9,"audio_url":"wbw/021_074_009.mp3","qpc_uthmani_hafs":"كَانَت","char_type_name":"word","page_number":328,"line_number":4,"text":"ﭪ","translation":{"text":"was","language_name":"english","language_id":38},"transliteration":{"text":"kānat","language_name":"english","language_id":38}},{"id":61443,"position":10,"audio_url":"wbw/021_074_010.mp3","qpc_uthmani_hafs":"تَّعۡمَلُ","char_type_name":"word","page_number":328,"line_number":4,"text":"ﭫ","translation":{"text":"doing","language_name":"english","language_id":38},"transliteration":{"text":"taʿmalu","language_name":"english","language_id":38}},{"id":61444,"position":11,"audio_url":"wbw/021_074_011.mp3","qpc_uthmani_hafs":"ٱلۡخَبَٰٓئِثَۚ","char_type_name":"word","page_number":328,"line_number":4,"text":"ﭬﭭ","translation":{"text":"wicked deeds","language_name":"english","language_id":38},"transliteration":{"text":"l-khabāitha","language_name":"english","language_id":38}},{"id":61446,"position":12,"audio_url":"wbw/021_074_013.mp3","qpc_uthmani_hafs":"إِنَّهُمۡ","char_type_name":"word","page_number":328,"line_number":4,"text":"ﭮ","translation":{"text":"Indeed, they","language_name":"english","language_id":38},"transliteration":{"text":"innahum","language_name":"english","language_id":38}},{"id":61447,"position":13,"audio_url":"wbw/021_074_014.mp3","qpc_uthmani_hafs":"كَانُواْ","char_type_name":"word","page_number":328,"line_number":4,"text":"ﭯ","translation":{"text":"were","language_name":"english","language_id":38},"transliteration":{"text":"kānū","language_name":"english","language_id":38}},{"id":61448,"position":14,"audio_url":"wbw/021_074_015.mp3","qpc_uthmani_hafs":"قَوۡمَ","char_type_name":"word","page_number":328,"line_number":4,"text":"ﭰ","translation":{"text":"a people","language_name":"english","language_id":38},"transliteration":{"text":"qawma","language_name":"english","language_id":38}},{"id":61449,"position":15,"audio_url":"wbw/021_074_016.mp3","qpc_uthmani_hafs":"سَوۡءٖ","char_type_name":"word","page_number":328,"line_number":4,"text":"ﭱ","translation":{"text":"evil","language_name":"english","language_id":38},"transliteration":{"text":"sawin","language_name":"english","language_id":38}},{"id":61450,"position":16,"audio_url":"wbw/021_074_017.mp3","qpc_uthmani_hafs":"فَٰسِقِينَ","char_type_name":"word","page_number":328,"line_number":5,"text":"ﭲ","translation":{"text":"defiantly disobedient","language_name":"english","language_id":38},"transliteration":{"text":"fāsiqīna","language_name":"english","language_id":38}},{"id":61451,"position":17,"audio_url":null,"qpc_uthmani_hafs":"٧٤","char_type_name":"end","page_number":328,"line_number":5,"text":"ﭳ","translation":{"text":"(74)","language_name":"english","language_id":38},"transliteration":{"text":null,"language_name":"english","language_id":38}}],"translations":[{"id":918986,"resource_id":134,"text":"dan kepada Lūṭ, Kami telah berikan hikmah dan ilmu dan telah Kami selamatkan dia dari (azab yang telah menimpa penduduk) kota yang mengerjakan perbuatan keji <sup foot_note=210734>1</sup>.  Sesungguhnya, mereka adalah kaum yang jahat lagi fasik,"}]},{"id":2558,"verse_number":75,"verse_key":"21:75","juz_number":17,"hizb_number":33,"rub_el_hizb_number":131,"ruku_number":282,"manzil_number":4,"sajdah_number":null,"text_uthmani":"وَأَدْخَلْنَـٰهُ فِى رَحْمَتِنَآ ۖ إِنَّهُۥ مِنَ ٱلصَّـٰلِحِينَ","page_number":328,"words":[{"id":61866,"position":1,"audio_url":"wbw/021_075_001.mp3","qpc_uthmani_hafs":"وَأَدۡخَلۡنَٰهُ","char_type_name":"word","page_number":328,"line_number":5,"text":"ﭴ","translation":{"text":"And We admitted him","language_name":"english","language_id":38},"transliteration":{"text":"wa-adkhalnāhu","language_name":"english","language_id":38}},{"id":61867,"position":2,"audio_url":"wbw/021_075_002.mp3","qpc_uthmani_hafs":"فِي","char_type_name":"word","page_number":328,"line_number":5,"text":"ﭵ","translation":{"text":"into","language_name":"english","language_id":38},"transliteration":{"text":"fī","language_name":"english","language_id":38}},{"id":61868,"position":3,"audio_url":"wbw/021_075_003.mp3","qpc_uthmani_hafs":"رَحۡمَتِنَآۖ","char_type_name":"word","page_number":328,"line_number":5,"text":"ﭶﭷ","translation":{"text":"Our Mercy","language_name":"english","language_id":38},"transliteration":{"text":"raḥmatinā","language_name":"english","language_id":38}},{"id":61870,"position":4,"audio_url":"wbw/021_075_005.mp3","qpc_uthmani_hafs":"إِنَّهُۥ","char_type_name":"word","page_number":328,"line_number":5,"text":"ﭸ","translation":{"text":"Indeed, he","language_name":"english","language_id":38},"transliteration":{"text":"innahu","language_name":"english","language_id":38}},{"id":61871,"position":5,"audio_url":"wbw/021_075_006.mp3","qpc_uthmani_hafs":"مِنَ","char_type_name":"word","page_number":328,"line_number":5,"text":"ﭹ","translation":{"text":"(was) of","language_name":"english","language_id":38},"transliteration":{"text":"mina","language_name":"english","language_id":38}},{"id":61872,"position":6,"audio_url":"wbw/021_075_007.mp3","qpc_uthmani_hafs":"ٱلصَّٰلِحِينَ","char_type_name":"word","page_number":328,"line_number":5,"text":"ﭺ","translation":{"text":"the righteous","language_name":"english","language_id":38},"transliteration":{"text":"l-ṣāliḥīna","language_name":"english","language_id":38}},{"id":61873,"position":7,"audio_url":null,"qpc_uthmani_hafs":"٧٥","char_type_name":"end","page_number":328,"line_number":6,"text":"ﭻ","translation":{"text":"(75)","language_name":"english","language_id":38},"transliteration":{"text":null,"language_name":"english","language_id":38}}],"translations":[{"id":918987,"resource_id":134,"text":"dan Kami masukkan dia ke dalam rahmat Kami; karena sesungguhnya dia termasuk orang-orang yang saleh."}]},{"id":2559,"verse_number":76,"verse_key":"21:76","juz_number":17,"hizb_number":33,"rub_el_hizb_number":131,"ruku_number":283,"manzil_number":4,"sajdah_number":null,"text_uthmani":"وَنُوحًا إِذْ نَادَىٰ مِن قَبْلُ فَٱسْتَجَبْنَا لَهُۥ فَنَجَّيْنَـٰهُ وَأَهْلَهُۥ مِنَ ٱلْكَرْبِ ٱلْعَظِيمِ","page_number":328,"words":[{"id":62508,"position":1,"audio_url":"wbw/021_076_001.mp3","qpc_uthmani_hafs":"وَنُوحًا","char_type_name":"word","page_number":328,"line_number":6,"text":"ﭼ","translation":{"text":"And Nuh","language_name":"english","language_id":38},"transliteration":{"text":"wanūḥan","language_name":"english","language_id":38}},{"id":62509,"position":2,"audio_url":"wbw/021_076_002.mp3","qpc_uthmani_hafs":"إِذۡ","char_type_name":"word","page_number":328,"line_number":6,"text":"ﭽ","translation":{"text":"when","language_name":"english","language_id":38},"transliteration":{"text":"idh","language_name":"english","language_id":38}},{"id":62510,"position":3,"audio_url":"wbw/021_076_003.mp3","qpc_uthmani_hafs":"نَادَىٰ","char_type_name":"word","page_number":328,"line_number":6,"text":"ﭾ","translation":{"text":"he called","language_name":"english","language_id":38},"transliteration":{"text":"nādā","language_name":"english","language_id":38}},{"id":62511,"position":4,"audio_url":"wbw/021_076_004.mp3","qpc_uthmani_hafs":"مِن","char_type_name":"word","page_number":328,"line_number":6,"text":"ﭿ","translation":{"text":"before","language_name":"english","language_id":38},"transliteration":{"text":"min","language_name":"english","language_id":38}},{"id":62512,"position":5,"audio_url":"wbw/021_076_005.mp3","qpc_uthmani_hafs":"قَبۡلُ","char_type_name":"word","page_number":328,"line_number":6,"text":"ﮀ","translation":{"text":"before","language_name":"english","language_id":38},"transliteration":{"text":"qablu","language_name":"english","language_id":38}},{"id":62513,"position":6,"audio_url":"wbw/021_076_006.mp3","qpc_uthmani_hafs":"فَٱسۡتَجَبۡنَا","char_type_name":"word","page_number":328,"line_number":6,"text":"ﮁ","translation":{"text":"so We responded","language_name":"english","language_id":38},"transliteration":{"text":"fa-is'tajabnā","language_name":"english","language_id":38}},{"id":62514,"position":7,"audio_url":"wbw/021_076_007.mp3","qpc_uthmani_hafs":"لَهُۥ","char_type_name":"word","page_number":328,"line_number":6,"text":"ﮂ","translation":{"text":"to him","language_name":"english","language_id":38},"transliteration":{"text":"lahu","language_name":"english","language_id":38}},{"id":62515,"position":8,"audio_url":"wbw/021_076_008.mp3","qpc_uthmani_hafs":"فَنَجَّيۡنَٰهُ","char_type_name":"word","page_number":328,"line_number":6,"text":"ﮃ","translation":{"text":"and We saved him","language_name":"english","language_id":38},"transliteration":{"text":"fanajjaynāhu","language_name":"english","language_id":38}},{"id":62516,"position":9,"audio_url":"wbw/021_076_009.mp3","qpc_uthmani_hafs":"وَأَهۡلَهُۥ","char_type_name":"word","page_number":328,"line_number":7,"text":"ﮄ","translation":{"text":"and his family","language_name":"english","language_id":38},"transliteration":{"text":"wa-ahlahu","language_name":"english","language_id":38}},{"id":62517,"position":10,"audio_url":"wbw/021_076_010.mp3","qpc_uthmani_hafs":"مِنَ","char_type_name":"word","page_number":328,"line_number":7,"text":"ﮅ","translation":{"text":"from","language_name":"english","language_id":38},"transliteration":{"text":"mina","language_name":"english","language_id":38}},{"id":62518,"position":11,"audio_url":"wbw/021_076_011.mp3","qpc_uthmani_hafs":"ٱلۡكَرۡبِ","char_type_name":"word","page_number":328,"line_number":7,"text":"ﮆ","translation":{"text":"the affliction","language_name":"english","language_id":38},"transliteration":{"text":"l-karbi","language_name":"english","language_id":38}},{"id":62519,"position":12,"audio_url":"wbw/021_076_012.mp3","qpc_uthmani_hafs":"ٱلۡعَظِيمِ","char_type_name":"word","page_number":328,"line_number":7,"text":"ﮇ","translation":{"text":"[the] great","language_name":"english","language_id":38},"transliteration":{"text":"l-ʿaẓīmi","language_name":"english","language_id":38}},{"id":62520,"position":13,"audio_url":null,"qpc_uthmani_hafs":"٧٦","char_type_name":"end","page_number":328,"line_number":7,"text":"ﮈ","translation":{"text":"(76)","language_name":"english","language_id":38},"transliteration":{"text":null,"language_name":"english","language_id":38}}],"translations":[{"id":918988,"resource_id":134,"text":"Dan (ingatlah kisah) Nūḥ, sebelum itu ketika dia berdoa dan Kami memperkenankan doanya, lalu Kami selamatkan dia beserta pengikutnya dari bencana yang besar."}]},{"id":2560,"verse_number":77,"verse_key":"21:77","juz_number":17,"hizb_number":33,"rub_el_hizb_number":131,"ruku_number":283,"manzil_number":4,"sajdah_number":null,"text_uthmani":"وَنَصَرْنَـٰهُ مِنَ ٱلْقَوْمِ ٱلَّذِينَ كَذَّبُوا۟ بِـَٔايَـٰتِنَآ ۚ إِنَّهُمْ كَانُوا۟ قَوْمَ سَوْءٍ فَأَغْرَقْنَـٰهُمْ أَجْمَعِينَ","page_number":328,"words":[{"id":62790,"position":1,"audio_url":"wbw/021_077_001.mp3","qpc_uthmani_hafs":"وَنَصَرۡنَٰهُ","char_type_name":"word","page_number":328,"line_number":7,"text":"ﮉ","translation":{"text":"And We helped him","language_name":"english","language_id":38},"transliteration":{"text":"wanaṣarnāhu","language_name":"english","language_id":38}},{"id":62791,"position":2,"audio_url":"wbw/021_077_002.mp3","qpc_uthmani_hafs":"مِنَ","char_type_name":"word","page_number":328,"line_number":7,"text":"ﮊ","translation":{"text":"from","language_name":"english","language_id":38},"transliteration":{"text":"mina","language_name":"english","language_id":38}},{"id":62792,"position":3,"audio_url":"wbw/021_077_003.mp3","qpc_uthmani_hafs":"ٱلۡقَوۡمِ","char_type_name":"word","page_number":328,"line_number":7,"text":"ﮋ","translation":{"text":"the people","language_name":"english","language_id":38},"transliteration":{"text":"l-qawmi","language_name":"english","language_id":38}},{"id":62793,"position":4,"audio_url":"wbw/021_077_004.mp3","qpc_uthmani_hafs":"ٱلَّذِينَ","char_type_name":"word","page_number":328,"line_number":8,"text":"ﮌ","translation":{"text":"who","language_name":"english","language_id":38},"transliteration":{"text":"alladhīna","language_name":"english","language_id":38}},{"id":62794,"position":5,"audio_url":"wbw/021_077_005.mp3","qpc_uthmani_hafs":"كَذَّبُواْ","char_type_name":"word","page_number":328,"line_number":8,"text":"ﮍ","translation":{"text":"denied","language_name":"english","language_id":38},"transliteration":{"text":"kadhabū","language_name":"english","language_id":38}},{"id":62795,"position":6,"audio_url":"wbw/021_077_006.mp3","qpc_uthmani_hafs":"بِـَٔايَٰتِنَآۚ","char_type_name":"word","page_number":328,"line_number":8,"text":"ﮎﮏ","translation":{"text":"Our Signs","language_name":"english","language_id":38},"transliteration":{"text":"biāyātinā","language_name":"english","language_id":38}},{"id":62797,"position":7,"audio_url":"wbw/021_077_008.mp3","qpc_uthmani_hafs":"إِنَّهُمۡ","char_type_name":"word","page_number":328,"line_number":8,"text":"ﮐ","translation":{"text":"Indeed, they","language_name":"english","language_id":38},"transliteration":{"text":"innahum","language_name":"english","language_id":38}},{"id":62798,"position":8,"audio_url":"wbw/021_077_009.mp3","qpc_uthmani_hafs":"كَانُواْ","char_type_name":"word","page_number":328,"line_number":8,"text":"ﮑ","translation":{"text":"were","language_name":"english","language_id":38},"transliteration":{"text":"kānū","language_name":"english","language_id":38}},{"id":62799,"position":9,"audio_url":"wbw/021_077_010.mp3","qpc_uthmani_hafs":"قَوۡمَ","char_type_name":"word","page_number":328,"line_number":8,"text":"ﮒ","translation":{"text":"a people","language_name":"english","language_id":38},"transliteration":{"text":"qawma","language_name":"english","language_id":38}},{"id":62800,"position":10,"audio_url":"wbw/021_077_011.mp3","qpc_uthmani_hafs":"سَوۡءٖ","char_type_name":"word","page_number":328,"line_number":8,"text":"ﮓ","translation":{"text":"evil","language_name":"english","language_id":38},"transliteration":{"text":"sawin","language_name":"english","language_id":38}},{"id":62801,"position":11,"audio_url":"wbw/021_077_012.mp3","qpc_uthmani_hafs":"فَأَغۡرَقۡنَٰهُمۡ","char_type_name":"word","page_number":328,"line_number":8,"text":"ﮔ","translation":{"text":"so We drowned them","language_name":"english","language_id":38},"transliteration":{"text":"fa-aghraqnāhum","language_name":"english","language_id":38}},{"id":62802,"position":12,"audio_url":"wbw/021_077_013.mp3","qpc_uthmani_hafs":"أَجۡمَعِينَ","char_type_name":"word","page_number":328,"line_number":9,"text":"ﮕ","translation":{"text":"all","language_name":"english","language_id":38},"transliteration":{"text":"ajmaʿīna","language_name":"english","language_id":38}},{"id":62803,"position":13,"audio_url":null,"qpc_uthmani_hafs":"٧٧","char_type_name":"end","page_number":328,"line_number":9,"text":"ﮖ","translation":{"text":"(77)","language_name":"english","language_id":38},"transliteration":{"text":null,"language_name":"english","language_id":38}}],"translations":[{"id":918989,"resource_id":134,"text":"Dan Kami telah menolongnya dari kaum yang telah mendustakan ayat-ayat Kami.  Sesungguhnya mereka adalah kaum yang jahat, maka Kami tenggelamkan mereka semuanya."}]},{"id":2561,"verse_number":78,"verse_key":"21:78","juz_number":17,"hizb_number":33,"rub_el_hizb_number":131,"ruku_number":283,"manzil_number":4,"sajdah_number":null,"text_uthmani":"وَدَاوُۥدَ وَسُلَيْمَـٰنَ إِذْ يَحْكُمَانِ فِى ٱلْحَرْثِ إِذْ نَفَشَتْ فِيهِ غَنَمُ ٱلْقَوْمِ وَكُنَّا لِحُكْمِهِمْ شَـٰهِدِينَ","page_number":328,"words":[{"id":63649,"position":1,"audio_url":"wbw/021_078_001.mp3","qpc_uthmani_hafs":"وَدَاوُۥدَ","char_type_name":"word","page_number":328,"line_number":9,"text":"ﮗ","translation":{"text":"And Dawud","language_name":"english","language_id":38},"transliteration":{"text":"wadāwūda","language_name":"english","language_id":38}},{"id":63650,"position":2,"audio_url":"wbw/021_078_002.mp3","qpc_uthmani_hafs":"وَسُلَيۡمَٰنَ","char_type_name":"word","page_number":328,"line_number":9,"text":"ﮘ","translation":{"text":"and Sulaiman","language_name":"english","language_id":38},"transliteration":{"text":"wasulaymāna","language_name":"english","language_id":38}},{"id":63651,"position":3,"audio_url":"wbw/021_078_003.mp3","qpc_uthmani_hafs":"إِذۡ","char_type_name":"word","page_number":328,"line_number":9,"text":"ﮙ","translation":{"text":"when","language_name":"english","language_id":38},"transliteration":{"text":"idh","language_name":"english","language_id":38}},{"id":63652,"position":4,"audio_url":"wbw/021_078_004.mp3","qpc_uthmani_hafs":"يَحۡكُمَانِ","char_type_name":"word","page_number":328,"line_number":9,"text":"ﮚ","translation":{"text":"they judged","language_name":"english","language_id":38},"transliteration":{"text":"yaḥkumāni","language_name":"english","language_id":38}},{"id":63653,"position":5,"audio_url":"wbw/021_078_005.mp3","qpc_uthmani_hafs":"فِي","char_type_name":"word","page_number":328,"line_number":9,"text":"ﮛ","translation":{"text":"concerning","language_name":"english","language_id":38},"transliteration":{"text":"fī","language_name":"english","language_id":38}},{"id":63654,"position":6,"audio_url":"wbw/021_078_006.mp3","qpc_uthmani_hafs":"ٱلۡحَرۡثِ","char_type_name":"word","page_number":328,"line_number":9,"text":"ﮜ","translation":{"text":"the field","language_name":"english","language_id":38},"transliteration":{"text":"l-ḥarthi","language_name":"english","language_id":38}},{"id":63655,"position":7,"audio_url":"wbw/021_078_007.mp3","qpc_uthmani_hafs":"إِذۡ","char_type_name":"word","page_number":328,"line_number":9,"text":"ﮝ","translation":{"text":"when","language_name":"english","language_id":38},"transliteration":{"text":"idh","language_name":"english","language_id":38}},{"id":63656,"position":8,"audio_url":"wbw/021_078_008.mp3","qpc_uthmani_hafs":"نَفَشَتۡ","char_type_name":"word","page_number":328,"line_number":10,"text":"ﮞ","translation":{"text":"pastured","language_name":"english","language_id":38},"transliteration":{"text":"nafashat","language_name":"english","language_id":38}},{"id":63657,"position":9,"audio_url":"wbw/021_078_009.mp3","qpc_uthmani_hafs":"فِيهِ","char_type_name":"word","page_number":328,"line_number":10,"text":"ﮟ","translation":{"text":"in it","language_name":"english","language_id":38},"transliteration":{"text":"fīhi","language_name":"english","language_id":38}},{"id":63658,"position":10,"audio_url":"wbw/021_078_010.mp3","qpc_uthmani_hafs":"غَنَمُ","char_type_name":"word","page_number":328,"line_number":10,"text":"ﮠ","translation":{"text":"sheep","language_name":"english","language_id":38},"transliteration":{"text":"ghanamu","language_name":"english","language_id":38}},{"id":63659,"position":11,"audio_url":"wbw/021_078_011.mp3","qpc_uthmani_hafs":"ٱلۡقَوۡمِ","char_type_name":"word","page_number":328,"line_number":10,"text":"ﮡ","translation":{"text":"(of) a people","language_name":"english","language_id":38},"transliteration":{"text":"l-qawmi","language_name":"english","language_id":38}},{"id":63660,"position":12,"audio_url":"wbw/021_078_012.mp3","qpc_uthmani_hafs":"وَكُنَّا","char_type_name":"word","page_number":328,"line_number":10,"text":"ﮢ","translation":{"text":"and We were","language_name":"english","language_id":38},"transliteration":{"text":"wakunnā","language_name":"english","language_id":38}},{"id":63661,"position":13,"audio_url":"wbw/021_078_013.mp3","qpc_uthmani_hafs":"لِحُكۡمِهِمۡ","char_type_name":"word","page_number":328,"line_number":10,"text":"ﮣ","translation":{"text":"to their judgment","language_name":"english","language_id":38},"transliteration":{"text":"liḥuk'mihim","language_name":"english","language_id":38}},{"id":63662,"position":14,"audio_url":"wbw/021_078_014.mp3","qpc_uthmani_hafs":"شَٰهِدِينَ","char_type_name":"word","page_number":328,"line_number":10,"text":"ﮤ","translation":{"text":"witness","language_name":"english","language_id":38},"transliteration":{"text":"shāhidīna","language_name":"english","language_id":38}},{"id":63663,"position":15,"audio_url":null,"qpc_uthmani_hafs":"٧٨","char_type_name":"end","page_number":328,"line_number":10,"text":"ﮥ","translation":{"text":"(78)","language_name":"english","language_id":38},"transliteration":{"text":null,"language_name":"english","language_id":38}}],"translations":[{"id":918990,"resource_id":134,"text":"Dan (ingatlah kisah) Dāwūd dan Sulaymān pada waktu keduanya memberikan keputusan mengenai tanaman karena tanaman itu dirusak oleh kambing-kambing kepunyaan kaumnya.  Dan adalah Kami menyaksikan keputusan yang diberikan oleh mereka itu,"}]},{"id":2562,"verse_number":79,"verse_key":"21:79","juz_number":17,"hizb_number":33,"rub_el_hizb_number":131,"ruku_number":283,"manzil_number":4,"sajdah_number":null,"text_uthmani":"فَفَهَّمْنَـٰهَا سُلَيْمَـٰنَ ۚ وَكُلًّا ءَاتَيْنَا حُكْمًا وَعِلْمًا ۚ وَسَخَّرْنَا مَعَ دَاوُۥدَ ٱلْجِبَالَ يُسَبِّحْنَ وَٱلطَّيْرَ ۚ وَكُنَّا فَـٰعِلِينَ","page_number":328,"words":[{"id":63926,"position":1,"audio_url":"wbw/021_079_001.mp3","qpc_uthmani_hafs":"فَفَهَّمۡنَٰهَا","char_type_name":"word","page_number":328,"line_number":11,"text":"ﮦ","translation":{"text":"And We gave understanding of it","language_name":"english","language_id":38},"transliteration":{"text":"fafahhamnāhā","language_name":"english","language_id":38}},{"id":63927,"position":2,"audio_url":"wbw/021_079_002.mp3","qpc_uthmani_hafs":"سُلَيۡمَٰنَۚ","char_type_name":"word","page_number":328,"line_number":11,"text":"ﮧﮨ","translation":{"text":"(to) Sulaiman","language_name":"english","language_id":38},"transliteration":{"text":"sulaymāna","language_name":"english","language_id":38}},{"id":63929,"position":3,"audio_url":"wbw/021_079_004.mp3","qpc_uthmani_hafs":"وَكُلًّا","char_type_name":"word","page_number":328,"line_number":11,"text":"ﮩ","translation":{"text":"and (to) each","language_name":"english","language_id":38},"transliteration":{"text":"wakullan","language_name":"english","language_id":38}},{"id":63930,"position":4,"audio_url":"wbw/021_079_005.mp3","qpc_uthmani_hafs":"ءَاتَيۡنَا","char_type_name":"word","page_number":328,"line_number":11,"text":"ﮪ","translation":{"text":"We gave","language_name":"english","language_id":38},"transliteration":{"text":"ātaynā","language_name":"english","language_id":38}},{"id":63931,"position":5,"audio_url":"wbw/021_079_006.mp3","qpc_uthmani_hafs":"حُكۡمٗا","char_type_name":"word","page_number":328,"line_number":11,"text":"ﮫ","translation":{"text":"judgment","language_name":"english","language_id":38},"transliteration":{"text":"ḥuk'man","language_name":"english","language_id":38}},{"id":63932,"position":6,"audio_url":"wbw/021_079_007.mp3","qpc_uthmani_hafs":"وَعِلۡمٗاۚ","char_type_name":"word","page_number":328,"line_number":11,"text":"ﮬﮭ","translation":{"text":"and knowledge","language_name":"english","language_id":38},"transliteration":{"text":"waʿil'man","language_name":"english","language_id":38}},{"id":63934,"position":7,"audio_url":"wbw/021_079_009.mp3","qpc_uthmani_hafs":"وَسَخَّرۡنَا","char_type_name":"word","page_number":328,"line_number":11,"text":"ﮮ","translation":{"text":"And We subjected","language_name":"english","language_id":38},"transliteration":{"text":"wasakharnā","language_name":"english","language_id":38}},{"id":63935,"position":8,"audio_url":"wbw/021_079_010.mp3","qpc_uthmani_hafs":"مَعَ","char_type_name":"word","page_number":328,"line_number":12,"text":"ﮯ","translation":{"text":"with","language_name":"english","language_id":38},"transliteration":{"text":"maʿa","language_name":"english","language_id":38}},{"id":63936,"position":9,"audio_url":"wbw/021_079_011.mp3","qpc_uthmani_hafs":"دَاوُۥدَ","char_type_name":"word","page_number":328,"line_number":12,"text":"ﮰ","translation":{"text":"Dawud","language_name":"english","language_id":38},"transliteration":{"text":"dāwūda","language_name":"english","language_id":38}},{"id":63937,"position":10,"audio_url":"wbw/021_079_012.mp3","qpc_uthmani_hafs":"ٱلۡجِبَالَ","char_type_name":"word","page_number":328,"line_number":12,"text":"ﮱ","translation":{"text":"the mountains","language_name":"english","language_id":38},"transliteration":{"text":"l-jibāla","language_name":"english","language_id":38}},{"id":63938,"position":11,"audio_url":"wbw/021_079_013.mp3","qpc_uthmani_hafs":"يُسَبِّحۡنَ","char_type_name":"word","page_number":328,"line_number":12,"text":"ﯓ","translation":{"text":"(to) glorify Our praises","language_name":"english","language_id":38},"transliteration":{"text":"yusabbiḥ'na","language_name":"english","language_id":38}},{"id":63939,"position":12,"audio_url":"wbw/021_079_014.mp3","qpc_uthmani_hafs":"وَٱلطَّيۡرَۚ","char_type_name":"word","page_number":328,"line_number":12,"text":"ﯔﯕ","translation":{"text":"and the birds","language_name":"english","language_id":38},"transliteration":{"text":"wal-ṭayra","language_name":"english","language_id":38}},{"id":63941,"position":13,"audio_url":"wbw/021_079_016.mp3","qpc_uthmani_hafs":"وَكُنَّا","char_type_name":"word","page_number":328,"line_number":12,"text":"ﯖ","translation":{"text":"And We were","language_name":"english","language_id":38},"transliteration":{"text":"wakunnā","language_name":"english","language_id":38}},{"id":63942,"position":14,"audio_url":"wbw/021_079_017.mp3","qpc_uthmani_hafs":"فَٰعِلِينَ","char_type_name":"word","page_number":328,"line_number":12,"text":"ﯗ","translation":{"text":"the Doers","language_name":"english","language_id":38},"transliteration":{"text":"fāʿilīna","language_name":"english","language_id":38}},{"id":63943,"position":15,"audio_url":null,"qpc_uthmani_hafs":"٧٩","char_type_name":"end","page_number":328,"line_number":12,"text":"ﯘ","translation":{"text":"(79)","language_name":"english","language_id":38},"transliteration":{"text":null,"language_name":"english","language_id":38}}],"translations":[{"id":918991,"resource_id":134,"text":"maka Kami telah memberikan pengertian kepada Sulaymān tentang hukum (yang lebih tepat) <sup foot_note=210735>1</sup> ; dan kepada masing-masing mereka telah Kami berikan hikmah dan ilmu dan telah Kami tundukkan gunung-gunung dan burung-burung; semua bertasbih bersama Dāwūd.  Dan kamilah yang melakukannya."}]},{"id":2563,"verse_number":80,"verse_key":"21:80","juz_number":17,"hizb_number":33,"rub_el_hizb_number":131,"ruku_number":283,"manzil_number":4,"sajdah_number":null,"text_uthmani":"وَعَلَّمْنَـٰهُ صَنْعَةَ لَبُوسٍ لَّكُمْ لِتُحْصِنَكُم مِّنۢ بَأْسِكُمْ ۖ فَهَلْ أَنتُمْ شَـٰكِرُونَ","page_number":328,"words":[{"id":64275,"position":1,"audio_url":"wbw/021_080_001.mp3","qpc_uthmani_hafs":"وَعَلَّمۡنَٰهُ","char_type_name":"word","page_number":328,"line_number":13,"text":"ﯙ","translation":{"text":"And We taught him","language_name":"english","language_id":38},"transliteration":{"text":"waʿallamnāhu","language_name":"english","language_id":38}},{"id":64276,"position":2,"audio_url":"wbw/021_080_002.mp3","qpc_uthmani_hafs":"صَنۡعَةَ","char_type_name":"word","page_number":328,"line_number":13,"text":"ﯚ","translation":{"text":"(the) making","language_name":"english","language_id":38},"transliteration":{"text":"ṣanʿata","language_name":"english","language_id":38}},{"id":64277,"position":3,"audio_url":"wbw/021_080_003.mp3","qpc_uthmani_hafs":"لَبُوسٖ","char_type_name":"word","page_number":328,"line_number":13,"text":"ﯛ","translation":{"text":"(of) coats of armor","language_name":"english","language_id":38},"transliteration":{"text":"labūsin","language_name":"english","language_id":38}},{"id":64278,"position":4,"audio_url":"wbw/021_080_004.mp3","qpc_uthmani_hafs":"لَّكُمۡ","char_type_name":"word","page_number":328,"line_number":13,"text":"ﯜ","translation":{"text":"for you","language_name":"english","language_id":38},"transliteration":{"text":"lakum","language_name":"english","language_id":38}},{"id":64279,"position":5,"audio_url":"wbw/021_080_005.mp3","qpc_uthmani_hafs":"لِتُحۡصِنَكُم","char_type_name":"word","page_number":328,"line_number":13,"text":"ﯝ","translation":{"text":"to protect you","language_name":"english","language_id":38},"transliteration":{"text":"lituḥ'ṣinakum","language_name":"english","language_id":38}},{"id":64280,"position":6,"audio_url":"wbw/021_080_006.mp3","qpc_uthmani_hafs":"مِّنۢ","char_type_name":"word","page_number":328,"line_number":13,"text":"ﯞ","translation":{"text":"from","language_name":"english","language_id":38},"transliteration":{"text":"min","language_name":"english","language_id":38}},{"id":64281,"position":7,"audio_url":"wbw/021_080_007.mp3","qpc_uthmani_hafs":"بَأۡسِكُمۡۖ","char_type_name":"word","page_number":328,"line_number":13,"text":"ﯟﯠ","translation":{"text":"your battle","language_name":"english","language_id":38},"transliteration":{"text":"basikum","language_name":"english","language_id":38}},{"id":64283,"position":8,"audio_url":"wbw/021_080_009.mp3","qpc_uthmani_hafs":"فَهَلۡ","char_type_name":"word","page_number":328,"line_number":14,"text":"ﯡ","translation":{"text":"Then will","language_name":"english","language_id":38},"transliteration":{"text":"fahal","language_name":"english","language_id":38}},{"id":64284,"position":9,"audio_url":"wbw/021_080_010.mp3","qpc_uthmani_hafs":"أَنتُمۡ","char_type_name":"word","page_number":328,"line_number":14,"text":"ﯢ","translation":{"text":"you","language_name":"english","language_id":38},"transliteration":{"text":"antum","language_name":"english","language_id":38}},{"id":64285,"position":10,"audio_url":"wbw/021_080_011.mp3","qpc_uthmani_hafs":"شَٰكِرُونَ","char_type_name":"word","page_number":328,"line_number":14,"text":"ﯣ","translation":{"text":"(be) grateful","language_name":"english","language_id":38},"transliteration":{"text":"shākirūna","language_name":"english","language_id":38}},{"id":64286,"position":11,"audio_url":null,"qpc_uthmani_hafs":"٨٠","char_type_name":"end","page_number":328,"line_number":14,"text":"ﯤ","translation":{"text":"(80)","language_name":"english","language_id":38},"transliteration":{"text":null,"language_name":"english","language_id":38}}],"translations":[{"id":918992,"resource_id":134,"text":"Dan telah Kami ajarkan kepada  Dāwūd membuat baju besi untuk kamu guna memelihara kamu dalam peperanganmu; Maka, hendaklah kamu bersyukur (kepada Allah)."}]},{"id":2564,"verse_number":81,"verse_key":"21:81","juz_number":17,"hizb_number":33,"rub_el_hizb_number":131,"ruku_number":283,"manzil_number":4,"sajdah_number":null,"text_uthmani":"وَلِسُلَيْمَـٰنَ ٱلرِّيحَ عَاصِفَةً تَجْرِى بِأَمْرِهِۦٓ إِلَى ٱلْأَرْضِ ٱلَّتِى بَـٰرَكْنَا فِيهَا ۚ وَكُنَّا بِكُلِّ شَىْءٍ عَـٰلِمِينَ","page_number":328,"words":[{"id":64689,"position":1,"audio_url":"wbw/021_081_001.mp3","qpc_uthmani_hafs":"وَلِسُلَيۡمَٰنَ","char_type_name":"word","page_number":328,"line_number":14,"text":"ﯥ","translation":{"text":"And to Sulaiman","language_name":"english","language_id":38},"transliteration":{"text":"walisulaymāna","language_name":"english","language_id":38}},{"id":64690,"position":2,"audio_url":"wbw/021_081_002.mp3","qpc_uthmani_hafs":"ٱلرِّيحَ","char_type_name":"word","page_number":328,"line_number":14,"text":"ﯦ","translation":{"text":"the wind","language_name":"english","language_id":38},"transliteration":{"text":"l-rīḥa","language_name":"english","language_id":38}},{"id":64691,"position":3,"audio_url":"wbw/021_081_003.mp3","qpc_uthmani_hafs":"عَاصِفَةٗ","char_type_name":"word","page_number":328,"line_number":14,"text":"ﯧ","translation":{"text":"forcefully","language_name":"english","language_id":38},"transliteration":{"text":"ʿāṣifatan","language_name":"english","language_id":38}},{"id":64692,"position":4,"audio_url":"wbw/021_081_004.mp3","qpc_uthmani_hafs":"تَجۡرِي","char_type_name":"word","page_number":328,"line_number":14,"text":"ﯨ","translation":{"text":"blowing","language_name":"english","language_id":38},"transliteration":{"text":"tajrī","language_name":"english","language_id":38}},{"id":64693,"position":5,"audio_url":"wbw/021_081_005.mp3","qpc_uthmani_hafs":"بِأَمۡرِهِۦٓ","char_type_name":"word","page_number":328,"line_number":14,"text":"ﯩ","translation":{"text":"by his command","language_name":"english","language_id":38},"transliteration":{"text":"bi-amrihi","language_name":"english","language_id":38}},{"id":64694,"position":6,"audio_url":"wbw/021_081_006.mp3","qpc_uthmani_hafs":"إِلَى","char_type_name":"word","page_number":328,"line_number":15,"text":"ﯪ","translation":{"text":"to","language_name":"english","language_id":38},"transliteration":{"text":"ilā","language_name":"english","language_id":38}},{"id":64695,"position":7,"audio_url":"wbw/021_081_007.mp3","qpc_uthmani_hafs":"ٱلۡأَرۡضِ","char_type_name":"word","page_number":328,"line_number":15,"text":"ﯫ","translation":{"text":"the land","language_name":"english","language_id":38},"transliteration":{"text":"l-arḍi","language_name":"english","language_id":38}},{"id":64696,"position":8,"audio_url":"wbw/021_081_008.mp3","qpc_uthmani_hafs":"ٱلَّتِي","char_type_name":"word","page_number":328,"line_number":15,"text":"ﯬ","translation":{"text":"which","language_name":"english","language_id":38},"transliteration":{"text":"allatī","language_name":"english","language_id":38}},{"id":64697,"position":9,"audio_url":"wbw/021_081_009.mp3","qpc_uthmani_hafs":"بَٰرَكۡنَا","char_type_name":"word","page_number":328,"line_number":15,"text":"ﯭ","translation":{"text":"We blessed","language_name":"english","language_id":38},"transliteration":{"text":"bāraknā","language_name":"english","language_id":38}},{"id":64698,"position":10,"audio_url":"wbw/021_081_010.mp3","qpc_uthmani_hafs":"فِيهَاۚ","char_type_name":"word","page_number":328,"line_number":15,"text":"ﯮﯯ","translation":{"text":"[in it]","language_name":"english","language_id":38},"transliteration":{"text":"fīhā","language_name":"english","language_id":38}},{"id":64700,"position":11,"audio_url":"wbw/021_081_012.mp3","qpc_uthmani_hafs":"وَكُنَّا","char_type_name":"word","page_number":328,"line_number":15,"text":"ﯰ","translation":{"text":"And We are","language_name":"english","language_id":38},"transliteration":{"text":"wakunnā","language_name":"english","language_id":38}},{"id":64701,"position":12,"audio_url":"wbw/021_081_013.mp3","qpc_uthmani_hafs":"بِكُلِّ","char_type_name":"word","page_number":328,"line_number":15,"text":"ﯱ","translation":{"text":"of every","language_name":"english","language_id":38},"transliteration":{"text":"bikulli","language_name":"english","language_id":38}},{"id":64702,"position":13,"audio_url":"wbw/021_081_014.mp3","qpc_uthmani_hafs":"شَيۡءٍ","char_type_name":"word","page_number":328,"line_number":15,"text":"ﯲ","translation":{"text":"thing","language_name":"english","language_id":38},"transliteration":{"text":"shayin","language_name":"english","language_id":38}},{"id":64703,"position":14,"audio_url":"wbw/021_081_015.mp3","qpc_uthmani_hafs":"عَٰلِمِينَ","char_type_name":"word","page_number":328,"line_number":15,"text":"ﯳ","translation":{"text":"Knowers","language_name":"english","language_id":38},"transliteration":{"text":"ʿālimīna","language_name":"english","language_id":38}},{"id":64704,"position":15,"audio_url":null,"qpc_uthmani_hafs":"٨١","char_type_name":"end","page_number":328,"line_number":15,"text":"ﯴ","translation":{"text":"(81)","language_name":"english","language_id":38},"transliteration":{"text":null,"language_name":"english","language_id":38}}],"translations":[{"id":918993,"resource_id":134,"text":"Dan (telah Kami tundukkan) untuk Sulaymān, angin yang sangat kencang tiupannya yang berhembus dengan perintahnya ke negeri yang kami telah memberkatinya.  Dan adalah Kami Maha Mengetahui segala sesuatu."}]}],"pagination":{"per_page":50,"current_page":1,"next_page":null,"total_pages":1,"total_records":9}}