{"verses":[{"id":2565,"verse_number":82,"verse_key":"21:82","juz_number":17,"hizb_number":33,"rub_el_hizb_number":131,"ruku_number":283,"manzil_number":4,"sajdah_number":null,"text_uthmani":"وَمِنَ ٱلشَّيَـٰطِينِ مَن يَغُوصُونَ لَهُۥ وَيَعْمَلُونَ عَمَلًا دُونَ ذَٰلِكَ ۖ وَكُنَّا لَهُمْ حَـٰفِظِينَ","page_number":329,"words":[{"id":64950,"position":1,"audio_url":"wbw/021_082_001.mp3","qpc_uthmani_hafs":"وَمِنَ","char_type_name":"word","page_number":329,"line_number":1,"text":"ﭑ","translation":{"text":"And of","language_name":"english","language_id":38},"transliteration":{"text":"wamina","language_name":"english","language_id":38}},{"id":64951,"position":2,"audio_url":"wbw/021_082_002.mp3","qpc_uthmani_hafs":"ٱلشَّيَٰطِينِ","char_type_name":"word","page_number":329,"line_number":1,"text":"ﭒ","translation":{"text":"the devils","language_name":"english","language_id":38},"transliteration":{"text":"l-shayāṭīni","language_name":"english","language_id":38}},{"id":64952,"position":3,"audio_url":"wbw/021_082_003.mp3","qpc_uthmani_hafs":"مَن","char_type_name":"word","page_number":329,"line_number":1,"text":"ﭓ","translation":{"text":"(were some) who","language_name":"english","language_id":38},"transliteration":{"text":"man","language_name":"english","language_id":38}},{"id":64953,"position":4,"audio_url":"wbw/021_082_004.mp3","qpc_uthmani_hafs":"يَغُوصُونَ","char_type_name":"word","page_number":329,"line_number":1,"text":"ﭔ","translation":{"text":"would dive","language_name":"english","language_id":38},"transliteration":{"text":"yaghūṣūna","language_name":"english","language_id":38}},{"id":64954,"position":5,"audio_url":"wbw/021_082_005.mp3","qpc_uthmani_hafs":"لَهُۥ","char_type_name":"word","page_number":329,"line_number":1,"text":"ﭕ","translation":{"text":"for him","language_name":"english","language_id":38},"transliteration":{"text":"lahu","language_name":"english","language_id":38}},{"id":64955,"position":6,"audio_url":"wbw/021_082_006.mp3","qpc_uthmani_hafs":"وَيَعۡمَلُونَ","char_type_name":"word","page_number":329,"line_number":1,"text":"ﭖ","translation":{"text":"and would do","language_name":"english","language_id":38},"transliteration":{"text":"wayaʿmalūna","language_name":"english","language_id":38}},{"id":64956,"position":7,"audio_url":"wbw/021_082_007.mp3","qpc_uthmani_hafs":"عَمَلٗا","char_type_name":"word","page_number":329,"line_number":1,"text":"ﭗ","translation":{"text":"work","language_name":"english","language_id":38},"transliteration":{"text":"ʿamalan","language_name":"english","language_id":38}},{"id":64957,"position":8,"audio_url":"wbw/021_082_008.mp3","qpc_uthmani_hafs":"دُونَ","char_type_name":"word","page_number":329,"line_number":2,"text":"ﭘ","translation":{"text":"other than","language_name":"english","language_id":38},"transliteration":{"text":"dūna","language_name":"english","language_id":38}},{"id":64958,"position":9,"audio_url":"wbw/021_082_009.mp3","qpc_uthmani_hafs":"ذَٰلِكَۖ","char_type_name":"word","page_number":329,"line_number":2,"text":"ﭙﭚ","translation":{"text":"that","language_name":"english","language_id":38},"transliteration":{"text":"dhālika","language_name":"english","language_id":38}},{"id":64960,"position":10,"audio_url":"wbw/021_082_011.mp3","qpc_uthmani_hafs":"وَكُنَّا","char_type_name":"word","page_number":329,"line_number":2,"text":"ﭛ","translation":{"text":"And We were","language_name":"english","language_id":38},"transliteration":{"text":"wakunnā","language_name":"english","language_id":38}},{"id":64961,"position":11,"audio_url":"wbw/021_082_012.mp3","qpc_uthmani_hafs":"لَهُمۡ","char_type_name":"word","page_number":329,"line_number":2,"text":"ﭜ","translation":{"text":"of them","language_name":"english","language_id":38},"transliteration":{"text":"lahum","language_name":"english","language_id":38}},{"id":64962,"position":12,"audio_url":"wbw/021_082_013.mp3","qpc_uthmani_hafs":"حَٰفِظِينَ","char_type_name":"word","page_number":329,"line_number":2,"text":"ﭝ","translation":{"text":"Guardians","language_name":"english","language_id":38},"transliteration":{"text":"ḥāfiẓīna","language_name":"english","language_id":38}},{"id":64963,"position":13,"audio_url":null,"qpc_uthmani_hafs":"٨٢","char_type_name":"end","page_number":329,"line_number":2,"text":"ﭞ","translation":{"text":"(82)","language_name":"english","language_id":38},"transliteration":{"text":null,"language_name":"english","language_id":38}}],"translations":[{"id":918994,"resource_id":134,"text":"Dan Kami telah tundukkan (pula kepada Sulaymān), segolongan setan-setan yang menyelam (ke dalam laut) untuknya dan mengerjakan pekerjaan selain daripada itu dan adalah Kami memelihara mereka itu,"}]},{"id":2566,"verse_number":83,"verse_key":"21:83","juz_number":17,"hizb_number":33,"rub_el_hizb_number":132,"ruku_number":283,"manzil_number":4,"sajdah_number":null,"text_uthmani":"۞ وَأَيُّوبَ إِذْ نَادَىٰ رَبَّهُۥٓ أَنِّى مَسَّنِىَ ٱلضُّرُّ وَأَنتَ أَرْحَمُ ٱلرَّٰحِمِينَ","page_number":329,"words":[{"id":65521,"position":1,"audio_url":"wbw/021_083_002.mp3","qpc_uthmani_hafs":"۞ وَأَيُّوبَ","char_type_name":"word","page_number":329,"line_number":2,"text":"ﭟ ﭠ","translation":{"text":"And Ayub","language_name":"english","language_id":38},"transliteration":{"text":"wa-ayyūba","language_name":"english","language_id":38}},{"id":65522,"position":2,"audio_url":"wbw/021_083_003.mp3","qpc_uthmani_hafs":"إِذۡ","char_type_name":"word","page_number":329,"line_number":2,"text":"ﭡ","translation":{"text":"when","language_name":"english","language_id":38},"transliteration":{"text":"idh","language_name":"english","language_id":38}},{"id":65523,"position":3,"audio_url":"wbw/021_083_004.mp3","qpc_uthmani_hafs":"نَادَىٰ","char_type_name":"word","page_number":329,"line_number":3,"text":"ﭢ","translation":{"text":"he called","language_name":"english","language_id":38},"transliteration":{"text":"nādā","language_name":"english","language_id":38}},{"id":65524,"position":4,"audio_url":"wbw/021_083_005.mp3","qpc_uthmani_hafs":"رَبَّهُۥٓ","char_type_name":"word","page_number":329,"line_number":3,"text":"ﭣ","translation":{"text":"(to) his Lord","language_name":"english","language_id":38},"transliteration":{"text":"rabbahu","language_name":"english","language_id":38}},{"id":65525,"position":5,"audio_url":"wbw/021_083_006.mp3","qpc_uthmani_hafs":"أَنِّي","char_type_name":"word","page_number":329,"line_number":3,"text":"ﭤ","translation":{"text":"Indeed, [I]","language_name":"english","language_id":38},"transliteration":{"text":"annī","language_name":"english","language_id":38}},{"id":65526,"position":6,"audio_url":"wbw/021_083_007.mp3","qpc_uthmani_hafs":"مَسَّنِيَ","char_type_name":"word","page_number":329,"line_number":3,"text":"ﭥ","translation":{"text":"has touched me","language_name":"english","language_id":38},"transliteration":{"text":"massaniya","language_name":"english","language_id":38}},{"id":65527,"position":7,"audio_url":"wbw/021_083_008.mp3","qpc_uthmani_hafs":"ٱلضُّرُّ","char_type_name":"word","page_number":329,"line_number":3,"text":"ﭦ","translation":{"text":"the adversity","language_name":"english","language_id":38},"transliteration":{"text":"l-ḍuru","language_name":"english","language_id":38}},{"id":65528,"position":8,"audio_url":"wbw/021_083_009.mp3","qpc_uthmani_hafs":"وَأَنتَ","char_type_name":"word","page_number":329,"line_number":3,"text":"ﭧ","translation":{"text":"and You","language_name":"english","language_id":38},"transliteration":{"text":"wa-anta","language_name":"english","language_id":38}},{"id":65529,"position":9,"audio_url":"wbw/021_083_010.mp3","qpc_uthmani_hafs":"أَرۡحَمُ","char_type_name":"word","page_number":329,"line_number":3,"text":"ﭨ","translation":{"text":"(are) Most Merciful","language_name":"english","language_id":38},"transliteration":{"text":"arḥamu","language_name":"english","language_id":38}},{"id":65530,"position":10,"audio_url":"wbw/021_083_011.mp3","qpc_uthmani_hafs":"ٱلرَّٰحِمِينَ","char_type_name":"word","page_number":329,"line_number":3,"text":"ﭩ","translation":{"text":"(of) the Merciful","language_name":"english","language_id":38},"transliteration":{"text":"l-rāḥimīna","language_name":"english","language_id":38}},{"id":65531,"position":11,"audio_url":null,"qpc_uthmani_hafs":"٨٣","char_type_name":"end","page_number":329,"line_number":3,"text":"ﭪ","translation":{"text":"(83)","language_name":"english","language_id":38},"transliteration":{"text":null,"language_name":"english","language_id":38}}],"translations":[{"id":918995,"resource_id":134,"text":"dan (ingatlah kisah) Ayyūb ketika ia menyeru Tuhan-nya, \"(Ya Tuhan-ku), sesungguhnya aku telah ditimpa penyakit dan Engkau adalah Tuhan Yang Maha Penyayang di antara semua penyayang\"."}]},{"id":2567,"verse_number":84,"verse_key":"21:84","juz_number":17,"hizb_number":33,"rub_el_hizb_number":132,"ruku_number":283,"manzil_number":4,"sajdah_number":null,"text_uthmani":"فَٱسْتَجَبْنَا لَهُۥ فَكَشَفْنَا مَا بِهِۦ مِن ضُرٍّ ۖ وَءَاتَيْنَـٰهُ أَهْلَهُۥ وَمِثْلَهُم مَّعَهُمْ رَحْمَةً مِّنْ عِندِنَا وَذِكْرَىٰ لِلْعَـٰبِدِينَ","page_number":329,"words":[{"id":65972,"position":1,"audio_url":"wbw/021_084_001.mp3","qpc_uthmani_hafs":"فَٱسۡتَجَبۡنَا","char_type_name":"word","page_number":329,"line_number":4,"text":"ﭫ","translation":{"text":"So We responded","language_name":"english","language_id":38},"transliteration":{"text":"fa-is'tajabnā","language_name":"english","language_id":38}},{"id":65973,"position":2,"audio_url":"wbw/021_084_002.mp3","qpc_uthmani_hafs":"لَهُۥ","char_type_name":"word","page_number":329,"line_number":4,"text":"ﭬ","translation":{"text":"to him","language_name":"english","language_id":38},"transliteration":{"text":"lahu","language_name":"english","language_id":38}},{"id":65974,"position":3,"audio_url":"wbw/021_084_003.mp3","qpc_uthmani_hafs":"فَكَشَفۡنَا","char_type_name":"word","page_number":329,"line_number":4,"text":"ﭭ","translation":{"text":"and We removed","language_name":"english","language_id":38},"transliteration":{"text":"fakashafnā","language_name":"english","language_id":38}},{"id":65975,"position":4,"audio_url":"wbw/021_084_004.mp3","qpc_uthmani_hafs":"مَا","char_type_name":"word","page_number":329,"line_number":4,"text":"ﭮ","translation":{"text":"what","language_name":"english","language_id":38},"transliteration":{"text":"mā","language_name":"english","language_id":38}},{"id":65976,"position":5,"audio_url":"wbw/021_084_005.mp3","qpc_uthmani_hafs":"بِهِۦ","char_type_name":"word","page_number":329,"line_number":4,"text":"ﭯ","translation":{"text":"(was) on him","language_name":"english","language_id":38},"transliteration":{"text":"bihi","language_name":"english","language_id":38}},{"id":65977,"position":6,"audio_url":"wbw/021_084_006.mp3","qpc_uthmani_hafs":"مِن","char_type_name":"word","page_number":329,"line_number":4,"text":"ﭰ","translation":{"text":"of","language_name":"english","language_id":38},"transliteration":{"text":"min","language_name":"english","language_id":38}},{"id":65978,"position":7,"audio_url":"wbw/021_084_007.mp3","qpc_uthmani_hafs":"ضُرّٖۖ","char_type_name":"word","page_number":329,"line_number":4,"text":"ﭱﭲ","translation":{"text":"(the) adversity","language_name":"english","language_id":38},"transliteration":{"text":"ḍurrin","language_name":"english","language_id":38}},{"id":65980,"position":8,"audio_url":"wbw/021_084_009.mp3","qpc_uthmani_hafs":"وَءَاتَيۡنَٰهُ","char_type_name":"word","page_number":329,"line_number":4,"text":"ﭳ","translation":{"text":"And We gave him","language_name":"english","language_id":38},"transliteration":{"text":"waātaynāhu","language_name":"english","language_id":38}},{"id":65981,"position":9,"audio_url":"wbw/021_084_010.mp3","qpc_uthmani_hafs":"أَهۡلَهُۥ","char_type_name":"word","page_number":329,"line_number":4,"text":"ﭴ","translation":{"text":"his family","language_name":"english","language_id":38},"transliteration":{"text":"ahlahu","language_name":"english","language_id":38}},{"id":65982,"position":10,"audio_url":"wbw/021_084_011.mp3","qpc_uthmani_hafs":"وَمِثۡلَهُم","char_type_name":"word","page_number":329,"line_number":5,"text":"ﭵ","translation":{"text":"and (the) like thereof","language_name":"english","language_id":38},"transliteration":{"text":"wamith'lahum","language_name":"english","language_id":38}},{"id":65983,"position":11,"audio_url":"wbw/021_084_012.mp3","qpc_uthmani_hafs":"مَّعَهُمۡ","char_type_name":"word","page_number":329,"line_number":5,"text":"ﭶ","translation":{"text":"with them","language_name":"english","language_id":38},"transliteration":{"text":"maʿahum","language_name":"english","language_id":38}},{"id":65984,"position":12,"audio_url":"wbw/021_084_013.mp3","qpc_uthmani_hafs":"رَحۡمَةٗ","char_type_name":"word","page_number":329,"line_number":5,"text":"ﭷ","translation":{"text":"(as) Mercy","language_name":"english","language_id":38},"transliteration":{"text":"raḥmatan","language_name":"english","language_id":38}},{"id":65985,"position":13,"audio_url":"wbw/021_084_014.mp3","qpc_uthmani_hafs":"مِّنۡ","char_type_name":"word","page_number":329,"line_number":5,"text":"ﭸ","translation":{"text":"from Ourselves","language_name":"english","language_id":38},"transliteration":{"text":"min","language_name":"english","language_id":38}},{"id":65986,"position":14,"audio_url":"wbw/021_084_015.mp3","qpc_uthmani_hafs":"عِندِنَا","char_type_name":"word","page_number":329,"line_number":5,"text":"ﭹ","translation":{"text":"from Ourselves","language_name":"english","language_id":38},"transliteration":{"text":"ʿindinā","language_name":"english","language_id":38}},{"id":65987,"position":15,"audio_url":"wbw/021_084_016.mp3","qpc_uthmani_hafs":"وَذِكۡرَىٰ","char_type_name":"word","page_number":329,"line_number":5,"text":"ﭺ","translation":{"text":"and a reminder","language_name":"english","language_id":38},"transliteration":{"text":"wadhik'rā","language_name":"english","language_id":38}},{"id":65988,"position":16,"audio_url":"wbw/021_084_017.mp3","qpc_uthmani_hafs":"لِلۡعَٰبِدِينَ","char_type_name":"word","page_number":329,"line_number":5,"text":"ﭻ","translation":{"text":"for the worshippers","language_name":"english","language_id":38},"transliteration":{"text":"lil'ʿābidīna","language_name":"english","language_id":38}},{"id":65989,"position":17,"audio_url":null,"qpc_uthmani_hafs":"٨٤","char_type_name":"end","page_number":329,"line_number":5,"text":"ﭼ","translation":{"text":"(84)","language_name":"english","language_id":38},"transliteration":{"text":null,"language_name":"english","language_id":38}}],"translations":[{"id":918996,"resource_id":134,"text":"Maka Kami pun memperkenankan seruannya itu, lalu Kami lenyapkan penyakit yang ada padanya dan Kami kembalikan keluarganya kepadanya; dan Kami lipat gandakan bilangan mereka sebagai suatu rahmat dari sisi Kami; dan untuk menjadi peringatan bagi semua yang menyembah Allah."}]},{"id":2568,"verse_number":85,"verse_key":"21:85","juz_number":17,"hizb_number":33,"rub_el_hizb_number":132,"ruku_number":283,"manzil_number":4,"sajdah_number":null,"text_uthmani":"وَإِسْمَـٰعِيلَ وَإِدْرِيسَ وَذَا ٱلْكِفْلِ ۖ كُلٌّ مِّنَ ٱلصَّـٰبِرِينَ","page_number":329,"words":[{"id":66360,"position":1,"audio_url":"wbw/021_085_001.mp3","qpc_uthmani_hafs":"وَإِسۡمَٰعِيلَ","char_type_name":"word","page_number":329,"line_number":6,"text":"ﭽ","translation":{"text":"And Ishmael","language_name":"english","language_id":38},"transliteration":{"text":"wa-is'māʿīla","language_name":"english","language_id":38}},{"id":66361,"position":2,"audio_url":"wbw/021_085_002.mp3","qpc_uthmani_hafs":"وَإِدۡرِيسَ","char_type_name":"word","page_number":329,"line_number":6,"text":"ﭾ","translation":{"text":"and Idris","language_name":"english","language_id":38},"transliteration":{"text":"wa-id'rīsa","language_name":"english","language_id":38}},{"id":66362,"position":3,"audio_url":"wbw/021_085_003.mp3","qpc_uthmani_hafs":"وَذَا","char_type_name":"word","page_number":329,"line_number":6,"text":"ﭿ","translation":{"text":"and Dhul-Kifl","language_name":"english","language_id":38},"transliteration":{"text":"wadhā","language_name":"english","language_id":38}},{"id":66363,"position":4,"audio_url":"wbw/021_085_004.mp3","qpc_uthmani_hafs":"ٱلۡكِفۡلِۖ","char_type_name":"word","page_number":329,"line_number":6,"text":"ﮀﮁ","translation":{"text":"and Dhul-Kifl","language_name":"english","language_id":38},"transliteration":{"text":"l-kif'li","language_name":"english","language_id":38}},{"id":66365,"position":5,"audio_url":"wbw/021_085_006.mp3","qpc_uthmani_hafs":"كُلّٞ","char_type_name":"word","page_number":329,"line_number":6,"text":"ﮂ","translation":{"text":"all","language_name":"english","language_id":38},"transliteration":{"text":"kullun","language_name":"english","language_id":38}},{"id":66366,"position":6,"audio_url":"wbw/021_085_007.mp3","qpc_uthmani_hafs":"مِّنَ","char_type_name":"word","page_number":329,"line_number":6,"text":"ﮃ","translation":{"text":"(were) of","language_name":"english","language_id":38},"transliteration":{"text":"mina","language_name":"english","language_id":38}},{"id":66367,"position":7,"audio_url":"wbw/021_085_008.mp3","qpc_uthmani_hafs":"ٱلصَّٰبِرِينَ","char_type_name":"word","page_number":329,"line_number":6,"text":"ﮄ","translation":{"text":"the patient ones","language_name":"english","language_id":38},"transliteration":{"text":"l-ṣābirīna","language_name":"english","language_id":38}},{"id":66368,"position":8,"audio_url":null,"qpc_uthmani_hafs":"٨٥","char_type_name":"end","page_number":329,"line_number":7,"text":"ﮅ","translation":{"text":"(85)","language_name":"english","language_id":38},"transliteration":{"text":null,"language_name":"english","language_id":38}}],"translations":[{"id":918997,"resource_id":134,"text":"Dan (ingatlah kisah) Ismā`īl, Idrīs dan Żulkifli.  Semua mereka termasuk orang-orang yang sabar."}]},{"id":2569,"verse_number":86,"verse_key":"21:86","juz_number":17,"hizb_number":33,"rub_el_hizb_number":132,"ruku_number":283,"manzil_number":4,"sajdah_number":null,"text_uthmani":"وَأَدْخَلْنَـٰهُمْ فِى رَحْمَتِنَآ ۖ إِنَّهُم مِّنَ ٱلصَّـٰلِحِينَ","page_number":329,"words":[{"id":66458,"position":1,"audio_url":"wbw/021_086_001.mp3","qpc_uthmani_hafs":"وَأَدۡخَلۡنَٰهُمۡ","char_type_name":"word","page_number":329,"line_number":7,"text":"ﮆ","translation":{"text":"And We admitted them","language_name":"english","language_id":38},"transliteration":{"text":"wa-adkhalnāhum","language_name":"english","language_id":38}},{"id":66459,"position":2,"audio_url":"wbw/021_086_002.mp3","qpc_uthmani_hafs":"فِي","char_type_name":"word","page_number":329,"line_number":7,"text":"ﮇ","translation":{"text":"in","language_name":"english","language_id":38},"transliteration":{"text":"fī","language_name":"english","language_id":38}},{"id":66460,"position":3,"audio_url":"wbw/021_086_003.mp3","qpc_uthmani_hafs":"رَحۡمَتِنَآۖ","char_type_name":"word","page_number":329,"line_number":7,"text":"ﮈﮉ","translation":{"text":"Our Mercy","language_name":"english","language_id":38},"transliteration":{"text":"raḥmatinā","language_name":"english","language_id":38}},{"id":66462,"position":4,"audio_url":"wbw/021_086_005.mp3","qpc_uthmani_hafs":"إِنَّهُم","char_type_name":"word","page_number":329,"line_number":7,"text":"ﮊ","translation":{"text":"Indeed, they","language_name":"english","language_id":38},"transliteration":{"text":"innahum","language_name":"english","language_id":38}},{"id":66463,"position":5,"audio_url":"wbw/021_086_006.mp3","qpc_uthmani_hafs":"مِّنَ","char_type_name":"word","page_number":329,"line_number":7,"text":"ﮋ","translation":{"text":"(were) of","language_name":"english","language_id":38},"transliteration":{"text":"mina","language_name":"english","language_id":38}},{"id":66464,"position":6,"audio_url":"wbw/021_086_007.mp3","qpc_uthmani_hafs":"ٱلصَّٰلِحِينَ","char_type_name":"word","page_number":329,"line_number":7,"text":"ﮌ","translation":{"text":"the righteous","language_name":"english","language_id":38},"transliteration":{"text":"l-ṣāliḥīna","language_name":"english","language_id":38}},{"id":66465,"position":7,"audio_url":null,"qpc_uthmani_hafs":"٨٦","char_type_name":"end","page_number":329,"line_number":8,"text":"ﮍ","translation":{"text":"(86)","language_name":"english","language_id":38},"transliteration":{"text":null,"language_name":"english","language_id":38}}],"translations":[{"id":918998,"resource_id":134,"text":"Kami telah memasukkan mereka ke dalam rahmat Kami.  Sesungguhnya mereka termasuk orang-orang yang saleh."}]},{"id":2570,"verse_number":87,"verse_key":"21:87","juz_number":17,"hizb_number":33,"rub_el_hizb_number":132,"ruku_number":283,"manzil_number":4,"sajdah_number":null,"text_uthmani":"وَذَا ٱلنُّونِ إِذ ذَّهَبَ مُغَـٰضِبًا فَظَنَّ أَن لَّن نَّقْدِرَ عَلَيْهِ فَنَادَىٰ فِى ٱلظُّلُمَـٰتِ أَن لَّآ إِلَـٰهَ إِلَّآ أَنتَ سُبْحَـٰنَكَ إِنِّى كُنتُ مِنَ ٱلظَّـٰلِمِينَ","page_number":329,"words":[{"id":66783,"position":1,"audio_url":"wbw/021_087_001.mp3","qpc_uthmani_hafs":"وَذَا","char_type_name":"word","page_number":329,"line_number":8,"text":"ﮎ","translation":{"text":"And Dhun-Nun","language_name":"english","language_id":38},"transliteration":{"text":"wadhā","language_name":"english","language_id":38}},{"id":66784,"position":2,"audio_url":"wbw/021_087_002.mp3","qpc_uthmani_hafs":"ٱلنُّونِ","char_type_name":"word","page_number":329,"line_number":8,"text":"ﮏ","translation":{"text":"And Dhun-Nun","language_name":"english","language_id":38},"transliteration":{"text":"l-nūni","language_name":"english","language_id":38}},{"id":66785,"position":3,"audio_url":"wbw/021_087_003.mp3","qpc_uthmani_hafs":"إِذ","char_type_name":"word","page_number":329,"line_number":8,"text":"ﮐ","translation":{"text":"when","language_name":"english","language_id":38},"transliteration":{"text":"idh","language_name":"english","language_id":38}},{"id":66786,"position":4,"audio_url":"wbw/021_087_004.mp3","qpc_uthmani_hafs":"ذَّهَبَ","char_type_name":"word","page_number":329,"line_number":8,"text":"ﮑ","translation":{"text":"he went","language_name":"english","language_id":38},"transliteration":{"text":"dhahaba","language_name":"english","language_id":38}},{"id":66787,"position":5,"audio_url":"wbw/021_087_005.mp3","qpc_uthmani_hafs":"مُغَٰضِبٗا","char_type_name":"word","page_number":329,"line_number":8,"text":"ﮒ","translation":{"text":"(while) angry","language_name":"english","language_id":38},"transliteration":{"text":"mughāḍiban","language_name":"english","language_id":38}},{"id":66788,"position":6,"audio_url":"wbw/021_087_006.mp3","qpc_uthmani_hafs":"فَظَنَّ","char_type_name":"word","page_number":329,"line_number":8,"text":"ﮓ","translation":{"text":"and thought","language_name":"english","language_id":38},"transliteration":{"text":"faẓanna","language_name":"english","language_id":38}},{"id":66789,"position":7,"audio_url":"wbw/021_087_007.mp3","qpc_uthmani_hafs":"أَن","char_type_name":"word","page_number":329,"line_number":8,"text":"ﮔ","translation":{"text":"that","language_name":"english","language_id":38},"transliteration":{"text":"an","language_name":"english","language_id":38}},{"id":66790,"position":8,"audio_url":"wbw/021_087_008.mp3","qpc_uthmani_hafs":"لَّن","char_type_name":"word","page_number":329,"line_number":8,"text":"ﮕ","translation":{"text":"never","language_name":"english","language_id":38},"transliteration":{"text":"lan","language_name":"english","language_id":38}},{"id":66791,"position":9,"audio_url":"wbw/021_087_009.mp3","qpc_uthmani_hafs":"نَّقۡدِرَ","char_type_name":"word","page_number":329,"line_number":8,"text":"ﮖ","translation":{"text":"We would decree","language_name":"english","language_id":38},"transliteration":{"text":"naqdira","language_name":"english","language_id":38}},{"id":66792,"position":10,"audio_url":"wbw/021_087_010.mp3","qpc_uthmani_hafs":"عَلَيۡهِ","char_type_name":"word","page_number":329,"line_number":8,"text":"ﮗ","translation":{"text":"upon him","language_name":"english","language_id":38},"transliteration":{"text":"ʿalayhi","language_name":"english","language_id":38}},{"id":66793,"position":11,"audio_url":"wbw/021_087_011.mp3","qpc_uthmani_hafs":"فَنَادَىٰ","char_type_name":"word","page_number":329,"line_number":9,"text":"ﮘ","translation":{"text":"Then he called","language_name":"english","language_id":38},"transliteration":{"text":"fanādā","language_name":"english","language_id":38}},{"id":66794,"position":12,"audio_url":"wbw/021_087_012.mp3","qpc_uthmani_hafs":"فِي","char_type_name":"word","page_number":329,"line_number":9,"text":"ﮙ","translation":{"text":"in","language_name":"english","language_id":38},"transliteration":{"text":"fī","language_name":"english","language_id":38}},{"id":66795,"position":13,"audio_url":"wbw/021_087_013.mp3","qpc_uthmani_hafs":"ٱلظُّلُمَٰتِ","char_type_name":"word","page_number":329,"line_number":9,"text":"ﮚ","translation":{"text":"the darkness(es)","language_name":"english","language_id":38},"transliteration":{"text":"l-ẓulumāti","language_name":"english","language_id":38}},{"id":66796,"position":14,"audio_url":"wbw/021_087_014.mp3","qpc_uthmani_hafs":"أَن","char_type_name":"word","page_number":329,"line_number":9,"text":"ﮛ","translation":{"text":"that","language_name":"english","language_id":38},"transliteration":{"text":"an","language_name":"english","language_id":38}},{"id":66797,"position":15,"audio_url":"wbw/021_087_015.mp3","qpc_uthmani_hafs":"لَّآ","char_type_name":"word","page_number":329,"line_number":9,"text":"ﮜ","translation":{"text":"(There is) no","language_name":"english","language_id":38},"transliteration":{"text":"lā","language_name":"english","language_id":38}},{"id":66798,"position":16,"audio_url":"wbw/021_087_016.mp3","qpc_uthmani_hafs":"إِلَٰهَ","char_type_name":"word","page_number":329,"line_number":9,"text":"ﮝ","translation":{"text":"god","language_name":"english","language_id":38},"transliteration":{"text":"ilāha","language_name":"english","language_id":38}},{"id":66799,"position":17,"audio_url":"wbw/021_087_017.mp3","qpc_uthmani_hafs":"إِلَّآ","char_type_name":"word","page_number":329,"line_number":9,"text":"ﮞ","translation":{"text":"except","language_name":"english","language_id":38},"transliteration":{"text":"illā","language_name":"english","language_id":38}},{"id":66800,"position":18,"audio_url":"wbw/021_087_018.mp3","qpc_uthmani_hafs":"أَنتَ","char_type_name":"word","page_number":329,"line_number":9,"text":"ﮟ","translation":{"text":"You","language_name":"english","language_id":38},"transliteration":{"text":"anta","language_name":"english","language_id":38}},{"id":66801,"position":19,"audio_url":"wbw/021_087_019.mp3","qpc_uthmani_hafs":"سُبۡحَٰنَكَ","char_type_name":"word","page_number":329,"line_number":9,"text":"ﮠ","translation":{"text":"Glory be to You","language_name":"english","language_id":38},"transliteration":{"text":"sub'ḥānaka","language_name":"english","language_id":38}},{"id":66802,"position":20,"audio_url":"wbw/021_087_020.mp3","qpc_uthmani_hafs":"إِنِّي","char_type_name":"word","page_number":329,"line_number":9,"text":"ﮡ","translation":{"text":"Indeed, [I]","language_name":"english","language_id":38},"transliteration":{"text":"innī","language_name":"english","language_id":38}},{"id":66803,"position":21,"audio_url":"wbw/021_087_021.mp3","qpc_uthmani_hafs":"كُنتُ","char_type_name":"word","page_number":329,"line_number":10,"text":"ﮢ","translation":{"text":"I am","language_name":"english","language_id":38},"transliteration":{"text":"kuntu","language_name":"english","language_id":38}},{"id":66804,"position":22,"audio_url":"wbw/021_087_022.mp3","qpc_uthmani_hafs":"مِنَ","char_type_name":"word","page_number":329,"line_number":10,"text":"ﮣ","translation":{"text":"of","language_name":"english","language_id":38},"transliteration":{"text":"mina","language_name":"english","language_id":38}},{"id":66805,"position":23,"audio_url":"wbw/021_087_023.mp3","qpc_uthmani_hafs":"ٱلظَّٰلِمِينَ","char_type_name":"word","page_number":329,"line_number":10,"text":"ﮤ","translation":{"text":"the wrongdoers","language_name":"english","language_id":38},"transliteration":{"text":"l-ẓālimīna","language_name":"english","language_id":38}},{"id":66806,"position":24,"audio_url":null,"qpc_uthmani_hafs":"٨٧","char_type_name":"end","page_number":329,"line_number":10,"text":"ﮥ","translation":{"text":"(87)","language_name":"english","language_id":38},"transliteration":{"text":null,"language_name":"english","language_id":38}}],"translations":[{"id":918999,"resource_id":134,"text":"Dan (ingatlah kisah) Żān Nūn (Yūnus) ketika ia pergi dalam keadaan marah, lalu ia menyangka bahwa Kami tidak akan mempersempitnya (menyulitkannya), maka ia menyeru dalam keadaan yang sangat gelap <sup foot_note=210736>1</sup>, \"Bahwa tidak ada Tuhan (yang berhak disembah) selain Engkau.  Maha Suci Engkau; sesungguhnya aku adalah termasuk orang-orang yang zalim.\""}]},{"id":2571,"verse_number":88,"verse_key":"21:88","juz_number":17,"hizb_number":33,"rub_el_hizb_number":132,"ruku_number":283,"manzil_number":4,"sajdah_number":null,"text_uthmani":"فَٱسْتَجَبْنَا لَهُۥ وَنَجَّيْنَـٰهُ مِنَ ٱلْغَمِّ ۚ وَكَذَٰلِكَ نُـۨجِى ٱلْمُؤْمِنِينَ","page_number":329,"words":[{"id":67474,"position":1,"audio_url":"wbw/021_088_001.mp3","qpc_uthmani_hafs":"فَٱسۡتَجَبۡنَا","char_type_name":"word","page_number":329,"line_number":10,"text":"ﮦ","translation":{"text":"So We responded","language_name":"english","language_id":38},"transliteration":{"text":"fa-is'tajabnā","language_name":"english","language_id":38}},{"id":67475,"position":2,"audio_url":"wbw/021_088_002.mp3","qpc_uthmani_hafs":"لَهُۥ","char_type_name":"word","page_number":329,"line_number":10,"text":"ﮧ","translation":{"text":"to him","language_name":"english","language_id":38},"transliteration":{"text":"lahu","language_name":"english","language_id":38}},{"id":67476,"position":3,"audio_url":"wbw/021_088_003.mp3","qpc_uthmani_hafs":"وَنَجَّيۡنَٰهُ","char_type_name":"word","page_number":329,"line_number":10,"text":"ﮨ","translation":{"text":"and We saved him","language_name":"english","language_id":38},"transliteration":{"text":"wanajjaynāhu","language_name":"english","language_id":38}},{"id":67477,"position":4,"audio_url":"wbw/021_088_004.mp3","qpc_uthmani_hafs":"مِنَ","char_type_name":"word","page_number":329,"line_number":11,"text":"ﮩ","translation":{"text":"from","language_name":"english","language_id":38},"transliteration":{"text":"mina","language_name":"english","language_id":38}},{"id":67478,"position":5,"audio_url":"wbw/021_088_005.mp3","qpc_uthmani_hafs":"ٱلۡغَمِّۚ","char_type_name":"word","page_number":329,"line_number":11,"text":"ﮪﮫ","translation":{"text":"the distress","language_name":"english","language_id":38},"transliteration":{"text":"l-ghami","language_name":"english","language_id":38}},{"id":67480,"position":6,"audio_url":"wbw/021_088_007.mp3","qpc_uthmani_hafs":"وَكَذَٰلِكَ","char_type_name":"word","page_number":329,"line_number":11,"text":"ﮬ","translation":{"text":"And thus","language_name":"english","language_id":38},"transliteration":{"text":"wakadhālika","language_name":"english","language_id":38}},{"id":67481,"position":7,"audio_url":"wbw/021_088_008.mp3","qpc_uthmani_hafs":"نُـۨجِي","char_type_name":"word","page_number":329,"line_number":11,"text":"ﮭ","translation":{"text":"We save","language_name":"english","language_id":38},"transliteration":{"text":"nunjī","language_name":"english","language_id":38}},{"id":67482,"position":8,"audio_url":"wbw/021_088_009.mp3","qpc_uthmani_hafs":"ٱلۡمُؤۡمِنِينَ","char_type_name":"word","page_number":329,"line_number":11,"text":"ﮮ","translation":{"text":"the believers","language_name":"english","language_id":38},"transliteration":{"text":"l-mu'minīna","language_name":"english","language_id":38}},{"id":67483,"position":9,"audio_url":null,"qpc_uthmani_hafs":"٨٨","char_type_name":"end","page_number":329,"line_number":11,"text":"ﮯ","translation":{"text":"(88)","language_name":"english","language_id":38},"transliteration":{"text":null,"language_name":"english","language_id":38}}],"translations":[{"id":919000,"resource_id":134,"text":"Maka Kami telah memperkenankan doanya dan menyelamatkannya daripada kedukaan.  Dan demikianlah Kami selamatkan orang-orang yang beriman."}]},{"id":2572,"verse_number":89,"verse_key":"21:89","juz_number":17,"hizb_number":33,"rub_el_hizb_number":132,"ruku_number":283,"manzil_number":4,"sajdah_number":null,"text_uthmani":"وَزَكَرِيَّآ إِذْ نَادَىٰ رَبَّهُۥ رَبِّ لَا تَذَرْنِى فَرْدًا وَأَنتَ خَيْرُ ٱلْوَٰرِثِينَ","page_number":329,"words":[{"id":67823,"position":1,"audio_url":"wbw/021_089_001.mp3","qpc_uthmani_hafs":"وَزَكَرِيَّآ","char_type_name":"word","page_number":329,"line_number":11,"text":"ﮰ","translation":{"text":"And Zakariya","language_name":"english","language_id":38},"transliteration":{"text":"wazakariyyā","language_name":"english","language_id":38}},{"id":67824,"position":2,"audio_url":"wbw/021_089_002.mp3","qpc_uthmani_hafs":"إِذۡ","char_type_name":"word","page_number":329,"line_number":12,"text":"ﮱ","translation":{"text":"when","language_name":"english","language_id":38},"transliteration":{"text":"idh","language_name":"english","language_id":38}},{"id":67825,"position":3,"audio_url":"wbw/021_089_003.mp3","qpc_uthmani_hafs":"نَادَىٰ","char_type_name":"word","page_number":329,"line_number":12,"text":"ﯓ","translation":{"text":"he called","language_name":"english","language_id":38},"transliteration":{"text":"nādā","language_name":"english","language_id":38}},{"id":67826,"position":4,"audio_url":"wbw/021_089_004.mp3","qpc_uthmani_hafs":"رَبَّهُۥ","char_type_name":"word","page_number":329,"line_number":12,"text":"ﯔ","translation":{"text":"(to) his Lord","language_name":"english","language_id":38},"transliteration":{"text":"rabbahu","language_name":"english","language_id":38}},{"id":67827,"position":5,"audio_url":"wbw/021_089_005.mp3","qpc_uthmani_hafs":"رَبِّ","char_type_name":"word","page_number":329,"line_number":12,"text":"ﯕ","translation":{"text":"My Lord","language_name":"english","language_id":38},"transliteration":{"text":"rabbi","language_name":"english","language_id":38}},{"id":67828,"position":6,"audio_url":"wbw/021_089_006.mp3","qpc_uthmani_hafs":"لَا","char_type_name":"word","page_number":329,"line_number":12,"text":"ﯖ","translation":{"text":"(Do) not","language_name":"english","language_id":38},"transliteration":{"text":"lā","language_name":"english","language_id":38}},{"id":67829,"position":7,"audio_url":"wbw/021_089_007.mp3","qpc_uthmani_hafs":"تَذَرۡنِي","char_type_name":"word","page_number":329,"line_number":12,"text":"ﯗ","translation":{"text":"leave me","language_name":"english","language_id":38},"transliteration":{"text":"tadharnī","language_name":"english","language_id":38}},{"id":67830,"position":8,"audio_url":"wbw/021_089_008.mp3","qpc_uthmani_hafs":"فَرۡدٗا","char_type_name":"word","page_number":329,"line_number":12,"text":"ﯘ","translation":{"text":"alone","language_name":"english","language_id":38},"transliteration":{"text":"fardan","language_name":"english","language_id":38}},{"id":67831,"position":9,"audio_url":"wbw/021_089_009.mp3","qpc_uthmani_hafs":"وَأَنتَ","char_type_name":"word","page_number":329,"line_number":12,"text":"ﯙ","translation":{"text":"while You","language_name":"english","language_id":38},"transliteration":{"text":"wa-anta","language_name":"english","language_id":38}},{"id":67832,"position":10,"audio_url":"wbw/021_089_010.mp3","qpc_uthmani_hafs":"خَيۡرُ","char_type_name":"word","page_number":329,"line_number":12,"text":"ﯚ","translation":{"text":"(are) [the] Best","language_name":"english","language_id":38},"transliteration":{"text":"khayru","language_name":"english","language_id":38}},{"id":67833,"position":11,"audio_url":"wbw/021_089_011.mp3","qpc_uthmani_hafs":"ٱلۡوَٰرِثِينَ","char_type_name":"word","page_number":329,"line_number":12,"text":"ﯛ","translation":{"text":"(of) the inheritors","language_name":"english","language_id":38},"transliteration":{"text":"l-wārithīna","language_name":"english","language_id":38}},{"id":67834,"position":12,"audio_url":null,"qpc_uthmani_hafs":"٨٩","char_type_name":"end","page_number":329,"line_number":13,"text":"ﯜ","translation":{"text":"(89)","language_name":"english","language_id":38},"transliteration":{"text":null,"language_name":"english","language_id":38}}],"translations":[{"id":919001,"resource_id":134,"text":"Dan (ingatlah kisah) Zakariyyā tatkala ia menyeru Tuhan-nya, \"Ya Tuhan-ku janganlah Engkau membiarkan aku hidup seorang diri <sup foot_note=210737>1</sup> dan Engkau-lah waris yang paling baik <sup foot_note=210738>2</sup>."}]},{"id":2573,"verse_number":90,"verse_key":"21:90","juz_number":17,"hizb_number":33,"rub_el_hizb_number":132,"ruku_number":283,"manzil_number":4,"sajdah_number":null,"text_uthmani":"فَٱسْتَجَبْنَا لَهُۥ وَوَهَبْنَا لَهُۥ يَحْيَىٰ وَأَصْلَحْنَا لَهُۥ زَوْجَهُۥٓ ۚ إِنَّهُمْ كَانُوا۟ يُسَـٰرِعُونَ فِى ٱلْخَيْرَٰتِ وَيَدْعُونَنَا رَغَبًا وَرَهَبًا ۖ وَكَانُوا۟ لَنَا خَـٰشِعِينَ","page_number":329,"words":[{"id":67860,"position":1,"audio_url":"wbw/021_090_001.mp3","qpc_uthmani_hafs":"فَٱسۡتَجَبۡنَا","char_type_name":"word","page_number":329,"line_number":13,"text":"ﯝ","translation":{"text":"So We responded","language_name":"english","language_id":38},"transliteration":{"text":"fa-is'tajabnā","language_name":"english","language_id":38}},{"id":67861,"position":2,"audio_url":"wbw/021_090_002.mp3","qpc_uthmani_hafs":"لَهُۥ","char_type_name":"word","page_number":329,"line_number":13,"text":"ﯞ","translation":{"text":"to him","language_name":"english","language_id":38},"transliteration":{"text":"lahu","language_name":"english","language_id":38}},{"id":67862,"position":3,"audio_url":"wbw/021_090_003.mp3","qpc_uthmani_hafs":"وَوَهَبۡنَا","char_type_name":"word","page_number":329,"line_number":13,"text":"ﯟ","translation":{"text":"and We bestowed","language_name":"english","language_id":38},"transliteration":{"text":"wawahabnā","language_name":"english","language_id":38}},{"id":67863,"position":4,"audio_url":"wbw/021_090_004.mp3","qpc_uthmani_hafs":"لَهُۥ","char_type_name":"word","page_number":329,"line_number":13,"text":"ﯠ","translation":{"text":"on him","language_name":"english","language_id":38},"transliteration":{"text":"lahu","language_name":"english","language_id":38}},{"id":67864,"position":5,"audio_url":"wbw/021_090_005.mp3","qpc_uthmani_hafs":"يَحۡيَىٰ","char_type_name":"word","page_number":329,"line_number":13,"text":"ﯡ","translation":{"text":"Yahya","language_name":"english","language_id":38},"transliteration":{"text":"yaḥyā","language_name":"english","language_id":38}},{"id":67865,"position":6,"audio_url":"wbw/021_090_006.mp3","qpc_uthmani_hafs":"وَأَصۡلَحۡنَا","char_type_name":"word","page_number":329,"line_number":13,"text":"ﯢ","translation":{"text":"and We cured","language_name":"english","language_id":38},"transliteration":{"text":"wa-aṣlaḥnā","language_name":"english","language_id":38}},{"id":67866,"position":7,"audio_url":"wbw/021_090_007.mp3","qpc_uthmani_hafs":"لَهُۥ","char_type_name":"word","page_number":329,"line_number":14,"text":"ﯣ","translation":{"text":"for him","language_name":"english","language_id":38},"transliteration":{"text":"lahu","language_name":"english","language_id":38}},{"id":67867,"position":8,"audio_url":"wbw/021_090_008.mp3","qpc_uthmani_hafs":"زَوۡجَهُۥٓۚ","char_type_name":"word","page_number":329,"line_number":14,"text":"ﯤﯥ","translation":{"text":"his wife","language_name":"english","language_id":38},"transliteration":{"text":"zawjahu","language_name":"english","language_id":38}},{"id":67869,"position":9,"audio_url":"wbw/021_090_010.mp3","qpc_uthmani_hafs":"إِنَّهُمۡ","char_type_name":"word","page_number":329,"line_number":14,"text":"ﯦ","translation":{"text":"Indeed, they","language_name":"english","language_id":38},"transliteration":{"text":"innahum","language_name":"english","language_id":38}},{"id":67870,"position":10,"audio_url":"wbw/021_090_011.mp3","qpc_uthmani_hafs":"كَانُواْ","char_type_name":"word","page_number":329,"line_number":14,"text":"ﯧ","translation":{"text":"used (to)","language_name":"english","language_id":38},"transliteration":{"text":"kānū","language_name":"english","language_id":38}},{"id":67871,"position":11,"audio_url":"wbw/021_090_012.mp3","qpc_uthmani_hafs":"يُسَٰرِعُونَ","char_type_name":"word","page_number":329,"line_number":14,"text":"ﯨ","translation":{"text":"hasten","language_name":"english","language_id":38},"transliteration":{"text":"yusāriʿūna","language_name":"english","language_id":38}},{"id":67872,"position":12,"audio_url":"wbw/021_090_013.mp3","qpc_uthmani_hafs":"فِي","char_type_name":"word","page_number":329,"line_number":14,"text":"ﯩ","translation":{"text":"in","language_name":"english","language_id":38},"transliteration":{"text":"fī","language_name":"english","language_id":38}},{"id":67873,"position":13,"audio_url":"wbw/021_090_014.mp3","qpc_uthmani_hafs":"ٱلۡخَيۡرَٰتِ","char_type_name":"word","page_number":329,"line_number":14,"text":"ﯪ","translation":{"text":"good deeds","language_name":"english","language_id":38},"transliteration":{"text":"l-khayrāti","language_name":"english","language_id":38}},{"id":67874,"position":14,"audio_url":"wbw/021_090_015.mp3","qpc_uthmani_hafs":"وَيَدۡعُونَنَا","char_type_name":"word","page_number":329,"line_number":15,"text":"ﯫ","translation":{"text":"and they supplicate to Us","language_name":"english","language_id":38},"transliteration":{"text":"wayadʿūnanā","language_name":"english","language_id":38}},{"id":67875,"position":15,"audio_url":"wbw/021_090_016.mp3","qpc_uthmani_hafs":"رَغَبٗا","char_type_name":"word","page_number":329,"line_number":15,"text":"ﯬ","translation":{"text":"(in) hope","language_name":"english","language_id":38},"transliteration":{"text":"raghaban","language_name":"english","language_id":38}},{"id":67876,"position":16,"audio_url":"wbw/021_090_017.mp3","qpc_uthmani_hafs":"وَرَهَبٗاۖ","char_type_name":"word","page_number":329,"line_number":15,"text":"ﯭﯮ","translation":{"text":"and fear","language_name":"english","language_id":38},"transliteration":{"text":"warahaban","language_name":"english","language_id":38}},{"id":67878,"position":17,"audio_url":"wbw/021_090_019.mp3","qpc_uthmani_hafs":"وَكَانُواْ","char_type_name":"word","page_number":329,"line_number":15,"text":"ﯯ","translation":{"text":"and they were","language_name":"english","language_id":38},"transliteration":{"text":"wakānū","language_name":"english","language_id":38}},{"id":67879,"position":18,"audio_url":"wbw/021_090_020.mp3","qpc_uthmani_hafs":"لَنَا","char_type_name":"word","page_number":329,"line_number":15,"text":"ﯰ","translation":{"text":"to Us","language_name":"english","language_id":38},"transliteration":{"text":"lanā","language_name":"english","language_id":38}},{"id":67880,"position":19,"audio_url":"wbw/021_090_021.mp3","qpc_uthmani_hafs":"خَٰشِعِينَ","char_type_name":"word","page_number":329,"line_number":15,"text":"ﯱ","translation":{"text":"humbly submissive","language_name":"english","language_id":38},"transliteration":{"text":"khāshiʿīna","language_name":"english","language_id":38}},{"id":67881,"position":20,"audio_url":null,"qpc_uthmani_hafs":"٩٠","char_type_name":"end","page_number":329,"line_number":15,"text":"ﯲ","translation":{"text":"(90)","language_name":"english","language_id":38},"transliteration":{"text":null,"language_name":"english","language_id":38}}],"translations":[{"id":919002,"resource_id":134,"text":"Maka Kami memperkenankan doanya dan Kami anugerahkan kepadanya Yaḥyā dan Kami jadikan istrinya dapat mengandung.  Sesungguhnya mereka adalah orang-orang yang selalu bersegera dalam (mengerjakan) perbuatan-perbuatan yang baik dan mereka berdoa kepada Kami dengan harap dan cemas <sup foot_note=210739>1</sup>.   Dan mereka adalah orang-orang yang khusyuk kepada Kami."}]}],"pagination":{"per_page":50,"current_page":1,"next_page":null,"total_pages":1,"total_records":9}}