{"verses":[{"id":218,"verse_number":211,"verse_key":"2:211","juz_number":2,"hizb_number":4,"rub_el_hizb_number":13,"ruku_number":27,"manzil_number":1,"sajdah_number":null,"text_uthmani":"سَلْ بَنِىٓ إِسْرَٰٓءِيلَ كَمْ ءَاتَيْنَـٰهُم مِّنْ ءَايَةٍۭ بَيِّنَةٍ ۗ وَمَن يُبَدِّلْ نِعْمَةَ ٱللَّهِ مِنۢ بَعْدِ مَا جَآءَتْهُ فَإِنَّ ٱللَّهَ شَدِيدُ ٱلْعِقَابِ","page_number":33,"words":[{"id":85634,"position":1,"audio_url":"wbw/002_211_001.mp3","qpc_uthmani_hafs":"سَلۡ","char_type_name":"word","page_number":33,"line_number":1,"text":"ﭑ","translation":{"text":"Ask","language_name":"english","language_id":38},"transliteration":{"text":"sal","language_name":"english","language_id":38}},{"id":85635,"position":2,"audio_url":"wbw/002_211_002.mp3","qpc_uthmani_hafs":"بَنِيٓ","char_type_name":"word","page_number":33,"line_number":1,"text":"ﭒ","translation":{"text":"(the) Children","language_name":"english","language_id":38},"transliteration":{"text":"banī","language_name":"english","language_id":38}},{"id":85636,"position":3,"audio_url":"wbw/002_211_003.mp3","qpc_uthmani_hafs":"إِسۡرَٰٓءِيلَ","char_type_name":"word","page_number":33,"line_number":1,"text":"ﭓ","translation":{"text":"(of) Israel","language_name":"english","language_id":38},"transliteration":{"text":"is'rāīla","language_name":"english","language_id":38}},{"id":85637,"position":4,"audio_url":"wbw/002_211_004.mp3","qpc_uthmani_hafs":"كَمۡ","char_type_name":"word","page_number":33,"line_number":1,"text":"ﭔ","translation":{"text":"how many","language_name":"english","language_id":38},"transliteration":{"text":"kam","language_name":"english","language_id":38}},{"id":85638,"position":5,"audio_url":"wbw/002_211_005.mp3","qpc_uthmani_hafs":"ءَاتَيۡنَٰهُم","char_type_name":"word","page_number":33,"line_number":1,"text":"ﭕ","translation":{"text":"We gave them","language_name":"english","language_id":38},"transliteration":{"text":"ātaynāhum","language_name":"english","language_id":38}},{"id":85639,"position":6,"audio_url":"wbw/002_211_006.mp3","qpc_uthmani_hafs":"مِّنۡ","char_type_name":"word","page_number":33,"line_number":1,"text":"ﭖ","translation":{"text":"of","language_name":"english","language_id":38},"transliteration":{"text":"min","language_name":"english","language_id":38}},{"id":85640,"position":7,"audio_url":"wbw/002_211_007.mp3","qpc_uthmani_hafs":"ءَايَةِۭ","char_type_name":"word","page_number":33,"line_number":1,"text":"ﭗ","translation":{"text":"(the) Sign(s)","language_name":"english","language_id":38},"transliteration":{"text":"āyatin","language_name":"english","language_id":38}},{"id":85641,"position":8,"audio_url":"wbw/002_211_008.mp3","qpc_uthmani_hafs":"بَيِّنَةٖۗ","char_type_name":"word","page_number":33,"line_number":1,"text":"ﭘﭙ","translation":{"text":"clear","language_name":"english","language_id":38},"transliteration":{"text":"bayyinatin","language_name":"english","language_id":38}},{"id":85643,"position":9,"audio_url":"wbw/002_211_010.mp3","qpc_uthmani_hafs":"وَمَن","char_type_name":"word","page_number":33,"line_number":1,"text":"ﭚ","translation":{"text":"And whoever","language_name":"english","language_id":38},"transliteration":{"text":"waman","language_name":"english","language_id":38}},{"id":85644,"position":10,"audio_url":"wbw/002_211_011.mp3","qpc_uthmani_hafs":"يُبَدِّلۡ","char_type_name":"word","page_number":33,"line_number":1,"text":"ﭛ","translation":{"text":"changes","language_name":"english","language_id":38},"transliteration":{"text":"yubaddil","language_name":"english","language_id":38}},{"id":85645,"position":11,"audio_url":"wbw/002_211_012.mp3","qpc_uthmani_hafs":"نِعۡمَةَ","char_type_name":"word","page_number":33,"line_number":1,"text":"ﭜ","translation":{"text":"Favor","language_name":"english","language_id":38},"transliteration":{"text":"niʿ'mata","language_name":"english","language_id":38}},{"id":85646,"position":12,"audio_url":"wbw/002_211_013.mp3","qpc_uthmani_hafs":"ٱللَّهِ","char_type_name":"word","page_number":33,"line_number":2,"text":"ﭝ","translation":{"text":"(of) Allah","language_name":"english","language_id":38},"transliteration":{"text":"l-lahi","language_name":"english","language_id":38}},{"id":85647,"position":13,"audio_url":"wbw/002_211_014.mp3","qpc_uthmani_hafs":"مِنۢ","char_type_name":"word","page_number":33,"line_number":2,"text":"ﭞ","translation":{"text":"from","language_name":"english","language_id":38},"transliteration":{"text":"min","language_name":"english","language_id":38}},{"id":85648,"position":14,"audio_url":"wbw/002_211_015.mp3","qpc_uthmani_hafs":"بَعۡدِ","char_type_name":"word","page_number":33,"line_number":2,"text":"ﭟ","translation":{"text":"after","language_name":"english","language_id":38},"transliteration":{"text":"baʿdi","language_name":"english","language_id":38}},{"id":85649,"position":15,"audio_url":"wbw/002_211_016.mp3","qpc_uthmani_hafs":"مَا","char_type_name":"word","page_number":33,"line_number":2,"text":"ﭠ","translation":{"text":"[what]","language_name":"english","language_id":38},"transliteration":{"text":"mā","language_name":"english","language_id":38}},{"id":85650,"position":16,"audio_url":"wbw/002_211_017.mp3","qpc_uthmani_hafs":"جَآءَتۡهُ","char_type_name":"word","page_number":33,"line_number":2,"text":"ﭡ","translation":{"text":"it (has) come to him ","language_name":"english","language_id":38},"transliteration":{"text":"jāathu","language_name":"english","language_id":38}},{"id":85651,"position":17,"audio_url":"wbw/002_211_018.mp3","qpc_uthmani_hafs":"فَإِنَّ","char_type_name":"word","page_number":33,"line_number":2,"text":"ﭢ","translation":{"text":"then indeed","language_name":"english","language_id":38},"transliteration":{"text":"fa-inna","language_name":"english","language_id":38}},{"id":85652,"position":18,"audio_url":"wbw/002_211_019.mp3","qpc_uthmani_hafs":"ٱللَّهَ","char_type_name":"word","page_number":33,"line_number":2,"text":"ﭣ","translation":{"text":"Allah","language_name":"english","language_id":38},"transliteration":{"text":"l-laha","language_name":"english","language_id":38}},{"id":85653,"position":19,"audio_url":"wbw/002_211_020.mp3","qpc_uthmani_hafs":"شَدِيدُ","char_type_name":"word","page_number":33,"line_number":2,"text":"ﭤ","translation":{"text":"(is) severe","language_name":"english","language_id":38},"transliteration":{"text":"shadīdu","language_name":"english","language_id":38}},{"id":85654,"position":20,"audio_url":"wbw/002_211_021.mp3","qpc_uthmani_hafs":"ٱلۡعِقَابِ","char_type_name":"word","page_number":33,"line_number":2,"text":"ﭥ","translation":{"text":"in [the] chastising","language_name":"english","language_id":38},"transliteration":{"text":"l-ʿiqābi","language_name":"english","language_id":38}},{"id":85655,"position":21,"audio_url":null,"qpc_uthmani_hafs":"٢١١","char_type_name":"end","page_number":33,"line_number":2,"text":"ﭦ","translation":{"text":"(211)","language_name":"english","language_id":38},"transliteration":{"text":null,"language_name":"english","language_id":38}}],"translations":[{"id":916647,"resource_id":134,"text":"Tanyakanlah kepada Bani Isrā`īl, \"Berapa banyaknya tanda-tanda (kebenaran)<sup foot_note=209901>1</sup> yang nyata, yang telah Kami berikan kepada mereka\".  Dan barang siapa yang menukar nikmat Allah<sup foot_note=209902>2</sup> setelah datang nikmat itu kepadanya, maka sesungguhnya Allah sangat keras siksa-Nya."}]},{"id":219,"verse_number":212,"verse_key":"2:212","juz_number":2,"hizb_number":4,"rub_el_hizb_number":13,"ruku_number":27,"manzil_number":1,"sajdah_number":null,"text_uthmani":"زُيِّنَ لِلَّذِينَ كَفَرُوا۟ ٱلْحَيَوٰةُ ٱلدُّنْيَا وَيَسْخَرُونَ مِنَ ٱلَّذِينَ ءَامَنُوا۟ ۘ وَٱلَّذِينَ ٱتَّقَوْا۟ فَوْقَهُمْ يَوْمَ ٱلْقِيَـٰمَةِ ۗ وَٱللَّهُ يَرْزُقُ مَن يَشَآءُ بِغَيْرِ حِسَابٍ","page_number":33,"words":[{"id":85667,"position":1,"audio_url":"wbw/002_212_001.mp3","qpc_uthmani_hafs":"زُيِّنَ","char_type_name":"word","page_number":33,"line_number":2,"text":"ﭧ","translation":{"text":"Beautified","language_name":"english","language_id":38},"transliteration":{"text":"zuyyina","language_name":"english","language_id":38}},{"id":85668,"position":2,"audio_url":"wbw/002_212_002.mp3","qpc_uthmani_hafs":"لِلَّذِينَ","char_type_name":"word","page_number":33,"line_number":2,"text":"ﭨ","translation":{"text":"for those who","language_name":"english","language_id":38},"transliteration":{"text":"lilladhīna","language_name":"english","language_id":38}},{"id":85669,"position":3,"audio_url":"wbw/002_212_003.mp3","qpc_uthmani_hafs":"كَفَرُواْ","char_type_name":"word","page_number":33,"line_number":3,"text":"ﭩ","translation":{"text":"disbelieve[d]","language_name":"english","language_id":38},"transliteration":{"text":"kafarū","language_name":"english","language_id":38}},{"id":85670,"position":4,"audio_url":"wbw/002_212_004.mp3","qpc_uthmani_hafs":"ٱلۡحَيَوٰةُ","char_type_name":"word","page_number":33,"line_number":3,"text":"ﭪ","translation":{"text":"(is) the life","language_name":"english","language_id":38},"transliteration":{"text":"l-ḥayatu","language_name":"english","language_id":38}},{"id":85671,"position":5,"audio_url":"wbw/002_212_005.mp3","qpc_uthmani_hafs":"ٱلدُّنۡيَا","char_type_name":"word","page_number":33,"line_number":3,"text":"ﭫ","translation":{"text":"(of) the world","language_name":"english","language_id":38},"transliteration":{"text":"l-dun'yā","language_name":"english","language_id":38}},{"id":85672,"position":6,"audio_url":"wbw/002_212_006.mp3","qpc_uthmani_hafs":"وَيَسۡخَرُونَ","char_type_name":"word","page_number":33,"line_number":3,"text":"ﭬ","translation":{"text":"and they ridicule","language_name":"english","language_id":38},"transliteration":{"text":"wayaskharūna","language_name":"english","language_id":38}},{"id":85673,"position":7,"audio_url":"wbw/002_212_007.mp3","qpc_uthmani_hafs":"مِنَ","char_type_name":"word","page_number":33,"line_number":3,"text":"ﭭ","translation":{"text":"[of]","language_name":"english","language_id":38},"transliteration":{"text":"mina","language_name":"english","language_id":38}},{"id":85674,"position":8,"audio_url":"wbw/002_212_008.mp3","qpc_uthmani_hafs":"ٱلَّذِينَ","char_type_name":"word","page_number":33,"line_number":3,"text":"ﭮ","translation":{"text":"those who","language_name":"english","language_id":38},"transliteration":{"text":"alladhīna","language_name":"english","language_id":38}},{"id":85675,"position":9,"audio_url":"wbw/002_212_009.mp3","qpc_uthmani_hafs":"ءَامَنُواْۘ","char_type_name":"word","page_number":33,"line_number":3,"text":"ﭯﭰ","translation":{"text":"believe[d]","language_name":"english","language_id":38},"transliteration":{"text":"āmanū","language_name":"english","language_id":38}},{"id":85677,"position":10,"audio_url":"wbw/002_212_011.mp3","qpc_uthmani_hafs":"وَٱلَّذِينَ","char_type_name":"word","page_number":33,"line_number":3,"text":"ﭱ","translation":{"text":"And those who","language_name":"english","language_id":38},"transliteration":{"text":"wa-alladhīna","language_name":"english","language_id":38}},{"id":85678,"position":11,"audio_url":"wbw/002_212_012.mp3","qpc_uthmani_hafs":"ٱتَّقَوۡاْ","char_type_name":"word","page_number":33,"line_number":4,"text":"ﭲ","translation":{"text":"fear (Allah)","language_name":"english","language_id":38},"transliteration":{"text":"ittaqaw","language_name":"english","language_id":38}},{"id":85679,"position":12,"audio_url":"wbw/002_212_013.mp3","qpc_uthmani_hafs":"فَوۡقَهُمۡ","char_type_name":"word","page_number":33,"line_number":4,"text":"ﭳ","translation":{"text":"(they will be) above them","language_name":"english","language_id":38},"transliteration":{"text":"fawqahum","language_name":"english","language_id":38}},{"id":85680,"position":13,"audio_url":"wbw/002_212_014.mp3","qpc_uthmani_hafs":"يَوۡمَ","char_type_name":"word","page_number":33,"line_number":4,"text":"ﭴ","translation":{"text":"(on the) Day","language_name":"english","language_id":38},"transliteration":{"text":"yawma","language_name":"english","language_id":38}},{"id":85681,"position":14,"audio_url":"wbw/002_212_015.mp3","qpc_uthmani_hafs":"ٱلۡقِيَٰمَةِۗ","char_type_name":"word","page_number":33,"line_number":4,"text":"ﭵﭶ","translation":{"text":"(of) Resurrection","language_name":"english","language_id":38},"transliteration":{"text":"l-qiyāmati","language_name":"english","language_id":38}},{"id":85683,"position":15,"audio_url":"wbw/002_212_017.mp3","qpc_uthmani_hafs":"وَٱللَّهُ","char_type_name":"word","page_number":33,"line_number":4,"text":"ﭷ","translation":{"text":"And Allah","language_name":"english","language_id":38},"transliteration":{"text":"wal-lahu","language_name":"english","language_id":38}},{"id":85684,"position":16,"audio_url":"wbw/002_212_018.mp3","qpc_uthmani_hafs":"يَرۡزُقُ","char_type_name":"word","page_number":33,"line_number":4,"text":"ﭸ","translation":{"text":"provides","language_name":"english","language_id":38},"transliteration":{"text":"yarzuqu","language_name":"english","language_id":38}},{"id":85685,"position":17,"audio_url":"wbw/002_212_019.mp3","qpc_uthmani_hafs":"مَن","char_type_name":"word","page_number":33,"line_number":4,"text":"ﭹ","translation":{"text":"whom","language_name":"english","language_id":38},"transliteration":{"text":"man","language_name":"english","language_id":38}},{"id":85686,"position":18,"audio_url":"wbw/002_212_020.mp3","qpc_uthmani_hafs":"يَشَآءُ","char_type_name":"word","page_number":33,"line_number":4,"text":"ﭺ","translation":{"text":"He wills","language_name":"english","language_id":38},"transliteration":{"text":"yashāu","language_name":"english","language_id":38}},{"id":85687,"position":19,"audio_url":"wbw/002_212_021.mp3","qpc_uthmani_hafs":"بِغَيۡرِ","char_type_name":"word","page_number":33,"line_number":4,"text":"ﭻ","translation":{"text":"without","language_name":"english","language_id":38},"transliteration":{"text":"bighayri","language_name":"english","language_id":38}},{"id":85688,"position":20,"audio_url":"wbw/002_212_022.mp3","qpc_uthmani_hafs":"حِسَابٖ","char_type_name":"word","page_number":33,"line_number":4,"text":"ﭼ","translation":{"text":"measure","language_name":"english","language_id":38},"transliteration":{"text":"ḥisābin","language_name":"english","language_id":38}},{"id":85689,"position":21,"audio_url":null,"qpc_uthmani_hafs":"٢١٢","char_type_name":"end","page_number":33,"line_number":5,"text":"ﭽ","translation":{"text":"(212)","language_name":"english","language_id":38},"transliteration":{"text":null,"language_name":"english","language_id":38}}],"translations":[{"id":916648,"resource_id":134,"text":"Kehidupan dunia dijadikan indah dalam pandangan orang-orang kafir, dan mereka memandang hina orang-orang yang beriman.  Padahal orang-orang yang bertakwa itu lebih mulia daripada mereka di hari kiamat.  Dan Allah memberi rezeki kepada orang-orang yang dikehendaki-Nya tanpa batas."}]},{"id":220,"verse_number":213,"verse_key":"2:213","juz_number":2,"hizb_number":4,"rub_el_hizb_number":13,"ruku_number":27,"manzil_number":1,"sajdah_number":null,"text_uthmani":"كَانَ ٱلنَّاسُ أُمَّةً وَٰحِدَةً فَبَعَثَ ٱللَّهُ ٱلنَّبِيِّـۧنَ مُبَشِّرِينَ وَمُنذِرِينَ وَأَنزَلَ مَعَهُمُ ٱلْكِتَـٰبَ بِٱلْحَقِّ لِيَحْكُمَ بَيْنَ ٱلنَّاسِ فِيمَا ٱخْتَلَفُوا۟ فِيهِ ۚ وَمَا ٱخْتَلَفَ فِيهِ إِلَّا ٱلَّذِينَ أُوتُوهُ مِنۢ بَعْدِ مَا جَآءَتْهُمُ ٱلْبَيِّنَـٰتُ بَغْيًۢا بَيْنَهُمْ ۖ فَهَدَى ٱللَّهُ ٱلَّذِينَ ءَامَنُوا۟ لِمَا ٱخْتَلَفُوا۟ فِيهِ مِنَ ٱلْحَقِّ بِإِذْنِهِۦ ۗ وَٱللَّهُ يَهْدِى مَن يَشَآءُ إِلَىٰ صِرَٰطٍ مُّسْتَقِيمٍ","page_number":33,"words":[{"id":85690,"position":1,"audio_url":"wbw/002_213_001.mp3","qpc_uthmani_hafs":"كَانَ","char_type_name":"word","page_number":33,"line_number":5,"text":"ﭾ","translation":{"text":"Was","language_name":"english","language_id":38},"transliteration":{"text":"kāna","language_name":"english","language_id":38}},{"id":85691,"position":2,"audio_url":"wbw/002_213_002.mp3","qpc_uthmani_hafs":"ٱلنَّاسُ","char_type_name":"word","page_number":33,"line_number":5,"text":"ﭿ","translation":{"text":"mankind","language_name":"english","language_id":38},"transliteration":{"text":"l-nāsu","language_name":"english","language_id":38}},{"id":85692,"position":3,"audio_url":"wbw/002_213_003.mp3","qpc_uthmani_hafs":"أُمَّةٗ","char_type_name":"word","page_number":33,"line_number":5,"text":"ﮀ","translation":{"text":"a community","language_name":"english","language_id":38},"transliteration":{"text":"ummatan","language_name":"english","language_id":38}},{"id":85693,"position":4,"audio_url":"wbw/002_213_004.mp3","qpc_uthmani_hafs":"وَٰحِدَةٗ","char_type_name":"word","page_number":33,"line_number":5,"text":"ﮁ","translation":{"text":"single","language_name":"english","language_id":38},"transliteration":{"text":"wāḥidatan","language_name":"english","language_id":38}},{"id":85694,"position":5,"audio_url":"wbw/002_213_005.mp3","qpc_uthmani_hafs":"فَبَعَثَ","char_type_name":"word","page_number":33,"line_number":5,"text":"ﮂ","translation":{"text":"then raised up","language_name":"english","language_id":38},"transliteration":{"text":"fabaʿatha","language_name":"english","language_id":38}},{"id":85695,"position":6,"audio_url":"wbw/002_213_006.mp3","qpc_uthmani_hafs":"ٱللَّهُ","char_type_name":"word","page_number":33,"line_number":5,"text":"ﮃ","translation":{"text":"Allah","language_name":"english","language_id":38},"transliteration":{"text":"l-lahu","language_name":"english","language_id":38}},{"id":85696,"position":7,"audio_url":"wbw/002_213_007.mp3","qpc_uthmani_hafs":"ٱلنَّبِيِّـۧنَ","char_type_name":"word","page_number":33,"line_number":5,"text":"ﮄ","translation":{"text":"[the] Prophets","language_name":"english","language_id":38},"transliteration":{"text":"l-nabiyīna","language_name":"english","language_id":38}},{"id":85697,"position":8,"audio_url":"wbw/002_213_008.mp3","qpc_uthmani_hafs":"مُبَشِّرِينَ","char_type_name":"word","page_number":33,"line_number":5,"text":"ﮅ","translation":{"text":"(as) bearers of glad tidings","language_name":"english","language_id":38},"transliteration":{"text":"mubashirīna","language_name":"english","language_id":38}},{"id":85698,"position":9,"audio_url":"wbw/002_213_009.mp3","qpc_uthmani_hafs":"وَمُنذِرِينَ","char_type_name":"word","page_number":33,"line_number":6,"text":"ﮆ","translation":{"text":"and (as) warners","language_name":"english","language_id":38},"transliteration":{"text":"wamundhirīna","language_name":"english","language_id":38}},{"id":85699,"position":10,"audio_url":"wbw/002_213_010.mp3","qpc_uthmani_hafs":"وَأَنزَلَ","char_type_name":"word","page_number":33,"line_number":6,"text":"ﮇ","translation":{"text":"and sent down","language_name":"english","language_id":38},"transliteration":{"text":"wa-anzala","language_name":"english","language_id":38}},{"id":85700,"position":11,"audio_url":"wbw/002_213_011.mp3","qpc_uthmani_hafs":"مَعَهُمُ","char_type_name":"word","page_number":33,"line_number":6,"text":"ﮈ","translation":{"text":"with them","language_name":"english","language_id":38},"transliteration":{"text":"maʿahumu","language_name":"english","language_id":38}},{"id":85701,"position":12,"audio_url":"wbw/002_213_012.mp3","qpc_uthmani_hafs":"ٱلۡكِتَٰبَ","char_type_name":"word","page_number":33,"line_number":6,"text":"ﮉ","translation":{"text":"the Book","language_name":"english","language_id":38},"transliteration":{"text":"l-kitāba","language_name":"english","language_id":38}},{"id":85702,"position":13,"audio_url":"wbw/002_213_013.mp3","qpc_uthmani_hafs":"بِٱلۡحَقِّ","char_type_name":"word","page_number":33,"line_number":6,"text":"ﮊ","translation":{"text":"in [the] truth","language_name":"english","language_id":38},"transliteration":{"text":"bil-ḥaqi","language_name":"english","language_id":38}},{"id":85703,"position":14,"audio_url":"wbw/002_213_014.mp3","qpc_uthmani_hafs":"لِيَحۡكُمَ","char_type_name":"word","page_number":33,"line_number":6,"text":"ﮋ","translation":{"text":"to judge","language_name":"english","language_id":38},"transliteration":{"text":"liyaḥkuma","language_name":"english","language_id":38}},{"id":85704,"position":15,"audio_url":"wbw/002_213_015.mp3","qpc_uthmani_hafs":"بَيۡنَ","char_type_name":"word","page_number":33,"line_number":6,"text":"ﮌ","translation":{"text":"between","language_name":"english","language_id":38},"transliteration":{"text":"bayna","language_name":"english","language_id":38}},{"id":85705,"position":16,"audio_url":"wbw/002_213_016.mp3","qpc_uthmani_hafs":"ٱلنَّاسِ","char_type_name":"word","page_number":33,"line_number":6,"text":"ﮍ","translation":{"text":"[the] people","language_name":"english","language_id":38},"transliteration":{"text":"l-nāsi","language_name":"english","language_id":38}},{"id":85706,"position":17,"audio_url":"wbw/002_213_017.mp3","qpc_uthmani_hafs":"فِيمَا","char_type_name":"word","page_number":33,"line_number":7,"text":"ﮎ","translation":{"text":"in what","language_name":"english","language_id":38},"transliteration":{"text":"fīmā","language_name":"english","language_id":38}},{"id":85707,"position":18,"audio_url":"wbw/002_213_018.mp3","qpc_uthmani_hafs":"ٱخۡتَلَفُواْ","char_type_name":"word","page_number":33,"line_number":7,"text":"ﮏ","translation":{"text":"they differed","language_name":"english","language_id":38},"transliteration":{"text":"ikh'talafū","language_name":"english","language_id":38}},{"id":85708,"position":19,"audio_url":"wbw/002_213_019.mp3","qpc_uthmani_hafs":"فِيهِۚ","char_type_name":"word","page_number":33,"line_number":7,"text":"ﮐﮑ","translation":{"text":"[in it]","language_name":"english","language_id":38},"transliteration":{"text":"fīhi","language_name":"english","language_id":38}},{"id":85710,"position":20,"audio_url":"wbw/002_213_021.mp3","qpc_uthmani_hafs":"وَمَا","char_type_name":"word","page_number":33,"line_number":7,"text":"ﮒ","translation":{"text":"And (did) not","language_name":"english","language_id":38},"transliteration":{"text":"wamā","language_name":"english","language_id":38}},{"id":85711,"position":21,"audio_url":"wbw/002_213_022.mp3","qpc_uthmani_hafs":"ٱخۡتَلَفَ","char_type_name":"word","page_number":33,"line_number":7,"text":"ﮓ","translation":{"text":"differ[ed]","language_name":"english","language_id":38},"transliteration":{"text":"ikh'talafa","language_name":"english","language_id":38}},{"id":85712,"position":22,"audio_url":"wbw/002_213_023.mp3","qpc_uthmani_hafs":"فِيهِ","char_type_name":"word","page_number":33,"line_number":7,"text":"ﮔ","translation":{"text":"in it","language_name":"english","language_id":38},"transliteration":{"text":"fīhi","language_name":"english","language_id":38}},{"id":85713,"position":23,"audio_url":"wbw/002_213_024.mp3","qpc_uthmani_hafs":"إِلَّا","char_type_name":"word","page_number":33,"line_number":7,"text":"ﮕ","translation":{"text":"except","language_name":"english","language_id":38},"transliteration":{"text":"illā","language_name":"english","language_id":38}},{"id":85714,"position":24,"audio_url":"wbw/002_213_025.mp3","qpc_uthmani_hafs":"ٱلَّذِينَ","char_type_name":"word","page_number":33,"line_number":7,"text":"ﮖ","translation":{"text":"those who","language_name":"english","language_id":38},"transliteration":{"text":"alladhīna","language_name":"english","language_id":38}},{"id":85715,"position":25,"audio_url":"wbw/002_213_026.mp3","qpc_uthmani_hafs":"أُوتُوهُ","char_type_name":"word","page_number":33,"line_number":7,"text":"ﮗ","translation":{"text":"were given it","language_name":"english","language_id":38},"transliteration":{"text":"ūtūhu","language_name":"english","language_id":38}},{"id":85716,"position":26,"audio_url":"wbw/002_213_027.mp3","qpc_uthmani_hafs":"مِنۢ","char_type_name":"word","page_number":33,"line_number":7,"text":"ﮘ","translation":{"text":"from","language_name":"english","language_id":38},"transliteration":{"text":"min","language_name":"english","language_id":38}},{"id":85717,"position":27,"audio_url":"wbw/002_213_028.mp3","qpc_uthmani_hafs":"بَعۡدِ","char_type_name":"word","page_number":33,"line_number":7,"text":"ﮙ","translation":{"text":"after","language_name":"english","language_id":38},"transliteration":{"text":"baʿdi","language_name":"english","language_id":38}},{"id":85718,"position":28,"audio_url":"wbw/002_213_029.mp3","qpc_uthmani_hafs":"مَا","char_type_name":"word","page_number":33,"line_number":8,"text":"ﮚ","translation":{"text":"[what]","language_name":"english","language_id":38},"transliteration":{"text":"mā","language_name":"english","language_id":38}},{"id":85719,"position":29,"audio_url":"wbw/002_213_030.mp3","qpc_uthmani_hafs":"جَآءَتۡهُمُ","char_type_name":"word","page_number":33,"line_number":8,"text":"ﮛ","translation":{"text":"came to them","language_name":"english","language_id":38},"transliteration":{"text":"jāathumu","language_name":"english","language_id":38}},{"id":85720,"position":30,"audio_url":"wbw/002_213_031.mp3","qpc_uthmani_hafs":"ٱلۡبَيِّنَٰتُ","char_type_name":"word","page_number":33,"line_number":8,"text":"ﮜ","translation":{"text":"the clear proofs","language_name":"english","language_id":38},"transliteration":{"text":"l-bayinātu","language_name":"english","language_id":38}},{"id":85721,"position":31,"audio_url":"wbw/002_213_032.mp3","qpc_uthmani_hafs":"بَغۡيَۢا","char_type_name":"word","page_number":33,"line_number":8,"text":"ﮝ","translation":{"text":"(out of) jealousy","language_name":"english","language_id":38},"transliteration":{"text":"baghyan","language_name":"english","language_id":38}},{"id":85722,"position":32,"audio_url":"wbw/002_213_033.mp3","qpc_uthmani_hafs":"بَيۡنَهُمۡۖ","char_type_name":"word","page_number":33,"line_number":8,"text":"ﮞﮟ","translation":{"text":"among themselves","language_name":"english","language_id":38},"transliteration":{"text":"baynahum","language_name":"english","language_id":38}},{"id":85724,"position":33,"audio_url":"wbw/002_213_035.mp3","qpc_uthmani_hafs":"فَهَدَى","char_type_name":"word","page_number":33,"line_number":8,"text":"ﮠ","translation":{"text":"And guided","language_name":"english","language_id":38},"transliteration":{"text":"fahadā","language_name":"english","language_id":38}},{"id":85725,"position":34,"audio_url":"wbw/002_213_036.mp3","qpc_uthmani_hafs":"ٱللَّهُ","char_type_name":"word","page_number":33,"line_number":8,"text":"ﮡ","translation":{"text":"Allah","language_name":"english","language_id":38},"transliteration":{"text":"l-lahu","language_name":"english","language_id":38}},{"id":85726,"position":35,"audio_url":"wbw/002_213_037.mp3","qpc_uthmani_hafs":"ٱلَّذِينَ","char_type_name":"word","page_number":33,"line_number":8,"text":"ﮢ","translation":{"text":"those who","language_name":"english","language_id":38},"transliteration":{"text":"alladhīna","language_name":"english","language_id":38}},{"id":85727,"position":36,"audio_url":"wbw/002_213_038.mp3","qpc_uthmani_hafs":"ءَامَنُواْ","char_type_name":"word","page_number":33,"line_number":8,"text":"ﮣ","translation":{"text":"believe[d]","language_name":"english","language_id":38},"transliteration":{"text":"āmanū","language_name":"english","language_id":38}},{"id":85728,"position":37,"audio_url":"wbw/002_213_039.mp3","qpc_uthmani_hafs":"لِمَا","char_type_name":"word","page_number":33,"line_number":9,"text":"ﮤ","translation":{"text":"regarding what","language_name":"english","language_id":38},"transliteration":{"text":"limā","language_name":"english","language_id":38}},{"id":85729,"position":38,"audio_url":"wbw/002_213_040.mp3","qpc_uthmani_hafs":"ٱخۡتَلَفُواْ","char_type_name":"word","page_number":33,"line_number":9,"text":"ﮥ","translation":{"text":"they differed","language_name":"english","language_id":38},"transliteration":{"text":"ikh'talafū","language_name":"english","language_id":38}},{"id":85730,"position":39,"audio_url":"wbw/002_213_041.mp3","qpc_uthmani_hafs":"فِيهِ","char_type_name":"word","page_number":33,"line_number":9,"text":"ﮦ","translation":{"text":"[in it]","language_name":"english","language_id":38},"transliteration":{"text":"fīhi","language_name":"english","language_id":38}},{"id":85731,"position":40,"audio_url":"wbw/002_213_042.mp3","qpc_uthmani_hafs":"مِنَ","char_type_name":"word","page_number":33,"line_number":9,"text":"ﮧ","translation":{"text":"of","language_name":"english","language_id":38},"transliteration":{"text":"mina","language_name":"english","language_id":38}},{"id":85732,"position":41,"audio_url":"wbw/002_213_043.mp3","qpc_uthmani_hafs":"ٱلۡحَقِّ","char_type_name":"word","page_number":33,"line_number":9,"text":"ﮨ","translation":{"text":"the Truth","language_name":"english","language_id":38},"transliteration":{"text":"l-ḥaqi","language_name":"english","language_id":38}},{"id":85733,"position":42,"audio_url":"wbw/002_213_044.mp3","qpc_uthmani_hafs":"بِإِذۡنِهِۦۗ","char_type_name":"word","page_number":33,"line_number":9,"text":"ﮩﮪ","translation":{"text":"with His permission","language_name":"english","language_id":38},"transliteration":{"text":"bi-idh'nihi","language_name":"english","language_id":38}},{"id":85735,"position":43,"audio_url":"wbw/002_213_046.mp3","qpc_uthmani_hafs":"وَٱللَّهُ","char_type_name":"word","page_number":33,"line_number":9,"text":"ﮫ","translation":{"text":"And Allah","language_name":"english","language_id":38},"transliteration":{"text":"wal-lahu","language_name":"english","language_id":38}},{"id":85736,"position":44,"audio_url":"wbw/002_213_047.mp3","qpc_uthmani_hafs":"يَهۡدِي","char_type_name":"word","page_number":33,"line_number":9,"text":"ﮬ","translation":{"text":"guides","language_name":"english","language_id":38},"transliteration":{"text":"yahdī","language_name":"english","language_id":38}},{"id":85737,"position":45,"audio_url":"wbw/002_213_048.mp3","qpc_uthmani_hafs":"مَن","char_type_name":"word","page_number":33,"line_number":9,"text":"ﮭ","translation":{"text":"whom","language_name":"english","language_id":38},"transliteration":{"text":"man","language_name":"english","language_id":38}},{"id":85738,"position":46,"audio_url":"wbw/002_213_049.mp3","qpc_uthmani_hafs":"يَشَآءُ","char_type_name":"word","page_number":33,"line_number":9,"text":"ﮮ","translation":{"text":"He wills","language_name":"english","language_id":38},"transliteration":{"text":"yashāu","language_name":"english","language_id":38}},{"id":85739,"position":47,"audio_url":"wbw/002_213_050.mp3","qpc_uthmani_hafs":"إِلَىٰ","char_type_name":"word","page_number":33,"line_number":9,"text":"ﮯ","translation":{"text":"to","language_name":"english","language_id":38},"transliteration":{"text":"ilā","language_name":"english","language_id":38}},{"id":85740,"position":48,"audio_url":"wbw/002_213_051.mp3","qpc_uthmani_hafs":"صِرَٰطٖ","char_type_name":"word","page_number":33,"line_number":10,"text":"ﮰ","translation":{"text":"a path","language_name":"english","language_id":38},"transliteration":{"text":"ṣirāṭin","language_name":"english","language_id":38}},{"id":85741,"position":49,"audio_url":"wbw/002_213_052.mp3","qpc_uthmani_hafs":"مُّسۡتَقِيمٍ","char_type_name":"word","page_number":33,"line_number":10,"text":"ﮱ","translation":{"text":"straight","language_name":"english","language_id":38},"transliteration":{"text":"mus'taqīmin","language_name":"english","language_id":38}},{"id":85742,"position":50,"audio_url":null,"qpc_uthmani_hafs":"٢١٣","char_type_name":"end","page_number":33,"line_number":10,"text":"ﯓ","translation":{"text":"(213)","language_name":"english","language_id":38},"transliteration":{"text":null,"language_name":"english","language_id":38}}],"translations":[{"id":916649,"resource_id":134,"text":"Manusia itu adalah umat yang satu.  (Setelah timbul perselisihan), maka Allah mengutus para nabi sebagai pemberi kabar gembira dan pemberi peringatan, dan Allah menurunkan bersama mereka kitab dengan benar, untuk memberi keputusan di antara manusia tentang perkara yang mereka perselisihkan.  Tidaklah berselisih tentang kitab itu melainkan orang yang telah didatangkan kepada mereka kitab, yaitu setelah datang kepada mereka keterangan-keterangan yang nyata, karena dengki antara mereka sendiri.  Maka Allah memberi petunjuk orang-orang yang beriman kepada kebenaran tentang hal yang mereka perselisihkan itu dengan kehendak-Nya.  Dan Allah selalu memberi petunjuk orang yang dikehendaki-Nya kepada jalan yang lurus."}]},{"id":221,"verse_number":214,"verse_key":"2:214","juz_number":2,"hizb_number":4,"rub_el_hizb_number":13,"ruku_number":27,"manzil_number":1,"sajdah_number":null,"text_uthmani":"أَمْ حَسِبْتُمْ أَن تَدْخُلُوا۟ ٱلْجَنَّةَ وَلَمَّا يَأْتِكُم مَّثَلُ ٱلَّذِينَ خَلَوْا۟ مِن قَبْلِكُم ۖ مَّسَّتْهُمُ ٱلْبَأْسَآءُ وَٱلضَّرَّآءُ وَزُلْزِلُوا۟ حَتَّىٰ يَقُولَ ٱلرَّسُولُ وَٱلَّذِينَ ءَامَنُوا۟ مَعَهُۥ مَتَىٰ نَصْرُ ٱللَّهِ ۗ أَلَآ إِنَّ نَصْرَ ٱللَّهِ قَرِيبٌ","page_number":33,"words":[{"id":85757,"position":1,"audio_url":"wbw/002_214_001.mp3","qpc_uthmani_hafs":"أَمۡ","char_type_name":"word","page_number":33,"line_number":10,"text":"ﯔ","translation":{"text":"Or","language_name":"english","language_id":38},"transliteration":{"text":"am","language_name":"english","language_id":38}},{"id":85758,"position":2,"audio_url":"wbw/002_214_002.mp3","qpc_uthmani_hafs":"حَسِبۡتُمۡ","char_type_name":"word","page_number":33,"line_number":10,"text":"ﯕ","translation":{"text":"(do) you think","language_name":"english","language_id":38},"transliteration":{"text":"ḥasib'tum","language_name":"english","language_id":38}},{"id":85759,"position":3,"audio_url":"wbw/002_214_003.mp3","qpc_uthmani_hafs":"أَن","char_type_name":"word","page_number":33,"line_number":10,"text":"ﯖ","translation":{"text":"that","language_name":"english","language_id":38},"transliteration":{"text":"an","language_name":"english","language_id":38}},{"id":85760,"position":4,"audio_url":"wbw/002_214_004.mp3","qpc_uthmani_hafs":"تَدۡخُلُواْ","char_type_name":"word","page_number":33,"line_number":10,"text":"ﯗ","translation":{"text":"you will enter","language_name":"english","language_id":38},"transliteration":{"text":"tadkhulū","language_name":"english","language_id":38}},{"id":85761,"position":5,"audio_url":"wbw/002_214_005.mp3","qpc_uthmani_hafs":"ٱلۡجَنَّةَ","char_type_name":"word","page_number":33,"line_number":10,"text":"ﯘ","translation":{"text":"Paradise","language_name":"english","language_id":38},"transliteration":{"text":"l-janata","language_name":"english","language_id":38}},{"id":85762,"position":6,"audio_url":"wbw/002_214_006.mp3","qpc_uthmani_hafs":"وَلَمَّا","char_type_name":"word","page_number":33,"line_number":10,"text":"ﯙ","translation":{"text":"while not","language_name":"english","language_id":38},"transliteration":{"text":"walammā","language_name":"english","language_id":38}},{"id":85763,"position":7,"audio_url":"wbw/002_214_007.mp3","qpc_uthmani_hafs":"يَأۡتِكُم","char_type_name":"word","page_number":33,"line_number":11,"text":"ﯚ","translation":{"text":"(has) come to you","language_name":"english","language_id":38},"transliteration":{"text":"yatikum","language_name":"english","language_id":38}},{"id":85764,"position":8,"audio_url":"wbw/002_214_008.mp3","qpc_uthmani_hafs":"مَّثَلُ","char_type_name":"word","page_number":33,"line_number":11,"text":"ﯛ","translation":{"text":"like (came to)","language_name":"english","language_id":38},"transliteration":{"text":"mathalu","language_name":"english","language_id":38}},{"id":85765,"position":9,"audio_url":"wbw/002_214_009.mp3","qpc_uthmani_hafs":"ٱلَّذِينَ","char_type_name":"word","page_number":33,"line_number":11,"text":"ﯜ","translation":{"text":"those who","language_name":"english","language_id":38},"transliteration":{"text":"alladhīna","language_name":"english","language_id":38}},{"id":85766,"position":10,"audio_url":"wbw/002_214_010.mp3","qpc_uthmani_hafs":"خَلَوۡاْ","char_type_name":"word","page_number":33,"line_number":11,"text":"ﯝ","translation":{"text":"passed away","language_name":"english","language_id":38},"transliteration":{"text":"khalaw","language_name":"english","language_id":38}},{"id":85767,"position":11,"audio_url":"wbw/002_214_011.mp3","qpc_uthmani_hafs":"مِن","char_type_name":"word","page_number":33,"line_number":11,"text":"ﯞ","translation":{"text":"from","language_name":"english","language_id":38},"transliteration":{"text":"min","language_name":"english","language_id":38}},{"id":85768,"position":12,"audio_url":"wbw/002_214_012.mp3","qpc_uthmani_hafs":"قَبۡلِكُمۖ","char_type_name":"word","page_number":33,"line_number":11,"text":"ﯟﯠ","translation":{"text":"before you","language_name":"english","language_id":38},"transliteration":{"text":"qablikum","language_name":"english","language_id":38}},{"id":85770,"position":13,"audio_url":"wbw/002_214_014.mp3","qpc_uthmani_hafs":"مَّسَّتۡهُمُ","char_type_name":"word","page_number":33,"line_number":11,"text":"ﯡ","translation":{"text":"Touched them","language_name":"english","language_id":38},"transliteration":{"text":"massathumu","language_name":"english","language_id":38}},{"id":85771,"position":14,"audio_url":"wbw/002_214_015.mp3","qpc_uthmani_hafs":"ٱلۡبَأۡسَآءُ","char_type_name":"word","page_number":33,"line_number":11,"text":"ﯢ","translation":{"text":"[the] adversity","language_name":"english","language_id":38},"transliteration":{"text":"l-basāu","language_name":"english","language_id":38}},{"id":85772,"position":15,"audio_url":"wbw/002_214_016.mp3","qpc_uthmani_hafs":"وَٱلضَّرَّآءُ","char_type_name":"word","page_number":33,"line_number":11,"text":"ﯣ","translation":{"text":"and [the] hardship","language_name":"english","language_id":38},"transliteration":{"text":"wal-ḍarāu","language_name":"english","language_id":38}},{"id":85773,"position":16,"audio_url":"wbw/002_214_017.mp3","qpc_uthmani_hafs":"وَزُلۡزِلُواْ","char_type_name":"word","page_number":33,"line_number":12,"text":"ﯤ","translation":{"text":"and they were shaken","language_name":"english","language_id":38},"transliteration":{"text":"wazul'zilū","language_name":"english","language_id":38}},{"id":85774,"position":17,"audio_url":"wbw/002_214_018.mp3","qpc_uthmani_hafs":"حَتَّىٰ","char_type_name":"word","page_number":33,"line_number":12,"text":"ﯥ","translation":{"text":"until","language_name":"english","language_id":38},"transliteration":{"text":"ḥattā","language_name":"english","language_id":38}},{"id":85775,"position":18,"audio_url":"wbw/002_214_019.mp3","qpc_uthmani_hafs":"يَقُولَ","char_type_name":"word","page_number":33,"line_number":12,"text":"ﯦ","translation":{"text":"said","language_name":"english","language_id":38},"transliteration":{"text":"yaqūla","language_name":"english","language_id":38}},{"id":85776,"position":19,"audio_url":"wbw/002_214_020.mp3","qpc_uthmani_hafs":"ٱلرَّسُولُ","char_type_name":"word","page_number":33,"line_number":12,"text":"ﯧ","translation":{"text":"the Messenger","language_name":"english","language_id":38},"transliteration":{"text":"l-rasūlu","language_name":"english","language_id":38}},{"id":85777,"position":20,"audio_url":"wbw/002_214_021.mp3","qpc_uthmani_hafs":"وَٱلَّذِينَ","char_type_name":"word","page_number":33,"line_number":12,"text":"ﯨ","translation":{"text":"and those who","language_name":"english","language_id":38},"transliteration":{"text":"wa-alladhīna","language_name":"english","language_id":38}},{"id":85778,"position":21,"audio_url":"wbw/002_214_022.mp3","qpc_uthmani_hafs":"ءَامَنُواْ","char_type_name":"word","page_number":33,"line_number":12,"text":"ﯩ","translation":{"text":"believed","language_name":"english","language_id":38},"transliteration":{"text":"āmanū","language_name":"english","language_id":38}},{"id":85779,"position":22,"audio_url":"wbw/002_214_023.mp3","qpc_uthmani_hafs":"مَعَهُۥ","char_type_name":"word","page_number":33,"line_number":12,"text":"ﯪ","translation":{"text":"with him","language_name":"english","language_id":38},"transliteration":{"text":"maʿahu","language_name":"english","language_id":38}},{"id":85780,"position":23,"audio_url":"wbw/002_214_024.mp3","qpc_uthmani_hafs":"مَتَىٰ","char_type_name":"word","page_number":33,"line_number":12,"text":"ﯫ","translation":{"text":"When","language_name":"english","language_id":38},"transliteration":{"text":"matā","language_name":"english","language_id":38}},{"id":85781,"position":24,"audio_url":"wbw/002_214_025.mp3","qpc_uthmani_hafs":"نَصۡرُ","char_type_name":"word","page_number":33,"line_number":12,"text":"ﯬ","translation":{"text":"[will] (the) help","language_name":"english","language_id":38},"transliteration":{"text":"naṣru","language_name":"english","language_id":38}},{"id":85782,"position":25,"audio_url":"wbw/002_214_026.mp3","qpc_uthmani_hafs":"ٱللَّهِۗ","char_type_name":"word","page_number":33,"line_number":12,"text":"ﯭﯮ","translation":{"text":"(of) Allah (come)","language_name":"english","language_id":38},"transliteration":{"text":"l-lahi","language_name":"english","language_id":38}},{"id":85784,"position":26,"audio_url":"wbw/002_214_028.mp3","qpc_uthmani_hafs":"أَلَآ","char_type_name":"word","page_number":33,"line_number":13,"text":"ﯯ","translation":{"text":"Unquestionably","language_name":"english","language_id":38},"transliteration":{"text":"alā","language_name":"english","language_id":38}},{"id":85785,"position":27,"audio_url":"wbw/002_214_029.mp3","qpc_uthmani_hafs":"إِنَّ","char_type_name":"word","page_number":33,"line_number":13,"text":"ﯰ","translation":{"text":"[Indeed]","language_name":"english","language_id":38},"transliteration":{"text":"inna","language_name":"english","language_id":38}},{"id":85786,"position":28,"audio_url":"wbw/002_214_030.mp3","qpc_uthmani_hafs":"نَصۡرَ","char_type_name":"word","page_number":33,"line_number":13,"text":"ﯱ","translation":{"text":"help","language_name":"english","language_id":38},"transliteration":{"text":"naṣra","language_name":"english","language_id":38}},{"id":85787,"position":29,"audio_url":"wbw/002_214_031.mp3","qpc_uthmani_hafs":"ٱللَّهِ","char_type_name":"word","page_number":33,"line_number":13,"text":"ﯲ","translation":{"text":"(of) Allah","language_name":"english","language_id":38},"transliteration":{"text":"l-lahi","language_name":"english","language_id":38}},{"id":85788,"position":30,"audio_url":"wbw/002_214_032.mp3","qpc_uthmani_hafs":"قَرِيبٞ","char_type_name":"word","page_number":33,"line_number":13,"text":"ﯳ","translation":{"text":"(is) near","language_name":"english","language_id":38},"transliteration":{"text":"qarībun","language_name":"english","language_id":38}},{"id":85789,"position":31,"audio_url":null,"qpc_uthmani_hafs":"٢١٤","char_type_name":"end","page_number":33,"line_number":13,"text":"ﯴ","translation":{"text":"(214)","language_name":"english","language_id":38},"transliteration":{"text":null,"language_name":"english","language_id":38}}],"translations":[{"id":916650,"resource_id":134,"text":"Apakah kamu mengira bahwa kamu akan masuk surga, padahal belum datang kepadamu (cobaan) sebagaimana halnya orang-orang terdahulu sebelum kamu? Mereka ditimpa oleh malapetaka dan kesengsaraan, serta diguncangkan (dengan bermacam-macam cobaan) sehingga berkatalah Rasul dan orang-orang yang beriman bersamanya, \"Bilakah datangnya pertolongan Allah?\" Ingatlah, sesungguhnya pertolongan Allah itu amat dekat."}]},{"id":222,"verse_number":215,"verse_key":"2:215","juz_number":2,"hizb_number":4,"rub_el_hizb_number":13,"ruku_number":27,"manzil_number":1,"sajdah_number":null,"text_uthmani":"يَسْـَٔلُونَكَ مَاذَا يُنفِقُونَ ۖ قُلْ مَآ أَنفَقْتُم مِّنْ خَيْرٍ فَلِلْوَٰلِدَيْنِ وَٱلْأَقْرَبِينَ وَٱلْيَتَـٰمَىٰ وَٱلْمَسَـٰكِينِ وَٱبْنِ ٱلسَّبِيلِ ۗ وَمَا تَفْعَلُوا۟ مِنْ خَيْرٍ فَإِنَّ ٱللَّهَ بِهِۦ عَلِيمٌ","page_number":33,"words":[{"id":85797,"position":1,"audio_url":"wbw/002_215_001.mp3","qpc_uthmani_hafs":"يَسۡـَٔلُونَكَ","char_type_name":"word","page_number":33,"line_number":13,"text":"ﯵ","translation":{"text":"They ask you","language_name":"english","language_id":38},"transliteration":{"text":"yasalūnaka","language_name":"english","language_id":38}},{"id":85798,"position":2,"audio_url":"wbw/002_215_002.mp3","qpc_uthmani_hafs":"مَاذَا","char_type_name":"word","page_number":33,"line_number":13,"text":"ﯶ","translation":{"text":"what","language_name":"english","language_id":38},"transliteration":{"text":"mādhā","language_name":"english","language_id":38}},{"id":85799,"position":3,"audio_url":"wbw/002_215_003.mp3","qpc_uthmani_hafs":"يُنفِقُونَۖ","char_type_name":"word","page_number":33,"line_number":13,"text":"ﯷﯸ","translation":{"text":"they (should) spend","language_name":"english","language_id":38},"transliteration":{"text":"yunfiqūna","language_name":"english","language_id":38}},{"id":85801,"position":4,"audio_url":"wbw/002_215_005.mp3","qpc_uthmani_hafs":"قُلۡ","char_type_name":"word","page_number":33,"line_number":13,"text":"ﯹ","translation":{"text":"Say","language_name":"english","language_id":38},"transliteration":{"text":"qul","language_name":"english","language_id":38}},{"id":85802,"position":5,"audio_url":"wbw/002_215_006.mp3","qpc_uthmani_hafs":"مَآ","char_type_name":"word","page_number":33,"line_number":14,"text":"ﯺ","translation":{"text":"Whatever","language_name":"english","language_id":38},"transliteration":{"text":"mā","language_name":"english","language_id":38}},{"id":85803,"position":6,"audio_url":"wbw/002_215_007.mp3","qpc_uthmani_hafs":"أَنفَقۡتُم","char_type_name":"word","page_number":33,"line_number":14,"text":"ﯻ","translation":{"text":"you spend","language_name":"english","language_id":38},"transliteration":{"text":"anfaqtum","language_name":"english","language_id":38}},{"id":85804,"position":7,"audio_url":"wbw/002_215_008.mp3","qpc_uthmani_hafs":"مِّنۡ","char_type_name":"word","page_number":33,"line_number":14,"text":"ﯼ","translation":{"text":"of","language_name":"english","language_id":38},"transliteration":{"text":"min","language_name":"english","language_id":38}},{"id":85805,"position":8,"audio_url":"wbw/002_215_009.mp3","qpc_uthmani_hafs":"خَيۡرٖ","char_type_name":"word","page_number":33,"line_number":14,"text":"ﯽ","translation":{"text":"good","language_name":"english","language_id":38},"transliteration":{"text":"khayrin","language_name":"english","language_id":38}},{"id":85806,"position":9,"audio_url":"wbw/002_215_010.mp3","qpc_uthmani_hafs":"فَلِلۡوَٰلِدَيۡنِ","char_type_name":"word","page_number":33,"line_number":14,"text":"ﯾ","translation":{"text":"(is) for parents","language_name":"english","language_id":38},"transliteration":{"text":"falil'wālidayni","language_name":"english","language_id":38}},{"id":85807,"position":10,"audio_url":"wbw/002_215_011.mp3","qpc_uthmani_hafs":"وَٱلۡأَقۡرَبِينَ","char_type_name":"word","page_number":33,"line_number":14,"text":"ﯿ","translation":{"text":"and the relatives","language_name":"english","language_id":38},"transliteration":{"text":"wal-aqrabīna","language_name":"english","language_id":38}},{"id":85808,"position":11,"audio_url":"wbw/002_215_012.mp3","qpc_uthmani_hafs":"وَٱلۡيَتَٰمَىٰ","char_type_name":"word","page_number":33,"line_number":14,"text":"ﰀ","translation":{"text":"and the orphans","language_name":"english","language_id":38},"transliteration":{"text":"wal-yatāmā","language_name":"english","language_id":38}},{"id":85809,"position":12,"audio_url":"wbw/002_215_013.mp3","qpc_uthmani_hafs":"وَٱلۡمَسَٰكِينِ","char_type_name":"word","page_number":33,"line_number":14,"text":"ﰁ","translation":{"text":"and the needy","language_name":"english","language_id":38},"transliteration":{"text":"wal-masākīni","language_name":"english","language_id":38}},{"id":85810,"position":13,"audio_url":"wbw/002_215_014.mp3","qpc_uthmani_hafs":"وَٱبۡنِ","char_type_name":"word","page_number":33,"line_number":15,"text":"ﰂ","translation":{"text":"and (of)","language_name":"english","language_id":38},"transliteration":{"text":"wa-ib'ni","language_name":"english","language_id":38}},{"id":85811,"position":14,"audio_url":"wbw/002_215_015.mp3","qpc_uthmani_hafs":"ٱلسَّبِيلِۗ","char_type_name":"word","page_number":33,"line_number":15,"text":"ﰃﰄ","translation":{"text":"the wayfarer","language_name":"english","language_id":38},"transliteration":{"text":"l-sabīli","language_name":"english","language_id":38}},{"id":85813,"position":15,"audio_url":"wbw/002_215_017.mp3","qpc_uthmani_hafs":"وَمَا","char_type_name":"word","page_number":33,"line_number":15,"text":"ﰅ","translation":{"text":"And whatever","language_name":"english","language_id":38},"transliteration":{"text":"wamā","language_name":"english","language_id":38}},{"id":85814,"position":16,"audio_url":"wbw/002_215_018.mp3","qpc_uthmani_hafs":"تَفۡعَلُواْ","char_type_name":"word","page_number":33,"line_number":15,"text":"ﰆ","translation":{"text":"you do","language_name":"english","language_id":38},"transliteration":{"text":"tafʿalū","language_name":"english","language_id":38}},{"id":85815,"position":17,"audio_url":"wbw/002_215_019.mp3","qpc_uthmani_hafs":"مِنۡ","char_type_name":"word","page_number":33,"line_number":15,"text":"ﰇ","translation":{"text":"of","language_name":"english","language_id":38},"transliteration":{"text":"min","language_name":"english","language_id":38}},{"id":85816,"position":18,"audio_url":"wbw/002_215_020.mp3","qpc_uthmani_hafs":"خَيۡرٖ","char_type_name":"word","page_number":33,"line_number":15,"text":"ﰈ","translation":{"text":"good","language_name":"english","language_id":38},"transliteration":{"text":"khayrin","language_name":"english","language_id":38}},{"id":85817,"position":19,"audio_url":"wbw/002_215_021.mp3","qpc_uthmani_hafs":"فَإِنَّ","char_type_name":"word","page_number":33,"line_number":15,"text":"ﰉ","translation":{"text":"So indeed","language_name":"english","language_id":38},"transliteration":{"text":"fa-inna","language_name":"english","language_id":38}},{"id":85818,"position":20,"audio_url":"wbw/002_215_022.mp3","qpc_uthmani_hafs":"ٱللَّهَ","char_type_name":"word","page_number":33,"line_number":15,"text":"ﰊ","translation":{"text":"Allah","language_name":"english","language_id":38},"transliteration":{"text":"l-laha","language_name":"english","language_id":38}},{"id":85819,"position":21,"audio_url":"wbw/002_215_023.mp3","qpc_uthmani_hafs":"بِهِۦ","char_type_name":"word","page_number":33,"line_number":15,"text":"ﰋ","translation":{"text":"of it","language_name":"english","language_id":38},"transliteration":{"text":"bihi","language_name":"english","language_id":38}},{"id":85820,"position":22,"audio_url":"wbw/002_215_024.mp3","qpc_uthmani_hafs":"عَلِيمٞ","char_type_name":"word","page_number":33,"line_number":15,"text":"ﰌ","translation":{"text":"(is) All-Aware","language_name":"english","language_id":38},"transliteration":{"text":"ʿalīmun","language_name":"english","language_id":38}},{"id":85821,"position":23,"audio_url":null,"qpc_uthmani_hafs":"٢١٥","char_type_name":"end","page_number":33,"line_number":15,"text":"ﰍ","translation":{"text":"(215)","language_name":"english","language_id":38},"transliteration":{"text":null,"language_name":"english","language_id":38}}],"translations":[{"id":916651,"resource_id":134,"text":"Mereka bertanya tentang apa yang mereka nafkahkan.  Jawablah, \"Apa saja harta yang kamu nafkahkan hendaklah diberikan kepada ibu bapak, kaum kerabat, anak-anak yatim, orang-orang miskin, dan orang-orang yang sedang dalam perjalanan\".  Dan apa saja kebajikan yang kamu buat, maka sesungguhnya Allah Maha Mengetahuinya."}]}],"pagination":{"per_page":50,"current_page":1,"next_page":null,"total_pages":1,"total_records":5}}