{"verses":[{"id":2668,"verse_number":73,"verse_key":"22:73","juz_number":17,"hizb_number":34,"rub_el_hizb_number":136,"ruku_number":294,"manzil_number":4,"sajdah_number":null,"text_uthmani":"يَـٰٓأَيُّهَا ٱلنَّاسُ ضُرِبَ مَثَلٌ فَٱسْتَمِعُوا۟ لَهُۥٓ ۚ إِنَّ ٱلَّذِينَ تَدْعُونَ مِن دُونِ ٱللَّهِ لَن يَخْلُقُوا۟ ذُبَابًا وَلَوِ ٱجْتَمَعُوا۟ لَهُۥ ۖ وَإِن يَسْلُبْهُمُ ٱلذُّبَابُ شَيْـًٔا لَّا يَسْتَنقِذُوهُ مِنْهُ ۚ ضَعُفَ ٱلطَّالِبُ وَٱلْمَطْلُوبُ","page_number":341,"words":[{"id":61244,"position":1,"audio_url":"wbw/022_073_001.mp3","qpc_uthmani_hafs":"يَٰٓأَيُّهَا","char_type_name":"word","page_number":341,"line_number":1,"text":"ﭑ","translation":{"text":"O mankind","language_name":"english","language_id":38},"transliteration":{"text":"yāayyuhā","language_name":"english","language_id":38}},{"id":61245,"position":2,"audio_url":"wbw/022_073_002.mp3","qpc_uthmani_hafs":"ٱلنَّاسُ","char_type_name":"word","page_number":341,"line_number":1,"text":"ﭒ","translation":{"text":"O mankind","language_name":"english","language_id":38},"transliteration":{"text":"l-nāsu","language_name":"english","language_id":38}},{"id":61246,"position":3,"audio_url":"wbw/022_073_003.mp3","qpc_uthmani_hafs":"ضُرِبَ","char_type_name":"word","page_number":341,"line_number":1,"text":"ﭓ","translation":{"text":"Is set forth","language_name":"english","language_id":38},"transliteration":{"text":"ḍuriba","language_name":"english","language_id":38}},{"id":61247,"position":4,"audio_url":"wbw/022_073_004.mp3","qpc_uthmani_hafs":"مَثَلٞ","char_type_name":"word","page_number":341,"line_number":1,"text":"ﭔ","translation":{"text":"an example","language_name":"english","language_id":38},"transliteration":{"text":"mathalun","language_name":"english","language_id":38}},{"id":61248,"position":5,"audio_url":"wbw/022_073_005.mp3","qpc_uthmani_hafs":"فَٱسۡتَمِعُواْ","char_type_name":"word","page_number":341,"line_number":1,"text":"ﭕ","translation":{"text":"so listen","language_name":"english","language_id":38},"transliteration":{"text":"fa-is'tamiʿū","language_name":"english","language_id":38}},{"id":61249,"position":6,"audio_url":"wbw/022_073_006.mp3","qpc_uthmani_hafs":"لَهُۥٓۚ","char_type_name":"word","page_number":341,"line_number":1,"text":"ﭖﭗ","translation":{"text":"to it","language_name":"english","language_id":38},"transliteration":{"text":"lahu","language_name":"english","language_id":38}},{"id":61251,"position":7,"audio_url":"wbw/022_073_008.mp3","qpc_uthmani_hafs":"إِنَّ","char_type_name":"word","page_number":341,"line_number":1,"text":"ﭘ","translation":{"text":"Indeed","language_name":"english","language_id":38},"transliteration":{"text":"inna","language_name":"english","language_id":38}},{"id":61252,"position":8,"audio_url":"wbw/022_073_009.mp3","qpc_uthmani_hafs":"ٱلَّذِينَ","char_type_name":"word","page_number":341,"line_number":1,"text":"ﭙ","translation":{"text":"those whom","language_name":"english","language_id":38},"transliteration":{"text":"alladhīna","language_name":"english","language_id":38}},{"id":61253,"position":9,"audio_url":"wbw/022_073_010.mp3","qpc_uthmani_hafs":"تَدۡعُونَ","char_type_name":"word","page_number":341,"line_number":2,"text":"ﭚ","translation":{"text":"you invoke","language_name":"english","language_id":38},"transliteration":{"text":"tadʿūna","language_name":"english","language_id":38}},{"id":61254,"position":10,"audio_url":"wbw/022_073_011.mp3","qpc_uthmani_hafs":"مِن","char_type_name":"word","page_number":341,"line_number":2,"text":"ﭛ","translation":{"text":"besides Allah","language_name":"english","language_id":38},"transliteration":{"text":"min","language_name":"english","language_id":38}},{"id":61255,"position":11,"audio_url":"wbw/022_073_012.mp3","qpc_uthmani_hafs":"دُونِ","char_type_name":"word","page_number":341,"line_number":2,"text":"ﭜ","translation":{"text":"besides Allah","language_name":"english","language_id":38},"transliteration":{"text":"dūni","language_name":"english","language_id":38}},{"id":61256,"position":12,"audio_url":"wbw/022_073_013.mp3","qpc_uthmani_hafs":"ٱللَّهِ","char_type_name":"word","page_number":341,"line_number":2,"text":"ﭝ","translation":{"text":"besides Allah","language_name":"english","language_id":38},"transliteration":{"text":"l-lahi","language_name":"english","language_id":38}},{"id":61257,"position":13,"audio_url":"wbw/022_073_014.mp3","qpc_uthmani_hafs":"لَن","char_type_name":"word","page_number":341,"line_number":2,"text":"ﭞ","translation":{"text":"will never","language_name":"english","language_id":38},"transliteration":{"text":"lan","language_name":"english","language_id":38}},{"id":61258,"position":14,"audio_url":"wbw/022_073_015.mp3","qpc_uthmani_hafs":"يَخۡلُقُواْ","char_type_name":"word","page_number":341,"line_number":2,"text":"ﭟ","translation":{"text":"create","language_name":"english","language_id":38},"transliteration":{"text":"yakhluqū","language_name":"english","language_id":38}},{"id":61259,"position":15,"audio_url":"wbw/022_073_016.mp3","qpc_uthmani_hafs":"ذُبَابٗا","char_type_name":"word","page_number":341,"line_number":2,"text":"ﭠ","translation":{"text":"a fly","language_name":"english","language_id":38},"transliteration":{"text":"dhubāban","language_name":"english","language_id":38}},{"id":61260,"position":16,"audio_url":"wbw/022_073_017.mp3","qpc_uthmani_hafs":"وَلَوِ","char_type_name":"word","page_number":341,"line_number":2,"text":"ﭡ","translation":{"text":"even if","language_name":"english","language_id":38},"transliteration":{"text":"walawi","language_name":"english","language_id":38}},{"id":61261,"position":17,"audio_url":"wbw/022_073_018.mp3","qpc_uthmani_hafs":"ٱجۡتَمَعُواْ","char_type_name":"word","page_number":341,"line_number":2,"text":"ﭢ","translation":{"text":"they gathered together","language_name":"english","language_id":38},"transliteration":{"text":"ij'tamaʿū","language_name":"english","language_id":38}},{"id":61262,"position":18,"audio_url":"wbw/022_073_019.mp3","qpc_uthmani_hafs":"لَهُۥۖ","char_type_name":"word","page_number":341,"line_number":2,"text":"ﭣﭤ","translation":{"text":"for it","language_name":"english","language_id":38},"transliteration":{"text":"lahu","language_name":"english","language_id":38}},{"id":61264,"position":19,"audio_url":"wbw/022_073_021.mp3","qpc_uthmani_hafs":"وَإِن","char_type_name":"word","page_number":341,"line_number":3,"text":"ﭥ","translation":{"text":"And if","language_name":"english","language_id":38},"transliteration":{"text":"wa-in","language_name":"english","language_id":38}},{"id":61265,"position":20,"audio_url":"wbw/022_073_022.mp3","qpc_uthmani_hafs":"يَسۡلُبۡهُمُ","char_type_name":"word","page_number":341,"line_number":3,"text":"ﭦ","translation":{"text":"snatched away from them","language_name":"english","language_id":38},"transliteration":{"text":"yaslub'humu","language_name":"english","language_id":38}},{"id":61266,"position":21,"audio_url":"wbw/022_073_023.mp3","qpc_uthmani_hafs":"ٱلذُّبَابُ","char_type_name":"word","page_number":341,"line_number":3,"text":"ﭧ","translation":{"text":"the fly","language_name":"english","language_id":38},"transliteration":{"text":"l-dhubābu","language_name":"english","language_id":38}},{"id":61267,"position":22,"audio_url":"wbw/022_073_024.mp3","qpc_uthmani_hafs":"شَيۡـٔٗا","char_type_name":"word","page_number":341,"line_number":3,"text":"ﭨ","translation":{"text":"a thing","language_name":"english","language_id":38},"transliteration":{"text":"shayan","language_name":"english","language_id":38}},{"id":61268,"position":23,"audio_url":"wbw/022_073_025.mp3","qpc_uthmani_hafs":"لَّا","char_type_name":"word","page_number":341,"line_number":3,"text":"ﭩ","translation":{"text":"not","language_name":"english","language_id":38},"transliteration":{"text":"lā","language_name":"english","language_id":38}},{"id":61269,"position":24,"audio_url":"wbw/022_073_026.mp3","qpc_uthmani_hafs":"يَسۡتَنقِذُوهُ","char_type_name":"word","page_number":341,"line_number":3,"text":"ﭪ","translation":{"text":"they (could) take it back","language_name":"english","language_id":38},"transliteration":{"text":"yastanqidhūhu","language_name":"english","language_id":38}},{"id":61270,"position":25,"audio_url":"wbw/022_073_027.mp3","qpc_uthmani_hafs":"مِنۡهُۚ","char_type_name":"word","page_number":341,"line_number":3,"text":"ﭫﭬ","translation":{"text":"from it","language_name":"english","language_id":38},"transliteration":{"text":"min'hu","language_name":"english","language_id":38}},{"id":61272,"position":26,"audio_url":"wbw/022_073_029.mp3","qpc_uthmani_hafs":"ضَعُفَ","char_type_name":"word","page_number":341,"line_number":3,"text":"ﭭ","translation":{"text":"So weak","language_name":"english","language_id":38},"transliteration":{"text":"ḍaʿufa","language_name":"english","language_id":38}},{"id":61273,"position":27,"audio_url":"wbw/022_073_030.mp3","qpc_uthmani_hafs":"ٱلطَّالِبُ","char_type_name":"word","page_number":341,"line_number":4,"text":"ﭮ","translation":{"text":"(are) the seeker","language_name":"english","language_id":38},"transliteration":{"text":"l-ṭālibu","language_name":"english","language_id":38}},{"id":61274,"position":28,"audio_url":"wbw/022_073_031.mp3","qpc_uthmani_hafs":"وَٱلۡمَطۡلُوبُ","char_type_name":"word","page_number":341,"line_number":4,"text":"ﭯ","translation":{"text":"and the one who is sought","language_name":"english","language_id":38},"transliteration":{"text":"wal-maṭlūbu","language_name":"english","language_id":38}},{"id":61275,"position":29,"audio_url":null,"qpc_uthmani_hafs":"٧٣","char_type_name":"end","page_number":341,"line_number":4,"text":"ﭰ","translation":{"text":"(73)","language_name":"english","language_id":38},"transliteration":{"text":null,"language_name":"english","language_id":38}}],"translations":[{"id":919097,"resource_id":134,"text":"Hai manusia, telah dibuat perumpamaan, maka dengarkanlah olehmu perumpamaan itu.  Sesungguhnya segala yang kamu seru selain Allah sekali-kali tidak dapat menciptakan seekor lalat pun, walaupun mereka bersatu menciptakannya.  Dan jika lalat itu merampas sesuatu dari mereka, tiadalah mereka dapat merebutnya kembali dari lalat itu.  Amat lemahlah yang menyembah dan amat lemah (pulalah) yang disembah."}]},{"id":2669,"verse_number":74,"verse_key":"22:74","juz_number":17,"hizb_number":34,"rub_el_hizb_number":136,"ruku_number":294,"manzil_number":4,"sajdah_number":null,"text_uthmani":"مَا قَدَرُوا۟ ٱللَّهَ حَقَّ قَدْرِهِۦٓ ۗ إِنَّ ٱللَّهَ لَقَوِىٌّ عَزِيزٌ","page_number":341,"words":[{"id":61760,"position":1,"audio_url":"wbw/022_074_001.mp3","qpc_uthmani_hafs":"مَا","char_type_name":"word","page_number":341,"line_number":4,"text":"ﭱ","translation":{"text":"Not","language_name":"english","language_id":38},"transliteration":{"text":"mā","language_name":"english","language_id":38}},{"id":61761,"position":2,"audio_url":"wbw/022_074_002.mp3","qpc_uthmani_hafs":"قَدَرُواْ","char_type_name":"word","page_number":341,"line_number":4,"text":"ﭲ","translation":{"text":"they (have) estimated","language_name":"english","language_id":38},"transliteration":{"text":"qadarū","language_name":"english","language_id":38}},{"id":61762,"position":3,"audio_url":"wbw/022_074_003.mp3","qpc_uthmani_hafs":"ٱللَّهَ","char_type_name":"word","page_number":341,"line_number":4,"text":"ﭳ","translation":{"text":"Allah","language_name":"english","language_id":38},"transliteration":{"text":"l-laha","language_name":"english","language_id":38}},{"id":61763,"position":4,"audio_url":"wbw/022_074_004.mp3","qpc_uthmani_hafs":"حَقَّ","char_type_name":"word","page_number":341,"line_number":4,"text":"ﭴ","translation":{"text":"(with) due","language_name":"english","language_id":38},"transliteration":{"text":"ḥaqqa","language_name":"english","language_id":38}},{"id":61764,"position":5,"audio_url":"wbw/022_074_005.mp3","qpc_uthmani_hafs":"قَدۡرِهِۦٓۚ","char_type_name":"word","page_number":341,"line_number":4,"text":"ﭵﭶ","translation":{"text":"[His] estimation","language_name":"english","language_id":38},"transliteration":{"text":"qadrihi","language_name":"english","language_id":38}},{"id":61766,"position":6,"audio_url":"wbw/022_074_007.mp3","qpc_uthmani_hafs":"إِنَّ","char_type_name":"word","page_number":341,"line_number":4,"text":"ﭷ","translation":{"text":"Indeed","language_name":"english","language_id":38},"transliteration":{"text":"inna","language_name":"english","language_id":38}},{"id":61767,"position":7,"audio_url":"wbw/022_074_008.mp3","qpc_uthmani_hafs":"ٱللَّهَ","char_type_name":"word","page_number":341,"line_number":5,"text":"ﭸ","translation":{"text":"Allah","language_name":"english","language_id":38},"transliteration":{"text":"l-laha","language_name":"english","language_id":38}},{"id":61768,"position":8,"audio_url":"wbw/022_074_009.mp3","qpc_uthmani_hafs":"لَقَوِيٌّ","char_type_name":"word","page_number":341,"line_number":5,"text":"ﭹ","translation":{"text":"(is) surely All-Strong","language_name":"english","language_id":38},"transliteration":{"text":"laqawiyyun","language_name":"english","language_id":38}},{"id":61769,"position":9,"audio_url":"wbw/022_074_010.mp3","qpc_uthmani_hafs":"عَزِيزٌ","char_type_name":"word","page_number":341,"line_number":5,"text":"ﭺ","translation":{"text":"All-Mighty","language_name":"english","language_id":38},"transliteration":{"text":"ʿazīzun","language_name":"english","language_id":38}},{"id":61770,"position":10,"audio_url":null,"qpc_uthmani_hafs":"٧٤","char_type_name":"end","page_number":341,"line_number":5,"text":"ﭻ","translation":{"text":"(74)","language_name":"english","language_id":38},"transliteration":{"text":null,"language_name":"english","language_id":38}}],"translations":[{"id":919098,"resource_id":134,"text":"Mereka tidak mengenal Allah dengan sebenar-benarnya.   Sesungguhnya Allah benar-benar Maha Kuat lagi Maha Perkasa."}]},{"id":2670,"verse_number":75,"verse_key":"22:75","juz_number":17,"hizb_number":34,"rub_el_hizb_number":136,"ruku_number":294,"manzil_number":4,"sajdah_number":null,"text_uthmani":"ٱللَّهُ يَصْطَفِى مِنَ ٱلْمَلَـٰٓئِكَةِ رُسُلًا وَمِنَ ٱلنَّاسِ ۚ إِنَّ ٱللَّهَ سَمِيعٌۢ بَصِيرٌ","page_number":341,"words":[{"id":62022,"position":1,"audio_url":"wbw/022_075_001.mp3","qpc_uthmani_hafs":"ٱللَّهُ","char_type_name":"word","page_number":341,"line_number":5,"text":"ﭼ","translation":{"text":"Allah","language_name":"english","language_id":38},"transliteration":{"text":"al-lahu","language_name":"english","language_id":38}},{"id":62023,"position":2,"audio_url":"wbw/022_075_002.mp3","qpc_uthmani_hafs":"يَصۡطَفِي","char_type_name":"word","page_number":341,"line_number":5,"text":"ﭽ","translation":{"text":"chooses","language_name":"english","language_id":38},"transliteration":{"text":"yaṣṭafī","language_name":"english","language_id":38}},{"id":62024,"position":3,"audio_url":"wbw/022_075_003.mp3","qpc_uthmani_hafs":"مِنَ","char_type_name":"word","page_number":341,"line_number":5,"text":"ﭾ","translation":{"text":"from","language_name":"english","language_id":38},"transliteration":{"text":"mina","language_name":"english","language_id":38}},{"id":62025,"position":4,"audio_url":"wbw/022_075_004.mp3","qpc_uthmani_hafs":"ٱلۡمَلَٰٓئِكَةِ","char_type_name":"word","page_number":341,"line_number":5,"text":"ﭿ","translation":{"text":"the Angels","language_name":"english","language_id":38},"transliteration":{"text":"l-malāikati","language_name":"english","language_id":38}},{"id":62026,"position":5,"audio_url":"wbw/022_075_005.mp3","qpc_uthmani_hafs":"رُسُلٗا","char_type_name":"word","page_number":341,"line_number":6,"text":"ﮀ","translation":{"text":"Messengers","language_name":"english","language_id":38},"transliteration":{"text":"rusulan","language_name":"english","language_id":38}},{"id":62027,"position":6,"audio_url":"wbw/022_075_006.mp3","qpc_uthmani_hafs":"وَمِنَ","char_type_name":"word","page_number":341,"line_number":6,"text":"ﮁ","translation":{"text":"and from","language_name":"english","language_id":38},"transliteration":{"text":"wamina","language_name":"english","language_id":38}},{"id":62028,"position":7,"audio_url":"wbw/022_075_007.mp3","qpc_uthmani_hafs":"ٱلنَّاسِۚ","char_type_name":"word","page_number":341,"line_number":6,"text":"ﮂﮃ","translation":{"text":"the mankind","language_name":"english","language_id":38},"transliteration":{"text":"l-nāsi","language_name":"english","language_id":38}},{"id":62030,"position":8,"audio_url":"wbw/022_075_009.mp3","qpc_uthmani_hafs":"إِنَّ","char_type_name":"word","page_number":341,"line_number":6,"text":"ﮄ","translation":{"text":"Indeed","language_name":"english","language_id":38},"transliteration":{"text":"inna","language_name":"english","language_id":38}},{"id":62031,"position":9,"audio_url":"wbw/022_075_010.mp3","qpc_uthmani_hafs":"ٱللَّهَ","char_type_name":"word","page_number":341,"line_number":6,"text":"ﮅ","translation":{"text":"Allah","language_name":"english","language_id":38},"transliteration":{"text":"l-laha","language_name":"english","language_id":38}},{"id":62032,"position":10,"audio_url":"wbw/022_075_011.mp3","qpc_uthmani_hafs":"سَمِيعُۢ","char_type_name":"word","page_number":341,"line_number":6,"text":"ﮆ","translation":{"text":"(is) All-Hearer","language_name":"english","language_id":38},"transliteration":{"text":"samīʿun","language_name":"english","language_id":38}},{"id":62033,"position":11,"audio_url":"wbw/022_075_012.mp3","qpc_uthmani_hafs":"بَصِيرٞ","char_type_name":"word","page_number":341,"line_number":6,"text":"ﮇ","translation":{"text":"All-Seer","language_name":"english","language_id":38},"transliteration":{"text":"baṣīrun","language_name":"english","language_id":38}},{"id":62034,"position":12,"audio_url":null,"qpc_uthmani_hafs":"٧٥","char_type_name":"end","page_number":341,"line_number":6,"text":"ﮈ","translation":{"text":"(75)","language_name":"english","language_id":38},"transliteration":{"text":null,"language_name":"english","language_id":38}}],"translations":[{"id":919099,"resource_id":134,"text":"Allah memilih utusan-utusan-(Nya) dari malaikat dan dari manusia; sesungguhnya Allah Maha Mendengar lagi Maha Melihat."}]},{"id":2671,"verse_number":76,"verse_key":"22:76","juz_number":17,"hizb_number":34,"rub_el_hizb_number":136,"ruku_number":294,"manzil_number":4,"sajdah_number":null,"text_uthmani":"يَعْلَمُ مَا بَيْنَ أَيْدِيهِمْ وَمَا خَلْفَهُمْ ۗ وَإِلَى ٱللَّهِ تُرْجَعُ ٱلْأُمُورُ","page_number":341,"words":[{"id":62521,"position":1,"audio_url":"wbw/022_076_001.mp3","qpc_uthmani_hafs":"يَعۡلَمُ","char_type_name":"word","page_number":341,"line_number":6,"text":"ﮉ","translation":{"text":"He knows","language_name":"english","language_id":38},"transliteration":{"text":"yaʿlamu","language_name":"english","language_id":38}},{"id":62522,"position":2,"audio_url":"wbw/022_076_002.mp3","qpc_uthmani_hafs":"مَا","char_type_name":"word","page_number":341,"line_number":7,"text":"ﮊ","translation":{"text":"what","language_name":"english","language_id":38},"transliteration":{"text":"mā","language_name":"english","language_id":38}},{"id":62523,"position":3,"audio_url":"wbw/022_076_003.mp3","qpc_uthmani_hafs":"بَيۡنَ","char_type_name":"word","page_number":341,"line_number":7,"text":"ﮋ","translation":{"text":"(is) before them","language_name":"english","language_id":38},"transliteration":{"text":"bayna","language_name":"english","language_id":38}},{"id":62524,"position":4,"audio_url":"wbw/022_076_004.mp3","qpc_uthmani_hafs":"أَيۡدِيهِمۡ","char_type_name":"word","page_number":341,"line_number":7,"text":"ﮌ","translation":{"text":"(is) before them","language_name":"english","language_id":38},"transliteration":{"text":"aydīhim","language_name":"english","language_id":38}},{"id":62525,"position":5,"audio_url":"wbw/022_076_005.mp3","qpc_uthmani_hafs":"وَمَا","char_type_name":"word","page_number":341,"line_number":7,"text":"ﮍ","translation":{"text":"and what","language_name":"english","language_id":38},"transliteration":{"text":"wamā","language_name":"english","language_id":38}},{"id":62526,"position":6,"audio_url":"wbw/022_076_006.mp3","qpc_uthmani_hafs":"خَلۡفَهُمۡۚ","char_type_name":"word","page_number":341,"line_number":7,"text":"ﮎﮏ","translation":{"text":"(is) after them","language_name":"english","language_id":38},"transliteration":{"text":"khalfahum","language_name":"english","language_id":38}},{"id":62528,"position":7,"audio_url":"wbw/022_076_008.mp3","qpc_uthmani_hafs":"وَإِلَى","char_type_name":"word","page_number":341,"line_number":7,"text":"ﮐ","translation":{"text":"And to","language_name":"english","language_id":38},"transliteration":{"text":"wa-ilā","language_name":"english","language_id":38}},{"id":62529,"position":8,"audio_url":"wbw/022_076_009.mp3","qpc_uthmani_hafs":"ٱللَّهِ","char_type_name":"word","page_number":341,"line_number":7,"text":"ﮑ","translation":{"text":"Allah","language_name":"english","language_id":38},"transliteration":{"text":"l-lahi","language_name":"english","language_id":38}},{"id":62530,"position":9,"audio_url":"wbw/022_076_010.mp3","qpc_uthmani_hafs":"تُرۡجَعُ","char_type_name":"word","page_number":341,"line_number":7,"text":"ﮒ","translation":{"text":"return","language_name":"english","language_id":38},"transliteration":{"text":"tur'jaʿu","language_name":"english","language_id":38}},{"id":62531,"position":10,"audio_url":"wbw/022_076_011.mp3","qpc_uthmani_hafs":"ٱلۡأُمُورُ","char_type_name":"word","page_number":341,"line_number":7,"text":"ﮓ","translation":{"text":"all the matters","language_name":"english","language_id":38},"transliteration":{"text":"l-umūru","language_name":"english","language_id":38}},{"id":62532,"position":11,"audio_url":null,"qpc_uthmani_hafs":"٧٦","char_type_name":"end","page_number":341,"line_number":7,"text":"ﮔ","translation":{"text":"(76)","language_name":"english","language_id":38},"transliteration":{"text":null,"language_name":"english","language_id":38}}],"translations":[{"id":919100,"resource_id":134,"text":"Allah mengetahui apa yang di hadapan mereka dan apa yang di belakang mereka.  Dan hanya kepada Allah dikembalikan semua urusan."}]},{"id":2672,"verse_number":77,"verse_key":"22:77","juz_number":17,"hizb_number":34,"rub_el_hizb_number":136,"ruku_number":294,"manzil_number":4,"sajdah_number":null,"text_uthmani":"يَـٰٓأَيُّهَا ٱلَّذِينَ ءَامَنُوا۟ ٱرْكَعُوا۟ وَٱسْجُدُوا۟ وَٱعْبُدُوا۟ رَبَّكُمْ وَٱفْعَلُوا۟ ٱلْخَيْرَ لَعَلَّكُمْ تُفْلِحُونَ ۩","page_number":341,"words":[{"id":62748,"position":1,"audio_url":"wbw/022_077_001.mp3","qpc_uthmani_hafs":"يَٰٓأَيُّهَا","char_type_name":"word","page_number":341,"line_number":8,"text":"ﮕ","translation":{"text":"O you who believe","language_name":"english","language_id":38},"transliteration":{"text":"yāayyuhā","language_name":"english","language_id":38}},{"id":62749,"position":2,"audio_url":"wbw/022_077_002.mp3","qpc_uthmani_hafs":"ٱلَّذِينَ","char_type_name":"word","page_number":341,"line_number":8,"text":"ﮖ","translation":{"text":"O you who believe","language_name":"english","language_id":38},"transliteration":{"text":"alladhīna","language_name":"english","language_id":38}},{"id":62750,"position":3,"audio_url":"wbw/022_077_003.mp3","qpc_uthmani_hafs":"ءَامَنُواْ","char_type_name":"word","page_number":341,"line_number":8,"text":"ﮗ","translation":{"text":"O you who believe","language_name":"english","language_id":38},"transliteration":{"text":"āmanū","language_name":"english","language_id":38}},{"id":62751,"position":4,"audio_url":"wbw/022_077_004.mp3","qpc_uthmani_hafs":"ٱرۡكَعُواْ","char_type_name":"word","page_number":341,"line_number":8,"text":"ﮘ","translation":{"text":"Bow","language_name":"english","language_id":38},"transliteration":{"text":"ir'kaʿū","language_name":"english","language_id":38}},{"id":62752,"position":5,"audio_url":"wbw/022_077_005.mp3","qpc_uthmani_hafs":"وَٱسۡجُدُواْۤ","char_type_name":"word","page_number":341,"line_number":8,"text":"ﮙ","translation":{"text":"and prostrate","language_name":"english","language_id":38},"transliteration":{"text":"wa-us'judū","language_name":"english","language_id":38}},{"id":62753,"position":6,"audio_url":"wbw/022_077_006.mp3","qpc_uthmani_hafs":"وَٱعۡبُدُواْ","char_type_name":"word","page_number":341,"line_number":8,"text":"ﮚ","translation":{"text":"and worship","language_name":"english","language_id":38},"transliteration":{"text":"wa-uʿ'budū","language_name":"english","language_id":38}},{"id":62754,"position":7,"audio_url":"wbw/022_077_007.mp3","qpc_uthmani_hafs":"رَبَّكُمۡ","char_type_name":"word","page_number":341,"line_number":9,"text":"ﮛ","translation":{"text":"your Lord","language_name":"english","language_id":38},"transliteration":{"text":"rabbakum","language_name":"english","language_id":38}},{"id":62755,"position":8,"audio_url":"wbw/022_077_008.mp3","qpc_uthmani_hafs":"وَٱفۡعَلُواْ","char_type_name":"word","page_number":341,"line_number":9,"text":"ﮜ","translation":{"text":"and do","language_name":"english","language_id":38},"transliteration":{"text":"wa-if'ʿalū","language_name":"english","language_id":38}},{"id":62756,"position":9,"audio_url":"wbw/022_077_009.mp3","qpc_uthmani_hafs":"ٱلۡخَيۡرَ","char_type_name":"word","page_number":341,"line_number":9,"text":"ﮝ","translation":{"text":"[the] good","language_name":"english","language_id":38},"transliteration":{"text":"l-khayra","language_name":"english","language_id":38}},{"id":62757,"position":10,"audio_url":"wbw/022_077_010.mp3","qpc_uthmani_hafs":"لَعَلَّكُمۡ","char_type_name":"word","page_number":341,"line_number":9,"text":"ﮞ","translation":{"text":"so that you may","language_name":"english","language_id":38},"transliteration":{"text":"laʿallakum","language_name":"english","language_id":38}},{"id":62758,"position":11,"audio_url":"wbw/022_077_011.mp3","qpc_uthmani_hafs":"تُفۡلِحُونَ ۩","char_type_name":"word","page_number":341,"line_number":9,"text":"ﮟﮠ","translation":{"text":"be successful","language_name":"english","language_id":38},"transliteration":{"text":"tuf'liḥūna","language_name":"english","language_id":38}},{"id":62760,"position":12,"audio_url":"","qpc_uthmani_hafs":"٧٧","char_type_name":"end","page_number":341,"line_number":9,"text":"ﮡ","translation":{"text":"(77)","language_name":"english","language_id":38},"transliteration":{"text":"","language_name":"english","language_id":38}}],"translations":[{"id":919101,"resource_id":134,"text":"Hai orang-orang yang beriman, rukuklah kamu, sujudlah kamu, sembahlah Tuhan-mu, dan perbuatlah kebajikan supaya kamu mendapat kemenangan."}]},{"id":2673,"verse_number":78,"verse_key":"22:78","juz_number":17,"hizb_number":34,"rub_el_hizb_number":136,"ruku_number":294,"manzil_number":4,"sajdah_number":null,"text_uthmani":"وَجَـٰهِدُوا۟ فِى ٱللَّهِ حَقَّ جِهَادِهِۦ ۚ هُوَ ٱجْتَبَىٰكُمْ وَمَا جَعَلَ عَلَيْكُمْ فِى ٱلدِّينِ مِنْ حَرَجٍ ۚ مِّلَّةَ أَبِيكُمْ إِبْرَٰهِيمَ ۚ هُوَ سَمَّىٰكُمُ ٱلْمُسْلِمِينَ مِن قَبْلُ وَفِى هَـٰذَا لِيَكُونَ ٱلرَّسُولُ شَهِيدًا عَلَيْكُمْ وَتَكُونُوا۟ شُهَدَآءَ عَلَى ٱلنَّاسِ ۚ فَأَقِيمُوا۟ ٱلصَّلَوٰةَ وَءَاتُوا۟ ٱلزَّكَوٰةَ وَٱعْتَصِمُوا۟ بِٱللَّهِ هُوَ مَوْلَىٰكُمْ ۖ فَنِعْمَ ٱلْمَوْلَىٰ وَنِعْمَ ٱلنَّصِيرُ","page_number":341,"words":[{"id":63294,"position":1,"audio_url":"wbw/022_078_001.mp3","qpc_uthmani_hafs":"وَجَٰهِدُواْ","char_type_name":"word","page_number":341,"line_number":10,"text":"ﮢ","translation":{"text":"And strive","language_name":"english","language_id":38},"transliteration":{"text":"wajāhidū","language_name":"english","language_id":38}},{"id":63295,"position":2,"audio_url":"wbw/022_078_002.mp3","qpc_uthmani_hafs":"فِي","char_type_name":"word","page_number":341,"line_number":10,"text":"ﮣ","translation":{"text":"for","language_name":"english","language_id":38},"transliteration":{"text":"fī","language_name":"english","language_id":38}},{"id":63296,"position":3,"audio_url":"wbw/022_078_003.mp3","qpc_uthmani_hafs":"ٱللَّهِ","char_type_name":"word","page_number":341,"line_number":10,"text":"ﮤ","translation":{"text":"Allah","language_name":"english","language_id":38},"transliteration":{"text":"l-lahi","language_name":"english","language_id":38}},{"id":63297,"position":4,"audio_url":"wbw/022_078_004.mp3","qpc_uthmani_hafs":"حَقَّ","char_type_name":"word","page_number":341,"line_number":10,"text":"ﮥ","translation":{"text":"(with the) striving due (to) Him","language_name":"english","language_id":38},"transliteration":{"text":"ḥaqqa","language_name":"english","language_id":38}},{"id":63298,"position":5,"audio_url":"wbw/022_078_005.mp3","qpc_uthmani_hafs":"جِهَادِهِۦۚ","char_type_name":"word","page_number":341,"line_number":10,"text":"ﮦﮧ","translation":{"text":"(with the) striving due (to) Him","language_name":"english","language_id":38},"transliteration":{"text":"jihādihi","language_name":"english","language_id":38}},{"id":63300,"position":6,"audio_url":"wbw/022_078_007.mp3","qpc_uthmani_hafs":"هُوَ","char_type_name":"word","page_number":341,"line_number":10,"text":"ﮨ","translation":{"text":"He","language_name":"english","language_id":38},"transliteration":{"text":"huwa","language_name":"english","language_id":38}},{"id":63301,"position":7,"audio_url":"wbw/022_078_008.mp3","qpc_uthmani_hafs":"ٱجۡتَبَىٰكُمۡ","char_type_name":"word","page_number":341,"line_number":10,"text":"ﮩ","translation":{"text":"(has) chosen you","language_name":"english","language_id":38},"transliteration":{"text":"ij'tabākum","language_name":"english","language_id":38}},{"id":63302,"position":8,"audio_url":"wbw/022_078_009.mp3","qpc_uthmani_hafs":"وَمَا","char_type_name":"word","page_number":341,"line_number":10,"text":"ﮪ","translation":{"text":"and not","language_name":"english","language_id":38},"transliteration":{"text":"wamā","language_name":"english","language_id":38}},{"id":63303,"position":9,"audio_url":"wbw/022_078_010.mp3","qpc_uthmani_hafs":"جَعَلَ","char_type_name":"word","page_number":341,"line_number":10,"text":"ﮫ","translation":{"text":"placed","language_name":"english","language_id":38},"transliteration":{"text":"jaʿala","language_name":"english","language_id":38}},{"id":63304,"position":10,"audio_url":"wbw/022_078_011.mp3","qpc_uthmani_hafs":"عَلَيۡكُمۡ","char_type_name":"word","page_number":341,"line_number":11,"text":"ﮬ","translation":{"text":"upon you","language_name":"english","language_id":38},"transliteration":{"text":"ʿalaykum","language_name":"english","language_id":38}},{"id":63305,"position":11,"audio_url":"wbw/022_078_012.mp3","qpc_uthmani_hafs":"فِي","char_type_name":"word","page_number":341,"line_number":11,"text":"ﮭ","translation":{"text":"in","language_name":"english","language_id":38},"transliteration":{"text":"fī","language_name":"english","language_id":38}},{"id":63306,"position":12,"audio_url":"wbw/022_078_013.mp3","qpc_uthmani_hafs":"ٱلدِّينِ","char_type_name":"word","page_number":341,"line_number":11,"text":"ﮮ","translation":{"text":"the religion","language_name":"english","language_id":38},"transliteration":{"text":"l-dīni","language_name":"english","language_id":38}},{"id":63307,"position":13,"audio_url":"wbw/022_078_014.mp3","qpc_uthmani_hafs":"مِنۡ","char_type_name":"word","page_number":341,"line_number":11,"text":"ﮯ","translation":{"text":"any","language_name":"english","language_id":38},"transliteration":{"text":"min","language_name":"english","language_id":38}},{"id":63308,"position":14,"audio_url":"wbw/022_078_015.mp3","qpc_uthmani_hafs":"حَرَجٖۚ","char_type_name":"word","page_number":341,"line_number":11,"text":"ﮰﮱ","translation":{"text":"difficulty","language_name":"english","language_id":38},"transliteration":{"text":"ḥarajin","language_name":"english","language_id":38}},{"id":63310,"position":15,"audio_url":"wbw/022_078_017.mp3","qpc_uthmani_hafs":"مِّلَّةَ","char_type_name":"word","page_number":341,"line_number":11,"text":"ﯓ","translation":{"text":"(The) religion","language_name":"english","language_id":38},"transliteration":{"text":"millata","language_name":"english","language_id":38}},{"id":63311,"position":16,"audio_url":"wbw/022_078_018.mp3","qpc_uthmani_hafs":"أَبِيكُمۡ","char_type_name":"word","page_number":341,"line_number":11,"text":"ﯔ","translation":{"text":"(of) your father","language_name":"english","language_id":38},"transliteration":{"text":"abīkum","language_name":"english","language_id":38}},{"id":63312,"position":17,"audio_url":"wbw/022_078_019.mp3","qpc_uthmani_hafs":"إِبۡرَٰهِيمَۚ","char_type_name":"word","page_number":341,"line_number":11,"text":"ﯕﯖ","translation":{"text":"Ibrahim","language_name":"english","language_id":38},"transliteration":{"text":"ib'rāhīma","language_name":"english","language_id":38}},{"id":63314,"position":18,"audio_url":"wbw/022_078_021.mp3","qpc_uthmani_hafs":"هُوَ","char_type_name":"word","page_number":341,"line_number":11,"text":"ﯗ","translation":{"text":"He","language_name":"english","language_id":38},"transliteration":{"text":"huwa","language_name":"english","language_id":38}},{"id":63315,"position":19,"audio_url":"wbw/022_078_022.mp3","qpc_uthmani_hafs":"سَمَّىٰكُمُ","char_type_name":"word","page_number":341,"line_number":11,"text":"ﯘ","translation":{"text":"named you","language_name":"english","language_id":38},"transliteration":{"text":"sammākumu","language_name":"english","language_id":38}},{"id":63316,"position":20,"audio_url":"wbw/022_078_023.mp3","qpc_uthmani_hafs":"ٱلۡمُسۡلِمِينَ","char_type_name":"word","page_number":341,"line_number":12,"text":"ﯙ","translation":{"text":"Muslims","language_name":"english","language_id":38},"transliteration":{"text":"l-mus'limīna","language_name":"english","language_id":38}},{"id":63317,"position":21,"audio_url":"wbw/022_078_024.mp3","qpc_uthmani_hafs":"مِن","char_type_name":"word","page_number":341,"line_number":12,"text":"ﯚ","translation":{"text":"before","language_name":"english","language_id":38},"transliteration":{"text":"min","language_name":"english","language_id":38}},{"id":63318,"position":22,"audio_url":"wbw/022_078_025.mp3","qpc_uthmani_hafs":"قَبۡلُ","char_type_name":"word","page_number":341,"line_number":12,"text":"ﯛ","translation":{"text":"before","language_name":"english","language_id":38},"transliteration":{"text":"qablu","language_name":"english","language_id":38}},{"id":63319,"position":23,"audio_url":"wbw/022_078_026.mp3","qpc_uthmani_hafs":"وَفِي","char_type_name":"word","page_number":341,"line_number":12,"text":"ﯜ","translation":{"text":"and in","language_name":"english","language_id":38},"transliteration":{"text":"wafī","language_name":"english","language_id":38}},{"id":63320,"position":24,"audio_url":"wbw/022_078_027.mp3","qpc_uthmani_hafs":"هَٰذَا","char_type_name":"word","page_number":341,"line_number":12,"text":"ﯝ","translation":{"text":"this","language_name":"english","language_id":38},"transliteration":{"text":"hādhā","language_name":"english","language_id":38}},{"id":63321,"position":25,"audio_url":"wbw/022_078_028.mp3","qpc_uthmani_hafs":"لِيَكُونَ","char_type_name":"word","page_number":341,"line_number":12,"text":"ﯞ","translation":{"text":"that may be","language_name":"english","language_id":38},"transliteration":{"text":"liyakūna","language_name":"english","language_id":38}},{"id":63322,"position":26,"audio_url":"wbw/022_078_029.mp3","qpc_uthmani_hafs":"ٱلرَّسُولُ","char_type_name":"word","page_number":341,"line_number":12,"text":"ﯟ","translation":{"text":"the Messenger","language_name":"english","language_id":38},"transliteration":{"text":"l-rasūlu","language_name":"english","language_id":38}},{"id":63323,"position":27,"audio_url":"wbw/022_078_030.mp3","qpc_uthmani_hafs":"شَهِيدًا","char_type_name":"word","page_number":341,"line_number":12,"text":"ﯠ","translation":{"text":"a witness","language_name":"english","language_id":38},"transliteration":{"text":"shahīdan","language_name":"english","language_id":38}},{"id":63324,"position":28,"audio_url":"wbw/022_078_031.mp3","qpc_uthmani_hafs":"عَلَيۡكُمۡ","char_type_name":"word","page_number":341,"line_number":12,"text":"ﯡ","translation":{"text":"over you","language_name":"english","language_id":38},"transliteration":{"text":"ʿalaykum","language_name":"english","language_id":38}},{"id":63325,"position":29,"audio_url":"wbw/022_078_032.mp3","qpc_uthmani_hafs":"وَتَكُونُواْ","char_type_name":"word","page_number":341,"line_number":13,"text":"ﯢ","translation":{"text":"and you may be","language_name":"english","language_id":38},"transliteration":{"text":"watakūnū","language_name":"english","language_id":38}},{"id":63326,"position":30,"audio_url":"wbw/022_078_033.mp3","qpc_uthmani_hafs":"شُهَدَآءَ","char_type_name":"word","page_number":341,"line_number":13,"text":"ﯣ","translation":{"text":"witnesses","language_name":"english","language_id":38},"transliteration":{"text":"shuhadāa","language_name":"english","language_id":38}},{"id":63327,"position":31,"audio_url":"wbw/022_078_034.mp3","qpc_uthmani_hafs":"عَلَى","char_type_name":"word","page_number":341,"line_number":13,"text":"ﯤ","translation":{"text":"on","language_name":"english","language_id":38},"transliteration":{"text":"ʿalā","language_name":"english","language_id":38}},{"id":63328,"position":32,"audio_url":"wbw/022_078_035.mp3","qpc_uthmani_hafs":"ٱلنَّاسِۚ","char_type_name":"word","page_number":341,"line_number":13,"text":"ﯥﯦ","translation":{"text":"the mankind","language_name":"english","language_id":38},"transliteration":{"text":"l-nāsi","language_name":"english","language_id":38}},{"id":63330,"position":33,"audio_url":"wbw/022_078_037.mp3","qpc_uthmani_hafs":"فَأَقِيمُواْ","char_type_name":"word","page_number":341,"line_number":13,"text":"ﯧ","translation":{"text":"So establish","language_name":"english","language_id":38},"transliteration":{"text":"fa-aqīmū","language_name":"english","language_id":38}},{"id":63331,"position":34,"audio_url":"wbw/022_078_038.mp3","qpc_uthmani_hafs":"ٱلصَّلَوٰةَ","char_type_name":"word","page_number":341,"line_number":13,"text":"ﯨ","translation":{"text":"the prayer","language_name":"english","language_id":38},"transliteration":{"text":"l-ṣalata","language_name":"english","language_id":38}},{"id":63332,"position":35,"audio_url":"wbw/022_078_039.mp3","qpc_uthmani_hafs":"وَءَاتُواْ","char_type_name":"word","page_number":341,"line_number":13,"text":"ﯩ","translation":{"text":"and give","language_name":"english","language_id":38},"transliteration":{"text":"waātū","language_name":"english","language_id":38}},{"id":63333,"position":36,"audio_url":"wbw/022_078_040.mp3","qpc_uthmani_hafs":"ٱلزَّكَوٰةَ","char_type_name":"word","page_number":341,"line_number":13,"text":"ﯪ","translation":{"text":"zakah","language_name":"english","language_id":38},"transliteration":{"text":"l-zakata","language_name":"english","language_id":38}},{"id":63334,"position":37,"audio_url":"wbw/022_078_041.mp3","qpc_uthmani_hafs":"وَٱعۡتَصِمُواْ","char_type_name":"word","page_number":341,"line_number":14,"text":"ﯫ","translation":{"text":"and hold fast","language_name":"english","language_id":38},"transliteration":{"text":"wa-iʿ'taṣimū","language_name":"english","language_id":38}},{"id":63335,"position":38,"audio_url":"wbw/022_078_042.mp3","qpc_uthmani_hafs":"بِٱللَّهِ","char_type_name":"word","page_number":341,"line_number":14,"text":"ﯬ","translation":{"text":"to Allah","language_name":"english","language_id":38},"transliteration":{"text":"bil-lahi","language_name":"english","language_id":38}},{"id":63336,"position":39,"audio_url":"wbw/022_078_043.mp3","qpc_uthmani_hafs":"هُوَ","char_type_name":"word","page_number":341,"line_number":14,"text":"ﯭ","translation":{"text":"He","language_name":"english","language_id":38},"transliteration":{"text":"huwa","language_name":"english","language_id":38}},{"id":63337,"position":40,"audio_url":"wbw/022_078_044.mp3","qpc_uthmani_hafs":"مَوۡلَىٰكُمۡۖ","char_type_name":"word","page_number":341,"line_number":14,"text":"ﯮﯯ","translation":{"text":"(is) your Protector ","language_name":"english","language_id":38},"transliteration":{"text":"mawlākum","language_name":"english","language_id":38}},{"id":63339,"position":41,"audio_url":"wbw/022_078_046.mp3","qpc_uthmani_hafs":"فَنِعۡمَ","char_type_name":"word","page_number":341,"line_number":14,"text":"ﯰ","translation":{"text":"so an Excellent","language_name":"english","language_id":38},"transliteration":{"text":"faniʿ'ma","language_name":"english","language_id":38}},{"id":63340,"position":42,"audio_url":"wbw/022_078_047.mp3","qpc_uthmani_hafs":"ٱلۡمَوۡلَىٰ","char_type_name":"word","page_number":341,"line_number":14,"text":"ﯱ","translation":{"text":"[the] Protector","language_name":"english","language_id":38},"transliteration":{"text":"l-mawlā","language_name":"english","language_id":38}},{"id":63341,"position":43,"audio_url":"wbw/022_078_048.mp3","qpc_uthmani_hafs":"وَنِعۡمَ","char_type_name":"word","page_number":341,"line_number":14,"text":"ﯲ","translation":{"text":"and an Excellent","language_name":"english","language_id":38},"transliteration":{"text":"waniʿ'ma","language_name":"english","language_id":38}},{"id":63342,"position":44,"audio_url":"wbw/022_078_049.mp3","qpc_uthmani_hafs":"ٱلنَّصِيرُ","char_type_name":"word","page_number":341,"line_number":14,"text":"ﯳ","translation":{"text":"[the] Helper","language_name":"english","language_id":38},"transliteration":{"text":"l-naṣīru","language_name":"english","language_id":38}},{"id":63343,"position":45,"audio_url":null,"qpc_uthmani_hafs":"٧٨","char_type_name":"end","page_number":341,"line_number":14,"text":"ﯴ","translation":{"text":"(78)","language_name":"english","language_id":38},"transliteration":{"text":null,"language_name":"english","language_id":38}}],"translations":[{"id":919102,"resource_id":134,"text":"Dan berjihadlah kamu di jalan Allah dengan jihad yang sebenar-benarnya.  Dia telah memilih kamu dan Dia sekali-kali tidak menjadikan untuk kamu dalam agama suatu kesempitan.  (Ikutilah) agama orang tuamu Ibrāhīm.  Dia (Allah) telah menamai kamu sekalian orang-orang muslim dari dahulu <sup foot_note=210762>1</sup> dan (begitu pula) dalam (Al-Qur`ān) ini supaya rasul itu menjadi saksi atas dirimu dan supaya kamu semua menjadi saksi atas segenap manusia, maka dirikanlah sembahyang, tunaikanlah zakat, dan berpeganglah kamu pada tali Allah.  Dia adalah Pelindungmu, maka Dia-lah sebaik-baik Pelindung dan sebaik-baik Penolong."}]}],"pagination":{"per_page":50,"current_page":1,"next_page":null,"total_pages":1,"total_records":6}}