{"verses":[{"id":2845,"verse_number":54,"verse_key":"24:54","juz_number":18,"hizb_number":36,"rub_el_hizb_number":143,"ruku_number":307,"manzil_number":4,"sajdah_number":null,"text_uthmani":"قُلْ أَطِيعُوا۟ ٱللَّهَ وَأَطِيعُوا۟ ٱلرَّسُولَ ۖ فَإِن تَوَلَّوْا۟ فَإِنَّمَا عَلَيْهِ مَا حُمِّلَ وَعَلَيْكُم مَّا حُمِّلْتُمْ ۖ وَإِن تُطِيعُوهُ تَهْتَدُوا۟ ۚ وَمَا عَلَى ٱلرَّسُولِ إِلَّا ٱلْبَلَـٰغُ ٱلْمُبِينُ","page_number":357,"words":[{"id":51208,"position":1,"audio_url":"wbw/024_054_001.mp3","qpc_uthmani_hafs":"قُلۡ","char_type_name":"word","page_number":357,"line_number":1,"text":"ﭑ","translation":{"text":"Say","language_name":"english","language_id":38},"transliteration":{"text":"qul","language_name":"english","language_id":38}},{"id":51209,"position":2,"audio_url":"wbw/024_054_002.mp3","qpc_uthmani_hafs":"أَطِيعُواْ","char_type_name":"word","page_number":357,"line_number":1,"text":"ﭒ","translation":{"text":"Obey","language_name":"english","language_id":38},"transliteration":{"text":"aṭīʿū","language_name":"english","language_id":38}},{"id":51210,"position":3,"audio_url":"wbw/024_054_003.mp3","qpc_uthmani_hafs":"ٱللَّهَ","char_type_name":"word","page_number":357,"line_number":1,"text":"ﭓ","translation":{"text":"Allah","language_name":"english","language_id":38},"transliteration":{"text":"l-laha","language_name":"english","language_id":38}},{"id":51211,"position":4,"audio_url":"wbw/024_054_004.mp3","qpc_uthmani_hafs":"وَأَطِيعُواْ","char_type_name":"word","page_number":357,"line_number":1,"text":"ﭔ","translation":{"text":"and obey","language_name":"english","language_id":38},"transliteration":{"text":"wa-aṭīʿū","language_name":"english","language_id":38}},{"id":51212,"position":5,"audio_url":"wbw/024_054_005.mp3","qpc_uthmani_hafs":"ٱلرَّسُولَۖ","char_type_name":"word","page_number":357,"line_number":1,"text":"ﭕﭖ","translation":{"text":"the Messenger","language_name":"english","language_id":38},"transliteration":{"text":"l-rasūla","language_name":"english","language_id":38}},{"id":51214,"position":6,"audio_url":"wbw/024_054_007.mp3","qpc_uthmani_hafs":"فَإِن","char_type_name":"word","page_number":357,"line_number":1,"text":"ﭗ","translation":{"text":"but if","language_name":"english","language_id":38},"transliteration":{"text":"fa-in","language_name":"english","language_id":38}},{"id":51215,"position":7,"audio_url":"wbw/024_054_008.mp3","qpc_uthmani_hafs":"تَوَلَّوۡاْ","char_type_name":"word","page_number":357,"line_number":1,"text":"ﭘ","translation":{"text":"you turn away","language_name":"english","language_id":38},"transliteration":{"text":"tawallaw","language_name":"english","language_id":38}},{"id":51216,"position":8,"audio_url":"wbw/024_054_009.mp3","qpc_uthmani_hafs":"فَإِنَّمَا","char_type_name":"word","page_number":357,"line_number":1,"text":"ﭙ","translation":{"text":"then only","language_name":"english","language_id":38},"transliteration":{"text":"fa-innamā","language_name":"english","language_id":38}},{"id":51217,"position":9,"audio_url":"wbw/024_054_010.mp3","qpc_uthmani_hafs":"عَلَيۡهِ","char_type_name":"word","page_number":357,"line_number":1,"text":"ﭚ","translation":{"text":"upon him","language_name":"english","language_id":38},"transliteration":{"text":"ʿalayhi","language_name":"english","language_id":38}},{"id":51218,"position":10,"audio_url":"wbw/024_054_011.mp3","qpc_uthmani_hafs":"مَا","char_type_name":"word","page_number":357,"line_number":1,"text":"ﭛ","translation":{"text":"(is) what","language_name":"english","language_id":38},"transliteration":{"text":"mā","language_name":"english","language_id":38}},{"id":51219,"position":11,"audio_url":"wbw/024_054_012.mp3","qpc_uthmani_hafs":"حُمِّلَ","char_type_name":"word","page_number":357,"line_number":1,"text":"ﭜ","translation":{"text":"(is) placed on him","language_name":"english","language_id":38},"transliteration":{"text":"ḥummila","language_name":"english","language_id":38}},{"id":51220,"position":12,"audio_url":"wbw/024_054_013.mp3","qpc_uthmani_hafs":"وَعَلَيۡكُم","char_type_name":"word","page_number":357,"line_number":2,"text":"ﭝ","translation":{"text":"and on you","language_name":"english","language_id":38},"transliteration":{"text":"waʿalaykum","language_name":"english","language_id":38}},{"id":51221,"position":13,"audio_url":"wbw/024_054_014.mp3","qpc_uthmani_hafs":"مَّا","char_type_name":"word","page_number":357,"line_number":2,"text":"ﭞ","translation":{"text":"(is) what","language_name":"english","language_id":38},"transliteration":{"text":"mā","language_name":"english","language_id":38}},{"id":51222,"position":14,"audio_url":"wbw/024_054_015.mp3","qpc_uthmani_hafs":"حُمِّلۡتُمۡۖ","char_type_name":"word","page_number":357,"line_number":2,"text":"ﭟﭠ","translation":{"text":"(is) placed on you","language_name":"english","language_id":38},"transliteration":{"text":"ḥummil'tum","language_name":"english","language_id":38}},{"id":51224,"position":15,"audio_url":"wbw/024_054_017.mp3","qpc_uthmani_hafs":"وَإِن","char_type_name":"word","page_number":357,"line_number":2,"text":"ﭡ","translation":{"text":"And if","language_name":"english","language_id":38},"transliteration":{"text":"wa-in","language_name":"english","language_id":38}},{"id":51225,"position":16,"audio_url":"wbw/024_054_018.mp3","qpc_uthmani_hafs":"تُطِيعُوهُ","char_type_name":"word","page_number":357,"line_number":2,"text":"ﭢ","translation":{"text":"you obey him","language_name":"english","language_id":38},"transliteration":{"text":"tuṭīʿūhu","language_name":"english","language_id":38}},{"id":51226,"position":17,"audio_url":"wbw/024_054_019.mp3","qpc_uthmani_hafs":"تَهۡتَدُواْۚ","char_type_name":"word","page_number":357,"line_number":2,"text":"ﭣﭤ","translation":{"text":"you will be guided","language_name":"english","language_id":38},"transliteration":{"text":"tahtadū","language_name":"english","language_id":38}},{"id":51228,"position":18,"audio_url":"wbw/024_054_021.mp3","qpc_uthmani_hafs":"وَمَا","char_type_name":"word","page_number":357,"line_number":2,"text":"ﭥ","translation":{"text":"And not","language_name":"english","language_id":38},"transliteration":{"text":"wamā","language_name":"english","language_id":38}},{"id":51229,"position":19,"audio_url":"wbw/024_054_022.mp3","qpc_uthmani_hafs":"عَلَى","char_type_name":"word","page_number":357,"line_number":2,"text":"ﭦ","translation":{"text":"(is) on","language_name":"english","language_id":38},"transliteration":{"text":"ʿalā","language_name":"english","language_id":38}},{"id":51230,"position":20,"audio_url":"wbw/024_054_023.mp3","qpc_uthmani_hafs":"ٱلرَّسُولِ","char_type_name":"word","page_number":357,"line_number":2,"text":"ﭧ","translation":{"text":"the Messenger","language_name":"english","language_id":38},"transliteration":{"text":"l-rasūli","language_name":"english","language_id":38}},{"id":51231,"position":21,"audio_url":"wbw/024_054_024.mp3","qpc_uthmani_hafs":"إِلَّا","char_type_name":"word","page_number":357,"line_number":3,"text":"ﭨ","translation":{"text":"except","language_name":"english","language_id":38},"transliteration":{"text":"illā","language_name":"english","language_id":38}},{"id":51232,"position":22,"audio_url":"wbw/024_054_025.mp3","qpc_uthmani_hafs":"ٱلۡبَلَٰغُ","char_type_name":"word","page_number":357,"line_number":3,"text":"ﭩ","translation":{"text":"the conveyance","language_name":"english","language_id":38},"transliteration":{"text":"l-balāghu","language_name":"english","language_id":38}},{"id":51233,"position":23,"audio_url":"wbw/024_054_026.mp3","qpc_uthmani_hafs":"ٱلۡمُبِينُ","char_type_name":"word","page_number":357,"line_number":3,"text":"ﭪ","translation":{"text":"[the] clear","language_name":"english","language_id":38},"transliteration":{"text":"l-mubīnu","language_name":"english","language_id":38}},{"id":51234,"position":24,"audio_url":null,"qpc_uthmani_hafs":"٥٤","char_type_name":"end","page_number":357,"line_number":3,"text":"ﭫ","translation":{"text":"(54)","language_name":"english","language_id":38},"transliteration":{"text":null,"language_name":"english","language_id":38}}],"translations":[{"id":919274,"resource_id":134,"text":"Katakanlah, Taat kepada Allah dan taatlah kepada rasul dan jika kamu berpaling maka sesungguhnya kewajiban rasul itu adalah apa yang dibebankan kepadanya dan kewajiban kamu sekalian adalah semata-mata apa yang dibebankan kepadamu.  Dan jika kamu taat kepadanya, niscaya kamu mendapat petunjuk.  Dan tidak lain kewajiban rasul itu, melainkan menyampaikan (amanat Allah) dengan terang.\""}]},{"id":2846,"verse_number":55,"verse_key":"24:55","juz_number":18,"hizb_number":36,"rub_el_hizb_number":143,"ruku_number":307,"manzil_number":4,"sajdah_number":null,"text_uthmani":"وَعَدَ ٱللَّهُ ٱلَّذِينَ ءَامَنُوا۟ مِنكُمْ وَعَمِلُوا۟ ٱلصَّـٰلِحَـٰتِ لَيَسْتَخْلِفَنَّهُمْ فِى ٱلْأَرْضِ كَمَا ٱسْتَخْلَفَ ٱلَّذِينَ مِن قَبْلِهِمْ وَلَيُمَكِّنَنَّ لَهُمْ دِينَهُمُ ٱلَّذِى ٱرْتَضَىٰ لَهُمْ وَلَيُبَدِّلَنَّهُم مِّنۢ بَعْدِ خَوْفِهِمْ أَمْنًا ۚ يَعْبُدُونَنِى لَا يُشْرِكُونَ بِى شَيْـًٔا ۚ وَمَن كَفَرَ بَعْدَ ذَٰلِكَ فَأُو۟لَـٰٓئِكَ هُمُ ٱلْفَـٰسِقُونَ","page_number":357,"words":[{"id":51733,"position":1,"audio_url":"wbw/024_055_001.mp3","qpc_uthmani_hafs":"وَعَدَ","char_type_name":"word","page_number":357,"line_number":3,"text":"ﭬ","translation":{"text":"Allah (has) promised","language_name":"english","language_id":38},"transliteration":{"text":"waʿada","language_name":"english","language_id":38}},{"id":51734,"position":2,"audio_url":"wbw/024_055_002.mp3","qpc_uthmani_hafs":"ٱللَّهُ","char_type_name":"word","page_number":357,"line_number":3,"text":"ﭭ","translation":{"text":"Allah (has) promised","language_name":"english","language_id":38},"transliteration":{"text":"l-lahu","language_name":"english","language_id":38}},{"id":51735,"position":3,"audio_url":"wbw/024_055_003.mp3","qpc_uthmani_hafs":"ٱلَّذِينَ","char_type_name":"word","page_number":357,"line_number":3,"text":"ﭮ","translation":{"text":"those who","language_name":"english","language_id":38},"transliteration":{"text":"alladhīna","language_name":"english","language_id":38}},{"id":51736,"position":4,"audio_url":"wbw/024_055_004.mp3","qpc_uthmani_hafs":"ءَامَنُواْ","char_type_name":"word","page_number":357,"line_number":3,"text":"ﭯ","translation":{"text":"believe","language_name":"english","language_id":38},"transliteration":{"text":"āmanū","language_name":"english","language_id":38}},{"id":51737,"position":5,"audio_url":"wbw/024_055_005.mp3","qpc_uthmani_hafs":"مِنكُمۡ","char_type_name":"word","page_number":357,"line_number":3,"text":"ﭰ","translation":{"text":"among you","language_name":"english","language_id":38},"transliteration":{"text":"minkum","language_name":"english","language_id":38}},{"id":51738,"position":6,"audio_url":"wbw/024_055_006.mp3","qpc_uthmani_hafs":"وَعَمِلُواْ","char_type_name":"word","page_number":357,"line_number":3,"text":"ﭱ","translation":{"text":"and do","language_name":"english","language_id":38},"transliteration":{"text":"waʿamilū","language_name":"english","language_id":38}},{"id":51739,"position":7,"audio_url":"wbw/024_055_007.mp3","qpc_uthmani_hafs":"ٱلصَّٰلِحَٰتِ","char_type_name":"word","page_number":357,"line_number":4,"text":"ﭲ","translation":{"text":"righteous deeds","language_name":"english","language_id":38},"transliteration":{"text":"l-ṣāliḥāti","language_name":"english","language_id":38}},{"id":51740,"position":8,"audio_url":"wbw/024_055_008.mp3","qpc_uthmani_hafs":"لَيَسۡتَخۡلِفَنَّهُمۡ","char_type_name":"word","page_number":357,"line_number":4,"text":"ﭳ","translation":{"text":"surely He will grant them succession","language_name":"english","language_id":38},"transliteration":{"text":"layastakhlifannahum","language_name":"english","language_id":38}},{"id":51741,"position":9,"audio_url":"wbw/024_055_009.mp3","qpc_uthmani_hafs":"فِي","char_type_name":"word","page_number":357,"line_number":4,"text":"ﭴ","translation":{"text":"in","language_name":"english","language_id":38},"transliteration":{"text":"fī","language_name":"english","language_id":38}},{"id":51742,"position":10,"audio_url":"wbw/024_055_010.mp3","qpc_uthmani_hafs":"ٱلۡأَرۡضِ","char_type_name":"word","page_number":357,"line_number":4,"text":"ﭵ","translation":{"text":"the earth","language_name":"english","language_id":38},"transliteration":{"text":"l-arḍi","language_name":"english","language_id":38}},{"id":51743,"position":11,"audio_url":"wbw/024_055_011.mp3","qpc_uthmani_hafs":"كَمَا","char_type_name":"word","page_number":357,"line_number":4,"text":"ﭶ","translation":{"text":"as","language_name":"english","language_id":38},"transliteration":{"text":"kamā","language_name":"english","language_id":38}},{"id":51744,"position":12,"audio_url":"wbw/024_055_012.mp3","qpc_uthmani_hafs":"ٱسۡتَخۡلَفَ","char_type_name":"word","page_number":357,"line_number":4,"text":"ﭷ","translation":{"text":"He gave succession","language_name":"english","language_id":38},"transliteration":{"text":"is'takhlafa","language_name":"english","language_id":38}},{"id":51745,"position":13,"audio_url":"wbw/024_055_013.mp3","qpc_uthmani_hafs":"ٱلَّذِينَ","char_type_name":"word","page_number":357,"line_number":5,"text":"ﭸ","translation":{"text":"to those who","language_name":"english","language_id":38},"transliteration":{"text":"alladhīna","language_name":"english","language_id":38}},{"id":51746,"position":14,"audio_url":"wbw/024_055_014.mp3","qpc_uthmani_hafs":"مِن","char_type_name":"word","page_number":357,"line_number":5,"text":"ﭹ","translation":{"text":"(were) before them","language_name":"english","language_id":38},"transliteration":{"text":"min","language_name":"english","language_id":38}},{"id":51747,"position":15,"audio_url":"wbw/024_055_015.mp3","qpc_uthmani_hafs":"قَبۡلِهِمۡ","char_type_name":"word","page_number":357,"line_number":5,"text":"ﭺ","translation":{"text":"(were) before them","language_name":"english","language_id":38},"transliteration":{"text":"qablihim","language_name":"english","language_id":38}},{"id":51748,"position":16,"audio_url":"wbw/024_055_016.mp3","qpc_uthmani_hafs":"وَلَيُمَكِّنَنَّ","char_type_name":"word","page_number":357,"line_number":5,"text":"ﭻ","translation":{"text":"and that He will surely establish","language_name":"english","language_id":38},"transliteration":{"text":"walayumakkinanna","language_name":"english","language_id":38}},{"id":51749,"position":17,"audio_url":"wbw/024_055_017.mp3","qpc_uthmani_hafs":"لَهُمۡ","char_type_name":"word","page_number":357,"line_number":5,"text":"ﭼ","translation":{"text":"for them","language_name":"english","language_id":38},"transliteration":{"text":"lahum","language_name":"english","language_id":38}},{"id":51750,"position":18,"audio_url":"wbw/024_055_018.mp3","qpc_uthmani_hafs":"دِينَهُمُ","char_type_name":"word","page_number":357,"line_number":5,"text":"ﭽ","translation":{"text":"their religion","language_name":"english","language_id":38},"transliteration":{"text":"dīnahumu","language_name":"english","language_id":38}},{"id":51751,"position":19,"audio_url":"wbw/024_055_019.mp3","qpc_uthmani_hafs":"ٱلَّذِي","char_type_name":"word","page_number":357,"line_number":5,"text":"ﭾ","translation":{"text":"which","language_name":"english","language_id":38},"transliteration":{"text":"alladhī","language_name":"english","language_id":38}},{"id":51752,"position":20,"audio_url":"wbw/024_055_020.mp3","qpc_uthmani_hafs":"ٱرۡتَضَىٰ","char_type_name":"word","page_number":357,"line_number":5,"text":"ﭿ","translation":{"text":"He has approved","language_name":"english","language_id":38},"transliteration":{"text":"ir'taḍā","language_name":"english","language_id":38}},{"id":51753,"position":21,"audio_url":"wbw/024_055_021.mp3","qpc_uthmani_hafs":"لَهُمۡ","char_type_name":"word","page_number":357,"line_number":5,"text":"ﮀ","translation":{"text":"for them","language_name":"english","language_id":38},"transliteration":{"text":"lahum","language_name":"english","language_id":38}},{"id":51754,"position":22,"audio_url":"wbw/024_055_022.mp3","qpc_uthmani_hafs":"وَلَيُبَدِّلَنَّهُم","char_type_name":"word","page_number":357,"line_number":6,"text":"ﮁ","translation":{"text":"and surely He will change for them","language_name":"english","language_id":38},"transliteration":{"text":"walayubaddilannahum","language_name":"english","language_id":38}},{"id":51755,"position":23,"audio_url":"wbw/024_055_023.mp3","qpc_uthmani_hafs":"مِّنۢ","char_type_name":"word","page_number":357,"line_number":6,"text":"ﮂ","translation":{"text":"after","language_name":"english","language_id":38},"transliteration":{"text":"min","language_name":"english","language_id":38}},{"id":51756,"position":24,"audio_url":"wbw/024_055_024.mp3","qpc_uthmani_hafs":"بَعۡدِ","char_type_name":"word","page_number":357,"line_number":6,"text":"ﮃ","translation":{"text":"after","language_name":"english","language_id":38},"transliteration":{"text":"baʿdi","language_name":"english","language_id":38}},{"id":51757,"position":25,"audio_url":"wbw/024_055_025.mp3","qpc_uthmani_hafs":"خَوۡفِهِمۡ","char_type_name":"word","page_number":357,"line_number":6,"text":"ﮄ","translation":{"text":"their fear","language_name":"english","language_id":38},"transliteration":{"text":"khawfihim","language_name":"english","language_id":38}},{"id":51758,"position":26,"audio_url":"wbw/024_055_026.mp3","qpc_uthmani_hafs":"أَمۡنٗاۚ","char_type_name":"word","page_number":357,"line_number":6,"text":"ﮅﮆ","translation":{"text":"security","language_name":"english","language_id":38},"transliteration":{"text":"amnan","language_name":"english","language_id":38}},{"id":51760,"position":27,"audio_url":"wbw/024_055_028.mp3","qpc_uthmani_hafs":"يَعۡبُدُونَنِي","char_type_name":"word","page_number":357,"line_number":6,"text":"ﮇ","translation":{"text":"(for) they worship Me","language_name":"english","language_id":38},"transliteration":{"text":"yaʿbudūnanī","language_name":"english","language_id":38}},{"id":51761,"position":28,"audio_url":"wbw/024_055_029.mp3","qpc_uthmani_hafs":"لَا","char_type_name":"word","page_number":357,"line_number":6,"text":"ﮈ","translation":{"text":"not","language_name":"english","language_id":38},"transliteration":{"text":"lā","language_name":"english","language_id":38}},{"id":51762,"position":29,"audio_url":"wbw/024_055_030.mp3","qpc_uthmani_hafs":"يُشۡرِكُونَ","char_type_name":"word","page_number":357,"line_number":6,"text":"ﮉ","translation":{"text":"they associate","language_name":"english","language_id":38},"transliteration":{"text":"yush'rikūna","language_name":"english","language_id":38}},{"id":51763,"position":30,"audio_url":"wbw/024_055_031.mp3","qpc_uthmani_hafs":"بِي","char_type_name":"word","page_number":357,"line_number":6,"text":"ﮊ","translation":{"text":"with Me","language_name":"english","language_id":38},"transliteration":{"text":"bī","language_name":"english","language_id":38}},{"id":51764,"position":31,"audio_url":"wbw/024_055_032.mp3","qpc_uthmani_hafs":"شَيۡـٔٗاۚ","char_type_name":"word","page_number":357,"line_number":7,"text":"ﮋﮌ","translation":{"text":"anything","language_name":"english","language_id":38},"transliteration":{"text":"shayan","language_name":"english","language_id":38}},{"id":51766,"position":32,"audio_url":"wbw/024_055_034.mp3","qpc_uthmani_hafs":"وَمَن","char_type_name":"word","page_number":357,"line_number":7,"text":"ﮍ","translation":{"text":"But whoever","language_name":"english","language_id":38},"transliteration":{"text":"waman","language_name":"english","language_id":38}},{"id":51767,"position":33,"audio_url":"wbw/024_055_035.mp3","qpc_uthmani_hafs":"كَفَرَ","char_type_name":"word","page_number":357,"line_number":7,"text":"ﮎ","translation":{"text":"disbelieved","language_name":"english","language_id":38},"transliteration":{"text":"kafara","language_name":"english","language_id":38}},{"id":51768,"position":34,"audio_url":"wbw/024_055_036.mp3","qpc_uthmani_hafs":"بَعۡدَ","char_type_name":"word","page_number":357,"line_number":7,"text":"ﮏ","translation":{"text":"after","language_name":"english","language_id":38},"transliteration":{"text":"baʿda","language_name":"english","language_id":38}},{"id":51769,"position":35,"audio_url":"wbw/024_055_037.mp3","qpc_uthmani_hafs":"ذَٰلِكَ","char_type_name":"word","page_number":357,"line_number":7,"text":"ﮐ","translation":{"text":"that","language_name":"english","language_id":38},"transliteration":{"text":"dhālika","language_name":"english","language_id":38}},{"id":51770,"position":36,"audio_url":"wbw/024_055_038.mp3","qpc_uthmani_hafs":"فَأُوْلَٰٓئِكَ","char_type_name":"word","page_number":357,"line_number":7,"text":"ﮑ","translation":{"text":"then those","language_name":"english","language_id":38},"transliteration":{"text":"fa-ulāika","language_name":"english","language_id":38}},{"id":51771,"position":37,"audio_url":"wbw/024_055_039.mp3","qpc_uthmani_hafs":"هُمُ","char_type_name":"word","page_number":357,"line_number":7,"text":"ﮒ","translation":{"text":"[they]","language_name":"english","language_id":38},"transliteration":{"text":"humu","language_name":"english","language_id":38}},{"id":51772,"position":38,"audio_url":"wbw/024_055_040.mp3","qpc_uthmani_hafs":"ٱلۡفَٰسِقُونَ","char_type_name":"word","page_number":357,"line_number":7,"text":"ﮓ","translation":{"text":"(are) the defiantly disobedient","language_name":"english","language_id":38},"transliteration":{"text":"l-fāsiqūna","language_name":"english","language_id":38}},{"id":51773,"position":39,"audio_url":null,"qpc_uthmani_hafs":"٥٥","char_type_name":"end","page_number":357,"line_number":7,"text":"ﮔ","translation":{"text":"(55)","language_name":"english","language_id":38},"transliteration":{"text":null,"language_name":"english","language_id":38}}],"translations":[{"id":919275,"resource_id":134,"text":"Dan Allah telah berjanji kepada orang-orang yang beriman di antara kamu dan mengerjakan amal-amal yang saleh bahwa Dia sungguh-sungguh akan menjadikan mereka berkuasa di muka bumi, sebagaimana Dia telah menjadikan orang-orang sebelum mereka berkuasa; dan sungguh Dia akan meneguhkan bagi mereka agama yang telah diridai-Nya untuk mereka; dan Dia benar-benar akan menukar (keadaan) mereka sesudah mereka dalam ketakutan menjadi aman sentosa.  Mereka tetap menyembahku-Ku dengan tiada mempersekutukan sesuatu apa pun dengan Aku.  Dan barang siapa yang (tetap) kafir sesudah (janji) itu, maka mereka itulah orang-orang yang fasik."}]},{"id":2847,"verse_number":56,"verse_key":"24:56","juz_number":18,"hizb_number":36,"rub_el_hizb_number":143,"ruku_number":307,"manzil_number":4,"sajdah_number":null,"text_uthmani":"وَأَقِيمُوا۟ ٱلصَّلَوٰةَ وَءَاتُوا۟ ٱلزَّكَوٰةَ وَأَطِيعُوا۟ ٱلرَّسُولَ لَعَلَّكُمْ تُرْحَمُونَ","page_number":357,"words":[{"id":52137,"position":1,"audio_url":"wbw/024_056_001.mp3","qpc_uthmani_hafs":"وَأَقِيمُواْ","char_type_name":"word","page_number":357,"line_number":8,"text":"ﮕ","translation":{"text":"And establish","language_name":"english","language_id":38},"transliteration":{"text":"wa-aqīmū","language_name":"english","language_id":38}},{"id":52138,"position":2,"audio_url":"wbw/024_056_002.mp3","qpc_uthmani_hafs":"ٱلصَّلَوٰةَ","char_type_name":"word","page_number":357,"line_number":8,"text":"ﮖ","translation":{"text":"the prayer","language_name":"english","language_id":38},"transliteration":{"text":"l-ṣalata","language_name":"english","language_id":38}},{"id":52139,"position":3,"audio_url":"wbw/024_056_003.mp3","qpc_uthmani_hafs":"وَءَاتُواْ","char_type_name":"word","page_number":357,"line_number":8,"text":"ﮗ","translation":{"text":"and give","language_name":"english","language_id":38},"transliteration":{"text":"waātū","language_name":"english","language_id":38}},{"id":52140,"position":4,"audio_url":"wbw/024_056_004.mp3","qpc_uthmani_hafs":"ٱلزَّكَوٰةَ","char_type_name":"word","page_number":357,"line_number":8,"text":"ﮘ","translation":{"text":"zakah","language_name":"english","language_id":38},"transliteration":{"text":"l-zakata","language_name":"english","language_id":38}},{"id":52141,"position":5,"audio_url":"wbw/024_056_005.mp3","qpc_uthmani_hafs":"وَأَطِيعُواْ","char_type_name":"word","page_number":357,"line_number":8,"text":"ﮙ","translation":{"text":"and obey","language_name":"english","language_id":38},"transliteration":{"text":"wa-aṭīʿū","language_name":"english","language_id":38}},{"id":52142,"position":6,"audio_url":"wbw/024_056_006.mp3","qpc_uthmani_hafs":"ٱلرَّسُولَ","char_type_name":"word","page_number":357,"line_number":8,"text":"ﮚ","translation":{"text":"the Messenger","language_name":"english","language_id":38},"transliteration":{"text":"l-rasūla","language_name":"english","language_id":38}},{"id":52143,"position":7,"audio_url":"wbw/024_056_007.mp3","qpc_uthmani_hafs":"لَعَلَّكُمۡ","char_type_name":"word","page_number":357,"line_number":8,"text":"ﮛ","translation":{"text":"so that you may","language_name":"english","language_id":38},"transliteration":{"text":"laʿallakum","language_name":"english","language_id":38}},{"id":52144,"position":8,"audio_url":"wbw/024_056_008.mp3","qpc_uthmani_hafs":"تُرۡحَمُونَ","char_type_name":"word","page_number":357,"line_number":9,"text":"ﮜ","translation":{"text":"receive mercy","language_name":"english","language_id":38},"transliteration":{"text":"tur'ḥamūna","language_name":"english","language_id":38}},{"id":52145,"position":9,"audio_url":null,"qpc_uthmani_hafs":"٥٦","char_type_name":"end","page_number":357,"line_number":9,"text":"ﮝ","translation":{"text":"(56)","language_name":"english","language_id":38},"transliteration":{"text":null,"language_name":"english","language_id":38}}],"translations":[{"id":919276,"resource_id":134,"text":"Dan dirikanlah salat, tunaikanlah zakat, dan taatlah kepada rasul supaya kamu diberi rahmat."}]},{"id":2848,"verse_number":57,"verse_key":"24:57","juz_number":18,"hizb_number":36,"rub_el_hizb_number":143,"ruku_number":307,"manzil_number":4,"sajdah_number":null,"text_uthmani":"لَا تَحْسَبَنَّ ٱلَّذِينَ كَفَرُوا۟ مُعْجِزِينَ فِى ٱلْأَرْضِ ۚ وَمَأْوَىٰهُمُ ٱلنَّارُ ۖ وَلَبِئْسَ ٱلْمَصِيرُ","page_number":357,"words":[{"id":52665,"position":1,"audio_url":"wbw/024_057_001.mp3","qpc_uthmani_hafs":"لَا","char_type_name":"word","page_number":357,"line_number":9,"text":"ﮞ","translation":{"text":"(Do) not","language_name":"english","language_id":38},"transliteration":{"text":"lā","language_name":"english","language_id":38}},{"id":52666,"position":2,"audio_url":"wbw/024_057_002.mp3","qpc_uthmani_hafs":"تَحۡسَبَنَّ","char_type_name":"word","page_number":357,"line_number":9,"text":"ﮟ","translation":{"text":"think","language_name":"english","language_id":38},"transliteration":{"text":"taḥsabanna","language_name":"english","language_id":38}},{"id":52667,"position":3,"audio_url":"wbw/024_057_003.mp3","qpc_uthmani_hafs":"ٱلَّذِينَ","char_type_name":"word","page_number":357,"line_number":9,"text":"ﮠ","translation":{"text":"those who","language_name":"english","language_id":38},"transliteration":{"text":"alladhīna","language_name":"english","language_id":38}},{"id":52668,"position":4,"audio_url":"wbw/024_057_004.mp3","qpc_uthmani_hafs":"كَفَرُواْ","char_type_name":"word","page_number":357,"line_number":9,"text":"ﮡ","translation":{"text":"disbelieve","language_name":"english","language_id":38},"transliteration":{"text":"kafarū","language_name":"english","language_id":38}},{"id":52669,"position":5,"audio_url":"wbw/024_057_005.mp3","qpc_uthmani_hafs":"مُعۡجِزِينَ","char_type_name":"word","page_number":357,"line_number":9,"text":"ﮢ","translation":{"text":"(can) escape","language_name":"english","language_id":38},"transliteration":{"text":"muʿ'jizīna","language_name":"english","language_id":38}},{"id":52670,"position":6,"audio_url":"wbw/024_057_006.mp3","qpc_uthmani_hafs":"فِي","char_type_name":"word","page_number":357,"line_number":9,"text":"ﮣ","translation":{"text":"in","language_name":"english","language_id":38},"transliteration":{"text":"fī","language_name":"english","language_id":38}},{"id":52671,"position":7,"audio_url":"wbw/024_057_007.mp3","qpc_uthmani_hafs":"ٱلۡأَرۡضِۚ","char_type_name":"word","page_number":357,"line_number":9,"text":"ﮤﮥ","translation":{"text":"the earth","language_name":"english","language_id":38},"transliteration":{"text":"l-arḍi","language_name":"english","language_id":38}},{"id":52673,"position":8,"audio_url":"wbw/024_057_009.mp3","qpc_uthmani_hafs":"وَمَأۡوَىٰهُمُ","char_type_name":"word","page_number":357,"line_number":10,"text":"ﮦ","translation":{"text":"And their abode","language_name":"english","language_id":38},"transliteration":{"text":"wamawāhumu","language_name":"english","language_id":38}},{"id":52674,"position":9,"audio_url":"wbw/024_057_010.mp3","qpc_uthmani_hafs":"ٱلنَّارُۖ","char_type_name":"word","page_number":357,"line_number":10,"text":"ﮧﮨ","translation":{"text":"(will be) the Fire","language_name":"english","language_id":38},"transliteration":{"text":"l-nāru","language_name":"english","language_id":38}},{"id":52676,"position":10,"audio_url":"wbw/024_057_012.mp3","qpc_uthmani_hafs":"وَلَبِئۡسَ","char_type_name":"word","page_number":357,"line_number":10,"text":"ﮩ","translation":{"text":"and wretched is","language_name":"english","language_id":38},"transliteration":{"text":"walabi'sa","language_name":"english","language_id":38}},{"id":52677,"position":11,"audio_url":"wbw/024_057_013.mp3","qpc_uthmani_hafs":"ٱلۡمَصِيرُ","char_type_name":"word","page_number":357,"line_number":10,"text":"ﮪ","translation":{"text":"the destination","language_name":"english","language_id":38},"transliteration":{"text":"l-maṣīru","language_name":"english","language_id":38}},{"id":52678,"position":12,"audio_url":null,"qpc_uthmani_hafs":"٥٧","char_type_name":"end","page_number":357,"line_number":10,"text":"ﮫ","translation":{"text":"(57)","language_name":"english","language_id":38},"transliteration":{"text":null,"language_name":"english","language_id":38}}],"translations":[{"id":919277,"resource_id":134,"text":"Janganlah kamu kira bahwa orang-orang yang kafir itu dapat melemahkan (Allah dari mengazab mereka) di bumi ini, sedang tempat tinggal mereka (di akhirat) adalah neraka.  Dan sungguh amat jeleklah tempat kembali itu."}]},{"id":2849,"verse_number":58,"verse_key":"24:58","juz_number":18,"hizb_number":36,"rub_el_hizb_number":143,"ruku_number":308,"manzil_number":4,"sajdah_number":null,"text_uthmani":"يَـٰٓأَيُّهَا ٱلَّذِينَ ءَامَنُوا۟ لِيَسْتَـْٔذِنكُمُ ٱلَّذِينَ مَلَكَتْ أَيْمَـٰنُكُمْ وَٱلَّذِينَ لَمْ يَبْلُغُوا۟ ٱلْحُلُمَ مِنكُمْ ثَلَـٰثَ مَرَّٰتٍ ۚ مِّن قَبْلِ صَلَوٰةِ ٱلْفَجْرِ وَحِينَ تَضَعُونَ ثِيَابَكُم مِّنَ ٱلظَّهِيرَةِ وَمِنۢ بَعْدِ صَلَوٰةِ ٱلْعِشَآءِ ۚ ثَلَـٰثُ عَوْرَٰتٍ لَّكُمْ ۚ لَيْسَ عَلَيْكُمْ وَلَا عَلَيْهِمْ جُنَاحٌۢ بَعْدَهُنَّ ۚ طَوَّٰفُونَ عَلَيْكُم بَعْضُكُمْ عَلَىٰ بَعْضٍ ۚ كَذَٰلِكَ يُبَيِّنُ ٱللَّهُ لَكُمُ ٱلْـَٔايَـٰتِ ۗ وَٱللَّهُ عَلِيمٌ حَكِيمٌ","page_number":357,"words":[{"id":53307,"position":1,"audio_url":"wbw/024_058_001.mp3","qpc_uthmani_hafs":"يَٰٓأَيُّهَا","char_type_name":"word","page_number":357,"line_number":10,"text":"ﮬ","translation":{"text":"O you who believe","language_name":"english","language_id":38},"transliteration":{"text":"yāayyuhā","language_name":"english","language_id":38}},{"id":53308,"position":2,"audio_url":"wbw/024_058_002.mp3","qpc_uthmani_hafs":"ٱلَّذِينَ","char_type_name":"word","page_number":357,"line_number":10,"text":"ﮭ","translation":{"text":"O you who believe","language_name":"english","language_id":38},"transliteration":{"text":"alladhīna","language_name":"english","language_id":38}},{"id":53309,"position":3,"audio_url":"wbw/024_058_003.mp3","qpc_uthmani_hafs":"ءَامَنُواْ","char_type_name":"word","page_number":357,"line_number":10,"text":"ﮮ","translation":{"text":"O you who believe","language_name":"english","language_id":38},"transliteration":{"text":"āmanū","language_name":"english","language_id":38}},{"id":53310,"position":4,"audio_url":"wbw/024_058_004.mp3","qpc_uthmani_hafs":"لِيَسۡتَـٔۡذِنكُمُ","char_type_name":"word","page_number":357,"line_number":11,"text":"ﮯ","translation":{"text":"Let ask your permission","language_name":"english","language_id":38},"transliteration":{"text":"liyastadhinkumu","language_name":"english","language_id":38}},{"id":53311,"position":5,"audio_url":"wbw/024_058_005.mp3","qpc_uthmani_hafs":"ٱلَّذِينَ","char_type_name":"word","page_number":357,"line_number":11,"text":"ﮰ","translation":{"text":"those whom","language_name":"english","language_id":38},"transliteration":{"text":"alladhīna","language_name":"english","language_id":38}},{"id":53312,"position":6,"audio_url":"wbw/024_058_006.mp3","qpc_uthmani_hafs":"مَلَكَتۡ","char_type_name":"word","page_number":357,"line_number":11,"text":"ﮱ","translation":{"text":"possess","language_name":"english","language_id":38},"transliteration":{"text":"malakat","language_name":"english","language_id":38}},{"id":53313,"position":7,"audio_url":"wbw/024_058_007.mp3","qpc_uthmani_hafs":"أَيۡمَٰنُكُمۡ","char_type_name":"word","page_number":357,"line_number":11,"text":"ﯓ","translation":{"text":"your right hands","language_name":"english","language_id":38},"transliteration":{"text":"aymānukum","language_name":"english","language_id":38}},{"id":53314,"position":8,"audio_url":"wbw/024_058_008.mp3","qpc_uthmani_hafs":"وَٱلَّذِينَ","char_type_name":"word","page_number":357,"line_number":11,"text":"ﯔ","translation":{"text":"and those who","language_name":"english","language_id":38},"transliteration":{"text":"wa-alladhīna","language_name":"english","language_id":38}},{"id":53315,"position":9,"audio_url":"wbw/024_058_009.mp3","qpc_uthmani_hafs":"لَمۡ","char_type_name":"word","page_number":357,"line_number":11,"text":"ﯕ","translation":{"text":"(have) not","language_name":"english","language_id":38},"transliteration":{"text":"lam","language_name":"english","language_id":38}},{"id":53316,"position":10,"audio_url":"wbw/024_058_010.mp3","qpc_uthmani_hafs":"يَبۡلُغُواْ","char_type_name":"word","page_number":357,"line_number":11,"text":"ﯖ","translation":{"text":"reached","language_name":"english","language_id":38},"transliteration":{"text":"yablughū","language_name":"english","language_id":38}},{"id":53317,"position":11,"audio_url":"wbw/024_058_011.mp3","qpc_uthmani_hafs":"ٱلۡحُلُمَ","char_type_name":"word","page_number":357,"line_number":11,"text":"ﯗ","translation":{"text":"puberty","language_name":"english","language_id":38},"transliteration":{"text":"l-ḥuluma","language_name":"english","language_id":38}},{"id":53318,"position":12,"audio_url":"wbw/024_058_012.mp3","qpc_uthmani_hafs":"مِنكُمۡ","char_type_name":"word","page_number":357,"line_number":11,"text":"ﯘ","translation":{"text":"among you","language_name":"english","language_id":38},"transliteration":{"text":"minkum","language_name":"english","language_id":38}},{"id":53319,"position":13,"audio_url":"wbw/024_058_013.mp3","qpc_uthmani_hafs":"ثَلَٰثَ","char_type_name":"word","page_number":357,"line_number":12,"text":"ﯙ","translation":{"text":"(at) three","language_name":"english","language_id":38},"transliteration":{"text":"thalātha","language_name":"english","language_id":38}},{"id":53320,"position":14,"audio_url":"wbw/024_058_014.mp3","qpc_uthmani_hafs":"مَرَّٰتٖۚ","char_type_name":"word","page_number":357,"line_number":12,"text":"ﯚﯛ","translation":{"text":"times","language_name":"english","language_id":38},"transliteration":{"text":"marrātin","language_name":"english","language_id":38}},{"id":53322,"position":15,"audio_url":"wbw/024_058_016.mp3","qpc_uthmani_hafs":"مِّن","char_type_name":"word","page_number":357,"line_number":12,"text":"ﯜ","translation":{"text":"before","language_name":"english","language_id":38},"transliteration":{"text":"min","language_name":"english","language_id":38}},{"id":53323,"position":16,"audio_url":"wbw/024_058_017.mp3","qpc_uthmani_hafs":"قَبۡلِ","char_type_name":"word","page_number":357,"line_number":12,"text":"ﯝ","translation":{"text":"before","language_name":"english","language_id":38},"transliteration":{"text":"qabli","language_name":"english","language_id":38}},{"id":53324,"position":17,"audio_url":"wbw/024_058_018.mp3","qpc_uthmani_hafs":"صَلَوٰةِ","char_type_name":"word","page_number":357,"line_number":12,"text":"ﯞ","translation":{"text":"(the) prayer","language_name":"english","language_id":38},"transliteration":{"text":"ṣalati","language_name":"english","language_id":38}},{"id":53325,"position":18,"audio_url":"wbw/024_058_019.mp3","qpc_uthmani_hafs":"ٱلۡفَجۡرِ","char_type_name":"word","page_number":357,"line_number":12,"text":"ﯟ","translation":{"text":"(of) dawn","language_name":"english","language_id":38},"transliteration":{"text":"l-fajri","language_name":"english","language_id":38}},{"id":53326,"position":19,"audio_url":"wbw/024_058_020.mp3","qpc_uthmani_hafs":"وَحِينَ","char_type_name":"word","page_number":357,"line_number":12,"text":"ﯠ","translation":{"text":"and when","language_name":"english","language_id":38},"transliteration":{"text":"waḥīna","language_name":"english","language_id":38}},{"id":53327,"position":20,"audio_url":"wbw/024_058_021.mp3","qpc_uthmani_hafs":"تَضَعُونَ","char_type_name":"word","page_number":357,"line_number":12,"text":"ﯡ","translation":{"text":"you put aside","language_name":"english","language_id":38},"transliteration":{"text":"taḍaʿūna","language_name":"english","language_id":38}},{"id":53328,"position":21,"audio_url":"wbw/024_058_022.mp3","qpc_uthmani_hafs":"ثِيَابَكُم","char_type_name":"word","page_number":357,"line_number":12,"text":"ﯢ","translation":{"text":"your garments","language_name":"english","language_id":38},"transliteration":{"text":"thiyābakum","language_name":"english","language_id":38}},{"id":53329,"position":22,"audio_url":"wbw/024_058_023.mp3","qpc_uthmani_hafs":"مِّنَ","char_type_name":"word","page_number":357,"line_number":12,"text":"ﯣ","translation":{"text":"at","language_name":"english","language_id":38},"transliteration":{"text":"mina","language_name":"english","language_id":38}},{"id":53330,"position":23,"audio_url":"wbw/024_058_024.mp3","qpc_uthmani_hafs":"ٱلظَّهِيرَةِ","char_type_name":"word","page_number":357,"line_number":12,"text":"ﯤ","translation":{"text":"noon","language_name":"english","language_id":38},"transliteration":{"text":"l-ẓahīrati","language_name":"english","language_id":38}},{"id":53331,"position":24,"audio_url":"wbw/024_058_025.mp3","qpc_uthmani_hafs":"وَمِنۢ","char_type_name":"word","page_number":357,"line_number":13,"text":"ﯥ","translation":{"text":"and after","language_name":"english","language_id":38},"transliteration":{"text":"wamin","language_name":"english","language_id":38}},{"id":53332,"position":25,"audio_url":"wbw/024_058_026.mp3","qpc_uthmani_hafs":"بَعۡدِ","char_type_name":"word","page_number":357,"line_number":13,"text":"ﯦ","translation":{"text":"and after","language_name":"english","language_id":38},"transliteration":{"text":"baʿdi","language_name":"english","language_id":38}},{"id":53333,"position":26,"audio_url":"wbw/024_058_027.mp3","qpc_uthmani_hafs":"صَلَوٰةِ","char_type_name":"word","page_number":357,"line_number":13,"text":"ﯧ","translation":{"text":"(the) prayer","language_name":"english","language_id":38},"transliteration":{"text":"ṣalati","language_name":"english","language_id":38}},{"id":53334,"position":27,"audio_url":"wbw/024_058_028.mp3","qpc_uthmani_hafs":"ٱلۡعِشَآءِۚ","char_type_name":"word","page_number":357,"line_number":13,"text":"ﯨﯩ","translation":{"text":"(of) night","language_name":"english","language_id":38},"transliteration":{"text":"l-ʿishāi","language_name":"english","language_id":38}},{"id":53336,"position":28,"audio_url":"wbw/024_058_030.mp3","qpc_uthmani_hafs":"ثَلَٰثُ","char_type_name":"word","page_number":357,"line_number":13,"text":"ﯪ","translation":{"text":"(These) three","language_name":"english","language_id":38},"transliteration":{"text":"thalāthu","language_name":"english","language_id":38}},{"id":53337,"position":29,"audio_url":"wbw/024_058_031.mp3","qpc_uthmani_hafs":"عَوۡرَٰتٖ","char_type_name":"word","page_number":357,"line_number":13,"text":"ﯫ","translation":{"text":"(are) times of privacy","language_name":"english","language_id":38},"transliteration":{"text":"ʿawrātin","language_name":"english","language_id":38}},{"id":53338,"position":30,"audio_url":"wbw/024_058_032.mp3","qpc_uthmani_hafs":"لَّكُمۡۚ","char_type_name":"word","page_number":357,"line_number":13,"text":"ﯬﯭ","translation":{"text":"for you","language_name":"english","language_id":38},"transliteration":{"text":"lakum","language_name":"english","language_id":38}},{"id":53340,"position":31,"audio_url":"wbw/024_058_034.mp3","qpc_uthmani_hafs":"لَيۡسَ","char_type_name":"word","page_number":357,"line_number":13,"text":"ﯮ","translation":{"text":"Not","language_name":"english","language_id":38},"transliteration":{"text":"laysa","language_name":"english","language_id":38}},{"id":53341,"position":32,"audio_url":"wbw/024_058_035.mp3","qpc_uthmani_hafs":"عَلَيۡكُمۡ","char_type_name":"word","page_number":357,"line_number":13,"text":"ﯯ","translation":{"text":"on you","language_name":"english","language_id":38},"transliteration":{"text":"ʿalaykum","language_name":"english","language_id":38}},{"id":53342,"position":33,"audio_url":"wbw/024_058_036.mp3","qpc_uthmani_hafs":"وَلَا","char_type_name":"word","page_number":357,"line_number":14,"text":"ﯰ","translation":{"text":"and not","language_name":"english","language_id":38},"transliteration":{"text":"walā","language_name":"english","language_id":38}},{"id":53343,"position":34,"audio_url":"wbw/024_058_037.mp3","qpc_uthmani_hafs":"عَلَيۡهِمۡ","char_type_name":"word","page_number":357,"line_number":14,"text":"ﯱ","translation":{"text":"on them","language_name":"english","language_id":38},"transliteration":{"text":"ʿalayhim","language_name":"english","language_id":38}},{"id":53344,"position":35,"audio_url":"wbw/024_058_038.mp3","qpc_uthmani_hafs":"جُنَاحُۢ","char_type_name":"word","page_number":357,"line_number":14,"text":"ﯲ","translation":{"text":"any blame","language_name":"english","language_id":38},"transliteration":{"text":"junāḥun","language_name":"english","language_id":38}},{"id":53345,"position":36,"audio_url":"wbw/024_058_039.mp3","qpc_uthmani_hafs":"بَعۡدَهُنَّۚ","char_type_name":"word","page_number":357,"line_number":14,"text":"ﯳﯴ","translation":{"text":"after that","language_name":"english","language_id":38},"transliteration":{"text":"baʿdahunna","language_name":"english","language_id":38}},{"id":53347,"position":37,"audio_url":"wbw/024_058_041.mp3","qpc_uthmani_hafs":"طَوَّٰفُونَ","char_type_name":"word","page_number":357,"line_number":14,"text":"ﯵ","translation":{"text":"(as) moving about","language_name":"english","language_id":38},"transliteration":{"text":"ṭawwāfūna","language_name":"english","language_id":38}},{"id":53348,"position":38,"audio_url":"wbw/024_058_042.mp3","qpc_uthmani_hafs":"عَلَيۡكُم","char_type_name":"word","page_number":357,"line_number":14,"text":"ﯶ","translation":{"text":"among you","language_name":"english","language_id":38},"transliteration":{"text":"ʿalaykum","language_name":"english","language_id":38}},{"id":53349,"position":39,"audio_url":"wbw/024_058_043.mp3","qpc_uthmani_hafs":"بَعۡضُكُمۡ","char_type_name":"word","page_number":357,"line_number":14,"text":"ﯷ","translation":{"text":"some of you","language_name":"english","language_id":38},"transliteration":{"text":"baʿḍukum","language_name":"english","language_id":38}},{"id":53350,"position":40,"audio_url":"wbw/024_058_044.mp3","qpc_uthmani_hafs":"عَلَىٰ","char_type_name":"word","page_number":357,"line_number":14,"text":"ﯸ","translation":{"text":"among","language_name":"english","language_id":38},"transliteration":{"text":"ʿalā","language_name":"english","language_id":38}},{"id":53351,"position":41,"audio_url":"wbw/024_058_045.mp3","qpc_uthmani_hafs":"بَعۡضٖۚ","char_type_name":"word","page_number":357,"line_number":15,"text":"ﯹﯺ","translation":{"text":"others","language_name":"english","language_id":38},"transliteration":{"text":"baʿḍin","language_name":"english","language_id":38}},{"id":53353,"position":42,"audio_url":"wbw/024_058_047.mp3","qpc_uthmani_hafs":"كَذَٰلِكَ","char_type_name":"word","page_number":357,"line_number":15,"text":"ﯻ","translation":{"text":"Thus","language_name":"english","language_id":38},"transliteration":{"text":"kadhālika","language_name":"english","language_id":38}},{"id":53354,"position":43,"audio_url":"wbw/024_058_048.mp3","qpc_uthmani_hafs":"يُبَيِّنُ","char_type_name":"word","page_number":357,"line_number":15,"text":"ﯼ","translation":{"text":"Allah makes clear","language_name":"english","language_id":38},"transliteration":{"text":"yubayyinu","language_name":"english","language_id":38}},{"id":53355,"position":44,"audio_url":"wbw/024_058_049.mp3","qpc_uthmani_hafs":"ٱللَّهُ","char_type_name":"word","page_number":357,"line_number":15,"text":"ﯽ","translation":{"text":"Allah makes clear","language_name":"english","language_id":38},"transliteration":{"text":"l-lahu","language_name":"english","language_id":38}},{"id":53356,"position":45,"audio_url":"wbw/024_058_050.mp3","qpc_uthmani_hafs":"لَكُمُ","char_type_name":"word","page_number":357,"line_number":15,"text":"ﯾ","translation":{"text":"for you","language_name":"english","language_id":38},"transliteration":{"text":"lakumu","language_name":"english","language_id":38}},{"id":53357,"position":46,"audio_url":"wbw/024_058_051.mp3","qpc_uthmani_hafs":"ٱلۡأٓيَٰتِۗ","char_type_name":"word","page_number":357,"line_number":15,"text":"ﯿﰀ","translation":{"text":"the Verses","language_name":"english","language_id":38},"transliteration":{"text":"l-āyāti","language_name":"english","language_id":38}},{"id":53359,"position":47,"audio_url":"wbw/024_058_053.mp3","qpc_uthmani_hafs":"وَٱللَّهُ","char_type_name":"word","page_number":357,"line_number":15,"text":"ﰁ","translation":{"text":"and Allah","language_name":"english","language_id":38},"transliteration":{"text":"wal-lahu","language_name":"english","language_id":38}},{"id":53360,"position":48,"audio_url":"wbw/024_058_054.mp3","qpc_uthmani_hafs":"عَلِيمٌ","char_type_name":"word","page_number":357,"line_number":15,"text":"ﰂ","translation":{"text":"(is) All-Knower","language_name":"english","language_id":38},"transliteration":{"text":"ʿalīmun","language_name":"english","language_id":38}},{"id":53361,"position":49,"audio_url":"wbw/024_058_055.mp3","qpc_uthmani_hafs":"حَكِيمٞ","char_type_name":"word","page_number":357,"line_number":15,"text":"ﰃ","translation":{"text":"All-Wise","language_name":"english","language_id":38},"transliteration":{"text":"ḥakīmun","language_name":"english","language_id":38}},{"id":53362,"position":50,"audio_url":null,"qpc_uthmani_hafs":"٥٨","char_type_name":"end","page_number":357,"line_number":15,"text":"ﰄ","translation":{"text":"(58)","language_name":"english","language_id":38},"transliteration":{"text":null,"language_name":"english","language_id":38}}],"translations":[{"id":919278,"resource_id":134,"text":"Hai orang-orang yang beriman, hendaklah budak-budak (lelaki dan wanita) yang kamu miliki dan orang-orang yang belum balig di antara kamu meminta izin kepada kamu tiga kali (dalam satu hari), yaitu sebelum salat subuh, ketika kamu menanggalkan pakaian (luar)mu pada tengah hari, dan sesudah salat Isya.  (Itulah) tiga aurat bagi kamu <sup foot_note=210816>1</sup>.  Tidak ada dosa atasmu dan tidak (pula) atas mereka, selain dari (tiga waktu) itu <sup foot_note=210817>2</sup>.  Mereka melayani kamu; sebagian kamu (ada keperluan) kepada sebagian (yang lain).  Demikianlah, Allah menjelaskan ayat-ayat bagi kamu.  Dan Allah Maha Mengetahui lagi Maha Bijaksana."}]}],"pagination":{"per_page":50,"current_page":1,"next_page":null,"total_pages":1,"total_records":5}}