{"verses":[{"id":2850,"verse_number":59,"verse_key":"24:59","juz_number":18,"hizb_number":36,"rub_el_hizb_number":143,"ruku_number":308,"manzil_number":4,"sajdah_number":null,"text_uthmani":"وَإِذَا بَلَغَ ٱلْأَطْفَـٰلُ مِنكُمُ ٱلْحُلُمَ فَلْيَسْتَـْٔذِنُوا۟ كَمَا ٱسْتَـْٔذَنَ ٱلَّذِينَ مِن قَبْلِهِمْ ۚ كَذَٰلِكَ يُبَيِّنُ ٱللَّهُ لَكُمْ ءَايَـٰتِهِۦ ۗ وَٱللَّهُ عَلِيمٌ حَكِيمٌ","page_number":358,"words":[{"id":53714,"position":1,"audio_url":"wbw/024_059_001.mp3","qpc_uthmani_hafs":"وَإِذَا","char_type_name":"word","page_number":358,"line_number":1,"text":"ﭑ","translation":{"text":"And when","language_name":"english","language_id":38},"transliteration":{"text":"wa-idhā","language_name":"english","language_id":38}},{"id":53715,"position":2,"audio_url":"wbw/024_059_002.mp3","qpc_uthmani_hafs":"بَلَغَ","char_type_name":"word","page_number":358,"line_number":1,"text":"ﭒ","translation":{"text":"reach","language_name":"english","language_id":38},"transliteration":{"text":"balagha","language_name":"english","language_id":38}},{"id":53716,"position":3,"audio_url":"wbw/024_059_003.mp3","qpc_uthmani_hafs":"ٱلۡأَطۡفَٰلُ","char_type_name":"word","page_number":358,"line_number":1,"text":"ﭓ","translation":{"text":"the children","language_name":"english","language_id":38},"transliteration":{"text":"l-aṭfālu","language_name":"english","language_id":38}},{"id":53717,"position":4,"audio_url":"wbw/024_059_004.mp3","qpc_uthmani_hafs":"مِنكُمُ","char_type_name":"word","page_number":358,"line_number":1,"text":"ﭔ","translation":{"text":"among you","language_name":"english","language_id":38},"transliteration":{"text":"minkumu","language_name":"english","language_id":38}},{"id":53718,"position":5,"audio_url":"wbw/024_059_005.mp3","qpc_uthmani_hafs":"ٱلۡحُلُمَ","char_type_name":"word","page_number":358,"line_number":1,"text":"ﭕ","translation":{"text":"the puberty","language_name":"english","language_id":38},"transliteration":{"text":"l-ḥuluma","language_name":"english","language_id":38}},{"id":53719,"position":6,"audio_url":"wbw/024_059_006.mp3","qpc_uthmani_hafs":"فَلۡيَسۡتَـٔۡذِنُواْ","char_type_name":"word","page_number":358,"line_number":1,"text":"ﭖ","translation":{"text":"then let them ask permission","language_name":"english","language_id":38},"transliteration":{"text":"falyastadhinū","language_name":"english","language_id":38}},{"id":53720,"position":7,"audio_url":"wbw/024_059_007.mp3","qpc_uthmani_hafs":"كَمَا","char_type_name":"word","page_number":358,"line_number":1,"text":"ﭗ","translation":{"text":"as","language_name":"english","language_id":38},"transliteration":{"text":"kamā","language_name":"english","language_id":38}},{"id":53721,"position":8,"audio_url":"wbw/024_059_008.mp3","qpc_uthmani_hafs":"ٱسۡتَـٔۡذَنَ","char_type_name":"word","page_number":358,"line_number":1,"text":"ﭘ","translation":{"text":"asked permission","language_name":"english","language_id":38},"transliteration":{"text":"is'tadhana","language_name":"english","language_id":38}},{"id":53722,"position":9,"audio_url":"wbw/024_059_009.mp3","qpc_uthmani_hafs":"ٱلَّذِينَ","char_type_name":"word","page_number":358,"line_number":2,"text":"ﭙ","translation":{"text":"those who","language_name":"english","language_id":38},"transliteration":{"text":"alladhīna","language_name":"english","language_id":38}},{"id":53723,"position":10,"audio_url":"wbw/024_059_010.mp3","qpc_uthmani_hafs":"مِن","char_type_name":"word","page_number":358,"line_number":2,"text":"ﭚ","translation":{"text":"(were) before them","language_name":"english","language_id":38},"transliteration":{"text":"min","language_name":"english","language_id":38}},{"id":53724,"position":11,"audio_url":"wbw/024_059_011.mp3","qpc_uthmani_hafs":"قَبۡلِهِمۡۚ","char_type_name":"word","page_number":358,"line_number":2,"text":"ﭛﭜ","translation":{"text":"(were) before them","language_name":"english","language_id":38},"transliteration":{"text":"qablihim","language_name":"english","language_id":38}},{"id":53726,"position":12,"audio_url":"wbw/024_059_013.mp3","qpc_uthmani_hafs":"كَذَٰلِكَ","char_type_name":"word","page_number":358,"line_number":2,"text":"ﭝ","translation":{"text":"Thus","language_name":"english","language_id":38},"transliteration":{"text":"kadhālika","language_name":"english","language_id":38}},{"id":53727,"position":13,"audio_url":"wbw/024_059_014.mp3","qpc_uthmani_hafs":"يُبَيِّنُ","char_type_name":"word","page_number":358,"line_number":2,"text":"ﭞ","translation":{"text":"Allah makes clear","language_name":"english","language_id":38},"transliteration":{"text":"yubayyinu","language_name":"english","language_id":38}},{"id":53728,"position":14,"audio_url":"wbw/024_059_015.mp3","qpc_uthmani_hafs":"ٱللَّهُ","char_type_name":"word","page_number":358,"line_number":2,"text":"ﭟ","translation":{"text":"Allah makes clear","language_name":"english","language_id":38},"transliteration":{"text":"l-lahu","language_name":"english","language_id":38}},{"id":53729,"position":15,"audio_url":"wbw/024_059_016.mp3","qpc_uthmani_hafs":"لَكُمۡ","char_type_name":"word","page_number":358,"line_number":2,"text":"ﭠ","translation":{"text":"for you","language_name":"english","language_id":38},"transliteration":{"text":"lakum","language_name":"english","language_id":38}},{"id":53730,"position":16,"audio_url":"wbw/024_059_017.mp3","qpc_uthmani_hafs":"ءَايَٰتِهِۦۗ","char_type_name":"word","page_number":358,"line_number":2,"text":"ﭡﭢ","translation":{"text":"His Verses","language_name":"english","language_id":38},"transliteration":{"text":"āyātihi","language_name":"english","language_id":38}},{"id":53732,"position":17,"audio_url":"wbw/024_059_019.mp3","qpc_uthmani_hafs":"وَٱللَّهُ","char_type_name":"word","page_number":358,"line_number":2,"text":"ﭣ","translation":{"text":"And Allah","language_name":"english","language_id":38},"transliteration":{"text":"wal-lahu","language_name":"english","language_id":38}},{"id":53733,"position":18,"audio_url":"wbw/024_059_020.mp3","qpc_uthmani_hafs":"عَلِيمٌ","char_type_name":"word","page_number":358,"line_number":3,"text":"ﭤ","translation":{"text":"(is) All-Knower","language_name":"english","language_id":38},"transliteration":{"text":"ʿalīmun","language_name":"english","language_id":38}},{"id":53734,"position":19,"audio_url":"wbw/024_059_021.mp3","qpc_uthmani_hafs":"حَكِيمٞ","char_type_name":"word","page_number":358,"line_number":3,"text":"ﭥ","translation":{"text":"All-Wise","language_name":"english","language_id":38},"transliteration":{"text":"ḥakīmun","language_name":"english","language_id":38}},{"id":53735,"position":20,"audio_url":null,"qpc_uthmani_hafs":"٥٩","char_type_name":"end","page_number":358,"line_number":3,"text":"ﭦ","translation":{"text":"(59)","language_name":"english","language_id":38},"transliteration":{"text":null,"language_name":"english","language_id":38}}],"translations":[{"id":919279,"resource_id":134,"text":"Dan apabila anak-anakmu telah sampai umur balig, maka hendaklah mereka meminta izin, seperti orang-orang yang sebelum mereka meminta izin <sup foot_note=210818>1</sup>.  Demikianlah, Allah menjelaskan ayat-ayat-Nya. Dan Allah Maha Mengetahui lagi Maha Bijaksana."}]},{"id":2851,"verse_number":60,"verse_key":"24:60","juz_number":18,"hizb_number":36,"rub_el_hizb_number":143,"ruku_number":308,"manzil_number":4,"sajdah_number":null,"text_uthmani":"وَٱلْقَوَٰعِدُ مِنَ ٱلنِّسَآءِ ٱلَّـٰتِى لَا يَرْجُونَ نِكَاحًا فَلَيْسَ عَلَيْهِنَّ جُنَاحٌ أَن يَضَعْنَ ثِيَابَهُنَّ غَيْرَ مُتَبَرِّجَـٰتٍۭ بِزِينَةٍ ۖ وَأَن يَسْتَعْفِفْنَ خَيْرٌ لَّهُنَّ ۗ وَٱللَّهُ سَمِيعٌ عَلِيمٌ","page_number":358,"words":[{"id":54521,"position":1,"audio_url":"wbw/024_060_001.mp3","qpc_uthmani_hafs":"وَٱلۡقَوَٰعِدُ","char_type_name":"word","page_number":358,"line_number":3,"text":"ﭧ","translation":{"text":"And postmenopausal","language_name":"english","language_id":38},"transliteration":{"text":"wal-qawāʿidu","language_name":"english","language_id":38}},{"id":54522,"position":2,"audio_url":"wbw/024_060_002.mp3","qpc_uthmani_hafs":"مِنَ","char_type_name":"word","page_number":358,"line_number":3,"text":"ﭨ","translation":{"text":"among","language_name":"english","language_id":38},"transliteration":{"text":"mina","language_name":"english","language_id":38}},{"id":54523,"position":3,"audio_url":"wbw/024_060_003.mp3","qpc_uthmani_hafs":"ٱلنِّسَآءِ","char_type_name":"word","page_number":358,"line_number":3,"text":"ﭩ","translation":{"text":"the women","language_name":"english","language_id":38},"transliteration":{"text":"l-nisāi","language_name":"english","language_id":38}},{"id":54524,"position":4,"audio_url":"wbw/024_060_004.mp3","qpc_uthmani_hafs":"ٱلَّٰتِي","char_type_name":"word","page_number":358,"line_number":3,"text":"ﭪ","translation":{"text":"who","language_name":"english","language_id":38},"transliteration":{"text":"allātī","language_name":"english","language_id":38}},{"id":54525,"position":5,"audio_url":"wbw/024_060_005.mp3","qpc_uthmani_hafs":"لَا","char_type_name":"word","page_number":358,"line_number":3,"text":"ﭫ","translation":{"text":"(do) not","language_name":"english","language_id":38},"transliteration":{"text":"lā","language_name":"english","language_id":38}},{"id":54526,"position":6,"audio_url":"wbw/024_060_006.mp3","qpc_uthmani_hafs":"يَرۡجُونَ","char_type_name":"word","page_number":358,"line_number":3,"text":"ﭬ","translation":{"text":"have desire","language_name":"english","language_id":38},"transliteration":{"text":"yarjūna","language_name":"english","language_id":38}},{"id":54527,"position":7,"audio_url":"wbw/024_060_007.mp3","qpc_uthmani_hafs":"نِكَاحٗا","char_type_name":"word","page_number":358,"line_number":4,"text":"ﭭ","translation":{"text":"(for) marriage","language_name":"english","language_id":38},"transliteration":{"text":"nikāḥan","language_name":"english","language_id":38}},{"id":54528,"position":8,"audio_url":"wbw/024_060_008.mp3","qpc_uthmani_hafs":"فَلَيۡسَ","char_type_name":"word","page_number":358,"line_number":4,"text":"ﭮ","translation":{"text":"then not is","language_name":"english","language_id":38},"transliteration":{"text":"falaysa","language_name":"english","language_id":38}},{"id":54529,"position":9,"audio_url":"wbw/024_060_009.mp3","qpc_uthmani_hafs":"عَلَيۡهِنَّ","char_type_name":"word","page_number":358,"line_number":4,"text":"ﭯ","translation":{"text":"on them","language_name":"english","language_id":38},"transliteration":{"text":"ʿalayhinna","language_name":"english","language_id":38}},{"id":54530,"position":10,"audio_url":"wbw/024_060_010.mp3","qpc_uthmani_hafs":"جُنَاحٌ","char_type_name":"word","page_number":358,"line_number":4,"text":"ﭰ","translation":{"text":"any blame","language_name":"english","language_id":38},"transliteration":{"text":"junāḥun","language_name":"english","language_id":38}},{"id":54531,"position":11,"audio_url":"wbw/024_060_011.mp3","qpc_uthmani_hafs":"أَن","char_type_name":"word","page_number":358,"line_number":4,"text":"ﭱ","translation":{"text":"that","language_name":"english","language_id":38},"transliteration":{"text":"an","language_name":"english","language_id":38}},{"id":54532,"position":12,"audio_url":"wbw/024_060_012.mp3","qpc_uthmani_hafs":"يَضَعۡنَ","char_type_name":"word","page_number":358,"line_number":4,"text":"ﭲ","translation":{"text":"they put aside","language_name":"english","language_id":38},"transliteration":{"text":"yaḍaʿna","language_name":"english","language_id":38}},{"id":54533,"position":13,"audio_url":"wbw/024_060_013.mp3","qpc_uthmani_hafs":"ثِيَابَهُنَّ","char_type_name":"word","page_number":358,"line_number":4,"text":"ﭳ","translation":{"text":"their (outer) garments","language_name":"english","language_id":38},"transliteration":{"text":"thiyābahunna","language_name":"english","language_id":38}},{"id":54534,"position":14,"audio_url":"wbw/024_060_014.mp3","qpc_uthmani_hafs":"غَيۡرَ","char_type_name":"word","page_number":358,"line_number":5,"text":"ﭴ","translation":{"text":"not","language_name":"english","language_id":38},"transliteration":{"text":"ghayra","language_name":"english","language_id":38}},{"id":54535,"position":15,"audio_url":"wbw/024_060_015.mp3","qpc_uthmani_hafs":"مُتَبَرِّجَٰتِۭ","char_type_name":"word","page_number":358,"line_number":5,"text":"ﭵ","translation":{"text":"displaying","language_name":"english","language_id":38},"transliteration":{"text":"mutabarrijātin","language_name":"english","language_id":38}},{"id":54536,"position":16,"audio_url":"wbw/024_060_016.mp3","qpc_uthmani_hafs":"بِزِينَةٖۖ","char_type_name":"word","page_number":358,"line_number":5,"text":"ﭶﭷ","translation":{"text":"their adornment","language_name":"english","language_id":38},"transliteration":{"text":"bizīnatin","language_name":"english","language_id":38}},{"id":54538,"position":17,"audio_url":"wbw/024_060_018.mp3","qpc_uthmani_hafs":"وَأَن","char_type_name":"word","page_number":358,"line_number":5,"text":"ﭸ","translation":{"text":"And that","language_name":"english","language_id":38},"transliteration":{"text":"wa-an","language_name":"english","language_id":38}},{"id":54539,"position":18,"audio_url":"wbw/024_060_019.mp3","qpc_uthmani_hafs":"يَسۡتَعۡفِفۡنَ","char_type_name":"word","page_number":358,"line_number":5,"text":"ﭹ","translation":{"text":"they modestly refrain","language_name":"english","language_id":38},"transliteration":{"text":"yastaʿfif'na","language_name":"english","language_id":38}},{"id":54540,"position":19,"audio_url":"wbw/024_060_020.mp3","qpc_uthmani_hafs":"خَيۡرٞ","char_type_name":"word","page_number":358,"line_number":5,"text":"ﭺ","translation":{"text":"(is) better","language_name":"english","language_id":38},"transliteration":{"text":"khayrun","language_name":"english","language_id":38}},{"id":54541,"position":20,"audio_url":"wbw/024_060_021.mp3","qpc_uthmani_hafs":"لَّهُنَّۗ","char_type_name":"word","page_number":358,"line_number":5,"text":"ﭻﭼ","translation":{"text":"for them","language_name":"english","language_id":38},"transliteration":{"text":"lahunna","language_name":"english","language_id":38}},{"id":54543,"position":21,"audio_url":"wbw/024_060_023.mp3","qpc_uthmani_hafs":"وَٱللَّهُ","char_type_name":"word","page_number":358,"line_number":5,"text":"ﭽ","translation":{"text":"And Allah","language_name":"english","language_id":38},"transliteration":{"text":"wal-lahu","language_name":"english","language_id":38}},{"id":54544,"position":22,"audio_url":"wbw/024_060_024.mp3","qpc_uthmani_hafs":"سَمِيعٌ","char_type_name":"word","page_number":358,"line_number":6,"text":"ﭾ","translation":{"text":"(is) All-Hearer","language_name":"english","language_id":38},"transliteration":{"text":"samīʿun","language_name":"english","language_id":38}},{"id":54545,"position":23,"audio_url":"wbw/024_060_025.mp3","qpc_uthmani_hafs":"عَلِيمٞ","char_type_name":"word","page_number":358,"line_number":6,"text":"ﭿ","translation":{"text":"All-Knower","language_name":"english","language_id":38},"transliteration":{"text":"ʿalīmun","language_name":"english","language_id":38}},{"id":54546,"position":24,"audio_url":null,"qpc_uthmani_hafs":"٦٠","char_type_name":"end","page_number":358,"line_number":6,"text":"ﮀ","translation":{"text":"(60)","language_name":"english","language_id":38},"transliteration":{"text":null,"language_name":"english","language_id":38}}],"translations":[{"id":919280,"resource_id":134,"text":"Dan perempuan-perempuan tua yang telah terhenti (dari haid dan mengandung) yang tiada ingin kawin (lagi), tiadalah atas mereka dosa menanggalkan pakaian <sup foot_note=210819>1</sup> mereka dengan tidak (bermaksud) menampakkan perhiasan dan berlaku sopan adalah lebih baik bagi mereka.  Dan Allah Maha Mendengar lagi Maha Bijaksana."}]},{"id":2852,"verse_number":61,"verse_key":"24:61","juz_number":18,"hizb_number":36,"rub_el_hizb_number":143,"ruku_number":308,"manzil_number":4,"sajdah_number":null,"text_uthmani":"لَّيْسَ عَلَى ٱلْأَعْمَىٰ حَرَجٌ وَلَا عَلَى ٱلْأَعْرَجِ حَرَجٌ وَلَا عَلَى ٱلْمَرِيضِ حَرَجٌ وَلَا عَلَىٰٓ أَنفُسِكُمْ أَن تَأْكُلُوا۟ مِنۢ بُيُوتِكُمْ أَوْ بُيُوتِ ءَابَآئِكُمْ أَوْ بُيُوتِ أُمَّهَـٰتِكُمْ أَوْ بُيُوتِ إِخْوَٰنِكُمْ أَوْ بُيُوتِ أَخَوَٰتِكُمْ أَوْ بُيُوتِ أَعْمَـٰمِكُمْ أَوْ بُيُوتِ عَمَّـٰتِكُمْ أَوْ بُيُوتِ أَخْوَٰلِكُمْ أَوْ بُيُوتِ خَـٰلَـٰتِكُمْ أَوْ مَا مَلَكْتُم مَّفَاتِحَهُۥٓ أَوْ صَدِيقِكُمْ ۚ لَيْسَ عَلَيْكُمْ جُنَاحٌ أَن تَأْكُلُوا۟ جَمِيعًا أَوْ أَشْتَاتًا ۚ فَإِذَا دَخَلْتُم بُيُوتًا فَسَلِّمُوا۟ عَلَىٰٓ أَنفُسِكُمْ تَحِيَّةً مِّنْ عِندِ ٱللَّهِ مُبَـٰرَكَةً طَيِّبَةً ۚ كَذَٰلِكَ يُبَيِّنُ ٱللَّهُ لَكُمُ ٱلْـَٔايَـٰتِ لَعَلَّكُمْ تَعْقِلُونَ","page_number":358,"words":[{"id":54882,"position":1,"audio_url":"wbw/024_061_001.mp3","qpc_uthmani_hafs":"لَّيۡسَ","char_type_name":"word","page_number":358,"line_number":6,"text":"ﮁ","translation":{"text":"Not is","language_name":"english","language_id":38},"transliteration":{"text":"laysa","language_name":"english","language_id":38}},{"id":54883,"position":2,"audio_url":"wbw/024_061_002.mp3","qpc_uthmani_hafs":"عَلَى","char_type_name":"word","page_number":358,"line_number":6,"text":"ﮂ","translation":{"text":"on","language_name":"english","language_id":38},"transliteration":{"text":"ʿalā","language_name":"english","language_id":38}},{"id":54884,"position":3,"audio_url":"wbw/024_061_003.mp3","qpc_uthmani_hafs":"ٱلۡأَعۡمَىٰ","char_type_name":"word","page_number":358,"line_number":6,"text":"ﮃ","translation":{"text":"the blind","language_name":"english","language_id":38},"transliteration":{"text":"l-aʿmā","language_name":"english","language_id":38}},{"id":54885,"position":4,"audio_url":"wbw/024_061_004.mp3","qpc_uthmani_hafs":"حَرَجٞ","char_type_name":"word","page_number":358,"line_number":6,"text":"ﮄ","translation":{"text":"any blame","language_name":"english","language_id":38},"transliteration":{"text":"ḥarajun","language_name":"english","language_id":38}},{"id":54886,"position":5,"audio_url":"wbw/024_061_005.mp3","qpc_uthmani_hafs":"وَلَا","char_type_name":"word","page_number":358,"line_number":6,"text":"ﮅ","translation":{"text":"and not","language_name":"english","language_id":38},"transliteration":{"text":"walā","language_name":"english","language_id":38}},{"id":54887,"position":6,"audio_url":"wbw/024_061_006.mp3","qpc_uthmani_hafs":"عَلَى","char_type_name":"word","page_number":358,"line_number":6,"text":"ﮆ","translation":{"text":"on","language_name":"english","language_id":38},"transliteration":{"text":"ʿalā","language_name":"english","language_id":38}},{"id":54888,"position":7,"audio_url":"wbw/024_061_007.mp3","qpc_uthmani_hafs":"ٱلۡأَعۡرَجِ","char_type_name":"word","page_number":358,"line_number":6,"text":"ﮇ","translation":{"text":"the lame","language_name":"english","language_id":38},"transliteration":{"text":"l-aʿraji","language_name":"english","language_id":38}},{"id":54889,"position":8,"audio_url":"wbw/024_061_008.mp3","qpc_uthmani_hafs":"حَرَجٞ","char_type_name":"word","page_number":358,"line_number":7,"text":"ﮈ","translation":{"text":"any blame","language_name":"english","language_id":38},"transliteration":{"text":"ḥarajun","language_name":"english","language_id":38}},{"id":54890,"position":9,"audio_url":"wbw/024_061_009.mp3","qpc_uthmani_hafs":"وَلَا","char_type_name":"word","page_number":358,"line_number":7,"text":"ﮉ","translation":{"text":"and not","language_name":"english","language_id":38},"transliteration":{"text":"walā","language_name":"english","language_id":38}},{"id":54891,"position":10,"audio_url":"wbw/024_061_010.mp3","qpc_uthmani_hafs":"عَلَى","char_type_name":"word","page_number":358,"line_number":7,"text":"ﮊ","translation":{"text":"on","language_name":"english","language_id":38},"transliteration":{"text":"ʿalā","language_name":"english","language_id":38}},{"id":54892,"position":11,"audio_url":"wbw/024_061_011.mp3","qpc_uthmani_hafs":"ٱلۡمَرِيضِ","char_type_name":"word","page_number":358,"line_number":7,"text":"ﮋ","translation":{"text":"the sick","language_name":"english","language_id":38},"transliteration":{"text":"l-marīḍi","language_name":"english","language_id":38}},{"id":54893,"position":12,"audio_url":"wbw/024_061_012.mp3","qpc_uthmani_hafs":"حَرَجٞ","char_type_name":"word","page_number":358,"line_number":7,"text":"ﮌ","translation":{"text":"any blame","language_name":"english","language_id":38},"transliteration":{"text":"ḥarajun","language_name":"english","language_id":38}},{"id":54894,"position":13,"audio_url":"wbw/024_061_013.mp3","qpc_uthmani_hafs":"وَلَا","char_type_name":"word","page_number":358,"line_number":7,"text":"ﮍ","translation":{"text":"and not","language_name":"english","language_id":38},"transliteration":{"text":"walā","language_name":"english","language_id":38}},{"id":54895,"position":14,"audio_url":"wbw/024_061_014.mp3","qpc_uthmani_hafs":"عَلَىٰٓ","char_type_name":"word","page_number":358,"line_number":7,"text":"ﮎ","translation":{"text":"on","language_name":"english","language_id":38},"transliteration":{"text":"ʿalā","language_name":"english","language_id":38}},{"id":54896,"position":15,"audio_url":"wbw/024_061_015.mp3","qpc_uthmani_hafs":"أَنفُسِكُمۡ","char_type_name":"word","page_number":358,"line_number":7,"text":"ﮏ","translation":{"text":"yourselves","language_name":"english","language_id":38},"transliteration":{"text":"anfusikum","language_name":"english","language_id":38}},{"id":54897,"position":16,"audio_url":"wbw/024_061_016.mp3","qpc_uthmani_hafs":"أَن","char_type_name":"word","page_number":358,"line_number":7,"text":"ﮐ","translation":{"text":"that","language_name":"english","language_id":38},"transliteration":{"text":"an","language_name":"english","language_id":38}},{"id":54898,"position":17,"audio_url":"wbw/024_061_017.mp3","qpc_uthmani_hafs":"تَأۡكُلُواْ","char_type_name":"word","page_number":358,"line_number":7,"text":"ﮑ","translation":{"text":"you eat","language_name":"english","language_id":38},"transliteration":{"text":"takulū","language_name":"english","language_id":38}},{"id":54899,"position":18,"audio_url":"wbw/024_061_018.mp3","qpc_uthmani_hafs":"مِنۢ","char_type_name":"word","page_number":358,"line_number":8,"text":"ﮒ","translation":{"text":"from","language_name":"english","language_id":38},"transliteration":{"text":"min","language_name":"english","language_id":38}},{"id":54900,"position":19,"audio_url":"wbw/024_061_019.mp3","qpc_uthmani_hafs":"بُيُوتِكُمۡ","char_type_name":"word","page_number":358,"line_number":8,"text":"ﮓ","translation":{"text":"your houses","language_name":"english","language_id":38},"transliteration":{"text":"buyūtikum","language_name":"english","language_id":38}},{"id":54901,"position":20,"audio_url":"wbw/024_061_020.mp3","qpc_uthmani_hafs":"أَوۡ","char_type_name":"word","page_number":358,"line_number":8,"text":"ﮔ","translation":{"text":"or","language_name":"english","language_id":38},"transliteration":{"text":"aw","language_name":"english","language_id":38}},{"id":54902,"position":21,"audio_url":"wbw/024_061_021.mp3","qpc_uthmani_hafs":"بُيُوتِ","char_type_name":"word","page_number":358,"line_number":8,"text":"ﮕ","translation":{"text":"houses","language_name":"english","language_id":38},"transliteration":{"text":"buyūti","language_name":"english","language_id":38}},{"id":54903,"position":22,"audio_url":"wbw/024_061_022.mp3","qpc_uthmani_hafs":"ءَابَآئِكُمۡ","char_type_name":"word","page_number":358,"line_number":8,"text":"ﮖ","translation":{"text":"(of) your fathers","language_name":"english","language_id":38},"transliteration":{"text":"ābāikum","language_name":"english","language_id":38}},{"id":54904,"position":23,"audio_url":"wbw/024_061_023.mp3","qpc_uthmani_hafs":"أَوۡ","char_type_name":"word","page_number":358,"line_number":8,"text":"ﮗ","translation":{"text":"or","language_name":"english","language_id":38},"transliteration":{"text":"aw","language_name":"english","language_id":38}},{"id":54905,"position":24,"audio_url":"wbw/024_061_024.mp3","qpc_uthmani_hafs":"بُيُوتِ","char_type_name":"word","page_number":358,"line_number":8,"text":"ﮘ","translation":{"text":"houses","language_name":"english","language_id":38},"transliteration":{"text":"buyūti","language_name":"english","language_id":38}},{"id":54906,"position":25,"audio_url":"wbw/024_061_025.mp3","qpc_uthmani_hafs":"أُمَّهَٰتِكُمۡ","char_type_name":"word","page_number":358,"line_number":8,"text":"ﮙ","translation":{"text":"(of) your mothers","language_name":"english","language_id":38},"transliteration":{"text":"ummahātikum","language_name":"english","language_id":38}},{"id":54907,"position":26,"audio_url":"wbw/024_061_026.mp3","qpc_uthmani_hafs":"أَوۡ","char_type_name":"word","page_number":358,"line_number":9,"text":"ﮚ","translation":{"text":"or","language_name":"english","language_id":38},"transliteration":{"text":"aw","language_name":"english","language_id":38}},{"id":54908,"position":27,"audio_url":"wbw/024_061_027.mp3","qpc_uthmani_hafs":"بُيُوتِ","char_type_name":"word","page_number":358,"line_number":9,"text":"ﮛ","translation":{"text":"houses","language_name":"english","language_id":38},"transliteration":{"text":"buyūti","language_name":"english","language_id":38}},{"id":54909,"position":28,"audio_url":"wbw/024_061_028.mp3","qpc_uthmani_hafs":"إِخۡوَٰنِكُمۡ","char_type_name":"word","page_number":358,"line_number":9,"text":"ﮜ","translation":{"text":"(of) your brothers","language_name":"english","language_id":38},"transliteration":{"text":"ikh'wānikum","language_name":"english","language_id":38}},{"id":54910,"position":29,"audio_url":"wbw/024_061_029.mp3","qpc_uthmani_hafs":"أَوۡ","char_type_name":"word","page_number":358,"line_number":9,"text":"ﮝ","translation":{"text":"or","language_name":"english","language_id":38},"transliteration":{"text":"aw","language_name":"english","language_id":38}},{"id":54911,"position":30,"audio_url":"wbw/024_061_030.mp3","qpc_uthmani_hafs":"بُيُوتِ","char_type_name":"word","page_number":358,"line_number":9,"text":"ﮞ","translation":{"text":"houses","language_name":"english","language_id":38},"transliteration":{"text":"buyūti","language_name":"english","language_id":38}},{"id":54912,"position":31,"audio_url":"wbw/024_061_031.mp3","qpc_uthmani_hafs":"أَخَوَٰتِكُمۡ","char_type_name":"word","page_number":358,"line_number":9,"text":"ﮟ","translation":{"text":"(of) your sisters","language_name":"english","language_id":38},"transliteration":{"text":"akhawātikum","language_name":"english","language_id":38}},{"id":54913,"position":32,"audio_url":"wbw/024_061_032.mp3","qpc_uthmani_hafs":"أَوۡ","char_type_name":"word","page_number":358,"line_number":9,"text":"ﮠ","translation":{"text":"or","language_name":"english","language_id":38},"transliteration":{"text":"aw","language_name":"english","language_id":38}},{"id":54914,"position":33,"audio_url":"wbw/024_061_033.mp3","qpc_uthmani_hafs":"بُيُوتِ","char_type_name":"word","page_number":358,"line_number":9,"text":"ﮡ","translation":{"text":"houses","language_name":"english","language_id":38},"transliteration":{"text":"buyūti","language_name":"english","language_id":38}},{"id":54915,"position":34,"audio_url":"wbw/024_061_034.mp3","qpc_uthmani_hafs":"أَعۡمَٰمِكُمۡ","char_type_name":"word","page_number":358,"line_number":10,"text":"ﮢ","translation":{"text":"(of) your paternal uncles","language_name":"english","language_id":38},"transliteration":{"text":"aʿmāmikum","language_name":"english","language_id":38}},{"id":54916,"position":35,"audio_url":"wbw/024_061_035.mp3","qpc_uthmani_hafs":"أَوۡ","char_type_name":"word","page_number":358,"line_number":10,"text":"ﮣ","translation":{"text":"or","language_name":"english","language_id":38},"transliteration":{"text":"aw","language_name":"english","language_id":38}},{"id":54917,"position":36,"audio_url":"wbw/024_061_036.mp3","qpc_uthmani_hafs":"بُيُوتِ","char_type_name":"word","page_number":358,"line_number":10,"text":"ﮤ","translation":{"text":"houses","language_name":"english","language_id":38},"transliteration":{"text":"buyūti","language_name":"english","language_id":38}},{"id":54918,"position":37,"audio_url":"wbw/024_061_037.mp3","qpc_uthmani_hafs":"عَمَّٰتِكُمۡ","char_type_name":"word","page_number":358,"line_number":10,"text":"ﮥ","translation":{"text":"(of) your paternal aunts","language_name":"english","language_id":38},"transliteration":{"text":"ʿammātikum","language_name":"english","language_id":38}},{"id":54919,"position":38,"audio_url":"wbw/024_061_038.mp3","qpc_uthmani_hafs":"أَوۡ","char_type_name":"word","page_number":358,"line_number":10,"text":"ﮦ","translation":{"text":"or","language_name":"english","language_id":38},"transliteration":{"text":"aw","language_name":"english","language_id":38}},{"id":54920,"position":39,"audio_url":"wbw/024_061_039.mp3","qpc_uthmani_hafs":"بُيُوتِ","char_type_name":"word","page_number":358,"line_number":10,"text":"ﮧ","translation":{"text":"houses","language_name":"english","language_id":38},"transliteration":{"text":"buyūti","language_name":"english","language_id":38}},{"id":54921,"position":40,"audio_url":"wbw/024_061_040.mp3","qpc_uthmani_hafs":"أَخۡوَٰلِكُمۡ","char_type_name":"word","page_number":358,"line_number":10,"text":"ﮨ","translation":{"text":"(of) your maternal uncles","language_name":"english","language_id":38},"transliteration":{"text":"akhwālikum","language_name":"english","language_id":38}},{"id":54922,"position":41,"audio_url":"wbw/024_061_041.mp3","qpc_uthmani_hafs":"أَوۡ","char_type_name":"word","page_number":358,"line_number":11,"text":"ﮩ","translation":{"text":"or","language_name":"english","language_id":38},"transliteration":{"text":"aw","language_name":"english","language_id":38}},{"id":54923,"position":42,"audio_url":"wbw/024_061_042.mp3","qpc_uthmani_hafs":"بُيُوتِ","char_type_name":"word","page_number":358,"line_number":11,"text":"ﮪ","translation":{"text":"houses","language_name":"english","language_id":38},"transliteration":{"text":"buyūti","language_name":"english","language_id":38}},{"id":54924,"position":43,"audio_url":"wbw/024_061_043.mp3","qpc_uthmani_hafs":"خَٰلَٰتِكُمۡ","char_type_name":"word","page_number":358,"line_number":11,"text":"ﮫ","translation":{"text":"(of) your maternal aunts","language_name":"english","language_id":38},"transliteration":{"text":"khālātikum","language_name":"english","language_id":38}},{"id":54925,"position":44,"audio_url":"wbw/024_061_044.mp3","qpc_uthmani_hafs":"أَوۡ","char_type_name":"word","page_number":358,"line_number":11,"text":"ﮬ","translation":{"text":"or","language_name":"english","language_id":38},"transliteration":{"text":"aw","language_name":"english","language_id":38}},{"id":54926,"position":45,"audio_url":"wbw/024_061_045.mp3","qpc_uthmani_hafs":"مَا","char_type_name":"word","page_number":358,"line_number":11,"text":"ﮭ","translation":{"text":"what","language_name":"english","language_id":38},"transliteration":{"text":"mā","language_name":"english","language_id":38}},{"id":54927,"position":46,"audio_url":"wbw/024_061_046.mp3","qpc_uthmani_hafs":"مَلَكۡتُم","char_type_name":"word","page_number":358,"line_number":11,"text":"ﮮ","translation":{"text":"you possess","language_name":"english","language_id":38},"transliteration":{"text":"malaktum","language_name":"english","language_id":38}},{"id":54928,"position":47,"audio_url":"wbw/024_061_047.mp3","qpc_uthmani_hafs":"مَّفَاتِحَهُۥٓ","char_type_name":"word","page_number":358,"line_number":11,"text":"ﮯ","translation":{"text":"its keys","language_name":"english","language_id":38},"transliteration":{"text":"mafātiḥahu","language_name":"english","language_id":38}},{"id":54929,"position":48,"audio_url":"wbw/024_061_048.mp3","qpc_uthmani_hafs":"أَوۡ","char_type_name":"word","page_number":358,"line_number":12,"text":"ﮰ","translation":{"text":"or","language_name":"english","language_id":38},"transliteration":{"text":"aw","language_name":"english","language_id":38}},{"id":54930,"position":49,"audio_url":"wbw/024_061_049.mp3","qpc_uthmani_hafs":"صَدِيقِكُمۡۚ","char_type_name":"word","page_number":358,"line_number":12,"text":"ﮱﯓ","translation":{"text":"your friend","language_name":"english","language_id":38},"transliteration":{"text":"ṣadīqikum","language_name":"english","language_id":38}},{"id":54932,"position":50,"audio_url":"wbw/024_061_051.mp3","qpc_uthmani_hafs":"لَيۡسَ","char_type_name":"word","page_number":358,"line_number":12,"text":"ﯔ","translation":{"text":"Not is","language_name":"english","language_id":38},"transliteration":{"text":"laysa","language_name":"english","language_id":38}},{"id":54933,"position":51,"audio_url":"wbw/024_061_052.mp3","qpc_uthmani_hafs":"عَلَيۡكُمۡ","char_type_name":"word","page_number":358,"line_number":12,"text":"ﯕ","translation":{"text":"on you","language_name":"english","language_id":38},"transliteration":{"text":"ʿalaykum","language_name":"english","language_id":38}},{"id":54934,"position":52,"audio_url":"wbw/024_061_053.mp3","qpc_uthmani_hafs":"جُنَاحٌ","char_type_name":"word","page_number":358,"line_number":12,"text":"ﯖ","translation":{"text":"any blame","language_name":"english","language_id":38},"transliteration":{"text":"junāḥun","language_name":"english","language_id":38}},{"id":54935,"position":53,"audio_url":"wbw/024_061_054.mp3","qpc_uthmani_hafs":"أَن","char_type_name":"word","page_number":358,"line_number":12,"text":"ﯗ","translation":{"text":"that","language_name":"english","language_id":38},"transliteration":{"text":"an","language_name":"english","language_id":38}},{"id":54936,"position":54,"audio_url":"wbw/024_061_055.mp3","qpc_uthmani_hafs":"تَأۡكُلُواْ","char_type_name":"word","page_number":358,"line_number":12,"text":"ﯘ","translation":{"text":"you eat","language_name":"english","language_id":38},"transliteration":{"text":"takulū","language_name":"english","language_id":38}},{"id":54937,"position":55,"audio_url":"wbw/024_061_056.mp3","qpc_uthmani_hafs":"جَمِيعًا","char_type_name":"word","page_number":358,"line_number":13,"text":"ﯙ","translation":{"text":"together","language_name":"english","language_id":38},"transliteration":{"text":"jamīʿan","language_name":"english","language_id":38}},{"id":54938,"position":56,"audio_url":"wbw/024_061_057.mp3","qpc_uthmani_hafs":"أَوۡ","char_type_name":"word","page_number":358,"line_number":13,"text":"ﯚ","translation":{"text":"or","language_name":"english","language_id":38},"transliteration":{"text":"aw","language_name":"english","language_id":38}},{"id":54939,"position":57,"audio_url":"wbw/024_061_058.mp3","qpc_uthmani_hafs":"أَشۡتَاتٗاۚ","char_type_name":"word","page_number":358,"line_number":13,"text":"ﯛﯜ","translation":{"text":"separately","language_name":"english","language_id":38},"transliteration":{"text":"ashtātan","language_name":"english","language_id":38}},{"id":54941,"position":58,"audio_url":"wbw/024_061_060.mp3","qpc_uthmani_hafs":"فَإِذَا","char_type_name":"word","page_number":358,"line_number":13,"text":"ﯝ","translation":{"text":"But when","language_name":"english","language_id":38},"transliteration":{"text":"fa-idhā","language_name":"english","language_id":38}},{"id":54942,"position":59,"audio_url":"wbw/024_061_061.mp3","qpc_uthmani_hafs":"دَخَلۡتُم","char_type_name":"word","page_number":358,"line_number":13,"text":"ﯞ","translation":{"text":"you enter","language_name":"english","language_id":38},"transliteration":{"text":"dakhaltum","language_name":"english","language_id":38}},{"id":54943,"position":60,"audio_url":"wbw/024_061_062.mp3","qpc_uthmani_hafs":"بُيُوتٗا","char_type_name":"word","page_number":358,"line_number":13,"text":"ﯟ","translation":{"text":"houses","language_name":"english","language_id":38},"transliteration":{"text":"buyūtan","language_name":"english","language_id":38}},{"id":54944,"position":61,"audio_url":"wbw/024_061_063.mp3","qpc_uthmani_hafs":"فَسَلِّمُواْ","char_type_name":"word","page_number":358,"line_number":13,"text":"ﯠ","translation":{"text":"then greet","language_name":"english","language_id":38},"transliteration":{"text":"fasallimū","language_name":"english","language_id":38}},{"id":54945,"position":62,"audio_url":"wbw/024_061_064.mp3","qpc_uthmani_hafs":"عَلَىٰٓ","char_type_name":"word","page_number":358,"line_number":13,"text":"ﯡ","translation":{"text":"[on]","language_name":"english","language_id":38},"transliteration":{"text":"ʿalā","language_name":"english","language_id":38}},{"id":54946,"position":63,"audio_url":"wbw/024_061_065.mp3","qpc_uthmani_hafs":"أَنفُسِكُمۡ","char_type_name":"word","page_number":358,"line_number":13,"text":"ﯢ","translation":{"text":"yourselves","language_name":"english","language_id":38},"transliteration":{"text":"anfusikum","language_name":"english","language_id":38}},{"id":54947,"position":64,"audio_url":"wbw/024_061_066.mp3","qpc_uthmani_hafs":"تَحِيَّةٗ","char_type_name":"word","page_number":358,"line_number":14,"text":"ﯣ","translation":{"text":"a greeting","language_name":"english","language_id":38},"transliteration":{"text":"taḥiyyatan","language_name":"english","language_id":38}},{"id":54948,"position":65,"audio_url":"wbw/024_061_067.mp3","qpc_uthmani_hafs":"مِّنۡ","char_type_name":"word","page_number":358,"line_number":14,"text":"ﯤ","translation":{"text":"from","language_name":"english","language_id":38},"transliteration":{"text":"min","language_name":"english","language_id":38}},{"id":54949,"position":66,"audio_url":"wbw/024_061_068.mp3","qpc_uthmani_hafs":"عِندِ","char_type_name":"word","page_number":358,"line_number":14,"text":"ﯥ","translation":{"text":"from","language_name":"english","language_id":38},"transliteration":{"text":"ʿindi","language_name":"english","language_id":38}},{"id":54950,"position":67,"audio_url":"wbw/024_061_069.mp3","qpc_uthmani_hafs":"ٱللَّهِ","char_type_name":"word","page_number":358,"line_number":14,"text":"ﯦ","translation":{"text":"Allah","language_name":"english","language_id":38},"transliteration":{"text":"l-lahi","language_name":"english","language_id":38}},{"id":54951,"position":68,"audio_url":"wbw/024_061_070.mp3","qpc_uthmani_hafs":"مُبَٰرَكَةٗ","char_type_name":"word","page_number":358,"line_number":14,"text":"ﯧ","translation":{"text":"blessed","language_name":"english","language_id":38},"transliteration":{"text":"mubārakatan","language_name":"english","language_id":38}},{"id":54952,"position":69,"audio_url":"wbw/024_061_071.mp3","qpc_uthmani_hafs":"طَيِّبَةٗۚ","char_type_name":"word","page_number":358,"line_number":14,"text":"ﯨﯩ","translation":{"text":"(and) good","language_name":"english","language_id":38},"transliteration":{"text":"ṭayyibatan","language_name":"english","language_id":38}},{"id":54954,"position":70,"audio_url":"wbw/024_061_073.mp3","qpc_uthmani_hafs":"كَذَٰلِكَ","char_type_name":"word","page_number":358,"line_number":14,"text":"ﯪ","translation":{"text":"Thus","language_name":"english","language_id":38},"transliteration":{"text":"kadhālika","language_name":"english","language_id":38}},{"id":54955,"position":71,"audio_url":"wbw/024_061_074.mp3","qpc_uthmani_hafs":"يُبَيِّنُ","char_type_name":"word","page_number":358,"line_number":15,"text":"ﯫ","translation":{"text":"Allah makes clear","language_name":"english","language_id":38},"transliteration":{"text":"yubayyinu","language_name":"english","language_id":38}},{"id":54956,"position":72,"audio_url":"wbw/024_061_075.mp3","qpc_uthmani_hafs":"ٱللَّهُ","char_type_name":"word","page_number":358,"line_number":15,"text":"ﯬ","translation":{"text":"Allah makes clear","language_name":"english","language_id":38},"transliteration":{"text":"l-lahu","language_name":"english","language_id":38}},{"id":54957,"position":73,"audio_url":"wbw/024_061_076.mp3","qpc_uthmani_hafs":"لَكُمُ","char_type_name":"word","page_number":358,"line_number":15,"text":"ﯭ","translation":{"text":"for you","language_name":"english","language_id":38},"transliteration":{"text":"lakumu","language_name":"english","language_id":38}},{"id":54958,"position":74,"audio_url":"wbw/024_061_077.mp3","qpc_uthmani_hafs":"ٱلۡأٓيَٰتِ","char_type_name":"word","page_number":358,"line_number":15,"text":"ﯮ","translation":{"text":"the Verses","language_name":"english","language_id":38},"transliteration":{"text":"l-āyāti","language_name":"english","language_id":38}},{"id":54959,"position":75,"audio_url":"wbw/024_061_078.mp3","qpc_uthmani_hafs":"لَعَلَّكُمۡ","char_type_name":"word","page_number":358,"line_number":15,"text":"ﯯ","translation":{"text":"so that you may","language_name":"english","language_id":38},"transliteration":{"text":"laʿallakum","language_name":"english","language_id":38}},{"id":54960,"position":76,"audio_url":"wbw/024_061_079.mp3","qpc_uthmani_hafs":"تَعۡقِلُونَ","char_type_name":"word","page_number":358,"line_number":15,"text":"ﯰ","translation":{"text":"understand","language_name":"english","language_id":38},"transliteration":{"text":"taʿqilūna","language_name":"english","language_id":38}},{"id":54961,"position":77,"audio_url":null,"qpc_uthmani_hafs":"٦١","char_type_name":"end","page_number":358,"line_number":15,"text":"ﯱ","translation":{"text":"(61)","language_name":"english","language_id":38},"transliteration":{"text":null,"language_name":"english","language_id":38}}],"translations":[{"id":919281,"resource_id":134,"text":"Tidak ada halangan bagi orang buta, tidak (pula) bagi orang pincang, tidak (pula) bagi orang sakit, dan tidak (pula) bagi dirimu sendiri makan (bersama-sama mereka) di rumah kamu sendiri atau di rumah bapak-bapakmu, di rumah ibu-ibumu, di rumah saudara-saudaramu yang laki-laki, di rumah saudaramu yang perempuan, di rumah saudara bapakmu yang laki-laki, di rumah saudara bapakmu yang perempuan, di rumah saudara ibumu yang laki-laki, di rumah saudara ibumu yang perempuan, di rumah yang kamu miliki kuncinya <sup foot_note=210820>1</sup>, atau di rumah kawan-kawanmu.  Tidak ada halangan bagi kamu makan bersama-sama mereka atau sendirian.  Maka apabila kamu memasuki (suatu rumah dari) rumah-rumah (ini), hendaklah kamu memberi salam kepada (penghuninya yang berarti memberi salam) kepada dirimu sendiri; salam yang ditetapkan dari sisi Allah yang diberi berkat lagi baik. Demikianlah, Allah menjelaskan ayat-ayatnya(Nya) bagimu agar kamu memahaminya."}]}],"pagination":{"per_page":50,"current_page":1,"next_page":null,"total_pages":1,"total_records":3}}