{"verses":[{"id":2911,"verse_number":56,"verse_key":"25:56","juz_number":19,"hizb_number":37,"rub_el_hizb_number":146,"ruku_number":314,"manzil_number":4,"sajdah_number":null,"text_uthmani":"وَمَآ أَرْسَلْنَـٰكَ إِلَّا مُبَشِّرًا وَنَذِيرًا","page_number":365,"words":[{"id":52176,"position":1,"audio_url":"wbw/025_056_001.mp3","qpc_uthmani_hafs":"وَمَآ","char_type_name":"word","page_number":365,"line_number":1,"text":"ﭑ","translation":{"text":"And not","language_name":"english","language_id":38},"transliteration":{"text":"wamā","language_name":"english","language_id":38}},{"id":52177,"position":2,"audio_url":"wbw/025_056_002.mp3","qpc_uthmani_hafs":"أَرۡسَلۡنَٰكَ","char_type_name":"word","page_number":365,"line_number":1,"text":"ﭒ","translation":{"text":"We sent you","language_name":"english","language_id":38},"transliteration":{"text":"arsalnāka","language_name":"english","language_id":38}},{"id":52178,"position":3,"audio_url":"wbw/025_056_003.mp3","qpc_uthmani_hafs":"إِلَّا","char_type_name":"word","page_number":365,"line_number":1,"text":"ﭓ","translation":{"text":"except","language_name":"english","language_id":38},"transliteration":{"text":"illā","language_name":"english","language_id":38}},{"id":52179,"position":4,"audio_url":"wbw/025_056_004.mp3","qpc_uthmani_hafs":"مُبَشِّرٗا","char_type_name":"word","page_number":365,"line_number":1,"text":"ﭔ","translation":{"text":"(as) a bearer of glad tidings","language_name":"english","language_id":38},"transliteration":{"text":"mubashiran","language_name":"english","language_id":38}},{"id":52180,"position":5,"audio_url":"wbw/025_056_005.mp3","qpc_uthmani_hafs":"وَنَذِيرٗا","char_type_name":"word","page_number":365,"line_number":1,"text":"ﭕ","translation":{"text":"and a warner","language_name":"english","language_id":38},"transliteration":{"text":"wanadhīran","language_name":"english","language_id":38}},{"id":52181,"position":6,"audio_url":null,"qpc_uthmani_hafs":"٥٦","char_type_name":"end","page_number":365,"line_number":1,"text":"ﭖ","translation":{"text":"(56)","language_name":"english","language_id":38},"transliteration":{"text":null,"language_name":"english","language_id":38}}],"translations":[{"id":919340,"resource_id":134,"text":"Dan tidaklah Kami mengutus kamu, melainkan hanya sebagai pembawa kabar gembira dan pemberi peringatan."}]},{"id":2912,"verse_number":57,"verse_key":"25:57","juz_number":19,"hizb_number":37,"rub_el_hizb_number":146,"ruku_number":314,"manzil_number":4,"sajdah_number":null,"text_uthmani":"قُلْ مَآ أَسْـَٔلُكُمْ عَلَيْهِ مِنْ أَجْرٍ إِلَّا مَن شَآءَ أَن يَتَّخِذَ إِلَىٰ رَبِّهِۦ سَبِيلًا","page_number":365,"words":[{"id":53014,"position":1,"audio_url":"wbw/025_057_001.mp3","qpc_uthmani_hafs":"قُلۡ","char_type_name":"word","page_number":365,"line_number":1,"text":"ﭗ","translation":{"text":"Say","language_name":"english","language_id":38},"transliteration":{"text":"qul","language_name":"english","language_id":38}},{"id":53015,"position":2,"audio_url":"wbw/025_057_002.mp3","qpc_uthmani_hafs":"مَآ","char_type_name":"word","page_number":365,"line_number":1,"text":"ﭘ","translation":{"text":"Not","language_name":"english","language_id":38},"transliteration":{"text":"mā","language_name":"english","language_id":38}},{"id":53016,"position":3,"audio_url":"wbw/025_057_003.mp3","qpc_uthmani_hafs":"أَسۡـَٔلُكُمۡ","char_type_name":"word","page_number":365,"line_number":1,"text":"ﭙ","translation":{"text":"I ask (of) you","language_name":"english","language_id":38},"transliteration":{"text":"asalukum","language_name":"english","language_id":38}},{"id":53017,"position":4,"audio_url":"wbw/025_057_004.mp3","qpc_uthmani_hafs":"عَلَيۡهِ","char_type_name":"word","page_number":365,"line_number":1,"text":"ﭚ","translation":{"text":"for it","language_name":"english","language_id":38},"transliteration":{"text":"ʿalayhi","language_name":"english","language_id":38}},{"id":53018,"position":5,"audio_url":"wbw/025_057_005.mp3","qpc_uthmani_hafs":"مِنۡ","char_type_name":"word","page_number":365,"line_number":2,"text":"ﭛ","translation":{"text":"any","language_name":"english","language_id":38},"transliteration":{"text":"min","language_name":"english","language_id":38}},{"id":53019,"position":6,"audio_url":"wbw/025_057_006.mp3","qpc_uthmani_hafs":"أَجۡرٍ","char_type_name":"word","page_number":365,"line_number":2,"text":"ﭜ","translation":{"text":"payment","language_name":"english","language_id":38},"transliteration":{"text":"ajrin","language_name":"english","language_id":38}},{"id":53020,"position":7,"audio_url":"wbw/025_057_007.mp3","qpc_uthmani_hafs":"إِلَّا","char_type_name":"word","page_number":365,"line_number":2,"text":"ﭝ","translation":{"text":"except","language_name":"english","language_id":38},"transliteration":{"text":"illā","language_name":"english","language_id":38}},{"id":53021,"position":8,"audio_url":"wbw/025_057_008.mp3","qpc_uthmani_hafs":"مَن","char_type_name":"word","page_number":365,"line_number":2,"text":"ﭞ","translation":{"text":"(that) whoever wills","language_name":"english","language_id":38},"transliteration":{"text":"man","language_name":"english","language_id":38}},{"id":53022,"position":9,"audio_url":"wbw/025_057_009.mp3","qpc_uthmani_hafs":"شَآءَ","char_type_name":"word","page_number":365,"line_number":2,"text":"ﭟ","translation":{"text":"(that) whoever wills","language_name":"english","language_id":38},"transliteration":{"text":"shāa","language_name":"english","language_id":38}},{"id":53023,"position":10,"audio_url":"wbw/025_057_010.mp3","qpc_uthmani_hafs":"أَن","char_type_name":"word","page_number":365,"line_number":2,"text":"ﭠ","translation":{"text":"to","language_name":"english","language_id":38},"transliteration":{"text":"an","language_name":"english","language_id":38}},{"id":53024,"position":11,"audio_url":"wbw/025_057_011.mp3","qpc_uthmani_hafs":"يَتَّخِذَ","char_type_name":"word","page_number":365,"line_number":2,"text":"ﭡ","translation":{"text":"take","language_name":"english","language_id":38},"transliteration":{"text":"yattakhidha","language_name":"english","language_id":38}},{"id":53025,"position":12,"audio_url":"wbw/025_057_012.mp3","qpc_uthmani_hafs":"إِلَىٰ","char_type_name":"word","page_number":365,"line_number":2,"text":"ﭢ","translation":{"text":"to","language_name":"english","language_id":38},"transliteration":{"text":"ilā","language_name":"english","language_id":38}},{"id":53026,"position":13,"audio_url":"wbw/025_057_013.mp3","qpc_uthmani_hafs":"رَبِّهِۦ","char_type_name":"word","page_number":365,"line_number":2,"text":"ﭣ","translation":{"text":"his Lord","language_name":"english","language_id":38},"transliteration":{"text":"rabbihi","language_name":"english","language_id":38}},{"id":53027,"position":14,"audio_url":"wbw/025_057_014.mp3","qpc_uthmani_hafs":"سَبِيلٗا","char_type_name":"word","page_number":365,"line_number":2,"text":"ﭤ","translation":{"text":"a way","language_name":"english","language_id":38},"transliteration":{"text":"sabīlan","language_name":"english","language_id":38}},{"id":53028,"position":15,"audio_url":null,"qpc_uthmani_hafs":"٥٧","char_type_name":"end","page_number":365,"line_number":2,"text":"ﭥ","translation":{"text":"(57)","language_name":"english","language_id":38},"transliteration":{"text":null,"language_name":"english","language_id":38}}],"translations":[{"id":919341,"resource_id":134,"text":"Katakanlah, \"Aku tidak meminta upah sedikit pun kepada kamu dalam menyampaikan risalah itu, melainkan (mengharapkan kepatuhan) orang-orang yang mau mengambil jalan kepada Tuhan-nya."}]},{"id":2913,"verse_number":58,"verse_key":"25:58","juz_number":19,"hizb_number":37,"rub_el_hizb_number":146,"ruku_number":314,"manzil_number":4,"sajdah_number":null,"text_uthmani":"وَتَوَكَّلْ عَلَى ٱلْحَىِّ ٱلَّذِى لَا يَمُوتُ وَسَبِّحْ بِحَمْدِهِۦ ۚ وَكَفَىٰ بِهِۦ بِذُنُوبِ عِبَادِهِۦ خَبِيرًا","page_number":365,"words":[{"id":53231,"position":1,"audio_url":"wbw/025_058_001.mp3","qpc_uthmani_hafs":"وَتَوَكَّلۡ","char_type_name":"word","page_number":365,"line_number":2,"text":"ﭦ","translation":{"text":"And put your trust","language_name":"english","language_id":38},"transliteration":{"text":"watawakkal","language_name":"english","language_id":38}},{"id":53232,"position":2,"audio_url":"wbw/025_058_002.mp3","qpc_uthmani_hafs":"عَلَى","char_type_name":"word","page_number":365,"line_number":3,"text":"ﭧ","translation":{"text":"in","language_name":"english","language_id":38},"transliteration":{"text":"ʿalā","language_name":"english","language_id":38}},{"id":53233,"position":3,"audio_url":"wbw/025_058_003.mp3","qpc_uthmani_hafs":"ٱلۡحَيِّ","char_type_name":"word","page_number":365,"line_number":3,"text":"ﭨ","translation":{"text":"the Ever-Living","language_name":"english","language_id":38},"transliteration":{"text":"l-ḥayi","language_name":"english","language_id":38}},{"id":53234,"position":4,"audio_url":"wbw/025_058_004.mp3","qpc_uthmani_hafs":"ٱلَّذِي","char_type_name":"word","page_number":365,"line_number":3,"text":"ﭩ","translation":{"text":"the One Who","language_name":"english","language_id":38},"transliteration":{"text":"alladhī","language_name":"english","language_id":38}},{"id":53235,"position":5,"audio_url":"wbw/025_058_005.mp3","qpc_uthmani_hafs":"لَا","char_type_name":"word","page_number":365,"line_number":3,"text":"ﭪ","translation":{"text":"does not die","language_name":"english","language_id":38},"transliteration":{"text":"lā","language_name":"english","language_id":38}},{"id":53236,"position":6,"audio_url":"wbw/025_058_006.mp3","qpc_uthmani_hafs":"يَمُوتُ","char_type_name":"word","page_number":365,"line_number":3,"text":"ﭫ","translation":{"text":"does not die","language_name":"english","language_id":38},"transliteration":{"text":"yamūtu","language_name":"english","language_id":38}},{"id":53237,"position":7,"audio_url":"wbw/025_058_007.mp3","qpc_uthmani_hafs":"وَسَبِّحۡ","char_type_name":"word","page_number":365,"line_number":3,"text":"ﭬ","translation":{"text":"and glorify","language_name":"english","language_id":38},"transliteration":{"text":"wasabbiḥ","language_name":"english","language_id":38}},{"id":53238,"position":8,"audio_url":"wbw/025_058_008.mp3","qpc_uthmani_hafs":"بِحَمۡدِهِۦۚ","char_type_name":"word","page_number":365,"line_number":3,"text":"ﭭﭮ","translation":{"text":"with His Praise","language_name":"english","language_id":38},"transliteration":{"text":"biḥamdihi","language_name":"english","language_id":38}},{"id":53240,"position":9,"audio_url":"wbw/025_058_010.mp3","qpc_uthmani_hafs":"وَكَفَىٰ","char_type_name":"word","page_number":365,"line_number":3,"text":"ﭯ","translation":{"text":"And sufficient is","language_name":"english","language_id":38},"transliteration":{"text":"wakafā","language_name":"english","language_id":38}},{"id":53241,"position":10,"audio_url":"wbw/025_058_011.mp3","qpc_uthmani_hafs":"بِهِۦ","char_type_name":"word","page_number":365,"line_number":3,"text":"ﭰ","translation":{"text":"He","language_name":"english","language_id":38},"transliteration":{"text":"bihi","language_name":"english","language_id":38}},{"id":53242,"position":11,"audio_url":"wbw/025_058_012.mp3","qpc_uthmani_hafs":"بِذُنُوبِ","char_type_name":"word","page_number":365,"line_number":3,"text":"ﭱ","translation":{"text":"regarding the sins","language_name":"english","language_id":38},"transliteration":{"text":"bidhunūbi","language_name":"english","language_id":38}},{"id":53243,"position":12,"audio_url":"wbw/025_058_013.mp3","qpc_uthmani_hafs":"عِبَادِهِۦ","char_type_name":"word","page_number":365,"line_number":4,"text":"ﭲ","translation":{"text":"(of) His slaves","language_name":"english","language_id":38},"transliteration":{"text":"ʿibādihi","language_name":"english","language_id":38}},{"id":53244,"position":13,"audio_url":"wbw/025_058_014.mp3","qpc_uthmani_hafs":"خَبِيرًا","char_type_name":"word","page_number":365,"line_number":4,"text":"ﭳ","translation":{"text":"All-Aware","language_name":"english","language_id":38},"transliteration":{"text":"khabīran","language_name":"english","language_id":38}},{"id":53245,"position":14,"audio_url":null,"qpc_uthmani_hafs":"٥٨","char_type_name":"end","page_number":365,"line_number":4,"text":"ﭴ","translation":{"text":"(58)","language_name":"english","language_id":38},"transliteration":{"text":null,"language_name":"english","language_id":38}}],"translations":[{"id":919342,"resource_id":134,"text":"Dan bertawakallah kepada Allah yang hidup (kekal) yang tidak mati dan bertasbihlah dengan memuji-Nya.  Dan cukuplah Dia Maha Mengetahui dosa-dosa hamba-hamba-Nya."}]},{"id":2914,"verse_number":59,"verse_key":"25:59","juz_number":19,"hizb_number":37,"rub_el_hizb_number":146,"ruku_number":314,"manzil_number":4,"sajdah_number":null,"text_uthmani":"ٱلَّذِى خَلَقَ ٱلسَّمَـٰوَٰتِ وَٱلْأَرْضَ وَمَا بَيْنَهُمَا فِى سِتَّةِ أَيَّامٍ ثُمَّ ٱسْتَوَىٰ عَلَى ٱلْعَرْشِ ۚ ٱلرَّحْمَـٰنُ فَسْـَٔلْ بِهِۦ خَبِيرًا","page_number":365,"words":[{"id":53635,"position":1,"audio_url":"wbw/025_059_001.mp3","qpc_uthmani_hafs":"ٱلَّذِي","char_type_name":"word","page_number":365,"line_number":4,"text":"ﭵ","translation":{"text":"The One Who","language_name":"english","language_id":38},"transliteration":{"text":"alladhī","language_name":"english","language_id":38}},{"id":53636,"position":2,"audio_url":"wbw/025_059_002.mp3","qpc_uthmani_hafs":"خَلَقَ","char_type_name":"word","page_number":365,"line_number":4,"text":"ﭶ","translation":{"text":"created","language_name":"english","language_id":38},"transliteration":{"text":"khalaqa","language_name":"english","language_id":38}},{"id":53637,"position":3,"audio_url":"wbw/025_059_003.mp3","qpc_uthmani_hafs":"ٱلسَّمَٰوَٰتِ","char_type_name":"word","page_number":365,"line_number":4,"text":"ﭷ","translation":{"text":"the heavens","language_name":"english","language_id":38},"transliteration":{"text":"l-samāwāti","language_name":"english","language_id":38}},{"id":53638,"position":4,"audio_url":"wbw/025_059_004.mp3","qpc_uthmani_hafs":"وَٱلۡأَرۡضَ","char_type_name":"word","page_number":365,"line_number":4,"text":"ﭸ","translation":{"text":"and the earth","language_name":"english","language_id":38},"transliteration":{"text":"wal-arḍa","language_name":"english","language_id":38}},{"id":53639,"position":5,"audio_url":"wbw/025_059_005.mp3","qpc_uthmani_hafs":"وَمَا","char_type_name":"word","page_number":365,"line_number":4,"text":"ﭹ","translation":{"text":"and whatever","language_name":"english","language_id":38},"transliteration":{"text":"wamā","language_name":"english","language_id":38}},{"id":53640,"position":6,"audio_url":"wbw/025_059_006.mp3","qpc_uthmani_hafs":"بَيۡنَهُمَا","char_type_name":"word","page_number":365,"line_number":4,"text":"ﭺ","translation":{"text":"(is) between them","language_name":"english","language_id":38},"transliteration":{"text":"baynahumā","language_name":"english","language_id":38}},{"id":53641,"position":7,"audio_url":"wbw/025_059_007.mp3","qpc_uthmani_hafs":"فِي","char_type_name":"word","page_number":365,"line_number":5,"text":"ﭻ","translation":{"text":"in","language_name":"english","language_id":38},"transliteration":{"text":"fī","language_name":"english","language_id":38}},{"id":53642,"position":8,"audio_url":"wbw/025_059_008.mp3","qpc_uthmani_hafs":"سِتَّةِ","char_type_name":"word","page_number":365,"line_number":5,"text":"ﭼ","translation":{"text":"six","language_name":"english","language_id":38},"transliteration":{"text":"sittati","language_name":"english","language_id":38}},{"id":53643,"position":9,"audio_url":"wbw/025_059_009.mp3","qpc_uthmani_hafs":"أَيَّامٖ","char_type_name":"word","page_number":365,"line_number":5,"text":"ﭽ","translation":{"text":"periods","language_name":"english","language_id":38},"transliteration":{"text":"ayyāmin","language_name":"english","language_id":38}},{"id":53644,"position":10,"audio_url":"wbw/025_059_010.mp3","qpc_uthmani_hafs":"ثُمَّ","char_type_name":"word","page_number":365,"line_number":5,"text":"ﭾ","translation":{"text":"then","language_name":"english","language_id":38},"transliteration":{"text":"thumma","language_name":"english","language_id":38}},{"id":53645,"position":11,"audio_url":"wbw/025_059_011.mp3","qpc_uthmani_hafs":"ٱسۡتَوَىٰ","char_type_name":"word","page_number":365,"line_number":5,"text":"ﭿ","translation":{"text":"He established Himself","language_name":"english","language_id":38},"transliteration":{"text":"is'tawā","language_name":"english","language_id":38}},{"id":53646,"position":12,"audio_url":"wbw/025_059_012.mp3","qpc_uthmani_hafs":"عَلَى","char_type_name":"word","page_number":365,"line_number":5,"text":"ﮀ","translation":{"text":"over","language_name":"english","language_id":38},"transliteration":{"text":"ʿalā","language_name":"english","language_id":38}},{"id":53647,"position":13,"audio_url":"wbw/025_059_013.mp3","qpc_uthmani_hafs":"ٱلۡعَرۡشِۖ","char_type_name":"word","page_number":365,"line_number":5,"text":"ﮁﮂ","translation":{"text":"the Throne ","language_name":"english","language_id":38},"transliteration":{"text":"l-ʿarshi","language_name":"english","language_id":38}},{"id":53649,"position":14,"audio_url":"wbw/025_059_015.mp3","qpc_uthmani_hafs":"ٱلرَّحۡمَٰنُ","char_type_name":"word","page_number":365,"line_number":5,"text":"ﮃ","translation":{"text":"the Most Gracious","language_name":"english","language_id":38},"transliteration":{"text":"l-raḥmānu","language_name":"english","language_id":38}},{"id":53650,"position":15,"audio_url":"wbw/025_059_016.mp3","qpc_uthmani_hafs":"فَسۡـَٔلۡ","char_type_name":"word","page_number":365,"line_number":5,"text":"ﮄ","translation":{"text":"so ask","language_name":"english","language_id":38},"transliteration":{"text":"fasal","language_name":"english","language_id":38}},{"id":53651,"position":16,"audio_url":"wbw/025_059_017.mp3","qpc_uthmani_hafs":"بِهِۦ","char_type_name":"word","page_number":365,"line_number":5,"text":"ﮅ","translation":{"text":"Him","language_name":"english","language_id":38},"transliteration":{"text":"bihi","language_name":"english","language_id":38}},{"id":53652,"position":17,"audio_url":"wbw/025_059_018.mp3","qpc_uthmani_hafs":"خَبِيرٗا","char_type_name":"word","page_number":365,"line_number":6,"text":"ﮆ","translation":{"text":"(as He is) All-Aware","language_name":"english","language_id":38},"transliteration":{"text":"khabīran","language_name":"english","language_id":38}},{"id":53653,"position":18,"audio_url":null,"qpc_uthmani_hafs":"٥٩","char_type_name":"end","page_number":365,"line_number":6,"text":"ﮇ","translation":{"text":"(59)","language_name":"english","language_id":38},"transliteration":{"text":null,"language_name":"english","language_id":38}}],"translations":[{"id":919343,"resource_id":134,"text":"Yang menciptakan langit dan bumi dan apa yang ada antara keduanya dalam enam hari, kemudian dia bersemayam di atas arasy <sup foot_note=210840>1</sup>, (Dia-lah) Yang Maha Pemurah, maka tanyakanlah tentang Allah kepada yang lebih mengetahui (Muhammad)."}]},{"id":2915,"verse_number":60,"verse_key":"25:60","juz_number":19,"hizb_number":37,"rub_el_hizb_number":146,"ruku_number":314,"manzil_number":4,"sajdah_number":7,"text_uthmani":"وَإِذَا قِيلَ لَهُمُ ٱسْجُدُوا۟ لِلرَّحْمَـٰنِ قَالُوا۟ وَمَا ٱلرَّحْمَـٰنُ أَنَسْجُدُ لِمَا تَأْمُرُنَا وَزَادَهُمْ نُفُورًا ۩","page_number":365,"words":[{"id":54284,"position":1,"audio_url":"wbw/025_060_001.mp3","qpc_uthmani_hafs":"وَإِذَا","char_type_name":"word","page_number":365,"line_number":6,"text":"ﮈ","translation":{"text":"And when","language_name":"english","language_id":38},"transliteration":{"text":"wa-idhā","language_name":"english","language_id":38}},{"id":54285,"position":2,"audio_url":"wbw/025_060_002.mp3","qpc_uthmani_hafs":"قِيلَ","char_type_name":"word","page_number":365,"line_number":6,"text":"ﮉ","translation":{"text":"it is said","language_name":"english","language_id":38},"transliteration":{"text":"qīla","language_name":"english","language_id":38}},{"id":54286,"position":3,"audio_url":"wbw/025_060_003.mp3","qpc_uthmani_hafs":"لَهُمُ","char_type_name":"word","page_number":365,"line_number":6,"text":"ﮊ","translation":{"text":"to them","language_name":"english","language_id":38},"transliteration":{"text":"lahumu","language_name":"english","language_id":38}},{"id":54287,"position":4,"audio_url":"wbw/025_060_004.mp3","qpc_uthmani_hafs":"ٱسۡجُدُواْۤ","char_type_name":"word","page_number":365,"line_number":6,"text":"ﮋ","translation":{"text":"Prostrate","language_name":"english","language_id":38},"transliteration":{"text":"us'judū","language_name":"english","language_id":38}},{"id":54288,"position":5,"audio_url":"wbw/025_060_005.mp3","qpc_uthmani_hafs":"لِلرَّحۡمَٰنِ","char_type_name":"word","page_number":365,"line_number":6,"text":"ﮌ","translation":{"text":"to the Most Gracious","language_name":"english","language_id":38},"transliteration":{"text":"lilrraḥmāni","language_name":"english","language_id":38}},{"id":54289,"position":6,"audio_url":"wbw/025_060_006.mp3","qpc_uthmani_hafs":"قَالُواْ","char_type_name":"word","page_number":365,"line_number":6,"text":"ﮍ","translation":{"text":"They say","language_name":"english","language_id":38},"transliteration":{"text":"qālū","language_name":"english","language_id":38}},{"id":54290,"position":7,"audio_url":"wbw/025_060_007.mp3","qpc_uthmani_hafs":"وَمَا","char_type_name":"word","page_number":365,"line_number":6,"text":"ﮎ","translation":{"text":"And what","language_name":"english","language_id":38},"transliteration":{"text":"wamā","language_name":"english","language_id":38}},{"id":54291,"position":8,"audio_url":"wbw/025_060_008.mp3","qpc_uthmani_hafs":"ٱلرَّحۡمَٰنُ","char_type_name":"word","page_number":365,"line_number":6,"text":"ﮏ","translation":{"text":"(is) the Most Gracious","language_name":"english","language_id":38},"transliteration":{"text":"l-raḥmānu","language_name":"english","language_id":38}},{"id":54292,"position":9,"audio_url":"wbw/025_060_009.mp3","qpc_uthmani_hafs":"أَنَسۡجُدُ","char_type_name":"word","page_number":365,"line_number":7,"text":"ﮐ","translation":{"text":"Should we prostrate","language_name":"english","language_id":38},"transliteration":{"text":"anasjudu","language_name":"english","language_id":38}},{"id":54293,"position":10,"audio_url":"wbw/025_060_010.mp3","qpc_uthmani_hafs":"لِمَا","char_type_name":"word","page_number":365,"line_number":7,"text":"ﮑ","translation":{"text":"to what","language_name":"english","language_id":38},"transliteration":{"text":"limā","language_name":"english","language_id":38}},{"id":54294,"position":11,"audio_url":"wbw/025_060_011.mp3","qpc_uthmani_hafs":"تَأۡمُرُنَا","char_type_name":"word","page_number":365,"line_number":7,"text":"ﮒ","translation":{"text":"you order us","language_name":"english","language_id":38},"transliteration":{"text":"tamurunā","language_name":"english","language_id":38}},{"id":54295,"position":12,"audio_url":"wbw/025_060_012.mp3","qpc_uthmani_hafs":"وَزَادَهُمۡ","char_type_name":"word","page_number":365,"line_number":7,"text":"ﮓ","translation":{"text":"And it increases them","language_name":"english","language_id":38},"transliteration":{"text":"wazādahum","language_name":"english","language_id":38}},{"id":54296,"position":13,"audio_url":"wbw/025_060_013.mp3","qpc_uthmani_hafs":"نُفُورٗا ۩","char_type_name":"word","page_number":365,"line_number":7,"text":"ﮔﮕ","translation":{"text":"(in) aversion","language_name":"english","language_id":38},"transliteration":{"text":"nufūran","language_name":"english","language_id":38}},{"id":54298,"position":14,"audio_url":"","qpc_uthmani_hafs":"٦٠","char_type_name":"end","page_number":365,"line_number":7,"text":"ﮖ","translation":{"text":"(60)","language_name":"english","language_id":38},"transliteration":{"text":"","language_name":"english","language_id":38}}],"translations":[{"id":919344,"resource_id":134,"text":"Dan apabila dikatakan kepada mereka, \"Sujudlah kamu sekalian kepada yang Maha Penyayang\", mereka menjawab, \"Siapakah yang Maha Penyayang itu? Apakah kami akan sujud kepada Tuhan yang kamu perintahkan kami (bersujud kepada-Nya)?\" dan (perintah sujud itu) menambah mereka jauh (dari iman)."}]},{"id":2916,"verse_number":61,"verse_key":"25:61","juz_number":19,"hizb_number":37,"rub_el_hizb_number":146,"ruku_number":315,"manzil_number":4,"sajdah_number":null,"text_uthmani":"تَبَارَكَ ٱلَّذِى جَعَلَ فِى ٱلسَّمَآءِ بُرُوجًا وَجَعَلَ فِيهَا سِرَٰجًا وَقَمَرًا مُّنِيرًا","page_number":365,"words":[{"id":55308,"position":1,"audio_url":"wbw/025_061_001.mp3","qpc_uthmani_hafs":"تَبَارَكَ","char_type_name":"word","page_number":365,"line_number":7,"text":"ﮗ","translation":{"text":"Blessed is He","language_name":"english","language_id":38},"transliteration":{"text":"tabāraka","language_name":"english","language_id":38}},{"id":55309,"position":2,"audio_url":"wbw/025_061_002.mp3","qpc_uthmani_hafs":"ٱلَّذِي","char_type_name":"word","page_number":365,"line_number":7,"text":"ﮘ","translation":{"text":"Who","language_name":"english","language_id":38},"transliteration":{"text":"alladhī","language_name":"english","language_id":38}},{"id":55310,"position":3,"audio_url":"wbw/025_061_003.mp3","qpc_uthmani_hafs":"جَعَلَ","char_type_name":"word","page_number":365,"line_number":7,"text":"ﮙ","translation":{"text":"has placed","language_name":"english","language_id":38},"transliteration":{"text":"jaʿala","language_name":"english","language_id":38}},{"id":55311,"position":4,"audio_url":"wbw/025_061_004.mp3","qpc_uthmani_hafs":"فِي","char_type_name":"word","page_number":365,"line_number":8,"text":"ﮚ","translation":{"text":"in","language_name":"english","language_id":38},"transliteration":{"text":"fī","language_name":"english","language_id":38}},{"id":55312,"position":5,"audio_url":"wbw/025_061_005.mp3","qpc_uthmani_hafs":"ٱلسَّمَآءِ","char_type_name":"word","page_number":365,"line_number":8,"text":"ﮛ","translation":{"text":"the skies","language_name":"english","language_id":38},"transliteration":{"text":"l-samāi","language_name":"english","language_id":38}},{"id":55313,"position":6,"audio_url":"wbw/025_061_006.mp3","qpc_uthmani_hafs":"بُرُوجٗا","char_type_name":"word","page_number":365,"line_number":8,"text":"ﮜ","translation":{"text":"constellations","language_name":"english","language_id":38},"transliteration":{"text":"burūjan","language_name":"english","language_id":38}},{"id":55314,"position":7,"audio_url":"wbw/025_061_007.mp3","qpc_uthmani_hafs":"وَجَعَلَ","char_type_name":"word","page_number":365,"line_number":8,"text":"ﮝ","translation":{"text":"and has placed","language_name":"english","language_id":38},"transliteration":{"text":"wajaʿala","language_name":"english","language_id":38}},{"id":55315,"position":8,"audio_url":"wbw/025_061_008.mp3","qpc_uthmani_hafs":"فِيهَا","char_type_name":"word","page_number":365,"line_number":8,"text":"ﮞ","translation":{"text":"therein","language_name":"english","language_id":38},"transliteration":{"text":"fīhā","language_name":"english","language_id":38}},{"id":55316,"position":9,"audio_url":"wbw/025_061_009.mp3","qpc_uthmani_hafs":"سِرَٰجٗا","char_type_name":"word","page_number":365,"line_number":8,"text":"ﮟ","translation":{"text":"a lamp","language_name":"english","language_id":38},"transliteration":{"text":"sirājan","language_name":"english","language_id":38}},{"id":55317,"position":10,"audio_url":"wbw/025_061_010.mp3","qpc_uthmani_hafs":"وَقَمَرٗا","char_type_name":"word","page_number":365,"line_number":8,"text":"ﮠ","translation":{"text":"and a moon","language_name":"english","language_id":38},"transliteration":{"text":"waqamaran","language_name":"english","language_id":38}},{"id":55318,"position":11,"audio_url":"wbw/025_061_011.mp3","qpc_uthmani_hafs":"مُّنِيرٗا","char_type_name":"word","page_number":365,"line_number":8,"text":"ﮡ","translation":{"text":"shining","language_name":"english","language_id":38},"transliteration":{"text":"munīran","language_name":"english","language_id":38}},{"id":55319,"position":12,"audio_url":null,"qpc_uthmani_hafs":"٦١","char_type_name":"end","page_number":365,"line_number":8,"text":"ﮢ","translation":{"text":"(61)","language_name":"english","language_id":38},"transliteration":{"text":null,"language_name":"english","language_id":38}}],"translations":[{"id":919345,"resource_id":134,"text":"Maha Suci Allah yang menjadikan di langit gugusan-gugusan bintang dan Dia menjadikan juga padanya matahari dan bulan yang bercahaya."}]},{"id":2917,"verse_number":62,"verse_key":"25:62","juz_number":19,"hizb_number":37,"rub_el_hizb_number":146,"ruku_number":315,"manzil_number":4,"sajdah_number":null,"text_uthmani":"وَهُوَ ٱلَّذِى جَعَلَ ٱلَّيْلَ وَٱلنَّهَارَ خِلْفَةً لِّمَنْ أَرَادَ أَن يَذَّكَّرَ أَوْ أَرَادَ شُكُورًا","page_number":365,"words":[{"id":55676,"position":1,"audio_url":"wbw/025_062_001.mp3","qpc_uthmani_hafs":"وَهُوَ","char_type_name":"word","page_number":365,"line_number":8,"text":"ﮣ","translation":{"text":"And He","language_name":"english","language_id":38},"transliteration":{"text":"wahuwa","language_name":"english","language_id":38}},{"id":55677,"position":2,"audio_url":"wbw/025_062_002.mp3","qpc_uthmani_hafs":"ٱلَّذِي","char_type_name":"word","page_number":365,"line_number":9,"text":"ﮤ","translation":{"text":"(is) the One Who","language_name":"english","language_id":38},"transliteration":{"text":"alladhī","language_name":"english","language_id":38}},{"id":55678,"position":3,"audio_url":"wbw/025_062_003.mp3","qpc_uthmani_hafs":"جَعَلَ","char_type_name":"word","page_number":365,"line_number":9,"text":"ﮥ","translation":{"text":"made","language_name":"english","language_id":38},"transliteration":{"text":"jaʿala","language_name":"english","language_id":38}},{"id":55679,"position":4,"audio_url":"wbw/025_062_004.mp3","qpc_uthmani_hafs":"ٱلَّيۡلَ","char_type_name":"word","page_number":365,"line_number":9,"text":"ﮦ","translation":{"text":"the night","language_name":"english","language_id":38},"transliteration":{"text":"al-layla","language_name":"english","language_id":38}},{"id":55680,"position":5,"audio_url":"wbw/025_062_005.mp3","qpc_uthmani_hafs":"وَٱلنَّهَارَ","char_type_name":"word","page_number":365,"line_number":9,"text":"ﮧ","translation":{"text":"and the day","language_name":"english","language_id":38},"transliteration":{"text":"wal-nahāra","language_name":"english","language_id":38}},{"id":55681,"position":6,"audio_url":"wbw/025_062_006.mp3","qpc_uthmani_hafs":"خِلۡفَةٗ","char_type_name":"word","page_number":365,"line_number":9,"text":"ﮨ","translation":{"text":"(in) succession","language_name":"english","language_id":38},"transliteration":{"text":"khil'fatan","language_name":"english","language_id":38}},{"id":55682,"position":7,"audio_url":"wbw/025_062_007.mp3","qpc_uthmani_hafs":"لِّمَنۡ","char_type_name":"word","page_number":365,"line_number":9,"text":"ﮩ","translation":{"text":"for whoever","language_name":"english","language_id":38},"transliteration":{"text":"liman","language_name":"english","language_id":38}},{"id":55683,"position":8,"audio_url":"wbw/025_062_008.mp3","qpc_uthmani_hafs":"أَرَادَ","char_type_name":"word","page_number":365,"line_number":9,"text":"ﮪ","translation":{"text":"desires","language_name":"english","language_id":38},"transliteration":{"text":"arāda","language_name":"english","language_id":38}},{"id":55684,"position":9,"audio_url":"wbw/025_062_009.mp3","qpc_uthmani_hafs":"أَن","char_type_name":"word","page_number":365,"line_number":9,"text":"ﮫ","translation":{"text":"to","language_name":"english","language_id":38},"transliteration":{"text":"an","language_name":"english","language_id":38}},{"id":55685,"position":10,"audio_url":"wbw/025_062_010.mp3","qpc_uthmani_hafs":"يَذَّكَّرَ","char_type_name":"word","page_number":365,"line_number":9,"text":"ﮬ","translation":{"text":"remember","language_name":"english","language_id":38},"transliteration":{"text":"yadhakkara","language_name":"english","language_id":38}},{"id":55686,"position":11,"audio_url":"wbw/025_062_011.mp3","qpc_uthmani_hafs":"أَوۡ","char_type_name":"word","page_number":365,"line_number":9,"text":"ﮭ","translation":{"text":"or","language_name":"english","language_id":38},"transliteration":{"text":"aw","language_name":"english","language_id":38}},{"id":55687,"position":12,"audio_url":"wbw/025_062_012.mp3","qpc_uthmani_hafs":"أَرَادَ","char_type_name":"word","page_number":365,"line_number":9,"text":"ﮮ","translation":{"text":"desires","language_name":"english","language_id":38},"transliteration":{"text":"arāda","language_name":"english","language_id":38}},{"id":55688,"position":13,"audio_url":"wbw/025_062_013.mp3","qpc_uthmani_hafs":"شُكُورٗا","char_type_name":"word","page_number":365,"line_number":10,"text":"ﮯ","translation":{"text":"to be thankful","language_name":"english","language_id":38},"transliteration":{"text":"shukūran","language_name":"english","language_id":38}},{"id":55689,"position":14,"audio_url":null,"qpc_uthmani_hafs":"٦٢","char_type_name":"end","page_number":365,"line_number":10,"text":"ﮰ","translation":{"text":"(62)","language_name":"english","language_id":38},"transliteration":{"text":null,"language_name":"english","language_id":38}}],"translations":[{"id":919346,"resource_id":134,"text":"Dan Dia (pula) yang menjadikan malam dan siang silih berganti bagi orang yang ingin mengambil pelajaran atau orang yang ingin bersyukur."}]},{"id":2918,"verse_number":63,"verse_key":"25:63","juz_number":19,"hizb_number":37,"rub_el_hizb_number":146,"ruku_number":315,"manzil_number":4,"sajdah_number":null,"text_uthmani":"وَعِبَادُ ٱلرَّحْمَـٰنِ ٱلَّذِينَ يَمْشُونَ عَلَى ٱلْأَرْضِ هَوْنًا وَإِذَا خَاطَبَهُمُ ٱلْجَـٰهِلُونَ قَالُوا۟ سَلَـٰمًا","page_number":365,"words":[{"id":55982,"position":1,"audio_url":"wbw/025_063_001.mp3","qpc_uthmani_hafs":"وَعِبَادُ","char_type_name":"word","page_number":365,"line_number":10,"text":"ﮱ","translation":{"text":"And (the) slaves","language_name":"english","language_id":38},"transliteration":{"text":"waʿibādu","language_name":"english","language_id":38}},{"id":55983,"position":2,"audio_url":"wbw/025_063_002.mp3","qpc_uthmani_hafs":"ٱلرَّحۡمَٰنِ","char_type_name":"word","page_number":365,"line_number":10,"text":"ﯓ","translation":{"text":"(of) the Most Gracious","language_name":"english","language_id":38},"transliteration":{"text":"l-raḥmāni","language_name":"english","language_id":38}},{"id":55984,"position":3,"audio_url":"wbw/025_063_003.mp3","qpc_uthmani_hafs":"ٱلَّذِينَ","char_type_name":"word","page_number":365,"line_number":10,"text":"ﯔ","translation":{"text":"(are) those who","language_name":"english","language_id":38},"transliteration":{"text":"alladhīna","language_name":"english","language_id":38}},{"id":55985,"position":4,"audio_url":"wbw/025_063_004.mp3","qpc_uthmani_hafs":"يَمۡشُونَ","char_type_name":"word","page_number":365,"line_number":10,"text":"ﯕ","translation":{"text":"walk","language_name":"english","language_id":38},"transliteration":{"text":"yamshūna","language_name":"english","language_id":38}},{"id":55986,"position":5,"audio_url":"wbw/025_063_005.mp3","qpc_uthmani_hafs":"عَلَى","char_type_name":"word","page_number":365,"line_number":10,"text":"ﯖ","translation":{"text":"on","language_name":"english","language_id":38},"transliteration":{"text":"ʿalā","language_name":"english","language_id":38}},{"id":55987,"position":6,"audio_url":"wbw/025_063_006.mp3","qpc_uthmani_hafs":"ٱلۡأَرۡضِ","char_type_name":"word","page_number":365,"line_number":10,"text":"ﯗ","translation":{"text":"the earth","language_name":"english","language_id":38},"transliteration":{"text":"l-arḍi","language_name":"english","language_id":38}},{"id":55988,"position":7,"audio_url":"wbw/025_063_007.mp3","qpc_uthmani_hafs":"هَوۡنٗا","char_type_name":"word","page_number":365,"line_number":11,"text":"ﯘ","translation":{"text":"(in) humbleness","language_name":"english","language_id":38},"transliteration":{"text":"hawnan","language_name":"english","language_id":38}},{"id":55989,"position":8,"audio_url":"wbw/025_063_008.mp3","qpc_uthmani_hafs":"وَإِذَا","char_type_name":"word","page_number":365,"line_number":11,"text":"ﯙ","translation":{"text":"and when","language_name":"english","language_id":38},"transliteration":{"text":"wa-idhā","language_name":"english","language_id":38}},{"id":55990,"position":9,"audio_url":"wbw/025_063_009.mp3","qpc_uthmani_hafs":"خَاطَبَهُمُ","char_type_name":"word","page_number":365,"line_number":11,"text":"ﯚ","translation":{"text":"address them","language_name":"english","language_id":38},"transliteration":{"text":"khāṭabahumu","language_name":"english","language_id":38}},{"id":55991,"position":10,"audio_url":"wbw/025_063_010.mp3","qpc_uthmani_hafs":"ٱلۡجَٰهِلُونَ","char_type_name":"word","page_number":365,"line_number":11,"text":"ﯛ","translation":{"text":"the ignorant ones","language_name":"english","language_id":38},"transliteration":{"text":"l-jāhilūna","language_name":"english","language_id":38}},{"id":55992,"position":11,"audio_url":"wbw/025_063_011.mp3","qpc_uthmani_hafs":"قَالُواْ","char_type_name":"word","page_number":365,"line_number":11,"text":"ﯜ","translation":{"text":"they say","language_name":"english","language_id":38},"transliteration":{"text":"qālū","language_name":"english","language_id":38}},{"id":55993,"position":12,"audio_url":"wbw/025_063_012.mp3","qpc_uthmani_hafs":"سَلَٰمٗا","char_type_name":"word","page_number":365,"line_number":11,"text":"ﯝ","translation":{"text":"Peace","language_name":"english","language_id":38},"transliteration":{"text":"salāman","language_name":"english","language_id":38}},{"id":55994,"position":13,"audio_url":null,"qpc_uthmani_hafs":"٦٣","char_type_name":"end","page_number":365,"line_number":11,"text":"ﯞ","translation":{"text":"(63)","language_name":"english","language_id":38},"transliteration":{"text":null,"language_name":"english","language_id":38}}],"translations":[{"id":919347,"resource_id":134,"text":"Dan hamba-hamba Tuhan yang Maha Penyayang itu (ialah) orang-orang yang berjalan di atas bumi dengan rendah hati dan apabila orang-orang jahil menyapa mereka, mereka mengucapkan kata-kata yang baik."}]},{"id":2919,"verse_number":64,"verse_key":"25:64","juz_number":19,"hizb_number":37,"rub_el_hizb_number":146,"ruku_number":315,"manzil_number":4,"sajdah_number":null,"text_uthmani":"وَٱلَّذِينَ يَبِيتُونَ لِرَبِّهِمْ سُجَّدًا وَقِيَـٰمًا","page_number":365,"words":[{"id":56859,"position":1,"audio_url":"wbw/025_064_001.mp3","qpc_uthmani_hafs":"وَٱلَّذِينَ","char_type_name":"word","page_number":365,"line_number":11,"text":"ﯟ","translation":{"text":"And those who","language_name":"english","language_id":38},"transliteration":{"text":"wa-alladhīna","language_name":"english","language_id":38}},{"id":56860,"position":2,"audio_url":"wbw/025_064_002.mp3","qpc_uthmani_hafs":"يَبِيتُونَ","char_type_name":"word","page_number":365,"line_number":12,"text":"ﯠ","translation":{"text":"spend (the) night","language_name":"english","language_id":38},"transliteration":{"text":"yabītūna","language_name":"english","language_id":38}},{"id":56861,"position":3,"audio_url":"wbw/025_064_003.mp3","qpc_uthmani_hafs":"لِرَبِّهِمۡ","char_type_name":"word","page_number":365,"line_number":12,"text":"ﯡ","translation":{"text":"before their Lord","language_name":"english","language_id":38},"transliteration":{"text":"lirabbihim","language_name":"english","language_id":38}},{"id":56862,"position":4,"audio_url":"wbw/025_064_004.mp3","qpc_uthmani_hafs":"سُجَّدٗا","char_type_name":"word","page_number":365,"line_number":12,"text":"ﯢ","translation":{"text":"prostrating","language_name":"english","language_id":38},"transliteration":{"text":"sujjadan","language_name":"english","language_id":38}},{"id":56863,"position":5,"audio_url":"wbw/025_064_005.mp3","qpc_uthmani_hafs":"وَقِيَٰمٗا","char_type_name":"word","page_number":365,"line_number":12,"text":"ﯣ","translation":{"text":"and standing","language_name":"english","language_id":38},"transliteration":{"text":"waqiyāman","language_name":"english","language_id":38}},{"id":56864,"position":6,"audio_url":null,"qpc_uthmani_hafs":"٦٤","char_type_name":"end","page_number":365,"line_number":12,"text":"ﯤ","translation":{"text":"(64)","language_name":"english","language_id":38},"transliteration":{"text":null,"language_name":"english","language_id":38}}],"translations":[{"id":919348,"resource_id":134,"text":"Dan orang yang melalui malam hari dengan bersujud dan berdiri untuk Tuhan mereka <sup foot_note=210841>1</sup>."}]},{"id":2920,"verse_number":65,"verse_key":"25:65","juz_number":19,"hizb_number":37,"rub_el_hizb_number":146,"ruku_number":315,"manzil_number":4,"sajdah_number":null,"text_uthmani":"وَٱلَّذِينَ يَقُولُونَ رَبَّنَا ٱصْرِفْ عَنَّا عَذَابَ جَهَنَّمَ ۖ إِنَّ عَذَابَهَا كَانَ غَرَامًا","page_number":365,"words":[{"id":57231,"position":1,"audio_url":"wbw/025_065_001.mp3","qpc_uthmani_hafs":"وَٱلَّذِينَ","char_type_name":"word","page_number":365,"line_number":12,"text":"ﯥ","translation":{"text":"And those who","language_name":"english","language_id":38},"transliteration":{"text":"wa-alladhīna","language_name":"english","language_id":38}},{"id":57232,"position":2,"audio_url":"wbw/025_065_002.mp3","qpc_uthmani_hafs":"يَقُولُونَ","char_type_name":"word","page_number":365,"line_number":12,"text":"ﯦ","translation":{"text":"say","language_name":"english","language_id":38},"transliteration":{"text":"yaqūlūna","language_name":"english","language_id":38}},{"id":57233,"position":3,"audio_url":"wbw/025_065_003.mp3","qpc_uthmani_hafs":"رَبَّنَا","char_type_name":"word","page_number":365,"line_number":13,"text":"ﯧ","translation":{"text":"Our Lord","language_name":"english","language_id":38},"transliteration":{"text":"rabbanā","language_name":"english","language_id":38}},{"id":57234,"position":4,"audio_url":"wbw/025_065_004.mp3","qpc_uthmani_hafs":"ٱصۡرِفۡ","char_type_name":"word","page_number":365,"line_number":13,"text":"ﯨ","translation":{"text":"Avert","language_name":"english","language_id":38},"transliteration":{"text":"iṣ'rif","language_name":"english","language_id":38}},{"id":57235,"position":5,"audio_url":"wbw/025_065_005.mp3","qpc_uthmani_hafs":"عَنَّا","char_type_name":"word","page_number":365,"line_number":13,"text":"ﯩ","translation":{"text":"from us","language_name":"english","language_id":38},"transliteration":{"text":"ʿannā","language_name":"english","language_id":38}},{"id":57236,"position":6,"audio_url":"wbw/025_065_006.mp3","qpc_uthmani_hafs":"عَذَابَ","char_type_name":"word","page_number":365,"line_number":13,"text":"ﯪ","translation":{"text":"the punishment","language_name":"english","language_id":38},"transliteration":{"text":"ʿadhāba","language_name":"english","language_id":38}},{"id":57237,"position":7,"audio_url":"wbw/025_065_007.mp3","qpc_uthmani_hafs":"جَهَنَّمَۖ","char_type_name":"word","page_number":365,"line_number":13,"text":"ﯫﯬ","translation":{"text":"(of) Hell","language_name":"english","language_id":38},"transliteration":{"text":"jahannama","language_name":"english","language_id":38}},{"id":57239,"position":8,"audio_url":"wbw/025_065_009.mp3","qpc_uthmani_hafs":"إِنَّ","char_type_name":"word","page_number":365,"line_number":13,"text":"ﯭ","translation":{"text":"Indeed","language_name":"english","language_id":38},"transliteration":{"text":"inna","language_name":"english","language_id":38}},{"id":57240,"position":9,"audio_url":"wbw/025_065_010.mp3","qpc_uthmani_hafs":"عَذَابَهَا","char_type_name":"word","page_number":365,"line_number":13,"text":"ﯮ","translation":{"text":"its punishment","language_name":"english","language_id":38},"transliteration":{"text":"ʿadhābahā","language_name":"english","language_id":38}},{"id":57241,"position":10,"audio_url":"wbw/025_065_011.mp3","qpc_uthmani_hafs":"كَانَ","char_type_name":"word","page_number":365,"line_number":13,"text":"ﯯ","translation":{"text":"is","language_name":"english","language_id":38},"transliteration":{"text":"kāna","language_name":"english","language_id":38}},{"id":57242,"position":11,"audio_url":"wbw/025_065_012.mp3","qpc_uthmani_hafs":"غَرَامًا","char_type_name":"word","page_number":365,"line_number":13,"text":"ﯰ","translation":{"text":"inseparable","language_name":"english","language_id":38},"transliteration":{"text":"gharāman","language_name":"english","language_id":38}},{"id":57243,"position":12,"audio_url":null,"qpc_uthmani_hafs":"٦٥","char_type_name":"end","page_number":365,"line_number":14,"text":"ﯱ","translation":{"text":"(65)","language_name":"english","language_id":38},"transliteration":{"text":null,"language_name":"english","language_id":38}}],"translations":[{"id":919349,"resource_id":134,"text":"Dan orang-orang yang berkata, \"Ya Tuhan kami, jauhkan azab Jahanam dari kami; sesungguhnya azabnya itu adalah kebinasaan yang kekal\"."}]},{"id":2921,"verse_number":66,"verse_key":"25:66","juz_number":19,"hizb_number":37,"rub_el_hizb_number":146,"ruku_number":315,"manzil_number":4,"sajdah_number":null,"text_uthmani":"إِنَّهَا سَآءَتْ مُسْتَقَرًّا وَمُقَامًا","page_number":365,"words":[{"id":57465,"position":1,"audio_url":"wbw/025_066_001.mp3","qpc_uthmani_hafs":"إِنَّهَا","char_type_name":"word","page_number":365,"line_number":14,"text":"ﯲ","translation":{"text":"Indeed, it","language_name":"english","language_id":38},"transliteration":{"text":"innahā","language_name":"english","language_id":38}},{"id":57466,"position":2,"audio_url":"wbw/025_066_002.mp3","qpc_uthmani_hafs":"سَآءَتۡ","char_type_name":"word","page_number":365,"line_number":14,"text":"ﯳ","translation":{"text":"(is) an evil","language_name":"english","language_id":38},"transliteration":{"text":"sāat","language_name":"english","language_id":38}},{"id":57467,"position":3,"audio_url":"wbw/025_066_003.mp3","qpc_uthmani_hafs":"مُسۡتَقَرّٗا","char_type_name":"word","page_number":365,"line_number":14,"text":"ﯴ","translation":{"text":"abode","language_name":"english","language_id":38},"transliteration":{"text":"mus'taqarran","language_name":"english","language_id":38}},{"id":57468,"position":4,"audio_url":"wbw/025_066_004.mp3","qpc_uthmani_hafs":"وَمُقَامٗا","char_type_name":"word","page_number":365,"line_number":14,"text":"ﯵ","translation":{"text":"and resting place","language_name":"english","language_id":38},"transliteration":{"text":"wamuqāman","language_name":"english","language_id":38}},{"id":57469,"position":5,"audio_url":null,"qpc_uthmani_hafs":"٦٦","char_type_name":"end","page_number":365,"line_number":14,"text":"ﯶ","translation":{"text":"(66)","language_name":"english","language_id":38},"transliteration":{"text":null,"language_name":"english","language_id":38}}],"translations":[{"id":919350,"resource_id":134,"text":"Sesungguhnya Jahanam itu seburuk-buruk tempat menetap dan tempat kediaman."}]},{"id":2922,"verse_number":67,"verse_key":"25:67","juz_number":19,"hizb_number":37,"rub_el_hizb_number":146,"ruku_number":315,"manzil_number":4,"sajdah_number":null,"text_uthmani":"وَٱلَّذِينَ إِذَآ أَنفَقُوا۟ لَمْ يُسْرِفُوا۟ وَلَمْ يَقْتُرُوا۟ وَكَانَ بَيْنَ ذَٰلِكَ قَوَامًا","page_number":365,"words":[{"id":58300,"position":1,"audio_url":"wbw/025_067_001.mp3","qpc_uthmani_hafs":"وَٱلَّذِينَ","char_type_name":"word","page_number":365,"line_number":14,"text":"ﯷ","translation":{"text":"And those who","language_name":"english","language_id":38},"transliteration":{"text":"wa-alladhīna","language_name":"english","language_id":38}},{"id":58301,"position":2,"audio_url":"wbw/025_067_002.mp3","qpc_uthmani_hafs":"إِذَآ","char_type_name":"word","page_number":365,"line_number":14,"text":"ﯸ","translation":{"text":"when","language_name":"english","language_id":38},"transliteration":{"text":"idhā","language_name":"english","language_id":38}},{"id":58302,"position":3,"audio_url":"wbw/025_067_003.mp3","qpc_uthmani_hafs":"أَنفَقُواْ","char_type_name":"word","page_number":365,"line_number":14,"text":"ﯹ","translation":{"text":"they spend","language_name":"english","language_id":38},"transliteration":{"text":"anfaqū","language_name":"english","language_id":38}},{"id":58303,"position":4,"audio_url":"wbw/025_067_004.mp3","qpc_uthmani_hafs":"لَمۡ","char_type_name":"word","page_number":365,"line_number":15,"text":"ﯺ","translation":{"text":"(are) not extravagant","language_name":"english","language_id":38},"transliteration":{"text":"lam","language_name":"english","language_id":38}},{"id":58304,"position":5,"audio_url":"wbw/025_067_005.mp3","qpc_uthmani_hafs":"يُسۡرِفُواْ","char_type_name":"word","page_number":365,"line_number":15,"text":"ﯻ","translation":{"text":"(are) not extravagant","language_name":"english","language_id":38},"transliteration":{"text":"yus'rifū","language_name":"english","language_id":38}},{"id":58305,"position":6,"audio_url":"wbw/025_067_006.mp3","qpc_uthmani_hafs":"وَلَمۡ","char_type_name":"word","page_number":365,"line_number":15,"text":"ﯼ","translation":{"text":"and are not stingy","language_name":"english","language_id":38},"transliteration":{"text":"walam","language_name":"english","language_id":38}},{"id":58306,"position":7,"audio_url":"wbw/025_067_007.mp3","qpc_uthmani_hafs":"يَقۡتُرُواْ","char_type_name":"word","page_number":365,"line_number":15,"text":"ﯽ","translation":{"text":"and are not stingy","language_name":"english","language_id":38},"transliteration":{"text":"yaqturū","language_name":"english","language_id":38}},{"id":58307,"position":8,"audio_url":"wbw/025_067_008.mp3","qpc_uthmani_hafs":"وَكَانَ","char_type_name":"word","page_number":365,"line_number":15,"text":"ﯾ","translation":{"text":"but are","language_name":"english","language_id":38},"transliteration":{"text":"wakāna","language_name":"english","language_id":38}},{"id":58308,"position":9,"audio_url":"wbw/025_067_009.mp3","qpc_uthmani_hafs":"بَيۡنَ","char_type_name":"word","page_number":365,"line_number":15,"text":"ﯿ","translation":{"text":"between","language_name":"english","language_id":38},"transliteration":{"text":"bayna","language_name":"english","language_id":38}},{"id":58309,"position":10,"audio_url":"wbw/025_067_010.mp3","qpc_uthmani_hafs":"ذَٰلِكَ","char_type_name":"word","page_number":365,"line_number":15,"text":"ﰀ","translation":{"text":"that ","language_name":"english","language_id":38},"transliteration":{"text":"dhālika","language_name":"english","language_id":38}},{"id":58310,"position":11,"audio_url":"wbw/025_067_011.mp3","qpc_uthmani_hafs":"قَوَامٗا","char_type_name":"word","page_number":365,"line_number":15,"text":"ﰁ","translation":{"text":"moderate","language_name":"english","language_id":38},"transliteration":{"text":"qawāman","language_name":"english","language_id":38}},{"id":58311,"position":12,"audio_url":null,"qpc_uthmani_hafs":"٦٧","char_type_name":"end","page_number":365,"line_number":15,"text":"ﰂ","translation":{"text":"(67)","language_name":"english","language_id":38},"transliteration":{"text":null,"language_name":"english","language_id":38}}],"translations":[{"id":919351,"resource_id":134,"text":"Dan orang-orang yang apabila membelanjakan (harta), mereka tidak berlebihan, dan tidak (pula) kikir, dan adalah (pembelanjaan itu) di tengah-tengah antara yang demikian."}]}],"pagination":{"per_page":50,"current_page":1,"next_page":null,"total_pages":1,"total_records":12}}