{"verses":[{"id":2933,"verse_number":1,"verse_key":"26:1","juz_number":19,"hizb_number":37,"rub_el_hizb_number":147,"ruku_number":316,"manzil_number":5,"sajdah_number":null,"text_uthmani":" طسٓمٓ","page_number":367,"words":[{"id":710,"position":1,"audio_url":"wbw/026_001_001.mp3","qpc_uthmani_hafs":"طسٓمٓ","char_type_name":"word","page_number":367,"line_number":2,"text":"ﭑ","translation":{"text":"Ta Seem Meem","language_name":"english","language_id":38},"transliteration":{"text":"tta-seen-meem","language_name":"english","language_id":38}},{"id":711,"position":2,"audio_url":null,"qpc_uthmani_hafs":"١","char_type_name":"end","page_number":367,"line_number":2,"text":"ﭒ","translation":{"text":"(1)","language_name":"english","language_id":38},"transliteration":{"text":null,"language_name":"english","language_id":38}}],"translations":[{"id":919362,"resource_id":134,"text":"Ṭā Sīm mīm <sup foot_note=210842>1</sup>"}]},{"id":2934,"verse_number":2,"verse_key":"26:2","juz_number":19,"hizb_number":37,"rub_el_hizb_number":147,"ruku_number":316,"manzil_number":5,"sajdah_number":null,"text_uthmani":"تِلْكَ ءَايَـٰتُ ٱلْكِتَـٰبِ ٱلْمُبِينِ","page_number":367,"words":[{"id":1769,"position":1,"audio_url":"wbw/026_002_001.mp3","qpc_uthmani_hafs":"تِلۡكَ","char_type_name":"word","page_number":367,"line_number":2,"text":"ﭓ","translation":{"text":"These","language_name":"english","language_id":38},"transliteration":{"text":"til'ka","language_name":"english","language_id":38}},{"id":1770,"position":2,"audio_url":"wbw/026_002_002.mp3","qpc_uthmani_hafs":"ءَايَٰتُ","char_type_name":"word","page_number":367,"line_number":2,"text":"ﭔ","translation":{"text":"(are the) Verses","language_name":"english","language_id":38},"transliteration":{"text":"āyātu","language_name":"english","language_id":38}},{"id":1771,"position":3,"audio_url":"wbw/026_002_003.mp3","qpc_uthmani_hafs":"ٱلۡكِتَٰبِ","char_type_name":"word","page_number":367,"line_number":2,"text":"ﭕ","translation":{"text":"(of) the Book","language_name":"english","language_id":38},"transliteration":{"text":"l-kitābi","language_name":"english","language_id":38}},{"id":1772,"position":4,"audio_url":"wbw/026_002_004.mp3","qpc_uthmani_hafs":"ٱلۡمُبِينِ","char_type_name":"word","page_number":367,"line_number":2,"text":"ﭖ","translation":{"text":"clear","language_name":"english","language_id":38},"transliteration":{"text":"l-mubīni","language_name":"english","language_id":38}},{"id":1773,"position":5,"audio_url":null,"qpc_uthmani_hafs":"٢","char_type_name":"end","page_number":367,"line_number":2,"text":"ﭗ","translation":{"text":"(2)","language_name":"english","language_id":38},"transliteration":{"text":null,"language_name":"english","language_id":38}}],"translations":[{"id":919363,"resource_id":134,"text":"Inilah ayat-ayat Al-Qur`ān yang menerangkan."}]},{"id":2935,"verse_number":3,"verse_key":"26:3","juz_number":19,"hizb_number":37,"rub_el_hizb_number":147,"ruku_number":316,"manzil_number":5,"sajdah_number":null,"text_uthmani":"لَعَلَّكَ بَـٰخِعٌ نَّفْسَكَ أَلَّا يَكُونُوا۟ مُؤْمِنِينَ","page_number":367,"words":[{"id":2807,"position":1,"audio_url":"wbw/026_003_001.mp3","qpc_uthmani_hafs":"لَعَلَّكَ","char_type_name":"word","page_number":367,"line_number":2,"text":"ﭘ","translation":{"text":"Perhaps you","language_name":"english","language_id":38},"transliteration":{"text":"laʿallaka","language_name":"english","language_id":38}},{"id":2808,"position":2,"audio_url":"wbw/026_003_002.mp3","qpc_uthmani_hafs":"بَٰخِعٞ","char_type_name":"word","page_number":367,"line_number":2,"text":"ﭙ","translation":{"text":"(would) kill","language_name":"english","language_id":38},"transliteration":{"text":"bākhiʿun","language_name":"english","language_id":38}},{"id":2809,"position":3,"audio_url":"wbw/026_003_003.mp3","qpc_uthmani_hafs":"نَّفۡسَكَ","char_type_name":"word","page_number":367,"line_number":2,"text":"ﭚ","translation":{"text":"yourself","language_name":"english","language_id":38},"transliteration":{"text":"nafsaka","language_name":"english","language_id":38}},{"id":2810,"position":4,"audio_url":"wbw/026_003_004.mp3","qpc_uthmani_hafs":"أَلَّا","char_type_name":"word","page_number":367,"line_number":3,"text":"ﭛ","translation":{"text":"that not","language_name":"english","language_id":38},"transliteration":{"text":"allā","language_name":"english","language_id":38}},{"id":2811,"position":5,"audio_url":"wbw/026_003_005.mp3","qpc_uthmani_hafs":"يَكُونُواْ","char_type_name":"word","page_number":367,"line_number":3,"text":"ﭜ","translation":{"text":"they become","language_name":"english","language_id":38},"transliteration":{"text":"yakūnū","language_name":"english","language_id":38}},{"id":2812,"position":6,"audio_url":"wbw/026_003_006.mp3","qpc_uthmani_hafs":"مُؤۡمِنِينَ","char_type_name":"word","page_number":367,"line_number":3,"text":"ﭝ","translation":{"text":"believers","language_name":"english","language_id":38},"transliteration":{"text":"mu'minīna","language_name":"english","language_id":38}},{"id":2813,"position":7,"audio_url":null,"qpc_uthmani_hafs":"٣","char_type_name":"end","page_number":367,"line_number":3,"text":"ﭞ","translation":{"text":"(3)","language_name":"english","language_id":38},"transliteration":{"text":null,"language_name":"english","language_id":38}}],"translations":[{"id":919364,"resource_id":134,"text":"Boleh jadi kamu (Muhammad) akan membinasakan dirimu karena mereka <sup foot_note=210843>1</sup> tidak beriman."}]},{"id":2936,"verse_number":4,"verse_key":"26:4","juz_number":19,"hizb_number":37,"rub_el_hizb_number":147,"ruku_number":316,"manzil_number":5,"sajdah_number":null,"text_uthmani":"إِن نَّشَأْ نُنَزِّلْ عَلَيْهِم مِّنَ ٱلسَّمَآءِ ءَايَةً فَظَلَّتْ أَعْنَـٰقُهُمْ لَهَا خَـٰضِعِينَ","page_number":367,"words":[{"id":3727,"position":1,"audio_url":"wbw/026_004_001.mp3","qpc_uthmani_hafs":"إِن","char_type_name":"word","page_number":367,"line_number":3,"text":"ﭟ","translation":{"text":"If","language_name":"english","language_id":38},"transliteration":{"text":"in","language_name":"english","language_id":38}},{"id":3728,"position":2,"audio_url":"wbw/026_004_002.mp3","qpc_uthmani_hafs":"نَّشَأۡ","char_type_name":"word","page_number":367,"line_number":3,"text":"ﭠ","translation":{"text":"We will","language_name":"english","language_id":38},"transliteration":{"text":"nasha","language_name":"english","language_id":38}},{"id":3729,"position":3,"audio_url":"wbw/026_004_003.mp3","qpc_uthmani_hafs":"نُنَزِّلۡ","char_type_name":"word","page_number":367,"line_number":3,"text":"ﭡ","translation":{"text":"We can send down","language_name":"english","language_id":38},"transliteration":{"text":"nunazzil","language_name":"english","language_id":38}},{"id":3730,"position":4,"audio_url":"wbw/026_004_004.mp3","qpc_uthmani_hafs":"عَلَيۡهِم","char_type_name":"word","page_number":367,"line_number":3,"text":"ﭢ","translation":{"text":"to them","language_name":"english","language_id":38},"transliteration":{"text":"ʿalayhim","language_name":"english","language_id":38}},{"id":3731,"position":5,"audio_url":"wbw/026_004_005.mp3","qpc_uthmani_hafs":"مِّنَ","char_type_name":"word","page_number":367,"line_number":3,"text":"ﭣ","translation":{"text":"from","language_name":"english","language_id":38},"transliteration":{"text":"mina","language_name":"english","language_id":38}},{"id":3732,"position":6,"audio_url":"wbw/026_004_006.mp3","qpc_uthmani_hafs":"ٱلسَّمَآءِ","char_type_name":"word","page_number":367,"line_number":3,"text":"ﭤ","translation":{"text":"the sky","language_name":"english","language_id":38},"transliteration":{"text":"l-samāi","language_name":"english","language_id":38}},{"id":3733,"position":7,"audio_url":"wbw/026_004_007.mp3","qpc_uthmani_hafs":"ءَايَةٗ","char_type_name":"word","page_number":367,"line_number":3,"text":"ﭥ","translation":{"text":"a Sign","language_name":"english","language_id":38},"transliteration":{"text":"āyatan","language_name":"english","language_id":38}},{"id":3734,"position":8,"audio_url":"wbw/026_004_008.mp3","qpc_uthmani_hafs":"فَظَلَّتۡ","char_type_name":"word","page_number":367,"line_number":3,"text":"ﭦ","translation":{"text":"so would bend","language_name":"english","language_id":38},"transliteration":{"text":"faẓallat","language_name":"english","language_id":38}},{"id":3735,"position":9,"audio_url":"wbw/026_004_009.mp3","qpc_uthmani_hafs":"أَعۡنَٰقُهُمۡ","char_type_name":"word","page_number":367,"line_number":4,"text":"ﭧ","translation":{"text":"their necks","language_name":"english","language_id":38},"transliteration":{"text":"aʿnāquhum","language_name":"english","language_id":38}},{"id":3736,"position":10,"audio_url":"wbw/026_004_010.mp3","qpc_uthmani_hafs":"لَهَا","char_type_name":"word","page_number":367,"line_number":4,"text":"ﭨ","translation":{"text":"to it","language_name":"english","language_id":38},"transliteration":{"text":"lahā","language_name":"english","language_id":38}},{"id":3737,"position":11,"audio_url":"wbw/026_004_011.mp3","qpc_uthmani_hafs":"خَٰضِعِينَ","char_type_name":"word","page_number":367,"line_number":4,"text":"ﭩ","translation":{"text":"(in) humility","language_name":"english","language_id":38},"transliteration":{"text":"khāḍiʿīna","language_name":"english","language_id":38}},{"id":3738,"position":12,"audio_url":null,"qpc_uthmani_hafs":"٤","char_type_name":"end","page_number":367,"line_number":4,"text":"ﭪ","translation":{"text":"(4)","language_name":"english","language_id":38},"transliteration":{"text":null,"language_name":"english","language_id":38}}],"translations":[{"id":919365,"resource_id":134,"text":"Jika kami kehendaki, niscaya Kami menurunkan kepada mereka mukjizat dari langit, maka senantiasa kuduk-kuduk mereka tunduk kepadanya."}]},{"id":2937,"verse_number":5,"verse_key":"26:5","juz_number":19,"hizb_number":37,"rub_el_hizb_number":147,"ruku_number":316,"manzil_number":5,"sajdah_number":null,"text_uthmani":"وَمَا يَأْتِيهِم مِّن ذِكْرٍ مِّنَ ٱلرَّحْمَـٰنِ مُحْدَثٍ إِلَّا كَانُوا۟ عَنْهُ مُعْرِضِينَ","page_number":367,"words":[{"id":4698,"position":1,"audio_url":"wbw/026_005_001.mp3","qpc_uthmani_hafs":"وَمَا","char_type_name":"word","page_number":367,"line_number":4,"text":"ﭫ","translation":{"text":"And (does) not","language_name":"english","language_id":38},"transliteration":{"text":"wamā","language_name":"english","language_id":38}},{"id":4699,"position":2,"audio_url":"wbw/026_005_002.mp3","qpc_uthmani_hafs":"يَأۡتِيهِم","char_type_name":"word","page_number":367,"line_number":4,"text":"ﭬ","translation":{"text":"come to them","language_name":"english","language_id":38},"transliteration":{"text":"yatīhim","language_name":"english","language_id":38}},{"id":4700,"position":3,"audio_url":"wbw/026_005_003.mp3","qpc_uthmani_hafs":"مِّن","char_type_name":"word","page_number":367,"line_number":4,"text":"ﭭ","translation":{"text":"any","language_name":"english","language_id":38},"transliteration":{"text":"min","language_name":"english","language_id":38}},{"id":4701,"position":4,"audio_url":"wbw/026_005_004.mp3","qpc_uthmani_hafs":"ذِكۡرٖ","char_type_name":"word","page_number":367,"line_number":4,"text":"ﭮ","translation":{"text":"reminder","language_name":"english","language_id":38},"transliteration":{"text":"dhik'rin","language_name":"english","language_id":38}},{"id":4702,"position":5,"audio_url":"wbw/026_005_005.mp3","qpc_uthmani_hafs":"مِّنَ","char_type_name":"word","page_number":367,"line_number":4,"text":"ﭯ","translation":{"text":"from","language_name":"english","language_id":38},"transliteration":{"text":"mina","language_name":"english","language_id":38}},{"id":4703,"position":6,"audio_url":"wbw/026_005_006.mp3","qpc_uthmani_hafs":"ٱلرَّحۡمَٰنِ","char_type_name":"word","page_number":367,"line_number":4,"text":"ﭰ","translation":{"text":"the Most Gracious","language_name":"english","language_id":38},"transliteration":{"text":"l-raḥmāni","language_name":"english","language_id":38}},{"id":4704,"position":7,"audio_url":"wbw/026_005_007.mp3","qpc_uthmani_hafs":"مُحۡدَثٍ","char_type_name":"word","page_number":367,"line_number":4,"text":"ﭱ","translation":{"text":"new","language_name":"english","language_id":38},"transliteration":{"text":"muḥ'dathin","language_name":"english","language_id":38}},{"id":4705,"position":8,"audio_url":"wbw/026_005_008.mp3","qpc_uthmani_hafs":"إِلَّا","char_type_name":"word","page_number":367,"line_number":5,"text":"ﭲ","translation":{"text":"but","language_name":"english","language_id":38},"transliteration":{"text":"illā","language_name":"english","language_id":38}},{"id":4706,"position":9,"audio_url":"wbw/026_005_009.mp3","qpc_uthmani_hafs":"كَانُواْ","char_type_name":"word","page_number":367,"line_number":5,"text":"ﭳ","translation":{"text":"they","language_name":"english","language_id":38},"transliteration":{"text":"kānū","language_name":"english","language_id":38}},{"id":4707,"position":10,"audio_url":"wbw/026_005_010.mp3","qpc_uthmani_hafs":"عَنۡهُ","char_type_name":"word","page_number":367,"line_number":5,"text":"ﭴ","translation":{"text":"from it","language_name":"english","language_id":38},"transliteration":{"text":"ʿanhu","language_name":"english","language_id":38}},{"id":4708,"position":11,"audio_url":"wbw/026_005_011.mp3","qpc_uthmani_hafs":"مُعۡرِضِينَ","char_type_name":"word","page_number":367,"line_number":5,"text":"ﭵ","translation":{"text":"turn away","language_name":"english","language_id":38},"transliteration":{"text":"muʿ'riḍīna","language_name":"english","language_id":38}},{"id":4709,"position":12,"audio_url":null,"qpc_uthmani_hafs":"٥","char_type_name":"end","page_number":367,"line_number":5,"text":"ﭶ","translation":{"text":"(5)","language_name":"english","language_id":38},"transliteration":{"text":null,"language_name":"english","language_id":38}}],"translations":[{"id":919366,"resource_id":134,"text":"Dan sekali-kali tidak datang kepada mereka suatu peringatan baru <sup foot_note=210844>1</sup> dari Tuhan Yang Maha Pemurah, melainkan mereka selalu berpaling darinya."}]},{"id":2938,"verse_number":6,"verse_key":"26:6","juz_number":19,"hizb_number":37,"rub_el_hizb_number":147,"ruku_number":316,"manzil_number":5,"sajdah_number":null,"text_uthmani":"فَقَدْ كَذَّبُوا۟ فَسَيَأْتِيهِمْ أَنۢبَـٰٓؤُا۟ مَا كَانُوا۟ بِهِۦ يَسْتَهْزِءُونَ","page_number":367,"words":[{"id":5968,"position":1,"audio_url":"wbw/026_006_001.mp3","qpc_uthmani_hafs":"فَقَدۡ","char_type_name":"word","page_number":367,"line_number":5,"text":"ﭷ","translation":{"text":"So verily","language_name":"english","language_id":38},"transliteration":{"text":"faqad","language_name":"english","language_id":38}},{"id":5969,"position":2,"audio_url":"wbw/026_006_002.mp3","qpc_uthmani_hafs":"كَذَّبُواْ","char_type_name":"word","page_number":367,"line_number":5,"text":"ﭸ","translation":{"text":"they have denied","language_name":"english","language_id":38},"transliteration":{"text":"kadhabū","language_name":"english","language_id":38}},{"id":5970,"position":3,"audio_url":"wbw/026_006_003.mp3","qpc_uthmani_hafs":"فَسَيَأۡتِيهِمۡ","char_type_name":"word","page_number":367,"line_number":5,"text":"ﭹ","translation":{"text":"then will come to them","language_name":"english","language_id":38},"transliteration":{"text":"fasayatīhim","language_name":"english","language_id":38}},{"id":5971,"position":4,"audio_url":"wbw/026_006_004.mp3","qpc_uthmani_hafs":"أَنۢبَٰٓؤُاْ","char_type_name":"word","page_number":367,"line_number":5,"text":"ﭺ","translation":{"text":"the news","language_name":"english","language_id":38},"transliteration":{"text":"anbāu","language_name":"english","language_id":38}},{"id":5972,"position":5,"audio_url":"wbw/026_006_005.mp3","qpc_uthmani_hafs":"مَا","char_type_name":"word","page_number":367,"line_number":5,"text":"ﭻ","translation":{"text":"(of) what","language_name":"english","language_id":38},"transliteration":{"text":"mā","language_name":"english","language_id":38}},{"id":5973,"position":6,"audio_url":"wbw/026_006_006.mp3","qpc_uthmani_hafs":"كَانُواْ","char_type_name":"word","page_number":367,"line_number":5,"text":"ﭼ","translation":{"text":"they used","language_name":"english","language_id":38},"transliteration":{"text":"kānū","language_name":"english","language_id":38}},{"id":5974,"position":7,"audio_url":"wbw/026_006_007.mp3","qpc_uthmani_hafs":"بِهِۦ","char_type_name":"word","page_number":367,"line_number":6,"text":"ﭽ","translation":{"text":"at it","language_name":"english","language_id":38},"transliteration":{"text":"bihi","language_name":"english","language_id":38}},{"id":5975,"position":8,"audio_url":"wbw/026_006_008.mp3","qpc_uthmani_hafs":"يَسۡتَهۡزِءُونَ","char_type_name":"word","page_number":367,"line_number":6,"text":"ﭾ","translation":{"text":"(to) mock","language_name":"english","language_id":38},"transliteration":{"text":"yastahziūna","language_name":"english","language_id":38}},{"id":5976,"position":9,"audio_url":null,"qpc_uthmani_hafs":"٦","char_type_name":"end","page_number":367,"line_number":6,"text":"ﭿ","translation":{"text":"(6)","language_name":"english","language_id":38},"transliteration":{"text":null,"language_name":"english","language_id":38}}],"translations":[{"id":919367,"resource_id":134,"text":"Sungguh mereka telah mendustakan (Al-Qur`ān), maka kelak akan datang kepada mereka (kenyataan dari) berita-berita yang selalu mereka perolok-olokkan."}]},{"id":2939,"verse_number":7,"verse_key":"26:7","juz_number":19,"hizb_number":37,"rub_el_hizb_number":147,"ruku_number":316,"manzil_number":5,"sajdah_number":null,"text_uthmani":"أَوَلَمْ يَرَوْا۟ إِلَى ٱلْأَرْضِ كَمْ أَنۢبَتْنَا فِيهَا مِن كُلِّ زَوْجٍ كَرِيمٍ","page_number":367,"words":[{"id":7192,"position":1,"audio_url":"wbw/026_007_001.mp3","qpc_uthmani_hafs":"أَوَلَمۡ","char_type_name":"word","page_number":367,"line_number":6,"text":"ﮀ","translation":{"text":"Do not","language_name":"english","language_id":38},"transliteration":{"text":"awalam","language_name":"english","language_id":38}},{"id":7193,"position":2,"audio_url":"wbw/026_007_002.mp3","qpc_uthmani_hafs":"يَرَوۡاْ","char_type_name":"word","page_number":367,"line_number":6,"text":"ﮁ","translation":{"text":"they see","language_name":"english","language_id":38},"transliteration":{"text":"yaraw","language_name":"english","language_id":38}},{"id":7194,"position":3,"audio_url":"wbw/026_007_003.mp3","qpc_uthmani_hafs":"إِلَى","char_type_name":"word","page_number":367,"line_number":6,"text":"ﮂ","translation":{"text":"at","language_name":"english","language_id":38},"transliteration":{"text":"ilā","language_name":"english","language_id":38}},{"id":7195,"position":4,"audio_url":"wbw/026_007_004.mp3","qpc_uthmani_hafs":"ٱلۡأَرۡضِ","char_type_name":"word","page_number":367,"line_number":6,"text":"ﮃ","translation":{"text":"the earth ","language_name":"english","language_id":38},"transliteration":{"text":"l-arḍi","language_name":"english","language_id":38}},{"id":7196,"position":5,"audio_url":"wbw/026_007_005.mp3","qpc_uthmani_hafs":"كَمۡ","char_type_name":"word","page_number":367,"line_number":6,"text":"ﮄ","translation":{"text":"how many","language_name":"english","language_id":38},"transliteration":{"text":"kam","language_name":"english","language_id":38}},{"id":7197,"position":6,"audio_url":"wbw/026_007_006.mp3","qpc_uthmani_hafs":"أَنۢبَتۡنَا","char_type_name":"word","page_number":367,"line_number":6,"text":"ﮅ","translation":{"text":"We produced","language_name":"english","language_id":38},"transliteration":{"text":"anbatnā","language_name":"english","language_id":38}},{"id":7198,"position":7,"audio_url":"wbw/026_007_007.mp3","qpc_uthmani_hafs":"فِيهَا","char_type_name":"word","page_number":367,"line_number":6,"text":"ﮆ","translation":{"text":"in it","language_name":"english","language_id":38},"transliteration":{"text":"fīhā","language_name":"english","language_id":38}},{"id":7199,"position":8,"audio_url":"wbw/026_007_008.mp3","qpc_uthmani_hafs":"مِن","char_type_name":"word","page_number":367,"line_number":6,"text":"ﮇ","translation":{"text":"of","language_name":"english","language_id":38},"transliteration":{"text":"min","language_name":"english","language_id":38}},{"id":7200,"position":9,"audio_url":"wbw/026_007_009.mp3","qpc_uthmani_hafs":"كُلِّ","char_type_name":"word","page_number":367,"line_number":6,"text":"ﮈ","translation":{"text":"every","language_name":"english","language_id":38},"transliteration":{"text":"kulli","language_name":"english","language_id":38}},{"id":7201,"position":10,"audio_url":"wbw/026_007_010.mp3","qpc_uthmani_hafs":"زَوۡجٖ","char_type_name":"word","page_number":367,"line_number":6,"text":"ﮉ","translation":{"text":"kind","language_name":"english","language_id":38},"transliteration":{"text":"zawjin","language_name":"english","language_id":38}},{"id":7202,"position":11,"audio_url":"wbw/026_007_011.mp3","qpc_uthmani_hafs":"كَرِيمٍ","char_type_name":"word","page_number":367,"line_number":7,"text":"ﮊ","translation":{"text":"noble","language_name":"english","language_id":38},"transliteration":{"text":"karīmin","language_name":"english","language_id":38}},{"id":7203,"position":12,"audio_url":null,"qpc_uthmani_hafs":"٧","char_type_name":"end","page_number":367,"line_number":7,"text":"ﮋ","translation":{"text":"(7)","language_name":"english","language_id":38},"transliteration":{"text":null,"language_name":"english","language_id":38}}],"translations":[{"id":919368,"resource_id":134,"text":"Dan apakah mereka tidak memperhatikan bumi, berapakah banyaknya Kami tumbuhkan di bumi itu pelbagai macam tumbuh-tumbuhan yang baik?"}]},{"id":2940,"verse_number":8,"verse_key":"26:8","juz_number":19,"hizb_number":37,"rub_el_hizb_number":147,"ruku_number":316,"manzil_number":5,"sajdah_number":null,"text_uthmani":"إِنَّ فِى ذَٰلِكَ لَـَٔايَةً ۖ وَمَا كَانَ أَكْثَرُهُم مُّؤْمِنِينَ","page_number":367,"words":[{"id":9266,"position":1,"audio_url":"wbw/026_008_001.mp3","qpc_uthmani_hafs":"إِنَّ","char_type_name":"word","page_number":367,"line_number":7,"text":"ﮌ","translation":{"text":"Indeed","language_name":"english","language_id":38},"transliteration":{"text":"inna","language_name":"english","language_id":38}},{"id":9267,"position":2,"audio_url":"wbw/026_008_002.mp3","qpc_uthmani_hafs":"فِي","char_type_name":"word","page_number":367,"line_number":7,"text":"ﮍ","translation":{"text":"in","language_name":"english","language_id":38},"transliteration":{"text":"fī","language_name":"english","language_id":38}},{"id":9268,"position":3,"audio_url":"wbw/026_008_003.mp3","qpc_uthmani_hafs":"ذَٰلِكَ","char_type_name":"word","page_number":367,"line_number":7,"text":"ﮎ","translation":{"text":"that","language_name":"english","language_id":38},"transliteration":{"text":"dhālika","language_name":"english","language_id":38}},{"id":9269,"position":4,"audio_url":"wbw/026_008_004.mp3","qpc_uthmani_hafs":"لَأٓيَةٗۖ","char_type_name":"word","page_number":367,"line_number":7,"text":"ﮏﮐ","translation":{"text":"surely (is) a sign","language_name":"english","language_id":38},"transliteration":{"text":"laāyatan","language_name":"english","language_id":38}},{"id":9271,"position":5,"audio_url":"wbw/026_008_006.mp3","qpc_uthmani_hafs":"وَمَا","char_type_name":"word","page_number":367,"line_number":7,"text":"ﮑ","translation":{"text":"but not","language_name":"english","language_id":38},"transliteration":{"text":"wamā","language_name":"english","language_id":38}},{"id":9272,"position":6,"audio_url":"wbw/026_008_007.mp3","qpc_uthmani_hafs":"كَانَ","char_type_name":"word","page_number":367,"line_number":7,"text":"ﮒ","translation":{"text":"are","language_name":"english","language_id":38},"transliteration":{"text":"kāna","language_name":"english","language_id":38}},{"id":9273,"position":7,"audio_url":"wbw/026_008_008.mp3","qpc_uthmani_hafs":"أَكۡثَرُهُم","char_type_name":"word","page_number":367,"line_number":7,"text":"ﮓ","translation":{"text":"most of them","language_name":"english","language_id":38},"transliteration":{"text":"aktharuhum","language_name":"english","language_id":38}},{"id":9274,"position":8,"audio_url":"wbw/026_008_009.mp3","qpc_uthmani_hafs":"مُّؤۡمِنِينَ","char_type_name":"word","page_number":367,"line_number":7,"text":"ﮔ","translation":{"text":"believers","language_name":"english","language_id":38},"transliteration":{"text":"mu'minīna","language_name":"english","language_id":38}},{"id":9275,"position":9,"audio_url":null,"qpc_uthmani_hafs":"٨","char_type_name":"end","page_number":367,"line_number":7,"text":"ﮕ","translation":{"text":"(8)","language_name":"english","language_id":38},"transliteration":{"text":null,"language_name":"english","language_id":38}}],"translations":[{"id":919369,"resource_id":134,"text":"Sesungguhnya pada yang demikian itu benar-benar terdapat suatu tanda kekuasaan Allah.  Dan kebanyakan mereka tidak beriman."}]},{"id":2941,"verse_number":9,"verse_key":"26:9","juz_number":19,"hizb_number":37,"rub_el_hizb_number":147,"ruku_number":316,"manzil_number":5,"sajdah_number":null,"text_uthmani":"وَإِنَّ رَبَّكَ لَهُوَ ٱلْعَزِيزُ ٱلرَّحِيمُ","page_number":367,"words":[{"id":10462,"position":1,"audio_url":"wbw/026_009_001.mp3","qpc_uthmani_hafs":"وَإِنَّ","char_type_name":"word","page_number":367,"line_number":7,"text":"ﮖ","translation":{"text":"And indeed","language_name":"english","language_id":38},"transliteration":{"text":"wa-inna","language_name":"english","language_id":38}},{"id":10463,"position":2,"audio_url":"wbw/026_009_002.mp3","qpc_uthmani_hafs":"رَبَّكَ","char_type_name":"word","page_number":367,"line_number":8,"text":"ﮗ","translation":{"text":"your Lord","language_name":"english","language_id":38},"transliteration":{"text":"rabbaka","language_name":"english","language_id":38}},{"id":10464,"position":3,"audio_url":"wbw/026_009_003.mp3","qpc_uthmani_hafs":"لَهُوَ","char_type_name":"word","page_number":367,"line_number":8,"text":"ﮘ","translation":{"text":"surely, He","language_name":"english","language_id":38},"transliteration":{"text":"lahuwa","language_name":"english","language_id":38}},{"id":10465,"position":4,"audio_url":"wbw/026_009_004.mp3","qpc_uthmani_hafs":"ٱلۡعَزِيزُ","char_type_name":"word","page_number":367,"line_number":8,"text":"ﮙ","translation":{"text":"(is) the All-Mighty","language_name":"english","language_id":38},"transliteration":{"text":"l-ʿazīzu","language_name":"english","language_id":38}},{"id":10466,"position":5,"audio_url":"wbw/026_009_005.mp3","qpc_uthmani_hafs":"ٱلرَّحِيمُ","char_type_name":"word","page_number":367,"line_number":8,"text":"ﮚ","translation":{"text":"the Most Merciful","language_name":"english","language_id":38},"transliteration":{"text":"l-raḥīmu","language_name":"english","language_id":38}},{"id":10467,"position":6,"audio_url":null,"qpc_uthmani_hafs":"٩","char_type_name":"end","page_number":367,"line_number":8,"text":"ﮛ","translation":{"text":"(9)","language_name":"english","language_id":38},"transliteration":{"text":null,"language_name":"english","language_id":38}}],"translations":[{"id":919370,"resource_id":134,"text":"Dan sesungguhnya, Tuhan-mu benar-benar Dia-lah Yang Maha Perkasa lagi Maha Penyayang."}]},{"id":2942,"verse_number":10,"verse_key":"26:10","juz_number":19,"hizb_number":37,"rub_el_hizb_number":147,"ruku_number":317,"manzil_number":5,"sajdah_number":null,"text_uthmani":"وَإِذْ نَادَىٰ رَبُّكَ مُوسَىٰٓ أَنِ ٱئْتِ ٱلْقَوْمَ ٱلظَّـٰلِمِينَ","page_number":367,"words":[{"id":11675,"position":1,"audio_url":"wbw/026_010_001.mp3","qpc_uthmani_hafs":"وَإِذۡ","char_type_name":"word","page_number":367,"line_number":8,"text":"ﮜ","translation":{"text":"And when","language_name":"english","language_id":38},"transliteration":{"text":"wa-idh","language_name":"english","language_id":38}},{"id":11676,"position":2,"audio_url":"wbw/026_010_002.mp3","qpc_uthmani_hafs":"نَادَىٰ","char_type_name":"word","page_number":367,"line_number":8,"text":"ﮝ","translation":{"text":"your Lord called","language_name":"english","language_id":38},"transliteration":{"text":"nādā","language_name":"english","language_id":38}},{"id":11677,"position":3,"audio_url":"wbw/026_010_003.mp3","qpc_uthmani_hafs":"رَبُّكَ","char_type_name":"word","page_number":367,"line_number":8,"text":"ﮞ","translation":{"text":"your Lord called","language_name":"english","language_id":38},"transliteration":{"text":"rabbuka","language_name":"english","language_id":38}},{"id":11678,"position":4,"audio_url":"wbw/026_010_004.mp3","qpc_uthmani_hafs":"مُوسَىٰٓ","char_type_name":"word","page_number":367,"line_number":8,"text":"ﮟ","translation":{"text":"Musa","language_name":"english","language_id":38},"transliteration":{"text":"mūsā","language_name":"english","language_id":38}},{"id":11679,"position":5,"audio_url":"wbw/026_010_005.mp3","qpc_uthmani_hafs":"أَنِ","char_type_name":"word","page_number":367,"line_number":8,"text":"ﮠ","translation":{"text":"[that]","language_name":"english","language_id":38},"transliteration":{"text":"ani","language_name":"english","language_id":38}},{"id":11680,"position":6,"audio_url":"wbw/026_010_006.mp3","qpc_uthmani_hafs":"ٱئۡتِ","char_type_name":"word","page_number":367,"line_number":8,"text":"ﮡ","translation":{"text":"Go","language_name":"english","language_id":38},"transliteration":{"text":"i'ti","language_name":"english","language_id":38}},{"id":11681,"position":7,"audio_url":"wbw/026_010_007.mp3","qpc_uthmani_hafs":"ٱلۡقَوۡمَ","char_type_name":"word","page_number":367,"line_number":8,"text":"ﮢ","translation":{"text":"(to) the people","language_name":"english","language_id":38},"transliteration":{"text":"l-qawma","language_name":"english","language_id":38}},{"id":11682,"position":8,"audio_url":"wbw/026_010_008.mp3","qpc_uthmani_hafs":"ٱلظَّٰلِمِينَ","char_type_name":"word","page_number":367,"line_number":9,"text":"ﮣ","translation":{"text":"(who are) wrongdoers","language_name":"english","language_id":38},"transliteration":{"text":"l-ẓālimīna","language_name":"english","language_id":38}},{"id":11683,"position":9,"audio_url":null,"qpc_uthmani_hafs":"١٠","char_type_name":"end","page_number":367,"line_number":9,"text":"ﮤ","translation":{"text":"(10)","language_name":"english","language_id":38},"transliteration":{"text":null,"language_name":"english","language_id":38}}],"translations":[{"id":919371,"resource_id":134,"text":"Dan (ingatlah) ketika Tuhan-mu menyeru Musa (dengan firman-Nya), \"Datangilah kaum yang zalim itu,"}]},{"id":2943,"verse_number":11,"verse_key":"26:11","juz_number":19,"hizb_number":37,"rub_el_hizb_number":147,"ruku_number":317,"manzil_number":5,"sajdah_number":null,"text_uthmani":"قَوْمَ فِرْعَوْنَ ۚ أَلَا يَتَّقُونَ","page_number":367,"words":[{"id":13044,"position":1,"audio_url":"wbw/026_011_001.mp3","qpc_uthmani_hafs":"قَوۡمَ","char_type_name":"word","page_number":367,"line_number":9,"text":"ﮥ","translation":{"text":"(The) people","language_name":"english","language_id":38},"transliteration":{"text":"qawma","language_name":"english","language_id":38}},{"id":13045,"position":2,"audio_url":"wbw/026_011_002.mp3","qpc_uthmani_hafs":"فِرۡعَوۡنَۚ","char_type_name":"word","page_number":367,"line_number":9,"text":"ﮦﮧ","translation":{"text":"(of) Firaun","language_name":"english","language_id":38},"transliteration":{"text":"fir'ʿawna","language_name":"english","language_id":38}},{"id":13047,"position":3,"audio_url":"wbw/026_011_004.mp3","qpc_uthmani_hafs":"أَلَا","char_type_name":"word","page_number":367,"line_number":9,"text":"ﮨ","translation":{"text":"Will not","language_name":"english","language_id":38},"transliteration":{"text":"alā","language_name":"english","language_id":38}},{"id":13048,"position":4,"audio_url":"wbw/026_011_005.mp3","qpc_uthmani_hafs":"يَتَّقُونَ","char_type_name":"word","page_number":367,"line_number":9,"text":"ﮩ","translation":{"text":"they fear","language_name":"english","language_id":38},"transliteration":{"text":"yattaqūna","language_name":"english","language_id":38}},{"id":13049,"position":5,"audio_url":null,"qpc_uthmani_hafs":"١١","char_type_name":"end","page_number":367,"line_number":9,"text":"ﮪ","translation":{"text":"(11)","language_name":"english","language_id":38},"transliteration":{"text":null,"language_name":"english","language_id":38}}],"translations":[{"id":919372,"resource_id":134,"text":"(yaitu) kaum Firʻawn .  Mengapa mereka tidak bertakwa?\""}]},{"id":2944,"verse_number":12,"verse_key":"26:12","juz_number":19,"hizb_number":37,"rub_el_hizb_number":147,"ruku_number":317,"manzil_number":5,"sajdah_number":null,"text_uthmani":"قَالَ رَبِّ إِنِّىٓ أَخَافُ أَن يُكَذِّبُونِ","page_number":367,"words":[{"id":14287,"position":1,"audio_url":"wbw/026_012_001.mp3","qpc_uthmani_hafs":"قَالَ","char_type_name":"word","page_number":367,"line_number":9,"text":"ﮫ","translation":{"text":"He said","language_name":"english","language_id":38},"transliteration":{"text":"qāla","language_name":"english","language_id":38}},{"id":14288,"position":2,"audio_url":"wbw/026_012_002.mp3","qpc_uthmani_hafs":"رَبِّ","char_type_name":"word","page_number":367,"line_number":9,"text":"ﮬ","translation":{"text":"My Lord","language_name":"english","language_id":38},"transliteration":{"text":"rabbi","language_name":"english","language_id":38}},{"id":14289,"position":3,"audio_url":"wbw/026_012_003.mp3","qpc_uthmani_hafs":"إِنِّيٓ","char_type_name":"word","page_number":367,"line_number":9,"text":"ﮭ","translation":{"text":"Indeed, I","language_name":"english","language_id":38},"transliteration":{"text":"innī","language_name":"english","language_id":38}},{"id":14290,"position":4,"audio_url":"wbw/026_012_004.mp3","qpc_uthmani_hafs":"أَخَافُ","char_type_name":"word","page_number":367,"line_number":9,"text":"ﮮ","translation":{"text":"[I] fear","language_name":"english","language_id":38},"transliteration":{"text":"akhāfu","language_name":"english","language_id":38}},{"id":14291,"position":5,"audio_url":"wbw/026_012_005.mp3","qpc_uthmani_hafs":"أَن","char_type_name":"word","page_number":367,"line_number":10,"text":"ﮯ","translation":{"text":"that","language_name":"english","language_id":38},"transliteration":{"text":"an","language_name":"english","language_id":38}},{"id":14292,"position":6,"audio_url":"wbw/026_012_006.mp3","qpc_uthmani_hafs":"يُكَذِّبُونِ","char_type_name":"word","page_number":367,"line_number":10,"text":"ﮰ","translation":{"text":"they will deny me","language_name":"english","language_id":38},"transliteration":{"text":"yukadhibūni","language_name":"english","language_id":38}},{"id":14293,"position":7,"audio_url":null,"qpc_uthmani_hafs":"١٢","char_type_name":"end","page_number":367,"line_number":10,"text":"ﮱ","translation":{"text":"(12)","language_name":"english","language_id":38},"transliteration":{"text":null,"language_name":"english","language_id":38}}],"translations":[{"id":919373,"resource_id":134,"text":"Berkata Musa, \"Ya Tuhan-ku, sesungguhnya aku takut bahwa mereka akan mendustakan aku."}]},{"id":2945,"verse_number":13,"verse_key":"26:13","juz_number":19,"hizb_number":37,"rub_el_hizb_number":147,"ruku_number":317,"manzil_number":5,"sajdah_number":null,"text_uthmani":"وَيَضِيقُ صَدْرِى وَلَا يَنطَلِقُ لِسَانِى فَأَرْسِلْ إِلَىٰ هَـٰرُونَ","page_number":367,"words":[{"id":15413,"position":1,"audio_url":"wbw/026_013_001.mp3","qpc_uthmani_hafs":"وَيَضِيقُ","char_type_name":"word","page_number":367,"line_number":10,"text":"ﯓ","translation":{"text":"And straitens","language_name":"english","language_id":38},"transliteration":{"text":"wayaḍīqu","language_name":"english","language_id":38}},{"id":15414,"position":2,"audio_url":"wbw/026_013_002.mp3","qpc_uthmani_hafs":"صَدۡرِي","char_type_name":"word","page_number":367,"line_number":10,"text":"ﯔ","translation":{"text":"my breast","language_name":"english","language_id":38},"transliteration":{"text":"ṣadrī","language_name":"english","language_id":38}},{"id":15415,"position":3,"audio_url":"wbw/026_013_003.mp3","qpc_uthmani_hafs":"وَلَا","char_type_name":"word","page_number":367,"line_number":10,"text":"ﯕ","translation":{"text":"and not","language_name":"english","language_id":38},"transliteration":{"text":"walā","language_name":"english","language_id":38}},{"id":15416,"position":4,"audio_url":"wbw/026_013_004.mp3","qpc_uthmani_hafs":"يَنطَلِقُ","char_type_name":"word","page_number":367,"line_number":10,"text":"ﯖ","translation":{"text":"expresses well","language_name":"english","language_id":38},"transliteration":{"text":"yanṭaliqu","language_name":"english","language_id":38}},{"id":15417,"position":5,"audio_url":"wbw/026_013_005.mp3","qpc_uthmani_hafs":"لِسَانِي","char_type_name":"word","page_number":367,"line_number":10,"text":"ﯗ","translation":{"text":"my tongue","language_name":"english","language_id":38},"transliteration":{"text":"lisānī","language_name":"english","language_id":38}},{"id":15418,"position":6,"audio_url":"wbw/026_013_006.mp3","qpc_uthmani_hafs":"فَأَرۡسِلۡ","char_type_name":"word","page_number":367,"line_number":10,"text":"ﯘ","translation":{"text":"so send","language_name":"english","language_id":38},"transliteration":{"text":"fa-arsil","language_name":"english","language_id":38}},{"id":15419,"position":7,"audio_url":"wbw/026_013_007.mp3","qpc_uthmani_hafs":"إِلَىٰ","char_type_name":"word","page_number":367,"line_number":11,"text":"ﯙ","translation":{"text":"for","language_name":"english","language_id":38},"transliteration":{"text":"ilā","language_name":"english","language_id":38}},{"id":15420,"position":8,"audio_url":"wbw/026_013_008.mp3","qpc_uthmani_hafs":"هَٰرُونَ","char_type_name":"word","page_number":367,"line_number":11,"text":"ﯚ","translation":{"text":"Harun","language_name":"english","language_id":38},"transliteration":{"text":"hārūna","language_name":"english","language_id":38}},{"id":15421,"position":9,"audio_url":null,"qpc_uthmani_hafs":"١٣","char_type_name":"end","page_number":367,"line_number":11,"text":"ﯛ","translation":{"text":"(13)","language_name":"english","language_id":38},"transliteration":{"text":null,"language_name":"english","language_id":38}}],"translations":[{"id":919374,"resource_id":134,"text":"Dan (karenanya), sempitlah dadaku dan tidak lancar lidahku, maka utuslah (Jibril) kepada Hārūn <sup foot_note=210845>1</sup>."}]},{"id":2946,"verse_number":14,"verse_key":"26:14","juz_number":19,"hizb_number":37,"rub_el_hizb_number":147,"ruku_number":317,"manzil_number":5,"sajdah_number":null,"text_uthmani":"وَلَهُمْ عَلَىَّ ذَنۢبٌ فَأَخَافُ أَن يَقْتُلُونِ","page_number":367,"words":[{"id":16456,"position":1,"audio_url":"wbw/026_014_001.mp3","qpc_uthmani_hafs":"وَلَهُمۡ","char_type_name":"word","page_number":367,"line_number":11,"text":"ﯜ","translation":{"text":"And they have","language_name":"english","language_id":38},"transliteration":{"text":"walahum","language_name":"english","language_id":38}},{"id":16457,"position":2,"audio_url":"wbw/026_014_002.mp3","qpc_uthmani_hafs":"عَلَيَّ","char_type_name":"word","page_number":367,"line_number":11,"text":"ﯝ","translation":{"text":"against me","language_name":"english","language_id":38},"transliteration":{"text":"ʿalayya","language_name":"english","language_id":38}},{"id":16458,"position":3,"audio_url":"wbw/026_014_003.mp3","qpc_uthmani_hafs":"ذَنۢبٞ","char_type_name":"word","page_number":367,"line_number":11,"text":"ﯞ","translation":{"text":"a crime","language_name":"english","language_id":38},"transliteration":{"text":"dhanbun","language_name":"english","language_id":38}},{"id":16459,"position":4,"audio_url":"wbw/026_014_004.mp3","qpc_uthmani_hafs":"فَأَخَافُ","char_type_name":"word","page_number":367,"line_number":11,"text":"ﯟ","translation":{"text":"so I fear","language_name":"english","language_id":38},"transliteration":{"text":"fa-akhāfu","language_name":"english","language_id":38}},{"id":16460,"position":5,"audio_url":"wbw/026_014_005.mp3","qpc_uthmani_hafs":"أَن","char_type_name":"word","page_number":367,"line_number":11,"text":"ﯠ","translation":{"text":"that","language_name":"english","language_id":38},"transliteration":{"text":"an","language_name":"english","language_id":38}},{"id":16461,"position":6,"audio_url":"wbw/026_014_006.mp3","qpc_uthmani_hafs":"يَقۡتُلُونِ","char_type_name":"word","page_number":367,"line_number":11,"text":"ﯡ","translation":{"text":"they will kill me","language_name":"english","language_id":38},"transliteration":{"text":"yaqtulūni","language_name":"english","language_id":38}},{"id":16462,"position":7,"audio_url":null,"qpc_uthmani_hafs":"١٤","char_type_name":"end","page_number":367,"line_number":11,"text":"ﯢ","translation":{"text":"(14)","language_name":"english","language_id":38},"transliteration":{"text":null,"language_name":"english","language_id":38}}],"translations":[{"id":919375,"resource_id":134,"text":"Dan aku berdosa terhadap mereka <sup foot_note=210846>1</sup>, maka aku takut mereka akan membunuhku\"."}]},{"id":2947,"verse_number":15,"verse_key":"26:15","juz_number":19,"hizb_number":37,"rub_el_hizb_number":147,"ruku_number":317,"manzil_number":5,"sajdah_number":null,"text_uthmani":"قَالَ كَلَّا ۖ فَٱذْهَبَا بِـَٔايَـٰتِنَآ ۖ إِنَّا مَعَكُم مُّسْتَمِعُونَ","page_number":367,"words":[{"id":17616,"position":1,"audio_url":"wbw/026_015_001.mp3","qpc_uthmani_hafs":"قَالَ","char_type_name":"word","page_number":367,"line_number":11,"text":"ﯣ","translation":{"text":"He said","language_name":"english","language_id":38},"transliteration":{"text":"qāla","language_name":"english","language_id":38}},{"id":17617,"position":2,"audio_url":"wbw/026_015_002.mp3","qpc_uthmani_hafs":"كـَلَّاۖ","char_type_name":"word","page_number":367,"line_number":12,"text":"ﯤﯥ","translation":{"text":"Nay","language_name":"english","language_id":38},"transliteration":{"text":"kallā","language_name":"english","language_id":38}},{"id":17619,"position":3,"audio_url":"wbw/026_015_004.mp3","qpc_uthmani_hafs":"فَٱذۡهَبَا","char_type_name":"word","page_number":367,"line_number":12,"text":"ﯦ","translation":{"text":"go both of you","language_name":"english","language_id":38},"transliteration":{"text":"fa-idh'habā","language_name":"english","language_id":38}},{"id":17620,"position":4,"audio_url":"wbw/026_015_005.mp3","qpc_uthmani_hafs":"بِـَٔايَٰتِنَآۖ","char_type_name":"word","page_number":367,"line_number":12,"text":"ﯧﯨ","translation":{"text":"with Our Signs","language_name":"english","language_id":38},"transliteration":{"text":"biāyātinā","language_name":"english","language_id":38}},{"id":17622,"position":5,"audio_url":"wbw/026_015_007.mp3","qpc_uthmani_hafs":"إِنَّا","char_type_name":"word","page_number":367,"line_number":12,"text":"ﯩ","translation":{"text":"Indeed, We","language_name":"english","language_id":38},"transliteration":{"text":"innā","language_name":"english","language_id":38}},{"id":17623,"position":6,"audio_url":"wbw/026_015_008.mp3","qpc_uthmani_hafs":"مَعَكُم","char_type_name":"word","page_number":367,"line_number":12,"text":"ﯪ","translation":{"text":"(are) with you","language_name":"english","language_id":38},"transliteration":{"text":"maʿakum","language_name":"english","language_id":38}},{"id":17624,"position":7,"audio_url":"wbw/026_015_009.mp3","qpc_uthmani_hafs":"مُّسۡتَمِعُونَ","char_type_name":"word","page_number":367,"line_number":12,"text":"ﯫ","translation":{"text":"listening","language_name":"english","language_id":38},"transliteration":{"text":"mus'tamiʿūna","language_name":"english","language_id":38}},{"id":17625,"position":8,"audio_url":null,"qpc_uthmani_hafs":"١٥","char_type_name":"end","page_number":367,"line_number":12,"text":"ﯬ","translation":{"text":"(15)","language_name":"english","language_id":38},"transliteration":{"text":null,"language_name":"english","language_id":38}}],"translations":[{"id":919376,"resource_id":134,"text":"Allah berfirman, \"Jangan takut (mereka tidak akan dapat membunuhmu), maka pergilah kamu berdua dengan membawa ayat-ayat Kami (mukjizat-mukjizat); sesungguhnya Kami bersamamu mendengarkan (apa-apa yang mereka katakan),"}]},{"id":2948,"verse_number":16,"verse_key":"26:16","juz_number":19,"hizb_number":37,"rub_el_hizb_number":147,"ruku_number":317,"manzil_number":5,"sajdah_number":null,"text_uthmani":"فَأْتِيَا فِرْعَوْنَ فَقُولَآ إِنَّا رَسُولُ رَبِّ ٱلْعَـٰلَمِينَ","page_number":367,"words":[{"id":18650,"position":1,"audio_url":"wbw/026_016_001.mp3","qpc_uthmani_hafs":"فَأۡتِيَا","char_type_name":"word","page_number":367,"line_number":12,"text":"ﯭ","translation":{"text":"So go both of you","language_name":"english","language_id":38},"transliteration":{"text":"fatiyā","language_name":"english","language_id":38}},{"id":18651,"position":2,"audio_url":"wbw/026_016_002.mp3","qpc_uthmani_hafs":"فِرۡعَوۡنَ","char_type_name":"word","page_number":367,"line_number":12,"text":"ﯮ","translation":{"text":"(to) Firaun","language_name":"english","language_id":38},"transliteration":{"text":"fir'ʿawna","language_name":"english","language_id":38}},{"id":18652,"position":3,"audio_url":"wbw/026_016_003.mp3","qpc_uthmani_hafs":"فَقُولَآ","char_type_name":"word","page_number":367,"line_number":13,"text":"ﯯ","translation":{"text":"and say","language_name":"english","language_id":38},"transliteration":{"text":"faqūlā","language_name":"english","language_id":38}},{"id":18653,"position":4,"audio_url":"wbw/026_016_004.mp3","qpc_uthmani_hafs":"إِنَّا","char_type_name":"word","page_number":367,"line_number":13,"text":"ﯰ","translation":{"text":"'Indeed, we","language_name":"english","language_id":38},"transliteration":{"text":"innā","language_name":"english","language_id":38}},{"id":18654,"position":5,"audio_url":"wbw/026_016_005.mp3","qpc_uthmani_hafs":"رَسُولُ","char_type_name":"word","page_number":367,"line_number":13,"text":"ﯱ","translation":{"text":"(are the) Messenger","language_name":"english","language_id":38},"transliteration":{"text":"rasūlu","language_name":"english","language_id":38}},{"id":18655,"position":6,"audio_url":"wbw/026_016_006.mp3","qpc_uthmani_hafs":"رَبِّ","char_type_name":"word","page_number":367,"line_number":13,"text":"ﯲ","translation":{"text":"(of the) Lord","language_name":"english","language_id":38},"transliteration":{"text":"rabbi","language_name":"english","language_id":38}},{"id":18656,"position":7,"audio_url":"wbw/026_016_007.mp3","qpc_uthmani_hafs":"ٱلۡعَٰلَمِينَ","char_type_name":"word","page_number":367,"line_number":13,"text":"ﯳ","translation":{"text":"(of) the worlds","language_name":"english","language_id":38},"transliteration":{"text":"l-ʿālamīna","language_name":"english","language_id":38}},{"id":18657,"position":8,"audio_url":null,"qpc_uthmani_hafs":"١٦","char_type_name":"end","page_number":367,"line_number":13,"text":"ﯴ","translation":{"text":"(16)","language_name":"english","language_id":38},"transliteration":{"text":null,"language_name":"english","language_id":38}}],"translations":[{"id":919377,"resource_id":134,"text":"Maka datanglah kamu berdua kepada Firʻawn  dan katakanlah olehmu, \"Sesungguhnya Kami adalah rasul Tuhan semesta alam,"}]},{"id":2949,"verse_number":17,"verse_key":"26:17","juz_number":19,"hizb_number":37,"rub_el_hizb_number":147,"ruku_number":317,"manzil_number":5,"sajdah_number":null,"text_uthmani":"أَنْ أَرْسِلْ مَعَنَا بَنِىٓ إِسْرَٰٓءِيلَ","page_number":367,"words":[{"id":19716,"position":1,"audio_url":"wbw/026_017_001.mp3","qpc_uthmani_hafs":"أَنۡ","char_type_name":"word","page_number":367,"line_number":13,"text":"ﯵ","translation":{"text":"[That]","language_name":"english","language_id":38},"transliteration":{"text":"an","language_name":"english","language_id":38}},{"id":19717,"position":2,"audio_url":"wbw/026_017_002.mp3","qpc_uthmani_hafs":"أَرۡسِلۡ","char_type_name":"word","page_number":367,"line_number":13,"text":"ﯶ","translation":{"text":"send","language_name":"english","language_id":38},"transliteration":{"text":"arsil","language_name":"english","language_id":38}},{"id":19718,"position":3,"audio_url":"wbw/026_017_003.mp3","qpc_uthmani_hafs":"مَعَنَا","char_type_name":"word","page_number":367,"line_number":13,"text":"ﯷ","translation":{"text":"with us","language_name":"english","language_id":38},"transliteration":{"text":"maʿanā","language_name":"english","language_id":38}},{"id":19719,"position":4,"audio_url":"wbw/026_017_004.mp3","qpc_uthmani_hafs":"بَنِيٓ","char_type_name":"word","page_number":367,"line_number":13,"text":"ﯸ","translation":{"text":"(the) Children of Israel.'","language_name":"english","language_id":38},"transliteration":{"text":"banī","language_name":"english","language_id":38}},{"id":19720,"position":5,"audio_url":"wbw/026_017_005.mp3","qpc_uthmani_hafs":"إِسۡرَٰٓءِيلَ","char_type_name":"word","page_number":367,"line_number":13,"text":"ﯹ","translation":{"text":"(the) Children of Israel.'","language_name":"english","language_id":38},"transliteration":{"text":"is'rāīla","language_name":"english","language_id":38}},{"id":19721,"position":6,"audio_url":null,"qpc_uthmani_hafs":"١٧","char_type_name":"end","page_number":367,"line_number":14,"text":"ﯺ","translation":{"text":"(17)","language_name":"english","language_id":38},"transliteration":{"text":null,"language_name":"english","language_id":38}}],"translations":[{"id":919378,"resource_id":134,"text":"lepaskanlah Bani Isrā`īl (pergi) beserta kami\"."}]},{"id":2950,"verse_number":18,"verse_key":"26:18","juz_number":19,"hizb_number":37,"rub_el_hizb_number":147,"ruku_number":317,"manzil_number":5,"sajdah_number":null,"text_uthmani":"قَالَ أَلَمْ نُرَبِّكَ فِينَا وَلِيدًا وَلَبِثْتَ فِينَا مِنْ عُمُرِكَ سِنِينَ","page_number":367,"words":[{"id":20799,"position":1,"audio_url":"wbw/026_018_001.mp3","qpc_uthmani_hafs":"قَالَ","char_type_name":"word","page_number":367,"line_number":14,"text":"ﯻ","translation":{"text":"He said","language_name":"english","language_id":38},"transliteration":{"text":"qāla","language_name":"english","language_id":38}},{"id":20800,"position":2,"audio_url":"wbw/026_018_002.mp3","qpc_uthmani_hafs":"أَلَمۡ","char_type_name":"word","page_number":367,"line_number":14,"text":"ﯼ","translation":{"text":"Did not","language_name":"english","language_id":38},"transliteration":{"text":"alam","language_name":"english","language_id":38}},{"id":20801,"position":3,"audio_url":"wbw/026_018_003.mp3","qpc_uthmani_hafs":"نُرَبِّكَ","char_type_name":"word","page_number":367,"line_number":14,"text":"ﯽ","translation":{"text":"we bring you up","language_name":"english","language_id":38},"transliteration":{"text":"nurabbika","language_name":"english","language_id":38}},{"id":20802,"position":4,"audio_url":"wbw/026_018_004.mp3","qpc_uthmani_hafs":"فِينَا","char_type_name":"word","page_number":367,"line_number":14,"text":"ﯾ","translation":{"text":"among us","language_name":"english","language_id":38},"transliteration":{"text":"fīnā","language_name":"english","language_id":38}},{"id":20803,"position":5,"audio_url":"wbw/026_018_005.mp3","qpc_uthmani_hafs":"وَلِيدٗا","char_type_name":"word","page_number":367,"line_number":14,"text":"ﯿ","translation":{"text":"(as) a child","language_name":"english","language_id":38},"transliteration":{"text":"walīdan","language_name":"english","language_id":38}},{"id":20804,"position":6,"audio_url":"wbw/026_018_006.mp3","qpc_uthmani_hafs":"وَلَبِثۡتَ","char_type_name":"word","page_number":367,"line_number":14,"text":"ﰀ","translation":{"text":"and you remained","language_name":"english","language_id":38},"transliteration":{"text":"walabith'ta","language_name":"english","language_id":38}},{"id":20805,"position":7,"audio_url":"wbw/026_018_007.mp3","qpc_uthmani_hafs":"فِينَا","char_type_name":"word","page_number":367,"line_number":14,"text":"ﰁ","translation":{"text":"among us","language_name":"english","language_id":38},"transliteration":{"text":"fīnā","language_name":"english","language_id":38}},{"id":20806,"position":8,"audio_url":"wbw/026_018_008.mp3","qpc_uthmani_hafs":"مِنۡ","char_type_name":"word","page_number":367,"line_number":14,"text":"ﰂ","translation":{"text":"of","language_name":"english","language_id":38},"transliteration":{"text":"min","language_name":"english","language_id":38}},{"id":20807,"position":9,"audio_url":"wbw/026_018_009.mp3","qpc_uthmani_hafs":"عُمُرِكَ","char_type_name":"word","page_number":367,"line_number":14,"text":"ﰃ","translation":{"text":"your life","language_name":"english","language_id":38},"transliteration":{"text":"ʿumurika","language_name":"english","language_id":38}},{"id":20808,"position":10,"audio_url":"wbw/026_018_010.mp3","qpc_uthmani_hafs":"سِنِينَ","char_type_name":"word","page_number":367,"line_number":14,"text":"ﰄ","translation":{"text":"years","language_name":"english","language_id":38},"transliteration":{"text":"sinīna","language_name":"english","language_id":38}},{"id":20809,"position":11,"audio_url":null,"qpc_uthmani_hafs":"١٨","char_type_name":"end","page_number":367,"line_number":14,"text":"ﰅ","translation":{"text":"(18)","language_name":"english","language_id":38},"transliteration":{"text":null,"language_name":"english","language_id":38}}],"translations":[{"id":919379,"resource_id":134,"text":"Firʻawn  menjawab, \"Bukankah kami telah mengasuhmu di antara (keluarga) kami waktu kamu masih kanak-kanak dan kamu tinggal bersama kami beberapa tahun dari umurmu <sup foot_note=210847>1</sup>."}]},{"id":2951,"verse_number":19,"verse_key":"26:19","juz_number":19,"hizb_number":37,"rub_el_hizb_number":147,"ruku_number":317,"manzil_number":5,"sajdah_number":null,"text_uthmani":"وَفَعَلْتَ فَعْلَتَكَ ٱلَّتِى فَعَلْتَ وَأَنتَ مِنَ ٱلْكَـٰفِرِينَ","page_number":367,"words":[{"id":22102,"position":1,"audio_url":"wbw/026_019_001.mp3","qpc_uthmani_hafs":"وَفَعَلۡتَ","char_type_name":"word","page_number":367,"line_number":15,"text":"ﰆ","translation":{"text":"And you did","language_name":"english","language_id":38},"transliteration":{"text":"wafaʿalta","language_name":"english","language_id":38}},{"id":22103,"position":2,"audio_url":"wbw/026_019_002.mp3","qpc_uthmani_hafs":"فَعۡلَتَكَ","char_type_name":"word","page_number":367,"line_number":15,"text":"ﰇ","translation":{"text":"your deed","language_name":"english","language_id":38},"transliteration":{"text":"faʿlataka","language_name":"english","language_id":38}},{"id":22104,"position":3,"audio_url":"wbw/026_019_003.mp3","qpc_uthmani_hafs":"ٱلَّتِي","char_type_name":"word","page_number":367,"line_number":15,"text":"ﰈ","translation":{"text":"which","language_name":"english","language_id":38},"transliteration":{"text":"allatī","language_name":"english","language_id":38}},{"id":22105,"position":4,"audio_url":"wbw/026_019_004.mp3","qpc_uthmani_hafs":"فَعَلۡتَ","char_type_name":"word","page_number":367,"line_number":15,"text":"ﰉ","translation":{"text":"you did","language_name":"english","language_id":38},"transliteration":{"text":"faʿalta","language_name":"english","language_id":38}},{"id":22106,"position":5,"audio_url":"wbw/026_019_005.mp3","qpc_uthmani_hafs":"وَأَنتَ","char_type_name":"word","page_number":367,"line_number":15,"text":"ﰊ","translation":{"text":"and you","language_name":"english","language_id":38},"transliteration":{"text":"wa-anta","language_name":"english","language_id":38}},{"id":22107,"position":6,"audio_url":"wbw/026_019_006.mp3","qpc_uthmani_hafs":"مِنَ","char_type_name":"word","page_number":367,"line_number":15,"text":"ﰋ","translation":{"text":"(were) of","language_name":"english","language_id":38},"transliteration":{"text":"mina","language_name":"english","language_id":38}},{"id":22108,"position":7,"audio_url":"wbw/026_019_007.mp3","qpc_uthmani_hafs":"ٱلۡكَٰفِرِينَ","char_type_name":"word","page_number":367,"line_number":15,"text":"ﰌ","translation":{"text":"the ungrateful","language_name":"english","language_id":38},"transliteration":{"text":"l-kāfirīna","language_name":"english","language_id":38}},{"id":22109,"position":8,"audio_url":null,"qpc_uthmani_hafs":"١٩","char_type_name":"end","page_number":367,"line_number":15,"text":"ﰍ","translation":{"text":"(19)","language_name":"english","language_id":38},"transliteration":{"text":null,"language_name":"english","language_id":38}}],"translations":[{"id":919380,"resource_id":134,"text":"dan kamu telah berbuat suatu perbuatan yang telah kamu lakukan itu <sup foot_note=210848>1</sup> dan kamu termasuk golongan orang-orang yang tidak membalas guna."}]}],"pagination":{"per_page":50,"current_page":1,"next_page":null,"total_pages":1,"total_records":19}}