{"verses":[{"id":3195,"verse_number":36,"verse_key":"27:36","juz_number":19,"hizb_number":38,"rub_el_hizb_number":152,"ruku_number":329,"manzil_number":5,"sajdah_number":null,"text_uthmani":"فَلَمَّا جَآءَ سُلَيْمَـٰنَ قَالَ أَتُمِدُّونَنِ بِمَالٍ فَمَآ ءَاتَىٰنِۦَ ٱللَّهُ خَيْرٌ مِّمَّآ ءَاتَىٰكُم بَلْ أَنتُم بِهَدِيَّتِكُمْ تَفْرَحُونَ","page_number":380,"words":[{"id":38301,"position":1,"audio_url":"wbw/027_036_001.mp3","qpc_uthmani_hafs":"فَلَمَّا","char_type_name":"word","page_number":380,"line_number":1,"text":"ﭑ","translation":{"text":"So when","language_name":"english","language_id":38},"transliteration":{"text":"falammā","language_name":"english","language_id":38}},{"id":38302,"position":2,"audio_url":"wbw/027_036_002.mp3","qpc_uthmani_hafs":"جَآءَ","char_type_name":"word","page_number":380,"line_number":1,"text":"ﭒ","translation":{"text":"came","language_name":"english","language_id":38},"transliteration":{"text":"jāa","language_name":"english","language_id":38}},{"id":38303,"position":3,"audio_url":"wbw/027_036_003.mp3","qpc_uthmani_hafs":"سُلَيۡمَٰنَ","char_type_name":"word","page_number":380,"line_number":1,"text":"ﭓ","translation":{"text":"(to) Sulaiman","language_name":"english","language_id":38},"transliteration":{"text":"sulaymāna","language_name":"english","language_id":38}},{"id":38304,"position":4,"audio_url":"wbw/027_036_004.mp3","qpc_uthmani_hafs":"قَالَ","char_type_name":"word","page_number":380,"line_number":1,"text":"ﭔ","translation":{"text":"he said","language_name":"english","language_id":38},"transliteration":{"text":"qāla","language_name":"english","language_id":38}},{"id":38305,"position":5,"audio_url":"wbw/027_036_005.mp3","qpc_uthmani_hafs":"أَتُمِدُّونَنِ","char_type_name":"word","page_number":380,"line_number":1,"text":"ﭕ","translation":{"text":"Will you provide me","language_name":"english","language_id":38},"transliteration":{"text":"atumiddūnani","language_name":"english","language_id":38}},{"id":38306,"position":6,"audio_url":"wbw/027_036_006.mp3","qpc_uthmani_hafs":"بِمَالٖ","char_type_name":"word","page_number":380,"line_number":1,"text":"ﭖ","translation":{"text":"with wealth","language_name":"english","language_id":38},"transliteration":{"text":"bimālin","language_name":"english","language_id":38}},{"id":38307,"position":7,"audio_url":"wbw/027_036_007.mp3","qpc_uthmani_hafs":"فَمَآ","char_type_name":"word","page_number":380,"line_number":1,"text":"ﭗ","translation":{"text":"But what","language_name":"english","language_id":38},"transliteration":{"text":"famā","language_name":"english","language_id":38}},{"id":38308,"position":8,"audio_url":"wbw/027_036_008.mp3","qpc_uthmani_hafs":"ءَاتَىٰنِۦَ","char_type_name":"word","page_number":380,"line_number":1,"text":"ﭘ","translation":{"text":"Allah has given me","language_name":"english","language_id":38},"transliteration":{"text":"ātāniya","language_name":"english","language_id":38}},{"id":38309,"position":9,"audio_url":"wbw/027_036_009.mp3","qpc_uthmani_hafs":"ٱللَّهُ","char_type_name":"word","page_number":380,"line_number":1,"text":"ﭙ","translation":{"text":"Allah has given me","language_name":"english","language_id":38},"transliteration":{"text":"l-lahu","language_name":"english","language_id":38}},{"id":38310,"position":10,"audio_url":"wbw/027_036_010.mp3","qpc_uthmani_hafs":"خَيۡرٞ","char_type_name":"word","page_number":380,"line_number":1,"text":"ﭚ","translation":{"text":"(is) better","language_name":"english","language_id":38},"transliteration":{"text":"khayrun","language_name":"english","language_id":38}},{"id":38311,"position":11,"audio_url":"wbw/027_036_011.mp3","qpc_uthmani_hafs":"مِّمَّآ","char_type_name":"word","page_number":380,"line_number":1,"text":"ﭛ","translation":{"text":"than what","language_name":"english","language_id":38},"transliteration":{"text":"mimmā","language_name":"english","language_id":38}},{"id":38312,"position":12,"audio_url":"wbw/027_036_012.mp3","qpc_uthmani_hafs":"ءَاتَىٰكُمۚ","char_type_name":"word","page_number":380,"line_number":2,"text":"ﭜ","translation":{"text":"He has given you","language_name":"english","language_id":38},"transliteration":{"text":"ātākum","language_name":"english","language_id":38}},{"id":38313,"position":13,"audio_url":"wbw/027_036_013.mp3","qpc_uthmani_hafs":"بَلۡ","char_type_name":"word","page_number":380,"line_number":2,"text":"ﭝ","translation":{"text":"Nay","language_name":"english","language_id":38},"transliteration":{"text":"bal","language_name":"english","language_id":38}},{"id":38314,"position":14,"audio_url":"wbw/027_036_014.mp3","qpc_uthmani_hafs":"أَنتُم","char_type_name":"word","page_number":380,"line_number":2,"text":"ﭞ","translation":{"text":"you","language_name":"english","language_id":38},"transliteration":{"text":"antum","language_name":"english","language_id":38}},{"id":38315,"position":15,"audio_url":"wbw/027_036_015.mp3","qpc_uthmani_hafs":"بِهَدِيَّتِكُمۡ","char_type_name":"word","page_number":380,"line_number":2,"text":"ﭟ","translation":{"text":"in your gift","language_name":"english","language_id":38},"transliteration":{"text":"bihadiyyatikum","language_name":"english","language_id":38}},{"id":38316,"position":16,"audio_url":"wbw/027_036_016.mp3","qpc_uthmani_hafs":"تَفۡرَحُونَ","char_type_name":"word","page_number":380,"line_number":2,"text":"ﭠ","translation":{"text":"rejoice","language_name":"english","language_id":38},"transliteration":{"text":"tafraḥūna","language_name":"english","language_id":38}},{"id":38317,"position":17,"audio_url":null,"qpc_uthmani_hafs":"٣٦","char_type_name":"end","page_number":380,"line_number":2,"text":"ﭡ","translation":{"text":"(36)","language_name":"english","language_id":38},"transliteration":{"text":null,"language_name":"english","language_id":38}}],"translations":[{"id":919624,"resource_id":134,"text":"Maka tatkala utusan itu sampai kepada Sulaymān,  Sulaymān berkata, \"Apakah (patut) kamu menolong aku dengan harta? maka apa yang diberikan Allah kepadaku lebih baik daripada apa yang diberikan-Nya kepadamu, tetapi kamu merasa bangga dengan hadiahmu."}]},{"id":3196,"verse_number":37,"verse_key":"27:37","juz_number":19,"hizb_number":38,"rub_el_hizb_number":152,"ruku_number":329,"manzil_number":5,"sajdah_number":null,"text_uthmani":"ٱرْجِعْ إِلَيْهِمْ فَلَنَأْتِيَنَّهُم بِجُنُودٍ لَّا قِبَلَ لَهُم بِهَا وَلَنُخْرِجَنَّهُم مِّنْهَآ أَذِلَّةً وَهُمْ صَـٰغِرُونَ","page_number":380,"words":[{"id":39146,"position":1,"audio_url":"wbw/027_037_001.mp3","qpc_uthmani_hafs":"ٱرۡجِعۡ","char_type_name":"word","page_number":380,"line_number":2,"text":"ﭢ","translation":{"text":"Return","language_name":"english","language_id":38},"transliteration":{"text":"ir'jiʿ","language_name":"english","language_id":38}},{"id":39147,"position":2,"audio_url":"wbw/027_037_002.mp3","qpc_uthmani_hafs":"إِلَيۡهِمۡ","char_type_name":"word","page_number":380,"line_number":2,"text":"ﭣ","translation":{"text":"to them","language_name":"english","language_id":38},"transliteration":{"text":"ilayhim","language_name":"english","language_id":38}},{"id":39148,"position":3,"audio_url":"wbw/027_037_003.mp3","qpc_uthmani_hafs":"فَلَنَأۡتِيَنَّهُم","char_type_name":"word","page_number":380,"line_number":2,"text":"ﭤ","translation":{"text":"surely, we will come to them","language_name":"english","language_id":38},"transliteration":{"text":"falanatiyannahum","language_name":"english","language_id":38}},{"id":39149,"position":4,"audio_url":"wbw/027_037_004.mp3","qpc_uthmani_hafs":"بِجُنُودٖ","char_type_name":"word","page_number":380,"line_number":3,"text":"ﭥ","translation":{"text":"with hosts","language_name":"english","language_id":38},"transliteration":{"text":"bijunūdin","language_name":"english","language_id":38}},{"id":39150,"position":5,"audio_url":"wbw/027_037_005.mp3","qpc_uthmani_hafs":"لَّا","char_type_name":"word","page_number":380,"line_number":3,"text":"ﭦ","translation":{"text":"not","language_name":"english","language_id":38},"transliteration":{"text":"lā","language_name":"english","language_id":38}},{"id":39151,"position":6,"audio_url":"wbw/027_037_006.mp3","qpc_uthmani_hafs":"قِبَلَ","char_type_name":"word","page_number":380,"line_number":3,"text":"ﭧ","translation":{"text":"(is) resistance","language_name":"english","language_id":38},"transliteration":{"text":"qibala","language_name":"english","language_id":38}},{"id":39152,"position":7,"audio_url":"wbw/027_037_007.mp3","qpc_uthmani_hafs":"لَهُم","char_type_name":"word","page_number":380,"line_number":3,"text":"ﭨ","translation":{"text":"for them","language_name":"english","language_id":38},"transliteration":{"text":"lahum","language_name":"english","language_id":38}},{"id":39153,"position":8,"audio_url":"wbw/027_037_008.mp3","qpc_uthmani_hafs":"بِهَا","char_type_name":"word","page_number":380,"line_number":3,"text":"ﭩ","translation":{"text":"of it","language_name":"english","language_id":38},"transliteration":{"text":"bihā","language_name":"english","language_id":38}},{"id":39154,"position":9,"audio_url":"wbw/027_037_009.mp3","qpc_uthmani_hafs":"وَلَنُخۡرِجَنَّهُم","char_type_name":"word","page_number":380,"line_number":3,"text":"ﭪ","translation":{"text":"and surely, we will drive them out","language_name":"english","language_id":38},"transliteration":{"text":"walanukh'rijannahum","language_name":"english","language_id":38}},{"id":39155,"position":10,"audio_url":"wbw/027_037_010.mp3","qpc_uthmani_hafs":"مِّنۡهَآ","char_type_name":"word","page_number":380,"line_number":3,"text":"ﭫ","translation":{"text":"from there","language_name":"english","language_id":38},"transliteration":{"text":"min'hā","language_name":"english","language_id":38}},{"id":39156,"position":11,"audio_url":"wbw/027_037_011.mp3","qpc_uthmani_hafs":"أَذِلَّةٗ","char_type_name":"word","page_number":380,"line_number":3,"text":"ﭬ","translation":{"text":"(in) humiliation","language_name":"english","language_id":38},"transliteration":{"text":"adhillatan","language_name":"english","language_id":38}},{"id":39157,"position":12,"audio_url":"wbw/027_037_012.mp3","qpc_uthmani_hafs":"وَهُمۡ","char_type_name":"word","page_number":380,"line_number":3,"text":"ﭭ","translation":{"text":"and they","language_name":"english","language_id":38},"transliteration":{"text":"wahum","language_name":"english","language_id":38}},{"id":39158,"position":13,"audio_url":"wbw/027_037_013.mp3","qpc_uthmani_hafs":"صَٰغِرُونَ","char_type_name":"word","page_number":380,"line_number":3,"text":"ﭮ","translation":{"text":"(will be) abased","language_name":"english","language_id":38},"transliteration":{"text":"ṣāghirūna","language_name":"english","language_id":38}},{"id":39159,"position":14,"audio_url":null,"qpc_uthmani_hafs":"٣٧","char_type_name":"end","page_number":380,"line_number":3,"text":"ﭯ","translation":{"text":"(37)","language_name":"english","language_id":38},"transliteration":{"text":null,"language_name":"english","language_id":38}}],"translations":[{"id":919625,"resource_id":134,"text":"Kembalilah kepada mereka, sungguh kami akan mendatangi mereka dengan bala tentara yang mereka tidak kuasa melawannya dan pasti kami akan mengusir mereka dari negeri itu (Sabā’) dengan terhina dan mereka menjadi (tawanan-tawanan) yang hina dina\"."}]},{"id":3197,"verse_number":38,"verse_key":"27:38","juz_number":19,"hizb_number":38,"rub_el_hizb_number":152,"ruku_number":329,"manzil_number":5,"sajdah_number":null,"text_uthmani":"قَالَ يَـٰٓأَيُّهَا ٱلْمَلَؤُا۟ أَيُّكُمْ يَأْتِينِى بِعَرْشِهَا قَبْلَ أَن يَأْتُونِى مُسْلِمِينَ","page_number":380,"words":[{"id":39960,"position":1,"audio_url":"wbw/027_038_001.mp3","qpc_uthmani_hafs":"قَالَ","char_type_name":"word","page_number":380,"line_number":3,"text":"ﭰ","translation":{"text":"He said","language_name":"english","language_id":38},"transliteration":{"text":"qāla","language_name":"english","language_id":38}},{"id":39961,"position":2,"audio_url":"wbw/027_038_002.mp3","qpc_uthmani_hafs":"يَٰٓأَيُّهَا","char_type_name":"word","page_number":380,"line_number":4,"text":"ﭱ","translation":{"text":"O","language_name":"english","language_id":38},"transliteration":{"text":"yāayyuhā","language_name":"english","language_id":38}},{"id":39962,"position":3,"audio_url":"wbw/027_038_003.mp3","qpc_uthmani_hafs":"ٱلۡمَلَؤُاْ","char_type_name":"word","page_number":380,"line_number":4,"text":"ﭲ","translation":{"text":"chiefs","language_name":"english","language_id":38},"transliteration":{"text":"l-mala-u","language_name":"english","language_id":38}},{"id":39963,"position":4,"audio_url":"wbw/027_038_004.mp3","qpc_uthmani_hafs":"أَيُّكُمۡ","char_type_name":"word","page_number":380,"line_number":4,"text":"ﭳ","translation":{"text":"Which of you","language_name":"english","language_id":38},"transliteration":{"text":"ayyukum","language_name":"english","language_id":38}},{"id":39964,"position":5,"audio_url":"wbw/027_038_005.mp3","qpc_uthmani_hafs":"يَأۡتِينِي","char_type_name":"word","page_number":380,"line_number":4,"text":"ﭴ","translation":{"text":"will bring me","language_name":"english","language_id":38},"transliteration":{"text":"yatīnī","language_name":"english","language_id":38}},{"id":39965,"position":6,"audio_url":"wbw/027_038_006.mp3","qpc_uthmani_hafs":"بِعَرۡشِهَا","char_type_name":"word","page_number":380,"line_number":4,"text":"ﭵ","translation":{"text":"her throne","language_name":"english","language_id":38},"transliteration":{"text":"biʿarshihā","language_name":"english","language_id":38}},{"id":39966,"position":7,"audio_url":"wbw/027_038_007.mp3","qpc_uthmani_hafs":"قَبۡلَ","char_type_name":"word","page_number":380,"line_number":4,"text":"ﭶ","translation":{"text":"before","language_name":"english","language_id":38},"transliteration":{"text":"qabla","language_name":"english","language_id":38}},{"id":39967,"position":8,"audio_url":"wbw/027_038_008.mp3","qpc_uthmani_hafs":"أَن","char_type_name":"word","page_number":380,"line_number":4,"text":"ﭷ","translation":{"text":"that","language_name":"english","language_id":38},"transliteration":{"text":"an","language_name":"english","language_id":38}},{"id":39968,"position":9,"audio_url":"wbw/027_038_009.mp3","qpc_uthmani_hafs":"يَأۡتُونِي","char_type_name":"word","page_number":380,"line_number":4,"text":"ﭸ","translation":{"text":"they come to me","language_name":"english","language_id":38},"transliteration":{"text":"yatūnī","language_name":"english","language_id":38}},{"id":39969,"position":10,"audio_url":"wbw/027_038_010.mp3","qpc_uthmani_hafs":"مُسۡلِمِينَ","char_type_name":"word","page_number":380,"line_number":4,"text":"ﭹ","translation":{"text":"(in) submission","language_name":"english","language_id":38},"transliteration":{"text":"mus'limīna","language_name":"english","language_id":38}},{"id":39970,"position":11,"audio_url":null,"qpc_uthmani_hafs":"٣٨","char_type_name":"end","page_number":380,"line_number":4,"text":"ﭺ","translation":{"text":"(38)","language_name":"english","language_id":38},"transliteration":{"text":null,"language_name":"english","language_id":38}}],"translations":[{"id":919626,"resource_id":134,"text":"Berkata  Sulaymān, \"Hai pembesar-pembesar, siapakah di antara kamu sekalian yang sanggup membawa singgasananya kepadaku sebelum mereka datang kepadaku sebagai orang-orang yang berserah diri\"."}]},{"id":3198,"verse_number":39,"verse_key":"27:39","juz_number":19,"hizb_number":38,"rub_el_hizb_number":152,"ruku_number":329,"manzil_number":5,"sajdah_number":null,"text_uthmani":"قَالَ عِفْرِيتٌ مِّنَ ٱلْجِنِّ أَنَا۠ ءَاتِيكَ بِهِۦ قَبْلَ أَن تَقُومَ مِن مَّقَامِكَ ۖ وَإِنِّى عَلَيْهِ لَقَوِىٌّ أَمِينٌ","page_number":380,"words":[{"id":40750,"position":1,"audio_url":"wbw/027_039_001.mp3","qpc_uthmani_hafs":"قَالَ","char_type_name":"word","page_number":380,"line_number":5,"text":"ﭻ","translation":{"text":"Said","language_name":"english","language_id":38},"transliteration":{"text":"qāla","language_name":"english","language_id":38}},{"id":40751,"position":2,"audio_url":"wbw/027_039_002.mp3","qpc_uthmani_hafs":"عِفۡرِيتٞ","char_type_name":"word","page_number":380,"line_number":5,"text":"ﭼ","translation":{"text":"a strong one","language_name":"english","language_id":38},"transliteration":{"text":"ʿif'rītun","language_name":"english","language_id":38}},{"id":40752,"position":3,"audio_url":"wbw/027_039_003.mp3","qpc_uthmani_hafs":"مِّنَ","char_type_name":"word","page_number":380,"line_number":5,"text":"ﭽ","translation":{"text":"of","language_name":"english","language_id":38},"transliteration":{"text":"mina","language_name":"english","language_id":38}},{"id":40753,"position":4,"audio_url":"wbw/027_039_004.mp3","qpc_uthmani_hafs":"ٱلۡجِنِّ","char_type_name":"word","page_number":380,"line_number":5,"text":"ﭾ","translation":{"text":"the jinn","language_name":"english","language_id":38},"transliteration":{"text":"l-jini","language_name":"english","language_id":38}},{"id":40754,"position":5,"audio_url":"wbw/027_039_005.mp3","qpc_uthmani_hafs":"أَنَا۠","char_type_name":"word","page_number":380,"line_number":5,"text":"ﭿ","translation":{"text":"I","language_name":"english","language_id":38},"transliteration":{"text":"anā","language_name":"english","language_id":38}},{"id":40755,"position":6,"audio_url":"wbw/027_039_006.mp3","qpc_uthmani_hafs":"ءَاتِيكَ","char_type_name":"word","page_number":380,"line_number":5,"text":"ﮀ","translation":{"text":"will bring it to you","language_name":"english","language_id":38},"transliteration":{"text":"ātīka","language_name":"english","language_id":38}},{"id":40756,"position":7,"audio_url":"wbw/027_039_007.mp3","qpc_uthmani_hafs":"بِهِۦ","char_type_name":"word","page_number":380,"line_number":5,"text":"ﮁ","translation":{"text":"will bring it to you","language_name":"english","language_id":38},"transliteration":{"text":"bihi","language_name":"english","language_id":38}},{"id":40757,"position":8,"audio_url":"wbw/027_039_008.mp3","qpc_uthmani_hafs":"قَبۡلَ","char_type_name":"word","page_number":380,"line_number":5,"text":"ﮂ","translation":{"text":"before","language_name":"english","language_id":38},"transliteration":{"text":"qabla","language_name":"english","language_id":38}},{"id":40758,"position":9,"audio_url":"wbw/027_039_009.mp3","qpc_uthmani_hafs":"أَن","char_type_name":"word","page_number":380,"line_number":5,"text":"ﮃ","translation":{"text":"[that]","language_name":"english","language_id":38},"transliteration":{"text":"an","language_name":"english","language_id":38}},{"id":40759,"position":10,"audio_url":"wbw/027_039_010.mp3","qpc_uthmani_hafs":"تَقُومَ","char_type_name":"word","page_number":380,"line_number":5,"text":"ﮄ","translation":{"text":"you rise","language_name":"english","language_id":38},"transliteration":{"text":"taqūma","language_name":"english","language_id":38}},{"id":40760,"position":11,"audio_url":"wbw/027_039_011.mp3","qpc_uthmani_hafs":"مِن","char_type_name":"word","page_number":380,"line_number":5,"text":"ﮅ","translation":{"text":"from","language_name":"english","language_id":38},"transliteration":{"text":"min","language_name":"english","language_id":38}},{"id":40761,"position":12,"audio_url":"wbw/027_039_012.mp3","qpc_uthmani_hafs":"مَّقَامِكَۖ","char_type_name":"word","page_number":380,"line_number":5,"text":"ﮆﮇ","translation":{"text":"your place","language_name":"english","language_id":38},"transliteration":{"text":"maqāmika","language_name":"english","language_id":38}},{"id":40763,"position":13,"audio_url":"wbw/027_039_014.mp3","qpc_uthmani_hafs":"وَإِنِّي","char_type_name":"word","page_number":380,"line_number":5,"text":"ﮈ","translation":{"text":"And indeed, I am","language_name":"english","language_id":38},"transliteration":{"text":"wa-innī","language_name":"english","language_id":38}},{"id":40764,"position":14,"audio_url":"wbw/027_039_015.mp3","qpc_uthmani_hafs":"عَلَيۡهِ","char_type_name":"word","page_number":380,"line_number":6,"text":"ﮉ","translation":{"text":"for it","language_name":"english","language_id":38},"transliteration":{"text":"ʿalayhi","language_name":"english","language_id":38}},{"id":40765,"position":15,"audio_url":"wbw/027_039_016.mp3","qpc_uthmani_hafs":"لَقَوِيٌّ","char_type_name":"word","page_number":380,"line_number":6,"text":"ﮊ","translation":{"text":"surely, strong","language_name":"english","language_id":38},"transliteration":{"text":"laqawiyyun","language_name":"english","language_id":38}},{"id":40766,"position":16,"audio_url":"wbw/027_039_017.mp3","qpc_uthmani_hafs":"أَمِينٞ","char_type_name":"word","page_number":380,"line_number":6,"text":"ﮋ","translation":{"text":"trustworthy","language_name":"english","language_id":38},"transliteration":{"text":"amīnun","language_name":"english","language_id":38}},{"id":40767,"position":17,"audio_url":null,"qpc_uthmani_hafs":"٣٩","char_type_name":"end","page_number":380,"line_number":6,"text":"ﮌ","translation":{"text":"(39)","language_name":"english","language_id":38},"transliteration":{"text":null,"language_name":"english","language_id":38}}],"translations":[{"id":919627,"resource_id":134,"text":"Berkata Ifrit (yang cerdik) dari golongan jin, \"Aku akan datang kepadamu dengan membawa singgasana itu kepadamu sebelum kamu berdiri dari tempat dudukmu; sesungguhnya aku benar-benar kuat untuk membawanya lagi dapat dipercaya\"."}]},{"id":3199,"verse_number":40,"verse_key":"27:40","juz_number":19,"hizb_number":38,"rub_el_hizb_number":152,"ruku_number":329,"manzil_number":5,"sajdah_number":null,"text_uthmani":"قَالَ ٱلَّذِى عِندَهُۥ عِلْمٌ مِّنَ ٱلْكِتَـٰبِ أَنَا۠ ءَاتِيكَ بِهِۦ قَبْلَ أَن يَرْتَدَّ إِلَيْكَ طَرْفُكَ ۚ فَلَمَّا رَءَاهُ مُسْتَقِرًّا عِندَهُۥ قَالَ هَـٰذَا مِن فَضْلِ رَبِّى لِيَبْلُوَنِىٓ ءَأَشْكُرُ أَمْ أَكْفُرُ ۖ وَمَن شَكَرَ فَإِنَّمَا يَشْكُرُ لِنَفْسِهِۦ ۖ وَمَن كَفَرَ فَإِنَّ رَبِّى غَنِىٌّ كَرِيمٌ","page_number":380,"words":[{"id":41609,"position":1,"audio_url":"wbw/027_040_001.mp3","qpc_uthmani_hafs":"قَالَ","char_type_name":"word","page_number":380,"line_number":6,"text":"ﮍ","translation":{"text":"Said","language_name":"english","language_id":38},"transliteration":{"text":"qāla","language_name":"english","language_id":38}},{"id":41610,"position":2,"audio_url":"wbw/027_040_002.mp3","qpc_uthmani_hafs":"ٱلَّذِي","char_type_name":"word","page_number":380,"line_number":6,"text":"ﮎ","translation":{"text":"one who","language_name":"english","language_id":38},"transliteration":{"text":"alladhī","language_name":"english","language_id":38}},{"id":41611,"position":3,"audio_url":"wbw/027_040_003.mp3","qpc_uthmani_hafs":"عِندَهُۥ","char_type_name":"word","page_number":380,"line_number":6,"text":"ﮏ","translation":{"text":"with him","language_name":"english","language_id":38},"transliteration":{"text":"ʿindahu","language_name":"english","language_id":38}},{"id":41612,"position":4,"audio_url":"wbw/027_040_004.mp3","qpc_uthmani_hafs":"عِلۡمٞ","char_type_name":"word","page_number":380,"line_number":6,"text":"ﮐ","translation":{"text":"(was) knowledge","language_name":"english","language_id":38},"transliteration":{"text":"ʿil'mun","language_name":"english","language_id":38}},{"id":41613,"position":5,"audio_url":"wbw/027_040_005.mp3","qpc_uthmani_hafs":"مِّنَ","char_type_name":"word","page_number":380,"line_number":6,"text":"ﮑ","translation":{"text":"of","language_name":"english","language_id":38},"transliteration":{"text":"mina","language_name":"english","language_id":38}},{"id":41614,"position":6,"audio_url":"wbw/027_040_006.mp3","qpc_uthmani_hafs":"ٱلۡكِتَٰبِ","char_type_name":"word","page_number":380,"line_number":6,"text":"ﮒ","translation":{"text":"the Scripture","language_name":"english","language_id":38},"transliteration":{"text":"l-kitābi","language_name":"english","language_id":38}},{"id":41615,"position":7,"audio_url":"wbw/027_040_007.mp3","qpc_uthmani_hafs":"أَنَا۠","char_type_name":"word","page_number":380,"line_number":6,"text":"ﮓ","translation":{"text":"I","language_name":"english","language_id":38},"transliteration":{"text":"anā","language_name":"english","language_id":38}},{"id":41616,"position":8,"audio_url":"wbw/027_040_008.mp3","qpc_uthmani_hafs":"ءَاتِيكَ","char_type_name":"word","page_number":380,"line_number":6,"text":"ﮔ","translation":{"text":"will bring it to you","language_name":"english","language_id":38},"transliteration":{"text":"ātīka","language_name":"english","language_id":38}},{"id":41617,"position":9,"audio_url":"wbw/027_040_009.mp3","qpc_uthmani_hafs":"بِهِۦ","char_type_name":"word","page_number":380,"line_number":7,"text":"ﮕ","translation":{"text":"will bring it to you","language_name":"english","language_id":38},"transliteration":{"text":"bihi","language_name":"english","language_id":38}},{"id":41618,"position":10,"audio_url":"wbw/027_040_010.mp3","qpc_uthmani_hafs":"قَبۡلَ","char_type_name":"word","page_number":380,"line_number":7,"text":"ﮖ","translation":{"text":"before","language_name":"english","language_id":38},"transliteration":{"text":"qabla","language_name":"english","language_id":38}},{"id":41619,"position":11,"audio_url":"wbw/027_040_011.mp3","qpc_uthmani_hafs":"أَن","char_type_name":"word","page_number":380,"line_number":7,"text":"ﮗ","translation":{"text":"[that]","language_name":"english","language_id":38},"transliteration":{"text":"an","language_name":"english","language_id":38}},{"id":41620,"position":12,"audio_url":"wbw/027_040_012.mp3","qpc_uthmani_hafs":"يَرۡتَدَّ","char_type_name":"word","page_number":380,"line_number":7,"text":"ﮘ","translation":{"text":"returns","language_name":"english","language_id":38},"transliteration":{"text":"yartadda","language_name":"english","language_id":38}},{"id":41621,"position":13,"audio_url":"wbw/027_040_013.mp3","qpc_uthmani_hafs":"إِلَيۡكَ","char_type_name":"word","page_number":380,"line_number":7,"text":"ﮙ","translation":{"text":"to you","language_name":"english","language_id":38},"transliteration":{"text":"ilayka","language_name":"english","language_id":38}},{"id":41622,"position":14,"audio_url":"wbw/027_040_014.mp3","qpc_uthmani_hafs":"طَرۡفُكَۚ","char_type_name":"word","page_number":380,"line_number":7,"text":"ﮚﮛ","translation":{"text":"your glance","language_name":"english","language_id":38},"transliteration":{"text":"ṭarfuka","language_name":"english","language_id":38}},{"id":41624,"position":15,"audio_url":"wbw/027_040_016.mp3","qpc_uthmani_hafs":"فَلَمَّا","char_type_name":"word","page_number":380,"line_number":7,"text":"ﮜ","translation":{"text":"Then when","language_name":"english","language_id":38},"transliteration":{"text":"falammā","language_name":"english","language_id":38}},{"id":41625,"position":16,"audio_url":"wbw/027_040_017.mp3","qpc_uthmani_hafs":"رَءَاهُ","char_type_name":"word","page_number":380,"line_number":7,"text":"ﮝ","translation":{"text":"he saw it","language_name":"english","language_id":38},"transliteration":{"text":"raāhu","language_name":"english","language_id":38}},{"id":41626,"position":17,"audio_url":"wbw/027_040_018.mp3","qpc_uthmani_hafs":"مُسۡتَقِرًّا","char_type_name":"word","page_number":380,"line_number":7,"text":"ﮞ","translation":{"text":"placed","language_name":"english","language_id":38},"transliteration":{"text":"mus'taqirran","language_name":"english","language_id":38}},{"id":41627,"position":18,"audio_url":"wbw/027_040_019.mp3","qpc_uthmani_hafs":"عِندَهُۥ","char_type_name":"word","page_number":380,"line_number":7,"text":"ﮟ","translation":{"text":"before him","language_name":"english","language_id":38},"transliteration":{"text":"ʿindahu","language_name":"english","language_id":38}},{"id":41628,"position":19,"audio_url":"wbw/027_040_020.mp3","qpc_uthmani_hafs":"قَالَ","char_type_name":"word","page_number":380,"line_number":7,"text":"ﮠ","translation":{"text":"he said","language_name":"english","language_id":38},"transliteration":{"text":"qāla","language_name":"english","language_id":38}},{"id":41629,"position":20,"audio_url":"wbw/027_040_021.mp3","qpc_uthmani_hafs":"هَٰذَا","char_type_name":"word","page_number":380,"line_number":7,"text":"ﮡ","translation":{"text":"This","language_name":"english","language_id":38},"transliteration":{"text":"hādhā","language_name":"english","language_id":38}},{"id":41630,"position":21,"audio_url":"wbw/027_040_022.mp3","qpc_uthmani_hafs":"مِن","char_type_name":"word","page_number":380,"line_number":8,"text":"ﮢ","translation":{"text":"(is) from","language_name":"english","language_id":38},"transliteration":{"text":"min","language_name":"english","language_id":38}},{"id":41631,"position":22,"audio_url":"wbw/027_040_023.mp3","qpc_uthmani_hafs":"فَضۡلِ","char_type_name":"word","page_number":380,"line_number":8,"text":"ﮣ","translation":{"text":"(the) Favor","language_name":"english","language_id":38},"transliteration":{"text":"faḍli","language_name":"english","language_id":38}},{"id":41632,"position":23,"audio_url":"wbw/027_040_024.mp3","qpc_uthmani_hafs":"رَبِّي","char_type_name":"word","page_number":380,"line_number":8,"text":"ﮤ","translation":{"text":"(of) my Lord","language_name":"english","language_id":38},"transliteration":{"text":"rabbī","language_name":"english","language_id":38}},{"id":41633,"position":24,"audio_url":"wbw/027_040_025.mp3","qpc_uthmani_hafs":"لِيَبۡلُوَنِيٓ","char_type_name":"word","page_number":380,"line_number":8,"text":"ﮥ","translation":{"text":"to test me","language_name":"english","language_id":38},"transliteration":{"text":"liyabluwanī","language_name":"english","language_id":38}},{"id":41634,"position":25,"audio_url":"wbw/027_040_026.mp3","qpc_uthmani_hafs":"ءَأَشۡكُرُ","char_type_name":"word","page_number":380,"line_number":8,"text":"ﮦ","translation":{"text":"whether I am grateful","language_name":"english","language_id":38},"transliteration":{"text":"a-ashkuru","language_name":"english","language_id":38}},{"id":41635,"position":26,"audio_url":"wbw/027_040_027.mp3","qpc_uthmani_hafs":"أَمۡ","char_type_name":"word","page_number":380,"line_number":8,"text":"ﮧ","translation":{"text":"or","language_name":"english","language_id":38},"transliteration":{"text":"am","language_name":"english","language_id":38}},{"id":41636,"position":27,"audio_url":"wbw/027_040_028.mp3","qpc_uthmani_hafs":"أَكۡفُرُۖ","char_type_name":"word","page_number":380,"line_number":8,"text":"ﮨﮩ","translation":{"text":"I am ungrateful","language_name":"english","language_id":38},"transliteration":{"text":"akfuru","language_name":"english","language_id":38}},{"id":41638,"position":28,"audio_url":"wbw/027_040_030.mp3","qpc_uthmani_hafs":"وَمَن","char_type_name":"word","page_number":380,"line_number":8,"text":"ﮪ","translation":{"text":"And whoever","language_name":"english","language_id":38},"transliteration":{"text":"waman","language_name":"english","language_id":38}},{"id":41639,"position":29,"audio_url":"wbw/027_040_031.mp3","qpc_uthmani_hafs":"شَكَرَ","char_type_name":"word","page_number":380,"line_number":8,"text":"ﮫ","translation":{"text":"(is) grateful","language_name":"english","language_id":38},"transliteration":{"text":"shakara","language_name":"english","language_id":38}},{"id":41640,"position":30,"audio_url":"wbw/027_040_032.mp3","qpc_uthmani_hafs":"فَإِنَّمَا","char_type_name":"word","page_number":380,"line_number":8,"text":"ﮬ","translation":{"text":"then only","language_name":"english","language_id":38},"transliteration":{"text":"fa-innamā","language_name":"english","language_id":38}},{"id":41641,"position":31,"audio_url":"wbw/027_040_033.mp3","qpc_uthmani_hafs":"يَشۡكُرُ","char_type_name":"word","page_number":380,"line_number":8,"text":"ﮭ","translation":{"text":"he is grateful","language_name":"english","language_id":38},"transliteration":{"text":"yashkuru","language_name":"english","language_id":38}},{"id":41642,"position":32,"audio_url":"wbw/027_040_034.mp3","qpc_uthmani_hafs":"لِنَفۡسِهِۦۖ","char_type_name":"word","page_number":380,"line_number":9,"text":"ﮮﮯ","translation":{"text":"for his own soul","language_name":"english","language_id":38},"transliteration":{"text":"linafsihi","language_name":"english","language_id":38}},{"id":41644,"position":33,"audio_url":"wbw/027_040_036.mp3","qpc_uthmani_hafs":"وَمَن","char_type_name":"word","page_number":380,"line_number":9,"text":"ﮰ","translation":{"text":"And whoever","language_name":"english","language_id":38},"transliteration":{"text":"waman","language_name":"english","language_id":38}},{"id":41645,"position":34,"audio_url":"wbw/027_040_037.mp3","qpc_uthmani_hafs":"كَفَرَ","char_type_name":"word","page_number":380,"line_number":9,"text":"ﮱ","translation":{"text":"(is) ungrateful","language_name":"english","language_id":38},"transliteration":{"text":"kafara","language_name":"english","language_id":38}},{"id":41646,"position":35,"audio_url":"wbw/027_040_038.mp3","qpc_uthmani_hafs":"فَإِنَّ","char_type_name":"word","page_number":380,"line_number":9,"text":"ﯓ","translation":{"text":"then indeed","language_name":"english","language_id":38},"transliteration":{"text":"fa-inna","language_name":"english","language_id":38}},{"id":41647,"position":36,"audio_url":"wbw/027_040_039.mp3","qpc_uthmani_hafs":"رَبِّي","char_type_name":"word","page_number":380,"line_number":9,"text":"ﯔ","translation":{"text":"my Lord","language_name":"english","language_id":38},"transliteration":{"text":"rabbī","language_name":"english","language_id":38}},{"id":41648,"position":37,"audio_url":"wbw/027_040_040.mp3","qpc_uthmani_hafs":"غَنِيّٞ","char_type_name":"word","page_number":380,"line_number":9,"text":"ﯕ","translation":{"text":"(is) Self-sufficient","language_name":"english","language_id":38},"transliteration":{"text":"ghaniyyun","language_name":"english","language_id":38}},{"id":41649,"position":38,"audio_url":"wbw/027_040_041.mp3","qpc_uthmani_hafs":"كَرِيمٞ","char_type_name":"word","page_number":380,"line_number":9,"text":"ﯖ","translation":{"text":"Noble","language_name":"english","language_id":38},"transliteration":{"text":"karīmun","language_name":"english","language_id":38}},{"id":41650,"position":39,"audio_url":null,"qpc_uthmani_hafs":"٤٠","char_type_name":"end","page_number":380,"line_number":9,"text":"ﯗ","translation":{"text":"(40)","language_name":"english","language_id":38},"transliteration":{"text":null,"language_name":"english","language_id":38}}],"translations":[{"id":919628,"resource_id":134,"text":"Berkatalah seorang yang mempunyai ilmu dari Alkitab, \"Aku akan membawa singgasana itu kepadamu sebelum matamu berkedip\".  Maka tatkala Sulaymān melihat singgasana itu terletak di hadapannya, ia pun berkata, \"Ini termasuk karunia Tuhan-ku untuk mencoba aku apakah aku bersyukur atau mengingkari (akan nikmat-Nya).  Dan barang siapa yang bersyukur, maka sesungguhnya dia bersyukur untuk (kebaikan) dirinya sendiri dan barang siapa yang ingkar, maka sesungguhnya Tuhan-ku Maha Kaya lagi Maha Mulia\". <sup foot_note=210866>1</sup>"}]},{"id":3200,"verse_number":41,"verse_key":"27:41","juz_number":19,"hizb_number":38,"rub_el_hizb_number":152,"ruku_number":329,"manzil_number":5,"sajdah_number":null,"text_uthmani":"قَالَ نَكِّرُوا۟ لَهَا عَرْشَهَا نَنظُرْ أَتَهْتَدِىٓ أَمْ تَكُونُ مِنَ ٱلَّذِينَ لَا يَهْتَدُونَ","page_number":380,"words":[{"id":42458,"position":1,"audio_url":"wbw/027_041_001.mp3","qpc_uthmani_hafs":"قَالَ","char_type_name":"word","page_number":380,"line_number":9,"text":"ﯘ","translation":{"text":"He said","language_name":"english","language_id":38},"transliteration":{"text":"qāla","language_name":"english","language_id":38}},{"id":42459,"position":2,"audio_url":"wbw/027_041_002.mp3","qpc_uthmani_hafs":"نَكِّرُواْ","char_type_name":"word","page_number":380,"line_number":9,"text":"ﯙ","translation":{"text":"Disguise","language_name":"english","language_id":38},"transliteration":{"text":"nakkirū","language_name":"english","language_id":38}},{"id":42460,"position":3,"audio_url":"wbw/027_041_003.mp3","qpc_uthmani_hafs":"لَهَا","char_type_name":"word","page_number":380,"line_number":9,"text":"ﯚ","translation":{"text":"for her","language_name":"english","language_id":38},"transliteration":{"text":"lahā","language_name":"english","language_id":38}},{"id":42461,"position":4,"audio_url":"wbw/027_041_004.mp3","qpc_uthmani_hafs":"عَرۡشَهَا","char_type_name":"word","page_number":380,"line_number":9,"text":"ﯛ","translation":{"text":"her throne","language_name":"english","language_id":38},"transliteration":{"text":"ʿarshahā","language_name":"english","language_id":38}},{"id":42462,"position":5,"audio_url":"wbw/027_041_005.mp3","qpc_uthmani_hafs":"نَنظُرۡ","char_type_name":"word","page_number":380,"line_number":10,"text":"ﯜ","translation":{"text":"we will see","language_name":"english","language_id":38},"transliteration":{"text":"nanẓur","language_name":"english","language_id":38}},{"id":42463,"position":6,"audio_url":"wbw/027_041_006.mp3","qpc_uthmani_hafs":"أَتَهۡتَدِيٓ","char_type_name":"word","page_number":380,"line_number":10,"text":"ﯝ","translation":{"text":"whether she will be guided","language_name":"english","language_id":38},"transliteration":{"text":"atahtadī","language_name":"english","language_id":38}},{"id":42464,"position":7,"audio_url":"wbw/027_041_007.mp3","qpc_uthmani_hafs":"أَمۡ","char_type_name":"word","page_number":380,"line_number":10,"text":"ﯞ","translation":{"text":"or","language_name":"english","language_id":38},"transliteration":{"text":"am","language_name":"english","language_id":38}},{"id":42465,"position":8,"audio_url":"wbw/027_041_008.mp3","qpc_uthmani_hafs":"تَكُونُ","char_type_name":"word","page_number":380,"line_number":10,"text":"ﯟ","translation":{"text":"will be","language_name":"english","language_id":38},"transliteration":{"text":"takūnu","language_name":"english","language_id":38}},{"id":42466,"position":9,"audio_url":"wbw/027_041_009.mp3","qpc_uthmani_hafs":"مِنَ","char_type_name":"word","page_number":380,"line_number":10,"text":"ﯠ","translation":{"text":"of","language_name":"english","language_id":38},"transliteration":{"text":"mina","language_name":"english","language_id":38}},{"id":42467,"position":10,"audio_url":"wbw/027_041_010.mp3","qpc_uthmani_hafs":"ٱلَّذِينَ","char_type_name":"word","page_number":380,"line_number":10,"text":"ﯡ","translation":{"text":"those who","language_name":"english","language_id":38},"transliteration":{"text":"alladhīna","language_name":"english","language_id":38}},{"id":42468,"position":11,"audio_url":"wbw/027_041_011.mp3","qpc_uthmani_hafs":"لَا","char_type_name":"word","page_number":380,"line_number":10,"text":"ﯢ","translation":{"text":"are not guided","language_name":"english","language_id":38},"transliteration":{"text":"lā","language_name":"english","language_id":38}},{"id":42469,"position":12,"audio_url":"wbw/027_041_012.mp3","qpc_uthmani_hafs":"يَهۡتَدُونَ","char_type_name":"word","page_number":380,"line_number":10,"text":"ﯣ","translation":{"text":"are not guided","language_name":"english","language_id":38},"transliteration":{"text":"yahtadūna","language_name":"english","language_id":38}},{"id":42470,"position":13,"audio_url":null,"qpc_uthmani_hafs":"٤١","char_type_name":"end","page_number":380,"line_number":10,"text":"ﯤ","translation":{"text":"(41)","language_name":"english","language_id":38},"transliteration":{"text":null,"language_name":"english","language_id":38}}],"translations":[{"id":919629,"resource_id":134,"text":"Dia berkata, \"Ubahlah baginya singgasananya; maka kita akan melihat apakah dia mengenal ataukah dia termasuk orang-orang yang tidak mengenal(nya)\"."}]},{"id":3201,"verse_number":42,"verse_key":"27:42","juz_number":19,"hizb_number":38,"rub_el_hizb_number":152,"ruku_number":329,"manzil_number":5,"sajdah_number":null,"text_uthmani":"فَلَمَّا جَآءَتْ قِيلَ أَهَـٰكَذَا عَرْشُكِ ۖ قَالَتْ كَأَنَّهُۥ هُوَ ۚ وَأُوتِينَا ٱلْعِلْمَ مِن قَبْلِهَا وَكُنَّا مُسْلِمِينَ","page_number":380,"words":[{"id":43133,"position":1,"audio_url":"wbw/027_042_001.mp3","qpc_uthmani_hafs":"فَلَمَّا","char_type_name":"word","page_number":380,"line_number":10,"text":"ﯥ","translation":{"text":"So when","language_name":"english","language_id":38},"transliteration":{"text":"falammā","language_name":"english","language_id":38}},{"id":43134,"position":2,"audio_url":"wbw/027_042_002.mp3","qpc_uthmani_hafs":"جَآءَتۡ","char_type_name":"word","page_number":380,"line_number":10,"text":"ﯦ","translation":{"text":"she came","language_name":"english","language_id":38},"transliteration":{"text":"jāat","language_name":"english","language_id":38}},{"id":43135,"position":3,"audio_url":"wbw/027_042_003.mp3","qpc_uthmani_hafs":"قِيلَ","char_type_name":"word","page_number":380,"line_number":10,"text":"ﯧ","translation":{"text":"it was said","language_name":"english","language_id":38},"transliteration":{"text":"qīla","language_name":"english","language_id":38}},{"id":43136,"position":4,"audio_url":"wbw/027_042_004.mp3","qpc_uthmani_hafs":"أَهَٰكَذَا","char_type_name":"word","page_number":380,"line_number":11,"text":"ﯨ","translation":{"text":"Is like this","language_name":"english","language_id":38},"transliteration":{"text":"ahākadhā","language_name":"english","language_id":38}},{"id":43137,"position":5,"audio_url":"wbw/027_042_005.mp3","qpc_uthmani_hafs":"عَرۡشُكِۖ","char_type_name":"word","page_number":380,"line_number":11,"text":"ﯩﯪ","translation":{"text":"your throne","language_name":"english","language_id":38},"transliteration":{"text":"ʿarshuki","language_name":"english","language_id":38}},{"id":43139,"position":6,"audio_url":"wbw/027_042_007.mp3","qpc_uthmani_hafs":"قَالَتۡ","char_type_name":"word","page_number":380,"line_number":11,"text":"ﯫ","translation":{"text":"She said","language_name":"english","language_id":38},"transliteration":{"text":"qālat","language_name":"english","language_id":38}},{"id":43140,"position":7,"audio_url":"wbw/027_042_008.mp3","qpc_uthmani_hafs":"كَأَنَّهُۥ","char_type_name":"word","page_number":380,"line_number":11,"text":"ﯬ","translation":{"text":"It is like","language_name":"english","language_id":38},"transliteration":{"text":"ka-annahu","language_name":"english","language_id":38}},{"id":43141,"position":8,"audio_url":"wbw/027_042_009.mp3","qpc_uthmani_hafs":"هُوَۚ","char_type_name":"word","page_number":380,"line_number":11,"text":"ﯭﯮ","translation":{"text":"it","language_name":"english","language_id":38},"transliteration":{"text":"huwa","language_name":"english","language_id":38}},{"id":43143,"position":9,"audio_url":"wbw/027_042_011.mp3","qpc_uthmani_hafs":"وَأُوتِينَا","char_type_name":"word","page_number":380,"line_number":11,"text":"ﯯ","translation":{"text":"And we were given","language_name":"english","language_id":38},"transliteration":{"text":"waūtīnā","language_name":"english","language_id":38}},{"id":43144,"position":10,"audio_url":"wbw/027_042_012.mp3","qpc_uthmani_hafs":"ٱلۡعِلۡمَ","char_type_name":"word","page_number":380,"line_number":11,"text":"ﯰ","translation":{"text":"the knowledge","language_name":"english","language_id":38},"transliteration":{"text":"l-ʿil'ma","language_name":"english","language_id":38}},{"id":43145,"position":11,"audio_url":"wbw/027_042_013.mp3","qpc_uthmani_hafs":"مِن","char_type_name":"word","page_number":380,"line_number":11,"text":"ﯱ","translation":{"text":"before her","language_name":"english","language_id":38},"transliteration":{"text":"min","language_name":"english","language_id":38}},{"id":43146,"position":12,"audio_url":"wbw/027_042_014.mp3","qpc_uthmani_hafs":"قَبۡلِهَا","char_type_name":"word","page_number":380,"line_number":11,"text":"ﯲ","translation":{"text":"before her","language_name":"english","language_id":38},"transliteration":{"text":"qablihā","language_name":"english","language_id":38}},{"id":43147,"position":13,"audio_url":"wbw/027_042_015.mp3","qpc_uthmani_hafs":"وَكُنَّا","char_type_name":"word","page_number":380,"line_number":11,"text":"ﯳ","translation":{"text":"and we have been","language_name":"english","language_id":38},"transliteration":{"text":"wakunnā","language_name":"english","language_id":38}},{"id":43148,"position":14,"audio_url":"wbw/027_042_016.mp3","qpc_uthmani_hafs":"مُسۡلِمِينَ","char_type_name":"word","page_number":380,"line_number":11,"text":"ﯴ","translation":{"text":"Muslims","language_name":"english","language_id":38},"transliteration":{"text":"mus'limīna","language_name":"english","language_id":38}},{"id":43149,"position":15,"audio_url":null,"qpc_uthmani_hafs":"٤٢","char_type_name":"end","page_number":380,"line_number":12,"text":"ﯵ","translation":{"text":"(42)","language_name":"english","language_id":38},"transliteration":{"text":null,"language_name":"english","language_id":38}}],"translations":[{"id":919630,"resource_id":134,"text":"Dan ketika Balqis datang ditanyakanlah kepadanya, \"Serupa inikah singgasanamu?\" Dia menjawab, \"Seakan-akan singgasana ini singgasanaku, kami telah diberi pengetahuan sebelumnya dan kami adalah orang-orang yang berserah diri\". <sup foot_note=210867>1</sup>"}]},{"id":3202,"verse_number":43,"verse_key":"27:43","juz_number":19,"hizb_number":38,"rub_el_hizb_number":152,"ruku_number":329,"manzil_number":5,"sajdah_number":null,"text_uthmani":"وَصَدَّهَا مَا كَانَت تَّعْبُدُ مِن دُونِ ٱللَّهِ ۖ إِنَّهَا كَانَتْ مِن قَوْمٍ كَـٰفِرِينَ","page_number":380,"words":[{"id":43876,"position":1,"audio_url":"wbw/027_043_001.mp3","qpc_uthmani_hafs":"وَصَدَّهَا","char_type_name":"word","page_number":380,"line_number":12,"text":"ﯶ","translation":{"text":"And has averted her","language_name":"english","language_id":38},"transliteration":{"text":"waṣaddahā","language_name":"english","language_id":38}},{"id":43877,"position":2,"audio_url":"wbw/027_043_002.mp3","qpc_uthmani_hafs":"مَا","char_type_name":"word","page_number":380,"line_number":12,"text":"ﯷ","translation":{"text":"what","language_name":"english","language_id":38},"transliteration":{"text":"mā","language_name":"english","language_id":38}},{"id":43878,"position":3,"audio_url":"wbw/027_043_003.mp3","qpc_uthmani_hafs":"كَانَت","char_type_name":"word","page_number":380,"line_number":12,"text":"ﯸ","translation":{"text":"she used (to)","language_name":"english","language_id":38},"transliteration":{"text":"kānat","language_name":"english","language_id":38}},{"id":43879,"position":4,"audio_url":"wbw/027_043_004.mp3","qpc_uthmani_hafs":"تَّعۡبُدُ","char_type_name":"word","page_number":380,"line_number":12,"text":"ﯹ","translation":{"text":"worship","language_name":"english","language_id":38},"transliteration":{"text":"taʿbudu","language_name":"english","language_id":38}},{"id":43880,"position":5,"audio_url":"wbw/027_043_005.mp3","qpc_uthmani_hafs":"مِن","char_type_name":"word","page_number":380,"line_number":12,"text":"ﯺ","translation":{"text":"besides","language_name":"english","language_id":38},"transliteration":{"text":"min","language_name":"english","language_id":38}},{"id":43881,"position":6,"audio_url":"wbw/027_043_006.mp3","qpc_uthmani_hafs":"دُونِ","char_type_name":"word","page_number":380,"line_number":12,"text":"ﯻ","translation":{"text":"besides","language_name":"english","language_id":38},"transliteration":{"text":"dūni","language_name":"english","language_id":38}},{"id":43882,"position":7,"audio_url":"wbw/027_043_007.mp3","qpc_uthmani_hafs":"ٱللَّهِۖ","char_type_name":"word","page_number":380,"line_number":12,"text":"ﯼﯽ","translation":{"text":"Allah","language_name":"english","language_id":38},"transliteration":{"text":"l-lahi","language_name":"english","language_id":38}},{"id":43884,"position":8,"audio_url":"wbw/027_043_009.mp3","qpc_uthmani_hafs":"إِنَّهَا","char_type_name":"word","page_number":380,"line_number":12,"text":"ﯾ","translation":{"text":"Indeed, she","language_name":"english","language_id":38},"transliteration":{"text":"innahā","language_name":"english","language_id":38}},{"id":43885,"position":9,"audio_url":"wbw/027_043_010.mp3","qpc_uthmani_hafs":"كَانَتۡ","char_type_name":"word","page_number":380,"line_number":12,"text":"ﯿ","translation":{"text":"was","language_name":"english","language_id":38},"transliteration":{"text":"kānat","language_name":"english","language_id":38}},{"id":43886,"position":10,"audio_url":"wbw/027_043_011.mp3","qpc_uthmani_hafs":"مِن","char_type_name":"word","page_number":380,"line_number":12,"text":"ﰀ","translation":{"text":"from","language_name":"english","language_id":38},"transliteration":{"text":"min","language_name":"english","language_id":38}},{"id":43887,"position":11,"audio_url":"wbw/027_043_012.mp3","qpc_uthmani_hafs":"قَوۡمٖ","char_type_name":"word","page_number":380,"line_number":12,"text":"ﰁ","translation":{"text":"a people","language_name":"english","language_id":38},"transliteration":{"text":"qawmin","language_name":"english","language_id":38}},{"id":43888,"position":12,"audio_url":"wbw/027_043_013.mp3","qpc_uthmani_hafs":"كَٰفِرِينَ","char_type_name":"word","page_number":380,"line_number":12,"text":"ﰂ","translation":{"text":"who disbelieve","language_name":"english","language_id":38},"transliteration":{"text":"kāfirīna","language_name":"english","language_id":38}},{"id":43889,"position":13,"audio_url":null,"qpc_uthmani_hafs":"٤٣","char_type_name":"end","page_number":380,"line_number":13,"text":"ﰃ","translation":{"text":"(43)","language_name":"english","language_id":38},"transliteration":{"text":null,"language_name":"english","language_id":38}}],"translations":[{"id":919631,"resource_id":134,"text":"Dan apa yang disembahnya selama ini selain Allah mencegahnya (untuk melahirkan keislamannya) karena sesungguhnya dia dahulunya termasuk orang-orang yang kafir."}]},{"id":3203,"verse_number":44,"verse_key":"27:44","juz_number":19,"hizb_number":38,"rub_el_hizb_number":152,"ruku_number":329,"manzil_number":5,"sajdah_number":null,"text_uthmani":"قِيلَ لَهَا ٱدْخُلِى ٱلصَّرْحَ ۖ فَلَمَّا رَأَتْهُ حَسِبَتْهُ لُجَّةً وَكَشَفَتْ عَن سَاقَيْهَا ۚ قَالَ إِنَّهُۥ صَرْحٌ مُّمَرَّدٌ مِّن قَوَارِيرَ ۗ قَالَتْ رَبِّ إِنِّى ظَلَمْتُ نَفْسِى وَأَسْلَمْتُ مَعَ سُلَيْمَـٰنَ لِلَّهِ رَبِّ ٱلْعَـٰلَمِينَ","page_number":380,"words":[{"id":44626,"position":1,"audio_url":"wbw/027_044_001.mp3","qpc_uthmani_hafs":"قِيلَ","char_type_name":"word","page_number":380,"line_number":13,"text":"ﰄ","translation":{"text":"It was said","language_name":"english","language_id":38},"transliteration":{"text":"qīla","language_name":"english","language_id":38}},{"id":44627,"position":2,"audio_url":"wbw/027_044_002.mp3","qpc_uthmani_hafs":"لَهَا","char_type_name":"word","page_number":380,"line_number":13,"text":"ﰅ","translation":{"text":"to her","language_name":"english","language_id":38},"transliteration":{"text":"lahā","language_name":"english","language_id":38}},{"id":44628,"position":3,"audio_url":"wbw/027_044_003.mp3","qpc_uthmani_hafs":"ٱدۡخُلِي","char_type_name":"word","page_number":380,"line_number":13,"text":"ﰆ","translation":{"text":"Enter","language_name":"english","language_id":38},"transliteration":{"text":"ud'khulī","language_name":"english","language_id":38}},{"id":44629,"position":4,"audio_url":"wbw/027_044_004.mp3","qpc_uthmani_hafs":"ٱلصَّرۡحَۖ","char_type_name":"word","page_number":380,"line_number":13,"text":"ﰇﰈ","translation":{"text":"the palace","language_name":"english","language_id":38},"transliteration":{"text":"l-ṣarḥa","language_name":"english","language_id":38}},{"id":44631,"position":5,"audio_url":"wbw/027_044_006.mp3","qpc_uthmani_hafs":"فَلَمَّا","char_type_name":"word","page_number":380,"line_number":13,"text":"ﰉ","translation":{"text":"Then when","language_name":"english","language_id":38},"transliteration":{"text":"falammā","language_name":"english","language_id":38}},{"id":44632,"position":6,"audio_url":"wbw/027_044_007.mp3","qpc_uthmani_hafs":"رَأَتۡهُ","char_type_name":"word","page_number":380,"line_number":13,"text":"ﰊ","translation":{"text":"she saw it","language_name":"english","language_id":38},"transliteration":{"text":"ra-athu","language_name":"english","language_id":38}},{"id":44633,"position":7,"audio_url":"wbw/027_044_008.mp3","qpc_uthmani_hafs":"حَسِبَتۡهُ","char_type_name":"word","page_number":380,"line_number":13,"text":"ﰋ","translation":{"text":"she thought it","language_name":"english","language_id":38},"transliteration":{"text":"ḥasibathu","language_name":"english","language_id":38}},{"id":44634,"position":8,"audio_url":"wbw/027_044_009.mp3","qpc_uthmani_hafs":"لُجَّةٗ","char_type_name":"word","page_number":380,"line_number":13,"text":"ﰌ","translation":{"text":"(was) a pool","language_name":"english","language_id":38},"transliteration":{"text":"lujjatan","language_name":"english","language_id":38}},{"id":44635,"position":9,"audio_url":"wbw/027_044_010.mp3","qpc_uthmani_hafs":"وَكَشَفَتۡ","char_type_name":"word","page_number":380,"line_number":13,"text":"ﰍ","translation":{"text":"and she uncovered","language_name":"english","language_id":38},"transliteration":{"text":"wakashafat","language_name":"english","language_id":38}},{"id":44636,"position":10,"audio_url":"wbw/027_044_011.mp3","qpc_uthmani_hafs":"عَن","char_type_name":"word","page_number":380,"line_number":13,"text":"ﰎ","translation":{"text":"[on]","language_name":"english","language_id":38},"transliteration":{"text":"ʿan","language_name":"english","language_id":38}},{"id":44637,"position":11,"audio_url":"wbw/027_044_012.mp3","qpc_uthmani_hafs":"سَاقَيۡهَاۚ","char_type_name":"word","page_number":380,"line_number":14,"text":"ﰏﰐ","translation":{"text":"her shins","language_name":"english","language_id":38},"transliteration":{"text":"sāqayhā","language_name":"english","language_id":38}},{"id":44639,"position":12,"audio_url":"wbw/027_044_014.mp3","qpc_uthmani_hafs":"قَالَ","char_type_name":"word","page_number":380,"line_number":14,"text":"ﰑ","translation":{"text":"He said","language_name":"english","language_id":38},"transliteration":{"text":"qāla","language_name":"english","language_id":38}},{"id":44640,"position":13,"audio_url":"wbw/027_044_015.mp3","qpc_uthmani_hafs":"إِنَّهُۥ","char_type_name":"word","page_number":380,"line_number":14,"text":"ﰒ","translation":{"text":"Indeed, it","language_name":"english","language_id":38},"transliteration":{"text":"innahu","language_name":"english","language_id":38}},{"id":44641,"position":14,"audio_url":"wbw/027_044_016.mp3","qpc_uthmani_hafs":"صَرۡحٞ","char_type_name":"word","page_number":380,"line_number":14,"text":"ﰓ","translation":{"text":"(is) a palace","language_name":"english","language_id":38},"transliteration":{"text":"ṣarḥun","language_name":"english","language_id":38}},{"id":44642,"position":15,"audio_url":"wbw/027_044_017.mp3","qpc_uthmani_hafs":"مُّمَرَّدٞ","char_type_name":"word","page_number":380,"line_number":14,"text":"ﰔ","translation":{"text":"made smooth","language_name":"english","language_id":38},"transliteration":{"text":"mumarradun","language_name":"english","language_id":38}},{"id":44643,"position":16,"audio_url":"wbw/027_044_018.mp3","qpc_uthmani_hafs":"مِّن","char_type_name":"word","page_number":380,"line_number":14,"text":"ﰕ","translation":{"text":"of","language_name":"english","language_id":38},"transliteration":{"text":"min","language_name":"english","language_id":38}},{"id":44644,"position":17,"audio_url":"wbw/027_044_019.mp3","qpc_uthmani_hafs":"قَوَارِيرَۗ","char_type_name":"word","page_number":380,"line_number":14,"text":"ﰖﰗ","translation":{"text":"glass","language_name":"english","language_id":38},"transliteration":{"text":"qawārīra","language_name":"english","language_id":38}},{"id":44646,"position":18,"audio_url":"wbw/027_044_021.mp3","qpc_uthmani_hafs":"قَالَتۡ","char_type_name":"word","page_number":380,"line_number":14,"text":"ﰘ","translation":{"text":"She said","language_name":"english","language_id":38},"transliteration":{"text":"qālat","language_name":"english","language_id":38}},{"id":44647,"position":19,"audio_url":"wbw/027_044_022.mp3","qpc_uthmani_hafs":"رَبِّ","char_type_name":"word","page_number":380,"line_number":14,"text":"ﰙ","translation":{"text":"My Lord","language_name":"english","language_id":38},"transliteration":{"text":"rabbi","language_name":"english","language_id":38}},{"id":44648,"position":20,"audio_url":"wbw/027_044_023.mp3","qpc_uthmani_hafs":"إِنِّي","char_type_name":"word","page_number":380,"line_number":14,"text":"ﰚ","translation":{"text":"indeed, I","language_name":"english","language_id":38},"transliteration":{"text":"innī","language_name":"english","language_id":38}},{"id":44649,"position":21,"audio_url":"wbw/027_044_024.mp3","qpc_uthmani_hafs":"ظَلَمۡتُ","char_type_name":"word","page_number":380,"line_number":15,"text":"ﰛ","translation":{"text":"[I] have wronged","language_name":"english","language_id":38},"transliteration":{"text":"ẓalamtu","language_name":"english","language_id":38}},{"id":44650,"position":22,"audio_url":"wbw/027_044_025.mp3","qpc_uthmani_hafs":"نَفۡسِي","char_type_name":"word","page_number":380,"line_number":15,"text":"ﰜ","translation":{"text":"myself","language_name":"english","language_id":38},"transliteration":{"text":"nafsī","language_name":"english","language_id":38}},{"id":44651,"position":23,"audio_url":"wbw/027_044_026.mp3","qpc_uthmani_hafs":"وَأَسۡلَمۡتُ","char_type_name":"word","page_number":380,"line_number":15,"text":"ﰝ","translation":{"text":"and I submit","language_name":"english","language_id":38},"transliteration":{"text":"wa-aslamtu","language_name":"english","language_id":38}},{"id":44652,"position":24,"audio_url":"wbw/027_044_027.mp3","qpc_uthmani_hafs":"مَعَ","char_type_name":"word","page_number":380,"line_number":15,"text":"ﰞ","translation":{"text":"with","language_name":"english","language_id":38},"transliteration":{"text":"maʿa","language_name":"english","language_id":38}},{"id":44653,"position":25,"audio_url":"wbw/027_044_028.mp3","qpc_uthmani_hafs":"سُلَيۡمَٰنَ","char_type_name":"word","page_number":380,"line_number":15,"text":"ﰟ","translation":{"text":"Sulaiman","language_name":"english","language_id":38},"transliteration":{"text":"sulaymāna","language_name":"english","language_id":38}},{"id":44654,"position":26,"audio_url":"wbw/027_044_029.mp3","qpc_uthmani_hafs":"لِلَّهِ","char_type_name":"word","page_number":380,"line_number":15,"text":"ﰠ","translation":{"text":"to Allah","language_name":"english","language_id":38},"transliteration":{"text":"lillahi","language_name":"english","language_id":38}},{"id":44655,"position":27,"audio_url":"wbw/027_044_030.mp3","qpc_uthmani_hafs":"رَبِّ","char_type_name":"word","page_number":380,"line_number":15,"text":"ﰡ","translation":{"text":"(the) Lord","language_name":"english","language_id":38},"transliteration":{"text":"rabbi","language_name":"english","language_id":38}},{"id":44656,"position":28,"audio_url":"wbw/027_044_031.mp3","qpc_uthmani_hafs":"ٱلۡعَٰلَمِينَ","char_type_name":"word","page_number":380,"line_number":15,"text":"ﰢ","translation":{"text":"(of) the worlds","language_name":"english","language_id":38},"transliteration":{"text":"l-ʿālamīna","language_name":"english","language_id":38}},{"id":44657,"position":29,"audio_url":null,"qpc_uthmani_hafs":"٤٤","char_type_name":"end","page_number":380,"line_number":15,"text":"ﰣ","translation":{"text":"(44)","language_name":"english","language_id":38},"transliteration":{"text":null,"language_name":"english","language_id":38}}],"translations":[{"id":919632,"resource_id":134,"text":"Dikatakan kepadanya, \"Masuklah ke dalam istana\".  Maka tatkala dia melihat lantai istana itu, dikiranya kolam air yang besar dan disingkapkannya kedua betisnya.  Berkatalah Sulaymān, \"Sesungguhnya ia adalah istana licin terbuat dari kaca\".  Berkatalah Balqis, \"Ya Tuhan-ku, sesungguhnya aku telah berbuat zalim terhadap diriku dan aku berserah diri bersama Sulaymān kepada Allah, Tuhan semesta alam\"."}]}],"pagination":{"per_page":50,"current_page":1,"next_page":null,"total_pages":1,"total_records":9}}