{"verses":[{"id":3312,"verse_number":60,"verse_key":"28:60","juz_number":20,"hizb_number":40,"rub_el_hizb_number":157,"ruku_number":339,"manzil_number":5,"sajdah_number":null,"text_uthmani":"وَمَآ أُوتِيتُم مِّن شَىْءٍ فَمَتَـٰعُ ٱلْحَيَوٰةِ ٱلدُّنْيَا وَزِينَتُهَا ۚ وَمَا عِندَ ٱللَّهِ خَيْرٌ وَأَبْقَىٰٓ ۚ أَفَلَا تَعْقِلُونَ","page_number":393,"words":[{"id":54641,"position":1,"audio_url":"wbw/028_060_001.mp3","qpc_uthmani_hafs":"وَمَآ","char_type_name":"word","page_number":393,"line_number":1,"text":"ﭑ","translation":{"text":"And whatever","language_name":"english","language_id":38},"transliteration":{"text":"wamā","language_name":"english","language_id":38}},{"id":54642,"position":2,"audio_url":"wbw/028_060_002.mp3","qpc_uthmani_hafs":"أُوتِيتُم","char_type_name":"word","page_number":393,"line_number":1,"text":"ﭒ","translation":{"text":"you have been given","language_name":"english","language_id":38},"transliteration":{"text":"ūtītum","language_name":"english","language_id":38}},{"id":54643,"position":3,"audio_url":"wbw/028_060_003.mp3","qpc_uthmani_hafs":"مِّن","char_type_name":"word","page_number":393,"line_number":1,"text":"ﭓ","translation":{"text":"from","language_name":"english","language_id":38},"transliteration":{"text":"min","language_name":"english","language_id":38}},{"id":54644,"position":4,"audio_url":"wbw/028_060_004.mp3","qpc_uthmani_hafs":"شَيۡءٖ","char_type_name":"word","page_number":393,"line_number":1,"text":"ﭔ","translation":{"text":"things","language_name":"english","language_id":38},"transliteration":{"text":"shayin","language_name":"english","language_id":38}},{"id":54645,"position":5,"audio_url":"wbw/028_060_005.mp3","qpc_uthmani_hafs":"فَمَتَٰعُ","char_type_name":"word","page_number":393,"line_number":1,"text":"ﭕ","translation":{"text":"(is) an enjoyment","language_name":"english","language_id":38},"transliteration":{"text":"famatāʿu","language_name":"english","language_id":38}},{"id":54646,"position":6,"audio_url":"wbw/028_060_006.mp3","qpc_uthmani_hafs":"ٱلۡحَيَوٰةِ","char_type_name":"word","page_number":393,"line_number":1,"text":"ﭖ","translation":{"text":"(of the) life","language_name":"english","language_id":38},"transliteration":{"text":"l-ḥayati","language_name":"english","language_id":38}},{"id":54647,"position":7,"audio_url":"wbw/028_060_007.mp3","qpc_uthmani_hafs":"ٱلدُّنۡيَا","char_type_name":"word","page_number":393,"line_number":1,"text":"ﭗ","translation":{"text":"(of) the world","language_name":"english","language_id":38},"transliteration":{"text":"l-dun'yā","language_name":"english","language_id":38}},{"id":54648,"position":8,"audio_url":"wbw/028_060_008.mp3","qpc_uthmani_hafs":"وَزِينَتُهَاۚ","char_type_name":"word","page_number":393,"line_number":1,"text":"ﭘﭙ","translation":{"text":"and its adornment","language_name":"english","language_id":38},"transliteration":{"text":"wazīnatuhā","language_name":"english","language_id":38}},{"id":54650,"position":9,"audio_url":"wbw/028_060_010.mp3","qpc_uthmani_hafs":"وَمَا","char_type_name":"word","page_number":393,"line_number":1,"text":"ﭚ","translation":{"text":"And what","language_name":"english","language_id":38},"transliteration":{"text":"wamā","language_name":"english","language_id":38}},{"id":54651,"position":10,"audio_url":"wbw/028_060_011.mp3","qpc_uthmani_hafs":"عِندَ","char_type_name":"word","page_number":393,"line_number":1,"text":"ﭛ","translation":{"text":"(is) with","language_name":"english","language_id":38},"transliteration":{"text":"ʿinda","language_name":"english","language_id":38}},{"id":54652,"position":11,"audio_url":"wbw/028_060_012.mp3","qpc_uthmani_hafs":"ٱللَّهِ","char_type_name":"word","page_number":393,"line_number":2,"text":"ﭜ","translation":{"text":"Allah","language_name":"english","language_id":38},"transliteration":{"text":"l-lahi","language_name":"english","language_id":38}},{"id":54653,"position":12,"audio_url":"wbw/028_060_013.mp3","qpc_uthmani_hafs":"خَيۡرٞ","char_type_name":"word","page_number":393,"line_number":2,"text":"ﭝ","translation":{"text":"(is) better","language_name":"english","language_id":38},"transliteration":{"text":"khayrun","language_name":"english","language_id":38}},{"id":54654,"position":13,"audio_url":"wbw/028_060_014.mp3","qpc_uthmani_hafs":"وَأَبۡقَىٰٓۚ","char_type_name":"word","page_number":393,"line_number":2,"text":"ﭞﭟ","translation":{"text":"and more lasting","language_name":"english","language_id":38},"transliteration":{"text":"wa-abqā","language_name":"english","language_id":38}},{"id":54656,"position":14,"audio_url":"wbw/028_060_016.mp3","qpc_uthmani_hafs":"أَفَلَا","char_type_name":"word","page_number":393,"line_number":2,"text":"ﭠ","translation":{"text":"So (will) not","language_name":"english","language_id":38},"transliteration":{"text":"afalā","language_name":"english","language_id":38}},{"id":54657,"position":15,"audio_url":"wbw/028_060_017.mp3","qpc_uthmani_hafs":"تَعۡقِلُونَ","char_type_name":"word","page_number":393,"line_number":2,"text":"ﭡ","translation":{"text":"you use intellect","language_name":"english","language_id":38},"transliteration":{"text":"taʿqilūna","language_name":"english","language_id":38}},{"id":54658,"position":16,"audio_url":null,"qpc_uthmani_hafs":"٦٠","char_type_name":"end","page_number":393,"line_number":2,"text":"ﭢ","translation":{"text":"(60)","language_name":"english","language_id":38},"transliteration":{"text":null,"language_name":"english","language_id":38}}],"translations":[{"id":919741,"resource_id":134,"text":"Dan apa saja <sup foot_note=210899>1</sup> yang diberikan kepada kamu, maka itu adalah kenikmatan hidup duniawi dan perhiasannya, sedang apa yang di sisi Allah adalah lebih baik dan lebih kekal.  Maka apakah kamu tidak memahaminya?"}]},{"id":3313,"verse_number":61,"verse_key":"28:61","juz_number":20,"hizb_number":40,"rub_el_hizb_number":157,"ruku_number":340,"manzil_number":5,"sajdah_number":null,"text_uthmani":"أَفَمَن وَعَدْنَـٰهُ وَعْدًا حَسَنًا فَهُوَ لَـٰقِيهِ كَمَن مَّتَّعْنَـٰهُ مَتَـٰعَ ٱلْحَيَوٰةِ ٱلدُّنْيَا ثُمَّ هُوَ يَوْمَ ٱلْقِيَـٰمَةِ مِنَ ٱلْمُحْضَرِينَ","page_number":393,"words":[{"id":55227,"position":1,"audio_url":"wbw/028_061_001.mp3","qpc_uthmani_hafs":"أَفَمَن","char_type_name":"word","page_number":393,"line_number":2,"text":"ﭣ","translation":{"text":"Then is (he) whom","language_name":"english","language_id":38},"transliteration":{"text":"afaman","language_name":"english","language_id":38}},{"id":55228,"position":2,"audio_url":"wbw/028_061_002.mp3","qpc_uthmani_hafs":"وَعَدۡنَٰهُ","char_type_name":"word","page_number":393,"line_number":2,"text":"ﭤ","translation":{"text":"We have promised him","language_name":"english","language_id":38},"transliteration":{"text":"waʿadnāhu","language_name":"english","language_id":38}},{"id":55229,"position":3,"audio_url":"wbw/028_061_003.mp3","qpc_uthmani_hafs":"وَعۡدًا","char_type_name":"word","page_number":393,"line_number":2,"text":"ﭥ","translation":{"text":"a promise","language_name":"english","language_id":38},"transliteration":{"text":"waʿdan","language_name":"english","language_id":38}},{"id":55230,"position":4,"audio_url":"wbw/028_061_004.mp3","qpc_uthmani_hafs":"حَسَنٗا","char_type_name":"word","page_number":393,"line_number":2,"text":"ﭦ","translation":{"text":"good","language_name":"english","language_id":38},"transliteration":{"text":"ḥasanan","language_name":"english","language_id":38}},{"id":55231,"position":5,"audio_url":"wbw/028_061_005.mp3","qpc_uthmani_hafs":"فَهُوَ","char_type_name":"word","page_number":393,"line_number":3,"text":"ﭧ","translation":{"text":"and he","language_name":"english","language_id":38},"transliteration":{"text":"fahuwa","language_name":"english","language_id":38}},{"id":55232,"position":6,"audio_url":"wbw/028_061_006.mp3","qpc_uthmani_hafs":"لَٰقِيهِ","char_type_name":"word","page_number":393,"line_number":3,"text":"ﭨ","translation":{"text":"(will) meet it","language_name":"english","language_id":38},"transliteration":{"text":"lāqīhi","language_name":"english","language_id":38}},{"id":55233,"position":7,"audio_url":"wbw/028_061_007.mp3","qpc_uthmani_hafs":"كَمَن","char_type_name":"word","page_number":393,"line_number":3,"text":"ﭩ","translation":{"text":"like (the one) whom","language_name":"english","language_id":38},"transliteration":{"text":"kaman","language_name":"english","language_id":38}},{"id":55234,"position":8,"audio_url":"wbw/028_061_008.mp3","qpc_uthmani_hafs":"مَّتَّعۡنَٰهُ","char_type_name":"word","page_number":393,"line_number":3,"text":"ﭪ","translation":{"text":"We provided him","language_name":"english","language_id":38},"transliteration":{"text":"mattaʿnāhu","language_name":"english","language_id":38}},{"id":55235,"position":9,"audio_url":"wbw/028_061_009.mp3","qpc_uthmani_hafs":"مَتَٰعَ","char_type_name":"word","page_number":393,"line_number":3,"text":"ﭫ","translation":{"text":"enjoyment","language_name":"english","language_id":38},"transliteration":{"text":"matāʿa","language_name":"english","language_id":38}},{"id":55236,"position":10,"audio_url":"wbw/028_061_010.mp3","qpc_uthmani_hafs":"ٱلۡحَيَوٰةِ","char_type_name":"word","page_number":393,"line_number":3,"text":"ﭬ","translation":{"text":"(of the) life","language_name":"english","language_id":38},"transliteration":{"text":"l-ḥayati","language_name":"english","language_id":38}},{"id":55237,"position":11,"audio_url":"wbw/028_061_011.mp3","qpc_uthmani_hafs":"ٱلدُّنۡيَا","char_type_name":"word","page_number":393,"line_number":3,"text":"ﭭ","translation":{"text":"(of) the world","language_name":"english","language_id":38},"transliteration":{"text":"l-dun'yā","language_name":"english","language_id":38}},{"id":55238,"position":12,"audio_url":"wbw/028_061_012.mp3","qpc_uthmani_hafs":"ثُمَّ","char_type_name":"word","page_number":393,"line_number":3,"text":"ﭮ","translation":{"text":"then","language_name":"english","language_id":38},"transliteration":{"text":"thumma","language_name":"english","language_id":38}},{"id":55239,"position":13,"audio_url":"wbw/028_061_013.mp3","qpc_uthmani_hafs":"هُوَ","char_type_name":"word","page_number":393,"line_number":3,"text":"ﭯ","translation":{"text":"he","language_name":"english","language_id":38},"transliteration":{"text":"huwa","language_name":"english","language_id":38}},{"id":55240,"position":14,"audio_url":"wbw/028_061_014.mp3","qpc_uthmani_hafs":"يَوۡمَ","char_type_name":"word","page_number":393,"line_number":3,"text":"ﭰ","translation":{"text":"(on the) Day","language_name":"english","language_id":38},"transliteration":{"text":"yawma","language_name":"english","language_id":38}},{"id":55241,"position":15,"audio_url":"wbw/028_061_015.mp3","qpc_uthmani_hafs":"ٱلۡقِيَٰمَةِ","char_type_name":"word","page_number":393,"line_number":3,"text":"ﭱ","translation":{"text":"(of) the Resurrection","language_name":"english","language_id":38},"transliteration":{"text":"l-qiyāmati","language_name":"english","language_id":38}},{"id":55242,"position":16,"audio_url":"wbw/028_061_016.mp3","qpc_uthmani_hafs":"مِنَ","char_type_name":"word","page_number":393,"line_number":4,"text":"ﭲ","translation":{"text":"(will be) among","language_name":"english","language_id":38},"transliteration":{"text":"mina","language_name":"english","language_id":38}},{"id":55243,"position":17,"audio_url":"wbw/028_061_017.mp3","qpc_uthmani_hafs":"ٱلۡمُحۡضَرِينَ","char_type_name":"word","page_number":393,"line_number":4,"text":"ﭳ","translation":{"text":"those presented","language_name":"english","language_id":38},"transliteration":{"text":"l-muḥ'ḍarīna","language_name":"english","language_id":38}},{"id":55244,"position":18,"audio_url":null,"qpc_uthmani_hafs":"٦١","char_type_name":"end","page_number":393,"line_number":4,"text":"ﭴ","translation":{"text":"(61)","language_name":"english","language_id":38},"transliteration":{"text":null,"language_name":"english","language_id":38}}],"translations":[{"id":919742,"resource_id":134,"text":"Maka apakah orang yang Kami janjikan kepadanya suatu janji yang baik (surga), lalu ia memperolehnya sama dengan orang yang Kami berikan kepadanya kenikmatan hidup duniawi <sup foot_note=210900>1</sup>, kemudian dia pada hari kiamat termasuk orang-orang yang diseret (ke dalam neraka)?"}]},{"id":3314,"verse_number":62,"verse_key":"28:62","juz_number":20,"hizb_number":40,"rub_el_hizb_number":157,"ruku_number":340,"manzil_number":5,"sajdah_number":null,"text_uthmani":"وَيَوْمَ يُنَادِيهِمْ فَيَقُولُ أَيْنَ شُرَكَآءِىَ ٱلَّذِينَ كُنتُمْ تَزْعُمُونَ","page_number":393,"words":[{"id":55761,"position":1,"audio_url":"wbw/028_062_001.mp3","qpc_uthmani_hafs":"وَيَوۡمَ","char_type_name":"word","page_number":393,"line_number":4,"text":"ﭵ","translation":{"text":"And (the) Day","language_name":"english","language_id":38},"transliteration":{"text":"wayawma","language_name":"english","language_id":38}},{"id":55762,"position":2,"audio_url":"wbw/028_062_002.mp3","qpc_uthmani_hafs":"يُنَادِيهِمۡ","char_type_name":"word","page_number":393,"line_number":4,"text":"ﭶ","translation":{"text":"He will call them","language_name":"english","language_id":38},"transliteration":{"text":"yunādīhim","language_name":"english","language_id":38}},{"id":55763,"position":3,"audio_url":"wbw/028_062_003.mp3","qpc_uthmani_hafs":"فَيَقُولُ","char_type_name":"word","page_number":393,"line_number":4,"text":"ﭷ","translation":{"text":"and say","language_name":"english","language_id":38},"transliteration":{"text":"fayaqūlu","language_name":"english","language_id":38}},{"id":55764,"position":4,"audio_url":"wbw/028_062_004.mp3","qpc_uthmani_hafs":"أَيۡنَ","char_type_name":"word","page_number":393,"line_number":4,"text":"ﭸ","translation":{"text":"Where","language_name":"english","language_id":38},"transliteration":{"text":"ayna","language_name":"english","language_id":38}},{"id":55765,"position":5,"audio_url":"wbw/028_062_005.mp3","qpc_uthmani_hafs":"شُرَكَآءِيَ","char_type_name":"word","page_number":393,"line_number":4,"text":"ﭹ","translation":{"text":"(are) My partners","language_name":"english","language_id":38},"transliteration":{"text":"shurakāiya","language_name":"english","language_id":38}},{"id":55766,"position":6,"audio_url":"wbw/028_062_006.mp3","qpc_uthmani_hafs":"ٱلَّذِينَ","char_type_name":"word","page_number":393,"line_number":4,"text":"ﭺ","translation":{"text":"whom","language_name":"english","language_id":38},"transliteration":{"text":"alladhīna","language_name":"english","language_id":38}},{"id":55767,"position":7,"audio_url":"wbw/028_062_007.mp3","qpc_uthmani_hafs":"كُنتُمۡ","char_type_name":"word","page_number":393,"line_number":5,"text":"ﭻ","translation":{"text":"you used (to)","language_name":"english","language_id":38},"transliteration":{"text":"kuntum","language_name":"english","language_id":38}},{"id":55768,"position":8,"audio_url":"wbw/028_062_008.mp3","qpc_uthmani_hafs":"تَزۡعُمُونَ","char_type_name":"word","page_number":393,"line_number":5,"text":"ﭼ","translation":{"text":"claim","language_name":"english","language_id":38},"transliteration":{"text":"tazʿumūna","language_name":"english","language_id":38}},{"id":55769,"position":9,"audio_url":null,"qpc_uthmani_hafs":"٦٢","char_type_name":"end","page_number":393,"line_number":5,"text":"ﭽ","translation":{"text":"(62)","language_name":"english","language_id":38},"transliteration":{"text":null,"language_name":"english","language_id":38}}],"translations":[{"id":919743,"resource_id":134,"text":"Dan (ingatlah) hari (pada waktu) Allah menyeru mereka seraya berkata, \"Di manakah sekutu-sekutu-Ku yang dahulu kamu katakan?\""}]},{"id":3315,"verse_number":63,"verse_key":"28:63","juz_number":20,"hizb_number":40,"rub_el_hizb_number":157,"ruku_number":340,"manzil_number":5,"sajdah_number":null,"text_uthmani":"قَالَ ٱلَّذِينَ حَقَّ عَلَيْهِمُ ٱلْقَوْلُ رَبَّنَا هَـٰٓؤُلَآءِ ٱلَّذِينَ أَغْوَيْنَآ أَغْوَيْنَـٰهُمْ كَمَا غَوَيْنَا ۖ تَبَرَّأْنَآ إِلَيْكَ ۖ مَا كَانُوٓا۟ إِيَّانَا يَعْبُدُونَ","page_number":393,"words":[{"id":56325,"position":1,"audio_url":"wbw/028_063_001.mp3","qpc_uthmani_hafs":"قَالَ","char_type_name":"word","page_number":393,"line_number":5,"text":"ﭾ","translation":{"text":"(Will) say","language_name":"english","language_id":38},"transliteration":{"text":"qāla","language_name":"english","language_id":38}},{"id":56326,"position":2,"audio_url":"wbw/028_063_002.mp3","qpc_uthmani_hafs":"ٱلَّذِينَ","char_type_name":"word","page_number":393,"line_number":5,"text":"ﭿ","translation":{"text":"those ","language_name":"english","language_id":38},"transliteration":{"text":"alladhīna","language_name":"english","language_id":38}},{"id":56327,"position":3,"audio_url":"wbw/028_063_003.mp3","qpc_uthmani_hafs":"حَقَّ","char_type_name":"word","page_number":393,"line_number":5,"text":"ﮀ","translation":{"text":"(has) come true","language_name":"english","language_id":38},"transliteration":{"text":"ḥaqqa","language_name":"english","language_id":38}},{"id":56328,"position":4,"audio_url":"wbw/028_063_004.mp3","qpc_uthmani_hafs":"عَلَيۡهِمُ","char_type_name":"word","page_number":393,"line_number":5,"text":"ﮁ","translation":{"text":"against whom","language_name":"english","language_id":38},"transliteration":{"text":"ʿalayhimu","language_name":"english","language_id":38}},{"id":56329,"position":5,"audio_url":"wbw/028_063_005.mp3","qpc_uthmani_hafs":"ٱلۡقَوۡلُ","char_type_name":"word","page_number":393,"line_number":5,"text":"ﮂ","translation":{"text":"the Word","language_name":"english","language_id":38},"transliteration":{"text":"l-qawlu","language_name":"english","language_id":38}},{"id":56330,"position":6,"audio_url":"wbw/028_063_006.mp3","qpc_uthmani_hafs":"رَبَّنَا","char_type_name":"word","page_number":393,"line_number":5,"text":"ﮃ","translation":{"text":"Our Lord","language_name":"english","language_id":38},"transliteration":{"text":"rabbanā","language_name":"english","language_id":38}},{"id":56331,"position":7,"audio_url":"wbw/028_063_007.mp3","qpc_uthmani_hafs":"هَٰٓؤُلَآءِ","char_type_name":"word","page_number":393,"line_number":5,"text":"ﮄ","translation":{"text":"These","language_name":"english","language_id":38},"transliteration":{"text":"hāulāi","language_name":"english","language_id":38}},{"id":56332,"position":8,"audio_url":"wbw/028_063_008.mp3","qpc_uthmani_hafs":"ٱلَّذِينَ","char_type_name":"word","page_number":393,"line_number":6,"text":"ﮅ","translation":{"text":"(are) those whom","language_name":"english","language_id":38},"transliteration":{"text":"alladhīna","language_name":"english","language_id":38}},{"id":56333,"position":9,"audio_url":"wbw/028_063_009.mp3","qpc_uthmani_hafs":"أَغۡوَيۡنَآ","char_type_name":"word","page_number":393,"line_number":6,"text":"ﮆ","translation":{"text":"we led astray","language_name":"english","language_id":38},"transliteration":{"text":"aghwaynā","language_name":"english","language_id":38}},{"id":56334,"position":10,"audio_url":"wbw/028_063_010.mp3","qpc_uthmani_hafs":"أَغۡوَيۡنَٰهُمۡ","char_type_name":"word","page_number":393,"line_number":6,"text":"ﮇ","translation":{"text":"We led them astray","language_name":"english","language_id":38},"transliteration":{"text":"aghwaynāhum","language_name":"english","language_id":38}},{"id":56335,"position":11,"audio_url":"wbw/028_063_011.mp3","qpc_uthmani_hafs":"كَمَا","char_type_name":"word","page_number":393,"line_number":6,"text":"ﮈ","translation":{"text":"as","language_name":"english","language_id":38},"transliteration":{"text":"kamā","language_name":"english","language_id":38}},{"id":56336,"position":12,"audio_url":"wbw/028_063_012.mp3","qpc_uthmani_hafs":"غَوَيۡنَاۖ","char_type_name":"word","page_number":393,"line_number":6,"text":"ﮉﮊ","translation":{"text":"we were astray","language_name":"english","language_id":38},"transliteration":{"text":"ghawaynā","language_name":"english","language_id":38}},{"id":56338,"position":13,"audio_url":"wbw/028_063_014.mp3","qpc_uthmani_hafs":"تَبَرَّأۡنَآ","char_type_name":"word","page_number":393,"line_number":6,"text":"ﮋ","translation":{"text":"We declare our innocence","language_name":"english","language_id":38},"transliteration":{"text":"tabarranā","language_name":"english","language_id":38}},{"id":56339,"position":14,"audio_url":"wbw/028_063_015.mp3","qpc_uthmani_hafs":"إِلَيۡكَۖ","char_type_name":"word","page_number":393,"line_number":6,"text":"ﮌﮍ","translation":{"text":"before You","language_name":"english","language_id":38},"transliteration":{"text":"ilayka","language_name":"english","language_id":38}},{"id":56341,"position":15,"audio_url":"wbw/028_063_017.mp3","qpc_uthmani_hafs":"مَا","char_type_name":"word","page_number":393,"line_number":6,"text":"ﮎ","translation":{"text":"Not","language_name":"english","language_id":38},"transliteration":{"text":"mā","language_name":"english","language_id":38}},{"id":56342,"position":16,"audio_url":"wbw/028_063_018.mp3","qpc_uthmani_hafs":"كَانُوٓاْ","char_type_name":"word","page_number":393,"line_number":6,"text":"ﮏ","translation":{"text":"they used (to)","language_name":"english","language_id":38},"transliteration":{"text":"kānū","language_name":"english","language_id":38}},{"id":56343,"position":17,"audio_url":"wbw/028_063_019.mp3","qpc_uthmani_hafs":"إِيَّانَا","char_type_name":"word","page_number":393,"line_number":6,"text":"ﮐ","translation":{"text":"worship us","language_name":"english","language_id":38},"transliteration":{"text":"iyyānā","language_name":"english","language_id":38}},{"id":56344,"position":18,"audio_url":"wbw/028_063_020.mp3","qpc_uthmani_hafs":"يَعۡبُدُونَ","char_type_name":"word","page_number":393,"line_number":7,"text":"ﮑ","translation":{"text":"worship us","language_name":"english","language_id":38},"transliteration":{"text":"yaʿbudūna","language_name":"english","language_id":38}},{"id":56345,"position":19,"audio_url":null,"qpc_uthmani_hafs":"٦٣","char_type_name":"end","page_number":393,"line_number":7,"text":"ﮒ","translation":{"text":"(63)","language_name":"english","language_id":38},"transliteration":{"text":null,"language_name":"english","language_id":38}}],"translations":[{"id":919744,"resource_id":134,"text":"Berkatalah orang-orang yang telah tetap hukuman atas mereka <sup foot_note=210901>1</sup>, \"Ya Tuhan kami, mereka inilah orang-orang yang kami sesatkan itu; kami telah menyesatkan mereka sebagaimana kami (sendiri) sesat <sup foot_note=210902>2</sup>, kami menyatakan berlepas diri (dari mereka) kepada Engkau, mereka sekali-kali tidak menyembah kami\"."}]},{"id":3316,"verse_number":64,"verse_key":"28:64","juz_number":20,"hizb_number":40,"rub_el_hizb_number":157,"ruku_number":340,"manzil_number":5,"sajdah_number":null,"text_uthmani":"وَقِيلَ ٱدْعُوا۟ شُرَكَآءَكُمْ فَدَعَوْهُمْ فَلَمْ يَسْتَجِيبُوا۟ لَهُمْ وَرَأَوُا۟ ٱلْعَذَابَ ۚ لَوْ أَنَّهُمْ كَانُوا۟ يَهْتَدُونَ","page_number":393,"words":[{"id":56806,"position":1,"audio_url":"wbw/028_064_001.mp3","qpc_uthmani_hafs":"وَقِيلَ","char_type_name":"word","page_number":393,"line_number":7,"text":"ﮓ","translation":{"text":"And it will be said","language_name":"english","language_id":38},"transliteration":{"text":"waqīla","language_name":"english","language_id":38}},{"id":56807,"position":2,"audio_url":"wbw/028_064_002.mp3","qpc_uthmani_hafs":"ٱدۡعُواْ","char_type_name":"word","page_number":393,"line_number":7,"text":"ﮔ","translation":{"text":"Call","language_name":"english","language_id":38},"transliteration":{"text":"id'ʿū","language_name":"english","language_id":38}},{"id":56808,"position":3,"audio_url":"wbw/028_064_003.mp3","qpc_uthmani_hafs":"شُرَكَآءَكُمۡ","char_type_name":"word","page_number":393,"line_number":7,"text":"ﮕ","translation":{"text":"your partners","language_name":"english","language_id":38},"transliteration":{"text":"shurakāakum","language_name":"english","language_id":38}},{"id":56809,"position":4,"audio_url":"wbw/028_064_004.mp3","qpc_uthmani_hafs":"فَدَعَوۡهُمۡ","char_type_name":"word","page_number":393,"line_number":7,"text":"ﮖ","translation":{"text":"And they will call them","language_name":"english","language_id":38},"transliteration":{"text":"fadaʿawhum","language_name":"english","language_id":38}},{"id":56810,"position":5,"audio_url":"wbw/028_064_005.mp3","qpc_uthmani_hafs":"فَلَمۡ","char_type_name":"word","page_number":393,"line_number":7,"text":"ﮗ","translation":{"text":"but not","language_name":"english","language_id":38},"transliteration":{"text":"falam","language_name":"english","language_id":38}},{"id":56811,"position":6,"audio_url":"wbw/028_064_006.mp3","qpc_uthmani_hafs":"يَسۡتَجِيبُواْ","char_type_name":"word","page_number":393,"line_number":7,"text":"ﮘ","translation":{"text":"they will respond","language_name":"english","language_id":38},"transliteration":{"text":"yastajībū","language_name":"english","language_id":38}},{"id":56812,"position":7,"audio_url":"wbw/028_064_007.mp3","qpc_uthmani_hafs":"لَهُمۡ","char_type_name":"word","page_number":393,"line_number":8,"text":"ﮙ","translation":{"text":"to them","language_name":"english","language_id":38},"transliteration":{"text":"lahum","language_name":"english","language_id":38}},{"id":56813,"position":8,"audio_url":"wbw/028_064_008.mp3","qpc_uthmani_hafs":"وَرَأَوُاْ","char_type_name":"word","page_number":393,"line_number":8,"text":"ﮚ","translation":{"text":"and they will see","language_name":"english","language_id":38},"transliteration":{"text":"wara-awū","language_name":"english","language_id":38}},{"id":56814,"position":9,"audio_url":"wbw/028_064_009.mp3","qpc_uthmani_hafs":"ٱلۡعَذَابَۚ","char_type_name":"word","page_number":393,"line_number":8,"text":"ﮛﮜ","translation":{"text":"the punishment","language_name":"english","language_id":38},"transliteration":{"text":"l-ʿadhāba","language_name":"english","language_id":38}},{"id":56816,"position":10,"audio_url":"wbw/028_064_011.mp3","qpc_uthmani_hafs":"لَوۡ","char_type_name":"word","page_number":393,"line_number":8,"text":"ﮝ","translation":{"text":"If only","language_name":"english","language_id":38},"transliteration":{"text":"law","language_name":"english","language_id":38}},{"id":56817,"position":11,"audio_url":"wbw/028_064_012.mp3","qpc_uthmani_hafs":"أَنَّهُمۡ","char_type_name":"word","page_number":393,"line_number":8,"text":"ﮞ","translation":{"text":"[that] they","language_name":"english","language_id":38},"transliteration":{"text":"annahum","language_name":"english","language_id":38}},{"id":56818,"position":12,"audio_url":"wbw/028_064_013.mp3","qpc_uthmani_hafs":"كَانُواْ","char_type_name":"word","page_number":393,"line_number":8,"text":"ﮟ","translation":{"text":"had been","language_name":"english","language_id":38},"transliteration":{"text":"kānū","language_name":"english","language_id":38}},{"id":56819,"position":13,"audio_url":"wbw/028_064_014.mp3","qpc_uthmani_hafs":"يَهۡتَدُونَ","char_type_name":"word","page_number":393,"line_number":8,"text":"ﮠ","translation":{"text":"guided","language_name":"english","language_id":38},"transliteration":{"text":"yahtadūna","language_name":"english","language_id":38}},{"id":56820,"position":14,"audio_url":null,"qpc_uthmani_hafs":"٦٤","char_type_name":"end","page_number":393,"line_number":8,"text":"ﮡ","translation":{"text":"(64)","language_name":"english","language_id":38},"transliteration":{"text":null,"language_name":"english","language_id":38}}],"translations":[{"id":919745,"resource_id":134,"text":"Dikatakan (kepada mereka), \"Serulah olehmu sekutu-sekutu kamu\", lalu mereka menyerunya, maka sekutu-sekutu itu tidak memperkenankan (seruan) mereka dan mereka melihat azab.  (Mereka ketika itu berkeinginan) kiranya mereka dahulu menerima petunjuk."}]},{"id":3317,"verse_number":65,"verse_key":"28:65","juz_number":20,"hizb_number":40,"rub_el_hizb_number":157,"ruku_number":340,"manzil_number":5,"sajdah_number":null,"text_uthmani":"وَيَوْمَ يُنَادِيهِمْ فَيَقُولُ مَاذَآ أَجَبْتُمُ ٱلْمُرْسَلِينَ","page_number":393,"words":[{"id":57322,"position":1,"audio_url":"wbw/028_065_001.mp3","qpc_uthmani_hafs":"وَيَوۡمَ","char_type_name":"word","page_number":393,"line_number":8,"text":"ﮢ","translation":{"text":"And (the) Day","language_name":"english","language_id":38},"transliteration":{"text":"wayawma","language_name":"english","language_id":38}},{"id":57323,"position":2,"audio_url":"wbw/028_065_002.mp3","qpc_uthmani_hafs":"يُنَادِيهِمۡ","char_type_name":"word","page_number":393,"line_number":8,"text":"ﮣ","translation":{"text":"He will call them","language_name":"english","language_id":38},"transliteration":{"text":"yunādīhim","language_name":"english","language_id":38}},{"id":57324,"position":3,"audio_url":"wbw/028_065_003.mp3","qpc_uthmani_hafs":"فَيَقُولُ","char_type_name":"word","page_number":393,"line_number":9,"text":"ﮤ","translation":{"text":"and say","language_name":"english","language_id":38},"transliteration":{"text":"fayaqūlu","language_name":"english","language_id":38}},{"id":57325,"position":4,"audio_url":"wbw/028_065_004.mp3","qpc_uthmani_hafs":"مَاذَآ","char_type_name":"word","page_number":393,"line_number":9,"text":"ﮥ","translation":{"text":"What","language_name":"english","language_id":38},"transliteration":{"text":"mādhā","language_name":"english","language_id":38}},{"id":57326,"position":5,"audio_url":"wbw/028_065_005.mp3","qpc_uthmani_hafs":"أَجَبۡتُمُ","char_type_name":"word","page_number":393,"line_number":9,"text":"ﮦ","translation":{"text":"did you answer","language_name":"english","language_id":38},"transliteration":{"text":"ajabtumu","language_name":"english","language_id":38}},{"id":57327,"position":6,"audio_url":"wbw/028_065_006.mp3","qpc_uthmani_hafs":"ٱلۡمُرۡسَلِينَ","char_type_name":"word","page_number":393,"line_number":9,"text":"ﮧ","translation":{"text":"the Messengers","language_name":"english","language_id":38},"transliteration":{"text":"l-mur'salīna","language_name":"english","language_id":38}},{"id":57328,"position":7,"audio_url":null,"qpc_uthmani_hafs":"٦٥","char_type_name":"end","page_number":393,"line_number":9,"text":"ﮨ","translation":{"text":"(65)","language_name":"english","language_id":38},"transliteration":{"text":null,"language_name":"english","language_id":38}}],"translations":[{"id":919746,"resource_id":134,"text":"Dan (ingatlah) hari (pada waktu) Allah menyeru mereka, seraya berkata, \"Apakah jawabanmu kepada para rasul?\""}]},{"id":3318,"verse_number":66,"verse_key":"28:66","juz_number":20,"hizb_number":40,"rub_el_hizb_number":157,"ruku_number":340,"manzil_number":5,"sajdah_number":null,"text_uthmani":"فَعَمِيَتْ عَلَيْهِمُ ٱلْأَنۢبَآءُ يَوْمَئِذٍ فَهُمْ لَا يَتَسَآءَلُونَ","page_number":393,"words":[{"id":57838,"position":1,"audio_url":"wbw/028_066_001.mp3","qpc_uthmani_hafs":"فَعَمِيَتۡ","char_type_name":"word","page_number":393,"line_number":9,"text":"ﮩ","translation":{"text":"But (will) be obscure","language_name":"english","language_id":38},"transliteration":{"text":"faʿamiyat","language_name":"english","language_id":38}},{"id":57839,"position":2,"audio_url":"wbw/028_066_002.mp3","qpc_uthmani_hafs":"عَلَيۡهِمُ","char_type_name":"word","page_number":393,"line_number":9,"text":"ﮪ","translation":{"text":"to them","language_name":"english","language_id":38},"transliteration":{"text":"ʿalayhimu","language_name":"english","language_id":38}},{"id":57840,"position":3,"audio_url":"wbw/028_066_003.mp3","qpc_uthmani_hafs":"ٱلۡأَنۢبَآءُ","char_type_name":"word","page_number":393,"line_number":9,"text":"ﮫ","translation":{"text":"the information","language_name":"english","language_id":38},"transliteration":{"text":"l-anbāu","language_name":"english","language_id":38}},{"id":57841,"position":4,"audio_url":"wbw/028_066_004.mp3","qpc_uthmani_hafs":"يَوۡمَئِذٖ","char_type_name":"word","page_number":393,"line_number":10,"text":"ﮬ","translation":{"text":"that day","language_name":"english","language_id":38},"transliteration":{"text":"yawma-idhin","language_name":"english","language_id":38}},{"id":57842,"position":5,"audio_url":"wbw/028_066_005.mp3","qpc_uthmani_hafs":"فَهُمۡ","char_type_name":"word","page_number":393,"line_number":10,"text":"ﮭ","translation":{"text":"so they","language_name":"english","language_id":38},"transliteration":{"text":"fahum","language_name":"english","language_id":38}},{"id":57843,"position":6,"audio_url":"wbw/028_066_006.mp3","qpc_uthmani_hafs":"لَا","char_type_name":"word","page_number":393,"line_number":10,"text":"ﮮ","translation":{"text":"will not ask one another","language_name":"english","language_id":38},"transliteration":{"text":"lā","language_name":"english","language_id":38}},{"id":57844,"position":7,"audio_url":"wbw/028_066_007.mp3","qpc_uthmani_hafs":"يَتَسَآءَلُونَ","char_type_name":"word","page_number":393,"line_number":10,"text":"ﮯ","translation":{"text":"will not ask one another","language_name":"english","language_id":38},"transliteration":{"text":"yatasāalūna","language_name":"english","language_id":38}},{"id":57845,"position":8,"audio_url":null,"qpc_uthmani_hafs":"٦٦","char_type_name":"end","page_number":393,"line_number":10,"text":"ﮰ","translation":{"text":"(66)","language_name":"english","language_id":38},"transliteration":{"text":null,"language_name":"english","language_id":38}}],"translations":[{"id":919747,"resource_id":134,"text":"Maka gelaplah bagi mereka segala macam alasan pada hari itu karena itu mereka tidak saling tanya-menanya."}]},{"id":3319,"verse_number":67,"verse_key":"28:67","juz_number":20,"hizb_number":40,"rub_el_hizb_number":157,"ruku_number":340,"manzil_number":5,"sajdah_number":null,"text_uthmani":"فَأَمَّا مَن تَابَ وَءَامَنَ وَعَمِلَ صَـٰلِحًا فَعَسَىٰٓ أَن يَكُونَ مِنَ ٱلْمُفْلِحِينَ","page_number":393,"words":[{"id":58189,"position":1,"audio_url":"wbw/028_067_001.mp3","qpc_uthmani_hafs":"فَأَمَّا","char_type_name":"word","page_number":393,"line_number":10,"text":"ﮱ","translation":{"text":"But as for","language_name":"english","language_id":38},"transliteration":{"text":"fa-ammā","language_name":"english","language_id":38}},{"id":58190,"position":2,"audio_url":"wbw/028_067_002.mp3","qpc_uthmani_hafs":"مَن","char_type_name":"word","page_number":393,"line_number":10,"text":"ﯓ","translation":{"text":"(him) who","language_name":"english","language_id":38},"transliteration":{"text":"man","language_name":"english","language_id":38}},{"id":58191,"position":3,"audio_url":"wbw/028_067_003.mp3","qpc_uthmani_hafs":"تَابَ","char_type_name":"word","page_number":393,"line_number":10,"text":"ﯔ","translation":{"text":"repented","language_name":"english","language_id":38},"transliteration":{"text":"tāba","language_name":"english","language_id":38}},{"id":58192,"position":4,"audio_url":"wbw/028_067_004.mp3","qpc_uthmani_hafs":"وَءَامَنَ","char_type_name":"word","page_number":393,"line_number":10,"text":"ﯕ","translation":{"text":"and believed","language_name":"english","language_id":38},"transliteration":{"text":"waāmana","language_name":"english","language_id":38}},{"id":58193,"position":5,"audio_url":"wbw/028_067_005.mp3","qpc_uthmani_hafs":"وَعَمِلَ","char_type_name":"word","page_number":393,"line_number":10,"text":"ﯖ","translation":{"text":"and did","language_name":"english","language_id":38},"transliteration":{"text":"waʿamila","language_name":"english","language_id":38}},{"id":58194,"position":6,"audio_url":"wbw/028_067_006.mp3","qpc_uthmani_hafs":"صَٰلِحٗا","char_type_name":"word","page_number":393,"line_number":11,"text":"ﯗ","translation":{"text":"righteousness","language_name":"english","language_id":38},"transliteration":{"text":"ṣāliḥan","language_name":"english","language_id":38}},{"id":58195,"position":7,"audio_url":"wbw/028_067_007.mp3","qpc_uthmani_hafs":"فَعَسَىٰٓ","char_type_name":"word","page_number":393,"line_number":11,"text":"ﯘ","translation":{"text":"then perhaps","language_name":"english","language_id":38},"transliteration":{"text":"faʿasā","language_name":"english","language_id":38}},{"id":58196,"position":8,"audio_url":"wbw/028_067_008.mp3","qpc_uthmani_hafs":"أَن","char_type_name":"word","page_number":393,"line_number":11,"text":"ﯙ","translation":{"text":"[that]","language_name":"english","language_id":38},"transliteration":{"text":"an","language_name":"english","language_id":38}},{"id":58197,"position":9,"audio_url":"wbw/028_067_009.mp3","qpc_uthmani_hafs":"يَكُونَ","char_type_name":"word","page_number":393,"line_number":11,"text":"ﯚ","translation":{"text":"he will be","language_name":"english","language_id":38},"transliteration":{"text":"yakūna","language_name":"english","language_id":38}},{"id":58198,"position":10,"audio_url":"wbw/028_067_010.mp3","qpc_uthmani_hafs":"مِنَ","char_type_name":"word","page_number":393,"line_number":11,"text":"ﯛ","translation":{"text":"of","language_name":"english","language_id":38},"transliteration":{"text":"mina","language_name":"english","language_id":38}},{"id":58199,"position":11,"audio_url":"wbw/028_067_011.mp3","qpc_uthmani_hafs":"ٱلۡمُفۡلِحِينَ","char_type_name":"word","page_number":393,"line_number":11,"text":"ﯜ","translation":{"text":"the successful ones","language_name":"english","language_id":38},"transliteration":{"text":"l-muf'liḥīna","language_name":"english","language_id":38}},{"id":58200,"position":12,"audio_url":null,"qpc_uthmani_hafs":"٦٧","char_type_name":"end","page_number":393,"line_number":11,"text":"ﯝ","translation":{"text":"(67)","language_name":"english","language_id":38},"transliteration":{"text":null,"language_name":"english","language_id":38}}],"translations":[{"id":919748,"resource_id":134,"text":"Adapun orang yang bertobat dan beriman serta mengerjakan amal yang saleh, semoga dia termasuk orang-orang yang beruntung."}]},{"id":3320,"verse_number":68,"verse_key":"28:68","juz_number":20,"hizb_number":40,"rub_el_hizb_number":157,"ruku_number":340,"manzil_number":5,"sajdah_number":null,"text_uthmani":"وَرَبُّكَ يَخْلُقُ مَا يَشَآءُ وَيَخْتَارُ ۗ مَا كَانَ لَهُمُ ٱلْخِيَرَةُ ۚ سُبْحَـٰنَ ٱللَّهِ وَتَعَـٰلَىٰ عَمَّا يُشْرِكُونَ","page_number":393,"words":[{"id":58727,"position":1,"audio_url":"wbw/028_068_001.mp3","qpc_uthmani_hafs":"وَرَبُّكَ","char_type_name":"word","page_number":393,"line_number":11,"text":"ﯞ","translation":{"text":"And your Lord","language_name":"english","language_id":38},"transliteration":{"text":"warabbuka","language_name":"english","language_id":38}},{"id":58728,"position":2,"audio_url":"wbw/028_068_002.mp3","qpc_uthmani_hafs":"يَخۡلُقُ","char_type_name":"word","page_number":393,"line_number":12,"text":"ﯟ","translation":{"text":"creates","language_name":"english","language_id":38},"transliteration":{"text":"yakhluqu","language_name":"english","language_id":38}},{"id":58729,"position":3,"audio_url":"wbw/028_068_003.mp3","qpc_uthmani_hafs":"مَا","char_type_name":"word","page_number":393,"line_number":12,"text":"ﯠ","translation":{"text":"what","language_name":"english","language_id":38},"transliteration":{"text":"mā","language_name":"english","language_id":38}},{"id":58730,"position":4,"audio_url":"wbw/028_068_004.mp3","qpc_uthmani_hafs":"يَشَآءُ","char_type_name":"word","page_number":393,"line_number":12,"text":"ﯡ","translation":{"text":"He wills","language_name":"english","language_id":38},"transliteration":{"text":"yashāu","language_name":"english","language_id":38}},{"id":58731,"position":5,"audio_url":"wbw/028_068_005.mp3","qpc_uthmani_hafs":"وَيَخۡتَارُۗ","char_type_name":"word","page_number":393,"line_number":12,"text":"ﯢﯣ","translation":{"text":"and chooses","language_name":"english","language_id":38},"transliteration":{"text":"wayakhtāru","language_name":"english","language_id":38}},{"id":58733,"position":6,"audio_url":"wbw/028_068_007.mp3","qpc_uthmani_hafs":"مَا","char_type_name":"word","page_number":393,"line_number":12,"text":"ﯤ","translation":{"text":"Not","language_name":"english","language_id":38},"transliteration":{"text":"mā","language_name":"english","language_id":38}},{"id":58734,"position":7,"audio_url":"wbw/028_068_008.mp3","qpc_uthmani_hafs":"كَانَ","char_type_name":"word","page_number":393,"line_number":12,"text":"ﯥ","translation":{"text":"they have","language_name":"english","language_id":38},"transliteration":{"text":"kāna","language_name":"english","language_id":38}},{"id":58735,"position":8,"audio_url":"wbw/028_068_009.mp3","qpc_uthmani_hafs":"لَهُمُ","char_type_name":"word","page_number":393,"line_number":12,"text":"ﯦ","translation":{"text":"for them","language_name":"english","language_id":38},"transliteration":{"text":"lahumu","language_name":"english","language_id":38}},{"id":58736,"position":9,"audio_url":"wbw/028_068_010.mp3","qpc_uthmani_hafs":"ٱلۡخِيَرَةُۚ","char_type_name":"word","page_number":393,"line_number":12,"text":"ﯧﯨ","translation":{"text":"the choice","language_name":"english","language_id":38},"transliteration":{"text":"l-khiyaratu","language_name":"english","language_id":38}},{"id":58738,"position":10,"audio_url":"wbw/028_068_012.mp3","qpc_uthmani_hafs":"سُبۡحَٰنَ","char_type_name":"word","page_number":393,"line_number":12,"text":"ﯩ","translation":{"text":"Glory be","language_name":"english","language_id":38},"transliteration":{"text":"sub'ḥāna","language_name":"english","language_id":38}},{"id":58739,"position":11,"audio_url":"wbw/028_068_013.mp3","qpc_uthmani_hafs":"ٱللَّهِ","char_type_name":"word","page_number":393,"line_number":13,"text":"ﯪ","translation":{"text":"(to) Allah","language_name":"english","language_id":38},"transliteration":{"text":"l-lahi","language_name":"english","language_id":38}},{"id":58740,"position":12,"audio_url":"wbw/028_068_014.mp3","qpc_uthmani_hafs":"وَتَعَٰلَىٰ","char_type_name":"word","page_number":393,"line_number":13,"text":"ﯫ","translation":{"text":"and High is He","language_name":"english","language_id":38},"transliteration":{"text":"wataʿālā","language_name":"english","language_id":38}},{"id":58741,"position":13,"audio_url":"wbw/028_068_015.mp3","qpc_uthmani_hafs":"عَمَّا","char_type_name":"word","page_number":393,"line_number":13,"text":"ﯬ","translation":{"text":"above what","language_name":"english","language_id":38},"transliteration":{"text":"ʿammā","language_name":"english","language_id":38}},{"id":58742,"position":14,"audio_url":"wbw/028_068_016.mp3","qpc_uthmani_hafs":"يُشۡرِكُونَ","char_type_name":"word","page_number":393,"line_number":13,"text":"ﯭ","translation":{"text":"they associate (with Him)","language_name":"english","language_id":38},"transliteration":{"text":"yush'rikūna","language_name":"english","language_id":38}},{"id":58743,"position":15,"audio_url":null,"qpc_uthmani_hafs":"٦٨","char_type_name":"end","page_number":393,"line_number":13,"text":"ﯮ","translation":{"text":"(68)","language_name":"english","language_id":38},"transliteration":{"text":null,"language_name":"english","language_id":38}}],"translations":[{"id":919749,"resource_id":134,"text":"Dan Tuhan-mu menciptakan apa yang Dia kehendaki dan memilihnya.  Sekali-kali, tidak ada pilihan bagi mereka <sup foot_note=210903>1</sup>. Maha Suci Allah dan Maha Tinggi dari apa yang mereka persekutukan (dengan Dia)."}]},{"id":3321,"verse_number":69,"verse_key":"28:69","juz_number":20,"hizb_number":40,"rub_el_hizb_number":157,"ruku_number":340,"manzil_number":5,"sajdah_number":null,"text_uthmani":"وَرَبُّكَ يَعْلَمُ مَا تُكِنُّ صُدُورُهُمْ وَمَا يُعْلِنُونَ","page_number":393,"words":[{"id":59111,"position":1,"audio_url":"wbw/028_069_001.mp3","qpc_uthmani_hafs":"وَرَبُّكَ","char_type_name":"word","page_number":393,"line_number":13,"text":"ﯯ","translation":{"text":"And your Lord","language_name":"english","language_id":38},"transliteration":{"text":"warabbuka","language_name":"english","language_id":38}},{"id":59112,"position":2,"audio_url":"wbw/028_069_002.mp3","qpc_uthmani_hafs":"يَعۡلَمُ","char_type_name":"word","page_number":393,"line_number":13,"text":"ﯰ","translation":{"text":"knows","language_name":"english","language_id":38},"transliteration":{"text":"yaʿlamu","language_name":"english","language_id":38}},{"id":59113,"position":3,"audio_url":"wbw/028_069_003.mp3","qpc_uthmani_hafs":"مَا","char_type_name":"word","page_number":393,"line_number":13,"text":"ﯱ","translation":{"text":"what","language_name":"english","language_id":38},"transliteration":{"text":"mā","language_name":"english","language_id":38}},{"id":59114,"position":4,"audio_url":"wbw/028_069_004.mp3","qpc_uthmani_hafs":"تُكِنُّ","char_type_name":"word","page_number":393,"line_number":13,"text":"ﯲ","translation":{"text":"conceals","language_name":"english","language_id":38},"transliteration":{"text":"tukinnu","language_name":"english","language_id":38}},{"id":59115,"position":5,"audio_url":"wbw/028_069_005.mp3","qpc_uthmani_hafs":"صُدُورُهُمۡ","char_type_name":"word","page_number":393,"line_number":14,"text":"ﯳ","translation":{"text":"their breasts","language_name":"english","language_id":38},"transliteration":{"text":"ṣudūruhum","language_name":"english","language_id":38}},{"id":59116,"position":6,"audio_url":"wbw/028_069_006.mp3","qpc_uthmani_hafs":"وَمَا","char_type_name":"word","page_number":393,"line_number":14,"text":"ﯴ","translation":{"text":"and what","language_name":"english","language_id":38},"transliteration":{"text":"wamā","language_name":"english","language_id":38}},{"id":59117,"position":7,"audio_url":"wbw/028_069_007.mp3","qpc_uthmani_hafs":"يُعۡلِنُونَ","char_type_name":"word","page_number":393,"line_number":14,"text":"ﯵ","translation":{"text":"they declare","language_name":"english","language_id":38},"transliteration":{"text":"yuʿ'linūna","language_name":"english","language_id":38}},{"id":59118,"position":8,"audio_url":null,"qpc_uthmani_hafs":"٦٩","char_type_name":"end","page_number":393,"line_number":14,"text":"ﯶ","translation":{"text":"(69)","language_name":"english","language_id":38},"transliteration":{"text":null,"language_name":"english","language_id":38}}],"translations":[{"id":919750,"resource_id":134,"text":"Dan Tuhan-mu mengetahui apa yang disembunyikan (dalam) dada mereka dan apa yang mereka nyatakan."}]},{"id":3322,"verse_number":70,"verse_key":"28:70","juz_number":20,"hizb_number":40,"rub_el_hizb_number":157,"ruku_number":340,"manzil_number":5,"sajdah_number":null,"text_uthmani":"وَهُوَ ٱللَّهُ لَآ إِلَـٰهَ إِلَّا هُوَ ۖ لَهُ ٱلْحَمْدُ فِى ٱلْأُولَىٰ وَٱلْـَٔاخِرَةِ ۖ وَلَهُ ٱلْحُكْمُ وَإِلَيْهِ تُرْجَعُونَ","page_number":393,"words":[{"id":59665,"position":1,"audio_url":"wbw/028_070_001.mp3","qpc_uthmani_hafs":"وَهُوَ","char_type_name":"word","page_number":393,"line_number":14,"text":"ﯷ","translation":{"text":"And He","language_name":"english","language_id":38},"transliteration":{"text":"wahuwa","language_name":"english","language_id":38}},{"id":59666,"position":2,"audio_url":"wbw/028_070_002.mp3","qpc_uthmani_hafs":"ٱللَّهُ","char_type_name":"word","page_number":393,"line_number":14,"text":"ﯸ","translation":{"text":"(is) Allah","language_name":"english","language_id":38},"transliteration":{"text":"l-lahu","language_name":"english","language_id":38}},{"id":59667,"position":3,"audio_url":"wbw/028_070_003.mp3","qpc_uthmani_hafs":"لَآ","char_type_name":"word","page_number":393,"line_number":14,"text":"ﯹ","translation":{"text":"(there is) no","language_name":"english","language_id":38},"transliteration":{"text":"lā","language_name":"english","language_id":38}},{"id":59668,"position":4,"audio_url":"wbw/028_070_004.mp3","qpc_uthmani_hafs":"إِلَٰهَ","char_type_name":"word","page_number":393,"line_number":14,"text":"ﯺ","translation":{"text":"god","language_name":"english","language_id":38},"transliteration":{"text":"ilāha","language_name":"english","language_id":38}},{"id":59669,"position":5,"audio_url":"wbw/028_070_005.mp3","qpc_uthmani_hafs":"إِلَّا","char_type_name":"word","page_number":393,"line_number":14,"text":"ﯻ","translation":{"text":"but","language_name":"english","language_id":38},"transliteration":{"text":"illā","language_name":"english","language_id":38}},{"id":59670,"position":6,"audio_url":"wbw/028_070_006.mp3","qpc_uthmani_hafs":"هُوَۖ","char_type_name":"word","page_number":393,"line_number":14,"text":"ﯼﯽ","translation":{"text":"He","language_name":"english","language_id":38},"transliteration":{"text":"huwa","language_name":"english","language_id":38}},{"id":59672,"position":7,"audio_url":"wbw/028_070_008.mp3","qpc_uthmani_hafs":"لَهُ","char_type_name":"word","page_number":393,"line_number":14,"text":"ﯾ","translation":{"text":"To Him","language_name":"english","language_id":38},"transliteration":{"text":"lahu","language_name":"english","language_id":38}},{"id":59673,"position":8,"audio_url":"wbw/028_070_009.mp3","qpc_uthmani_hafs":"ٱلۡحَمۡدُ","char_type_name":"word","page_number":393,"line_number":15,"text":"ﯿ","translation":{"text":"(are due) all praises","language_name":"english","language_id":38},"transliteration":{"text":"l-ḥamdu","language_name":"english","language_id":38}},{"id":59674,"position":9,"audio_url":"wbw/028_070_010.mp3","qpc_uthmani_hafs":"فِي","char_type_name":"word","page_number":393,"line_number":15,"text":"ﰀ","translation":{"text":"in","language_name":"english","language_id":38},"transliteration":{"text":"fī","language_name":"english","language_id":38}},{"id":59675,"position":10,"audio_url":"wbw/028_070_011.mp3","qpc_uthmani_hafs":"ٱلۡأُولَىٰ","char_type_name":"word","page_number":393,"line_number":15,"text":"ﰁ","translation":{"text":"the first","language_name":"english","language_id":38},"transliteration":{"text":"l-ūlā","language_name":"english","language_id":38}},{"id":59676,"position":11,"audio_url":"wbw/028_070_012.mp3","qpc_uthmani_hafs":"وَٱلۡأٓخِرَةِۖ","char_type_name":"word","page_number":393,"line_number":15,"text":"ﰂﰃ","translation":{"text":"and the last","language_name":"english","language_id":38},"transliteration":{"text":"wal-ākhirati","language_name":"english","language_id":38}},{"id":59678,"position":12,"audio_url":"wbw/028_070_014.mp3","qpc_uthmani_hafs":"وَلَهُ","char_type_name":"word","page_number":393,"line_number":15,"text":"ﰄ","translation":{"text":"And for Him","language_name":"english","language_id":38},"transliteration":{"text":"walahu","language_name":"english","language_id":38}},{"id":59679,"position":13,"audio_url":"wbw/028_070_015.mp3","qpc_uthmani_hafs":"ٱلۡحُكۡمُ","char_type_name":"word","page_number":393,"line_number":15,"text":"ﰅ","translation":{"text":"(is) the Decision","language_name":"english","language_id":38},"transliteration":{"text":"l-ḥuk'mu","language_name":"english","language_id":38}},{"id":59680,"position":14,"audio_url":"wbw/028_070_016.mp3","qpc_uthmani_hafs":"وَإِلَيۡهِ","char_type_name":"word","page_number":393,"line_number":15,"text":"ﰆ","translation":{"text":"and to Him","language_name":"english","language_id":38},"transliteration":{"text":"wa-ilayhi","language_name":"english","language_id":38}},{"id":59681,"position":15,"audio_url":"wbw/028_070_017.mp3","qpc_uthmani_hafs":"تُرۡجَعُونَ","char_type_name":"word","page_number":393,"line_number":15,"text":"ﰇ","translation":{"text":"you will be returned","language_name":"english","language_id":38},"transliteration":{"text":"tur'jaʿūna","language_name":"english","language_id":38}},{"id":59682,"position":16,"audio_url":null,"qpc_uthmani_hafs":"٧٠","char_type_name":"end","page_number":393,"line_number":15,"text":"ﰈ","translation":{"text":"(70)","language_name":"english","language_id":38},"transliteration":{"text":null,"language_name":"english","language_id":38}}],"translations":[{"id":919751,"resource_id":134,"text":"Dan Dia-lah Allah, tidak ada Tuhan (yang berhak disembah), melainkan Dia, bagi-Nya-lah segala puji di dunia dan di akhirat dan bagi-Nya-lah segala penentuan, dan hanya kepada-Nya-lah kamu dikembalikan <sup foot_note=210904>1</sup>."}]}],"pagination":{"per_page":50,"current_page":1,"next_page":null,"total_pages":1,"total_records":11}}