{"verses":[{"id":3337,"verse_number":85,"verse_key":"28:85","juz_number":20,"hizb_number":40,"rub_el_hizb_number":158,"ruku_number":342,"manzil_number":5,"sajdah_number":null,"text_uthmani":"إِنَّ ٱلَّذِى فَرَضَ عَلَيْكَ ٱلْقُرْءَانَ لَرَآدُّكَ إِلَىٰ مَعَادٍ ۚ قُل رَّبِّىٓ أَعْلَمُ مَن جَآءَ بِٱلْهُدَىٰ وَمَنْ هُوَ فِى ضَلَـٰلٍ مُّبِينٍ","page_number":396,"words":[{"id":66249,"position":1,"audio_url":"wbw/028_085_001.mp3","qpc_uthmani_hafs":"إِنَّ","char_type_name":"word","page_number":396,"line_number":1,"text":"ﭑ","translation":{"text":"Indeed","language_name":"english","language_id":38},"transliteration":{"text":"inna","language_name":"english","language_id":38}},{"id":66250,"position":2,"audio_url":"wbw/028_085_002.mp3","qpc_uthmani_hafs":"ٱلَّذِي","char_type_name":"word","page_number":396,"line_number":1,"text":"ﭒ","translation":{"text":"He Who","language_name":"english","language_id":38},"transliteration":{"text":"alladhī","language_name":"english","language_id":38}},{"id":66251,"position":3,"audio_url":"wbw/028_085_003.mp3","qpc_uthmani_hafs":"فَرَضَ","char_type_name":"word","page_number":396,"line_number":1,"text":"ﭓ","translation":{"text":"ordained","language_name":"english","language_id":38},"transliteration":{"text":"faraḍa","language_name":"english","language_id":38}},{"id":66252,"position":4,"audio_url":"wbw/028_085_004.mp3","qpc_uthmani_hafs":"عَلَيۡكَ","char_type_name":"word","page_number":396,"line_number":1,"text":"ﭔ","translation":{"text":"upon you","language_name":"english","language_id":38},"transliteration":{"text":"ʿalayka","language_name":"english","language_id":38}},{"id":66253,"position":5,"audio_url":"wbw/028_085_005.mp3","qpc_uthmani_hafs":"ٱلۡقُرۡءَانَ","char_type_name":"word","page_number":396,"line_number":1,"text":"ﭕ","translation":{"text":"the Quran","language_name":"english","language_id":38},"transliteration":{"text":"l-qur'āna","language_name":"english","language_id":38}},{"id":66254,"position":6,"audio_url":"wbw/028_085_006.mp3","qpc_uthmani_hafs":"لَرَآدُّكَ","char_type_name":"word","page_number":396,"line_number":1,"text":"ﭖ","translation":{"text":"(will) surely take you back","language_name":"english","language_id":38},"transliteration":{"text":"larādduka","language_name":"english","language_id":38}},{"id":66255,"position":7,"audio_url":"wbw/028_085_007.mp3","qpc_uthmani_hafs":"إِلَىٰ","char_type_name":"word","page_number":396,"line_number":1,"text":"ﭗ","translation":{"text":"to","language_name":"english","language_id":38},"transliteration":{"text":"ilā","language_name":"english","language_id":38}},{"id":66256,"position":8,"audio_url":"wbw/028_085_008.mp3","qpc_uthmani_hafs":"مَعَادٖۚ","char_type_name":"word","page_number":396,"line_number":1,"text":"ﭘﭙ","translation":{"text":"a place of return","language_name":"english","language_id":38},"transliteration":{"text":"maʿādin","language_name":"english","language_id":38}},{"id":66258,"position":9,"audio_url":"wbw/028_085_010.mp3","qpc_uthmani_hafs":"قُل","char_type_name":"word","page_number":396,"line_number":1,"text":"ﭚ","translation":{"text":"Say","language_name":"english","language_id":38},"transliteration":{"text":"qul","language_name":"english","language_id":38}},{"id":66259,"position":10,"audio_url":"wbw/028_085_011.mp3","qpc_uthmani_hafs":"رَّبِّيٓ","char_type_name":"word","page_number":396,"line_number":1,"text":"ﭛ","translation":{"text":"My Lord","language_name":"english","language_id":38},"transliteration":{"text":"rabbī","language_name":"english","language_id":38}},{"id":66260,"position":11,"audio_url":"wbw/028_085_012.mp3","qpc_uthmani_hafs":"أَعۡلَمُ","char_type_name":"word","page_number":396,"line_number":2,"text":"ﭜ","translation":{"text":"(is) most knowing","language_name":"english","language_id":38},"transliteration":{"text":"aʿlamu","language_name":"english","language_id":38}},{"id":66261,"position":12,"audio_url":"wbw/028_085_013.mp3","qpc_uthmani_hafs":"مَن","char_type_name":"word","page_number":396,"line_number":2,"text":"ﭝ","translation":{"text":"(of him) who","language_name":"english","language_id":38},"transliteration":{"text":"man","language_name":"english","language_id":38}},{"id":66262,"position":13,"audio_url":"wbw/028_085_014.mp3","qpc_uthmani_hafs":"جَآءَ","char_type_name":"word","page_number":396,"line_number":2,"text":"ﭞ","translation":{"text":"comes","language_name":"english","language_id":38},"transliteration":{"text":"jāa","language_name":"english","language_id":38}},{"id":66263,"position":14,"audio_url":"wbw/028_085_015.mp3","qpc_uthmani_hafs":"بِٱلۡهُدَىٰ","char_type_name":"word","page_number":396,"line_number":2,"text":"ﭟ","translation":{"text":"with the guidance","language_name":"english","language_id":38},"transliteration":{"text":"bil-hudā","language_name":"english","language_id":38}},{"id":66264,"position":15,"audio_url":"wbw/028_085_016.mp3","qpc_uthmani_hafs":"وَمَنۡ","char_type_name":"word","page_number":396,"line_number":2,"text":"ﭠ","translation":{"text":"and who ","language_name":"english","language_id":38},"transliteration":{"text":"waman","language_name":"english","language_id":38}},{"id":66265,"position":16,"audio_url":"wbw/028_085_017.mp3","qpc_uthmani_hafs":"هُوَ","char_type_name":"word","page_number":396,"line_number":2,"text":"ﭡ","translation":{"text":"he","language_name":"english","language_id":38},"transliteration":{"text":"huwa","language_name":"english","language_id":38}},{"id":66266,"position":17,"audio_url":"wbw/028_085_018.mp3","qpc_uthmani_hafs":"فِي","char_type_name":"word","page_number":396,"line_number":2,"text":"ﭢ","translation":{"text":"(is) in","language_name":"english","language_id":38},"transliteration":{"text":"fī","language_name":"english","language_id":38}},{"id":66267,"position":18,"audio_url":"wbw/028_085_019.mp3","qpc_uthmani_hafs":"ضَلَٰلٖ","char_type_name":"word","page_number":396,"line_number":2,"text":"ﭣ","translation":{"text":"an error","language_name":"english","language_id":38},"transliteration":{"text":"ḍalālin","language_name":"english","language_id":38}},{"id":66268,"position":19,"audio_url":"wbw/028_085_020.mp3","qpc_uthmani_hafs":"مُّبِينٖ","char_type_name":"word","page_number":396,"line_number":2,"text":"ﭤ","translation":{"text":"manifest","language_name":"english","language_id":38},"transliteration":{"text":"mubīnin","language_name":"english","language_id":38}},{"id":66269,"position":20,"audio_url":null,"qpc_uthmani_hafs":"٨٥","char_type_name":"end","page_number":396,"line_number":2,"text":"ﭥ","translation":{"text":"(85)","language_name":"english","language_id":38},"transliteration":{"text":null,"language_name":"english","language_id":38}}],"translations":[{"id":919766,"resource_id":134,"text":"Sesungguhnya yang mewajibkan atasmu (melaksanakan hukum-hukum) Al-Qur`ān benar-benar akan mengembalikan kamu ke tempat kembali <sup foot_note=210911>1</sup>.  Katakanlah, \"Tuhan-ku mengetahui orang yang membawa petunjuk dan orang yang dalam kesesatan yang nyata\"."}]},{"id":3338,"verse_number":86,"verse_key":"28:86","juz_number":20,"hizb_number":40,"rub_el_hizb_number":158,"ruku_number":342,"manzil_number":5,"sajdah_number":null,"text_uthmani":"وَمَا كُنتَ تَرْجُوٓا۟ أَن يُلْقَىٰٓ إِلَيْكَ ٱلْكِتَـٰبُ إِلَّا رَحْمَةً مِّن رَّبِّكَ ۖ فَلَا تَكُونَنَّ ظَهِيرًا لِّلْكَـٰفِرِينَ","page_number":396,"words":[{"id":66499,"position":1,"audio_url":"wbw/028_086_001.mp3","qpc_uthmani_hafs":"وَمَا","char_type_name":"word","page_number":396,"line_number":2,"text":"ﭦ","translation":{"text":"And not","language_name":"english","language_id":38},"transliteration":{"text":"wamā","language_name":"english","language_id":38}},{"id":66500,"position":2,"audio_url":"wbw/028_086_002.mp3","qpc_uthmani_hafs":"كُنتَ","char_type_name":"word","page_number":396,"line_number":2,"text":"ﭧ","translation":{"text":"you were","language_name":"english","language_id":38},"transliteration":{"text":"kunta","language_name":"english","language_id":38}},{"id":66501,"position":3,"audio_url":"wbw/028_086_003.mp3","qpc_uthmani_hafs":"تَرۡجُوٓاْ","char_type_name":"word","page_number":396,"line_number":3,"text":"ﭨ","translation":{"text":"expecting","language_name":"english","language_id":38},"transliteration":{"text":"tarjū","language_name":"english","language_id":38}},{"id":66502,"position":4,"audio_url":"wbw/028_086_004.mp3","qpc_uthmani_hafs":"أَن","char_type_name":"word","page_number":396,"line_number":3,"text":"ﭩ","translation":{"text":"that","language_name":"english","language_id":38},"transliteration":{"text":"an","language_name":"english","language_id":38}},{"id":66503,"position":5,"audio_url":"wbw/028_086_005.mp3","qpc_uthmani_hafs":"يُلۡقَىٰٓ","char_type_name":"word","page_number":396,"line_number":3,"text":"ﭪ","translation":{"text":"would be sent down","language_name":"english","language_id":38},"transliteration":{"text":"yul'qā","language_name":"english","language_id":38}},{"id":66504,"position":6,"audio_url":"wbw/028_086_006.mp3","qpc_uthmani_hafs":"إِلَيۡكَ","char_type_name":"word","page_number":396,"line_number":3,"text":"ﭫ","translation":{"text":"to you","language_name":"english","language_id":38},"transliteration":{"text":"ilayka","language_name":"english","language_id":38}},{"id":66505,"position":7,"audio_url":"wbw/028_086_007.mp3","qpc_uthmani_hafs":"ٱلۡكِتَٰبُ","char_type_name":"word","page_number":396,"line_number":3,"text":"ﭬ","translation":{"text":"the Book","language_name":"english","language_id":38},"transliteration":{"text":"l-kitābu","language_name":"english","language_id":38}},{"id":66506,"position":8,"audio_url":"wbw/028_086_008.mp3","qpc_uthmani_hafs":"إِلَّا","char_type_name":"word","page_number":396,"line_number":3,"text":"ﭭ","translation":{"text":"except","language_name":"english","language_id":38},"transliteration":{"text":"illā","language_name":"english","language_id":38}},{"id":66507,"position":9,"audio_url":"wbw/028_086_009.mp3","qpc_uthmani_hafs":"رَحۡمَةٗ","char_type_name":"word","page_number":396,"line_number":3,"text":"ﭮ","translation":{"text":"(as) a mercy","language_name":"english","language_id":38},"transliteration":{"text":"raḥmatan","language_name":"english","language_id":38}},{"id":66508,"position":10,"audio_url":"wbw/028_086_010.mp3","qpc_uthmani_hafs":"مِّن","char_type_name":"word","page_number":396,"line_number":3,"text":"ﭯ","translation":{"text":"from","language_name":"english","language_id":38},"transliteration":{"text":"min","language_name":"english","language_id":38}},{"id":66509,"position":11,"audio_url":"wbw/028_086_011.mp3","qpc_uthmani_hafs":"رَّبِّكَۖ","char_type_name":"word","page_number":396,"line_number":3,"text":"ﭰﭱ","translation":{"text":"your Lord","language_name":"english","language_id":38},"transliteration":{"text":"rabbika","language_name":"english","language_id":38}},{"id":66511,"position":12,"audio_url":"wbw/028_086_013.mp3","qpc_uthmani_hafs":"فَلَا","char_type_name":"word","page_number":396,"line_number":4,"text":"ﭲ","translation":{"text":"So (do) not","language_name":"english","language_id":38},"transliteration":{"text":"falā","language_name":"english","language_id":38}},{"id":66512,"position":13,"audio_url":"wbw/028_086_014.mp3","qpc_uthmani_hafs":"تَكُونَنَّ","char_type_name":"word","page_number":396,"line_number":4,"text":"ﭳ","translation":{"text":"be","language_name":"english","language_id":38},"transliteration":{"text":"takūnanna","language_name":"english","language_id":38}},{"id":66513,"position":14,"audio_url":"wbw/028_086_015.mp3","qpc_uthmani_hafs":"ظَهِيرٗا","char_type_name":"word","page_number":396,"line_number":4,"text":"ﭴ","translation":{"text":"an assistant","language_name":"english","language_id":38},"transliteration":{"text":"ẓahīran","language_name":"english","language_id":38}},{"id":66514,"position":15,"audio_url":"wbw/028_086_016.mp3","qpc_uthmani_hafs":"لِّلۡكَٰفِرِينَ","char_type_name":"word","page_number":396,"line_number":4,"text":"ﭵ","translation":{"text":"to the disbelievers","language_name":"english","language_id":38},"transliteration":{"text":"lil'kāfirīna","language_name":"english","language_id":38}},{"id":66515,"position":16,"audio_url":null,"qpc_uthmani_hafs":"٨٦","char_type_name":"end","page_number":396,"line_number":4,"text":"ﭶ","translation":{"text":"(86)","language_name":"english","language_id":38},"transliteration":{"text":null,"language_name":"english","language_id":38}}],"translations":[{"id":919767,"resource_id":134,"text":"Dan kamu tidak pernah mengharap agar Al-Qur`ān diturunkan kepadamu, tetapi ia (diturunkan) karena suatu rahmat yang besar dari Tuhan-mu <sup foot_note=210912>1</sup> sebab itu janganlah sekali-kali kamu menjadi penolong bagi orang-orang kafir."}]},{"id":3339,"verse_number":87,"verse_key":"28:87","juz_number":20,"hizb_number":40,"rub_el_hizb_number":158,"ruku_number":342,"manzil_number":5,"sajdah_number":null,"text_uthmani":"وَلَا يَصُدُّنَّكَ عَنْ ءَايَـٰتِ ٱللَّهِ بَعْدَ إِذْ أُنزِلَتْ إِلَيْكَ ۖ وَٱدْعُ إِلَىٰ رَبِّكَ ۖ وَلَا تَكُونَنَّ مِنَ ٱلْمُشْرِكِينَ","page_number":396,"words":[{"id":66960,"position":1,"audio_url":"wbw/028_087_001.mp3","qpc_uthmani_hafs":"وَلَا","char_type_name":"word","page_number":396,"line_number":4,"text":"ﭷ","translation":{"text":"And (let) not","language_name":"english","language_id":38},"transliteration":{"text":"walā","language_name":"english","language_id":38}},{"id":66961,"position":2,"audio_url":"wbw/028_087_002.mp3","qpc_uthmani_hafs":"يَصُدُّنَّكَ","char_type_name":"word","page_number":396,"line_number":4,"text":"ﭸ","translation":{"text":"avert you","language_name":"english","language_id":38},"transliteration":{"text":"yaṣuddunnaka","language_name":"english","language_id":38}},{"id":66962,"position":3,"audio_url":"wbw/028_087_003.mp3","qpc_uthmani_hafs":"عَنۡ","char_type_name":"word","page_number":396,"line_number":4,"text":"ﭹ","translation":{"text":"from","language_name":"english","language_id":38},"transliteration":{"text":"ʿan","language_name":"english","language_id":38}},{"id":66963,"position":4,"audio_url":"wbw/028_087_004.mp3","qpc_uthmani_hafs":"ءَايَٰتِ","char_type_name":"word","page_number":396,"line_number":4,"text":"ﭺ","translation":{"text":"(the) Verses","language_name":"english","language_id":38},"transliteration":{"text":"āyāti","language_name":"english","language_id":38}},{"id":66964,"position":5,"audio_url":"wbw/028_087_005.mp3","qpc_uthmani_hafs":"ٱللَّهِ","char_type_name":"word","page_number":396,"line_number":5,"text":"ﭻ","translation":{"text":"(of) Allah","language_name":"english","language_id":38},"transliteration":{"text":"l-lahi","language_name":"english","language_id":38}},{"id":66965,"position":6,"audio_url":"wbw/028_087_006.mp3","qpc_uthmani_hafs":"بَعۡدَ","char_type_name":"word","page_number":396,"line_number":5,"text":"ﭼ","translation":{"text":"after","language_name":"english","language_id":38},"transliteration":{"text":"baʿda","language_name":"english","language_id":38}},{"id":66966,"position":7,"audio_url":"wbw/028_087_007.mp3","qpc_uthmani_hafs":"إِذۡ","char_type_name":"word","page_number":396,"line_number":5,"text":"ﭽ","translation":{"text":"[when]","language_name":"english","language_id":38},"transliteration":{"text":"idh","language_name":"english","language_id":38}},{"id":66967,"position":8,"audio_url":"wbw/028_087_008.mp3","qpc_uthmani_hafs":"أُنزِلَتۡ","char_type_name":"word","page_number":396,"line_number":5,"text":"ﭾ","translation":{"text":"they have been revealed","language_name":"english","language_id":38},"transliteration":{"text":"unzilat","language_name":"english","language_id":38}},{"id":66968,"position":9,"audio_url":"wbw/028_087_009.mp3","qpc_uthmani_hafs":"إِلَيۡكَۖ","char_type_name":"word","page_number":396,"line_number":5,"text":"ﭿﮀ","translation":{"text":"to you","language_name":"english","language_id":38},"transliteration":{"text":"ilayka","language_name":"english","language_id":38}},{"id":66970,"position":10,"audio_url":"wbw/028_087_011.mp3","qpc_uthmani_hafs":"وَٱدۡعُ","char_type_name":"word","page_number":396,"line_number":5,"text":"ﮁ","translation":{"text":"And invite (people)","language_name":"english","language_id":38},"transliteration":{"text":"wa-ud'ʿu","language_name":"english","language_id":38}},{"id":66971,"position":11,"audio_url":"wbw/028_087_012.mp3","qpc_uthmani_hafs":"إِلَىٰ","char_type_name":"word","page_number":396,"line_number":5,"text":"ﮂ","translation":{"text":"to","language_name":"english","language_id":38},"transliteration":{"text":"ilā","language_name":"english","language_id":38}},{"id":66972,"position":12,"audio_url":"wbw/028_087_013.mp3","qpc_uthmani_hafs":"رَبِّكَۖ","char_type_name":"word","page_number":396,"line_number":5,"text":"ﮃﮄ","translation":{"text":"your Lord","language_name":"english","language_id":38},"transliteration":{"text":"rabbika","language_name":"english","language_id":38}},{"id":66974,"position":13,"audio_url":"wbw/028_087_015.mp3","qpc_uthmani_hafs":"وَلَا","char_type_name":"word","page_number":396,"line_number":5,"text":"ﮅ","translation":{"text":"And (do) not","language_name":"english","language_id":38},"transliteration":{"text":"walā","language_name":"english","language_id":38}},{"id":66975,"position":14,"audio_url":"wbw/028_087_016.mp3","qpc_uthmani_hafs":"تَكُونَنَّ","char_type_name":"word","page_number":396,"line_number":5,"text":"ﮆ","translation":{"text":"be","language_name":"english","language_id":38},"transliteration":{"text":"takūnanna","language_name":"english","language_id":38}},{"id":66976,"position":15,"audio_url":"wbw/028_087_017.mp3","qpc_uthmani_hafs":"مِنَ","char_type_name":"word","page_number":396,"line_number":5,"text":"ﮇ","translation":{"text":"of","language_name":"english","language_id":38},"transliteration":{"text":"mina","language_name":"english","language_id":38}},{"id":66977,"position":16,"audio_url":"wbw/028_087_018.mp3","qpc_uthmani_hafs":"ٱلۡمُشۡرِكِينَ","char_type_name":"word","page_number":396,"line_number":6,"text":"ﮈ","translation":{"text":"the polytheists","language_name":"english","language_id":38},"transliteration":{"text":"l-mush'rikīna","language_name":"english","language_id":38}},{"id":66978,"position":17,"audio_url":null,"qpc_uthmani_hafs":"٨٧","char_type_name":"end","page_number":396,"line_number":6,"text":"ﮉ","translation":{"text":"(87)","language_name":"english","language_id":38},"transliteration":{"text":null,"language_name":"english","language_id":38}}],"translations":[{"id":919768,"resource_id":134,"text":"Dan janganlah sekali-kali mereka dapat menghalangimu dari (menyampaikan) ayat-ayat Allah, sesudah ayat-ayat itu diturunkan kepadamu, dan serulah mereka kepada (jalan) Tuhan-mu, dan janganlah sekali-sekali kamu termasuk orang-orang yang mempersekutukan Tuhan."}]},{"id":3340,"verse_number":88,"verse_key":"28:88","juz_number":20,"hizb_number":40,"rub_el_hizb_number":158,"ruku_number":342,"manzil_number":5,"sajdah_number":null,"text_uthmani":"وَلَا تَدْعُ مَعَ ٱللَّهِ إِلَـٰهًا ءَاخَرَ ۘ لَآ إِلَـٰهَ إِلَّا هُوَ ۚ كُلُّ شَىْءٍ هَالِكٌ إِلَّا وَجْهَهُۥ ۚ لَهُ ٱلْحُكْمُ وَإِلَيْهِ تُرْجَعُونَ","page_number":396,"words":[{"id":67161,"position":1,"audio_url":"wbw/028_088_001.mp3","qpc_uthmani_hafs":"وَلَا","char_type_name":"word","page_number":396,"line_number":6,"text":"ﮊ","translation":{"text":"And (do) not","language_name":"english","language_id":38},"transliteration":{"text":"walā","language_name":"english","language_id":38}},{"id":67162,"position":2,"audio_url":"wbw/028_088_002.mp3","qpc_uthmani_hafs":"تَدۡعُ","char_type_name":"word","page_number":396,"line_number":6,"text":"ﮋ","translation":{"text":"invoke","language_name":"english","language_id":38},"transliteration":{"text":"tadʿu","language_name":"english","language_id":38}},{"id":67163,"position":3,"audio_url":"wbw/028_088_003.mp3","qpc_uthmani_hafs":"مَعَ","char_type_name":"word","page_number":396,"line_number":6,"text":"ﮌ","translation":{"text":"with","language_name":"english","language_id":38},"transliteration":{"text":"maʿa","language_name":"english","language_id":38}},{"id":67164,"position":4,"audio_url":"wbw/028_088_004.mp3","qpc_uthmani_hafs":"ٱللَّهِ","char_type_name":"word","page_number":396,"line_number":6,"text":"ﮍ","translation":{"text":"Allah","language_name":"english","language_id":38},"transliteration":{"text":"l-lahi","language_name":"english","language_id":38}},{"id":67165,"position":5,"audio_url":"wbw/028_088_005.mp3","qpc_uthmani_hafs":"إِلَٰهًا","char_type_name":"word","page_number":396,"line_number":6,"text":"ﮎ","translation":{"text":"god","language_name":"english","language_id":38},"transliteration":{"text":"ilāhan","language_name":"english","language_id":38}},{"id":67166,"position":6,"audio_url":"wbw/028_088_006.mp3","qpc_uthmani_hafs":"ءَاخَرَۘ","char_type_name":"word","page_number":396,"line_number":6,"text":"ﮏﮐ","translation":{"text":"other","language_name":"english","language_id":38},"transliteration":{"text":"ākhara","language_name":"english","language_id":38}},{"id":67168,"position":7,"audio_url":"wbw/028_088_008.mp3","qpc_uthmani_hafs":"لَآ","char_type_name":"word","page_number":396,"line_number":6,"text":"ﮑ","translation":{"text":"(There is) no","language_name":"english","language_id":38},"transliteration":{"text":"lā","language_name":"english","language_id":38}},{"id":67169,"position":8,"audio_url":"wbw/028_088_009.mp3","qpc_uthmani_hafs":"إِلَٰهَ","char_type_name":"word","page_number":396,"line_number":6,"text":"ﮒ","translation":{"text":"god","language_name":"english","language_id":38},"transliteration":{"text":"ilāha","language_name":"english","language_id":38}},{"id":67170,"position":9,"audio_url":"wbw/028_088_010.mp3","qpc_uthmani_hafs":"إِلَّا","char_type_name":"word","page_number":396,"line_number":6,"text":"ﮓ","translation":{"text":"except","language_name":"english","language_id":38},"transliteration":{"text":"illā","language_name":"english","language_id":38}},{"id":67171,"position":10,"audio_url":"wbw/028_088_011.mp3","qpc_uthmani_hafs":"هُوَۚ","char_type_name":"word","page_number":396,"line_number":7,"text":"ﮔﮕ","translation":{"text":"Him","language_name":"english","language_id":38},"transliteration":{"text":"huwa","language_name":"english","language_id":38}},{"id":67173,"position":11,"audio_url":"wbw/028_088_013.mp3","qpc_uthmani_hafs":"كُلُّ","char_type_name":"word","page_number":396,"line_number":7,"text":"ﮖ","translation":{"text":"Every","language_name":"english","language_id":38},"transliteration":{"text":"kullu","language_name":"english","language_id":38}},{"id":67174,"position":12,"audio_url":"wbw/028_088_014.mp3","qpc_uthmani_hafs":"شَيۡءٍ","char_type_name":"word","page_number":396,"line_number":7,"text":"ﮗ","translation":{"text":"thing","language_name":"english","language_id":38},"transliteration":{"text":"shayin","language_name":"english","language_id":38}},{"id":67175,"position":13,"audio_url":"wbw/028_088_015.mp3","qpc_uthmani_hafs":"هَالِكٌ","char_type_name":"word","page_number":396,"line_number":7,"text":"ﮘ","translation":{"text":"(will be) destroyed","language_name":"english","language_id":38},"transliteration":{"text":"hālikun","language_name":"english","language_id":38}},{"id":67176,"position":14,"audio_url":"wbw/028_088_016.mp3","qpc_uthmani_hafs":"إِلَّا","char_type_name":"word","page_number":396,"line_number":7,"text":"ﮙ","translation":{"text":"except","language_name":"english","language_id":38},"transliteration":{"text":"illā","language_name":"english","language_id":38}},{"id":67177,"position":15,"audio_url":"wbw/028_088_017.mp3","qpc_uthmani_hafs":"وَجۡهَهُۥۚ","char_type_name":"word","page_number":396,"line_number":7,"text":"ﮚﮛ","translation":{"text":"His Face","language_name":"english","language_id":38},"transliteration":{"text":"wajhahu","language_name":"english","language_id":38}},{"id":67179,"position":16,"audio_url":"wbw/028_088_019.mp3","qpc_uthmani_hafs":"لَهُ","char_type_name":"word","page_number":396,"line_number":7,"text":"ﮜ","translation":{"text":"To Him","language_name":"english","language_id":38},"transliteration":{"text":"lahu","language_name":"english","language_id":38}},{"id":67180,"position":17,"audio_url":"wbw/028_088_020.mp3","qpc_uthmani_hafs":"ٱلۡحُكۡمُ","char_type_name":"word","page_number":396,"line_number":7,"text":"ﮝ","translation":{"text":"(is) the Decision","language_name":"english","language_id":38},"transliteration":{"text":"l-ḥuk'mu","language_name":"english","language_id":38}},{"id":67181,"position":18,"audio_url":"wbw/028_088_021.mp3","qpc_uthmani_hafs":"وَإِلَيۡهِ","char_type_name":"word","page_number":396,"line_number":7,"text":"ﮞ","translation":{"text":"and to Him","language_name":"english","language_id":38},"transliteration":{"text":"wa-ilayhi","language_name":"english","language_id":38}},{"id":67182,"position":19,"audio_url":"wbw/028_088_022.mp3","qpc_uthmani_hafs":"تُرۡجَعُونَ","char_type_name":"word","page_number":396,"line_number":7,"text":"ﮟ","translation":{"text":"you will be returned","language_name":"english","language_id":38},"transliteration":{"text":"tur'jaʿūna","language_name":"english","language_id":38}},{"id":67183,"position":20,"audio_url":null,"qpc_uthmani_hafs":"٨٨","char_type_name":"end","page_number":396,"line_number":7,"text":"ﮠ","translation":{"text":"(88)","language_name":"english","language_id":38},"transliteration":{"text":null,"language_name":"english","language_id":38}}],"translations":[{"id":919769,"resource_id":134,"text":"Janganlah kamu sembah di samping (menyembah) Allah, tuhan apa pun yang lain. Tidak ada Tuhan (yang berhak disembah), melainkan Dia.  Tiap-tiap sesuatu pasti binasa, kecuali wajah-Nya (Allah). Bagi-Nya-lah segala penentuan dan hanya kepada-Nya-lah kamu dikembalikan."}]},{"id":3341,"verse_number":1,"verse_key":"29:1","juz_number":20,"hizb_number":40,"rub_el_hizb_number":159,"ruku_number":343,"manzil_number":5,"sajdah_number":null,"text_uthmani":" الٓمٓ","page_number":396,"words":[{"id":787,"position":1,"audio_url":"wbw/029_001_001.mp3","qpc_uthmani_hafs":"الٓمٓ","char_type_name":"word","page_number":396,"line_number":10,"text":"ﮡ","translation":{"text":"Alif Laam Meem","language_name":"english","language_id":38},"transliteration":{"text":"alif-lam-meem","language_name":"english","language_id":38}},{"id":788,"position":2,"audio_url":null,"qpc_uthmani_hafs":"١","char_type_name":"end","page_number":396,"line_number":10,"text":"ﮢ","translation":{"text":"(1)","language_name":"english","language_id":38},"transliteration":{"text":null,"language_name":"english","language_id":38}}],"translations":[{"id":919770,"resource_id":134,"text":"Alif Lām Mīm <sup foot_note=210913>1</sup>"}]},{"id":3342,"verse_number":2,"verse_key":"29:2","juz_number":20,"hizb_number":40,"rub_el_hizb_number":159,"ruku_number":343,"manzil_number":5,"sajdah_number":null,"text_uthmani":"أَحَسِبَ ٱلنَّاسُ أَن يُتْرَكُوٓا۟ أَن يَقُولُوٓا۟ ءَامَنَّا وَهُمْ لَا يُفْتَنُونَ","page_number":396,"words":[{"id":1828,"position":1,"audio_url":"wbw/029_002_001.mp3","qpc_uthmani_hafs":"أَحَسِبَ","char_type_name":"word","page_number":396,"line_number":10,"text":"ﮣ","translation":{"text":"Do think","language_name":"english","language_id":38},"transliteration":{"text":"aḥasiba","language_name":"english","language_id":38}},{"id":1829,"position":2,"audio_url":"wbw/029_002_002.mp3","qpc_uthmani_hafs":"ٱلنَّاسُ","char_type_name":"word","page_number":396,"line_number":10,"text":"ﮤ","translation":{"text":"the people","language_name":"english","language_id":38},"transliteration":{"text":"l-nāsu","language_name":"english","language_id":38}},{"id":1830,"position":3,"audio_url":"wbw/029_002_003.mp3","qpc_uthmani_hafs":"أَن","char_type_name":"word","page_number":396,"line_number":10,"text":"ﮥ","translation":{"text":"that","language_name":"english","language_id":38},"transliteration":{"text":"an","language_name":"english","language_id":38}},{"id":1831,"position":4,"audio_url":"wbw/029_002_004.mp3","qpc_uthmani_hafs":"يُتۡرَكُوٓاْ","char_type_name":"word","page_number":396,"line_number":10,"text":"ﮦ","translation":{"text":"they will be left","language_name":"english","language_id":38},"transliteration":{"text":"yut'rakū","language_name":"english","language_id":38}},{"id":1832,"position":5,"audio_url":"wbw/029_002_005.mp3","qpc_uthmani_hafs":"أَن","char_type_name":"word","page_number":396,"line_number":10,"text":"ﮧ","translation":{"text":"because","language_name":"english","language_id":38},"transliteration":{"text":"an","language_name":"english","language_id":38}},{"id":1833,"position":6,"audio_url":"wbw/029_002_006.mp3","qpc_uthmani_hafs":"يَقُولُوٓاْ","char_type_name":"word","page_number":396,"line_number":10,"text":"ﮨ","translation":{"text":"they say","language_name":"english","language_id":38},"transliteration":{"text":"yaqūlū","language_name":"english","language_id":38}},{"id":1834,"position":7,"audio_url":"wbw/029_002_007.mp3","qpc_uthmani_hafs":"ءَامَنَّا","char_type_name":"word","page_number":396,"line_number":10,"text":"ﮩ","translation":{"text":"We believe","language_name":"english","language_id":38},"transliteration":{"text":"āmannā","language_name":"english","language_id":38}},{"id":1835,"position":8,"audio_url":"wbw/029_002_008.mp3","qpc_uthmani_hafs":"وَهُمۡ","char_type_name":"word","page_number":396,"line_number":10,"text":"ﮪ","translation":{"text":"and they","language_name":"english","language_id":38},"transliteration":{"text":"wahum","language_name":"english","language_id":38}},{"id":1836,"position":9,"audio_url":"wbw/029_002_009.mp3","qpc_uthmani_hafs":"لَا","char_type_name":"word","page_number":396,"line_number":10,"text":"ﮫ","translation":{"text":"will not be tested","language_name":"english","language_id":38},"transliteration":{"text":"lā","language_name":"english","language_id":38}},{"id":1837,"position":10,"audio_url":"wbw/029_002_010.mp3","qpc_uthmani_hafs":"يُفۡتَنُونَ","char_type_name":"word","page_number":396,"line_number":11,"text":"ﮬ","translation":{"text":"will not be tested","language_name":"english","language_id":38},"transliteration":{"text":"yuf'tanūna","language_name":"english","language_id":38}},{"id":1838,"position":11,"audio_url":null,"qpc_uthmani_hafs":"٢","char_type_name":"end","page_number":396,"line_number":11,"text":"ﮭ","translation":{"text":"(2)","language_name":"english","language_id":38},"transliteration":{"text":null,"language_name":"english","language_id":38}}],"translations":[{"id":919771,"resource_id":134,"text":"Apakah manusia itu mengira bahwa mereka dibiarkan (saja) mengatakan, \"Kami telah beriman\", sedang mereka tidak diuji lagi?"}]},{"id":3343,"verse_number":3,"verse_key":"29:3","juz_number":20,"hizb_number":40,"rub_el_hizb_number":159,"ruku_number":343,"manzil_number":5,"sajdah_number":null,"text_uthmani":"وَلَقَدْ فَتَنَّا ٱلَّذِينَ مِن قَبْلِهِمْ ۖ فَلَيَعْلَمَنَّ ٱللَّهُ ٱلَّذِينَ صَدَقُوا۟ وَلَيَعْلَمَنَّ ٱلْكَـٰذِبِينَ","page_number":396,"words":[{"id":2997,"position":1,"audio_url":"wbw/029_003_001.mp3","qpc_uthmani_hafs":"وَلَقَدۡ","char_type_name":"word","page_number":396,"line_number":11,"text":"ﮮ","translation":{"text":"And indeed","language_name":"english","language_id":38},"transliteration":{"text":"walaqad","language_name":"english","language_id":38}},{"id":2998,"position":2,"audio_url":"wbw/029_003_002.mp3","qpc_uthmani_hafs":"فَتَنَّا","char_type_name":"word","page_number":396,"line_number":11,"text":"ﮯ","translation":{"text":"We tested","language_name":"english","language_id":38},"transliteration":{"text":"fatannā","language_name":"english","language_id":38}},{"id":2999,"position":3,"audio_url":"wbw/029_003_003.mp3","qpc_uthmani_hafs":"ٱلَّذِينَ","char_type_name":"word","page_number":396,"line_number":11,"text":"ﮰ","translation":{"text":"those who","language_name":"english","language_id":38},"transliteration":{"text":"alladhīna","language_name":"english","language_id":38}},{"id":3000,"position":4,"audio_url":"wbw/029_003_004.mp3","qpc_uthmani_hafs":"مِن","char_type_name":"word","page_number":396,"line_number":11,"text":"ﮱ","translation":{"text":"(were) before them","language_name":"english","language_id":38},"transliteration":{"text":"min","language_name":"english","language_id":38}},{"id":3001,"position":5,"audio_url":"wbw/029_003_005.mp3","qpc_uthmani_hafs":"قَبۡلِهِمۡۖ","char_type_name":"word","page_number":396,"line_number":11,"text":"ﯓﯔ","translation":{"text":"(were) before them","language_name":"english","language_id":38},"transliteration":{"text":"qablihim","language_name":"english","language_id":38}},{"id":3003,"position":6,"audio_url":"wbw/029_003_007.mp3","qpc_uthmani_hafs":"فَلَيَعۡلَمَنَّ","char_type_name":"word","page_number":396,"line_number":11,"text":"ﯕ","translation":{"text":"And Allah will surely make evident","language_name":"english","language_id":38},"transliteration":{"text":"falayaʿlamanna","language_name":"english","language_id":38}},{"id":3004,"position":7,"audio_url":"wbw/029_003_008.mp3","qpc_uthmani_hafs":"ٱللَّهُ","char_type_name":"word","page_number":396,"line_number":11,"text":"ﯖ","translation":{"text":"And Allah will surely make evident","language_name":"english","language_id":38},"transliteration":{"text":"l-lahu","language_name":"english","language_id":38}},{"id":3005,"position":8,"audio_url":"wbw/029_003_009.mp3","qpc_uthmani_hafs":"ٱلَّذِينَ","char_type_name":"word","page_number":396,"line_number":11,"text":"ﯗ","translation":{"text":"those who","language_name":"english","language_id":38},"transliteration":{"text":"alladhīna","language_name":"english","language_id":38}},{"id":3006,"position":9,"audio_url":"wbw/029_003_010.mp3","qpc_uthmani_hafs":"صَدَقُواْ","char_type_name":"word","page_number":396,"line_number":12,"text":"ﯘ","translation":{"text":"(are) truthful","language_name":"english","language_id":38},"transliteration":{"text":"ṣadaqū","language_name":"english","language_id":38}},{"id":3007,"position":10,"audio_url":"wbw/029_003_011.mp3","qpc_uthmani_hafs":"وَلَيَعۡلَمَنَّ","char_type_name":"word","page_number":396,"line_number":12,"text":"ﯙ","translation":{"text":"and He will surely make evident","language_name":"english","language_id":38},"transliteration":{"text":"walayaʿlamanna","language_name":"english","language_id":38}},{"id":3008,"position":11,"audio_url":"wbw/029_003_012.mp3","qpc_uthmani_hafs":"ٱلۡكَٰذِبِينَ","char_type_name":"word","page_number":396,"line_number":12,"text":"ﯚ","translation":{"text":"the liars","language_name":"english","language_id":38},"transliteration":{"text":"l-kādhibīna","language_name":"english","language_id":38}},{"id":3009,"position":12,"audio_url":null,"qpc_uthmani_hafs":"٣","char_type_name":"end","page_number":396,"line_number":12,"text":"ﯛ","translation":{"text":"(3)","language_name":"english","language_id":38},"transliteration":{"text":null,"language_name":"english","language_id":38}}],"translations":[{"id":919772,"resource_id":134,"text":"Dan sesungguhnya kami telah menguji orang-orang yang sebelum mereka, maka sesungguhnya Allah mengetahui orang-orang yang benar dan sesungguhnya Dia mengetahui orang-orang yang dusta."}]},{"id":3344,"verse_number":4,"verse_key":"29:4","juz_number":20,"hizb_number":40,"rub_el_hizb_number":159,"ruku_number":343,"manzil_number":5,"sajdah_number":null,"text_uthmani":"أَمْ حَسِبَ ٱلَّذِينَ يَعْمَلُونَ ٱلسَّيِّـَٔاتِ أَن يَسْبِقُونَا ۚ سَآءَ مَا يَحْكُمُونَ","page_number":396,"words":[{"id":4329,"position":1,"audio_url":"wbw/029_004_001.mp3","qpc_uthmani_hafs":"أَمۡ","char_type_name":"word","page_number":396,"line_number":12,"text":"ﯜ","translation":{"text":"Or","language_name":"english","language_id":38},"transliteration":{"text":"am","language_name":"english","language_id":38}},{"id":4330,"position":2,"audio_url":"wbw/029_004_002.mp3","qpc_uthmani_hafs":"حَسِبَ","char_type_name":"word","page_number":396,"line_number":12,"text":"ﯝ","translation":{"text":"think","language_name":"english","language_id":38},"transliteration":{"text":"ḥasiba","language_name":"english","language_id":38}},{"id":4331,"position":3,"audio_url":"wbw/029_004_003.mp3","qpc_uthmani_hafs":"ٱلَّذِينَ","char_type_name":"word","page_number":396,"line_number":12,"text":"ﯞ","translation":{"text":"those who","language_name":"english","language_id":38},"transliteration":{"text":"alladhīna","language_name":"english","language_id":38}},{"id":4332,"position":4,"audio_url":"wbw/029_004_004.mp3","qpc_uthmani_hafs":"يَعۡمَلُونَ","char_type_name":"word","page_number":396,"line_number":12,"text":"ﯟ","translation":{"text":"do","language_name":"english","language_id":38},"transliteration":{"text":"yaʿmalūna","language_name":"english","language_id":38}},{"id":4333,"position":5,"audio_url":"wbw/029_004_005.mp3","qpc_uthmani_hafs":"ٱلسَّيِّـَٔاتِ","char_type_name":"word","page_number":396,"line_number":13,"text":"ﯠ","translation":{"text":"evil deeds","language_name":"english","language_id":38},"transliteration":{"text":"l-sayiāti","language_name":"english","language_id":38}},{"id":4334,"position":6,"audio_url":"wbw/029_004_006.mp3","qpc_uthmani_hafs":"أَن","char_type_name":"word","page_number":396,"line_number":13,"text":"ﯡ","translation":{"text":"that","language_name":"english","language_id":38},"transliteration":{"text":"an","language_name":"english","language_id":38}},{"id":4335,"position":7,"audio_url":"wbw/029_004_007.mp3","qpc_uthmani_hafs":"يَسۡبِقُونَاۚ","char_type_name":"word","page_number":396,"line_number":13,"text":"ﯢﯣ","translation":{"text":"they can outrun Us","language_name":"english","language_id":38},"transliteration":{"text":"yasbiqūnā","language_name":"english","language_id":38}},{"id":4337,"position":8,"audio_url":"wbw/029_004_009.mp3","qpc_uthmani_hafs":"سَآءَ","char_type_name":"word","page_number":396,"line_number":13,"text":"ﯤ","translation":{"text":"Evil is","language_name":"english","language_id":38},"transliteration":{"text":"sāa","language_name":"english","language_id":38}},{"id":4338,"position":9,"audio_url":"wbw/029_004_010.mp3","qpc_uthmani_hafs":"مَا","char_type_name":"word","page_number":396,"line_number":13,"text":"ﯥ","translation":{"text":"what","language_name":"english","language_id":38},"transliteration":{"text":"mā","language_name":"english","language_id":38}},{"id":4339,"position":10,"audio_url":"wbw/029_004_011.mp3","qpc_uthmani_hafs":"يَحۡكُمُونَ","char_type_name":"word","page_number":396,"line_number":13,"text":"ﯦ","translation":{"text":"they judge","language_name":"english","language_id":38},"transliteration":{"text":"yaḥkumūna","language_name":"english","language_id":38}},{"id":4340,"position":11,"audio_url":null,"qpc_uthmani_hafs":"٤","char_type_name":"end","page_number":396,"line_number":13,"text":"ﯧ","translation":{"text":"(4)","language_name":"english","language_id":38},"transliteration":{"text":null,"language_name":"english","language_id":38}}],"translations":[{"id":919773,"resource_id":134,"text":"Ataukah orang-orang yang mengerjakan kejahatan itu mengira bahwa mereka akan luput (dari azab) Kami? Amatlah buruk apa yang mereka tetapkan itu."}]},{"id":3345,"verse_number":5,"verse_key":"29:5","juz_number":20,"hizb_number":40,"rub_el_hizb_number":159,"ruku_number":343,"manzil_number":5,"sajdah_number":null,"text_uthmani":"مَن كَانَ يَرْجُوا۟ لِقَآءَ ٱللَّهِ فَإِنَّ أَجَلَ ٱللَّهِ لَـَٔاتٍ ۚ وَهُوَ ٱلسَّمِيعُ ٱلْعَلِيمُ","page_number":396,"words":[{"id":5598,"position":1,"audio_url":"wbw/029_005_001.mp3","qpc_uthmani_hafs":"مَن","char_type_name":"word","page_number":396,"line_number":13,"text":"ﯨ","translation":{"text":"Whoever","language_name":"english","language_id":38},"transliteration":{"text":"man","language_name":"english","language_id":38}},{"id":5599,"position":2,"audio_url":"wbw/029_005_002.mp3","qpc_uthmani_hafs":"كَانَ","char_type_name":"word","page_number":396,"line_number":13,"text":"ﯩ","translation":{"text":"[is]","language_name":"english","language_id":38},"transliteration":{"text":"kāna","language_name":"english","language_id":38}},{"id":5600,"position":3,"audio_url":"wbw/029_005_003.mp3","qpc_uthmani_hafs":"يَرۡجُواْ","char_type_name":"word","page_number":396,"line_number":13,"text":"ﯪ","translation":{"text":"hopes","language_name":"english","language_id":38},"transliteration":{"text":"yarjū","language_name":"english","language_id":38}},{"id":5601,"position":4,"audio_url":"wbw/029_005_004.mp3","qpc_uthmani_hafs":"لِقَآءَ","char_type_name":"word","page_number":396,"line_number":14,"text":"ﯫ","translation":{"text":"(for the) meeting","language_name":"english","language_id":38},"transliteration":{"text":"liqāa","language_name":"english","language_id":38}},{"id":5602,"position":5,"audio_url":"wbw/029_005_005.mp3","qpc_uthmani_hafs":"ٱللَّهِ","char_type_name":"word","page_number":396,"line_number":14,"text":"ﯬ","translation":{"text":"(with) Allah","language_name":"english","language_id":38},"transliteration":{"text":"l-lahi","language_name":"english","language_id":38}},{"id":5603,"position":6,"audio_url":"wbw/029_005_006.mp3","qpc_uthmani_hafs":"فَإِنَّ","char_type_name":"word","page_number":396,"line_number":14,"text":"ﯭ","translation":{"text":"then indeed","language_name":"english","language_id":38},"transliteration":{"text":"fa-inna","language_name":"english","language_id":38}},{"id":5604,"position":7,"audio_url":"wbw/029_005_007.mp3","qpc_uthmani_hafs":"أَجَلَ","char_type_name":"word","page_number":396,"line_number":14,"text":"ﯮ","translation":{"text":"(the) Term","language_name":"english","language_id":38},"transliteration":{"text":"ajala","language_name":"english","language_id":38}},{"id":5605,"position":8,"audio_url":"wbw/029_005_008.mp3","qpc_uthmani_hafs":"ٱللَّهِ","char_type_name":"word","page_number":396,"line_number":14,"text":"ﯯ","translation":{"text":"(of) Allah","language_name":"english","language_id":38},"transliteration":{"text":"l-lahi","language_name":"english","language_id":38}},{"id":5606,"position":9,"audio_url":"wbw/029_005_009.mp3","qpc_uthmani_hafs":"لَأٓتٖۚ","char_type_name":"word","page_number":396,"line_number":14,"text":"ﯰﯱ","translation":{"text":"(is) surely coming","language_name":"english","language_id":38},"transliteration":{"text":"laātin","language_name":"english","language_id":38}},{"id":5608,"position":10,"audio_url":"wbw/029_005_011.mp3","qpc_uthmani_hafs":"وَهُوَ","char_type_name":"word","page_number":396,"line_number":14,"text":"ﯲ","translation":{"text":"And He","language_name":"english","language_id":38},"transliteration":{"text":"wahuwa","language_name":"english","language_id":38}},{"id":5609,"position":11,"audio_url":"wbw/029_005_012.mp3","qpc_uthmani_hafs":"ٱلسَّمِيعُ","char_type_name":"word","page_number":396,"line_number":14,"text":"ﯳ","translation":{"text":"(is) the All-Hearer","language_name":"english","language_id":38},"transliteration":{"text":"l-samīʿu","language_name":"english","language_id":38}},{"id":5610,"position":12,"audio_url":"wbw/029_005_013.mp3","qpc_uthmani_hafs":"ٱلۡعَلِيمُ","char_type_name":"word","page_number":396,"line_number":14,"text":"ﯴ","translation":{"text":"the All-Knower","language_name":"english","language_id":38},"transliteration":{"text":"l-ʿalīmu","language_name":"english","language_id":38}},{"id":5611,"position":13,"audio_url":null,"qpc_uthmani_hafs":"٥","char_type_name":"end","page_number":396,"line_number":14,"text":"ﯵ","translation":{"text":"(5)","language_name":"english","language_id":38},"transliteration":{"text":null,"language_name":"english","language_id":38}}],"translations":[{"id":919774,"resource_id":134,"text":"Barang siapa yang mengharap pertemuan dengan Allah, maka sesungguhnya waktu (yang dijanjikan) Allah itu pasti datang.  Dan Dia-lah Yang Maha mendengar lagi Maha Mengetahui."}]},{"id":3346,"verse_number":6,"verse_key":"29:6","juz_number":20,"hizb_number":40,"rub_el_hizb_number":159,"ruku_number":343,"manzil_number":5,"sajdah_number":null,"text_uthmani":"وَمَن جَـٰهَدَ فَإِنَّمَا يُجَـٰهِدُ لِنَفْسِهِۦٓ ۚ إِنَّ ٱللَّهَ لَغَنِىٌّ عَنِ ٱلْعَـٰلَمِينَ","page_number":396,"words":[{"id":6880,"position":1,"audio_url":"wbw/029_006_001.mp3","qpc_uthmani_hafs":"وَمَن","char_type_name":"word","page_number":396,"line_number":14,"text":"ﯶ","translation":{"text":"And whoever","language_name":"english","language_id":38},"transliteration":{"text":"waman","language_name":"english","language_id":38}},{"id":6881,"position":2,"audio_url":"wbw/029_006_002.mp3","qpc_uthmani_hafs":"جَٰهَدَ","char_type_name":"word","page_number":396,"line_number":15,"text":"ﯷ","translation":{"text":"strives","language_name":"english","language_id":38},"transliteration":{"text":"jāhada","language_name":"english","language_id":38}},{"id":6882,"position":3,"audio_url":"wbw/029_006_003.mp3","qpc_uthmani_hafs":"فَإِنَّمَا","char_type_name":"word","page_number":396,"line_number":15,"text":"ﯸ","translation":{"text":"then only","language_name":"english","language_id":38},"transliteration":{"text":"fa-innamā","language_name":"english","language_id":38}},{"id":6883,"position":4,"audio_url":"wbw/029_006_004.mp3","qpc_uthmani_hafs":"يُجَٰهِدُ","char_type_name":"word","page_number":396,"line_number":15,"text":"ﯹ","translation":{"text":"he strives","language_name":"english","language_id":38},"transliteration":{"text":"yujāhidu","language_name":"english","language_id":38}},{"id":6884,"position":5,"audio_url":"wbw/029_006_005.mp3","qpc_uthmani_hafs":"لِنَفۡسِهِۦٓۚ","char_type_name":"word","page_number":396,"line_number":15,"text":"ﯺﯻ","translation":{"text":"for himself","language_name":"english","language_id":38},"transliteration":{"text":"linafsihi","language_name":"english","language_id":38}},{"id":6886,"position":6,"audio_url":"wbw/029_006_007.mp3","qpc_uthmani_hafs":"إِنَّ","char_type_name":"word","page_number":396,"line_number":15,"text":"ﯼ","translation":{"text":"Indeed","language_name":"english","language_id":38},"transliteration":{"text":"inna","language_name":"english","language_id":38}},{"id":6887,"position":7,"audio_url":"wbw/029_006_008.mp3","qpc_uthmani_hafs":"ٱللَّهَ","char_type_name":"word","page_number":396,"line_number":15,"text":"ﯽ","translation":{"text":"Allah","language_name":"english","language_id":38},"transliteration":{"text":"l-laha","language_name":"english","language_id":38}},{"id":6888,"position":8,"audio_url":"wbw/029_006_009.mp3","qpc_uthmani_hafs":"لَغَنِيٌّ","char_type_name":"word","page_number":396,"line_number":15,"text":"ﯾ","translation":{"text":"(is) Free from need","language_name":"english","language_id":38},"transliteration":{"text":"laghaniyyun","language_name":"english","language_id":38}},{"id":6889,"position":9,"audio_url":"wbw/029_006_010.mp3","qpc_uthmani_hafs":"عَنِ","char_type_name":"word","page_number":396,"line_number":15,"text":"ﯿ","translation":{"text":"of","language_name":"english","language_id":38},"transliteration":{"text":"ʿani","language_name":"english","language_id":38}},{"id":6890,"position":10,"audio_url":"wbw/029_006_011.mp3","qpc_uthmani_hafs":"ٱلۡعَٰلَمِينَ","char_type_name":"word","page_number":396,"line_number":15,"text":"ﰀ","translation":{"text":"the worlds","language_name":"english","language_id":38},"transliteration":{"text":"l-ʿālamīna","language_name":"english","language_id":38}},{"id":6891,"position":11,"audio_url":null,"qpc_uthmani_hafs":"٦","char_type_name":"end","page_number":396,"line_number":15,"text":"ﰁ","translation":{"text":"(6)","language_name":"english","language_id":38},"transliteration":{"text":null,"language_name":"english","language_id":38}}],"translations":[{"id":919775,"resource_id":134,"text":"Dan barang siapa yang berjihad, maka sesungguhnya jihadnya itu adalah untuk dirinya sendiri. Sesungguhnya Allah benar-benar Maha Kaya (tidak memerlukan sesuatu) dari semesta alam."}]}],"pagination":{"per_page":50,"current_page":1,"next_page":null,"total_pages":1,"total_records":10}}