{"verses":[{"id":3451,"verse_number":42,"verse_key":"30:42","juz_number":21,"hizb_number":41,"rub_el_hizb_number":163,"ruku_number":354,"manzil_number":5,"sajdah_number":null,"text_uthmani":"قُلْ سِيرُوا۟ فِى ٱلْأَرْضِ فَٱنظُرُوا۟ كَيْفَ كَانَ عَـٰقِبَةُ ٱلَّذِينَ مِن قَبْلُ ۚ كَانَ أَكْثَرُهُم مُّشْرِكِينَ","page_number":409,"words":[{"id":43216,"position":1,"audio_url":"wbw/030_042_001.mp3","qpc_uthmani_hafs":"قُلۡ","char_type_name":"word","page_number":409,"line_number":1,"text":"ﭑ","translation":{"text":"Say","language_name":"english","language_id":38},"transliteration":{"text":"qul","language_name":"english","language_id":38}},{"id":43217,"position":2,"audio_url":"wbw/030_042_002.mp3","qpc_uthmani_hafs":"سِيرُواْ","char_type_name":"word","page_number":409,"line_number":1,"text":"ﭒ","translation":{"text":"Travel","language_name":"english","language_id":38},"transliteration":{"text":"sīrū","language_name":"english","language_id":38}},{"id":43218,"position":3,"audio_url":"wbw/030_042_003.mp3","qpc_uthmani_hafs":"فِي","char_type_name":"word","page_number":409,"line_number":1,"text":"ﭓ","translation":{"text":"in","language_name":"english","language_id":38},"transliteration":{"text":"fī","language_name":"english","language_id":38}},{"id":43219,"position":4,"audio_url":"wbw/030_042_004.mp3","qpc_uthmani_hafs":"ٱلۡأَرۡضِ","char_type_name":"word","page_number":409,"line_number":1,"text":"ﭔ","translation":{"text":"the earth","language_name":"english","language_id":38},"transliteration":{"text":"l-arḍi","language_name":"english","language_id":38}},{"id":43220,"position":5,"audio_url":"wbw/030_042_005.mp3","qpc_uthmani_hafs":"فَٱنظُرُواْ","char_type_name":"word","page_number":409,"line_number":1,"text":"ﭕ","translation":{"text":"and see","language_name":"english","language_id":38},"transliteration":{"text":"fa-unẓurū","language_name":"english","language_id":38}},{"id":43221,"position":6,"audio_url":"wbw/030_042_006.mp3","qpc_uthmani_hafs":"كَيۡفَ","char_type_name":"word","page_number":409,"line_number":1,"text":"ﭖ","translation":{"text":"how","language_name":"english","language_id":38},"transliteration":{"text":"kayfa","language_name":"english","language_id":38}},{"id":43222,"position":7,"audio_url":"wbw/030_042_007.mp3","qpc_uthmani_hafs":"كَانَ","char_type_name":"word","page_number":409,"line_number":1,"text":"ﭗ","translation":{"text":"was","language_name":"english","language_id":38},"transliteration":{"text":"kāna","language_name":"english","language_id":38}},{"id":43223,"position":8,"audio_url":"wbw/030_042_008.mp3","qpc_uthmani_hafs":"عَٰقِبَةُ","char_type_name":"word","page_number":409,"line_number":1,"text":"ﭘ","translation":{"text":"(the) end","language_name":"english","language_id":38},"transliteration":{"text":"ʿāqibatu","language_name":"english","language_id":38}},{"id":43224,"position":9,"audio_url":"wbw/030_042_009.mp3","qpc_uthmani_hafs":"ٱلَّذِينَ","char_type_name":"word","page_number":409,"line_number":1,"text":"ﭙ","translation":{"text":"(of) those who","language_name":"english","language_id":38},"transliteration":{"text":"alladhīna","language_name":"english","language_id":38}},{"id":43225,"position":10,"audio_url":"wbw/030_042_010.mp3","qpc_uthmani_hafs":"مِن","char_type_name":"word","page_number":409,"line_number":1,"text":"ﭚ","translation":{"text":"(were) before","language_name":"english","language_id":38},"transliteration":{"text":"min","language_name":"english","language_id":38}},{"id":43226,"position":11,"audio_url":"wbw/030_042_011.mp3","qpc_uthmani_hafs":"قَبۡلُۚ","char_type_name":"word","page_number":409,"line_number":1,"text":"ﭛﭜ","translation":{"text":"(were) before","language_name":"english","language_id":38},"transliteration":{"text":"qablu","language_name":"english","language_id":38}},{"id":43228,"position":12,"audio_url":"wbw/030_042_013.mp3","qpc_uthmani_hafs":"كَانَ","char_type_name":"word","page_number":409,"line_number":2,"text":"ﭝ","translation":{"text":"Most of them were","language_name":"english","language_id":38},"transliteration":{"text":"kāna","language_name":"english","language_id":38}},{"id":43229,"position":13,"audio_url":"wbw/030_042_014.mp3","qpc_uthmani_hafs":"أَكۡثَرُهُم","char_type_name":"word","page_number":409,"line_number":2,"text":"ﭞ","translation":{"text":"Most of them were","language_name":"english","language_id":38},"transliteration":{"text":"aktharuhum","language_name":"english","language_id":38}},{"id":43230,"position":14,"audio_url":"wbw/030_042_015.mp3","qpc_uthmani_hafs":"مُّشۡرِكِينَ","char_type_name":"word","page_number":409,"line_number":2,"text":"ﭟ","translation":{"text":"polytheists","language_name":"english","language_id":38},"transliteration":{"text":"mush'rikīna","language_name":"english","language_id":38}},{"id":43231,"position":15,"audio_url":null,"qpc_uthmani_hafs":"٤٢","char_type_name":"end","page_number":409,"line_number":2,"text":"ﭠ","translation":{"text":"(42)","language_name":"english","language_id":38},"transliteration":{"text":null,"language_name":"english","language_id":38}}],"translations":[{"id":919880,"resource_id":134,"text":"Katakanlah, \"Adakan perjalanan di muka bumi dan perhatikanlah bagaimana kesudahan orang-orang yang terdahulu.  Kebanyakan dari mereka itu adalah orang-orang yang mempersekutukan (Allah)\"."}]},{"id":3452,"verse_number":43,"verse_key":"30:43","juz_number":21,"hizb_number":41,"rub_el_hizb_number":163,"ruku_number":354,"manzil_number":5,"sajdah_number":null,"text_uthmani":"فَأَقِمْ وَجْهَكَ لِلدِّينِ ٱلْقَيِّمِ مِن قَبْلِ أَن يَأْتِىَ يَوْمٌ لَّا مَرَدَّ لَهُۥ مِنَ ٱللَّهِ ۖ يَوْمَئِذٍ يَصَّدَّعُونَ","page_number":409,"words":[{"id":43949,"position":1,"audio_url":"wbw/030_043_001.mp3","qpc_uthmani_hafs":"فَأَقِمۡ","char_type_name":"word","page_number":409,"line_number":2,"text":"ﭡ","translation":{"text":"So set","language_name":"english","language_id":38},"transliteration":{"text":"fa-aqim","language_name":"english","language_id":38}},{"id":43950,"position":2,"audio_url":"wbw/030_043_002.mp3","qpc_uthmani_hafs":"وَجۡهَكَ","char_type_name":"word","page_number":409,"line_number":2,"text":"ﭢ","translation":{"text":"your face","language_name":"english","language_id":38},"transliteration":{"text":"wajhaka","language_name":"english","language_id":38}},{"id":43951,"position":3,"audio_url":"wbw/030_043_003.mp3","qpc_uthmani_hafs":"لِلدِّينِ","char_type_name":"word","page_number":409,"line_number":2,"text":"ﭣ","translation":{"text":"to the religion","language_name":"english","language_id":38},"transliteration":{"text":"lilddīni","language_name":"english","language_id":38}},{"id":43952,"position":4,"audio_url":"wbw/030_043_004.mp3","qpc_uthmani_hafs":"ٱلۡقَيِّمِ","char_type_name":"word","page_number":409,"line_number":2,"text":"ﭤ","translation":{"text":"right","language_name":"english","language_id":38},"transliteration":{"text":"l-qayimi","language_name":"english","language_id":38}},{"id":43953,"position":5,"audio_url":"wbw/030_043_005.mp3","qpc_uthmani_hafs":"مِن","char_type_name":"word","page_number":409,"line_number":2,"text":"ﭥ","translation":{"text":"before","language_name":"english","language_id":38},"transliteration":{"text":"min","language_name":"english","language_id":38}},{"id":43954,"position":6,"audio_url":"wbw/030_043_006.mp3","qpc_uthmani_hafs":"قَبۡلِ","char_type_name":"word","page_number":409,"line_number":3,"text":"ﭦ","translation":{"text":"before","language_name":"english","language_id":38},"transliteration":{"text":"qabli","language_name":"english","language_id":38}},{"id":43955,"position":7,"audio_url":"wbw/030_043_007.mp3","qpc_uthmani_hafs":"أَن","char_type_name":"word","page_number":409,"line_number":3,"text":"ﭧ","translation":{"text":"[that]","language_name":"english","language_id":38},"transliteration":{"text":"an","language_name":"english","language_id":38}},{"id":43956,"position":8,"audio_url":"wbw/030_043_008.mp3","qpc_uthmani_hafs":"يَأۡتِيَ","char_type_name":"word","page_number":409,"line_number":3,"text":"ﭨ","translation":{"text":"comes","language_name":"english","language_id":38},"transliteration":{"text":"yatiya","language_name":"english","language_id":38}},{"id":43957,"position":9,"audio_url":"wbw/030_043_009.mp3","qpc_uthmani_hafs":"يَوۡمٞ","char_type_name":"word","page_number":409,"line_number":3,"text":"ﭩ","translation":{"text":"a Day","language_name":"english","language_id":38},"transliteration":{"text":"yawmun","language_name":"english","language_id":38}},{"id":43958,"position":10,"audio_url":"wbw/030_043_010.mp3","qpc_uthmani_hafs":"لَّا","char_type_name":"word","page_number":409,"line_number":3,"text":"ﭪ","translation":{"text":"not","language_name":"english","language_id":38},"transliteration":{"text":"lā","language_name":"english","language_id":38}},{"id":43959,"position":11,"audio_url":"wbw/030_043_011.mp3","qpc_uthmani_hafs":"مَرَدَّ","char_type_name":"word","page_number":409,"line_number":3,"text":"ﭫ","translation":{"text":"(can be) averted","language_name":"english","language_id":38},"transliteration":{"text":"maradda","language_name":"english","language_id":38}},{"id":43960,"position":12,"audio_url":"wbw/030_043_012.mp3","qpc_uthmani_hafs":"لَهُۥ","char_type_name":"word","page_number":409,"line_number":3,"text":"ﭬ","translation":{"text":"[it]","language_name":"english","language_id":38},"transliteration":{"text":"lahu","language_name":"english","language_id":38}},{"id":43961,"position":13,"audio_url":"wbw/030_043_013.mp3","qpc_uthmani_hafs":"مِنَ","char_type_name":"word","page_number":409,"line_number":3,"text":"ﭭ","translation":{"text":"from","language_name":"english","language_id":38},"transliteration":{"text":"mina","language_name":"english","language_id":38}},{"id":43962,"position":14,"audio_url":"wbw/030_043_014.mp3","qpc_uthmani_hafs":"ٱللَّهِۖ","char_type_name":"word","page_number":409,"line_number":3,"text":"ﭮﭯ","translation":{"text":"Allah","language_name":"english","language_id":38},"transliteration":{"text":"l-lahi","language_name":"english","language_id":38}},{"id":43964,"position":15,"audio_url":"wbw/030_043_016.mp3","qpc_uthmani_hafs":"يَوۡمَئِذٖ","char_type_name":"word","page_number":409,"line_number":3,"text":"ﭰ","translation":{"text":"That Day","language_name":"english","language_id":38},"transliteration":{"text":"yawma-idhin","language_name":"english","language_id":38}},{"id":43965,"position":16,"audio_url":"wbw/030_043_017.mp3","qpc_uthmani_hafs":"يَصَّدَّعُونَ","char_type_name":"word","page_number":409,"line_number":3,"text":"ﭱ","translation":{"text":"they will be divided","language_name":"english","language_id":38},"transliteration":{"text":"yaṣṣaddaʿūna","language_name":"english","language_id":38}},{"id":43966,"position":17,"audio_url":null,"qpc_uthmani_hafs":"٤٣","char_type_name":"end","page_number":409,"line_number":3,"text":"ﭲ","translation":{"text":"(43)","language_name":"english","language_id":38},"transliteration":{"text":null,"language_name":"english","language_id":38}}],"translations":[{"id":919881,"resource_id":134,"text":"Oleh karena itu, hadapkanlah wajahmu kepada agama yang lurus (Islam) sebelum datang dari Allah suatu hari yang tak dapat ditolak (kedatangannya), pada hari itu mereka terpisah-pisah <sup foot_note=210941>1</sup>."}]},{"id":3453,"verse_number":44,"verse_key":"30:44","juz_number":21,"hizb_number":41,"rub_el_hizb_number":163,"ruku_number":354,"manzil_number":5,"sajdah_number":null,"text_uthmani":"مَن كَفَرَ فَعَلَيْهِ كُفْرُهُۥ ۖ وَمَنْ عَمِلَ صَـٰلِحًا فَلِأَنفُسِهِمْ يَمْهَدُونَ","page_number":409,"words":[{"id":44682,"position":1,"audio_url":"wbw/030_044_001.mp3","qpc_uthmani_hafs":"مَن","char_type_name":"word","page_number":409,"line_number":3,"text":"ﭳ","translation":{"text":"Whoever","language_name":"english","language_id":38},"transliteration":{"text":"man","language_name":"english","language_id":38}},{"id":44683,"position":2,"audio_url":"wbw/030_044_002.mp3","qpc_uthmani_hafs":"كَفَرَ","char_type_name":"word","page_number":409,"line_number":4,"text":"ﭴ","translation":{"text":"disbelieves","language_name":"english","language_id":38},"transliteration":{"text":"kafara","language_name":"english","language_id":38}},{"id":44684,"position":3,"audio_url":"wbw/030_044_003.mp3","qpc_uthmani_hafs":"فَعَلَيۡهِ","char_type_name":"word","page_number":409,"line_number":4,"text":"ﭵ","translation":{"text":"then against him","language_name":"english","language_id":38},"transliteration":{"text":"faʿalayhi","language_name":"english","language_id":38}},{"id":44685,"position":4,"audio_url":"wbw/030_044_004.mp3","qpc_uthmani_hafs":"كُفۡرُهُۥۖ","char_type_name":"word","page_number":409,"line_number":4,"text":"ﭶﭷ","translation":{"text":"(is) his disbelief","language_name":"english","language_id":38},"transliteration":{"text":"kuf'ruhu","language_name":"english","language_id":38}},{"id":44687,"position":5,"audio_url":"wbw/030_044_006.mp3","qpc_uthmani_hafs":"وَمَنۡ","char_type_name":"word","page_number":409,"line_number":4,"text":"ﭸ","translation":{"text":"And whoever","language_name":"english","language_id":38},"transliteration":{"text":"waman","language_name":"english","language_id":38}},{"id":44688,"position":6,"audio_url":"wbw/030_044_007.mp3","qpc_uthmani_hafs":"عَمِلَ","char_type_name":"word","page_number":409,"line_number":4,"text":"ﭹ","translation":{"text":"does","language_name":"english","language_id":38},"transliteration":{"text":"ʿamila","language_name":"english","language_id":38}},{"id":44689,"position":7,"audio_url":"wbw/030_044_008.mp3","qpc_uthmani_hafs":"صَٰلِحٗا","char_type_name":"word","page_number":409,"line_number":4,"text":"ﭺ","translation":{"text":"righteousness","language_name":"english","language_id":38},"transliteration":{"text":"ṣāliḥan","language_name":"english","language_id":38}},{"id":44690,"position":8,"audio_url":"wbw/030_044_009.mp3","qpc_uthmani_hafs":"فَلِأَنفُسِهِمۡ","char_type_name":"word","page_number":409,"line_number":4,"text":"ﭻ","translation":{"text":"then for themselves","language_name":"english","language_id":38},"transliteration":{"text":"fali-anfusihim","language_name":"english","language_id":38}},{"id":44691,"position":9,"audio_url":"wbw/030_044_010.mp3","qpc_uthmani_hafs":"يَمۡهَدُونَ","char_type_name":"word","page_number":409,"line_number":4,"text":"ﭼ","translation":{"text":"they are preparing","language_name":"english","language_id":38},"transliteration":{"text":"yamhadūna","language_name":"english","language_id":38}},{"id":44692,"position":10,"audio_url":null,"qpc_uthmani_hafs":"٤٤","char_type_name":"end","page_number":409,"line_number":4,"text":"ﭽ","translation":{"text":"(44)","language_name":"english","language_id":38},"transliteration":{"text":null,"language_name":"english","language_id":38}}],"translations":[{"id":919882,"resource_id":134,"text":"Barang siapa yang kafir maka dia sendirilah yang menanggung (akibat) kekafirannya itu; dan barang siapa yang beramal saleh maka untuk diri mereka sendirilah mereka menyiapkan (tempat yang menyenangkan),"}]},{"id":3454,"verse_number":45,"verse_key":"30:45","juz_number":21,"hizb_number":41,"rub_el_hizb_number":163,"ruku_number":354,"manzil_number":5,"sajdah_number":null,"text_uthmani":"لِيَجْزِىَ ٱلَّذِينَ ءَامَنُوا۟ وَعَمِلُوا۟ ٱلصَّـٰلِحَـٰتِ مِن فَضْلِهِۦٓ ۚ إِنَّهُۥ لَا يُحِبُّ ٱلْكَـٰفِرِينَ","page_number":409,"words":[{"id":45423,"position":1,"audio_url":"wbw/030_045_001.mp3","qpc_uthmani_hafs":"لِيَجۡزِيَ","char_type_name":"word","page_number":409,"line_number":5,"text":"ﭾ","translation":{"text":"That He may reward","language_name":"english","language_id":38},"transliteration":{"text":"liyajziya","language_name":"english","language_id":38}},{"id":45424,"position":2,"audio_url":"wbw/030_045_002.mp3","qpc_uthmani_hafs":"ٱلَّذِينَ","char_type_name":"word","page_number":409,"line_number":5,"text":"ﭿ","translation":{"text":"those who","language_name":"english","language_id":38},"transliteration":{"text":"alladhīna","language_name":"english","language_id":38}},{"id":45425,"position":3,"audio_url":"wbw/030_045_003.mp3","qpc_uthmani_hafs":"ءَامَنُواْ","char_type_name":"word","page_number":409,"line_number":5,"text":"ﮀ","translation":{"text":"believe","language_name":"english","language_id":38},"transliteration":{"text":"āmanū","language_name":"english","language_id":38}},{"id":45426,"position":4,"audio_url":"wbw/030_045_004.mp3","qpc_uthmani_hafs":"وَعَمِلُواْ","char_type_name":"word","page_number":409,"line_number":5,"text":"ﮁ","translation":{"text":"and do","language_name":"english","language_id":38},"transliteration":{"text":"waʿamilū","language_name":"english","language_id":38}},{"id":45427,"position":5,"audio_url":"wbw/030_045_005.mp3","qpc_uthmani_hafs":"ٱلصَّٰلِحَٰتِ","char_type_name":"word","page_number":409,"line_number":5,"text":"ﮂ","translation":{"text":"righteous deeds","language_name":"english","language_id":38},"transliteration":{"text":"l-ṣāliḥāti","language_name":"english","language_id":38}},{"id":45428,"position":6,"audio_url":"wbw/030_045_006.mp3","qpc_uthmani_hafs":"مِن","char_type_name":"word","page_number":409,"line_number":5,"text":"ﮃ","translation":{"text":"(out) of","language_name":"english","language_id":38},"transliteration":{"text":"min","language_name":"english","language_id":38}},{"id":45429,"position":7,"audio_url":"wbw/030_045_007.mp3","qpc_uthmani_hafs":"فَضۡلِهِۦٓۚ","char_type_name":"word","page_number":409,"line_number":5,"text":"ﮄﮅ","translation":{"text":"His Bounty","language_name":"english","language_id":38},"transliteration":{"text":"faḍlihi","language_name":"english","language_id":38}},{"id":45431,"position":8,"audio_url":"wbw/030_045_009.mp3","qpc_uthmani_hafs":"إِنَّهُۥ","char_type_name":"word","page_number":409,"line_number":5,"text":"ﮆ","translation":{"text":"Indeed, He","language_name":"english","language_id":38},"transliteration":{"text":"innahu","language_name":"english","language_id":38}},{"id":45432,"position":9,"audio_url":"wbw/030_045_010.mp3","qpc_uthmani_hafs":"لَا","char_type_name":"word","page_number":409,"line_number":5,"text":"ﮇ","translation":{"text":"(does) not","language_name":"english","language_id":38},"transliteration":{"text":"lā","language_name":"english","language_id":38}},{"id":45433,"position":10,"audio_url":"wbw/030_045_011.mp3","qpc_uthmani_hafs":"يُحِبُّ","char_type_name":"word","page_number":409,"line_number":5,"text":"ﮈ","translation":{"text":"like","language_name":"english","language_id":38},"transliteration":{"text":"yuḥibbu","language_name":"english","language_id":38}},{"id":45434,"position":11,"audio_url":"wbw/030_045_012.mp3","qpc_uthmani_hafs":"ٱلۡكَٰفِرِينَ","char_type_name":"word","page_number":409,"line_number":6,"text":"ﮉ","translation":{"text":"the disbelievers","language_name":"english","language_id":38},"transliteration":{"text":"l-kāfirīna","language_name":"english","language_id":38}},{"id":45435,"position":12,"audio_url":null,"qpc_uthmani_hafs":"٤٥","char_type_name":"end","page_number":409,"line_number":6,"text":"ﮊ","translation":{"text":"(45)","language_name":"english","language_id":38},"transliteration":{"text":null,"language_name":"english","language_id":38}}],"translations":[{"id":919883,"resource_id":134,"text":"agar Allah memberi pahala kepada orang-orang yang beriman dan beramal saleh dari karunia-Nya. Sesungguhnya Dia tidak menyukai orang-orang yang ingkar."}]},{"id":3455,"verse_number":46,"verse_key":"30:46","juz_number":21,"hizb_number":41,"rub_el_hizb_number":163,"ruku_number":354,"manzil_number":5,"sajdah_number":null,"text_uthmani":"وَمِنْ ءَايَـٰتِهِۦٓ أَن يُرْسِلَ ٱلرِّيَاحَ مُبَشِّرَٰتٍ وَلِيُذِيقَكُم مِّن رَّحْمَتِهِۦ وَلِتَجْرِىَ ٱلْفُلْكُ بِأَمْرِهِۦ وَلِتَبْتَغُوا۟ مِن فَضْلِهِۦ وَلَعَلَّكُمْ تَشْكُرُونَ","page_number":409,"words":[{"id":45947,"position":1,"audio_url":"wbw/030_046_001.mp3","qpc_uthmani_hafs":"وَمِنۡ","char_type_name":"word","page_number":409,"line_number":6,"text":"ﮋ","translation":{"text":"And among","language_name":"english","language_id":38},"transliteration":{"text":"wamin","language_name":"english","language_id":38}},{"id":45948,"position":2,"audio_url":"wbw/030_046_002.mp3","qpc_uthmani_hafs":"ءَايَٰتِهِۦٓ","char_type_name":"word","page_number":409,"line_number":6,"text":"ﮌ","translation":{"text":"His Signs","language_name":"english","language_id":38},"transliteration":{"text":"āyātihi","language_name":"english","language_id":38}},{"id":45949,"position":3,"audio_url":"wbw/030_046_003.mp3","qpc_uthmani_hafs":"أَن","char_type_name":"word","page_number":409,"line_number":6,"text":"ﮍ","translation":{"text":"(is) that","language_name":"english","language_id":38},"transliteration":{"text":"an","language_name":"english","language_id":38}},{"id":45950,"position":4,"audio_url":"wbw/030_046_004.mp3","qpc_uthmani_hafs":"يُرۡسِلَ","char_type_name":"word","page_number":409,"line_number":6,"text":"ﮎ","translation":{"text":"He sends","language_name":"english","language_id":38},"transliteration":{"text":"yur'sila","language_name":"english","language_id":38}},{"id":45951,"position":5,"audio_url":"wbw/030_046_005.mp3","qpc_uthmani_hafs":"ٱلرِّيَاحَ","char_type_name":"word","page_number":409,"line_number":6,"text":"ﮏ","translation":{"text":"the winds","language_name":"english","language_id":38},"transliteration":{"text":"l-riyāḥa","language_name":"english","language_id":38}},{"id":45952,"position":6,"audio_url":"wbw/030_046_006.mp3","qpc_uthmani_hafs":"مُبَشِّرَٰتٖ","char_type_name":"word","page_number":409,"line_number":6,"text":"ﮐ","translation":{"text":"(as) bearers of glad tidings","language_name":"english","language_id":38},"transliteration":{"text":"mubashirātin","language_name":"english","language_id":38}},{"id":45953,"position":7,"audio_url":"wbw/030_046_007.mp3","qpc_uthmani_hafs":"وَلِيُذِيقَكُم","char_type_name":"word","page_number":409,"line_number":6,"text":"ﮑ","translation":{"text":"and to let you taste","language_name":"english","language_id":38},"transliteration":{"text":"waliyudhīqakum","language_name":"english","language_id":38}},{"id":45954,"position":8,"audio_url":"wbw/030_046_008.mp3","qpc_uthmani_hafs":"مِّن","char_type_name":"word","page_number":409,"line_number":7,"text":"ﮒ","translation":{"text":"of","language_name":"english","language_id":38},"transliteration":{"text":"min","language_name":"english","language_id":38}},{"id":45955,"position":9,"audio_url":"wbw/030_046_009.mp3","qpc_uthmani_hafs":"رَّحۡمَتِهِۦ","char_type_name":"word","page_number":409,"line_number":7,"text":"ﮓ","translation":{"text":"His Mercy","language_name":"english","language_id":38},"transliteration":{"text":"raḥmatihi","language_name":"english","language_id":38}},{"id":45956,"position":10,"audio_url":"wbw/030_046_010.mp3","qpc_uthmani_hafs":"وَلِتَجۡرِيَ","char_type_name":"word","page_number":409,"line_number":7,"text":"ﮔ","translation":{"text":"and that may sail","language_name":"english","language_id":38},"transliteration":{"text":"walitajriya","language_name":"english","language_id":38}},{"id":45957,"position":11,"audio_url":"wbw/030_046_011.mp3","qpc_uthmani_hafs":"ٱلۡفُلۡكُ","char_type_name":"word","page_number":409,"line_number":7,"text":"ﮕ","translation":{"text":"the ships","language_name":"english","language_id":38},"transliteration":{"text":"l-ful'ku","language_name":"english","language_id":38}},{"id":45958,"position":12,"audio_url":"wbw/030_046_012.mp3","qpc_uthmani_hafs":"بِأَمۡرِهِۦ","char_type_name":"word","page_number":409,"line_number":7,"text":"ﮖ","translation":{"text":"at His Command","language_name":"english","language_id":38},"transliteration":{"text":"bi-amrihi","language_name":"english","language_id":38}},{"id":45959,"position":13,"audio_url":"wbw/030_046_013.mp3","qpc_uthmani_hafs":"وَلِتَبۡتَغُواْ","char_type_name":"word","page_number":409,"line_number":7,"text":"ﮗ","translation":{"text":"and that you may seek","language_name":"english","language_id":38},"transliteration":{"text":"walitabtaghū","language_name":"english","language_id":38}},{"id":45960,"position":14,"audio_url":"wbw/030_046_014.mp3","qpc_uthmani_hafs":"مِن","char_type_name":"word","page_number":409,"line_number":7,"text":"ﮘ","translation":{"text":"of","language_name":"english","language_id":38},"transliteration":{"text":"min","language_name":"english","language_id":38}},{"id":45961,"position":15,"audio_url":"wbw/030_046_015.mp3","qpc_uthmani_hafs":"فَضۡلِهِۦ","char_type_name":"word","page_number":409,"line_number":7,"text":"ﮙ","translation":{"text":"His Bounty","language_name":"english","language_id":38},"transliteration":{"text":"faḍlihi","language_name":"english","language_id":38}},{"id":45962,"position":16,"audio_url":"wbw/030_046_016.mp3","qpc_uthmani_hafs":"وَلَعَلَّكُمۡ","char_type_name":"word","page_number":409,"line_number":7,"text":"ﮚ","translation":{"text":"and that you may","language_name":"english","language_id":38},"transliteration":{"text":"walaʿallakum","language_name":"english","language_id":38}},{"id":45963,"position":17,"audio_url":"wbw/030_046_017.mp3","qpc_uthmani_hafs":"تَشۡكُرُونَ","char_type_name":"word","page_number":409,"line_number":8,"text":"ﮛ","translation":{"text":"be grateful","language_name":"english","language_id":38},"transliteration":{"text":"tashkurūna","language_name":"english","language_id":38}},{"id":45964,"position":18,"audio_url":null,"qpc_uthmani_hafs":"٤٦","char_type_name":"end","page_number":409,"line_number":8,"text":"ﮜ","translation":{"text":"(46)","language_name":"english","language_id":38},"transliteration":{"text":null,"language_name":"english","language_id":38}}],"translations":[{"id":919884,"resource_id":134,"text":"Dan di antara tanda-tanda kekuasan-Nya adalah bahwa Dia mengirimkan angin sebagai pembawa berita gembira <sup foot_note=210942>1</sup>, dan untuk merasakan kepadamu sebagian dari rahmat-Nya dan supaya kapal dapat berlayar dengan perintah-Nya <sup foot_note=210943>2</sup> , dan (juga) supaya kamu dapat mencari karunia-Nya; mudah-mudahan kamu bersyukur."}]},{"id":3456,"verse_number":47,"verse_key":"30:47","juz_number":21,"hizb_number":41,"rub_el_hizb_number":163,"ruku_number":354,"manzil_number":5,"sajdah_number":null,"text_uthmani":"وَلَقَدْ أَرْسَلْنَا مِن قَبْلِكَ رُسُلًا إِلَىٰ قَوْمِهِمْ فَجَآءُوهُم بِٱلْبَيِّنَـٰتِ فَٱنتَقَمْنَا مِنَ ٱلَّذِينَ أَجْرَمُوا۟ ۖ وَكَانَ حَقًّا عَلَيْنَا نَصْرُ ٱلْمُؤْمِنِينَ","page_number":409,"words":[{"id":46803,"position":1,"audio_url":"wbw/030_047_001.mp3","qpc_uthmani_hafs":"وَلَقَدۡ","char_type_name":"word","page_number":409,"line_number":8,"text":"ﮝ","translation":{"text":"And verily","language_name":"english","language_id":38},"transliteration":{"text":"walaqad","language_name":"english","language_id":38}},{"id":46804,"position":2,"audio_url":"wbw/030_047_002.mp3","qpc_uthmani_hafs":"أَرۡسَلۡنَا","char_type_name":"word","page_number":409,"line_number":8,"text":"ﮞ","translation":{"text":"We sent","language_name":"english","language_id":38},"transliteration":{"text":"arsalnā","language_name":"english","language_id":38}},{"id":46805,"position":3,"audio_url":"wbw/030_047_003.mp3","qpc_uthmani_hafs":"مِن","char_type_name":"word","page_number":409,"line_number":8,"text":"ﮟ","translation":{"text":"before you","language_name":"english","language_id":38},"transliteration":{"text":"min","language_name":"english","language_id":38}},{"id":46806,"position":4,"audio_url":"wbw/030_047_004.mp3","qpc_uthmani_hafs":"قَبۡلِكَ","char_type_name":"word","page_number":409,"line_number":8,"text":"ﮠ","translation":{"text":"before you","language_name":"english","language_id":38},"transliteration":{"text":"qablika","language_name":"english","language_id":38}},{"id":46807,"position":5,"audio_url":"wbw/030_047_005.mp3","qpc_uthmani_hafs":"رُسُلًا","char_type_name":"word","page_number":409,"line_number":8,"text":"ﮡ","translation":{"text":"Messengers","language_name":"english","language_id":38},"transliteration":{"text":"rusulan","language_name":"english","language_id":38}},{"id":46808,"position":6,"audio_url":"wbw/030_047_006.mp3","qpc_uthmani_hafs":"إِلَىٰ","char_type_name":"word","page_number":409,"line_number":8,"text":"ﮢ","translation":{"text":"to","language_name":"english","language_id":38},"transliteration":{"text":"ilā","language_name":"english","language_id":38}},{"id":46809,"position":7,"audio_url":"wbw/030_047_007.mp3","qpc_uthmani_hafs":"قَوۡمِهِمۡ","char_type_name":"word","page_number":409,"line_number":8,"text":"ﮣ","translation":{"text":"their people","language_name":"english","language_id":38},"transliteration":{"text":"qawmihim","language_name":"english","language_id":38}},{"id":46810,"position":8,"audio_url":"wbw/030_047_008.mp3","qpc_uthmani_hafs":"فَجَآءُوهُم","char_type_name":"word","page_number":409,"line_number":8,"text":"ﮤ","translation":{"text":"and they came to them","language_name":"english","language_id":38},"transliteration":{"text":"fajāūhum","language_name":"english","language_id":38}},{"id":46811,"position":9,"audio_url":"wbw/030_047_009.mp3","qpc_uthmani_hafs":"بِٱلۡبَيِّنَٰتِ","char_type_name":"word","page_number":409,"line_number":9,"text":"ﮥ","translation":{"text":"with clear proofs","language_name":"english","language_id":38},"transliteration":{"text":"bil-bayināti","language_name":"english","language_id":38}},{"id":46812,"position":10,"audio_url":"wbw/030_047_010.mp3","qpc_uthmani_hafs":"فَٱنتَقَمۡنَا","char_type_name":"word","page_number":409,"line_number":9,"text":"ﮦ","translation":{"text":"then We took retribution","language_name":"english","language_id":38},"transliteration":{"text":"fa-intaqamnā","language_name":"english","language_id":38}},{"id":46813,"position":11,"audio_url":"wbw/030_047_011.mp3","qpc_uthmani_hafs":"مِنَ","char_type_name":"word","page_number":409,"line_number":9,"text":"ﮧ","translation":{"text":"from","language_name":"english","language_id":38},"transliteration":{"text":"mina","language_name":"english","language_id":38}},{"id":46814,"position":12,"audio_url":"wbw/030_047_012.mp3","qpc_uthmani_hafs":"ٱلَّذِينَ","char_type_name":"word","page_number":409,"line_number":9,"text":"ﮨ","translation":{"text":"those who","language_name":"english","language_id":38},"transliteration":{"text":"alladhīna","language_name":"english","language_id":38}},{"id":46815,"position":13,"audio_url":"wbw/030_047_013.mp3","qpc_uthmani_hafs":"أَجۡرَمُواْۖ","char_type_name":"word","page_number":409,"line_number":9,"text":"ﮩﮪ","translation":{"text":"committed crimes","language_name":"english","language_id":38},"transliteration":{"text":"ajramū","language_name":"english","language_id":38}},{"id":46817,"position":14,"audio_url":"wbw/030_047_015.mp3","qpc_uthmani_hafs":"وَكَانَ","char_type_name":"word","page_number":409,"line_number":9,"text":"ﮫ","translation":{"text":"And it was","language_name":"english","language_id":38},"transliteration":{"text":"wakāna","language_name":"english","language_id":38}},{"id":46818,"position":15,"audio_url":"wbw/030_047_016.mp3","qpc_uthmani_hafs":"حَقًّا","char_type_name":"word","page_number":409,"line_number":9,"text":"ﮬ","translation":{"text":"incumbent","language_name":"english","language_id":38},"transliteration":{"text":"ḥaqqan","language_name":"english","language_id":38}},{"id":46819,"position":16,"audio_url":"wbw/030_047_017.mp3","qpc_uthmani_hafs":"عَلَيۡنَا","char_type_name":"word","page_number":409,"line_number":9,"text":"ﮭ","translation":{"text":"upon Us","language_name":"english","language_id":38},"transliteration":{"text":"ʿalaynā","language_name":"english","language_id":38}},{"id":46820,"position":17,"audio_url":"wbw/030_047_018.mp3","qpc_uthmani_hafs":"نَصۡرُ","char_type_name":"word","page_number":409,"line_number":9,"text":"ﮮ","translation":{"text":"(to) help","language_name":"english","language_id":38},"transliteration":{"text":"naṣru","language_name":"english","language_id":38}},{"id":46821,"position":18,"audio_url":"wbw/030_047_019.mp3","qpc_uthmani_hafs":"ٱلۡمُؤۡمِنِينَ","char_type_name":"word","page_number":409,"line_number":10,"text":"ﮯ","translation":{"text":"the believers","language_name":"english","language_id":38},"transliteration":{"text":"l-mu'minīna","language_name":"english","language_id":38}},{"id":46822,"position":19,"audio_url":null,"qpc_uthmani_hafs":"٤٧","char_type_name":"end","page_number":409,"line_number":10,"text":"ﮰ","translation":{"text":"(47)","language_name":"english","language_id":38},"transliteration":{"text":null,"language_name":"english","language_id":38}}],"translations":[{"id":919885,"resource_id":134,"text":"Dan Sesungguhnya Kami telah mengutus sebelum kamu beberapa orang rasul kepada kaumnya, mereka datang kepadanya dengan membawa keterangan-keterangan (yang cukup), lalu Kami melakukan pembalasan terhadap orang-orang yang berdosa <sup foot_note=210944>1</sup>.  Dan Kami selalu berkewajiban menolong orang-orang yang beriman."}]},{"id":3457,"verse_number":48,"verse_key":"30:48","juz_number":21,"hizb_number":41,"rub_el_hizb_number":163,"ruku_number":354,"manzil_number":5,"sajdah_number":null,"text_uthmani":"ٱللَّهُ ٱلَّذِى يُرْسِلُ ٱلرِّيَـٰحَ فَتُثِيرُ سَحَابًا فَيَبْسُطُهُۥ فِى ٱلسَّمَآءِ كَيْفَ يَشَآءُ وَيَجْعَلُهُۥ كِسَفًا فَتَرَى ٱلْوَدْقَ يَخْرُجُ مِنْ خِلَـٰلِهِۦ ۖ فَإِذَآ أَصَابَ بِهِۦ مَن يَشَآءُ مِنْ عِبَادِهِۦٓ إِذَا هُمْ يَسْتَبْشِرُونَ","page_number":409,"words":[{"id":47567,"position":1,"audio_url":"wbw/030_048_001.mp3","qpc_uthmani_hafs":"ٱللَّهُ","char_type_name":"word","page_number":409,"line_number":10,"text":"ﮱ","translation":{"text":"Allah","language_name":"english","language_id":38},"transliteration":{"text":"al-lahu","language_name":"english","language_id":38}},{"id":47568,"position":2,"audio_url":"wbw/030_048_002.mp3","qpc_uthmani_hafs":"ٱلَّذِي","char_type_name":"word","page_number":409,"line_number":10,"text":"ﯓ","translation":{"text":"(is) the One Who","language_name":"english","language_id":38},"transliteration":{"text":"alladhī","language_name":"english","language_id":38}},{"id":47569,"position":3,"audio_url":"wbw/030_048_003.mp3","qpc_uthmani_hafs":"يُرۡسِلُ","char_type_name":"word","page_number":409,"line_number":10,"text":"ﯔ","translation":{"text":"sends","language_name":"english","language_id":38},"transliteration":{"text":"yur'silu","language_name":"english","language_id":38}},{"id":47570,"position":4,"audio_url":"wbw/030_048_004.mp3","qpc_uthmani_hafs":"ٱلرِّيَٰحَ","char_type_name":"word","page_number":409,"line_number":10,"text":"ﯕ","translation":{"text":"the winds","language_name":"english","language_id":38},"transliteration":{"text":"l-riyāḥa","language_name":"english","language_id":38}},{"id":47571,"position":5,"audio_url":"wbw/030_048_005.mp3","qpc_uthmani_hafs":"فَتُثِيرُ","char_type_name":"word","page_number":409,"line_number":10,"text":"ﯖ","translation":{"text":"so they raise","language_name":"english","language_id":38},"transliteration":{"text":"fatuthīru","language_name":"english","language_id":38}},{"id":47572,"position":6,"audio_url":"wbw/030_048_006.mp3","qpc_uthmani_hafs":"سَحَابٗا","char_type_name":"word","page_number":409,"line_number":10,"text":"ﯗ","translation":{"text":"(the) clouds","language_name":"english","language_id":38},"transliteration":{"text":"saḥāban","language_name":"english","language_id":38}},{"id":47573,"position":7,"audio_url":"wbw/030_048_007.mp3","qpc_uthmani_hafs":"فَيَبۡسُطُهُۥ","char_type_name":"word","page_number":409,"line_number":10,"text":"ﯘ","translation":{"text":"then He spreads them","language_name":"english","language_id":38},"transliteration":{"text":"fayabsuṭuhu","language_name":"english","language_id":38}},{"id":47574,"position":8,"audio_url":"wbw/030_048_008.mp3","qpc_uthmani_hafs":"فِي","char_type_name":"word","page_number":409,"line_number":11,"text":"ﯙ","translation":{"text":"in","language_name":"english","language_id":38},"transliteration":{"text":"fī","language_name":"english","language_id":38}},{"id":47575,"position":9,"audio_url":"wbw/030_048_009.mp3","qpc_uthmani_hafs":"ٱلسَّمَآءِ","char_type_name":"word","page_number":409,"line_number":11,"text":"ﯚ","translation":{"text":"the sky","language_name":"english","language_id":38},"transliteration":{"text":"l-samāi","language_name":"english","language_id":38}},{"id":47576,"position":10,"audio_url":"wbw/030_048_010.mp3","qpc_uthmani_hafs":"كَيۡفَ","char_type_name":"word","page_number":409,"line_number":11,"text":"ﯛ","translation":{"text":"how","language_name":"english","language_id":38},"transliteration":{"text":"kayfa","language_name":"english","language_id":38}},{"id":47577,"position":11,"audio_url":"wbw/030_048_011.mp3","qpc_uthmani_hafs":"يَشَآءُ","char_type_name":"word","page_number":409,"line_number":11,"text":"ﯜ","translation":{"text":"He wills","language_name":"english","language_id":38},"transliteration":{"text":"yashāu","language_name":"english","language_id":38}},{"id":47578,"position":12,"audio_url":"wbw/030_048_012.mp3","qpc_uthmani_hafs":"وَيَجۡعَلُهُۥ","char_type_name":"word","page_number":409,"line_number":11,"text":"ﯝ","translation":{"text":"and He makes them","language_name":"english","language_id":38},"transliteration":{"text":"wayajʿaluhu","language_name":"english","language_id":38}},{"id":47579,"position":13,"audio_url":"wbw/030_048_013.mp3","qpc_uthmani_hafs":"كِسَفٗا","char_type_name":"word","page_number":409,"line_number":11,"text":"ﯞ","translation":{"text":"fragments","language_name":"english","language_id":38},"transliteration":{"text":"kisafan","language_name":"english","language_id":38}},{"id":47580,"position":14,"audio_url":"wbw/030_048_014.mp3","qpc_uthmani_hafs":"فَتَرَى","char_type_name":"word","page_number":409,"line_number":11,"text":"ﯟ","translation":{"text":"so you see","language_name":"english","language_id":38},"transliteration":{"text":"fatarā","language_name":"english","language_id":38}},{"id":47581,"position":15,"audio_url":"wbw/030_048_015.mp3","qpc_uthmani_hafs":"ٱلۡوَدۡقَ","char_type_name":"word","page_number":409,"line_number":11,"text":"ﯠ","translation":{"text":"the rain","language_name":"english","language_id":38},"transliteration":{"text":"l-wadqa","language_name":"english","language_id":38}},{"id":47582,"position":16,"audio_url":"wbw/030_048_016.mp3","qpc_uthmani_hafs":"يَخۡرُجُ","char_type_name":"word","page_number":409,"line_number":11,"text":"ﯡ","translation":{"text":"coming forth","language_name":"english","language_id":38},"transliteration":{"text":"yakhruju","language_name":"english","language_id":38}},{"id":47583,"position":17,"audio_url":"wbw/030_048_017.mp3","qpc_uthmani_hafs":"مِنۡ","char_type_name":"word","page_number":409,"line_number":11,"text":"ﯢ","translation":{"text":"from","language_name":"english","language_id":38},"transliteration":{"text":"min","language_name":"english","language_id":38}},{"id":47584,"position":18,"audio_url":"wbw/030_048_018.mp3","qpc_uthmani_hafs":"خِلَٰلِهِۦۖ","char_type_name":"word","page_number":409,"line_number":12,"text":"ﯣﯤ","translation":{"text":"their midst","language_name":"english","language_id":38},"transliteration":{"text":"khilālihi","language_name":"english","language_id":38}},{"id":47586,"position":19,"audio_url":"wbw/030_048_020.mp3","qpc_uthmani_hafs":"فَإِذَآ","char_type_name":"word","page_number":409,"line_number":12,"text":"ﯥ","translation":{"text":"Then when","language_name":"english","language_id":38},"transliteration":{"text":"fa-idhā","language_name":"english","language_id":38}},{"id":47587,"position":20,"audio_url":"wbw/030_048_021.mp3","qpc_uthmani_hafs":"أَصَابَ","char_type_name":"word","page_number":409,"line_number":12,"text":"ﯦ","translation":{"text":"He causes it to fall on","language_name":"english","language_id":38},"transliteration":{"text":"aṣāba","language_name":"english","language_id":38}},{"id":47588,"position":21,"audio_url":"wbw/030_048_022.mp3","qpc_uthmani_hafs":"بِهِۦ","char_type_name":"word","page_number":409,"line_number":12,"text":"ﯧ","translation":{"text":"He causes it to fall on","language_name":"english","language_id":38},"transliteration":{"text":"bihi","language_name":"english","language_id":38}},{"id":47589,"position":22,"audio_url":"wbw/030_048_023.mp3","qpc_uthmani_hafs":"مَن","char_type_name":"word","page_number":409,"line_number":12,"text":"ﯨ","translation":{"text":"whom","language_name":"english","language_id":38},"transliteration":{"text":"man","language_name":"english","language_id":38}},{"id":47590,"position":23,"audio_url":"wbw/030_048_024.mp3","qpc_uthmani_hafs":"يَشَآءُ","char_type_name":"word","page_number":409,"line_number":12,"text":"ﯩ","translation":{"text":"He wills","language_name":"english","language_id":38},"transliteration":{"text":"yashāu","language_name":"english","language_id":38}},{"id":47591,"position":24,"audio_url":"wbw/030_048_025.mp3","qpc_uthmani_hafs":"مِنۡ","char_type_name":"word","page_number":409,"line_number":12,"text":"ﯪ","translation":{"text":"of","language_name":"english","language_id":38},"transliteration":{"text":"min","language_name":"english","language_id":38}},{"id":47592,"position":25,"audio_url":"wbw/030_048_026.mp3","qpc_uthmani_hafs":"عِبَادِهِۦٓ","char_type_name":"word","page_number":409,"line_number":12,"text":"ﯫ","translation":{"text":"His slaves","language_name":"english","language_id":38},"transliteration":{"text":"ʿibādihi","language_name":"english","language_id":38}},{"id":47593,"position":26,"audio_url":"wbw/030_048_027.mp3","qpc_uthmani_hafs":"إِذَا","char_type_name":"word","page_number":409,"line_number":12,"text":"ﯬ","translation":{"text":"behold","language_name":"english","language_id":38},"transliteration":{"text":"idhā","language_name":"english","language_id":38}},{"id":47594,"position":27,"audio_url":"wbw/030_048_028.mp3","qpc_uthmani_hafs":"هُمۡ","char_type_name":"word","page_number":409,"line_number":12,"text":"ﯭ","translation":{"text":"They","language_name":"english","language_id":38},"transliteration":{"text":"hum","language_name":"english","language_id":38}},{"id":47595,"position":28,"audio_url":"wbw/030_048_029.mp3","qpc_uthmani_hafs":"يَسۡتَبۡشِرُونَ","char_type_name":"word","page_number":409,"line_number":12,"text":"ﯮ","translation":{"text":"rejoice","language_name":"english","language_id":38},"transliteration":{"text":"yastabshirūna","language_name":"english","language_id":38}},{"id":47596,"position":29,"audio_url":null,"qpc_uthmani_hafs":"٤٨","char_type_name":"end","page_number":409,"line_number":13,"text":"ﯯ","translation":{"text":"(48)","language_name":"english","language_id":38},"transliteration":{"text":null,"language_name":"english","language_id":38}}],"translations":[{"id":919886,"resource_id":134,"text":"Allah, Dia-lah yang mengirim angin, lalu angin itu menggerakkan awan dan Allah membentangkannya di langit menurut yang dikehendaki-Nya dan menjadikannya bergumpal-gumpal; lalu kamu lihat hujan keluar dari celah-celahnya, maka apabila hujan itu turun mengenai hamba-hamba-Nya yang dikehendaki-Nya, tiba-tiba mereka menjadi gembira."}]},{"id":3458,"verse_number":49,"verse_key":"30:49","juz_number":21,"hizb_number":41,"rub_el_hizb_number":163,"ruku_number":354,"manzil_number":5,"sajdah_number":null,"text_uthmani":"وَإِن كَانُوا۟ مِن قَبْلِ أَن يُنَزَّلَ عَلَيْهِم مِّن قَبْلِهِۦ لَمُبْلِسِينَ","page_number":409,"words":[{"id":48236,"position":1,"audio_url":"wbw/030_049_001.mp3","qpc_uthmani_hafs":"وَإِن","char_type_name":"word","page_number":409,"line_number":13,"text":"ﯰ","translation":{"text":"And certainly","language_name":"english","language_id":38},"transliteration":{"text":"wa-in","language_name":"english","language_id":38}},{"id":48237,"position":2,"audio_url":"wbw/030_049_002.mp3","qpc_uthmani_hafs":"كَانُواْ","char_type_name":"word","page_number":409,"line_number":13,"text":"ﯱ","translation":{"text":"they were","language_name":"english","language_id":38},"transliteration":{"text":"kānū","language_name":"english","language_id":38}},{"id":48238,"position":3,"audio_url":"wbw/030_049_003.mp3","qpc_uthmani_hafs":"مِن","char_type_name":"word","page_number":409,"line_number":13,"text":"ﯲ","translation":{"text":"before","language_name":"english","language_id":38},"transliteration":{"text":"min","language_name":"english","language_id":38}},{"id":48239,"position":4,"audio_url":"wbw/030_049_004.mp3","qpc_uthmani_hafs":"قَبۡلِ","char_type_name":"word","page_number":409,"line_number":13,"text":"ﯳ","translation":{"text":"before","language_name":"english","language_id":38},"transliteration":{"text":"qabli","language_name":"english","language_id":38}},{"id":48240,"position":5,"audio_url":"wbw/030_049_005.mp3","qpc_uthmani_hafs":"أَن","char_type_name":"word","page_number":409,"line_number":13,"text":"ﯴ","translation":{"text":"[that]","language_name":"english","language_id":38},"transliteration":{"text":"an","language_name":"english","language_id":38}},{"id":48241,"position":6,"audio_url":"wbw/030_049_006.mp3","qpc_uthmani_hafs":"يُنَزَّلَ","char_type_name":"word","page_number":409,"line_number":13,"text":"ﯵ","translation":{"text":"it was sent down","language_name":"english","language_id":38},"transliteration":{"text":"yunazzala","language_name":"english","language_id":38}},{"id":48242,"position":7,"audio_url":"wbw/030_049_007.mp3","qpc_uthmani_hafs":"عَلَيۡهِم","char_type_name":"word","page_number":409,"line_number":13,"text":"ﯶ","translation":{"text":"upon them","language_name":"english","language_id":38},"transliteration":{"text":"ʿalayhim","language_name":"english","language_id":38}},{"id":48243,"position":8,"audio_url":"wbw/030_049_008.mp3","qpc_uthmani_hafs":"مِّن","char_type_name":"word","page_number":409,"line_number":13,"text":"ﯷ","translation":{"text":"[before it]","language_name":"english","language_id":38},"transliteration":{"text":"min","language_name":"english","language_id":38}},{"id":48244,"position":9,"audio_url":"wbw/030_049_009.mp3","qpc_uthmani_hafs":"قَبۡلِهِۦ","char_type_name":"word","page_number":409,"line_number":13,"text":"ﯸ","translation":{"text":"[before it]","language_name":"english","language_id":38},"transliteration":{"text":"qablihi","language_name":"english","language_id":38}},{"id":48245,"position":10,"audio_url":"wbw/030_049_010.mp3","qpc_uthmani_hafs":"لَمُبۡلِسِينَ","char_type_name":"word","page_number":409,"line_number":13,"text":"ﯹ","translation":{"text":"surely in despair","language_name":"english","language_id":38},"transliteration":{"text":"lamub'lisīna","language_name":"english","language_id":38}},{"id":48246,"position":11,"audio_url":null,"qpc_uthmani_hafs":"٤٩","char_type_name":"end","page_number":409,"line_number":14,"text":"ﯺ","translation":{"text":"(49)","language_name":"english","language_id":38},"transliteration":{"text":null,"language_name":"english","language_id":38}}],"translations":[{"id":919887,"resource_id":134,"text":"Dan Sesungguhnya sebelum hujan diturunkan kepada mereka, mereka benar-benar telah berputus asa."}]},{"id":3459,"verse_number":50,"verse_key":"30:50","juz_number":21,"hizb_number":41,"rub_el_hizb_number":163,"ruku_number":354,"manzil_number":5,"sajdah_number":null,"text_uthmani":"فَٱنظُرْ إِلَىٰٓ ءَاثَـٰرِ رَحْمَتِ ٱللَّهِ كَيْفَ يُحْىِ ٱلْأَرْضَ بَعْدَ مَوْتِهَآ ۚ إِنَّ ذَٰلِكَ لَمُحْىِ ٱلْمَوْتَىٰ ۖ وَهُوَ عَلَىٰ كُلِّ شَىْءٍ قَدِيرٌ","page_number":409,"words":[{"id":48495,"position":1,"audio_url":"wbw/030_050_001.mp3","qpc_uthmani_hafs":"فَٱنظُرۡ","char_type_name":"word","page_number":409,"line_number":14,"text":"ﯻ","translation":{"text":"So look","language_name":"english","language_id":38},"transliteration":{"text":"fa-unẓur","language_name":"english","language_id":38}},{"id":48496,"position":2,"audio_url":"wbw/030_050_002.mp3","qpc_uthmani_hafs":"إِلَىٰٓ","char_type_name":"word","page_number":409,"line_number":14,"text":"ﯼ","translation":{"text":"at","language_name":"english","language_id":38},"transliteration":{"text":"ilā","language_name":"english","language_id":38}},{"id":48497,"position":3,"audio_url":"wbw/030_050_003.mp3","qpc_uthmani_hafs":"ءَاثَٰرِ","char_type_name":"word","page_number":409,"line_number":14,"text":"ﯽ","translation":{"text":"(the) effects","language_name":"english","language_id":38},"transliteration":{"text":"āthāri","language_name":"english","language_id":38}},{"id":48498,"position":4,"audio_url":"wbw/030_050_004.mp3","qpc_uthmani_hafs":"رَحۡمَتِ","char_type_name":"word","page_number":409,"line_number":14,"text":"ﯾ","translation":{"text":"(of the) Mercy","language_name":"english","language_id":38},"transliteration":{"text":"raḥmati","language_name":"english","language_id":38}},{"id":48499,"position":5,"audio_url":"wbw/030_050_005.mp3","qpc_uthmani_hafs":"ٱللَّهِ","char_type_name":"word","page_number":409,"line_number":14,"text":"ﯿ","translation":{"text":"(of) Allah","language_name":"english","language_id":38},"transliteration":{"text":"l-lahi","language_name":"english","language_id":38}},{"id":48500,"position":6,"audio_url":"wbw/030_050_006.mp3","qpc_uthmani_hafs":"كَيۡفَ","char_type_name":"word","page_number":409,"line_number":14,"text":"ﰀ","translation":{"text":"how","language_name":"english","language_id":38},"transliteration":{"text":"kayfa","language_name":"english","language_id":38}},{"id":48501,"position":7,"audio_url":"wbw/030_050_007.mp3","qpc_uthmani_hafs":"يُحۡيِ","char_type_name":"word","page_number":409,"line_number":14,"text":"ﰁ","translation":{"text":"He gives life","language_name":"english","language_id":38},"transliteration":{"text":"yuḥ'yī","language_name":"english","language_id":38}},{"id":48502,"position":8,"audio_url":"wbw/030_050_008.mp3","qpc_uthmani_hafs":"ٱلۡأَرۡضَ","char_type_name":"word","page_number":409,"line_number":14,"text":"ﰂ","translation":{"text":"(to) the earth","language_name":"english","language_id":38},"transliteration":{"text":"l-arḍa","language_name":"english","language_id":38}},{"id":48503,"position":9,"audio_url":"wbw/030_050_009.mp3","qpc_uthmani_hafs":"بَعۡدَ","char_type_name":"word","page_number":409,"line_number":14,"text":"ﰃ","translation":{"text":"after","language_name":"english","language_id":38},"transliteration":{"text":"baʿda","language_name":"english","language_id":38}},{"id":48504,"position":10,"audio_url":"wbw/030_050_010.mp3","qpc_uthmani_hafs":"مَوۡتِهَآۚ","char_type_name":"word","page_number":409,"line_number":15,"text":"ﰄﰅ","translation":{"text":"its death","language_name":"english","language_id":38},"transliteration":{"text":"mawtihā","language_name":"english","language_id":38}},{"id":48506,"position":11,"audio_url":"wbw/030_050_012.mp3","qpc_uthmani_hafs":"إِنَّ","char_type_name":"word","page_number":409,"line_number":15,"text":"ﰆ","translation":{"text":"Indeed","language_name":"english","language_id":38},"transliteration":{"text":"inna","language_name":"english","language_id":38}},{"id":48507,"position":12,"audio_url":"wbw/030_050_013.mp3","qpc_uthmani_hafs":"ذَٰلِكَ","char_type_name":"word","page_number":409,"line_number":15,"text":"ﰇ","translation":{"text":"that","language_name":"english","language_id":38},"transliteration":{"text":"dhālika","language_name":"english","language_id":38}},{"id":48508,"position":13,"audio_url":"wbw/030_050_014.mp3","qpc_uthmani_hafs":"لَمُحۡيِ","char_type_name":"word","page_number":409,"line_number":15,"text":"ﰈ","translation":{"text":"surely He (will) give life","language_name":"english","language_id":38},"transliteration":{"text":"lamuḥ'yī","language_name":"english","language_id":38}},{"id":48509,"position":14,"audio_url":"wbw/030_050_015.mp3","qpc_uthmani_hafs":"ٱلۡمَوۡتَىٰۖ","char_type_name":"word","page_number":409,"line_number":15,"text":"ﰉﰊ","translation":{"text":"(to) the dead","language_name":"english","language_id":38},"transliteration":{"text":"l-mawtā","language_name":"english","language_id":38}},{"id":48511,"position":15,"audio_url":"wbw/030_050_017.mp3","qpc_uthmani_hafs":"وَهُوَ","char_type_name":"word","page_number":409,"line_number":15,"text":"ﰋ","translation":{"text":"And He","language_name":"english","language_id":38},"transliteration":{"text":"wahuwa","language_name":"english","language_id":38}},{"id":48512,"position":16,"audio_url":"wbw/030_050_018.mp3","qpc_uthmani_hafs":"عَلَىٰ","char_type_name":"word","page_number":409,"line_number":15,"text":"ﰌ","translation":{"text":"(is) on","language_name":"english","language_id":38},"transliteration":{"text":"ʿalā","language_name":"english","language_id":38}},{"id":48513,"position":17,"audio_url":"wbw/030_050_019.mp3","qpc_uthmani_hafs":"كُلِّ","char_type_name":"word","page_number":409,"line_number":15,"text":"ﰍ","translation":{"text":"every","language_name":"english","language_id":38},"transliteration":{"text":"kulli","language_name":"english","language_id":38}},{"id":48514,"position":18,"audio_url":"wbw/030_050_020.mp3","qpc_uthmani_hafs":"شَيۡءٖ","char_type_name":"word","page_number":409,"line_number":15,"text":"ﰎ","translation":{"text":"thing","language_name":"english","language_id":38},"transliteration":{"text":"shayin","language_name":"english","language_id":38}},{"id":48515,"position":19,"audio_url":"wbw/030_050_021.mp3","qpc_uthmani_hafs":"قَدِيرٞ","char_type_name":"word","page_number":409,"line_number":15,"text":"ﰏ","translation":{"text":"All-Powerful","language_name":"english","language_id":38},"transliteration":{"text":"qadīrun","language_name":"english","language_id":38}},{"id":48516,"position":20,"audio_url":null,"qpc_uthmani_hafs":"٥٠","char_type_name":"end","page_number":409,"line_number":15,"text":"ﰐ","translation":{"text":"(50)","language_name":"english","language_id":38},"transliteration":{"text":null,"language_name":"english","language_id":38}}],"translations":[{"id":919888,"resource_id":134,"text":"Maka perhatikanlah bekas-bekas rahmat Allah, bagaimana Allah menghidupkan bumi yang sudah mati.  Sesungguhnya (Tuhan yang berkuasa seperti) demikian benar-benar (berkuasa) menghidupkan orang-orang yang telah mati.  Dan Dia Maha Kuasa atas segala sesuatu."}]}],"pagination":{"per_page":50,"current_page":1,"next_page":null,"total_pages":1,"total_records":9}}