{"verses":[{"id":3489,"verse_number":20,"verse_key":"31:20","juz_number":21,"hizb_number":41,"rub_el_hizb_number":164,"ruku_number":358,"manzil_number":5,"sajdah_number":null,"text_uthmani":"أَلَمْ تَرَوْا۟ أَنَّ ٱللَّهَ سَخَّرَ لَكُم مَّا فِى ٱلسَّمَـٰوَٰتِ وَمَا فِى ٱلْأَرْضِ وَأَسْبَغَ عَلَيْكُمْ نِعَمَهُۥ ظَـٰهِرَةً وَبَاطِنَةً ۗ وَمِنَ ٱلنَّاسِ مَن يُجَـٰدِلُ فِى ٱللَّهِ بِغَيْرِ عِلْمٍ وَلَا هُدًى وَلَا كِتَـٰبٍ مُّنِيرٍ","page_number":413,"words":[{"id":23118,"position":1,"audio_url":"wbw/031_020_001.mp3","qpc_uthmani_hafs":"أَلَمۡ","char_type_name":"word","page_number":413,"line_number":1,"text":"ﭑ","translation":{"text":"Do not","language_name":"english","language_id":38},"transliteration":{"text":"alam","language_name":"english","language_id":38}},{"id":23119,"position":2,"audio_url":"wbw/031_020_002.mp3","qpc_uthmani_hafs":"تَرَوۡاْ","char_type_name":"word","page_number":413,"line_number":1,"text":"ﭒ","translation":{"text":"you see","language_name":"english","language_id":38},"transliteration":{"text":"taraw","language_name":"english","language_id":38}},{"id":23120,"position":3,"audio_url":"wbw/031_020_003.mp3","qpc_uthmani_hafs":"أَنَّ","char_type_name":"word","page_number":413,"line_number":1,"text":"ﭓ","translation":{"text":"that","language_name":"english","language_id":38},"transliteration":{"text":"anna","language_name":"english","language_id":38}},{"id":23121,"position":4,"audio_url":"wbw/031_020_004.mp3","qpc_uthmani_hafs":"ٱللَّهَ","char_type_name":"word","page_number":413,"line_number":1,"text":"ﭔ","translation":{"text":"Allah","language_name":"english","language_id":38},"transliteration":{"text":"l-laha","language_name":"english","language_id":38}},{"id":23122,"position":5,"audio_url":"wbw/031_020_005.mp3","qpc_uthmani_hafs":"سَخَّرَ","char_type_name":"word","page_number":413,"line_number":1,"text":"ﭕ","translation":{"text":"has subjected","language_name":"english","language_id":38},"transliteration":{"text":"sakhara","language_name":"english","language_id":38}},{"id":23123,"position":6,"audio_url":"wbw/031_020_006.mp3","qpc_uthmani_hafs":"لَكُم","char_type_name":"word","page_number":413,"line_number":1,"text":"ﭖ","translation":{"text":"to you","language_name":"english","language_id":38},"transliteration":{"text":"lakum","language_name":"english","language_id":38}},{"id":23124,"position":7,"audio_url":"wbw/031_020_007.mp3","qpc_uthmani_hafs":"مَّا","char_type_name":"word","page_number":413,"line_number":1,"text":"ﭗ","translation":{"text":"whatever","language_name":"english","language_id":38},"transliteration":{"text":"mā","language_name":"english","language_id":38}},{"id":23125,"position":8,"audio_url":"wbw/031_020_008.mp3","qpc_uthmani_hafs":"فِي","char_type_name":"word","page_number":413,"line_number":1,"text":"ﭘ","translation":{"text":"(is) in","language_name":"english","language_id":38},"transliteration":{"text":"fī","language_name":"english","language_id":38}},{"id":23126,"position":9,"audio_url":"wbw/031_020_009.mp3","qpc_uthmani_hafs":"ٱلسَّمَٰوَٰتِ","char_type_name":"word","page_number":413,"line_number":1,"text":"ﭙ","translation":{"text":"the heavens","language_name":"english","language_id":38},"transliteration":{"text":"l-samāwāti","language_name":"english","language_id":38}},{"id":23127,"position":10,"audio_url":"wbw/031_020_010.mp3","qpc_uthmani_hafs":"وَمَا","char_type_name":"word","page_number":413,"line_number":1,"text":"ﭚ","translation":{"text":"and whatever","language_name":"english","language_id":38},"transliteration":{"text":"wamā","language_name":"english","language_id":38}},{"id":23128,"position":11,"audio_url":"wbw/031_020_011.mp3","qpc_uthmani_hafs":"فِي","char_type_name":"word","page_number":413,"line_number":1,"text":"ﭛ","translation":{"text":"(is) in","language_name":"english","language_id":38},"transliteration":{"text":"fī","language_name":"english","language_id":38}},{"id":23129,"position":12,"audio_url":"wbw/031_020_012.mp3","qpc_uthmani_hafs":"ٱلۡأَرۡضِ","char_type_name":"word","page_number":413,"line_number":1,"text":"ﭜ","translation":{"text":"the earth","language_name":"english","language_id":38},"transliteration":{"text":"l-arḍi","language_name":"english","language_id":38}},{"id":23130,"position":13,"audio_url":"wbw/031_020_013.mp3","qpc_uthmani_hafs":"وَأَسۡبَغَ","char_type_name":"word","page_number":413,"line_number":1,"text":"ﭝ","translation":{"text":"and amply bestowed","language_name":"english","language_id":38},"transliteration":{"text":"wa-asbagha","language_name":"english","language_id":38}},{"id":23131,"position":14,"audio_url":"wbw/031_020_014.mp3","qpc_uthmani_hafs":"عَلَيۡكُمۡ","char_type_name":"word","page_number":413,"line_number":2,"text":"ﭞ","translation":{"text":"upon you","language_name":"english","language_id":38},"transliteration":{"text":"ʿalaykum","language_name":"english","language_id":38}},{"id":23132,"position":15,"audio_url":"wbw/031_020_015.mp3","qpc_uthmani_hafs":"نِعَمَهُۥ","char_type_name":"word","page_number":413,"line_number":2,"text":"ﭟ","translation":{"text":"His Bounties","language_name":"english","language_id":38},"transliteration":{"text":"niʿamahu","language_name":"english","language_id":38}},{"id":23133,"position":16,"audio_url":"wbw/031_020_016.mp3","qpc_uthmani_hafs":"ظَٰهِرَةٗ","char_type_name":"word","page_number":413,"line_number":2,"text":"ﭠ","translation":{"text":"apparent","language_name":"english","language_id":38},"transliteration":{"text":"ẓāhiratan","language_name":"english","language_id":38}},{"id":23134,"position":17,"audio_url":"wbw/031_020_017.mp3","qpc_uthmani_hafs":"وَبَاطِنَةٗۗ","char_type_name":"word","page_number":413,"line_number":2,"text":"ﭡﭢ","translation":{"text":"and hidden","language_name":"english","language_id":38},"transliteration":{"text":"wabāṭinatan","language_name":"english","language_id":38}},{"id":23136,"position":18,"audio_url":"wbw/031_020_019.mp3","qpc_uthmani_hafs":"وَمِنَ","char_type_name":"word","page_number":413,"line_number":2,"text":"ﭣ","translation":{"text":"But of","language_name":"english","language_id":38},"transliteration":{"text":"wamina","language_name":"english","language_id":38}},{"id":23137,"position":19,"audio_url":"wbw/031_020_020.mp3","qpc_uthmani_hafs":"ٱلنَّاسِ","char_type_name":"word","page_number":413,"line_number":2,"text":"ﭤ","translation":{"text":"the people","language_name":"english","language_id":38},"transliteration":{"text":"l-nāsi","language_name":"english","language_id":38}},{"id":23138,"position":20,"audio_url":"wbw/031_020_021.mp3","qpc_uthmani_hafs":"مَن","char_type_name":"word","page_number":413,"line_number":2,"text":"ﭥ","translation":{"text":"(is he) who","language_name":"english","language_id":38},"transliteration":{"text":"man","language_name":"english","language_id":38}},{"id":23139,"position":21,"audio_url":"wbw/031_020_022.mp3","qpc_uthmani_hafs":"يُجَٰدِلُ","char_type_name":"word","page_number":413,"line_number":2,"text":"ﭦ","translation":{"text":"disputes","language_name":"english","language_id":38},"transliteration":{"text":"yujādilu","language_name":"english","language_id":38}},{"id":23140,"position":22,"audio_url":"wbw/031_020_023.mp3","qpc_uthmani_hafs":"فِي","char_type_name":"word","page_number":413,"line_number":2,"text":"ﭧ","translation":{"text":"about","language_name":"english","language_id":38},"transliteration":{"text":"fī","language_name":"english","language_id":38}},{"id":23141,"position":23,"audio_url":"wbw/031_020_024.mp3","qpc_uthmani_hafs":"ٱللَّهِ","char_type_name":"word","page_number":413,"line_number":2,"text":"ﭨ","translation":{"text":"Allah","language_name":"english","language_id":38},"transliteration":{"text":"l-lahi","language_name":"english","language_id":38}},{"id":23142,"position":24,"audio_url":"wbw/031_020_025.mp3","qpc_uthmani_hafs":"بِغَيۡرِ","char_type_name":"word","page_number":413,"line_number":3,"text":"ﭩ","translation":{"text":"without","language_name":"english","language_id":38},"transliteration":{"text":"bighayri","language_name":"english","language_id":38}},{"id":23143,"position":25,"audio_url":"wbw/031_020_026.mp3","qpc_uthmani_hafs":"عِلۡمٖ","char_type_name":"word","page_number":413,"line_number":3,"text":"ﭪ","translation":{"text":"knowledge","language_name":"english","language_id":38},"transliteration":{"text":"ʿil'min","language_name":"english","language_id":38}},{"id":23144,"position":26,"audio_url":"wbw/031_020_027.mp3","qpc_uthmani_hafs":"وَلَا","char_type_name":"word","page_number":413,"line_number":3,"text":"ﭫ","translation":{"text":"and not","language_name":"english","language_id":38},"transliteration":{"text":"walā","language_name":"english","language_id":38}},{"id":23145,"position":27,"audio_url":"wbw/031_020_028.mp3","qpc_uthmani_hafs":"هُدٗى","char_type_name":"word","page_number":413,"line_number":3,"text":"ﭬ","translation":{"text":"guidance","language_name":"english","language_id":38},"transliteration":{"text":"hudan","language_name":"english","language_id":38}},{"id":23146,"position":28,"audio_url":"wbw/031_020_029.mp3","qpc_uthmani_hafs":"وَلَا","char_type_name":"word","page_number":413,"line_number":3,"text":"ﭭ","translation":{"text":"and not","language_name":"english","language_id":38},"transliteration":{"text":"walā","language_name":"english","language_id":38}},{"id":23147,"position":29,"audio_url":"wbw/031_020_030.mp3","qpc_uthmani_hafs":"كِتَٰبٖ","char_type_name":"word","page_number":413,"line_number":3,"text":"ﭮ","translation":{"text":"a book","language_name":"english","language_id":38},"transliteration":{"text":"kitābin","language_name":"english","language_id":38}},{"id":23148,"position":30,"audio_url":"wbw/031_020_031.mp3","qpc_uthmani_hafs":"مُّنِيرٖ","char_type_name":"word","page_number":413,"line_number":3,"text":"ﭯ","translation":{"text":"enlightening","language_name":"english","language_id":38},"transliteration":{"text":"munīrin","language_name":"english","language_id":38}},{"id":23149,"position":31,"audio_url":null,"qpc_uthmani_hafs":"٢٠","char_type_name":"end","page_number":413,"line_number":3,"text":"ﭰ","translation":{"text":"(20)","language_name":"english","language_id":38},"transliteration":{"text":null,"language_name":"english","language_id":38}}],"translations":[{"id":919918,"resource_id":134,"text":"Tidakkah kamu perhatikan sesungguhnya Allah telah menundukkan untuk (kepentingan)mu apa yang di langit dan apa yang di bumi dan menyempurnakan untukmu nikmat-Nya lahir dan batin.  Dan di antara manusia, ada yang membantah tentang (keesaan) Allah tanpa ilmu pengetahuan atau petunjuk dan tanpa Kitab yang memberi penerangan."}]},{"id":3490,"verse_number":21,"verse_key":"31:21","juz_number":21,"hizb_number":41,"rub_el_hizb_number":164,"ruku_number":358,"manzil_number":5,"sajdah_number":null,"text_uthmani":"وَإِذَا قِيلَ لَهُمُ ٱتَّبِعُوا۟ مَآ أَنزَلَ ٱللَّهُ قَالُوا۟ بَلْ نَتَّبِعُ مَا وَجَدْنَا عَلَيْهِ ءَابَآءَنَآ ۚ أَوَلَوْ كَانَ ٱلشَّيْطَـٰنُ يَدْعُوهُمْ إِلَىٰ عَذَابِ ٱلسَّعِيرِ","page_number":413,"words":[{"id":24145,"position":1,"audio_url":"wbw/031_021_001.mp3","qpc_uthmani_hafs":"وَإِذَا","char_type_name":"word","page_number":413,"line_number":3,"text":"ﭱ","translation":{"text":"And when","language_name":"english","language_id":38},"transliteration":{"text":"wa-idhā","language_name":"english","language_id":38}},{"id":24146,"position":2,"audio_url":"wbw/031_021_002.mp3","qpc_uthmani_hafs":"قِيلَ","char_type_name":"word","page_number":413,"line_number":3,"text":"ﭲ","translation":{"text":"it is said","language_name":"english","language_id":38},"transliteration":{"text":"qīla","language_name":"english","language_id":38}},{"id":24147,"position":3,"audio_url":"wbw/031_021_003.mp3","qpc_uthmani_hafs":"لَهُمُ","char_type_name":"word","page_number":413,"line_number":3,"text":"ﭳ","translation":{"text":"to them","language_name":"english","language_id":38},"transliteration":{"text":"lahumu","language_name":"english","language_id":38}},{"id":24148,"position":4,"audio_url":"wbw/031_021_004.mp3","qpc_uthmani_hafs":"ٱتَّبِعُواْ","char_type_name":"word","page_number":413,"line_number":3,"text":"ﭴ","translation":{"text":"Follow","language_name":"english","language_id":38},"transliteration":{"text":"ittabiʿū","language_name":"english","language_id":38}},{"id":24149,"position":5,"audio_url":"wbw/031_021_005.mp3","qpc_uthmani_hafs":"مَآ","char_type_name":"word","page_number":413,"line_number":4,"text":"ﭵ","translation":{"text":"what","language_name":"english","language_id":38},"transliteration":{"text":"mā","language_name":"english","language_id":38}},{"id":24150,"position":6,"audio_url":"wbw/031_021_006.mp3","qpc_uthmani_hafs":"أَنزَلَ","char_type_name":"word","page_number":413,"line_number":4,"text":"ﭶ","translation":{"text":"Allah (has) revealed","language_name":"english","language_id":38},"transliteration":{"text":"anzala","language_name":"english","language_id":38}},{"id":24151,"position":7,"audio_url":"wbw/031_021_007.mp3","qpc_uthmani_hafs":"ٱللَّهُ","char_type_name":"word","page_number":413,"line_number":4,"text":"ﭷ","translation":{"text":"Allah (has) revealed","language_name":"english","language_id":38},"transliteration":{"text":"l-lahu","language_name":"english","language_id":38}},{"id":24152,"position":8,"audio_url":"wbw/031_021_008.mp3","qpc_uthmani_hafs":"قَالُواْ","char_type_name":"word","page_number":413,"line_number":4,"text":"ﭸ","translation":{"text":"they say","language_name":"english","language_id":38},"transliteration":{"text":"qālū","language_name":"english","language_id":38}},{"id":24153,"position":9,"audio_url":"wbw/031_021_009.mp3","qpc_uthmani_hafs":"بَلۡ","char_type_name":"word","page_number":413,"line_number":4,"text":"ﭹ","translation":{"text":"Nay","language_name":"english","language_id":38},"transliteration":{"text":"bal","language_name":"english","language_id":38}},{"id":24154,"position":10,"audio_url":"wbw/031_021_010.mp3","qpc_uthmani_hafs":"نَتَّبِعُ","char_type_name":"word","page_number":413,"line_number":4,"text":"ﭺ","translation":{"text":"we will follow","language_name":"english","language_id":38},"transliteration":{"text":"nattabiʿu","language_name":"english","language_id":38}},{"id":24155,"position":11,"audio_url":"wbw/031_021_011.mp3","qpc_uthmani_hafs":"مَا","char_type_name":"word","page_number":413,"line_number":4,"text":"ﭻ","translation":{"text":"what","language_name":"english","language_id":38},"transliteration":{"text":"mā","language_name":"english","language_id":38}},{"id":24156,"position":12,"audio_url":"wbw/031_021_012.mp3","qpc_uthmani_hafs":"وَجَدۡنَا","char_type_name":"word","page_number":413,"line_number":4,"text":"ﭼ","translation":{"text":"we found","language_name":"english","language_id":38},"transliteration":{"text":"wajadnā","language_name":"english","language_id":38}},{"id":24157,"position":13,"audio_url":"wbw/031_021_013.mp3","qpc_uthmani_hafs":"عَلَيۡهِ","char_type_name":"word","page_number":413,"line_number":4,"text":"ﭽ","translation":{"text":"on it","language_name":"english","language_id":38},"transliteration":{"text":"ʿalayhi","language_name":"english","language_id":38}},{"id":24158,"position":14,"audio_url":"wbw/031_021_014.mp3","qpc_uthmani_hafs":"ءَابَآءَنَآۚ","char_type_name":"word","page_number":413,"line_number":4,"text":"ﭾﭿ","translation":{"text":"our forefathers","language_name":"english","language_id":38},"transliteration":{"text":"ābāanā","language_name":"english","language_id":38}},{"id":24160,"position":15,"audio_url":"wbw/031_021_016.mp3","qpc_uthmani_hafs":"أَوَلَوۡ","char_type_name":"word","page_number":413,"line_number":4,"text":"ﮀ","translation":{"text":"Even if","language_name":"english","language_id":38},"transliteration":{"text":"awalaw","language_name":"english","language_id":38}},{"id":24161,"position":16,"audio_url":"wbw/031_021_017.mp3","qpc_uthmani_hafs":"كَانَ","char_type_name":"word","page_number":413,"line_number":4,"text":"ﮁ","translation":{"text":"Shaitaan was","language_name":"english","language_id":38},"transliteration":{"text":"kāna","language_name":"english","language_id":38}},{"id":24162,"position":17,"audio_url":"wbw/031_021_018.mp3","qpc_uthmani_hafs":"ٱلشَّيۡطَٰنُ","char_type_name":"word","page_number":413,"line_number":5,"text":"ﮂ","translation":{"text":"Shaitaan was","language_name":"english","language_id":38},"transliteration":{"text":"l-shayṭānu","language_name":"english","language_id":38}},{"id":24163,"position":18,"audio_url":"wbw/031_021_019.mp3","qpc_uthmani_hafs":"يَدۡعُوهُمۡ","char_type_name":"word","page_number":413,"line_number":5,"text":"ﮃ","translation":{"text":"(to) call them","language_name":"english","language_id":38},"transliteration":{"text":"yadʿūhum","language_name":"english","language_id":38}},{"id":24164,"position":19,"audio_url":"wbw/031_021_020.mp3","qpc_uthmani_hafs":"إِلَىٰ","char_type_name":"word","page_number":413,"line_number":5,"text":"ﮄ","translation":{"text":"to","language_name":"english","language_id":38},"transliteration":{"text":"ilā","language_name":"english","language_id":38}},{"id":24165,"position":20,"audio_url":"wbw/031_021_021.mp3","qpc_uthmani_hafs":"عَذَابِ","char_type_name":"word","page_number":413,"line_number":5,"text":"ﮅ","translation":{"text":"(the) punishment","language_name":"english","language_id":38},"transliteration":{"text":"ʿadhābi","language_name":"english","language_id":38}},{"id":24166,"position":21,"audio_url":"wbw/031_021_022.mp3","qpc_uthmani_hafs":"ٱلسَّعِيرِ","char_type_name":"word","page_number":413,"line_number":5,"text":"ﮆ","translation":{"text":"(of) the Blaze","language_name":"english","language_id":38},"transliteration":{"text":"l-saʿīri","language_name":"english","language_id":38}},{"id":24167,"position":22,"audio_url":null,"qpc_uthmani_hafs":"٢١","char_type_name":"end","page_number":413,"line_number":5,"text":"ﮇ","translation":{"text":"(21)","language_name":"english","language_id":38},"transliteration":{"text":null,"language_name":"english","language_id":38}}],"translations":[{"id":919919,"resource_id":134,"text":"Dan apabila dikatakan kepada mereka, \"Ikutilah apa yang diturunkan Allah\".  Mereka menjawab, \"(Tidak), tapi kami (hanya) mengikuti apa yang kami dapati bapak-bapak kami mengerjakannya\".  Dan apakah mereka (akan mengikuti bapak-bapak mereka), walaupun setan itu menyeru mereka ke dalam siksa api yang menyala-nyala (neraka)?"}]},{"id":3491,"verse_number":22,"verse_key":"31:22","juz_number":21,"hizb_number":42,"rub_el_hizb_number":165,"ruku_number":358,"manzil_number":5,"sajdah_number":null,"text_uthmani":"۞ وَمَن يُسْلِمْ وَجْهَهُۥٓ إِلَى ٱللَّهِ وَهُوَ مُحْسِنٌ فَقَدِ ٱسْتَمْسَكَ بِٱلْعُرْوَةِ ٱلْوُثْقَىٰ ۗ وَإِلَى ٱللَّهِ عَـٰقِبَةُ ٱلْأُمُورِ","page_number":413,"words":[{"id":25139,"position":1,"audio_url":"wbw/031_022_002.mp3","qpc_uthmani_hafs":"۞ وَمَن","char_type_name":"word","page_number":413,"line_number":5,"text":"ﮈ ﮉ","translation":{"text":"And whoever","language_name":"english","language_id":38},"transliteration":{"text":"waman","language_name":"english","language_id":38}},{"id":25140,"position":2,"audio_url":"wbw/031_022_003.mp3","qpc_uthmani_hafs":"يُسۡلِمۡ","char_type_name":"word","page_number":413,"line_number":5,"text":"ﮊ","translation":{"text":"submits","language_name":"english","language_id":38},"transliteration":{"text":"yus'lim","language_name":"english","language_id":38}},{"id":25141,"position":3,"audio_url":"wbw/031_022_004.mp3","qpc_uthmani_hafs":"وَجۡهَهُۥٓ","char_type_name":"word","page_number":413,"line_number":6,"text":"ﮋ","translation":{"text":"his face","language_name":"english","language_id":38},"transliteration":{"text":"wajhahu","language_name":"english","language_id":38}},{"id":25142,"position":4,"audio_url":"wbw/031_022_005.mp3","qpc_uthmani_hafs":"إِلَى","char_type_name":"word","page_number":413,"line_number":6,"text":"ﮌ","translation":{"text":"to","language_name":"english","language_id":38},"transliteration":{"text":"ilā","language_name":"english","language_id":38}},{"id":25143,"position":5,"audio_url":"wbw/031_022_006.mp3","qpc_uthmani_hafs":"ٱللَّهِ","char_type_name":"word","page_number":413,"line_number":6,"text":"ﮍ","translation":{"text":"Allah","language_name":"english","language_id":38},"transliteration":{"text":"l-lahi","language_name":"english","language_id":38}},{"id":25144,"position":6,"audio_url":"wbw/031_022_007.mp3","qpc_uthmani_hafs":"وَهُوَ","char_type_name":"word","page_number":413,"line_number":6,"text":"ﮎ","translation":{"text":"while he","language_name":"english","language_id":38},"transliteration":{"text":"wahuwa","language_name":"english","language_id":38}},{"id":25145,"position":7,"audio_url":"wbw/031_022_008.mp3","qpc_uthmani_hafs":"مُحۡسِنٞ","char_type_name":"word","page_number":413,"line_number":6,"text":"ﮏ","translation":{"text":"(is) a good-doer","language_name":"english","language_id":38},"transliteration":{"text":"muḥ'sinun","language_name":"english","language_id":38}},{"id":25146,"position":8,"audio_url":"wbw/031_022_009.mp3","qpc_uthmani_hafs":"فَقَدِ","char_type_name":"word","page_number":413,"line_number":6,"text":"ﮐ","translation":{"text":"then indeed","language_name":"english","language_id":38},"transliteration":{"text":"faqadi","language_name":"english","language_id":38}},{"id":25147,"position":9,"audio_url":"wbw/031_022_010.mp3","qpc_uthmani_hafs":"ٱسۡتَمۡسَكَ","char_type_name":"word","page_number":413,"line_number":6,"text":"ﮑ","translation":{"text":"he has grasped","language_name":"english","language_id":38},"transliteration":{"text":"is'tamsaka","language_name":"english","language_id":38}},{"id":25148,"position":10,"audio_url":"wbw/031_022_011.mp3","qpc_uthmani_hafs":"بِٱلۡعُرۡوَةِ","char_type_name":"word","page_number":413,"line_number":6,"text":"ﮒ","translation":{"text":"the handhold","language_name":"english","language_id":38},"transliteration":{"text":"bil-ʿur'wati","language_name":"english","language_id":38}},{"id":25149,"position":11,"audio_url":"wbw/031_022_012.mp3","qpc_uthmani_hafs":"ٱلۡوُثۡقَىٰۗ","char_type_name":"word","page_number":413,"line_number":6,"text":"ﮓﮔ","translation":{"text":"the most trustworthy","language_name":"english","language_id":38},"transliteration":{"text":"l-wuth'qā","language_name":"english","language_id":38}},{"id":25151,"position":12,"audio_url":"wbw/031_022_014.mp3","qpc_uthmani_hafs":"وَإِلَى","char_type_name":"word","page_number":413,"line_number":7,"text":"ﮕ","translation":{"text":"And to","language_name":"english","language_id":38},"transliteration":{"text":"wa-ilā","language_name":"english","language_id":38}},{"id":25152,"position":13,"audio_url":"wbw/031_022_015.mp3","qpc_uthmani_hafs":"ٱللَّهِ","char_type_name":"word","page_number":413,"line_number":7,"text":"ﮖ","translation":{"text":"Allah","language_name":"english","language_id":38},"transliteration":{"text":"l-lahi","language_name":"english","language_id":38}},{"id":25153,"position":14,"audio_url":"wbw/031_022_016.mp3","qpc_uthmani_hafs":"عَٰقِبَةُ","char_type_name":"word","page_number":413,"line_number":7,"text":"ﮗ","translation":{"text":"(is the) end","language_name":"english","language_id":38},"transliteration":{"text":"ʿāqibatu","language_name":"english","language_id":38}},{"id":25154,"position":15,"audio_url":"wbw/031_022_017.mp3","qpc_uthmani_hafs":"ٱلۡأُمُورِ","char_type_name":"word","page_number":413,"line_number":7,"text":"ﮘ","translation":{"text":"(of) the matters","language_name":"english","language_id":38},"transliteration":{"text":"l-umūri","language_name":"english","language_id":38}},{"id":25155,"position":16,"audio_url":null,"qpc_uthmani_hafs":"٢٢","char_type_name":"end","page_number":413,"line_number":7,"text":"ﮙ","translation":{"text":"(22)","language_name":"english","language_id":38},"transliteration":{"text":null,"language_name":"english","language_id":38}}],"translations":[{"id":919920,"resource_id":134,"text":"Dan barang siapa yang menyerahkan dirinya kepada Allah, sedang dia orang yang berbuat kebaikan, maka sesungguhnya ia telah berpegang kepada buhul tali yang kokoh.  Dan hanya kepada Allah-lah kesudahan segala urusan."}]},{"id":3492,"verse_number":23,"verse_key":"31:23","juz_number":21,"hizb_number":42,"rub_el_hizb_number":165,"ruku_number":358,"manzil_number":5,"sajdah_number":null,"text_uthmani":"وَمَن كَفَرَ فَلَا يَحْزُنكَ كُفْرُهُۥٓ ۚ إِلَيْنَا مَرْجِعُهُمْ فَنُنَبِّئُهُم بِمَا عَمِلُوٓا۟ ۚ إِنَّ ٱللَّهَ عَلِيمٌۢ بِذَاتِ ٱلصُّدُورِ","page_number":413,"words":[{"id":26246,"position":1,"audio_url":"wbw/031_023_001.mp3","qpc_uthmani_hafs":"وَمَن","char_type_name":"word","page_number":413,"line_number":7,"text":"ﮚ","translation":{"text":"And whoever","language_name":"english","language_id":38},"transliteration":{"text":"waman","language_name":"english","language_id":38}},{"id":26247,"position":2,"audio_url":"wbw/031_023_002.mp3","qpc_uthmani_hafs":"كَفَرَ","char_type_name":"word","page_number":413,"line_number":7,"text":"ﮛ","translation":{"text":"disbelieves","language_name":"english","language_id":38},"transliteration":{"text":"kafara","language_name":"english","language_id":38}},{"id":26248,"position":3,"audio_url":"wbw/031_023_003.mp3","qpc_uthmani_hafs":"فَلَا","char_type_name":"word","page_number":413,"line_number":7,"text":"ﮜ","translation":{"text":"let not","language_name":"english","language_id":38},"transliteration":{"text":"falā","language_name":"english","language_id":38}},{"id":26249,"position":4,"audio_url":"wbw/031_023_004.mp3","qpc_uthmani_hafs":"يَحۡزُنكَ","char_type_name":"word","page_number":413,"line_number":7,"text":"ﮝ","translation":{"text":"grieve you","language_name":"english","language_id":38},"transliteration":{"text":"yaḥzunka","language_name":"english","language_id":38}},{"id":26250,"position":5,"audio_url":"wbw/031_023_005.mp3","qpc_uthmani_hafs":"كُفۡرُهُۥٓۚ","char_type_name":"word","page_number":413,"line_number":7,"text":"ﮞﮟ","translation":{"text":"his disbelief","language_name":"english","language_id":38},"transliteration":{"text":"kuf'ruhu","language_name":"english","language_id":38}},{"id":26252,"position":6,"audio_url":"wbw/031_023_007.mp3","qpc_uthmani_hafs":"إِلَيۡنَا","char_type_name":"word","page_number":413,"line_number":8,"text":"ﮠ","translation":{"text":"To Us","language_name":"english","language_id":38},"transliteration":{"text":"ilaynā","language_name":"english","language_id":38}},{"id":26253,"position":7,"audio_url":"wbw/031_023_008.mp3","qpc_uthmani_hafs":"مَرۡجِعُهُمۡ","char_type_name":"word","page_number":413,"line_number":8,"text":"ﮡ","translation":{"text":"(is) their return","language_name":"english","language_id":38},"transliteration":{"text":"marjiʿuhum","language_name":"english","language_id":38}},{"id":26254,"position":8,"audio_url":"wbw/031_023_009.mp3","qpc_uthmani_hafs":"فَنُنَبِّئُهُم","char_type_name":"word","page_number":413,"line_number":8,"text":"ﮢ","translation":{"text":"then We will inform them","language_name":"english","language_id":38},"transliteration":{"text":"fanunabbi-uhum","language_name":"english","language_id":38}},{"id":26255,"position":9,"audio_url":"wbw/031_023_010.mp3","qpc_uthmani_hafs":"بِمَا","char_type_name":"word","page_number":413,"line_number":8,"text":"ﮣ","translation":{"text":"of what","language_name":"english","language_id":38},"transliteration":{"text":"bimā","language_name":"english","language_id":38}},{"id":26256,"position":10,"audio_url":"wbw/031_023_011.mp3","qpc_uthmani_hafs":"عَمِلُوٓاْۚ","char_type_name":"word","page_number":413,"line_number":8,"text":"ﮤﮥ","translation":{"text":"they did","language_name":"english","language_id":38},"transliteration":{"text":"ʿamilū","language_name":"english","language_id":38}},{"id":26258,"position":11,"audio_url":"wbw/031_023_013.mp3","qpc_uthmani_hafs":"إِنَّ","char_type_name":"word","page_number":413,"line_number":8,"text":"ﮦ","translation":{"text":"Indeed","language_name":"english","language_id":38},"transliteration":{"text":"inna","language_name":"english","language_id":38}},{"id":26259,"position":12,"audio_url":"wbw/031_023_014.mp3","qpc_uthmani_hafs":"ٱللَّهَ","char_type_name":"word","page_number":413,"line_number":8,"text":"ﮧ","translation":{"text":"Allah","language_name":"english","language_id":38},"transliteration":{"text":"l-laha","language_name":"english","language_id":38}},{"id":26260,"position":13,"audio_url":"wbw/031_023_015.mp3","qpc_uthmani_hafs":"عَلِيمُۢ","char_type_name":"word","page_number":413,"line_number":8,"text":"ﮨ","translation":{"text":"(is) the All-Knower","language_name":"english","language_id":38},"transliteration":{"text":"ʿalīmun","language_name":"english","language_id":38}},{"id":26261,"position":14,"audio_url":"wbw/031_023_016.mp3","qpc_uthmani_hafs":"بِذَاتِ","char_type_name":"word","page_number":413,"line_number":8,"text":"ﮩ","translation":{"text":"of what","language_name":"english","language_id":38},"transliteration":{"text":"bidhāti","language_name":"english","language_id":38}},{"id":26262,"position":15,"audio_url":"wbw/031_023_017.mp3","qpc_uthmani_hafs":"ٱلصُّدُورِ","char_type_name":"word","page_number":413,"line_number":8,"text":"ﮪ","translation":{"text":"(is in) the breasts","language_name":"english","language_id":38},"transliteration":{"text":"l-ṣudūri","language_name":"english","language_id":38}},{"id":26263,"position":16,"audio_url":null,"qpc_uthmani_hafs":"٢٣","char_type_name":"end","page_number":413,"line_number":9,"text":"ﮫ","translation":{"text":"(23)","language_name":"english","language_id":38},"transliteration":{"text":null,"language_name":"english","language_id":38}}],"translations":[{"id":919921,"resource_id":134,"text":"Dan barang siapa kafir, maka kekafirannya itu janganlah menyedihkanmu.  Hanya kepada Kami-lah mereka kembali, lalu Kami beritakan kepada mereka apa yang telah mereka kerjakan.  Sesungguhnya Allah Maha Mengetahui segala isi hati."}]},{"id":3493,"verse_number":24,"verse_key":"31:24","juz_number":21,"hizb_number":42,"rub_el_hizb_number":165,"ruku_number":358,"manzil_number":5,"sajdah_number":null,"text_uthmani":"نُمَتِّعُهُمْ قَلِيلًا ثُمَّ نَضْطَرُّهُمْ إِلَىٰ عَذَابٍ غَلِيظٍ","page_number":413,"words":[{"id":27302,"position":1,"audio_url":"wbw/031_024_001.mp3","qpc_uthmani_hafs":"نُمَتِّعُهُمۡ","char_type_name":"word","page_number":413,"line_number":9,"text":"ﮬ","translation":{"text":"We grant them enjoyment","language_name":"english","language_id":38},"transliteration":{"text":"numattiʿuhum","language_name":"english","language_id":38}},{"id":27303,"position":2,"audio_url":"wbw/031_024_002.mp3","qpc_uthmani_hafs":"قَلِيلٗا","char_type_name":"word","page_number":413,"line_number":9,"text":"ﮭ","translation":{"text":"(for) a little","language_name":"english","language_id":38},"transliteration":{"text":"qalīlan","language_name":"english","language_id":38}},{"id":27304,"position":3,"audio_url":"wbw/031_024_003.mp3","qpc_uthmani_hafs":"ثُمَّ","char_type_name":"word","page_number":413,"line_number":9,"text":"ﮮ","translation":{"text":"then","language_name":"english","language_id":38},"transliteration":{"text":"thumma","language_name":"english","language_id":38}},{"id":27305,"position":4,"audio_url":"wbw/031_024_004.mp3","qpc_uthmani_hafs":"نَضۡطَرُّهُمۡ","char_type_name":"word","page_number":413,"line_number":9,"text":"ﮯ","translation":{"text":"We will force them","language_name":"english","language_id":38},"transliteration":{"text":"naḍṭarruhum","language_name":"english","language_id":38}},{"id":27306,"position":5,"audio_url":"wbw/031_024_005.mp3","qpc_uthmani_hafs":"إِلَىٰ","char_type_name":"word","page_number":413,"line_number":9,"text":"ﮰ","translation":{"text":"to","language_name":"english","language_id":38},"transliteration":{"text":"ilā","language_name":"english","language_id":38}},{"id":27307,"position":6,"audio_url":"wbw/031_024_006.mp3","qpc_uthmani_hafs":"عَذَابٍ","char_type_name":"word","page_number":413,"line_number":9,"text":"ﮱ","translation":{"text":"a punishment","language_name":"english","language_id":38},"transliteration":{"text":"ʿadhābin","language_name":"english","language_id":38}},{"id":27308,"position":7,"audio_url":"wbw/031_024_007.mp3","qpc_uthmani_hafs":"غَلِيظٖ","char_type_name":"word","page_number":413,"line_number":9,"text":"ﯓ","translation":{"text":"severe","language_name":"english","language_id":38},"transliteration":{"text":"ghalīẓin","language_name":"english","language_id":38}},{"id":27309,"position":8,"audio_url":null,"qpc_uthmani_hafs":"٢٤","char_type_name":"end","page_number":413,"line_number":9,"text":"ﯔ","translation":{"text":"(24)","language_name":"english","language_id":38},"transliteration":{"text":null,"language_name":"english","language_id":38}}],"translations":[{"id":919922,"resource_id":134,"text":"Kami biarkan mereka bersenang-senang sebentar, kemudian Kami paksa mereka (masuk) ke dalam siksa yang keras."}]},{"id":3494,"verse_number":25,"verse_key":"31:25","juz_number":21,"hizb_number":42,"rub_el_hizb_number":165,"ruku_number":358,"manzil_number":5,"sajdah_number":null,"text_uthmani":"وَلَئِن سَأَلْتَهُم مَّنْ خَلَقَ ٱلسَّمَـٰوَٰتِ وَٱلْأَرْضَ لَيَقُولُنَّ ٱللَّهُ ۚ قُلِ ٱلْحَمْدُ لِلَّهِ ۚ بَلْ أَكْثَرُهُمْ لَا يَعْلَمُونَ","page_number":413,"words":[{"id":28347,"position":1,"audio_url":"wbw/031_025_001.mp3","qpc_uthmani_hafs":"وَلَئِن","char_type_name":"word","page_number":413,"line_number":10,"text":"ﯕ","translation":{"text":"And if","language_name":"english","language_id":38},"transliteration":{"text":"wala-in","language_name":"english","language_id":38}},{"id":28348,"position":2,"audio_url":"wbw/031_025_002.mp3","qpc_uthmani_hafs":"سَأَلۡتَهُم","char_type_name":"word","page_number":413,"line_number":10,"text":"ﯖ","translation":{"text":"you ask them","language_name":"english","language_id":38},"transliteration":{"text":"sa-altahum","language_name":"english","language_id":38}},{"id":28349,"position":3,"audio_url":"wbw/031_025_003.mp3","qpc_uthmani_hafs":"مَّنۡ","char_type_name":"word","page_number":413,"line_number":10,"text":"ﯗ","translation":{"text":"Who","language_name":"english","language_id":38},"transliteration":{"text":"man","language_name":"english","language_id":38}},{"id":28350,"position":4,"audio_url":"wbw/031_025_004.mp3","qpc_uthmani_hafs":"خَلَقَ","char_type_name":"word","page_number":413,"line_number":10,"text":"ﯘ","translation":{"text":"created","language_name":"english","language_id":38},"transliteration":{"text":"khalaqa","language_name":"english","language_id":38}},{"id":28351,"position":5,"audio_url":"wbw/031_025_005.mp3","qpc_uthmani_hafs":"ٱلسَّمَٰوَٰتِ","char_type_name":"word","page_number":413,"line_number":10,"text":"ﯙ","translation":{"text":"the heavens","language_name":"english","language_id":38},"transliteration":{"text":"l-samāwāti","language_name":"english","language_id":38}},{"id":28352,"position":6,"audio_url":"wbw/031_025_006.mp3","qpc_uthmani_hafs":"وَٱلۡأَرۡضَ","char_type_name":"word","page_number":413,"line_number":10,"text":"ﯚ","translation":{"text":"and the earth","language_name":"english","language_id":38},"transliteration":{"text":"wal-arḍa","language_name":"english","language_id":38}},{"id":28353,"position":7,"audio_url":"wbw/031_025_007.mp3","qpc_uthmani_hafs":"لَيَقُولُنَّ","char_type_name":"word","page_number":413,"line_number":10,"text":"ﯛ","translation":{"text":"They will surely say","language_name":"english","language_id":38},"transliteration":{"text":"layaqūlunna","language_name":"english","language_id":38}},{"id":28354,"position":8,"audio_url":"wbw/031_025_008.mp3","qpc_uthmani_hafs":"ٱللَّهُۚ","char_type_name":"word","page_number":413,"line_number":10,"text":"ﯜﯝ","translation":{"text":"Allah","language_name":"english","language_id":38},"transliteration":{"text":"l-lahu","language_name":"english","language_id":38}},{"id":28356,"position":9,"audio_url":"wbw/031_025_010.mp3","qpc_uthmani_hafs":"قُلِ","char_type_name":"word","page_number":413,"line_number":10,"text":"ﯞ","translation":{"text":"Say","language_name":"english","language_id":38},"transliteration":{"text":"quli","language_name":"english","language_id":38}},{"id":28357,"position":10,"audio_url":"wbw/031_025_011.mp3","qpc_uthmani_hafs":"ٱلۡحَمۡدُ","char_type_name":"word","page_number":413,"line_number":11,"text":"ﯟ","translation":{"text":"All praises","language_name":"english","language_id":38},"transliteration":{"text":"l-ḥamdu","language_name":"english","language_id":38}},{"id":28358,"position":11,"audio_url":"wbw/031_025_012.mp3","qpc_uthmani_hafs":"لِلَّهِۚ","char_type_name":"word","page_number":413,"line_number":11,"text":"ﯠﯡ","translation":{"text":"(are) for Allah","language_name":"english","language_id":38},"transliteration":{"text":"lillahi","language_name":"english","language_id":38}},{"id":28360,"position":12,"audio_url":"wbw/031_025_014.mp3","qpc_uthmani_hafs":"بَلۡ","char_type_name":"word","page_number":413,"line_number":11,"text":"ﯢ","translation":{"text":"But","language_name":"english","language_id":38},"transliteration":{"text":"bal","language_name":"english","language_id":38}},{"id":28361,"position":13,"audio_url":"wbw/031_025_015.mp3","qpc_uthmani_hafs":"أَكۡثَرُهُمۡ","char_type_name":"word","page_number":413,"line_number":11,"text":"ﯣ","translation":{"text":"most of them","language_name":"english","language_id":38},"transliteration":{"text":"aktharuhum","language_name":"english","language_id":38}},{"id":28362,"position":14,"audio_url":"wbw/031_025_016.mp3","qpc_uthmani_hafs":"لَا","char_type_name":"word","page_number":413,"line_number":11,"text":"ﯤ","translation":{"text":"(do) not","language_name":"english","language_id":38},"transliteration":{"text":"lā","language_name":"english","language_id":38}},{"id":28363,"position":15,"audio_url":"wbw/031_025_017.mp3","qpc_uthmani_hafs":"يَعۡلَمُونَ","char_type_name":"word","page_number":413,"line_number":11,"text":"ﯥ","translation":{"text":"know","language_name":"english","language_id":38},"transliteration":{"text":"yaʿlamūna","language_name":"english","language_id":38}},{"id":28364,"position":16,"audio_url":null,"qpc_uthmani_hafs":"٢٥","char_type_name":"end","page_number":413,"line_number":11,"text":"ﯦ","translation":{"text":"(25)","language_name":"english","language_id":38},"transliteration":{"text":null,"language_name":"english","language_id":38}}],"translations":[{"id":919923,"resource_id":134,"text":"Dan sesungguhnya jika kamu tanyakan kepada mereka, \"Siapakah yang menciptakan langit dan bumi?\" Tentu mereka akan menjawab, \"Allah\".  Katakanlah, \"Segala puji bagi Allah\", tetapi kebanyakan mereka tidak mengetahui."}]},{"id":3495,"verse_number":26,"verse_key":"31:26","juz_number":21,"hizb_number":42,"rub_el_hizb_number":165,"ruku_number":358,"manzil_number":5,"sajdah_number":null,"text_uthmani":"لِلَّهِ مَا فِى ٱلسَّمَـٰوَٰتِ وَٱلْأَرْضِ ۚ إِنَّ ٱللَّهَ هُوَ ٱلْغَنِىُّ ٱلْحَمِيدُ","page_number":413,"words":[{"id":29252,"position":1,"audio_url":"wbw/031_026_001.mp3","qpc_uthmani_hafs":"لِلَّهِ","char_type_name":"word","page_number":413,"line_number":11,"text":"ﯧ","translation":{"text":"To Allah (belongs)","language_name":"english","language_id":38},"transliteration":{"text":"lillahi","language_name":"english","language_id":38}},{"id":29253,"position":2,"audio_url":"wbw/031_026_002.mp3","qpc_uthmani_hafs":"مَا","char_type_name":"word","page_number":413,"line_number":11,"text":"ﯨ","translation":{"text":"whatever","language_name":"english","language_id":38},"transliteration":{"text":"mā","language_name":"english","language_id":38}},{"id":29254,"position":3,"audio_url":"wbw/031_026_003.mp3","qpc_uthmani_hafs":"فِي","char_type_name":"word","page_number":413,"line_number":11,"text":"ﯩ","translation":{"text":"(is) in","language_name":"english","language_id":38},"transliteration":{"text":"fī","language_name":"english","language_id":38}},{"id":29255,"position":4,"audio_url":"wbw/031_026_004.mp3","qpc_uthmani_hafs":"ٱلسَّمَٰوَٰتِ","char_type_name":"word","page_number":413,"line_number":11,"text":"ﯪ","translation":{"text":"the heavens","language_name":"english","language_id":38},"transliteration":{"text":"l-samāwāti","language_name":"english","language_id":38}},{"id":29256,"position":5,"audio_url":"wbw/031_026_005.mp3","qpc_uthmani_hafs":"وَٱلۡأَرۡضِۚ","char_type_name":"word","page_number":413,"line_number":12,"text":"ﯫﯬ","translation":{"text":"and the earth","language_name":"english","language_id":38},"transliteration":{"text":"wal-arḍi","language_name":"english","language_id":38}},{"id":29258,"position":6,"audio_url":"wbw/031_026_007.mp3","qpc_uthmani_hafs":"إِنَّ","char_type_name":"word","page_number":413,"line_number":12,"text":"ﯭ","translation":{"text":"Indeed","language_name":"english","language_id":38},"transliteration":{"text":"inna","language_name":"english","language_id":38}},{"id":29259,"position":7,"audio_url":"wbw/031_026_008.mp3","qpc_uthmani_hafs":"ٱللَّهَ","char_type_name":"word","page_number":413,"line_number":12,"text":"ﯮ","translation":{"text":"Allah","language_name":"english","language_id":38},"transliteration":{"text":"l-laha","language_name":"english","language_id":38}},{"id":29260,"position":8,"audio_url":"wbw/031_026_009.mp3","qpc_uthmani_hafs":"هُوَ","char_type_name":"word","page_number":413,"line_number":12,"text":"ﯯ","translation":{"text":"He","language_name":"english","language_id":38},"transliteration":{"text":"huwa","language_name":"english","language_id":38}},{"id":29261,"position":9,"audio_url":"wbw/031_026_010.mp3","qpc_uthmani_hafs":"ٱلۡغَنِيُّ","char_type_name":"word","page_number":413,"line_number":12,"text":"ﯰ","translation":{"text":"(is) Free of need","language_name":"english","language_id":38},"transliteration":{"text":"l-ghaniyu","language_name":"english","language_id":38}},{"id":29262,"position":10,"audio_url":"wbw/031_026_011.mp3","qpc_uthmani_hafs":"ٱلۡحَمِيدُ","char_type_name":"word","page_number":413,"line_number":12,"text":"ﯱ","translation":{"text":"the Praiseworthy","language_name":"english","language_id":38},"transliteration":{"text":"l-ḥamīdu","language_name":"english","language_id":38}},{"id":29263,"position":11,"audio_url":null,"qpc_uthmani_hafs":"٢٦","char_type_name":"end","page_number":413,"line_number":12,"text":"ﯲ","translation":{"text":"(26)","language_name":"english","language_id":38},"transliteration":{"text":null,"language_name":"english","language_id":38}}],"translations":[{"id":919924,"resource_id":134,"text":"Kepunyaan Allah-lah apa yang di langit dan yang di bumi.  Sesungguhnya Allah Dia-lah Yang Maha Kaya lagi Maha Terpuji."}]},{"id":3496,"verse_number":27,"verse_key":"31:27","juz_number":21,"hizb_number":42,"rub_el_hizb_number":165,"ruku_number":358,"manzil_number":5,"sajdah_number":null,"text_uthmani":"وَلَوْ أَنَّمَا فِى ٱلْأَرْضِ مِن شَجَرَةٍ أَقْلَـٰمٌ وَٱلْبَحْرُ يَمُدُّهُۥ مِنۢ بَعْدِهِۦ سَبْعَةُ أَبْحُرٍ مَّا نَفِدَتْ كَلِمَـٰتُ ٱللَّهِ ۗ إِنَّ ٱللَّهَ عَزِيزٌ حَكِيمٌ","page_number":413,"words":[{"id":30205,"position":1,"audio_url":"wbw/031_027_001.mp3","qpc_uthmani_hafs":"وَلَوۡ","char_type_name":"word","page_number":413,"line_number":12,"text":"ﯳ","translation":{"text":"And if","language_name":"english","language_id":38},"transliteration":{"text":"walaw","language_name":"english","language_id":38}},{"id":30206,"position":2,"audio_url":"wbw/031_027_002.mp3","qpc_uthmani_hafs":"أَنَّمَا","char_type_name":"word","page_number":413,"line_number":12,"text":"ﯴ","translation":{"text":"whatever","language_name":"english","language_id":38},"transliteration":{"text":"annamā","language_name":"english","language_id":38}},{"id":30207,"position":3,"audio_url":"wbw/031_027_003.mp3","qpc_uthmani_hafs":"فِي","char_type_name":"word","page_number":413,"line_number":12,"text":"ﯵ","translation":{"text":"(is) in","language_name":"english","language_id":38},"transliteration":{"text":"fī","language_name":"english","language_id":38}},{"id":30208,"position":4,"audio_url":"wbw/031_027_004.mp3","qpc_uthmani_hafs":"ٱلۡأَرۡضِ","char_type_name":"word","page_number":413,"line_number":12,"text":"ﯶ","translation":{"text":"the earth","language_name":"english","language_id":38},"transliteration":{"text":"l-arḍi","language_name":"english","language_id":38}},{"id":30209,"position":5,"audio_url":"wbw/031_027_005.mp3","qpc_uthmani_hafs":"مِن","char_type_name":"word","page_number":413,"line_number":13,"text":"ﯷ","translation":{"text":"of","language_name":"english","language_id":38},"transliteration":{"text":"min","language_name":"english","language_id":38}},{"id":30210,"position":6,"audio_url":"wbw/031_027_006.mp3","qpc_uthmani_hafs":"شَجَرَةٍ","char_type_name":"word","page_number":413,"line_number":13,"text":"ﯸ","translation":{"text":"(the) trees","language_name":"english","language_id":38},"transliteration":{"text":"shajaratin","language_name":"english","language_id":38}},{"id":30211,"position":7,"audio_url":"wbw/031_027_007.mp3","qpc_uthmani_hafs":"أَقۡلَٰمٞ","char_type_name":"word","page_number":413,"line_number":13,"text":"ﯹ","translation":{"text":"(were) pens","language_name":"english","language_id":38},"transliteration":{"text":"aqlāmun","language_name":"english","language_id":38}},{"id":30212,"position":8,"audio_url":"wbw/031_027_008.mp3","qpc_uthmani_hafs":"وَٱلۡبَحۡرُ","char_type_name":"word","page_number":413,"line_number":13,"text":"ﯺ","translation":{"text":"and the sea","language_name":"english","language_id":38},"transliteration":{"text":"wal-baḥru","language_name":"english","language_id":38}},{"id":30213,"position":9,"audio_url":"wbw/031_027_009.mp3","qpc_uthmani_hafs":"يَمُدُّهُۥ","char_type_name":"word","page_number":413,"line_number":13,"text":"ﯻ","translation":{"text":"(to) add to it","language_name":"english","language_id":38},"transliteration":{"text":"yamudduhu","language_name":"english","language_id":38}},{"id":30214,"position":10,"audio_url":"wbw/031_027_010.mp3","qpc_uthmani_hafs":"مِنۢ","char_type_name":"word","page_number":413,"line_number":13,"text":"ﯼ","translation":{"text":"after it","language_name":"english","language_id":38},"transliteration":{"text":"min","language_name":"english","language_id":38}},{"id":30215,"position":11,"audio_url":"wbw/031_027_011.mp3","qpc_uthmani_hafs":"بَعۡدِهِۦ","char_type_name":"word","page_number":413,"line_number":13,"text":"ﯽ","translation":{"text":"after it","language_name":"english","language_id":38},"transliteration":{"text":"baʿdihi","language_name":"english","language_id":38}},{"id":30216,"position":12,"audio_url":"wbw/031_027_012.mp3","qpc_uthmani_hafs":"سَبۡعَةُ","char_type_name":"word","page_number":413,"line_number":13,"text":"ﯾ","translation":{"text":"seven","language_name":"english","language_id":38},"transliteration":{"text":"sabʿatu","language_name":"english","language_id":38}},{"id":30217,"position":13,"audio_url":"wbw/031_027_013.mp3","qpc_uthmani_hafs":"أَبۡحُرٖ","char_type_name":"word","page_number":413,"line_number":13,"text":"ﯿ","translation":{"text":"seas","language_name":"english","language_id":38},"transliteration":{"text":"abḥurin","language_name":"english","language_id":38}},{"id":30218,"position":14,"audio_url":"wbw/031_027_014.mp3","qpc_uthmani_hafs":"مَّا","char_type_name":"word","page_number":413,"line_number":14,"text":"ﰀ","translation":{"text":"not","language_name":"english","language_id":38},"transliteration":{"text":"mā","language_name":"english","language_id":38}},{"id":30219,"position":15,"audio_url":"wbw/031_027_015.mp3","qpc_uthmani_hafs":"نَفِدَتۡ","char_type_name":"word","page_number":413,"line_number":14,"text":"ﰁ","translation":{"text":"would be exhausted","language_name":"english","language_id":38},"transliteration":{"text":"nafidat","language_name":"english","language_id":38}},{"id":30220,"position":16,"audio_url":"wbw/031_027_016.mp3","qpc_uthmani_hafs":"كَلِمَٰتُ","char_type_name":"word","page_number":413,"line_number":14,"text":"ﰂ","translation":{"text":"(the) Words","language_name":"english","language_id":38},"transliteration":{"text":"kalimātu","language_name":"english","language_id":38}},{"id":30221,"position":17,"audio_url":"wbw/031_027_017.mp3","qpc_uthmani_hafs":"ٱللَّهِۚ","char_type_name":"word","page_number":413,"line_number":14,"text":"ﰃﰄ","translation":{"text":"(of) Allah","language_name":"english","language_id":38},"transliteration":{"text":"l-lahi","language_name":"english","language_id":38}},{"id":30223,"position":18,"audio_url":"wbw/031_027_019.mp3","qpc_uthmani_hafs":"إِنَّ","char_type_name":"word","page_number":413,"line_number":14,"text":"ﰅ","translation":{"text":"Indeed","language_name":"english","language_id":38},"transliteration":{"text":"inna","language_name":"english","language_id":38}},{"id":30224,"position":19,"audio_url":"wbw/031_027_020.mp3","qpc_uthmani_hafs":"ٱللَّهَ","char_type_name":"word","page_number":413,"line_number":14,"text":"ﰆ","translation":{"text":"Allah","language_name":"english","language_id":38},"transliteration":{"text":"l-laha","language_name":"english","language_id":38}},{"id":30225,"position":20,"audio_url":"wbw/031_027_021.mp3","qpc_uthmani_hafs":"عَزِيزٌ","char_type_name":"word","page_number":413,"line_number":14,"text":"ﰇ","translation":{"text":"(is) All-Mighty","language_name":"english","language_id":38},"transliteration":{"text":"ʿazīzun","language_name":"english","language_id":38}},{"id":30226,"position":21,"audio_url":"wbw/031_027_022.mp3","qpc_uthmani_hafs":"حَكِيمٞ","char_type_name":"word","page_number":413,"line_number":14,"text":"ﰈ","translation":{"text":"All-Wise","language_name":"english","language_id":38},"transliteration":{"text":"ḥakīmun","language_name":"english","language_id":38}},{"id":30227,"position":22,"audio_url":null,"qpc_uthmani_hafs":"٢٧","char_type_name":"end","page_number":413,"line_number":14,"text":"ﰉ","translation":{"text":"(27)","language_name":"english","language_id":38},"transliteration":{"text":null,"language_name":"english","language_id":38}}],"translations":[{"id":919925,"resource_id":134,"text":"Dan seandainya pohon-pohon di bumi menjadi pena dan laut (menjadi tinta), ditambahkan kepadanya tujuh laut (lagi) sesudah (kering)nya, niscaya tidak akan habis-habisnya (dituliskan) kalimat Allah <sup foot_note=210952>1</sup>.  Sesungguhnya Allah Maha Perkasa lagi Maha Bijaksana."}]},{"id":3497,"verse_number":28,"verse_key":"31:28","juz_number":21,"hizb_number":42,"rub_el_hizb_number":165,"ruku_number":358,"manzil_number":5,"sajdah_number":null,"text_uthmani":"مَّا خَلْقُكُمْ وَلَا بَعْثُكُمْ إِلَّا كَنَفْسٍ وَٰحِدَةٍ ۗ إِنَّ ٱللَّهَ سَمِيعٌۢ بَصِيرٌ","page_number":413,"words":[{"id":31248,"position":1,"audio_url":"wbw/031_028_001.mp3","qpc_uthmani_hafs":"مَّا","char_type_name":"word","page_number":413,"line_number":14,"text":"ﰊ","translation":{"text":"Not","language_name":"english","language_id":38},"transliteration":{"text":"mā","language_name":"english","language_id":38}},{"id":31249,"position":2,"audio_url":"wbw/031_028_002.mp3","qpc_uthmani_hafs":"خَلۡقُكُمۡ","char_type_name":"word","page_number":413,"line_number":14,"text":"ﰋ","translation":{"text":"(is) your creation","language_name":"english","language_id":38},"transliteration":{"text":"khalqukum","language_name":"english","language_id":38}},{"id":31250,"position":3,"audio_url":"wbw/031_028_003.mp3","qpc_uthmani_hafs":"وَلَا","char_type_name":"word","page_number":413,"line_number":15,"text":"ﰌ","translation":{"text":"and not","language_name":"english","language_id":38},"transliteration":{"text":"walā","language_name":"english","language_id":38}},{"id":31251,"position":4,"audio_url":"wbw/031_028_004.mp3","qpc_uthmani_hafs":"بَعۡثُكُمۡ","char_type_name":"word","page_number":413,"line_number":15,"text":"ﰍ","translation":{"text":"your resurrection","language_name":"english","language_id":38},"transliteration":{"text":"baʿthukum","language_name":"english","language_id":38}},{"id":31252,"position":5,"audio_url":"wbw/031_028_005.mp3","qpc_uthmani_hafs":"إِلَّا","char_type_name":"word","page_number":413,"line_number":15,"text":"ﰎ","translation":{"text":"but","language_name":"english","language_id":38},"transliteration":{"text":"illā","language_name":"english","language_id":38}},{"id":31253,"position":6,"audio_url":"wbw/031_028_006.mp3","qpc_uthmani_hafs":"كَنَفۡسٖ","char_type_name":"word","page_number":413,"line_number":15,"text":"ﰏ","translation":{"text":"as a soul","language_name":"english","language_id":38},"transliteration":{"text":"kanafsin","language_name":"english","language_id":38}},{"id":31254,"position":7,"audio_url":"wbw/031_028_007.mp3","qpc_uthmani_hafs":"وَٰحِدَةٍۚ","char_type_name":"word","page_number":413,"line_number":15,"text":"ﰐﰑ","translation":{"text":"single","language_name":"english","language_id":38},"transliteration":{"text":"wāḥidatin","language_name":"english","language_id":38}},{"id":31256,"position":8,"audio_url":"wbw/031_028_009.mp3","qpc_uthmani_hafs":"إِنَّ","char_type_name":"word","page_number":413,"line_number":15,"text":"ﰒ","translation":{"text":"Indeed","language_name":"english","language_id":38},"transliteration":{"text":"inna","language_name":"english","language_id":38}},{"id":31257,"position":9,"audio_url":"wbw/031_028_010.mp3","qpc_uthmani_hafs":"ٱللَّهَ","char_type_name":"word","page_number":413,"line_number":15,"text":"ﰓ","translation":{"text":"Allah","language_name":"english","language_id":38},"transliteration":{"text":"l-laha","language_name":"english","language_id":38}},{"id":31258,"position":10,"audio_url":"wbw/031_028_011.mp3","qpc_uthmani_hafs":"سَمِيعُۢ","char_type_name":"word","page_number":413,"line_number":15,"text":"ﰔ","translation":{"text":"(is) All-Hearer","language_name":"english","language_id":38},"transliteration":{"text":"samīʿun","language_name":"english","language_id":38}},{"id":31259,"position":11,"audio_url":"wbw/031_028_012.mp3","qpc_uthmani_hafs":"بَصِيرٌ","char_type_name":"word","page_number":413,"line_number":15,"text":"ﰕ","translation":{"text":"All-Seer","language_name":"english","language_id":38},"transliteration":{"text":"baṣīrun","language_name":"english","language_id":38}},{"id":31260,"position":12,"audio_url":null,"qpc_uthmani_hafs":"٢٨","char_type_name":"end","page_number":413,"line_number":15,"text":"ﰖ","translation":{"text":"(28)","language_name":"english","language_id":38},"transliteration":{"text":null,"language_name":"english","language_id":38}}],"translations":[{"id":919926,"resource_id":134,"text":"Tidaklah Allah menciptakan dan membangkitkan kamu (dari dalam kubur) itu, melainkan hanyalah seperti (menciptakan dan membangkitkan) satu jiwa saja <sup foot_note=210953>1</sup>.  Sesungguhnya Allah Maha Mendengar lagi Maha Melihat."}]}],"pagination":{"per_page":50,"current_page":1,"next_page":null,"total_pages":1,"total_records":9}}