{"verses":[{"id":3584,"verse_number":51,"verse_key":"33:51","juz_number":22,"hizb_number":43,"rub_el_hizb_number":170,"ruku_number":368,"manzil_number":5,"sajdah_number":null,"text_uthmani":"۞ تُرْجِى مَن تَشَآءُ مِنْهُنَّ وَتُـْٔوِىٓ إِلَيْكَ مَن تَشَآءُ ۖ وَمَنِ ٱبْتَغَيْتَ مِمَّنْ عَزَلْتَ فَلَا جُنَاحَ عَلَيْكَ ۚ ذَٰلِكَ أَدْنَىٰٓ أَن تَقَرَّ أَعْيُنُهُنَّ وَلَا يَحْزَنَّ وَيَرْضَيْنَ بِمَآ ءَاتَيْتَهُنَّ كُلُّهُنَّ ۚ وَٱللَّهُ يَعْلَمُ مَا فِى قُلُوبِكُمْ ۚ وَكَانَ ٱللَّهُ عَلِيمًا حَلِيمًا","page_number":425,"words":[{"id":49493,"position":1,"audio_url":"wbw/033_051_002.mp3","qpc_uthmani_hafs":"۞ تُرۡجِي","char_type_name":"word","page_number":425,"line_number":1,"text":"ﭑ ﭒ","translation":{"text":"You may defer","language_name":"english","language_id":38},"transliteration":{"text":"tur'jī","language_name":"english","language_id":38}},{"id":49494,"position":2,"audio_url":"wbw/033_051_003.mp3","qpc_uthmani_hafs":"مَن","char_type_name":"word","page_number":425,"line_number":1,"text":"ﭓ","translation":{"text":"whom","language_name":"english","language_id":38},"transliteration":{"text":"man","language_name":"english","language_id":38}},{"id":49495,"position":3,"audio_url":"wbw/033_051_004.mp3","qpc_uthmani_hafs":"تَشَآءُ","char_type_name":"word","page_number":425,"line_number":1,"text":"ﭔ","translation":{"text":"you will","language_name":"english","language_id":38},"transliteration":{"text":"tashāu","language_name":"english","language_id":38}},{"id":49496,"position":4,"audio_url":"wbw/033_051_005.mp3","qpc_uthmani_hafs":"مِنۡهُنَّ","char_type_name":"word","page_number":425,"line_number":1,"text":"ﭕ","translation":{"text":"of them","language_name":"english","language_id":38},"transliteration":{"text":"min'hunna","language_name":"english","language_id":38}},{"id":49497,"position":5,"audio_url":"wbw/033_051_006.mp3","qpc_uthmani_hafs":"وَتُـٔۡوِيٓ","char_type_name":"word","page_number":425,"line_number":1,"text":"ﭖ","translation":{"text":"or you may take","language_name":"english","language_id":38},"transliteration":{"text":"watu'wī","language_name":"english","language_id":38}},{"id":49498,"position":6,"audio_url":"wbw/033_051_007.mp3","qpc_uthmani_hafs":"إِلَيۡكَ","char_type_name":"word","page_number":425,"line_number":1,"text":"ﭗ","translation":{"text":"to yourself","language_name":"english","language_id":38},"transliteration":{"text":"ilayka","language_name":"english","language_id":38}},{"id":49499,"position":7,"audio_url":"wbw/033_051_008.mp3","qpc_uthmani_hafs":"مَن","char_type_name":"word","page_number":425,"line_number":1,"text":"ﭘ","translation":{"text":"whom","language_name":"english","language_id":38},"transliteration":{"text":"man","language_name":"english","language_id":38}},{"id":49500,"position":8,"audio_url":"wbw/033_051_009.mp3","qpc_uthmani_hafs":"تَشَآءُۖ","char_type_name":"word","page_number":425,"line_number":1,"text":"ﭙﭚ","translation":{"text":"you will","language_name":"english","language_id":38},"transliteration":{"text":"tashāu","language_name":"english","language_id":38}},{"id":49502,"position":9,"audio_url":"wbw/033_051_011.mp3","qpc_uthmani_hafs":"وَمَنِ","char_type_name":"word","page_number":425,"line_number":1,"text":"ﭛ","translation":{"text":"And whoever","language_name":"english","language_id":38},"transliteration":{"text":"wamani","language_name":"english","language_id":38}},{"id":49503,"position":10,"audio_url":"wbw/033_051_012.mp3","qpc_uthmani_hafs":"ٱبۡتَغَيۡتَ","char_type_name":"word","page_number":425,"line_number":1,"text":"ﭜ","translation":{"text":"you desire","language_name":"english","language_id":38},"transliteration":{"text":"ib'taghayta","language_name":"english","language_id":38}},{"id":49504,"position":11,"audio_url":"wbw/033_051_013.mp3","qpc_uthmani_hafs":"مِمَّنۡ","char_type_name":"word","page_number":425,"line_number":2,"text":"ﭝ","translation":{"text":"of those whom","language_name":"english","language_id":38},"transliteration":{"text":"mimman","language_name":"english","language_id":38}},{"id":49505,"position":12,"audio_url":"wbw/033_051_014.mp3","qpc_uthmani_hafs":"عَزَلۡتَ","char_type_name":"word","page_number":425,"line_number":2,"text":"ﭞ","translation":{"text":"you (had) set aside ","language_name":"english","language_id":38},"transliteration":{"text":"ʿazalta","language_name":"english","language_id":38}},{"id":49506,"position":13,"audio_url":"wbw/033_051_015.mp3","qpc_uthmani_hafs":"فَلَا","char_type_name":"word","page_number":425,"line_number":2,"text":"ﭟ","translation":{"text":"then (there is) no","language_name":"english","language_id":38},"transliteration":{"text":"falā","language_name":"english","language_id":38}},{"id":49507,"position":14,"audio_url":"wbw/033_051_016.mp3","qpc_uthmani_hafs":"جُنَاحَ","char_type_name":"word","page_number":425,"line_number":2,"text":"ﭠ","translation":{"text":"blame","language_name":"english","language_id":38},"transliteration":{"text":"junāḥa","language_name":"english","language_id":38}},{"id":49508,"position":15,"audio_url":"wbw/033_051_017.mp3","qpc_uthmani_hafs":"عَلَيۡكَۚ","char_type_name":"word","page_number":425,"line_number":2,"text":"ﭡﭢ","translation":{"text":"upon you","language_name":"english","language_id":38},"transliteration":{"text":"ʿalayka","language_name":"english","language_id":38}},{"id":49510,"position":16,"audio_url":"wbw/033_051_019.mp3","qpc_uthmani_hafs":"ذَٰلِكَ","char_type_name":"word","page_number":425,"line_number":2,"text":"ﭣ","translation":{"text":"That","language_name":"english","language_id":38},"transliteration":{"text":"dhālika","language_name":"english","language_id":38}},{"id":49511,"position":17,"audio_url":"wbw/033_051_020.mp3","qpc_uthmani_hafs":"أَدۡنَىٰٓ","char_type_name":"word","page_number":425,"line_number":2,"text":"ﭤ","translation":{"text":"(is) more suitable","language_name":"english","language_id":38},"transliteration":{"text":"adnā","language_name":"english","language_id":38}},{"id":49512,"position":18,"audio_url":"wbw/033_051_021.mp3","qpc_uthmani_hafs":"أَن","char_type_name":"word","page_number":425,"line_number":2,"text":"ﭥ","translation":{"text":"that","language_name":"english","language_id":38},"transliteration":{"text":"an","language_name":"english","language_id":38}},{"id":49513,"position":19,"audio_url":"wbw/033_051_022.mp3","qpc_uthmani_hafs":"تَقَرَّ","char_type_name":"word","page_number":425,"line_number":2,"text":"ﭦ","translation":{"text":"may be cooled","language_name":"english","language_id":38},"transliteration":{"text":"taqarra","language_name":"english","language_id":38}},{"id":49514,"position":20,"audio_url":"wbw/033_051_023.mp3","qpc_uthmani_hafs":"أَعۡيُنُهُنَّ","char_type_name":"word","page_number":425,"line_number":2,"text":"ﭧ","translation":{"text":"their eyes","language_name":"english","language_id":38},"transliteration":{"text":"aʿyunuhunna","language_name":"english","language_id":38}},{"id":49515,"position":21,"audio_url":"wbw/033_051_024.mp3","qpc_uthmani_hafs":"وَلَا","char_type_name":"word","page_number":425,"line_number":3,"text":"ﭨ","translation":{"text":"and not","language_name":"english","language_id":38},"transliteration":{"text":"walā","language_name":"english","language_id":38}},{"id":49516,"position":22,"audio_url":"wbw/033_051_025.mp3","qpc_uthmani_hafs":"يَحۡزَنَّ","char_type_name":"word","page_number":425,"line_number":3,"text":"ﭩ","translation":{"text":"they grieve","language_name":"english","language_id":38},"transliteration":{"text":"yaḥzanna","language_name":"english","language_id":38}},{"id":49517,"position":23,"audio_url":"wbw/033_051_026.mp3","qpc_uthmani_hafs":"وَيَرۡضَيۡنَ","char_type_name":"word","page_number":425,"line_number":3,"text":"ﭪ","translation":{"text":"and they may be pleased","language_name":"english","language_id":38},"transliteration":{"text":"wayarḍayna","language_name":"english","language_id":38}},{"id":49518,"position":24,"audio_url":"wbw/033_051_027.mp3","qpc_uthmani_hafs":"بِمَآ","char_type_name":"word","page_number":425,"line_number":3,"text":"ﭫ","translation":{"text":"with what","language_name":"english","language_id":38},"transliteration":{"text":"bimā","language_name":"english","language_id":38}},{"id":49519,"position":25,"audio_url":"wbw/033_051_028.mp3","qpc_uthmani_hafs":"ءَاتَيۡتَهُنَّ","char_type_name":"word","page_number":425,"line_number":3,"text":"ﭬ","translation":{"text":"you have given them ","language_name":"english","language_id":38},"transliteration":{"text":"ātaytahunna","language_name":"english","language_id":38}},{"id":49520,"position":26,"audio_url":"wbw/033_051_029.mp3","qpc_uthmani_hafs":"كُلُّهُنَّۚ","char_type_name":"word","page_number":425,"line_number":3,"text":"ﭭﭮ","translation":{"text":"all of them","language_name":"english","language_id":38},"transliteration":{"text":"kulluhunna","language_name":"english","language_id":38}},{"id":49522,"position":27,"audio_url":"wbw/033_051_031.mp3","qpc_uthmani_hafs":"وَٱللَّهُ","char_type_name":"word","page_number":425,"line_number":3,"text":"ﭯ","translation":{"text":"And Allah","language_name":"english","language_id":38},"transliteration":{"text":"wal-lahu","language_name":"english","language_id":38}},{"id":49523,"position":28,"audio_url":"wbw/033_051_032.mp3","qpc_uthmani_hafs":"يَعۡلَمُ","char_type_name":"word","page_number":425,"line_number":3,"text":"ﭰ","translation":{"text":"knows","language_name":"english","language_id":38},"transliteration":{"text":"yaʿlamu","language_name":"english","language_id":38}},{"id":49524,"position":29,"audio_url":"wbw/033_051_033.mp3","qpc_uthmani_hafs":"مَا","char_type_name":"word","page_number":425,"line_number":4,"text":"ﭱ","translation":{"text":"what","language_name":"english","language_id":38},"transliteration":{"text":"mā","language_name":"english","language_id":38}},{"id":49525,"position":30,"audio_url":"wbw/033_051_034.mp3","qpc_uthmani_hafs":"فِي","char_type_name":"word","page_number":425,"line_number":4,"text":"ﭲ","translation":{"text":"(is) in","language_name":"english","language_id":38},"transliteration":{"text":"fī","language_name":"english","language_id":38}},{"id":49526,"position":31,"audio_url":"wbw/033_051_035.mp3","qpc_uthmani_hafs":"قُلُوبِكُمۡۚ","char_type_name":"word","page_number":425,"line_number":4,"text":"ﭳﭴ","translation":{"text":"your hearts","language_name":"english","language_id":38},"transliteration":{"text":"qulūbikum","language_name":"english","language_id":38}},{"id":49528,"position":32,"audio_url":"wbw/033_051_037.mp3","qpc_uthmani_hafs":"وَكَانَ","char_type_name":"word","page_number":425,"line_number":4,"text":"ﭵ","translation":{"text":"And Allah is","language_name":"english","language_id":38},"transliteration":{"text":"wakāna","language_name":"english","language_id":38}},{"id":49529,"position":33,"audio_url":"wbw/033_051_038.mp3","qpc_uthmani_hafs":"ٱللَّهُ","char_type_name":"word","page_number":425,"line_number":4,"text":"ﭶ","translation":{"text":"And Allah is","language_name":"english","language_id":38},"transliteration":{"text":"l-lahu","language_name":"english","language_id":38}},{"id":49530,"position":34,"audio_url":"wbw/033_051_039.mp3","qpc_uthmani_hafs":"عَلِيمًا","char_type_name":"word","page_number":425,"line_number":4,"text":"ﭷ","translation":{"text":"All-Knower","language_name":"english","language_id":38},"transliteration":{"text":"ʿalīman","language_name":"english","language_id":38}},{"id":49531,"position":35,"audio_url":"wbw/033_051_040.mp3","qpc_uthmani_hafs":"حَلِيمٗا","char_type_name":"word","page_number":425,"line_number":4,"text":"ﭸ","translation":{"text":"Most Forbearing","language_name":"english","language_id":38},"transliteration":{"text":"ḥalīman","language_name":"english","language_id":38}},{"id":49532,"position":36,"audio_url":null,"qpc_uthmani_hafs":"٥١","char_type_name":"end","page_number":425,"line_number":4,"text":"ﭹ","translation":{"text":"(51)","language_name":"english","language_id":38},"transliteration":{"text":null,"language_name":"english","language_id":38}}],"translations":[{"id":920013,"resource_id":134,"text":"Kamu boleh menangguhkan menggauli siapa yang kamu kehendaki di antara mereka (istri-istrimu) dan (boleh pula) menggauli siapa yang kamu kehendaki.  Dan siapa-siapa yang kamu ingini untuk menggaulinya kembali dari perempuan yang telah kamu cerai, maka tidak ada dosa bagimu.  Yang demikian itu adalah lebih dekat untuk ketenangan hati mereka, dan mereka tidak merasa sedih, dan semuanya rela dengan apa yang telah kamu berikan kepada mereka.  Dan Allah mengetahui apa yang (tersimpan) dalam hatimu.  Dan adalah Allah Maha Mengetahui lagi Maha Penyantun <sup foot_note=210995>1</sup>."}]},{"id":3585,"verse_number":52,"verse_key":"33:52","juz_number":22,"hizb_number":43,"rub_el_hizb_number":170,"ruku_number":368,"manzil_number":5,"sajdah_number":null,"text_uthmani":"لَّا يَحِلُّ لَكَ ٱلنِّسَآءُ مِنۢ بَعْدُ وَلَآ أَن تَبَدَّلَ بِهِنَّ مِنْ أَزْوَٰجٍ وَلَوْ أَعْجَبَكَ حُسْنُهُنَّ إِلَّا مَا مَلَكَتْ يَمِينُكَ ۗ وَكَانَ ٱللَّهُ عَلَىٰ كُلِّ شَىْءٍ رَّقِيبًا","page_number":425,"words":[{"id":50211,"position":1,"audio_url":"wbw/033_052_001.mp3","qpc_uthmani_hafs":"لَّا","char_type_name":"word","page_number":425,"line_number":4,"text":"ﭺ","translation":{"text":"(It is) not","language_name":"english","language_id":38},"transliteration":{"text":"lā","language_name":"english","language_id":38}},{"id":50212,"position":2,"audio_url":"wbw/033_052_002.mp3","qpc_uthmani_hafs":"يَحِلُّ","char_type_name":"word","page_number":425,"line_number":4,"text":"ﭻ","translation":{"text":"lawful","language_name":"english","language_id":38},"transliteration":{"text":"yaḥillu","language_name":"english","language_id":38}},{"id":50213,"position":3,"audio_url":"wbw/033_052_003.mp3","qpc_uthmani_hafs":"لَكَ","char_type_name":"word","page_number":425,"line_number":4,"text":"ﭼ","translation":{"text":"for you","language_name":"english","language_id":38},"transliteration":{"text":"laka","language_name":"english","language_id":38}},{"id":50214,"position":4,"audio_url":"wbw/033_052_004.mp3","qpc_uthmani_hafs":"ٱلنِّسَآءُ","char_type_name":"word","page_number":425,"line_number":5,"text":"ﭽ","translation":{"text":"(to marry) women","language_name":"english","language_id":38},"transliteration":{"text":"l-nisāu","language_name":"english","language_id":38}},{"id":50215,"position":5,"audio_url":"wbw/033_052_005.mp3","qpc_uthmani_hafs":"مِنۢ","char_type_name":"word","page_number":425,"line_number":5,"text":"ﭾ","translation":{"text":"after (this)","language_name":"english","language_id":38},"transliteration":{"text":"min","language_name":"english","language_id":38}},{"id":50216,"position":6,"audio_url":"wbw/033_052_006.mp3","qpc_uthmani_hafs":"بَعۡدُ","char_type_name":"word","page_number":425,"line_number":5,"text":"ﭿ","translation":{"text":"after (this)","language_name":"english","language_id":38},"transliteration":{"text":"baʿdu","language_name":"english","language_id":38}},{"id":50217,"position":7,"audio_url":"wbw/033_052_007.mp3","qpc_uthmani_hafs":"وَلَآ","char_type_name":"word","page_number":425,"line_number":5,"text":"ﮀ","translation":{"text":"and not","language_name":"english","language_id":38},"transliteration":{"text":"walā","language_name":"english","language_id":38}},{"id":50218,"position":8,"audio_url":"wbw/033_052_008.mp3","qpc_uthmani_hafs":"أَن","char_type_name":"word","page_number":425,"line_number":5,"text":"ﮁ","translation":{"text":"to","language_name":"english","language_id":38},"transliteration":{"text":"an","language_name":"english","language_id":38}},{"id":50219,"position":9,"audio_url":"wbw/033_052_009.mp3","qpc_uthmani_hafs":"تَبَدَّلَ","char_type_name":"word","page_number":425,"line_number":5,"text":"ﮂ","translation":{"text":"exchange","language_name":"english","language_id":38},"transliteration":{"text":"tabaddala","language_name":"english","language_id":38}},{"id":50220,"position":10,"audio_url":"wbw/033_052_010.mp3","qpc_uthmani_hafs":"بِهِنَّ","char_type_name":"word","page_number":425,"line_number":5,"text":"ﮃ","translation":{"text":"them","language_name":"english","language_id":38},"transliteration":{"text":"bihinna","language_name":"english","language_id":38}},{"id":50221,"position":11,"audio_url":"wbw/033_052_011.mp3","qpc_uthmani_hafs":"مِنۡ","char_type_name":"word","page_number":425,"line_number":5,"text":"ﮄ","translation":{"text":"for","language_name":"english","language_id":38},"transliteration":{"text":"min","language_name":"english","language_id":38}},{"id":50222,"position":12,"audio_url":"wbw/033_052_012.mp3","qpc_uthmani_hafs":"أَزۡوَٰجٖ","char_type_name":"word","page_number":425,"line_number":5,"text":"ﮅ","translation":{"text":"(other) wives","language_name":"english","language_id":38},"transliteration":{"text":"azwājin","language_name":"english","language_id":38}},{"id":50223,"position":13,"audio_url":"wbw/033_052_013.mp3","qpc_uthmani_hafs":"وَلَوۡ","char_type_name":"word","page_number":425,"line_number":5,"text":"ﮆ","translation":{"text":"even if","language_name":"english","language_id":38},"transliteration":{"text":"walaw","language_name":"english","language_id":38}},{"id":50224,"position":14,"audio_url":"wbw/033_052_014.mp3","qpc_uthmani_hafs":"أَعۡجَبَكَ","char_type_name":"word","page_number":425,"line_number":5,"text":"ﮇ","translation":{"text":"pleases you","language_name":"english","language_id":38},"transliteration":{"text":"aʿjabaka","language_name":"english","language_id":38}},{"id":50225,"position":15,"audio_url":"wbw/033_052_015.mp3","qpc_uthmani_hafs":"حُسۡنُهُنَّ","char_type_name":"word","page_number":425,"line_number":6,"text":"ﮈ","translation":{"text":"their beauty","language_name":"english","language_id":38},"transliteration":{"text":"ḥus'nuhunna","language_name":"english","language_id":38}},{"id":50226,"position":16,"audio_url":"wbw/033_052_016.mp3","qpc_uthmani_hafs":"إِلَّا","char_type_name":"word","page_number":425,"line_number":6,"text":"ﮉ","translation":{"text":"except","language_name":"english","language_id":38},"transliteration":{"text":"illā","language_name":"english","language_id":38}},{"id":50227,"position":17,"audio_url":"wbw/033_052_017.mp3","qpc_uthmani_hafs":"مَا","char_type_name":"word","page_number":425,"line_number":6,"text":"ﮊ","translation":{"text":"whom","language_name":"english","language_id":38},"transliteration":{"text":"mā","language_name":"english","language_id":38}},{"id":50228,"position":18,"audio_url":"wbw/033_052_018.mp3","qpc_uthmani_hafs":"مَلَكَتۡ","char_type_name":"word","page_number":425,"line_number":6,"text":"ﮋ","translation":{"text":"you rightfully possess","language_name":"english","language_id":38},"transliteration":{"text":"malakat","language_name":"english","language_id":38}},{"id":50229,"position":19,"audio_url":"wbw/033_052_019.mp3","qpc_uthmani_hafs":"يَمِينُكَۗ","char_type_name":"word","page_number":425,"line_number":6,"text":"ﮌﮍ","translation":{"text":"you rightfully possess","language_name":"english","language_id":38},"transliteration":{"text":"yamīnuka","language_name":"english","language_id":38}},{"id":50231,"position":20,"audio_url":"wbw/033_052_021.mp3","qpc_uthmani_hafs":"وَكَانَ","char_type_name":"word","page_number":425,"line_number":6,"text":"ﮎ","translation":{"text":"And Allah is","language_name":"english","language_id":38},"transliteration":{"text":"wakāna","language_name":"english","language_id":38}},{"id":50232,"position":21,"audio_url":"wbw/033_052_022.mp3","qpc_uthmani_hafs":"ٱللَّهُ","char_type_name":"word","page_number":425,"line_number":6,"text":"ﮏ","translation":{"text":"And Allah is","language_name":"english","language_id":38},"transliteration":{"text":"l-lahu","language_name":"english","language_id":38}},{"id":50233,"position":22,"audio_url":"wbw/033_052_023.mp3","qpc_uthmani_hafs":"عَلَىٰ","char_type_name":"word","page_number":425,"line_number":6,"text":"ﮐ","translation":{"text":"over","language_name":"english","language_id":38},"transliteration":{"text":"ʿalā","language_name":"english","language_id":38}},{"id":50234,"position":23,"audio_url":"wbw/033_052_024.mp3","qpc_uthmani_hafs":"كُلِّ","char_type_name":"word","page_number":425,"line_number":6,"text":"ﮑ","translation":{"text":"all","language_name":"english","language_id":38},"transliteration":{"text":"kulli","language_name":"english","language_id":38}},{"id":50235,"position":24,"audio_url":"wbw/033_052_025.mp3","qpc_uthmani_hafs":"شَيۡءٖ","char_type_name":"word","page_number":425,"line_number":6,"text":"ﮒ","translation":{"text":"things","language_name":"english","language_id":38},"transliteration":{"text":"shayin","language_name":"english","language_id":38}},{"id":50236,"position":25,"audio_url":"wbw/033_052_026.mp3","qpc_uthmani_hafs":"رَّقِيبٗا","char_type_name":"word","page_number":425,"line_number":6,"text":"ﮓ","translation":{"text":"an Observer","language_name":"english","language_id":38},"transliteration":{"text":"raqīban","language_name":"english","language_id":38}},{"id":50237,"position":26,"audio_url":null,"qpc_uthmani_hafs":"٥٢","char_type_name":"end","page_number":425,"line_number":7,"text":"ﮔ","translation":{"text":"(52)","language_name":"english","language_id":38},"transliteration":{"text":null,"language_name":"english","language_id":38}}],"translations":[{"id":920014,"resource_id":134,"text":"Tidak halal bagimu mengawini perempuan-perempuan sesudah itu dan tidak boleh (pula) mengganti mereka dengan istri-istri (yang lain), meskipun kecantikannya menarik hatimu, kecuali perempuan-perempuan (hamba sahaya) yang kamu miliki.  Dan adalah Allah Maha Mengawasi segala sesuatu <sup foot_note=210996>1</sup>."}]},{"id":3586,"verse_number":53,"verse_key":"33:53","juz_number":22,"hizb_number":43,"rub_el_hizb_number":170,"ruku_number":369,"manzil_number":5,"sajdah_number":null,"text_uthmani":"يَـٰٓأَيُّهَا ٱلَّذِينَ ءَامَنُوا۟ لَا تَدْخُلُوا۟ بُيُوتَ ٱلنَّبِىِّ إِلَّآ أَن يُؤْذَنَ لَكُمْ إِلَىٰ طَعَامٍ غَيْرَ نَـٰظِرِينَ إِنَىٰهُ وَلَـٰكِنْ إِذَا دُعِيتُمْ فَٱدْخُلُوا۟ فَإِذَا طَعِمْتُمْ فَٱنتَشِرُوا۟ وَلَا مُسْتَـْٔنِسِينَ لِحَدِيثٍ ۚ إِنَّ ذَٰلِكُمْ كَانَ يُؤْذِى ٱلنَّبِىَّ فَيَسْتَحْىِۦ مِنكُمْ ۖ وَٱللَّهُ لَا يَسْتَحْىِۦ مِنَ ٱلْحَقِّ ۚ وَإِذَا سَأَلْتُمُوهُنَّ مَتَـٰعًا فَسْـَٔلُوهُنَّ مِن وَرَآءِ حِجَابٍ ۚ ذَٰلِكُمْ أَطْهَرُ لِقُلُوبِكُمْ وَقُلُوبِهِنَّ ۚ وَمَا كَانَ لَكُمْ أَن تُؤْذُوا۟ رَسُولَ ٱللَّهِ وَلَآ أَن تَنكِحُوٓا۟ أَزْوَٰجَهُۥ مِنۢ بَعْدِهِۦٓ أَبَدًا ۚ إِنَّ ذَٰلِكُمْ كَانَ عِندَ ٱللَّهِ عَظِيمًا","page_number":425,"words":[{"id":50765,"position":1,"audio_url":"wbw/033_053_001.mp3","qpc_uthmani_hafs":"يَٰٓأَيُّهَا","char_type_name":"word","page_number":425,"line_number":7,"text":"ﮕ","translation":{"text":"O you who believe","language_name":"english","language_id":38},"transliteration":{"text":"yāayyuhā","language_name":"english","language_id":38}},{"id":50766,"position":2,"audio_url":"wbw/033_053_002.mp3","qpc_uthmani_hafs":"ٱلَّذِينَ","char_type_name":"word","page_number":425,"line_number":7,"text":"ﮖ","translation":{"text":"O you who believe","language_name":"english","language_id":38},"transliteration":{"text":"alladhīna","language_name":"english","language_id":38}},{"id":50767,"position":3,"audio_url":"wbw/033_053_003.mp3","qpc_uthmani_hafs":"ءَامَنُواْ","char_type_name":"word","page_number":425,"line_number":7,"text":"ﮗ","translation":{"text":"O you who believe","language_name":"english","language_id":38},"transliteration":{"text":"āmanū","language_name":"english","language_id":38}},{"id":50768,"position":4,"audio_url":"wbw/033_053_004.mp3","qpc_uthmani_hafs":"لَا","char_type_name":"word","page_number":425,"line_number":7,"text":"ﮘ","translation":{"text":"(Do) not","language_name":"english","language_id":38},"transliteration":{"text":"lā","language_name":"english","language_id":38}},{"id":50769,"position":5,"audio_url":"wbw/033_053_005.mp3","qpc_uthmani_hafs":"تَدۡخُلُواْ","char_type_name":"word","page_number":425,"line_number":7,"text":"ﮙ","translation":{"text":"enter","language_name":"english","language_id":38},"transliteration":{"text":"tadkhulū","language_name":"english","language_id":38}},{"id":50770,"position":6,"audio_url":"wbw/033_053_006.mp3","qpc_uthmani_hafs":"بُيُوتَ","char_type_name":"word","page_number":425,"line_number":7,"text":"ﮚ","translation":{"text":"(the) houses","language_name":"english","language_id":38},"transliteration":{"text":"buyūta","language_name":"english","language_id":38}},{"id":50771,"position":7,"audio_url":"wbw/033_053_007.mp3","qpc_uthmani_hafs":"ٱلنَّبِيِّ","char_type_name":"word","page_number":425,"line_number":7,"text":"ﮛ","translation":{"text":"(of) the Prophet","language_name":"english","language_id":38},"transliteration":{"text":"l-nabiyi","language_name":"english","language_id":38}},{"id":50772,"position":8,"audio_url":"wbw/033_053_008.mp3","qpc_uthmani_hafs":"إِلَّآ","char_type_name":"word","page_number":425,"line_number":7,"text":"ﮜ","translation":{"text":"except","language_name":"english","language_id":38},"transliteration":{"text":"illā","language_name":"english","language_id":38}},{"id":50773,"position":9,"audio_url":"wbw/033_053_009.mp3","qpc_uthmani_hafs":"أَن","char_type_name":"word","page_number":425,"line_number":7,"text":"ﮝ","translation":{"text":"when","language_name":"english","language_id":38},"transliteration":{"text":"an","language_name":"english","language_id":38}},{"id":50774,"position":10,"audio_url":"wbw/033_053_010.mp3","qpc_uthmani_hafs":"يُؤۡذَنَ","char_type_name":"word","page_number":425,"line_number":8,"text":"ﮞ","translation":{"text":"permission is given","language_name":"english","language_id":38},"transliteration":{"text":"yu'dhana","language_name":"english","language_id":38}},{"id":50775,"position":11,"audio_url":"wbw/033_053_011.mp3","qpc_uthmani_hafs":"لَكُمۡ","char_type_name":"word","page_number":425,"line_number":8,"text":"ﮟ","translation":{"text":"to you","language_name":"english","language_id":38},"transliteration":{"text":"lakum","language_name":"english","language_id":38}},{"id":50776,"position":12,"audio_url":"wbw/033_053_012.mp3","qpc_uthmani_hafs":"إِلَىٰ","char_type_name":"word","page_number":425,"line_number":8,"text":"ﮠ","translation":{"text":"for","language_name":"english","language_id":38},"transliteration":{"text":"ilā","language_name":"english","language_id":38}},{"id":50777,"position":13,"audio_url":"wbw/033_053_013.mp3","qpc_uthmani_hafs":"طَعَامٍ","char_type_name":"word","page_number":425,"line_number":8,"text":"ﮡ","translation":{"text":"a meal","language_name":"english","language_id":38},"transliteration":{"text":"ṭaʿāmin","language_name":"english","language_id":38}},{"id":50778,"position":14,"audio_url":"wbw/033_053_014.mp3","qpc_uthmani_hafs":"غَيۡرَ","char_type_name":"word","page_number":425,"line_number":8,"text":"ﮢ","translation":{"text":"without","language_name":"english","language_id":38},"transliteration":{"text":"ghayra","language_name":"english","language_id":38}},{"id":50779,"position":15,"audio_url":"wbw/033_053_015.mp3","qpc_uthmani_hafs":"نَٰظِرِينَ","char_type_name":"word","page_number":425,"line_number":8,"text":"ﮣ","translation":{"text":"awaiting","language_name":"english","language_id":38},"transliteration":{"text":"nāẓirīna","language_name":"english","language_id":38}},{"id":50780,"position":16,"audio_url":"wbw/033_053_016.mp3","qpc_uthmani_hafs":"إِنَىٰهُ","char_type_name":"word","page_number":425,"line_number":8,"text":"ﮤ","translation":{"text":"its preparation","language_name":"english","language_id":38},"transliteration":{"text":"ināhu","language_name":"english","language_id":38}},{"id":50781,"position":17,"audio_url":"wbw/033_053_017.mp3","qpc_uthmani_hafs":"وَلَٰكِنۡ","char_type_name":"word","page_number":425,"line_number":8,"text":"ﮥ","translation":{"text":"But","language_name":"english","language_id":38},"transliteration":{"text":"walākin","language_name":"english","language_id":38}},{"id":50782,"position":18,"audio_url":"wbw/033_053_018.mp3","qpc_uthmani_hafs":"إِذَا","char_type_name":"word","page_number":425,"line_number":8,"text":"ﮦ","translation":{"text":"when","language_name":"english","language_id":38},"transliteration":{"text":"idhā","language_name":"english","language_id":38}},{"id":50783,"position":19,"audio_url":"wbw/033_053_019.mp3","qpc_uthmani_hafs":"دُعِيتُمۡ","char_type_name":"word","page_number":425,"line_number":8,"text":"ﮧ","translation":{"text":"you are invited","language_name":"english","language_id":38},"transliteration":{"text":"duʿītum","language_name":"english","language_id":38}},{"id":50784,"position":20,"audio_url":"wbw/033_053_020.mp3","qpc_uthmani_hafs":"فَٱدۡخُلُواْ","char_type_name":"word","page_number":425,"line_number":9,"text":"ﮨ","translation":{"text":"then enter","language_name":"english","language_id":38},"transliteration":{"text":"fa-ud'khulū","language_name":"english","language_id":38}},{"id":50785,"position":21,"audio_url":"wbw/033_053_021.mp3","qpc_uthmani_hafs":"فَإِذَا","char_type_name":"word","page_number":425,"line_number":9,"text":"ﮩ","translation":{"text":"and when","language_name":"english","language_id":38},"transliteration":{"text":"fa-idhā","language_name":"english","language_id":38}},{"id":50786,"position":22,"audio_url":"wbw/033_053_022.mp3","qpc_uthmani_hafs":"طَعِمۡتُمۡ","char_type_name":"word","page_number":425,"line_number":9,"text":"ﮪ","translation":{"text":"you have eaten","language_name":"english","language_id":38},"transliteration":{"text":"ṭaʿim'tum","language_name":"english","language_id":38}},{"id":50787,"position":23,"audio_url":"wbw/033_053_023.mp3","qpc_uthmani_hafs":"فَٱنتَشِرُواْ","char_type_name":"word","page_number":425,"line_number":9,"text":"ﮫ","translation":{"text":"then disperse","language_name":"english","language_id":38},"transliteration":{"text":"fa-intashirū","language_name":"english","language_id":38}},{"id":50788,"position":24,"audio_url":"wbw/033_053_024.mp3","qpc_uthmani_hafs":"وَلَا","char_type_name":"word","page_number":425,"line_number":9,"text":"ﮬ","translation":{"text":"and not","language_name":"english","language_id":38},"transliteration":{"text":"walā","language_name":"english","language_id":38}},{"id":50789,"position":25,"audio_url":"wbw/033_053_025.mp3","qpc_uthmani_hafs":"مُسۡتَـٔۡنِسِينَ","char_type_name":"word","page_number":425,"line_number":9,"text":"ﮭ","translation":{"text":"seeking to remain","language_name":"english","language_id":38},"transliteration":{"text":"mus'tanisīna","language_name":"english","language_id":38}},{"id":50790,"position":26,"audio_url":"wbw/033_053_026.mp3","qpc_uthmani_hafs":"لِحَدِيثٍۚ","char_type_name":"word","page_number":425,"line_number":9,"text":"ﮮﮯ","translation":{"text":"for a conversation","language_name":"english","language_id":38},"transliteration":{"text":"liḥadīthin","language_name":"english","language_id":38}},{"id":50792,"position":27,"audio_url":"wbw/033_053_028.mp3","qpc_uthmani_hafs":"إِنَّ","char_type_name":"word","page_number":425,"line_number":9,"text":"ﮰ","translation":{"text":"Indeed","language_name":"english","language_id":38},"transliteration":{"text":"inna","language_name":"english","language_id":38}},{"id":50793,"position":28,"audio_url":"wbw/033_053_029.mp3","qpc_uthmani_hafs":"ذَٰلِكُمۡ","char_type_name":"word","page_number":425,"line_number":10,"text":"ﮱ","translation":{"text":"that","language_name":"english","language_id":38},"transliteration":{"text":"dhālikum","language_name":"english","language_id":38}},{"id":50794,"position":29,"audio_url":"wbw/033_053_030.mp3","qpc_uthmani_hafs":"كَانَ","char_type_name":"word","page_number":425,"line_number":10,"text":"ﯓ","translation":{"text":"was","language_name":"english","language_id":38},"transliteration":{"text":"kāna","language_name":"english","language_id":38}},{"id":50795,"position":30,"audio_url":"wbw/033_053_031.mp3","qpc_uthmani_hafs":"يُؤۡذِي","char_type_name":"word","page_number":425,"line_number":10,"text":"ﯔ","translation":{"text":"troubling","language_name":"english","language_id":38},"transliteration":{"text":"yu'dhī","language_name":"english","language_id":38}},{"id":50796,"position":31,"audio_url":"wbw/033_053_032.mp3","qpc_uthmani_hafs":"ٱلنَّبِيَّ","char_type_name":"word","page_number":425,"line_number":10,"text":"ﯕ","translation":{"text":"the Prophet","language_name":"english","language_id":38},"transliteration":{"text":"l-nabiya","language_name":"english","language_id":38}},{"id":50797,"position":32,"audio_url":"wbw/033_053_033.mp3","qpc_uthmani_hafs":"فَيَسۡتَحۡيِۦ","char_type_name":"word","page_number":425,"line_number":10,"text":"ﯖ","translation":{"text":"and he is shy","language_name":"english","language_id":38},"transliteration":{"text":"fayastaḥyī","language_name":"english","language_id":38}},{"id":50798,"position":33,"audio_url":"wbw/033_053_034.mp3","qpc_uthmani_hafs":"مِنكُمۡۖ","char_type_name":"word","page_number":425,"line_number":10,"text":"ﯗﯘ","translation":{"text":"of (dismissing) you","language_name":"english","language_id":38},"transliteration":{"text":"minkum","language_name":"english","language_id":38}},{"id":50800,"position":34,"audio_url":"wbw/033_053_036.mp3","qpc_uthmani_hafs":"وَٱللَّهُ","char_type_name":"word","page_number":425,"line_number":10,"text":"ﯙ","translation":{"text":"But Allah","language_name":"english","language_id":38},"transliteration":{"text":"wal-lahu","language_name":"english","language_id":38}},{"id":50801,"position":35,"audio_url":"wbw/033_053_037.mp3","qpc_uthmani_hafs":"لَا","char_type_name":"word","page_number":425,"line_number":10,"text":"ﯚ","translation":{"text":"is not shy","language_name":"english","language_id":38},"transliteration":{"text":"lā","language_name":"english","language_id":38}},{"id":50802,"position":36,"audio_url":"wbw/033_053_038.mp3","qpc_uthmani_hafs":"يَسۡتَحۡيِۦ","char_type_name":"word","page_number":425,"line_number":11,"text":"ﯛ","translation":{"text":"is not shy","language_name":"english","language_id":38},"transliteration":{"text":"yastaḥyī","language_name":"english","language_id":38}},{"id":50803,"position":37,"audio_url":"wbw/033_053_039.mp3","qpc_uthmani_hafs":"مِنَ","char_type_name":"word","page_number":425,"line_number":11,"text":"ﯜ","translation":{"text":"of","language_name":"english","language_id":38},"transliteration":{"text":"mina","language_name":"english","language_id":38}},{"id":50804,"position":38,"audio_url":"wbw/033_053_040.mp3","qpc_uthmani_hafs":"ٱلۡحَقِّۚ","char_type_name":"word","page_number":425,"line_number":11,"text":"ﯝﯞ","translation":{"text":"the truth","language_name":"english","language_id":38},"transliteration":{"text":"l-ḥaqi","language_name":"english","language_id":38}},{"id":50806,"position":39,"audio_url":"wbw/033_053_042.mp3","qpc_uthmani_hafs":"وَإِذَا","char_type_name":"word","page_number":425,"line_number":11,"text":"ﯟ","translation":{"text":"And when","language_name":"english","language_id":38},"transliteration":{"text":"wa-idhā","language_name":"english","language_id":38}},{"id":50807,"position":40,"audio_url":"wbw/033_053_043.mp3","qpc_uthmani_hafs":"سَأَلۡتُمُوهُنَّ","char_type_name":"word","page_number":425,"line_number":11,"text":"ﯠ","translation":{"text":"you ask them","language_name":"english","language_id":38},"transliteration":{"text":"sa-altumūhunna","language_name":"english","language_id":38}},{"id":50808,"position":41,"audio_url":"wbw/033_053_044.mp3","qpc_uthmani_hafs":"مَتَٰعٗا","char_type_name":"word","page_number":425,"line_number":11,"text":"ﯡ","translation":{"text":"(for) anything","language_name":"english","language_id":38},"transliteration":{"text":"matāʿan","language_name":"english","language_id":38}},{"id":50809,"position":42,"audio_url":"wbw/033_053_045.mp3","qpc_uthmani_hafs":"فَسۡـَٔلُوهُنَّ","char_type_name":"word","page_number":425,"line_number":11,"text":"ﯢ","translation":{"text":"then ask them","language_name":"english","language_id":38},"transliteration":{"text":"fasalūhunna","language_name":"english","language_id":38}},{"id":50810,"position":43,"audio_url":"wbw/033_053_046.mp3","qpc_uthmani_hafs":"مِن","char_type_name":"word","page_number":425,"line_number":11,"text":"ﯣ","translation":{"text":"from","language_name":"english","language_id":38},"transliteration":{"text":"min","language_name":"english","language_id":38}},{"id":50811,"position":44,"audio_url":"wbw/033_053_047.mp3","qpc_uthmani_hafs":"وَرَآءِ","char_type_name":"word","page_number":425,"line_number":12,"text":"ﯤ","translation":{"text":"behind","language_name":"english","language_id":38},"transliteration":{"text":"warāi","language_name":"english","language_id":38}},{"id":50812,"position":45,"audio_url":"wbw/033_053_048.mp3","qpc_uthmani_hafs":"حِجَابٖۚ","char_type_name":"word","page_number":425,"line_number":12,"text":"ﯥﯦ","translation":{"text":"a screen","language_name":"english","language_id":38},"transliteration":{"text":"ḥijābin","language_name":"english","language_id":38}},{"id":50814,"position":46,"audio_url":"wbw/033_053_050.mp3","qpc_uthmani_hafs":"ذَٰلِكُمۡ","char_type_name":"word","page_number":425,"line_number":12,"text":"ﯧ","translation":{"text":"That","language_name":"english","language_id":38},"transliteration":{"text":"dhālikum","language_name":"english","language_id":38}},{"id":50815,"position":47,"audio_url":"wbw/033_053_051.mp3","qpc_uthmani_hafs":"أَطۡهَرُ","char_type_name":"word","page_number":425,"line_number":12,"text":"ﯨ","translation":{"text":"(is) purer","language_name":"english","language_id":38},"transliteration":{"text":"aṭharu","language_name":"english","language_id":38}},{"id":50816,"position":48,"audio_url":"wbw/033_053_052.mp3","qpc_uthmani_hafs":"لِقُلُوبِكُمۡ","char_type_name":"word","page_number":425,"line_number":12,"text":"ﯩ","translation":{"text":"for your hearts","language_name":"english","language_id":38},"transliteration":{"text":"liqulūbikum","language_name":"english","language_id":38}},{"id":50817,"position":49,"audio_url":"wbw/033_053_053.mp3","qpc_uthmani_hafs":"وَقُلُوبِهِنَّۚ","char_type_name":"word","page_number":425,"line_number":12,"text":"ﯪﯫ","translation":{"text":"and their hearts","language_name":"english","language_id":38},"transliteration":{"text":"waqulūbihinna","language_name":"english","language_id":38}},{"id":50819,"position":50,"audio_url":"wbw/033_053_055.mp3","qpc_uthmani_hafs":"وَمَا","char_type_name":"word","page_number":425,"line_number":12,"text":"ﯬ","translation":{"text":"And not","language_name":"english","language_id":38},"transliteration":{"text":"wamā","language_name":"english","language_id":38}},{"id":50820,"position":51,"audio_url":"wbw/033_053_056.mp3","qpc_uthmani_hafs":"كَانَ","char_type_name":"word","page_number":425,"line_number":12,"text":"ﯭ","translation":{"text":"is","language_name":"english","language_id":38},"transliteration":{"text":"kāna","language_name":"english","language_id":38}},{"id":50821,"position":52,"audio_url":"wbw/033_053_057.mp3","qpc_uthmani_hafs":"لَكُمۡ","char_type_name":"word","page_number":425,"line_number":13,"text":"ﯮ","translation":{"text":"for you","language_name":"english","language_id":38},"transliteration":{"text":"lakum","language_name":"english","language_id":38}},{"id":50822,"position":53,"audio_url":"wbw/033_053_058.mp3","qpc_uthmani_hafs":"أَن","char_type_name":"word","page_number":425,"line_number":13,"text":"ﯯ","translation":{"text":"that","language_name":"english","language_id":38},"transliteration":{"text":"an","language_name":"english","language_id":38}},{"id":50823,"position":54,"audio_url":"wbw/033_053_059.mp3","qpc_uthmani_hafs":"تُؤۡذُواْ","char_type_name":"word","page_number":425,"line_number":13,"text":"ﯰ","translation":{"text":"you trouble","language_name":"english","language_id":38},"transliteration":{"text":"tu'dhū","language_name":"english","language_id":38}},{"id":50824,"position":55,"audio_url":"wbw/033_053_060.mp3","qpc_uthmani_hafs":"رَسُولَ","char_type_name":"word","page_number":425,"line_number":13,"text":"ﯱ","translation":{"text":"(the) Messenger","language_name":"english","language_id":38},"transliteration":{"text":"rasūla","language_name":"english","language_id":38}},{"id":50825,"position":56,"audio_url":"wbw/033_053_061.mp3","qpc_uthmani_hafs":"ٱللَّهِ","char_type_name":"word","page_number":425,"line_number":13,"text":"ﯲ","translation":{"text":"(of) Allah","language_name":"english","language_id":38},"transliteration":{"text":"l-lahi","language_name":"english","language_id":38}},{"id":50826,"position":57,"audio_url":"wbw/033_053_062.mp3","qpc_uthmani_hafs":"وَلَآ","char_type_name":"word","page_number":425,"line_number":13,"text":"ﯳ","translation":{"text":"and not","language_name":"english","language_id":38},"transliteration":{"text":"walā","language_name":"english","language_id":38}},{"id":50827,"position":58,"audio_url":"wbw/033_053_063.mp3","qpc_uthmani_hafs":"أَن","char_type_name":"word","page_number":425,"line_number":13,"text":"ﯴ","translation":{"text":"that","language_name":"english","language_id":38},"transliteration":{"text":"an","language_name":"english","language_id":38}},{"id":50828,"position":59,"audio_url":"wbw/033_053_064.mp3","qpc_uthmani_hafs":"تَنكِحُوٓاْ","char_type_name":"word","page_number":425,"line_number":13,"text":"ﯵ","translation":{"text":"you should marry","language_name":"english","language_id":38},"transliteration":{"text":"tankiḥū","language_name":"english","language_id":38}},{"id":50829,"position":60,"audio_url":"wbw/033_053_065.mp3","qpc_uthmani_hafs":"أَزۡوَٰجَهُۥ","char_type_name":"word","page_number":425,"line_number":13,"text":"ﯶ","translation":{"text":"his wives","language_name":"english","language_id":38},"transliteration":{"text":"azwājahu","language_name":"english","language_id":38}},{"id":50830,"position":61,"audio_url":"wbw/033_053_066.mp3","qpc_uthmani_hafs":"مِنۢ","char_type_name":"word","page_number":425,"line_number":14,"text":"ﯷ","translation":{"text":"after him","language_name":"english","language_id":38},"transliteration":{"text":"min","language_name":"english","language_id":38}},{"id":50831,"position":62,"audio_url":"wbw/033_053_067.mp3","qpc_uthmani_hafs":"بَعۡدِهِۦٓ","char_type_name":"word","page_number":425,"line_number":14,"text":"ﯸ","translation":{"text":"after him","language_name":"english","language_id":38},"transliteration":{"text":"baʿdihi","language_name":"english","language_id":38}},{"id":50832,"position":63,"audio_url":"wbw/033_053_068.mp3","qpc_uthmani_hafs":"أَبَدًاۚ","char_type_name":"word","page_number":425,"line_number":14,"text":"ﯹﯺ","translation":{"text":"ever","language_name":"english","language_id":38},"transliteration":{"text":"abadan","language_name":"english","language_id":38}},{"id":50834,"position":64,"audio_url":"wbw/033_053_070.mp3","qpc_uthmani_hafs":"إِنَّ","char_type_name":"word","page_number":425,"line_number":14,"text":"ﯻ","translation":{"text":"Indeed","language_name":"english","language_id":38},"transliteration":{"text":"inna","language_name":"english","language_id":38}},{"id":50835,"position":65,"audio_url":"wbw/033_053_071.mp3","qpc_uthmani_hafs":"ذَٰلِكُمۡ","char_type_name":"word","page_number":425,"line_number":14,"text":"ﯼ","translation":{"text":"that","language_name":"english","language_id":38},"transliteration":{"text":"dhālikum","language_name":"english","language_id":38}},{"id":50836,"position":66,"audio_url":"wbw/033_053_072.mp3","qpc_uthmani_hafs":"كَانَ","char_type_name":"word","page_number":425,"line_number":14,"text":"ﯽ","translation":{"text":"is","language_name":"english","language_id":38},"transliteration":{"text":"kāna","language_name":"english","language_id":38}},{"id":50837,"position":67,"audio_url":"wbw/033_053_073.mp3","qpc_uthmani_hafs":"عِندَ","char_type_name":"word","page_number":425,"line_number":14,"text":"ﯾ","translation":{"text":"near","language_name":"english","language_id":38},"transliteration":{"text":"ʿinda","language_name":"english","language_id":38}},{"id":50838,"position":68,"audio_url":"wbw/033_053_074.mp3","qpc_uthmani_hafs":"ٱللَّهِ","char_type_name":"word","page_number":425,"line_number":14,"text":"ﯿ","translation":{"text":"Allah","language_name":"english","language_id":38},"transliteration":{"text":"l-lahi","language_name":"english","language_id":38}},{"id":50839,"position":69,"audio_url":"wbw/033_053_075.mp3","qpc_uthmani_hafs":"عَظِيمًا","char_type_name":"word","page_number":425,"line_number":14,"text":"ﰀ","translation":{"text":"an enormity","language_name":"english","language_id":38},"transliteration":{"text":"ʿaẓīman","language_name":"english","language_id":38}},{"id":50840,"position":70,"audio_url":null,"qpc_uthmani_hafs":"٥٣","char_type_name":"end","page_number":425,"line_number":14,"text":"ﰁ","translation":{"text":"(53)","language_name":"english","language_id":38},"transliteration":{"text":null,"language_name":"english","language_id":38}}],"translations":[{"id":920015,"resource_id":134,"text":"Hai orang-orang yang beriman, janganlah kamu memasuki rumah-rumah nabi, kecuali bila kamu diizinkan untuk makan dengan tidak menunggu-nunggu waktu masak (makanannya) <sup foot_note=210997>1</sup>, tetapi jika kamu diundang, maka masuklah dan bila kamu selesai makan, keluarlah kamu tanpa asyik memperpanjang percakapan.  Sesungguhnya yang demikian itu akan mengganggu nabi, lalu nabi malu kepadamu (untuk menyuruh kamu keluar) dan Allah tidak malu (menerangkan) yang benar.  Apabila kamu meminta sesuatu (keperluan) kepada mereka (istri-istri nabi), maka mintalah dari belakang tabir.  Cara yang demikian itu lebih suci bagi hatimu dan hati mereka.  Dan tidak boleh kamu menyakiti (hati) Rasulullah dan tidak (pula) mengawini istri-istrinya selama-lamanya sesudah ia wafat.  Sesungguhnya perbuatan itu adalah amat besar (dosanya) di sisi Allah."}]},{"id":3587,"verse_number":54,"verse_key":"33:54","juz_number":22,"hizb_number":43,"rub_el_hizb_number":170,"ruku_number":369,"manzil_number":5,"sajdah_number":null,"text_uthmani":"إِن تُبْدُوا۟ شَيْـًٔا أَوْ تُخْفُوهُ فَإِنَّ ٱللَّهَ كَانَ بِكُلِّ شَىْءٍ عَلِيمًا","page_number":425,"words":[{"id":51408,"position":1,"audio_url":"wbw/033_054_001.mp3","qpc_uthmani_hafs":"إِن","char_type_name":"word","page_number":425,"line_number":14,"text":"ﰂ","translation":{"text":"Whether","language_name":"english","language_id":38},"transliteration":{"text":"in","language_name":"english","language_id":38}},{"id":51409,"position":2,"audio_url":"wbw/033_054_002.mp3","qpc_uthmani_hafs":"تُبۡدُواْ","char_type_name":"word","page_number":425,"line_number":15,"text":"ﰃ","translation":{"text":"you reveal","language_name":"english","language_id":38},"transliteration":{"text":"tub'dū","language_name":"english","language_id":38}},{"id":51410,"position":3,"audio_url":"wbw/033_054_003.mp3","qpc_uthmani_hafs":"شَيۡـًٔا","char_type_name":"word","page_number":425,"line_number":15,"text":"ﰄ","translation":{"text":"a thing","language_name":"english","language_id":38},"transliteration":{"text":"shayan","language_name":"english","language_id":38}},{"id":51411,"position":4,"audio_url":"wbw/033_054_004.mp3","qpc_uthmani_hafs":"أَوۡ","char_type_name":"word","page_number":425,"line_number":15,"text":"ﰅ","translation":{"text":"or","language_name":"english","language_id":38},"transliteration":{"text":"aw","language_name":"english","language_id":38}},{"id":51412,"position":5,"audio_url":"wbw/033_054_005.mp3","qpc_uthmani_hafs":"تُخۡفُوهُ","char_type_name":"word","page_number":425,"line_number":15,"text":"ﰆ","translation":{"text":"conceal it","language_name":"english","language_id":38},"transliteration":{"text":"tukh'fūhu","language_name":"english","language_id":38}},{"id":51413,"position":6,"audio_url":"wbw/033_054_006.mp3","qpc_uthmani_hafs":"فَإِنَّ","char_type_name":"word","page_number":425,"line_number":15,"text":"ﰇ","translation":{"text":"indeed","language_name":"english","language_id":38},"transliteration":{"text":"fa-inna","language_name":"english","language_id":38}},{"id":51414,"position":7,"audio_url":"wbw/033_054_007.mp3","qpc_uthmani_hafs":"ٱللَّهَ","char_type_name":"word","page_number":425,"line_number":15,"text":"ﰈ","translation":{"text":"Allah","language_name":"english","language_id":38},"transliteration":{"text":"l-laha","language_name":"english","language_id":38}},{"id":51415,"position":8,"audio_url":"wbw/033_054_008.mp3","qpc_uthmani_hafs":"كَانَ","char_type_name":"word","page_number":425,"line_number":15,"text":"ﰉ","translation":{"text":"is","language_name":"english","language_id":38},"transliteration":{"text":"kāna","language_name":"english","language_id":38}},{"id":51416,"position":9,"audio_url":"wbw/033_054_009.mp3","qpc_uthmani_hafs":"بِكُلِّ","char_type_name":"word","page_number":425,"line_number":15,"text":"ﰊ","translation":{"text":"of all","language_name":"english","language_id":38},"transliteration":{"text":"bikulli","language_name":"english","language_id":38}},{"id":51417,"position":10,"audio_url":"wbw/033_054_010.mp3","qpc_uthmani_hafs":"شَيۡءٍ","char_type_name":"word","page_number":425,"line_number":15,"text":"ﰋ","translation":{"text":"things","language_name":"english","language_id":38},"transliteration":{"text":"shayin","language_name":"english","language_id":38}},{"id":51418,"position":11,"audio_url":"wbw/033_054_011.mp3","qpc_uthmani_hafs":"عَلِيمٗا","char_type_name":"word","page_number":425,"line_number":15,"text":"ﰌ","translation":{"text":"All-Knower","language_name":"english","language_id":38},"transliteration":{"text":"ʿalīman","language_name":"english","language_id":38}},{"id":51419,"position":12,"audio_url":null,"qpc_uthmani_hafs":"٥٤","char_type_name":"end","page_number":425,"line_number":15,"text":"ﰍ","translation":{"text":"(54)","language_name":"english","language_id":38},"transliteration":{"text":null,"language_name":"english","language_id":38}}],"translations":[{"id":920016,"resource_id":134,"text":"Jika kamu melahirkan sesuatu atau menyembunyikannya, maka sesungguhnya Allah adalah Maha Mengetahui segala sesuatu."}]}],"pagination":{"per_page":50,"current_page":1,"next_page":null,"total_pages":1,"total_records":4}}