{"verses":[{"id":3691,"verse_number":31,"verse_key":"35:31","juz_number":22,"hizb_number":44,"rub_el_hizb_number":175,"ruku_number":381,"manzil_number":5,"sajdah_number":null,"text_uthmani":"وَٱلَّذِىٓ أَوْحَيْنَآ إِلَيْكَ مِنَ ٱلْكِتَـٰبِ هُوَ ٱلْحَقُّ مُصَدِّقًا لِّمَا بَيْنَ يَدَيْهِ ۗ إِنَّ ٱللَّهَ بِعِبَادِهِۦ لَخَبِيرٌۢ بَصِيرٌ","page_number":438,"words":[{"id":34224,"position":1,"audio_url":"wbw/035_031_001.mp3","qpc_uthmani_hafs":"وَٱلَّذِيٓ","char_type_name":"word","page_number":438,"line_number":1,"text":"ﭑ","translation":{"text":"And (that) which","language_name":"english","language_id":38},"transliteration":{"text":"wa-alladhī","language_name":"english","language_id":38}},{"id":34225,"position":2,"audio_url":"wbw/035_031_002.mp3","qpc_uthmani_hafs":"أَوۡحَيۡنَآ","char_type_name":"word","page_number":438,"line_number":1,"text":"ﭒ","translation":{"text":"We have revealed","language_name":"english","language_id":38},"transliteration":{"text":"awḥaynā","language_name":"english","language_id":38}},{"id":34226,"position":3,"audio_url":"wbw/035_031_003.mp3","qpc_uthmani_hafs":"إِلَيۡكَ","char_type_name":"word","page_number":438,"line_number":1,"text":"ﭓ","translation":{"text":"to you","language_name":"english","language_id":38},"transliteration":{"text":"ilayka","language_name":"english","language_id":38}},{"id":34227,"position":4,"audio_url":"wbw/035_031_004.mp3","qpc_uthmani_hafs":"مِنَ","char_type_name":"word","page_number":438,"line_number":1,"text":"ﭔ","translation":{"text":"of","language_name":"english","language_id":38},"transliteration":{"text":"mina","language_name":"english","language_id":38}},{"id":34228,"position":5,"audio_url":"wbw/035_031_005.mp3","qpc_uthmani_hafs":"ٱلۡكِتَٰبِ","char_type_name":"word","page_number":438,"line_number":1,"text":"ﭕ","translation":{"text":"the Book","language_name":"english","language_id":38},"transliteration":{"text":"l-kitābi","language_name":"english","language_id":38}},{"id":34229,"position":6,"audio_url":"wbw/035_031_006.mp3","qpc_uthmani_hafs":"هُوَ","char_type_name":"word","page_number":438,"line_number":1,"text":"ﭖ","translation":{"text":"it","language_name":"english","language_id":38},"transliteration":{"text":"huwa","language_name":"english","language_id":38}},{"id":34230,"position":7,"audio_url":"wbw/035_031_007.mp3","qpc_uthmani_hafs":"ٱلۡحَقُّ","char_type_name":"word","page_number":438,"line_number":1,"text":"ﭗ","translation":{"text":"(is) the truth","language_name":"english","language_id":38},"transliteration":{"text":"l-ḥaqu","language_name":"english","language_id":38}},{"id":34231,"position":8,"audio_url":"wbw/035_031_008.mp3","qpc_uthmani_hafs":"مُصَدِّقٗا","char_type_name":"word","page_number":438,"line_number":1,"text":"ﭘ","translation":{"text":"confirming","language_name":"english","language_id":38},"transliteration":{"text":"muṣaddiqan","language_name":"english","language_id":38}},{"id":34232,"position":9,"audio_url":"wbw/035_031_009.mp3","qpc_uthmani_hafs":"لِّمَا","char_type_name":"word","page_number":438,"line_number":1,"text":"ﭙ","translation":{"text":"what (was)","language_name":"english","language_id":38},"transliteration":{"text":"limā","language_name":"english","language_id":38}},{"id":34233,"position":10,"audio_url":"wbw/035_031_010.mp3","qpc_uthmani_hafs":"بَيۡنَ","char_type_name":"word","page_number":438,"line_number":1,"text":"ﭚ","translation":{"text":"before it","language_name":"english","language_id":38},"transliteration":{"text":"bayna","language_name":"english","language_id":38}},{"id":34234,"position":11,"audio_url":"wbw/035_031_011.mp3","qpc_uthmani_hafs":"يَدَيۡهِۗ","char_type_name":"word","page_number":438,"line_number":2,"text":"ﭛﭜ","translation":{"text":"before it","language_name":"english","language_id":38},"transliteration":{"text":"yadayhi","language_name":"english","language_id":38}},{"id":34236,"position":12,"audio_url":"wbw/035_031_013.mp3","qpc_uthmani_hafs":"إِنَّ","char_type_name":"word","page_number":438,"line_number":2,"text":"ﭝ","translation":{"text":"Indeed","language_name":"english","language_id":38},"transliteration":{"text":"inna","language_name":"english","language_id":38}},{"id":34237,"position":13,"audio_url":"wbw/035_031_014.mp3","qpc_uthmani_hafs":"ٱللَّهَ","char_type_name":"word","page_number":438,"line_number":2,"text":"ﭞ","translation":{"text":"Allah","language_name":"english","language_id":38},"transliteration":{"text":"l-laha","language_name":"english","language_id":38}},{"id":34238,"position":14,"audio_url":"wbw/035_031_015.mp3","qpc_uthmani_hafs":"بِعِبَادِهِۦ","char_type_name":"word","page_number":438,"line_number":2,"text":"ﭟ","translation":{"text":"of His slaves","language_name":"english","language_id":38},"transliteration":{"text":"biʿibādihi","language_name":"english","language_id":38}},{"id":34239,"position":15,"audio_url":"wbw/035_031_016.mp3","qpc_uthmani_hafs":"لَخَبِيرُۢ","char_type_name":"word","page_number":438,"line_number":2,"text":"ﭠ","translation":{"text":"surely, (is) All-Aware","language_name":"english","language_id":38},"transliteration":{"text":"lakhabīrun","language_name":"english","language_id":38}},{"id":34240,"position":16,"audio_url":"wbw/035_031_017.mp3","qpc_uthmani_hafs":"بَصِيرٞ","char_type_name":"word","page_number":438,"line_number":2,"text":"ﭡ","translation":{"text":"All-Seer","language_name":"english","language_id":38},"transliteration":{"text":"baṣīrun","language_name":"english","language_id":38}},{"id":34241,"position":17,"audio_url":null,"qpc_uthmani_hafs":"٣١","char_type_name":"end","page_number":438,"line_number":2,"text":"ﭢ","translation":{"text":"(31)","language_name":"english","language_id":38},"transliteration":{"text":null,"language_name":"english","language_id":38}}],"translations":[{"id":920120,"resource_id":134,"text":"Dan apa yang telah Kami wahyukan kepadamu, yaitu Alkitab (Al-Qur`ān) itulah yang benar dengan membenarkan kitab-kitab yang sebelumnya.  Sesungguhnya Allah benar-benar Maha Mengetahui lagi Maha Melihat (keadaan) hamba-hamba-Nya."}]},{"id":3692,"verse_number":32,"verse_key":"35:32","juz_number":22,"hizb_number":44,"rub_el_hizb_number":175,"ruku_number":381,"manzil_number":5,"sajdah_number":null,"text_uthmani":"ثُمَّ أَوْرَثْنَا ٱلْكِتَـٰبَ ٱلَّذِينَ ٱصْطَفَيْنَا مِنْ عِبَادِنَا ۖ فَمِنْهُمْ ظَالِمٌ لِّنَفْسِهِۦ وَمِنْهُم مُّقْتَصِدٌ وَمِنْهُمْ سَابِقٌۢ بِٱلْخَيْرَٰتِ بِإِذْنِ ٱللَّهِ ۚ ذَٰلِكَ هُوَ ٱلْفَضْلُ ٱلْكَبِيرُ","page_number":438,"words":[{"id":35080,"position":1,"audio_url":"wbw/035_032_001.mp3","qpc_uthmani_hafs":"ثُمَّ","char_type_name":"word","page_number":438,"line_number":2,"text":"ﭣ","translation":{"text":"Then","language_name":"english","language_id":38},"transliteration":{"text":"thumma","language_name":"english","language_id":38}},{"id":35081,"position":2,"audio_url":"wbw/035_032_002.mp3","qpc_uthmani_hafs":"أَوۡرَثۡنَا","char_type_name":"word","page_number":438,"line_number":2,"text":"ﭤ","translation":{"text":"We caused to inherit","language_name":"english","language_id":38},"transliteration":{"text":"awrathnā","language_name":"english","language_id":38}},{"id":35082,"position":3,"audio_url":"wbw/035_032_003.mp3","qpc_uthmani_hafs":"ٱلۡكِتَٰبَ","char_type_name":"word","page_number":438,"line_number":2,"text":"ﭥ","translation":{"text":"the Book","language_name":"english","language_id":38},"transliteration":{"text":"l-kitāba","language_name":"english","language_id":38}},{"id":35083,"position":4,"audio_url":"wbw/035_032_004.mp3","qpc_uthmani_hafs":"ٱلَّذِينَ","char_type_name":"word","page_number":438,"line_number":3,"text":"ﭦ","translation":{"text":"those whom","language_name":"english","language_id":38},"transliteration":{"text":"alladhīna","language_name":"english","language_id":38}},{"id":35084,"position":5,"audio_url":"wbw/035_032_005.mp3","qpc_uthmani_hafs":"ٱصۡطَفَيۡنَا","char_type_name":"word","page_number":438,"line_number":3,"text":"ﭧ","translation":{"text":"We have chosen","language_name":"english","language_id":38},"transliteration":{"text":"iṣ'ṭafaynā","language_name":"english","language_id":38}},{"id":35085,"position":6,"audio_url":"wbw/035_032_006.mp3","qpc_uthmani_hafs":"مِنۡ","char_type_name":"word","page_number":438,"line_number":3,"text":"ﭨ","translation":{"text":"of","language_name":"english","language_id":38},"transliteration":{"text":"min","language_name":"english","language_id":38}},{"id":35086,"position":7,"audio_url":"wbw/035_032_007.mp3","qpc_uthmani_hafs":"عِبَادِنَاۖ","char_type_name":"word","page_number":438,"line_number":3,"text":"ﭩﭪ","translation":{"text":"Our slaves","language_name":"english","language_id":38},"transliteration":{"text":"ʿibādinā","language_name":"english","language_id":38}},{"id":35088,"position":8,"audio_url":"wbw/035_032_009.mp3","qpc_uthmani_hafs":"فَمِنۡهُمۡ","char_type_name":"word","page_number":438,"line_number":3,"text":"ﭫ","translation":{"text":"and among them","language_name":"english","language_id":38},"transliteration":{"text":"famin'hum","language_name":"english","language_id":38}},{"id":35089,"position":9,"audio_url":"wbw/035_032_010.mp3","qpc_uthmani_hafs":"ظَالِمٞ","char_type_name":"word","page_number":438,"line_number":3,"text":"ﭬ","translation":{"text":"(is he) who wrongs","language_name":"english","language_id":38},"transliteration":{"text":"ẓālimun","language_name":"english","language_id":38}},{"id":35090,"position":10,"audio_url":"wbw/035_032_011.mp3","qpc_uthmani_hafs":"لِّنَفۡسِهِۦ","char_type_name":"word","page_number":438,"line_number":3,"text":"ﭭ","translation":{"text":"himself","language_name":"english","language_id":38},"transliteration":{"text":"linafsihi","language_name":"english","language_id":38}},{"id":35091,"position":11,"audio_url":"wbw/035_032_012.mp3","qpc_uthmani_hafs":"وَمِنۡهُم","char_type_name":"word","page_number":438,"line_number":3,"text":"ﭮ","translation":{"text":"and among them","language_name":"english","language_id":38},"transliteration":{"text":"wamin'hum","language_name":"english","language_id":38}},{"id":35092,"position":12,"audio_url":"wbw/035_032_013.mp3","qpc_uthmani_hafs":"مُّقۡتَصِدٞ","char_type_name":"word","page_number":438,"line_number":4,"text":"ﭯ","translation":{"text":"(is he who is) moderate","language_name":"english","language_id":38},"transliteration":{"text":"muq'taṣidun","language_name":"english","language_id":38}},{"id":35093,"position":13,"audio_url":"wbw/035_032_014.mp3","qpc_uthmani_hafs":"وَمِنۡهُمۡ","char_type_name":"word","page_number":438,"line_number":4,"text":"ﭰ","translation":{"text":"and among them","language_name":"english","language_id":38},"transliteration":{"text":"wamin'hum","language_name":"english","language_id":38}},{"id":35094,"position":14,"audio_url":"wbw/035_032_015.mp3","qpc_uthmani_hafs":"سَابِقُۢ","char_type_name":"word","page_number":438,"line_number":4,"text":"ﭱ","translation":{"text":"(is he who is) foremost","language_name":"english","language_id":38},"transliteration":{"text":"sābiqun","language_name":"english","language_id":38}},{"id":35095,"position":15,"audio_url":"wbw/035_032_016.mp3","qpc_uthmani_hafs":"بِٱلۡخَيۡرَٰتِ","char_type_name":"word","page_number":438,"line_number":4,"text":"ﭲ","translation":{"text":"in good deeds","language_name":"english","language_id":38},"transliteration":{"text":"bil-khayrāti","language_name":"english","language_id":38}},{"id":35096,"position":16,"audio_url":"wbw/035_032_017.mp3","qpc_uthmani_hafs":"بِإِذۡنِ","char_type_name":"word","page_number":438,"line_number":4,"text":"ﭳ","translation":{"text":"by permission","language_name":"english","language_id":38},"transliteration":{"text":"bi-idh'ni","language_name":"english","language_id":38}},{"id":35097,"position":17,"audio_url":"wbw/035_032_018.mp3","qpc_uthmani_hafs":"ٱللَّهِۚ","char_type_name":"word","page_number":438,"line_number":4,"text":"ﭴﭵ","translation":{"text":"(of) Allah","language_name":"english","language_id":38},"transliteration":{"text":"l-lahi","language_name":"english","language_id":38}},{"id":35099,"position":18,"audio_url":"wbw/035_032_020.mp3","qpc_uthmani_hafs":"ذَٰلِكَ","char_type_name":"word","page_number":438,"line_number":4,"text":"ﭶ","translation":{"text":"That","language_name":"english","language_id":38},"transliteration":{"text":"dhālika","language_name":"english","language_id":38}},{"id":35100,"position":19,"audio_url":"wbw/035_032_021.mp3","qpc_uthmani_hafs":"هُوَ","char_type_name":"word","page_number":438,"line_number":4,"text":"ﭷ","translation":{"text":"is","language_name":"english","language_id":38},"transliteration":{"text":"huwa","language_name":"english","language_id":38}},{"id":35101,"position":20,"audio_url":"wbw/035_032_022.mp3","qpc_uthmani_hafs":"ٱلۡفَضۡلُ","char_type_name":"word","page_number":438,"line_number":5,"text":"ﭸ","translation":{"text":"the Bounty","language_name":"english","language_id":38},"transliteration":{"text":"l-faḍlu","language_name":"english","language_id":38}},{"id":35102,"position":21,"audio_url":"wbw/035_032_023.mp3","qpc_uthmani_hafs":"ٱلۡكَبِيرُ","char_type_name":"word","page_number":438,"line_number":5,"text":"ﭹ","translation":{"text":"the great","language_name":"english","language_id":38},"transliteration":{"text":"l-kabīru","language_name":"english","language_id":38}},{"id":35103,"position":22,"audio_url":null,"qpc_uthmani_hafs":"٣٢","char_type_name":"end","page_number":438,"line_number":5,"text":"ﭺ","translation":{"text":"(32)","language_name":"english","language_id":38},"transliteration":{"text":null,"language_name":"english","language_id":38}}],"translations":[{"id":920121,"resource_id":134,"text":"Kemudian Kitab itu, Kami wariskan kepada orang-orang yang Kami pilih di antara hamba-hamba Kami, lalu di antara mereka ada yang menganiaya diri mereka sendiri dan di antara mereka ada yang pertengahan dan di antara mereka ada (pula) yang lebih dahulu berbuat kebaikan <sup foot_note=211029>1</sup> dengan izin Allah.  Yang demikian itu adalah karunia yang amat besar."}]},{"id":3693,"verse_number":33,"verse_key":"35:33","juz_number":22,"hizb_number":44,"rub_el_hizb_number":175,"ruku_number":381,"manzil_number":5,"sajdah_number":null,"text_uthmani":"جَنَّـٰتُ عَدْنٍ يَدْخُلُونَهَا يُحَلَّوْنَ فِيهَا مِنْ أَسَاوِرَ مِن ذَهَبٍ وَلُؤْلُؤًا ۖ وَلِبَاسُهُمْ فِيهَا حَرِيرٌ","page_number":438,"words":[{"id":35945,"position":1,"audio_url":"wbw/035_033_001.mp3","qpc_uthmani_hafs":"جَنَّٰتُ","char_type_name":"word","page_number":438,"line_number":5,"text":"ﭻ","translation":{"text":"Gardens","language_name":"english","language_id":38},"transliteration":{"text":"jannātu","language_name":"english","language_id":38}},{"id":35946,"position":2,"audio_url":"wbw/035_033_002.mp3","qpc_uthmani_hafs":"عَدۡنٖ","char_type_name":"word","page_number":438,"line_number":5,"text":"ﭼ","translation":{"text":"(of) Eternity","language_name":"english","language_id":38},"transliteration":{"text":"ʿadnin","language_name":"english","language_id":38}},{"id":35947,"position":3,"audio_url":"wbw/035_033_003.mp3","qpc_uthmani_hafs":"يَدۡخُلُونَهَا","char_type_name":"word","page_number":438,"line_number":5,"text":"ﭽ","translation":{"text":"they will enter them","language_name":"english","language_id":38},"transliteration":{"text":"yadkhulūnahā","language_name":"english","language_id":38}},{"id":35948,"position":4,"audio_url":"wbw/035_033_004.mp3","qpc_uthmani_hafs":"يُحَلَّوۡنَ","char_type_name":"word","page_number":438,"line_number":5,"text":"ﭾ","translation":{"text":"They will be adorned","language_name":"english","language_id":38},"transliteration":{"text":"yuḥallawna","language_name":"english","language_id":38}},{"id":35949,"position":5,"audio_url":"wbw/035_033_005.mp3","qpc_uthmani_hafs":"فِيهَا","char_type_name":"word","page_number":438,"line_number":6,"text":"ﭿ","translation":{"text":"therein","language_name":"english","language_id":38},"transliteration":{"text":"fīhā","language_name":"english","language_id":38}},{"id":35950,"position":6,"audio_url":"wbw/035_033_006.mp3","qpc_uthmani_hafs":"مِنۡ","char_type_name":"word","page_number":438,"line_number":6,"text":"ﮀ","translation":{"text":"with","language_name":"english","language_id":38},"transliteration":{"text":"min","language_name":"english","language_id":38}},{"id":35951,"position":7,"audio_url":"wbw/035_033_007.mp3","qpc_uthmani_hafs":"أَسَاوِرَ","char_type_name":"word","page_number":438,"line_number":6,"text":"ﮁ","translation":{"text":"bracelets","language_name":"english","language_id":38},"transliteration":{"text":"asāwira","language_name":"english","language_id":38}},{"id":35952,"position":8,"audio_url":"wbw/035_033_008.mp3","qpc_uthmani_hafs":"مِن","char_type_name":"word","page_number":438,"line_number":6,"text":"ﮂ","translation":{"text":"of","language_name":"english","language_id":38},"transliteration":{"text":"min","language_name":"english","language_id":38}},{"id":35953,"position":9,"audio_url":"wbw/035_033_009.mp3","qpc_uthmani_hafs":"ذَهَبٖ","char_type_name":"word","page_number":438,"line_number":6,"text":"ﮃ","translation":{"text":"gold","language_name":"english","language_id":38},"transliteration":{"text":"dhahabin","language_name":"english","language_id":38}},{"id":35954,"position":10,"audio_url":"wbw/035_033_010.mp3","qpc_uthmani_hafs":"وَلُؤۡلُؤٗاۖ","char_type_name":"word","page_number":438,"line_number":6,"text":"ﮄﮅ","translation":{"text":"and pearls","language_name":"english","language_id":38},"transliteration":{"text":"walu'lu-an","language_name":"english","language_id":38}},{"id":35956,"position":11,"audio_url":"wbw/035_033_012.mp3","qpc_uthmani_hafs":"وَلِبَاسُهُمۡ","char_type_name":"word","page_number":438,"line_number":6,"text":"ﮆ","translation":{"text":"and their garments","language_name":"english","language_id":38},"transliteration":{"text":"walibāsuhum","language_name":"english","language_id":38}},{"id":35957,"position":12,"audio_url":"wbw/035_033_013.mp3","qpc_uthmani_hafs":"فِيهَا","char_type_name":"word","page_number":438,"line_number":6,"text":"ﮇ","translation":{"text":"therein","language_name":"english","language_id":38},"transliteration":{"text":"fīhā","language_name":"english","language_id":38}},{"id":35958,"position":13,"audio_url":"wbw/035_033_014.mp3","qpc_uthmani_hafs":"حَرِيرٞ","char_type_name":"word","page_number":438,"line_number":6,"text":"ﮈ","translation":{"text":"(will be of) silk","language_name":"english","language_id":38},"transliteration":{"text":"ḥarīrun","language_name":"english","language_id":38}},{"id":35959,"position":14,"audio_url":null,"qpc_uthmani_hafs":"٣٣","char_type_name":"end","page_number":438,"line_number":6,"text":"ﮉ","translation":{"text":"(33)","language_name":"english","language_id":38},"transliteration":{"text":null,"language_name":"english","language_id":38}}],"translations":[{"id":920122,"resource_id":134,"text":"(Bagi mereka) surga ʻAdn mereka masuk ke dalamnya; di dalamnya mereka diberi perhiasan dengan gelang-gelang dari emas, dan dengan mutiara, dan pakaian mereka di dalamnya adalah sutra."}]},{"id":3694,"verse_number":34,"verse_key":"35:34","juz_number":22,"hizb_number":44,"rub_el_hizb_number":175,"ruku_number":381,"manzil_number":5,"sajdah_number":null,"text_uthmani":"وَقَالُوا۟ ٱلْحَمْدُ لِلَّهِ ٱلَّذِىٓ أَذْهَبَ عَنَّا ٱلْحَزَنَ ۖ إِنَّ رَبَّنَا لَغَفُورٌ شَكُورٌ","page_number":438,"words":[{"id":36823,"position":1,"audio_url":"wbw/035_034_001.mp3","qpc_uthmani_hafs":"وَقَالُواْ","char_type_name":"word","page_number":438,"line_number":7,"text":"ﮊ","translation":{"text":"And they (will) say","language_name":"english","language_id":38},"transliteration":{"text":"waqālū","language_name":"english","language_id":38}},{"id":36824,"position":2,"audio_url":"wbw/035_034_002.mp3","qpc_uthmani_hafs":"ٱلۡحَمۡدُ","char_type_name":"word","page_number":438,"line_number":7,"text":"ﮋ","translation":{"text":"All praises","language_name":"english","language_id":38},"transliteration":{"text":"l-ḥamdu","language_name":"english","language_id":38}},{"id":36825,"position":3,"audio_url":"wbw/035_034_003.mp3","qpc_uthmani_hafs":"لِلَّهِ","char_type_name":"word","page_number":438,"line_number":7,"text":"ﮌ","translation":{"text":"(be) to Allah","language_name":"english","language_id":38},"transliteration":{"text":"lillahi","language_name":"english","language_id":38}},{"id":36826,"position":4,"audio_url":"wbw/035_034_004.mp3","qpc_uthmani_hafs":"ٱلَّذِيٓ","char_type_name":"word","page_number":438,"line_number":7,"text":"ﮍ","translation":{"text":"the One Who","language_name":"english","language_id":38},"transliteration":{"text":"alladhī","language_name":"english","language_id":38}},{"id":36827,"position":5,"audio_url":"wbw/035_034_005.mp3","qpc_uthmani_hafs":"أَذۡهَبَ","char_type_name":"word","page_number":438,"line_number":7,"text":"ﮎ","translation":{"text":"(has) removed","language_name":"english","language_id":38},"transliteration":{"text":"adhhaba","language_name":"english","language_id":38}},{"id":36828,"position":6,"audio_url":"wbw/035_034_006.mp3","qpc_uthmani_hafs":"عَنَّا","char_type_name":"word","page_number":438,"line_number":7,"text":"ﮏ","translation":{"text":"from us","language_name":"english","language_id":38},"transliteration":{"text":"ʿannā","language_name":"english","language_id":38}},{"id":36829,"position":7,"audio_url":"wbw/035_034_007.mp3","qpc_uthmani_hafs":"ٱلۡحَزَنَۖ","char_type_name":"word","page_number":438,"line_number":7,"text":"ﮐﮑ","translation":{"text":"the sorrow","language_name":"english","language_id":38},"transliteration":{"text":"l-ḥazana","language_name":"english","language_id":38}},{"id":36831,"position":8,"audio_url":"wbw/035_034_009.mp3","qpc_uthmani_hafs":"إِنَّ","char_type_name":"word","page_number":438,"line_number":7,"text":"ﮒ","translation":{"text":"Indeed","language_name":"english","language_id":38},"transliteration":{"text":"inna","language_name":"english","language_id":38}},{"id":36832,"position":9,"audio_url":"wbw/035_034_010.mp3","qpc_uthmani_hafs":"رَبَّنَا","char_type_name":"word","page_number":438,"line_number":7,"text":"ﮓ","translation":{"text":"our Lord","language_name":"english","language_id":38},"transliteration":{"text":"rabbanā","language_name":"english","language_id":38}},{"id":36833,"position":10,"audio_url":"wbw/035_034_011.mp3","qpc_uthmani_hafs":"لَغَفُورٞ","char_type_name":"word","page_number":438,"line_number":7,"text":"ﮔ","translation":{"text":"(is) surely Oft-Forgiving","language_name":"english","language_id":38},"transliteration":{"text":"laghafūrun","language_name":"english","language_id":38}},{"id":36834,"position":11,"audio_url":"wbw/035_034_012.mp3","qpc_uthmani_hafs":"شَكُورٌ","char_type_name":"word","page_number":438,"line_number":8,"text":"ﮕ","translation":{"text":"Most Appreciative","language_name":"english","language_id":38},"transliteration":{"text":"shakūrun","language_name":"english","language_id":38}},{"id":36835,"position":12,"audio_url":null,"qpc_uthmani_hafs":"٣٤","char_type_name":"end","page_number":438,"line_number":8,"text":"ﮖ","translation":{"text":"(34)","language_name":"english","language_id":38},"transliteration":{"text":null,"language_name":"english","language_id":38}}],"translations":[{"id":920123,"resource_id":134,"text":"Dan mereka berkata, \"Segala puji bagi Allah yang telah menghilangkan duka cita dari kami.  Sesungguhnya Tuhan kami benar-benar Maha Pengampum lagi Maha Mensyukuri."}]},{"id":3695,"verse_number":35,"verse_key":"35:35","juz_number":22,"hizb_number":44,"rub_el_hizb_number":175,"ruku_number":381,"manzil_number":5,"sajdah_number":null,"text_uthmani":"ٱلَّذِىٓ أَحَلَّنَا دَارَ ٱلْمُقَامَةِ مِن فَضْلِهِۦ لَا يَمَسُّنَا فِيهَا نَصَبٌ وَلَا يَمَسُّنَا فِيهَا لُغُوبٌ","page_number":438,"words":[{"id":37617,"position":1,"audio_url":"wbw/035_035_001.mp3","qpc_uthmani_hafs":"ٱلَّذِيٓ","char_type_name":"word","page_number":438,"line_number":8,"text":"ﮗ","translation":{"text":"The One Who","language_name":"english","language_id":38},"transliteration":{"text":"alladhī","language_name":"english","language_id":38}},{"id":37618,"position":2,"audio_url":"wbw/035_035_002.mp3","qpc_uthmani_hafs":"أَحَلَّنَا","char_type_name":"word","page_number":438,"line_number":8,"text":"ﮘ","translation":{"text":"has settled us","language_name":"english","language_id":38},"transliteration":{"text":"aḥallanā","language_name":"english","language_id":38}},{"id":37619,"position":3,"audio_url":"wbw/035_035_003.mp3","qpc_uthmani_hafs":"دَارَ","char_type_name":"word","page_number":438,"line_number":8,"text":"ﮙ","translation":{"text":"(in) a Home","language_name":"english","language_id":38},"transliteration":{"text":"dāra","language_name":"english","language_id":38}},{"id":37620,"position":4,"audio_url":"wbw/035_035_004.mp3","qpc_uthmani_hafs":"ٱلۡمُقَامَةِ","char_type_name":"word","page_number":438,"line_number":8,"text":"ﮚ","translation":{"text":"(of) Eternity","language_name":"english","language_id":38},"transliteration":{"text":"l-muqāmati","language_name":"english","language_id":38}},{"id":37621,"position":5,"audio_url":"wbw/035_035_005.mp3","qpc_uthmani_hafs":"مِن","char_type_name":"word","page_number":438,"line_number":8,"text":"ﮛ","translation":{"text":"(out) of","language_name":"english","language_id":38},"transliteration":{"text":"min","language_name":"english","language_id":38}},{"id":37622,"position":6,"audio_url":"wbw/035_035_006.mp3","qpc_uthmani_hafs":"فَضۡلِهِۦ","char_type_name":"word","page_number":438,"line_number":8,"text":"ﮜ","translation":{"text":"His Bounty","language_name":"english","language_id":38},"transliteration":{"text":"faḍlihi","language_name":"english","language_id":38}},{"id":37623,"position":7,"audio_url":"wbw/035_035_007.mp3","qpc_uthmani_hafs":"لَا","char_type_name":"word","page_number":438,"line_number":8,"text":"ﮝ","translation":{"text":"Not","language_name":"english","language_id":38},"transliteration":{"text":"lā","language_name":"english","language_id":38}},{"id":37624,"position":8,"audio_url":"wbw/035_035_008.mp3","qpc_uthmani_hafs":"يَمَسُّنَا","char_type_name":"word","page_number":438,"line_number":8,"text":"ﮞ","translation":{"text":"touches us","language_name":"english","language_id":38},"transliteration":{"text":"yamassunā","language_name":"english","language_id":38}},{"id":37625,"position":9,"audio_url":"wbw/035_035_009.mp3","qpc_uthmani_hafs":"فِيهَا","char_type_name":"word","page_number":438,"line_number":9,"text":"ﮟ","translation":{"text":"therein","language_name":"english","language_id":38},"transliteration":{"text":"fīhā","language_name":"english","language_id":38}},{"id":37626,"position":10,"audio_url":"wbw/035_035_010.mp3","qpc_uthmani_hafs":"نَصَبٞ","char_type_name":"word","page_number":438,"line_number":9,"text":"ﮠ","translation":{"text":"any fatigue","language_name":"english","language_id":38},"transliteration":{"text":"naṣabun","language_name":"english","language_id":38}},{"id":37627,"position":11,"audio_url":"wbw/035_035_011.mp3","qpc_uthmani_hafs":"وَلَا","char_type_name":"word","page_number":438,"line_number":9,"text":"ﮡ","translation":{"text":"and not","language_name":"english","language_id":38},"transliteration":{"text":"walā","language_name":"english","language_id":38}},{"id":37628,"position":12,"audio_url":"wbw/035_035_012.mp3","qpc_uthmani_hafs":"يَمَسُّنَا","char_type_name":"word","page_number":438,"line_number":9,"text":"ﮢ","translation":{"text":"touches","language_name":"english","language_id":38},"transliteration":{"text":"yamassunā","language_name":"english","language_id":38}},{"id":37629,"position":13,"audio_url":"wbw/035_035_013.mp3","qpc_uthmani_hafs":"فِيهَا","char_type_name":"word","page_number":438,"line_number":9,"text":"ﮣ","translation":{"text":"therein","language_name":"english","language_id":38},"transliteration":{"text":"fīhā","language_name":"english","language_id":38}},{"id":37630,"position":14,"audio_url":"wbw/035_035_014.mp3","qpc_uthmani_hafs":"لُغُوبٞ","char_type_name":"word","page_number":438,"line_number":9,"text":"ﮤ","translation":{"text":"weariness","language_name":"english","language_id":38},"transliteration":{"text":"lughūbun","language_name":"english","language_id":38}},{"id":37631,"position":15,"audio_url":null,"qpc_uthmani_hafs":"٣٥","char_type_name":"end","page_number":438,"line_number":9,"text":"ﮥ","translation":{"text":"(35)","language_name":"english","language_id":38},"transliteration":{"text":null,"language_name":"english","language_id":38}}],"translations":[{"id":920124,"resource_id":134,"text":"Yang menempatkan kami dalam tempat yang kekal (surga) dari karunia-Nya; di dalamnya kami tiada merasa lelah dan tiada pula merasa lesu\"."}]},{"id":3696,"verse_number":36,"verse_key":"35:36","juz_number":22,"hizb_number":44,"rub_el_hizb_number":175,"ruku_number":381,"manzil_number":5,"sajdah_number":null,"text_uthmani":"وَٱلَّذِينَ كَفَرُوا۟ لَهُمْ نَارُ جَهَنَّمَ لَا يُقْضَىٰ عَلَيْهِمْ فَيَمُوتُوا۟ وَلَا يُخَفَّفُ عَنْهُم مِّنْ عَذَابِهَا ۚ كَذَٰلِكَ نَجْزِى كُلَّ كَفُورٍ","page_number":438,"words":[{"id":38038,"position":1,"audio_url":"wbw/035_036_001.mp3","qpc_uthmani_hafs":"وَٱلَّذِينَ","char_type_name":"word","page_number":438,"line_number":9,"text":"ﮦ","translation":{"text":"And those who","language_name":"english","language_id":38},"transliteration":{"text":"wa-alladhīna","language_name":"english","language_id":38}},{"id":38039,"position":2,"audio_url":"wbw/035_036_002.mp3","qpc_uthmani_hafs":"كَفَرُواْ","char_type_name":"word","page_number":438,"line_number":9,"text":"ﮧ","translation":{"text":"disbelieve","language_name":"english","language_id":38},"transliteration":{"text":"kafarū","language_name":"english","language_id":38}},{"id":38040,"position":3,"audio_url":"wbw/035_036_003.mp3","qpc_uthmani_hafs":"لَهُمۡ","char_type_name":"word","page_number":438,"line_number":9,"text":"ﮨ","translation":{"text":"for them","language_name":"english","language_id":38},"transliteration":{"text":"lahum","language_name":"english","language_id":38}},{"id":38041,"position":4,"audio_url":"wbw/035_036_004.mp3","qpc_uthmani_hafs":"نَارُ","char_type_name":"word","page_number":438,"line_number":10,"text":"ﮩ","translation":{"text":"(will be the) Fire","language_name":"english","language_id":38},"transliteration":{"text":"nāru","language_name":"english","language_id":38}},{"id":38042,"position":5,"audio_url":"wbw/035_036_005.mp3","qpc_uthmani_hafs":"جَهَنَّمَ","char_type_name":"word","page_number":438,"line_number":10,"text":"ﮪ","translation":{"text":"(of) Hell","language_name":"english","language_id":38},"transliteration":{"text":"jahannama","language_name":"english","language_id":38}},{"id":38043,"position":6,"audio_url":"wbw/035_036_006.mp3","qpc_uthmani_hafs":"لَا","char_type_name":"word","page_number":438,"line_number":10,"text":"ﮫ","translation":{"text":"Not","language_name":"english","language_id":38},"transliteration":{"text":"lā","language_name":"english","language_id":38}},{"id":38044,"position":7,"audio_url":"wbw/035_036_007.mp3","qpc_uthmani_hafs":"يُقۡضَىٰ","char_type_name":"word","page_number":438,"line_number":10,"text":"ﮬ","translation":{"text":"is decreed","language_name":"english","language_id":38},"transliteration":{"text":"yuq'ḍā","language_name":"english","language_id":38}},{"id":38045,"position":8,"audio_url":"wbw/035_036_008.mp3","qpc_uthmani_hafs":"عَلَيۡهِمۡ","char_type_name":"word","page_number":438,"line_number":10,"text":"ﮭ","translation":{"text":"for them","language_name":"english","language_id":38},"transliteration":{"text":"ʿalayhim","language_name":"english","language_id":38}},{"id":38046,"position":9,"audio_url":"wbw/035_036_009.mp3","qpc_uthmani_hafs":"فَيَمُوتُواْ","char_type_name":"word","page_number":438,"line_number":10,"text":"ﮮ","translation":{"text":"that they die","language_name":"english","language_id":38},"transliteration":{"text":"fayamūtū","language_name":"english","language_id":38}},{"id":38047,"position":10,"audio_url":"wbw/035_036_010.mp3","qpc_uthmani_hafs":"وَلَا","char_type_name":"word","page_number":438,"line_number":10,"text":"ﮯ","translation":{"text":"and not","language_name":"english","language_id":38},"transliteration":{"text":"walā","language_name":"english","language_id":38}},{"id":38048,"position":11,"audio_url":"wbw/035_036_011.mp3","qpc_uthmani_hafs":"يُخَفَّفُ","char_type_name":"word","page_number":438,"line_number":10,"text":"ﮰ","translation":{"text":"will be lightened","language_name":"english","language_id":38},"transliteration":{"text":"yukhaffafu","language_name":"english","language_id":38}},{"id":38049,"position":12,"audio_url":"wbw/035_036_012.mp3","qpc_uthmani_hafs":"عَنۡهُم","char_type_name":"word","page_number":438,"line_number":10,"text":"ﮱ","translation":{"text":"for them","language_name":"english","language_id":38},"transliteration":{"text":"ʿanhum","language_name":"english","language_id":38}},{"id":38050,"position":13,"audio_url":"wbw/035_036_013.mp3","qpc_uthmani_hafs":"مِّنۡ","char_type_name":"word","page_number":438,"line_number":10,"text":"ﯓ","translation":{"text":"of","language_name":"english","language_id":38},"transliteration":{"text":"min","language_name":"english","language_id":38}},{"id":38051,"position":14,"audio_url":"wbw/035_036_014.mp3","qpc_uthmani_hafs":"عَذَابِهَاۚ","char_type_name":"word","page_number":438,"line_number":11,"text":"ﯔﯕ","translation":{"text":"its torment","language_name":"english","language_id":38},"transliteration":{"text":"ʿadhābihā","language_name":"english","language_id":38}},{"id":38053,"position":15,"audio_url":"wbw/035_036_016.mp3","qpc_uthmani_hafs":"كَذَٰلِكَ","char_type_name":"word","page_number":438,"line_number":11,"text":"ﯖ","translation":{"text":"Thus","language_name":"english","language_id":38},"transliteration":{"text":"kadhālika","language_name":"english","language_id":38}},{"id":38054,"position":16,"audio_url":"wbw/035_036_017.mp3","qpc_uthmani_hafs":"نَجۡزِي","char_type_name":"word","page_number":438,"line_number":11,"text":"ﯗ","translation":{"text":"We recompense","language_name":"english","language_id":38},"transliteration":{"text":"najzī","language_name":"english","language_id":38}},{"id":38055,"position":17,"audio_url":"wbw/035_036_018.mp3","qpc_uthmani_hafs":"كُلَّ","char_type_name":"word","page_number":438,"line_number":11,"text":"ﯘ","translation":{"text":"every","language_name":"english","language_id":38},"transliteration":{"text":"kulla","language_name":"english","language_id":38}},{"id":38056,"position":18,"audio_url":"wbw/035_036_019.mp3","qpc_uthmani_hafs":"كَفُورٖ","char_type_name":"word","page_number":438,"line_number":11,"text":"ﯙ","translation":{"text":"ungrateful one","language_name":"english","language_id":38},"transliteration":{"text":"kafūrin","language_name":"english","language_id":38}},{"id":38057,"position":19,"audio_url":null,"qpc_uthmani_hafs":"٣٦","char_type_name":"end","page_number":438,"line_number":11,"text":"ﯚ","translation":{"text":"(36)","language_name":"english","language_id":38},"transliteration":{"text":null,"language_name":"english","language_id":38}}],"translations":[{"id":920125,"resource_id":134,"text":"Dan orang-orang kafir bagi mereka neraka Jahanam.  Mereka tidak dibinasakan sehingga mereka mati dan tidak (pula) diringankan dari mereka azabnya.  Demikianlah, Kami membalas setiap orang yang sangat kafir."}]},{"id":3697,"verse_number":37,"verse_key":"35:37","juz_number":22,"hizb_number":44,"rub_el_hizb_number":175,"ruku_number":381,"manzil_number":5,"sajdah_number":null,"text_uthmani":"وَهُمْ يَصْطَرِخُونَ فِيهَا رَبَّنَآ أَخْرِجْنَا نَعْمَلْ صَـٰلِحًا غَيْرَ ٱلَّذِى كُنَّا نَعْمَلُ ۚ أَوَلَمْ نُعَمِّرْكُم مَّا يَتَذَكَّرُ فِيهِ مَن تَذَكَّرَ وَجَآءَكُمُ ٱلنَّذِيرُ ۖ فَذُوقُوا۟ فَمَا لِلظَّـٰلِمِينَ مِن نَّصِيرٍ","page_number":438,"words":[{"id":39350,"position":1,"audio_url":"wbw/035_037_001.mp3","qpc_uthmani_hafs":"وَهُمۡ","char_type_name":"word","page_number":438,"line_number":11,"text":"ﯛ","translation":{"text":"And they","language_name":"english","language_id":38},"transliteration":{"text":"wahum","language_name":"english","language_id":38}},{"id":39351,"position":2,"audio_url":"wbw/035_037_002.mp3","qpc_uthmani_hafs":"يَصۡطَرِخُونَ","char_type_name":"word","page_number":438,"line_number":11,"text":"ﯜ","translation":{"text":"will cry","language_name":"english","language_id":38},"transliteration":{"text":"yaṣṭarikhūna","language_name":"english","language_id":38}},{"id":39352,"position":3,"audio_url":"wbw/035_037_003.mp3","qpc_uthmani_hafs":"فِيهَا","char_type_name":"word","page_number":438,"line_number":12,"text":"ﯝ","translation":{"text":"therein","language_name":"english","language_id":38},"transliteration":{"text":"fīhā","language_name":"english","language_id":38}},{"id":39353,"position":4,"audio_url":"wbw/035_037_004.mp3","qpc_uthmani_hafs":"رَبَّنَآ","char_type_name":"word","page_number":438,"line_number":12,"text":"ﯞ","translation":{"text":"Our Lord","language_name":"english","language_id":38},"transliteration":{"text":"rabbanā","language_name":"english","language_id":38}},{"id":39354,"position":5,"audio_url":"wbw/035_037_005.mp3","qpc_uthmani_hafs":"أَخۡرِجۡنَا","char_type_name":"word","page_number":438,"line_number":12,"text":"ﯟ","translation":{"text":"Bring us out","language_name":"english","language_id":38},"transliteration":{"text":"akhrij'nā","language_name":"english","language_id":38}},{"id":39355,"position":6,"audio_url":"wbw/035_037_006.mp3","qpc_uthmani_hafs":"نَعۡمَلۡ","char_type_name":"word","page_number":438,"line_number":12,"text":"ﯠ","translation":{"text":"we will do","language_name":"english","language_id":38},"transliteration":{"text":"naʿmal","language_name":"english","language_id":38}},{"id":39356,"position":7,"audio_url":"wbw/035_037_007.mp3","qpc_uthmani_hafs":"صَٰلِحًا","char_type_name":"word","page_number":438,"line_number":12,"text":"ﯡ","translation":{"text":"righteous (deeds)","language_name":"english","language_id":38},"transliteration":{"text":"ṣāliḥan","language_name":"english","language_id":38}},{"id":39357,"position":8,"audio_url":"wbw/035_037_008.mp3","qpc_uthmani_hafs":"غَيۡرَ","char_type_name":"word","page_number":438,"line_number":12,"text":"ﯢ","translation":{"text":"other than","language_name":"english","language_id":38},"transliteration":{"text":"ghayra","language_name":"english","language_id":38}},{"id":39358,"position":9,"audio_url":"wbw/035_037_009.mp3","qpc_uthmani_hafs":"ٱلَّذِي","char_type_name":"word","page_number":438,"line_number":12,"text":"ﯣ","translation":{"text":"(that) which","language_name":"english","language_id":38},"transliteration":{"text":"alladhī","language_name":"english","language_id":38}},{"id":39359,"position":10,"audio_url":"wbw/035_037_010.mp3","qpc_uthmani_hafs":"كُنَّا","char_type_name":"word","page_number":438,"line_number":12,"text":"ﯤ","translation":{"text":"we used","language_name":"english","language_id":38},"transliteration":{"text":"kunnā","language_name":"english","language_id":38}},{"id":39360,"position":11,"audio_url":"wbw/035_037_011.mp3","qpc_uthmani_hafs":"نَعۡمَلُۚ","char_type_name":"word","page_number":438,"line_number":12,"text":"ﯥﯦ","translation":{"text":"(to) do","language_name":"english","language_id":38},"transliteration":{"text":"naʿmalu","language_name":"english","language_id":38}},{"id":39362,"position":12,"audio_url":"wbw/035_037_013.mp3","qpc_uthmani_hafs":"أَوَلَمۡ","char_type_name":"word","page_number":438,"line_number":13,"text":"ﯧ","translation":{"text":"Did not","language_name":"english","language_id":38},"transliteration":{"text":"awalam","language_name":"english","language_id":38}},{"id":39363,"position":13,"audio_url":"wbw/035_037_014.mp3","qpc_uthmani_hafs":"نُعَمِّرۡكُم","char_type_name":"word","page_number":438,"line_number":13,"text":"ﯨ","translation":{"text":"We give you life long enough","language_name":"english","language_id":38},"transliteration":{"text":"nuʿammir'kum","language_name":"english","language_id":38}},{"id":39364,"position":14,"audio_url":"wbw/035_037_015.mp3","qpc_uthmani_hafs":"مَّا","char_type_name":"word","page_number":438,"line_number":13,"text":"ﯩ","translation":{"text":"that","language_name":"english","language_id":38},"transliteration":{"text":"mā","language_name":"english","language_id":38}},{"id":39365,"position":15,"audio_url":"wbw/035_037_016.mp3","qpc_uthmani_hafs":"يَتَذَكَّرُ","char_type_name":"word","page_number":438,"line_number":13,"text":"ﯪ","translation":{"text":"(would) receive admonition","language_name":"english","language_id":38},"transliteration":{"text":"yatadhakkaru","language_name":"english","language_id":38}},{"id":39366,"position":16,"audio_url":"wbw/035_037_017.mp3","qpc_uthmani_hafs":"فِيهِ","char_type_name":"word","page_number":438,"line_number":13,"text":"ﯫ","translation":{"text":"therein","language_name":"english","language_id":38},"transliteration":{"text":"fīhi","language_name":"english","language_id":38}},{"id":39367,"position":17,"audio_url":"wbw/035_037_018.mp3","qpc_uthmani_hafs":"مَن","char_type_name":"word","page_number":438,"line_number":13,"text":"ﯬ","translation":{"text":"whoever","language_name":"english","language_id":38},"transliteration":{"text":"man","language_name":"english","language_id":38}},{"id":39368,"position":18,"audio_url":"wbw/035_037_019.mp3","qpc_uthmani_hafs":"تَذَكَّرَ","char_type_name":"word","page_number":438,"line_number":13,"text":"ﯭ","translation":{"text":"receives admonition","language_name":"english","language_id":38},"transliteration":{"text":"tadhakkara","language_name":"english","language_id":38}},{"id":39369,"position":19,"audio_url":"wbw/035_037_020.mp3","qpc_uthmani_hafs":"وَجَآءَكُمُ","char_type_name":"word","page_number":438,"line_number":13,"text":"ﯮ","translation":{"text":"And came to you","language_name":"english","language_id":38},"transliteration":{"text":"wajāakumu","language_name":"english","language_id":38}},{"id":39370,"position":20,"audio_url":"wbw/035_037_021.mp3","qpc_uthmani_hafs":"ٱلنَّذِيرُۖ","char_type_name":"word","page_number":438,"line_number":13,"text":"ﯯﯰ","translation":{"text":"the warner","language_name":"english","language_id":38},"transliteration":{"text":"l-nadhīru","language_name":"english","language_id":38}},{"id":39372,"position":21,"audio_url":"wbw/035_037_023.mp3","qpc_uthmani_hafs":"فَذُوقُواْ","char_type_name":"word","page_number":438,"line_number":14,"text":"ﯱ","translation":{"text":"So taste","language_name":"english","language_id":38},"transliteration":{"text":"fadhūqū","language_name":"english","language_id":38}},{"id":39373,"position":22,"audio_url":"wbw/035_037_024.mp3","qpc_uthmani_hafs":"فَمَا","char_type_name":"word","page_number":438,"line_number":14,"text":"ﯲ","translation":{"text":"then not","language_name":"english","language_id":38},"transliteration":{"text":"famā","language_name":"english","language_id":38}},{"id":39374,"position":23,"audio_url":"wbw/035_037_025.mp3","qpc_uthmani_hafs":"لِلظَّٰلِمِينَ","char_type_name":"word","page_number":438,"line_number":14,"text":"ﯳ","translation":{"text":"(is) for the wrongdoers","language_name":"english","language_id":38},"transliteration":{"text":"lilẓẓālimīna","language_name":"english","language_id":38}},{"id":39375,"position":24,"audio_url":"wbw/035_037_026.mp3","qpc_uthmani_hafs":"مِن","char_type_name":"word","page_number":438,"line_number":14,"text":"ﯴ","translation":{"text":"any","language_name":"english","language_id":38},"transliteration":{"text":"min","language_name":"english","language_id":38}},{"id":39376,"position":25,"audio_url":"wbw/035_037_027.mp3","qpc_uthmani_hafs":"نَّصِيرٍ","char_type_name":"word","page_number":438,"line_number":14,"text":"ﯵ","translation":{"text":"helper","language_name":"english","language_id":38},"transliteration":{"text":"naṣīrin","language_name":"english","language_id":38}},{"id":39377,"position":26,"audio_url":null,"qpc_uthmani_hafs":"٣٧","char_type_name":"end","page_number":438,"line_number":14,"text":"ﯶ","translation":{"text":"(37)","language_name":"english","language_id":38},"transliteration":{"text":null,"language_name":"english","language_id":38}}],"translations":[{"id":920126,"resource_id":134,"text":"Dan mereka berteriak di dalam neraka itu, \"Ya Tuhan kami, keluarkanlah kami, niscaya kami akan mengerjakan amal yang saleh berlainan dengan yang telah kami kerjakan\".  Dan apakah Kami tidak memanjangkan umurmu dalam masa yang cukup untuk berpikir bagi orang yang mau berpikir dan (apakah tidak) datang kepada kamu pemberi peringatan? Maka rasakanlah (azab Kami) dan tidak ada bagi orang-orang yang zalim seorang penolong pun."}]},{"id":3698,"verse_number":38,"verse_key":"35:38","juz_number":22,"hizb_number":44,"rub_el_hizb_number":175,"ruku_number":382,"manzil_number":5,"sajdah_number":null,"text_uthmani":"إِنَّ ٱللَّهَ عَـٰلِمُ غَيْبِ ٱلسَّمَـٰوَٰتِ وَٱلْأَرْضِ ۚ إِنَّهُۥ عَلِيمٌۢ بِذَاتِ ٱلصُّدُورِ","page_number":438,"words":[{"id":40195,"position":1,"audio_url":"wbw/035_038_001.mp3","qpc_uthmani_hafs":"إِنَّ","char_type_name":"word","page_number":438,"line_number":14,"text":"ﯷ","translation":{"text":"Indeed","language_name":"english","language_id":38},"transliteration":{"text":"inna","language_name":"english","language_id":38}},{"id":40196,"position":2,"audio_url":"wbw/035_038_002.mp3","qpc_uthmani_hafs":"ٱللَّهَ","char_type_name":"word","page_number":438,"line_number":14,"text":"ﯸ","translation":{"text":"Allah","language_name":"english","language_id":38},"transliteration":{"text":"l-laha","language_name":"english","language_id":38}},{"id":40197,"position":3,"audio_url":"wbw/035_038_003.mp3","qpc_uthmani_hafs":"عَٰلِمُ","char_type_name":"word","page_number":438,"line_number":14,"text":"ﯹ","translation":{"text":"(is the) Knower","language_name":"english","language_id":38},"transliteration":{"text":"ʿālimu","language_name":"english","language_id":38}},{"id":40198,"position":4,"audio_url":"wbw/035_038_004.mp3","qpc_uthmani_hafs":"غَيۡبِ","char_type_name":"word","page_number":438,"line_number":15,"text":"ﯺ","translation":{"text":"(of the) unseen","language_name":"english","language_id":38},"transliteration":{"text":"ghaybi","language_name":"english","language_id":38}},{"id":40199,"position":5,"audio_url":"wbw/035_038_005.mp3","qpc_uthmani_hafs":"ٱلسَّمَٰوَٰتِ","char_type_name":"word","page_number":438,"line_number":15,"text":"ﯻ","translation":{"text":"(of) the heavens","language_name":"english","language_id":38},"transliteration":{"text":"l-samāwāti","language_name":"english","language_id":38}},{"id":40200,"position":6,"audio_url":"wbw/035_038_006.mp3","qpc_uthmani_hafs":"وَٱلۡأَرۡضِۚ","char_type_name":"word","page_number":438,"line_number":15,"text":"ﯼﯽ","translation":{"text":"and the earth","language_name":"english","language_id":38},"transliteration":{"text":"wal-arḍi","language_name":"english","language_id":38}},{"id":40202,"position":7,"audio_url":"wbw/035_038_008.mp3","qpc_uthmani_hafs":"إِنَّهُۥ","char_type_name":"word","page_number":438,"line_number":15,"text":"ﯾ","translation":{"text":"Indeed, He","language_name":"english","language_id":38},"transliteration":{"text":"innahu","language_name":"english","language_id":38}},{"id":40203,"position":8,"audio_url":"wbw/035_038_009.mp3","qpc_uthmani_hafs":"عَلِيمُۢ","char_type_name":"word","page_number":438,"line_number":15,"text":"ﯿ","translation":{"text":"(is the) All-Knower","language_name":"english","language_id":38},"transliteration":{"text":"ʿalīmun","language_name":"english","language_id":38}},{"id":40204,"position":9,"audio_url":"wbw/035_038_010.mp3","qpc_uthmani_hafs":"بِذَاتِ","char_type_name":"word","page_number":438,"line_number":15,"text":"ﰀ","translation":{"text":"of what (is) in the breasts","language_name":"english","language_id":38},"transliteration":{"text":"bidhāti","language_name":"english","language_id":38}},{"id":40205,"position":10,"audio_url":"wbw/035_038_011.mp3","qpc_uthmani_hafs":"ٱلصُّدُورِ","char_type_name":"word","page_number":438,"line_number":15,"text":"ﰁ","translation":{"text":"of what (is) in the breasts","language_name":"english","language_id":38},"transliteration":{"text":"l-ṣudūri","language_name":"english","language_id":38}},{"id":40206,"position":11,"audio_url":null,"qpc_uthmani_hafs":"٣٨","char_type_name":"end","page_number":438,"line_number":15,"text":"ﰂ","translation":{"text":"(38)","language_name":"english","language_id":38},"transliteration":{"text":null,"language_name":"english","language_id":38}}],"translations":[{"id":920127,"resource_id":134,"text":"Sesungguhnya Allah mengetahui yang tersembunyi di langit dan di bumi.  Sesungguhnya Dia Maha Mengetahui segala isi hati."}]}],"pagination":{"per_page":50,"current_page":1,"next_page":null,"total_pages":1,"total_records":8}}