{"verses":[{"id":3746,"verse_number":41,"verse_key":"36:41","juz_number":23,"hizb_number":45,"rub_el_hizb_number":177,"ruku_number":385,"manzil_number":5,"sajdah_number":null,"text_uthmani":"وَءَايَةٌ لَّهُمْ أَنَّا حَمَلْنَا ذُرِّيَّتَهُمْ فِى ٱلْفُلْكِ ٱلْمَشْحُونِ","page_number":443,"words":[{"id":42602,"position":1,"audio_url":"wbw/036_041_001.mp3","qpc_uthmani_hafs":"وَءَايَةٞ","char_type_name":"word","page_number":443,"line_number":1,"text":"ﭑ","translation":{"text":"And a Sign","language_name":"english","language_id":38},"transliteration":{"text":"waāyatun","language_name":"english","language_id":38}},{"id":42603,"position":2,"audio_url":"wbw/036_041_002.mp3","qpc_uthmani_hafs":"لَّهُمۡ","char_type_name":"word","page_number":443,"line_number":1,"text":"ﭒ","translation":{"text":"for them","language_name":"english","language_id":38},"transliteration":{"text":"lahum","language_name":"english","language_id":38}},{"id":42604,"position":3,"audio_url":"wbw/036_041_003.mp3","qpc_uthmani_hafs":"أَنَّا","char_type_name":"word","page_number":443,"line_number":1,"text":"ﭓ","translation":{"text":"(is) that","language_name":"english","language_id":38},"transliteration":{"text":"annā","language_name":"english","language_id":38}},{"id":42605,"position":4,"audio_url":"wbw/036_041_004.mp3","qpc_uthmani_hafs":"حَمَلۡنَا","char_type_name":"word","page_number":443,"line_number":1,"text":"ﭔ","translation":{"text":"We carried","language_name":"english","language_id":38},"transliteration":{"text":"ḥamalnā","language_name":"english","language_id":38}},{"id":42606,"position":5,"audio_url":"wbw/036_041_005.mp3","qpc_uthmani_hafs":"ذُرِّيَّتَهُمۡ","char_type_name":"word","page_number":443,"line_number":1,"text":"ﭕ","translation":{"text":"their offspring","language_name":"english","language_id":38},"transliteration":{"text":"dhurriyyatahum","language_name":"english","language_id":38}},{"id":42607,"position":6,"audio_url":"wbw/036_041_006.mp3","qpc_uthmani_hafs":"فِي","char_type_name":"word","page_number":443,"line_number":1,"text":"ﭖ","translation":{"text":"in","language_name":"english","language_id":38},"transliteration":{"text":"fī","language_name":"english","language_id":38}},{"id":42608,"position":7,"audio_url":"wbw/036_041_007.mp3","qpc_uthmani_hafs":"ٱلۡفُلۡكِ","char_type_name":"word","page_number":443,"line_number":1,"text":"ﭗ","translation":{"text":"the ship","language_name":"english","language_id":38},"transliteration":{"text":"l-ful'ki","language_name":"english","language_id":38}},{"id":42609,"position":8,"audio_url":"wbw/036_041_008.mp3","qpc_uthmani_hafs":"ٱلۡمَشۡحُونِ","char_type_name":"word","page_number":443,"line_number":1,"text":"ﭘ","translation":{"text":"laden","language_name":"english","language_id":38},"transliteration":{"text":"l-mashḥūni","language_name":"english","language_id":38}},{"id":42610,"position":9,"audio_url":null,"qpc_uthmani_hafs":"٤١","char_type_name":"end","page_number":443,"line_number":1,"text":"ﭙ","translation":{"text":"(41)","language_name":"english","language_id":38},"transliteration":{"text":null,"language_name":"english","language_id":38}}],"translations":[{"id":920175,"resource_id":134,"text":"Dan suatu tanda (kebesaran Allah yang besar) bagi mereka adalah bahwa Kami angkut keturunan mereka dalam bahtera yang penuh muatan,"}]},{"id":3747,"verse_number":42,"verse_key":"36:42","juz_number":23,"hizb_number":45,"rub_el_hizb_number":177,"ruku_number":385,"manzil_number":5,"sajdah_number":null,"text_uthmani":"وَخَلَقْنَا لَهُم مِّن مِّثْلِهِۦ مَا يَرْكَبُونَ","page_number":443,"words":[{"id":43327,"position":1,"audio_url":"wbw/036_042_001.mp3","qpc_uthmani_hafs":"وَخَلَقۡنَا","char_type_name":"word","page_number":443,"line_number":1,"text":"ﭚ","translation":{"text":"And We created","language_name":"english","language_id":38},"transliteration":{"text":"wakhalaqnā","language_name":"english","language_id":38}},{"id":43328,"position":2,"audio_url":"wbw/036_042_002.mp3","qpc_uthmani_hafs":"لَهُم","char_type_name":"word","page_number":443,"line_number":2,"text":"ﭛ","translation":{"text":"for them","language_name":"english","language_id":38},"transliteration":{"text":"lahum","language_name":"english","language_id":38}},{"id":43329,"position":3,"audio_url":"wbw/036_042_003.mp3","qpc_uthmani_hafs":"مِّن","char_type_name":"word","page_number":443,"line_number":2,"text":"ﭜ","translation":{"text":"from","language_name":"english","language_id":38},"transliteration":{"text":"min","language_name":"english","language_id":38}},{"id":43330,"position":4,"audio_url":"wbw/036_042_004.mp3","qpc_uthmani_hafs":"مِّثۡلِهِۦ","char_type_name":"word","page_number":443,"line_number":2,"text":"ﭝ","translation":{"text":"(the) likes of it","language_name":"english","language_id":38},"transliteration":{"text":"mith'lihi","language_name":"english","language_id":38}},{"id":43331,"position":5,"audio_url":"wbw/036_042_005.mp3","qpc_uthmani_hafs":"مَا","char_type_name":"word","page_number":443,"line_number":2,"text":"ﭞ","translation":{"text":"what","language_name":"english","language_id":38},"transliteration":{"text":"mā","language_name":"english","language_id":38}},{"id":43332,"position":6,"audio_url":"wbw/036_042_006.mp3","qpc_uthmani_hafs":"يَرۡكَبُونَ","char_type_name":"word","page_number":443,"line_number":2,"text":"ﭟ","translation":{"text":"they ride","language_name":"english","language_id":38},"transliteration":{"text":"yarkabūna","language_name":"english","language_id":38}},{"id":43333,"position":7,"audio_url":null,"qpc_uthmani_hafs":"٤٢","char_type_name":"end","page_number":443,"line_number":2,"text":"ﭠ","translation":{"text":"(42)","language_name":"english","language_id":38},"transliteration":{"text":null,"language_name":"english","language_id":38}}],"translations":[{"id":920176,"resource_id":134,"text":"dan Kami ciptakan untuk mereka yang akan mereka kendarai seperti bahtera itu <sup foot_note=211037>1</sup>."}]},{"id":3748,"verse_number":43,"verse_key":"36:43","juz_number":23,"hizb_number":45,"rub_el_hizb_number":177,"ruku_number":385,"manzil_number":5,"sajdah_number":null,"text_uthmani":"وَإِن نَّشَأْ نُغْرِقْهُمْ فَلَا صَرِيخَ لَهُمْ وَلَا هُمْ يُنقَذُونَ","page_number":443,"words":[{"id":44081,"position":1,"audio_url":"wbw/036_043_001.mp3","qpc_uthmani_hafs":"وَإِن","char_type_name":"word","page_number":443,"line_number":2,"text":"ﭡ","translation":{"text":"And if","language_name":"english","language_id":38},"transliteration":{"text":"wa-in","language_name":"english","language_id":38}},{"id":44082,"position":2,"audio_url":"wbw/036_043_002.mp3","qpc_uthmani_hafs":"نَّشَأۡ","char_type_name":"word","page_number":443,"line_number":2,"text":"ﭢ","translation":{"text":"We will","language_name":"english","language_id":38},"transliteration":{"text":"nasha","language_name":"english","language_id":38}},{"id":44083,"position":3,"audio_url":"wbw/036_043_003.mp3","qpc_uthmani_hafs":"نُغۡرِقۡهُمۡ","char_type_name":"word","page_number":443,"line_number":2,"text":"ﭣ","translation":{"text":"We could drown them","language_name":"english","language_id":38},"transliteration":{"text":"nugh'riq'hum","language_name":"english","language_id":38}},{"id":44084,"position":4,"audio_url":"wbw/036_043_004.mp3","qpc_uthmani_hafs":"فَلَا","char_type_name":"word","page_number":443,"line_number":2,"text":"ﭤ","translation":{"text":"then not","language_name":"english","language_id":38},"transliteration":{"text":"falā","language_name":"english","language_id":38}},{"id":44085,"position":5,"audio_url":"wbw/036_043_005.mp3","qpc_uthmani_hafs":"صَرِيخَ","char_type_name":"word","page_number":443,"line_number":2,"text":"ﭥ","translation":{"text":"(would be) a responder to a cry","language_name":"english","language_id":38},"transliteration":{"text":"ṣarīkha","language_name":"english","language_id":38}},{"id":44086,"position":6,"audio_url":"wbw/036_043_006.mp3","qpc_uthmani_hafs":"لَهُمۡ","char_type_name":"word","page_number":443,"line_number":2,"text":"ﭦ","translation":{"text":"for them","language_name":"english","language_id":38},"transliteration":{"text":"lahum","language_name":"english","language_id":38}},{"id":44087,"position":7,"audio_url":"wbw/036_043_007.mp3","qpc_uthmani_hafs":"وَلَا","char_type_name":"word","page_number":443,"line_number":3,"text":"ﭧ","translation":{"text":"and not","language_name":"english","language_id":38},"transliteration":{"text":"walā","language_name":"english","language_id":38}},{"id":44088,"position":8,"audio_url":"wbw/036_043_008.mp3","qpc_uthmani_hafs":"هُمۡ","char_type_name":"word","page_number":443,"line_number":3,"text":"ﭨ","translation":{"text":"they","language_name":"english","language_id":38},"transliteration":{"text":"hum","language_name":"english","language_id":38}},{"id":44089,"position":9,"audio_url":"wbw/036_043_009.mp3","qpc_uthmani_hafs":"يُنقَذُونَ","char_type_name":"word","page_number":443,"line_number":3,"text":"ﭩ","translation":{"text":"would be saved","language_name":"english","language_id":38},"transliteration":{"text":"yunqadhūna","language_name":"english","language_id":38}},{"id":44090,"position":10,"audio_url":null,"qpc_uthmani_hafs":"٤٣","char_type_name":"end","page_number":443,"line_number":3,"text":"ﭪ","translation":{"text":"(43)","language_name":"english","language_id":38},"transliteration":{"text":null,"language_name":"english","language_id":38}}],"translations":[{"id":920177,"resource_id":134,"text":"Dan jika Kami menghendaki, niscaya Kami tenggelamkan mereka, maka tiadalah bagi mereka penolong dan tidak pula mereka diselamatkan."}]},{"id":3749,"verse_number":44,"verse_key":"36:44","juz_number":23,"hizb_number":45,"rub_el_hizb_number":177,"ruku_number":385,"manzil_number":5,"sajdah_number":null,"text_uthmani":"إِلَّا رَحْمَةً مِّنَّا وَمَتَـٰعًا إِلَىٰ حِينٍ","page_number":443,"words":[{"id":44713,"position":1,"audio_url":"wbw/036_044_001.mp3","qpc_uthmani_hafs":"إِلَّا","char_type_name":"word","page_number":443,"line_number":3,"text":"ﭫ","translation":{"text":"Except","language_name":"english","language_id":38},"transliteration":{"text":"illā","language_name":"english","language_id":38}},{"id":44714,"position":2,"audio_url":"wbw/036_044_002.mp3","qpc_uthmani_hafs":"رَحۡمَةٗ","char_type_name":"word","page_number":443,"line_number":3,"text":"ﭬ","translation":{"text":"(by) Mercy","language_name":"english","language_id":38},"transliteration":{"text":"raḥmatan","language_name":"english","language_id":38}},{"id":44715,"position":3,"audio_url":"wbw/036_044_003.mp3","qpc_uthmani_hafs":"مِّنَّا","char_type_name":"word","page_number":443,"line_number":3,"text":"ﭭ","translation":{"text":"from Us","language_name":"english","language_id":38},"transliteration":{"text":"minnā","language_name":"english","language_id":38}},{"id":44716,"position":4,"audio_url":"wbw/036_044_004.mp3","qpc_uthmani_hafs":"وَمَتَٰعًا","char_type_name":"word","page_number":443,"line_number":3,"text":"ﭮ","translation":{"text":"and provision","language_name":"english","language_id":38},"transliteration":{"text":"wamatāʿan","language_name":"english","language_id":38}},{"id":44717,"position":5,"audio_url":"wbw/036_044_005.mp3","qpc_uthmani_hafs":"إِلَىٰ","char_type_name":"word","page_number":443,"line_number":3,"text":"ﭯ","translation":{"text":"for","language_name":"english","language_id":38},"transliteration":{"text":"ilā","language_name":"english","language_id":38}},{"id":44718,"position":6,"audio_url":"wbw/036_044_006.mp3","qpc_uthmani_hafs":"حِينٖ","char_type_name":"word","page_number":443,"line_number":3,"text":"ﭰ","translation":{"text":"a time","language_name":"english","language_id":38},"transliteration":{"text":"ḥīnin","language_name":"english","language_id":38}},{"id":44719,"position":7,"audio_url":null,"qpc_uthmani_hafs":"٤٤","char_type_name":"end","page_number":443,"line_number":3,"text":"ﭱ","translation":{"text":"(44)","language_name":"english","language_id":38},"transliteration":{"text":null,"language_name":"english","language_id":38}}],"translations":[{"id":920178,"resource_id":134,"text":"Tetapi (Kami selamatkan mereka) karena rahmat yang besar dari Kami dan untuk memberikan kesenangan hidup sampai kepada suatu ketika."}]},{"id":3750,"verse_number":45,"verse_key":"36:45","juz_number":23,"hizb_number":45,"rub_el_hizb_number":177,"ruku_number":385,"manzil_number":5,"sajdah_number":null,"text_uthmani":"وَإِذَا قِيلَ لَهُمُ ٱتَّقُوا۟ مَا بَيْنَ أَيْدِيكُمْ وَمَا خَلْفَكُمْ لَعَلَّكُمْ تُرْحَمُونَ","page_number":443,"words":[{"id":45556,"position":1,"audio_url":"wbw/036_045_001.mp3","qpc_uthmani_hafs":"وَإِذَا","char_type_name":"word","page_number":443,"line_number":3,"text":"ﭲ","translation":{"text":"And when","language_name":"english","language_id":38},"transliteration":{"text":"wa-idhā","language_name":"english","language_id":38}},{"id":45557,"position":2,"audio_url":"wbw/036_045_002.mp3","qpc_uthmani_hafs":"قِيلَ","char_type_name":"word","page_number":443,"line_number":4,"text":"ﭳ","translation":{"text":"it is said","language_name":"english","language_id":38},"transliteration":{"text":"qīla","language_name":"english","language_id":38}},{"id":45558,"position":3,"audio_url":"wbw/036_045_003.mp3","qpc_uthmani_hafs":"لَهُمُ","char_type_name":"word","page_number":443,"line_number":4,"text":"ﭴ","translation":{"text":"to them","language_name":"english","language_id":38},"transliteration":{"text":"lahumu","language_name":"english","language_id":38}},{"id":45559,"position":4,"audio_url":"wbw/036_045_004.mp3","qpc_uthmani_hafs":"ٱتَّقُواْ","char_type_name":"word","page_number":443,"line_number":4,"text":"ﭵ","translation":{"text":"Fear","language_name":"english","language_id":38},"transliteration":{"text":"ittaqū","language_name":"english","language_id":38}},{"id":45560,"position":5,"audio_url":"wbw/036_045_005.mp3","qpc_uthmani_hafs":"مَا","char_type_name":"word","page_number":443,"line_number":4,"text":"ﭶ","translation":{"text":"what","language_name":"english","language_id":38},"transliteration":{"text":"mā","language_name":"english","language_id":38}},{"id":45561,"position":6,"audio_url":"wbw/036_045_006.mp3","qpc_uthmani_hafs":"بَيۡنَ","char_type_name":"word","page_number":443,"line_number":4,"text":"ﭷ","translation":{"text":"(is) before you","language_name":"english","language_id":38},"transliteration":{"text":"bayna","language_name":"english","language_id":38}},{"id":45562,"position":7,"audio_url":"wbw/036_045_007.mp3","qpc_uthmani_hafs":"أَيۡدِيكُمۡ","char_type_name":"word","page_number":443,"line_number":4,"text":"ﭸ","translation":{"text":"(is) before you","language_name":"english","language_id":38},"transliteration":{"text":"aydīkum","language_name":"english","language_id":38}},{"id":45563,"position":8,"audio_url":"wbw/036_045_008.mp3","qpc_uthmani_hafs":"وَمَا","char_type_name":"word","page_number":443,"line_number":4,"text":"ﭹ","translation":{"text":"and what","language_name":"english","language_id":38},"transliteration":{"text":"wamā","language_name":"english","language_id":38}},{"id":45564,"position":9,"audio_url":"wbw/036_045_009.mp3","qpc_uthmani_hafs":"خَلۡفَكُمۡ","char_type_name":"word","page_number":443,"line_number":4,"text":"ﭺ","translation":{"text":"(is) behind you","language_name":"english","language_id":38},"transliteration":{"text":"khalfakum","language_name":"english","language_id":38}},{"id":45565,"position":10,"audio_url":"wbw/036_045_010.mp3","qpc_uthmani_hafs":"لَعَلَّكُمۡ","char_type_name":"word","page_number":443,"line_number":4,"text":"ﭻ","translation":{"text":"so that you may","language_name":"english","language_id":38},"transliteration":{"text":"laʿallakum","language_name":"english","language_id":38}},{"id":45566,"position":11,"audio_url":"wbw/036_045_011.mp3","qpc_uthmani_hafs":"تُرۡحَمُونَ","char_type_name":"word","page_number":443,"line_number":4,"text":"ﭼ","translation":{"text":"receive mercy","language_name":"english","language_id":38},"transliteration":{"text":"tur'ḥamūna","language_name":"english","language_id":38}},{"id":45567,"position":12,"audio_url":null,"qpc_uthmani_hafs":"٤٥","char_type_name":"end","page_number":443,"line_number":4,"text":"ﭽ","translation":{"text":"(45)","language_name":"english","language_id":38},"transliteration":{"text":null,"language_name":"english","language_id":38}}],"translations":[{"id":920179,"resource_id":134,"text":"Dan apabila dikatakan kepada mereka, \"Takutlah kamu akan siksa yang di hadapanmu dan siksa yang akan datang supaya kamu mendapat rahmat\", (niscaya mereka berpaling)."}]},{"id":3751,"verse_number":46,"verse_key":"36:46","juz_number":23,"hizb_number":45,"rub_el_hizb_number":177,"ruku_number":385,"manzil_number":5,"sajdah_number":null,"text_uthmani":"وَمَا تَأْتِيهِم مِّنْ ءَايَةٍ مِّنْ ءَايَـٰتِ رَبِّهِمْ إِلَّا كَانُوا۟ عَنْهَا مُعْرِضِينَ","page_number":443,"words":[{"id":46246,"position":1,"audio_url":"wbw/036_046_001.mp3","qpc_uthmani_hafs":"وَمَا","char_type_name":"word","page_number":443,"line_number":5,"text":"ﭾ","translation":{"text":"And not","language_name":"english","language_id":38},"transliteration":{"text":"wamā","language_name":"english","language_id":38}},{"id":46247,"position":2,"audio_url":"wbw/036_046_002.mp3","qpc_uthmani_hafs":"تَأۡتِيهِم","char_type_name":"word","page_number":443,"line_number":5,"text":"ﭿ","translation":{"text":"comes to them","language_name":"english","language_id":38},"transliteration":{"text":"tatīhim","language_name":"english","language_id":38}},{"id":46248,"position":3,"audio_url":"wbw/036_046_003.mp3","qpc_uthmani_hafs":"مِّنۡ","char_type_name":"word","page_number":443,"line_number":5,"text":"ﮀ","translation":{"text":"of","language_name":"english","language_id":38},"transliteration":{"text":"min","language_name":"english","language_id":38}},{"id":46249,"position":4,"audio_url":"wbw/036_046_004.mp3","qpc_uthmani_hafs":"ءَايَةٖ","char_type_name":"word","page_number":443,"line_number":5,"text":"ﮁ","translation":{"text":"a Sign","language_name":"english","language_id":38},"transliteration":{"text":"āyatin","language_name":"english","language_id":38}},{"id":46250,"position":5,"audio_url":"wbw/036_046_005.mp3","qpc_uthmani_hafs":"مِّنۡ","char_type_name":"word","page_number":443,"line_number":5,"text":"ﮂ","translation":{"text":"from","language_name":"english","language_id":38},"transliteration":{"text":"min","language_name":"english","language_id":38}},{"id":46251,"position":6,"audio_url":"wbw/036_046_006.mp3","qpc_uthmani_hafs":"ءَايَٰتِ","char_type_name":"word","page_number":443,"line_number":5,"text":"ﮃ","translation":{"text":"(the) Signs","language_name":"english","language_id":38},"transliteration":{"text":"āyāti","language_name":"english","language_id":38}},{"id":46252,"position":7,"audio_url":"wbw/036_046_007.mp3","qpc_uthmani_hafs":"رَبِّهِمۡ","char_type_name":"word","page_number":443,"line_number":5,"text":"ﮄ","translation":{"text":"(of) their Lord","language_name":"english","language_id":38},"transliteration":{"text":"rabbihim","language_name":"english","language_id":38}},{"id":46253,"position":8,"audio_url":"wbw/036_046_008.mp3","qpc_uthmani_hafs":"إِلَّا","char_type_name":"word","page_number":443,"line_number":5,"text":"ﮅ","translation":{"text":"but","language_name":"english","language_id":38},"transliteration":{"text":"illā","language_name":"english","language_id":38}},{"id":46254,"position":9,"audio_url":"wbw/036_046_009.mp3","qpc_uthmani_hafs":"كَانُواْ","char_type_name":"word","page_number":443,"line_number":5,"text":"ﮆ","translation":{"text":"they","language_name":"english","language_id":38},"transliteration":{"text":"kānū","language_name":"english","language_id":38}},{"id":46255,"position":10,"audio_url":"wbw/036_046_010.mp3","qpc_uthmani_hafs":"عَنۡهَا","char_type_name":"word","page_number":443,"line_number":5,"text":"ﮇ","translation":{"text":"from it","language_name":"english","language_id":38},"transliteration":{"text":"ʿanhā","language_name":"english","language_id":38}},{"id":46256,"position":11,"audio_url":"wbw/036_046_011.mp3","qpc_uthmani_hafs":"مُعۡرِضِينَ","char_type_name":"word","page_number":443,"line_number":5,"text":"ﮈ","translation":{"text":"turn away","language_name":"english","language_id":38},"transliteration":{"text":"muʿ'riḍīna","language_name":"english","language_id":38}},{"id":46257,"position":12,"audio_url":null,"qpc_uthmani_hafs":"٤٦","char_type_name":"end","page_number":443,"line_number":6,"text":"ﮉ","translation":{"text":"(46)","language_name":"english","language_id":38},"transliteration":{"text":null,"language_name":"english","language_id":38}}],"translations":[{"id":920180,"resource_id":134,"text":"Dan sekali-kali, tiada datang kepada mereka suatu tanda dari tanda-tanda kekuasaan Tuhan mereka, melainkan mereka selalu berpaling darinya."}]},{"id":3752,"verse_number":47,"verse_key":"36:47","juz_number":23,"hizb_number":45,"rub_el_hizb_number":177,"ruku_number":385,"manzil_number":5,"sajdah_number":null,"text_uthmani":"وَإِذَا قِيلَ لَهُمْ أَنفِقُوا۟ مِمَّا رَزَقَكُمُ ٱللَّهُ قَالَ ٱلَّذِينَ كَفَرُوا۟ لِلَّذِينَ ءَامَنُوٓا۟ أَنُطْعِمُ مَن لَّوْ يَشَآءُ ٱللَّهُ أَطْعَمَهُۥٓ إِنْ أَنتُمْ إِلَّا فِى ضَلَـٰلٍ مُّبِينٍ","page_number":443,"words":[{"id":46922,"position":1,"audio_url":"wbw/036_047_001.mp3","qpc_uthmani_hafs":"وَإِذَا","char_type_name":"word","page_number":443,"line_number":6,"text":"ﮊ","translation":{"text":"And when","language_name":"english","language_id":38},"transliteration":{"text":"wa-idhā","language_name":"english","language_id":38}},{"id":46923,"position":2,"audio_url":"wbw/036_047_002.mp3","qpc_uthmani_hafs":"قِيلَ","char_type_name":"word","page_number":443,"line_number":6,"text":"ﮋ","translation":{"text":"it is said","language_name":"english","language_id":38},"transliteration":{"text":"qīla","language_name":"english","language_id":38}},{"id":46924,"position":3,"audio_url":"wbw/036_047_003.mp3","qpc_uthmani_hafs":"لَهُمۡ","char_type_name":"word","page_number":443,"line_number":6,"text":"ﮌ","translation":{"text":"to them","language_name":"english","language_id":38},"transliteration":{"text":"lahum","language_name":"english","language_id":38}},{"id":46925,"position":4,"audio_url":"wbw/036_047_004.mp3","qpc_uthmani_hafs":"أَنفِقُواْ","char_type_name":"word","page_number":443,"line_number":6,"text":"ﮍ","translation":{"text":"Spend","language_name":"english","language_id":38},"transliteration":{"text":"anfiqū","language_name":"english","language_id":38}},{"id":46926,"position":5,"audio_url":"wbw/036_047_005.mp3","qpc_uthmani_hafs":"مِمَّا","char_type_name":"word","page_number":443,"line_number":6,"text":"ﮎ","translation":{"text":"from what","language_name":"english","language_id":38},"transliteration":{"text":"mimmā","language_name":"english","language_id":38}},{"id":46927,"position":6,"audio_url":"wbw/036_047_006.mp3","qpc_uthmani_hafs":"رَزَقَكُمُ","char_type_name":"word","page_number":443,"line_number":6,"text":"ﮏ","translation":{"text":"(has) provided you","language_name":"english","language_id":38},"transliteration":{"text":"razaqakumu","language_name":"english","language_id":38}},{"id":46928,"position":7,"audio_url":"wbw/036_047_007.mp3","qpc_uthmani_hafs":"ٱللَّهُ","char_type_name":"word","page_number":443,"line_number":6,"text":"ﮐ","translation":{"text":"Allah","language_name":"english","language_id":38},"transliteration":{"text":"l-lahu","language_name":"english","language_id":38}},{"id":46929,"position":8,"audio_url":"wbw/036_047_008.mp3","qpc_uthmani_hafs":"قَالَ","char_type_name":"word","page_number":443,"line_number":6,"text":"ﮑ","translation":{"text":"Said","language_name":"english","language_id":38},"transliteration":{"text":"qāla","language_name":"english","language_id":38}},{"id":46930,"position":9,"audio_url":"wbw/036_047_009.mp3","qpc_uthmani_hafs":"ٱلَّذِينَ","char_type_name":"word","page_number":443,"line_number":6,"text":"ﮒ","translation":{"text":"those who","language_name":"english","language_id":38},"transliteration":{"text":"alladhīna","language_name":"english","language_id":38}},{"id":46931,"position":10,"audio_url":"wbw/036_047_010.mp3","qpc_uthmani_hafs":"كَفَرُواْ","char_type_name":"word","page_number":443,"line_number":6,"text":"ﮓ","translation":{"text":"disbelieved","language_name":"english","language_id":38},"transliteration":{"text":"kafarū","language_name":"english","language_id":38}},{"id":46932,"position":11,"audio_url":"wbw/036_047_011.mp3","qpc_uthmani_hafs":"لِلَّذِينَ","char_type_name":"word","page_number":443,"line_number":7,"text":"ﮔ","translation":{"text":"to those who","language_name":"english","language_id":38},"transliteration":{"text":"lilladhīna","language_name":"english","language_id":38}},{"id":46933,"position":12,"audio_url":"wbw/036_047_012.mp3","qpc_uthmani_hafs":"ءَامَنُوٓاْ","char_type_name":"word","page_number":443,"line_number":7,"text":"ﮕ","translation":{"text":"believed","language_name":"english","language_id":38},"transliteration":{"text":"āmanū","language_name":"english","language_id":38}},{"id":46934,"position":13,"audio_url":"wbw/036_047_013.mp3","qpc_uthmani_hafs":"أَنُطۡعِمُ","char_type_name":"word","page_number":443,"line_number":7,"text":"ﮖ","translation":{"text":"Should we feed","language_name":"english","language_id":38},"transliteration":{"text":"anuṭ'ʿimu","language_name":"english","language_id":38}},{"id":46935,"position":14,"audio_url":"wbw/036_047_014.mp3","qpc_uthmani_hafs":"مَن","char_type_name":"word","page_number":443,"line_number":7,"text":"ﮗ","translation":{"text":"whom","language_name":"english","language_id":38},"transliteration":{"text":"man","language_name":"english","language_id":38}},{"id":46936,"position":15,"audio_url":"wbw/036_047_015.mp3","qpc_uthmani_hafs":"لَّوۡ","char_type_name":"word","page_number":443,"line_number":7,"text":"ﮘ","translation":{"text":"if","language_name":"english","language_id":38},"transliteration":{"text":"law","language_name":"english","language_id":38}},{"id":46937,"position":16,"audio_url":"wbw/036_047_016.mp3","qpc_uthmani_hafs":"يَشَآءُ","char_type_name":"word","page_number":443,"line_number":7,"text":"ﮙ","translation":{"text":"Allah willed ","language_name":"english","language_id":38},"transliteration":{"text":"yashāu","language_name":"english","language_id":38}},{"id":46938,"position":17,"audio_url":"wbw/036_047_017.mp3","qpc_uthmani_hafs":"ٱللَّهُ","char_type_name":"word","page_number":443,"line_number":7,"text":"ﮚ","translation":{"text":"Allah willed ","language_name":"english","language_id":38},"transliteration":{"text":"l-lahu","language_name":"english","language_id":38}},{"id":46939,"position":18,"audio_url":"wbw/036_047_018.mp3","qpc_uthmani_hafs":"أَطۡعَمَهُۥٓ","char_type_name":"word","page_number":443,"line_number":7,"text":"ﮛ","translation":{"text":"He would have fed him","language_name":"english","language_id":38},"transliteration":{"text":"aṭʿamahu","language_name":"english","language_id":38}},{"id":46940,"position":19,"audio_url":"wbw/036_047_019.mp3","qpc_uthmani_hafs":"إِنۡ","char_type_name":"word","page_number":443,"line_number":7,"text":"ﮜ","translation":{"text":"Not","language_name":"english","language_id":38},"transliteration":{"text":"in","language_name":"english","language_id":38}},{"id":46941,"position":20,"audio_url":"wbw/036_047_020.mp3","qpc_uthmani_hafs":"أَنتُمۡ","char_type_name":"word","page_number":443,"line_number":7,"text":"ﮝ","translation":{"text":"(are) you","language_name":"english","language_id":38},"transliteration":{"text":"antum","language_name":"english","language_id":38}},{"id":46942,"position":21,"audio_url":"wbw/036_047_021.mp3","qpc_uthmani_hafs":"إِلَّا","char_type_name":"word","page_number":443,"line_number":7,"text":"ﮞ","translation":{"text":"except","language_name":"english","language_id":38},"transliteration":{"text":"illā","language_name":"english","language_id":38}},{"id":46943,"position":22,"audio_url":"wbw/036_047_022.mp3","qpc_uthmani_hafs":"فِي","char_type_name":"word","page_number":443,"line_number":7,"text":"ﮟ","translation":{"text":"in","language_name":"english","language_id":38},"transliteration":{"text":"fī","language_name":"english","language_id":38}},{"id":46944,"position":23,"audio_url":"wbw/036_047_023.mp3","qpc_uthmani_hafs":"ضَلَٰلٖ","char_type_name":"word","page_number":443,"line_number":8,"text":"ﮠ","translation":{"text":"an error","language_name":"english","language_id":38},"transliteration":{"text":"ḍalālin","language_name":"english","language_id":38}},{"id":46945,"position":24,"audio_url":"wbw/036_047_024.mp3","qpc_uthmani_hafs":"مُّبِينٖ","char_type_name":"word","page_number":443,"line_number":8,"text":"ﮡ","translation":{"text":"clear","language_name":"english","language_id":38},"transliteration":{"text":"mubīnin","language_name":"english","language_id":38}},{"id":46946,"position":25,"audio_url":null,"qpc_uthmani_hafs":"٤٧","char_type_name":"end","page_number":443,"line_number":8,"text":"ﮢ","translation":{"text":"(47)","language_name":"english","language_id":38},"transliteration":{"text":null,"language_name":"english","language_id":38}}],"translations":[{"id":920181,"resource_id":134,"text":"Dan apabila dikatakakan kepada mereka, \"Nafkahkanlah sebagian dari rezeki yang diberikan Allah kepadamu\", maka orang-orang yang kafir itu berkata kepada orang-orang yang beriman, \"Apakah kami akan memberi makan kepada orang-orang yang jika Allah menghendaki tentulah Dia akan memberinya makan; tiadalah kamu, melainkan dalam kesesatan yang nyata\"."}]},{"id":3753,"verse_number":48,"verse_key":"36:48","juz_number":23,"hizb_number":45,"rub_el_hizb_number":177,"ruku_number":385,"manzil_number":5,"sajdah_number":null,"text_uthmani":"وَيَقُولُونَ مَتَىٰ هَـٰذَا ٱلْوَعْدُ إِن كُنتُمْ صَـٰدِقِينَ","page_number":443,"words":[{"id":47051,"position":1,"audio_url":"wbw/036_048_001.mp3","qpc_uthmani_hafs":"وَيَقُولُونَ","char_type_name":"word","page_number":443,"line_number":8,"text":"ﮣ","translation":{"text":"And they say","language_name":"english","language_id":38},"transliteration":{"text":"wayaqūlūna","language_name":"english","language_id":38}},{"id":47052,"position":2,"audio_url":"wbw/036_048_002.mp3","qpc_uthmani_hafs":"مَتَىٰ","char_type_name":"word","page_number":443,"line_number":8,"text":"ﮤ","translation":{"text":"When (is)","language_name":"english","language_id":38},"transliteration":{"text":"matā","language_name":"english","language_id":38}},{"id":47053,"position":3,"audio_url":"wbw/036_048_003.mp3","qpc_uthmani_hafs":"هَٰذَا","char_type_name":"word","page_number":443,"line_number":8,"text":"ﮥ","translation":{"text":"this","language_name":"english","language_id":38},"transliteration":{"text":"hādhā","language_name":"english","language_id":38}},{"id":47054,"position":4,"audio_url":"wbw/036_048_004.mp3","qpc_uthmani_hafs":"ٱلۡوَعۡدُ","char_type_name":"word","page_number":443,"line_number":8,"text":"ﮦ","translation":{"text":"promise","language_name":"english","language_id":38},"transliteration":{"text":"l-waʿdu","language_name":"english","language_id":38}},{"id":47055,"position":5,"audio_url":"wbw/036_048_005.mp3","qpc_uthmani_hafs":"إِن","char_type_name":"word","page_number":443,"line_number":8,"text":"ﮧ","translation":{"text":"if","language_name":"english","language_id":38},"transliteration":{"text":"in","language_name":"english","language_id":38}},{"id":47056,"position":6,"audio_url":"wbw/036_048_006.mp3","qpc_uthmani_hafs":"كُنتُمۡ","char_type_name":"word","page_number":443,"line_number":8,"text":"ﮨ","translation":{"text":"you are","language_name":"english","language_id":38},"transliteration":{"text":"kuntum","language_name":"english","language_id":38}},{"id":47057,"position":7,"audio_url":"wbw/036_048_007.mp3","qpc_uthmani_hafs":"صَٰدِقِينَ","char_type_name":"word","page_number":443,"line_number":8,"text":"ﮩ","translation":{"text":"truthful","language_name":"english","language_id":38},"transliteration":{"text":"ṣādiqīna","language_name":"english","language_id":38}},{"id":47058,"position":8,"audio_url":null,"qpc_uthmani_hafs":"٤٨","char_type_name":"end","page_number":443,"line_number":9,"text":"ﮪ","translation":{"text":"(48)","language_name":"english","language_id":38},"transliteration":{"text":null,"language_name":"english","language_id":38}}],"translations":[{"id":920182,"resource_id":134,"text":"Dan mereka berkata, \"Bilakah (terjadinya) janji ini (hari berbangkit) jika kamu adalah orang-orang yang benar?\""}]},{"id":3754,"verse_number":49,"verse_key":"36:49","juz_number":23,"hizb_number":45,"rub_el_hizb_number":177,"ruku_number":385,"manzil_number":5,"sajdah_number":null,"text_uthmani":"مَا يَنظُرُونَ إِلَّا صَيْحَةً وَٰحِدَةً تَأْخُذُهُمْ وَهُمْ يَخِصِّمُونَ","page_number":443,"words":[{"id":48297,"position":1,"audio_url":"wbw/036_049_001.mp3","qpc_uthmani_hafs":"مَا","char_type_name":"word","page_number":443,"line_number":9,"text":"ﮫ","translation":{"text":"Not","language_name":"english","language_id":38},"transliteration":{"text":"mā","language_name":"english","language_id":38}},{"id":48298,"position":2,"audio_url":"wbw/036_049_002.mp3","qpc_uthmani_hafs":"يَنظُرُونَ","char_type_name":"word","page_number":443,"line_number":9,"text":"ﮬ","translation":{"text":"they await","language_name":"english","language_id":38},"transliteration":{"text":"yanẓurūna","language_name":"english","language_id":38}},{"id":48299,"position":3,"audio_url":"wbw/036_049_003.mp3","qpc_uthmani_hafs":"إِلَّا","char_type_name":"word","page_number":443,"line_number":9,"text":"ﮭ","translation":{"text":"except","language_name":"english","language_id":38},"transliteration":{"text":"illā","language_name":"english","language_id":38}},{"id":48300,"position":4,"audio_url":"wbw/036_049_004.mp3","qpc_uthmani_hafs":"صَيۡحَةٗ","char_type_name":"word","page_number":443,"line_number":9,"text":"ﮮ","translation":{"text":"a shout","language_name":"english","language_id":38},"transliteration":{"text":"ṣayḥatan","language_name":"english","language_id":38}},{"id":48301,"position":5,"audio_url":"wbw/036_049_005.mp3","qpc_uthmani_hafs":"وَٰحِدَةٗ","char_type_name":"word","page_number":443,"line_number":9,"text":"ﮯ","translation":{"text":"one","language_name":"english","language_id":38},"transliteration":{"text":"wāḥidatan","language_name":"english","language_id":38}},{"id":48302,"position":6,"audio_url":"wbw/036_049_006.mp3","qpc_uthmani_hafs":"تَأۡخُذُهُمۡ","char_type_name":"word","page_number":443,"line_number":9,"text":"ﮰ","translation":{"text":"it will seize them","language_name":"english","language_id":38},"transliteration":{"text":"takhudhuhum","language_name":"english","language_id":38}},{"id":48303,"position":7,"audio_url":"wbw/036_049_007.mp3","qpc_uthmani_hafs":"وَهُمۡ","char_type_name":"word","page_number":443,"line_number":9,"text":"ﮱ","translation":{"text":"while they","language_name":"english","language_id":38},"transliteration":{"text":"wahum","language_name":"english","language_id":38}},{"id":48304,"position":8,"audio_url":"wbw/036_049_008.mp3","qpc_uthmani_hafs":"يَخِصِّمُونَ","char_type_name":"word","page_number":443,"line_number":9,"text":"ﯓ","translation":{"text":"are disputing","language_name":"english","language_id":38},"transliteration":{"text":"yakhiṣṣimūna","language_name":"english","language_id":38}},{"id":48305,"position":9,"audio_url":null,"qpc_uthmani_hafs":"٤٩","char_type_name":"end","page_number":443,"line_number":10,"text":"ﯔ","translation":{"text":"(49)","language_name":"english","language_id":38},"transliteration":{"text":null,"language_name":"english","language_id":38}}],"translations":[{"id":920183,"resource_id":134,"text":"Mereka tidak menunggu, melainkan satu teriakan saja <sup foot_note=211038>1</sup> yang akan membinasakan mereka ketika mereka sedang bertengkar."}]},{"id":3755,"verse_number":50,"verse_key":"36:50","juz_number":23,"hizb_number":45,"rub_el_hizb_number":177,"ruku_number":385,"manzil_number":5,"sajdah_number":null,"text_uthmani":"فَلَا يَسْتَطِيعُونَ تَوْصِيَةً وَلَآ إِلَىٰٓ أَهْلِهِمْ يَرْجِعُونَ","page_number":443,"words":[{"id":48989,"position":1,"audio_url":"wbw/036_050_001.mp3","qpc_uthmani_hafs":"فَلَا","char_type_name":"word","page_number":443,"line_number":10,"text":"ﯕ","translation":{"text":"Then not","language_name":"english","language_id":38},"transliteration":{"text":"falā","language_name":"english","language_id":38}},{"id":48990,"position":2,"audio_url":"wbw/036_050_002.mp3","qpc_uthmani_hafs":"يَسۡتَطِيعُونَ","char_type_name":"word","page_number":443,"line_number":10,"text":"ﯖ","translation":{"text":"they will be able","language_name":"english","language_id":38},"transliteration":{"text":"yastaṭīʿūna","language_name":"english","language_id":38}},{"id":48991,"position":3,"audio_url":"wbw/036_050_003.mp3","qpc_uthmani_hafs":"تَوۡصِيَةٗ","char_type_name":"word","page_number":443,"line_number":10,"text":"ﯗ","translation":{"text":"(to) make a will","language_name":"english","language_id":38},"transliteration":{"text":"tawṣiyatan","language_name":"english","language_id":38}},{"id":48992,"position":4,"audio_url":"wbw/036_050_004.mp3","qpc_uthmani_hafs":"وَلَآ","char_type_name":"word","page_number":443,"line_number":10,"text":"ﯘ","translation":{"text":"and not","language_name":"english","language_id":38},"transliteration":{"text":"walā","language_name":"english","language_id":38}},{"id":48993,"position":5,"audio_url":"wbw/036_050_005.mp3","qpc_uthmani_hafs":"إِلَىٰٓ","char_type_name":"word","page_number":443,"line_number":10,"text":"ﯙ","translation":{"text":"to","language_name":"english","language_id":38},"transliteration":{"text":"ilā","language_name":"english","language_id":38}},{"id":48994,"position":6,"audio_url":"wbw/036_050_006.mp3","qpc_uthmani_hafs":"أَهۡلِهِمۡ","char_type_name":"word","page_number":443,"line_number":10,"text":"ﯚ","translation":{"text":"their people","language_name":"english","language_id":38},"transliteration":{"text":"ahlihim","language_name":"english","language_id":38}},{"id":48995,"position":7,"audio_url":"wbw/036_050_007.mp3","qpc_uthmani_hafs":"يَرۡجِعُونَ","char_type_name":"word","page_number":443,"line_number":10,"text":"ﯛ","translation":{"text":"they (can) return","language_name":"english","language_id":38},"transliteration":{"text":"yarjiʿūna","language_name":"english","language_id":38}},{"id":48996,"position":8,"audio_url":null,"qpc_uthmani_hafs":"٥٠","char_type_name":"end","page_number":443,"line_number":10,"text":"ﯜ","translation":{"text":"(50)","language_name":"english","language_id":38},"transliteration":{"text":null,"language_name":"english","language_id":38}}],"translations":[{"id":920184,"resource_id":134,"text":"lalu mereka tidak kuasa membuat suatu wasiat pun dan tidak (pula) dapat kembali kepada keluarganya."}]},{"id":3756,"verse_number":51,"verse_key":"36:51","juz_number":23,"hizb_number":45,"rub_el_hizb_number":177,"ruku_number":386,"manzil_number":5,"sajdah_number":null,"text_uthmani":"وَنُفِخَ فِى ٱلصُّورِ فَإِذَا هُم مِّنَ ٱلْأَجْدَاثِ إِلَىٰ رَبِّهِمْ يَنسِلُونَ","page_number":443,"words":[{"id":49601,"position":1,"audio_url":"wbw/036_051_001.mp3","qpc_uthmani_hafs":"وَنُفِخَ","char_type_name":"word","page_number":443,"line_number":11,"text":"ﯝ","translation":{"text":"And will be blown","language_name":"english","language_id":38},"transliteration":{"text":"wanufikha","language_name":"english","language_id":38}},{"id":49602,"position":2,"audio_url":"wbw/036_051_002.mp3","qpc_uthmani_hafs":"فِي","char_type_name":"word","page_number":443,"line_number":11,"text":"ﯞ","translation":{"text":"[in]","language_name":"english","language_id":38},"transliteration":{"text":"fī","language_name":"english","language_id":38}},{"id":49603,"position":3,"audio_url":"wbw/036_051_003.mp3","qpc_uthmani_hafs":"ٱلصُّورِ","char_type_name":"word","page_number":443,"line_number":11,"text":"ﯟ","translation":{"text":"the trumpet","language_name":"english","language_id":38},"transliteration":{"text":"l-ṣūri","language_name":"english","language_id":38}},{"id":49604,"position":4,"audio_url":"wbw/036_051_004.mp3","qpc_uthmani_hafs":"فَإِذَا","char_type_name":"word","page_number":443,"line_number":11,"text":"ﯠ","translation":{"text":"and behold","language_name":"english","language_id":38},"transliteration":{"text":"fa-idhā","language_name":"english","language_id":38}},{"id":49605,"position":5,"audio_url":"wbw/036_051_005.mp3","qpc_uthmani_hafs":"هُم","char_type_name":"word","page_number":443,"line_number":11,"text":"ﯡ","translation":{"text":"They","language_name":"english","language_id":38},"transliteration":{"text":"hum","language_name":"english","language_id":38}},{"id":49606,"position":6,"audio_url":"wbw/036_051_006.mp3","qpc_uthmani_hafs":"مِّنَ","char_type_name":"word","page_number":443,"line_number":11,"text":"ﯢ","translation":{"text":"from","language_name":"english","language_id":38},"transliteration":{"text":"mina","language_name":"english","language_id":38}},{"id":49607,"position":7,"audio_url":"wbw/036_051_007.mp3","qpc_uthmani_hafs":"ٱلۡأَجۡدَاثِ","char_type_name":"word","page_number":443,"line_number":11,"text":"ﯣ","translation":{"text":"the graves","language_name":"english","language_id":38},"transliteration":{"text":"l-ajdāthi","language_name":"english","language_id":38}},{"id":49608,"position":8,"audio_url":"wbw/036_051_008.mp3","qpc_uthmani_hafs":"إِلَىٰ","char_type_name":"word","page_number":443,"line_number":11,"text":"ﯤ","translation":{"text":"to","language_name":"english","language_id":38},"transliteration":{"text":"ilā","language_name":"english","language_id":38}},{"id":49609,"position":9,"audio_url":"wbw/036_051_009.mp3","qpc_uthmani_hafs":"رَبِّهِمۡ","char_type_name":"word","page_number":443,"line_number":11,"text":"ﯥ","translation":{"text":"their Lord","language_name":"english","language_id":38},"transliteration":{"text":"rabbihim","language_name":"english","language_id":38}},{"id":49610,"position":10,"audio_url":"wbw/036_051_010.mp3","qpc_uthmani_hafs":"يَنسِلُونَ","char_type_name":"word","page_number":443,"line_number":11,"text":"ﯦ","translation":{"text":"[they] will hasten","language_name":"english","language_id":38},"transliteration":{"text":"yansilūna","language_name":"english","language_id":38}},{"id":49611,"position":11,"audio_url":null,"qpc_uthmani_hafs":"٥١","char_type_name":"end","page_number":443,"line_number":12,"text":"ﯧ","translation":{"text":"(51)","language_name":"english","language_id":38},"transliteration":{"text":null,"language_name":"english","language_id":38}}],"translations":[{"id":920185,"resource_id":134,"text":"Dan ditiuplah sangkalala <sup foot_note=211039>1</sup>, maka tiba-tiba mereka keluar dengan segera dari kuburnya (menuju) kepada Tuhan mereka."}]},{"id":3757,"verse_number":52,"verse_key":"36:52","juz_number":23,"hizb_number":45,"rub_el_hizb_number":177,"ruku_number":386,"manzil_number":5,"sajdah_number":null,"text_uthmani":"قَالُوا۟ يَـٰوَيْلَنَا مَنۢ بَعَثَنَا مِن مَّرْقَدِنَا ۜ ۗ هَـٰذَا مَا وَعَدَ ٱلرَّحْمَـٰنُ وَصَدَقَ ٱلْمُرْسَلُونَ","page_number":443,"words":[{"id":50051,"position":1,"audio_url":"wbw/036_052_001.mp3","qpc_uthmani_hafs":"قَالُواْ","char_type_name":"word","page_number":443,"line_number":12,"text":"ﯨ","translation":{"text":"They [will] say","language_name":"english","language_id":38},"transliteration":{"text":"qālū","language_name":"english","language_id":38}},{"id":50052,"position":2,"audio_url":"wbw/036_052_002.mp3","qpc_uthmani_hafs":"يَٰوَيۡلَنَا","char_type_name":"word","page_number":443,"line_number":12,"text":"ﯩ","translation":{"text":"O woe to us","language_name":"english","language_id":38},"transliteration":{"text":"yāwaylanā","language_name":"english","language_id":38}},{"id":50053,"position":3,"audio_url":"wbw/036_052_003.mp3","qpc_uthmani_hafs":"مَنۢ","char_type_name":"word","page_number":443,"line_number":12,"text":"ﯪ","translation":{"text":"Who","language_name":"english","language_id":38},"transliteration":{"text":"man","language_name":"english","language_id":38}},{"id":50054,"position":4,"audio_url":"wbw/036_052_004.mp3","qpc_uthmani_hafs":"بَعَثَنَا","char_type_name":"word","page_number":443,"line_number":12,"text":"ﯫ","translation":{"text":"has raised us","language_name":"english","language_id":38},"transliteration":{"text":"baʿathanā","language_name":"english","language_id":38}},{"id":50055,"position":5,"audio_url":"wbw/036_052_005.mp3","qpc_uthmani_hafs":"مِن","char_type_name":"word","page_number":443,"line_number":12,"text":"ﯬ","translation":{"text":"from","language_name":"english","language_id":38},"transliteration":{"text":"min","language_name":"english","language_id":38}},{"id":50056,"position":6,"audio_url":"wbw/036_052_006.mp3","qpc_uthmani_hafs":"مَّرۡقَدِنَاۜۗ","char_type_name":"word","page_number":443,"line_number":12,"text":"ﯭﯮ ﯯ","translation":{"text":"our sleeping place","language_name":"english","language_id":38},"transliteration":{"text":"marqadinā","language_name":"english","language_id":38}},{"id":50058,"position":7,"audio_url":"","qpc_uthmani_hafs":"هَٰذَا","char_type_name":"word","page_number":443,"line_number":12,"text":"ﯰ","translation":{"text":"This (is)","language_name":"english","language_id":38},"transliteration":{"text":"hādhā","language_name":"english","language_id":38}},{"id":50059,"position":8,"audio_url":"wbw/036_052_009.mp3","qpc_uthmani_hafs":"مَا","char_type_name":"word","page_number":443,"line_number":12,"text":"ﯱ","translation":{"text":"What","language_name":"english","language_id":38},"transliteration":{"text":"mā","language_name":"english","language_id":38}},{"id":50060,"position":9,"audio_url":"wbw/036_052_010.mp3","qpc_uthmani_hafs":"وَعَدَ","char_type_name":"word","page_number":443,"line_number":12,"text":"ﯲ","translation":{"text":"(had) promised","language_name":"english","language_id":38},"transliteration":{"text":"waʿada","language_name":"english","language_id":38}},{"id":50061,"position":10,"audio_url":"wbw/036_052_011.mp3","qpc_uthmani_hafs":"ٱلرَّحۡمَٰنُ","char_type_name":"word","page_number":443,"line_number":12,"text":"ﯳ","translation":{"text":"the Most Gracious","language_name":"english","language_id":38},"transliteration":{"text":"l-raḥmānu","language_name":"english","language_id":38}},{"id":50062,"position":11,"audio_url":"wbw/036_052_012.mp3","qpc_uthmani_hafs":"وَصَدَقَ","char_type_name":"word","page_number":443,"line_number":13,"text":"ﯴ","translation":{"text":"and told (the) truth","language_name":"english","language_id":38},"transliteration":{"text":"waṣadaqa","language_name":"english","language_id":38}},{"id":50063,"position":12,"audio_url":"wbw/036_052_013.mp3","qpc_uthmani_hafs":"ٱلۡمُرۡسَلُونَ","char_type_name":"word","page_number":443,"line_number":13,"text":"ﯵ","translation":{"text":"the Messengers","language_name":"english","language_id":38},"transliteration":{"text":"l-mur'salūna","language_name":"english","language_id":38}},{"id":50065,"position":13,"audio_url":null,"qpc_uthmani_hafs":"٥٢","char_type_name":"end","page_number":443,"line_number":13,"text":"ﯶ","translation":{"text":"(52)","language_name":"english","language_id":38},"transliteration":{"text":null,"language_name":"english","language_id":38}}],"translations":[{"id":920186,"resource_id":134,"text":"Mereka berkata, \"Aduh celakalah kami! Siapakah yang membangkitkan kami dari tempat-tidur kami (kubur)?\" Inilah yang dijanjikan (Tuhan) Yang Maha Pemurah dan benarlah rasul-rasul-(Nya)."}]},{"id":3758,"verse_number":53,"verse_key":"36:53","juz_number":23,"hizb_number":45,"rub_el_hizb_number":177,"ruku_number":386,"manzil_number":5,"sajdah_number":null,"text_uthmani":"إِن كَانَتْ إِلَّا صَيْحَةً وَٰحِدَةً فَإِذَا هُمْ جَمِيعٌ لَّدَيْنَا مُحْضَرُونَ","page_number":443,"words":[{"id":50878,"position":1,"audio_url":"wbw/036_053_001.mp3","qpc_uthmani_hafs":"إِن","char_type_name":"word","page_number":443,"line_number":13,"text":"ﯷ","translation":{"text":"Not","language_name":"english","language_id":38},"transliteration":{"text":"in","language_name":"english","language_id":38}},{"id":50879,"position":2,"audio_url":"wbw/036_053_002.mp3","qpc_uthmani_hafs":"كَانَتۡ","char_type_name":"word","page_number":443,"line_number":13,"text":"ﯸ","translation":{"text":"it will be","language_name":"english","language_id":38},"transliteration":{"text":"kānat","language_name":"english","language_id":38}},{"id":50880,"position":3,"audio_url":"wbw/036_053_003.mp3","qpc_uthmani_hafs":"إِلَّا","char_type_name":"word","page_number":443,"line_number":13,"text":"ﯹ","translation":{"text":"but","language_name":"english","language_id":38},"transliteration":{"text":"illā","language_name":"english","language_id":38}},{"id":50881,"position":4,"audio_url":"wbw/036_053_004.mp3","qpc_uthmani_hafs":"صَيۡحَةٗ","char_type_name":"word","page_number":443,"line_number":13,"text":"ﯺ","translation":{"text":"a shout","language_name":"english","language_id":38},"transliteration":{"text":"ṣayḥatan","language_name":"english","language_id":38}},{"id":50882,"position":5,"audio_url":"wbw/036_053_005.mp3","qpc_uthmani_hafs":"وَٰحِدَةٗ","char_type_name":"word","page_number":443,"line_number":14,"text":"ﯻ","translation":{"text":"single","language_name":"english","language_id":38},"transliteration":{"text":"wāḥidatan","language_name":"english","language_id":38}},{"id":50883,"position":6,"audio_url":"wbw/036_053_006.mp3","qpc_uthmani_hafs":"فَإِذَا","char_type_name":"word","page_number":443,"line_number":14,"text":"ﯼ","translation":{"text":"so behold","language_name":"english","language_id":38},"transliteration":{"text":"fa-idhā","language_name":"english","language_id":38}},{"id":50884,"position":7,"audio_url":"wbw/036_053_007.mp3","qpc_uthmani_hafs":"هُمۡ","char_type_name":"word","page_number":443,"line_number":14,"text":"ﯽ","translation":{"text":"They","language_name":"english","language_id":38},"transliteration":{"text":"hum","language_name":"english","language_id":38}},{"id":50885,"position":8,"audio_url":"wbw/036_053_008.mp3","qpc_uthmani_hafs":"جَمِيعٞ","char_type_name":"word","page_number":443,"line_number":14,"text":"ﯾ","translation":{"text":"all","language_name":"english","language_id":38},"transliteration":{"text":"jamīʿun","language_name":"english","language_id":38}},{"id":50886,"position":9,"audio_url":"wbw/036_053_009.mp3","qpc_uthmani_hafs":"لَّدَيۡنَا","char_type_name":"word","page_number":443,"line_number":14,"text":"ﯿ","translation":{"text":"before Us","language_name":"english","language_id":38},"transliteration":{"text":"ladaynā","language_name":"english","language_id":38}},{"id":50887,"position":10,"audio_url":"wbw/036_053_010.mp3","qpc_uthmani_hafs":"مُحۡضَرُونَ","char_type_name":"word","page_number":443,"line_number":14,"text":"ﰀ","translation":{"text":"(will be) brought","language_name":"english","language_id":38},"transliteration":{"text":"muḥ'ḍarūna","language_name":"english","language_id":38}},{"id":50888,"position":11,"audio_url":null,"qpc_uthmani_hafs":"٥٣","char_type_name":"end","page_number":443,"line_number":14,"text":"ﰁ","translation":{"text":"(53)","language_name":"english","language_id":38},"transliteration":{"text":null,"language_name":"english","language_id":38}}],"translations":[{"id":920187,"resource_id":134,"text":"Tidak adalah teriakan itu selain sekali teriakan saja, maka tiba-tiba mereka semua dikumpulkan kepada Kami."}]},{"id":3759,"verse_number":54,"verse_key":"36:54","juz_number":23,"hizb_number":45,"rub_el_hizb_number":177,"ruku_number":386,"manzil_number":5,"sajdah_number":null,"text_uthmani":"فَٱلْيَوْمَ لَا تُظْلَمُ نَفْسٌ شَيْـًٔا وَلَا تُجْزَوْنَ إِلَّا مَا كُنتُمْ تَعْمَلُونَ","page_number":443,"words":[{"id":51460,"position":1,"audio_url":"wbw/036_054_001.mp3","qpc_uthmani_hafs":"فَٱلۡيَوۡمَ","char_type_name":"word","page_number":443,"line_number":14,"text":"ﰂ","translation":{"text":"So this Day","language_name":"english","language_id":38},"transliteration":{"text":"fal-yawma","language_name":"english","language_id":38}},{"id":51461,"position":2,"audio_url":"wbw/036_054_002.mp3","qpc_uthmani_hafs":"لَا","char_type_name":"word","page_number":443,"line_number":14,"text":"ﰃ","translation":{"text":"not","language_name":"english","language_id":38},"transliteration":{"text":"lā","language_name":"english","language_id":38}},{"id":51462,"position":3,"audio_url":"wbw/036_054_003.mp3","qpc_uthmani_hafs":"تُظۡلَمُ","char_type_name":"word","page_number":443,"line_number":14,"text":"ﰄ","translation":{"text":"will be wronged","language_name":"english","language_id":38},"transliteration":{"text":"tuẓ'lamu","language_name":"english","language_id":38}},{"id":51463,"position":4,"audio_url":"wbw/036_054_004.mp3","qpc_uthmani_hafs":"نَفۡسٞ","char_type_name":"word","page_number":443,"line_number":15,"text":"ﰅ","translation":{"text":"a soul","language_name":"english","language_id":38},"transliteration":{"text":"nafsun","language_name":"english","language_id":38}},{"id":51464,"position":5,"audio_url":"wbw/036_054_005.mp3","qpc_uthmani_hafs":"شَيۡـٔٗا","char_type_name":"word","page_number":443,"line_number":15,"text":"ﰆ","translation":{"text":"(in) anything","language_name":"english","language_id":38},"transliteration":{"text":"shayan","language_name":"english","language_id":38}},{"id":51465,"position":6,"audio_url":"wbw/036_054_006.mp3","qpc_uthmani_hafs":"وَلَا","char_type_name":"word","page_number":443,"line_number":15,"text":"ﰇ","translation":{"text":"and not","language_name":"english","language_id":38},"transliteration":{"text":"walā","language_name":"english","language_id":38}},{"id":51466,"position":7,"audio_url":"wbw/036_054_007.mp3","qpc_uthmani_hafs":"تُجۡزَوۡنَ","char_type_name":"word","page_number":443,"line_number":15,"text":"ﰈ","translation":{"text":"you will be recompensed","language_name":"english","language_id":38},"transliteration":{"text":"tuj'zawna","language_name":"english","language_id":38}},{"id":51467,"position":8,"audio_url":"wbw/036_054_008.mp3","qpc_uthmani_hafs":"إِلَّا","char_type_name":"word","page_number":443,"line_number":15,"text":"ﰉ","translation":{"text":"except","language_name":"english","language_id":38},"transliteration":{"text":"illā","language_name":"english","language_id":38}},{"id":51468,"position":9,"audio_url":"wbw/036_054_009.mp3","qpc_uthmani_hafs":"مَا","char_type_name":"word","page_number":443,"line_number":15,"text":"ﰊ","translation":{"text":"(for) what","language_name":"english","language_id":38},"transliteration":{"text":"mā","language_name":"english","language_id":38}},{"id":51469,"position":10,"audio_url":"wbw/036_054_010.mp3","qpc_uthmani_hafs":"كُنتُمۡ","char_type_name":"word","page_number":443,"line_number":15,"text":"ﰋ","translation":{"text":"you used (to)","language_name":"english","language_id":38},"transliteration":{"text":"kuntum","language_name":"english","language_id":38}},{"id":51470,"position":11,"audio_url":"wbw/036_054_011.mp3","qpc_uthmani_hafs":"تَعۡمَلُونَ","char_type_name":"word","page_number":443,"line_number":15,"text":"ﰌ","translation":{"text":"do","language_name":"english","language_id":38},"transliteration":{"text":"taʿmalūna","language_name":"english","language_id":38}},{"id":51471,"position":12,"audio_url":null,"qpc_uthmani_hafs":"٥٤","char_type_name":"end","page_number":443,"line_number":15,"text":"ﰍ","translation":{"text":"(54)","language_name":"english","language_id":38},"transliteration":{"text":null,"language_name":"english","language_id":38}}],"translations":[{"id":920188,"resource_id":134,"text":"Maka pada hari itu, seseorang tidak akan dirugikan sedikit pun dan kamu tidak dibalasi, kecuali dengan apa yang telah kamu kerjakan."}]}],"pagination":{"per_page":50,"current_page":1,"next_page":null,"total_pages":1,"total_records":14}}