{"verses":[{"id":3813,"verse_number":25,"verse_key":"37:25","juz_number":23,"hizb_number":45,"rub_el_hizb_number":179,"ruku_number":389,"manzil_number":6,"sajdah_number":null,"text_uthmani":"مَا لَكُمْ لَا تَنَاصَرُونَ","page_number":447,"words":[{"id":28478,"position":1,"audio_url":"wbw/037_025_001.mp3","qpc_uthmani_hafs":"مَا","char_type_name":"word","page_number":447,"line_number":1,"text":"ﭑ","translation":{"text":"What","language_name":"english","language_id":38},"transliteration":{"text":"mā","language_name":"english","language_id":38}},{"id":28479,"position":2,"audio_url":"wbw/037_025_002.mp3","qpc_uthmani_hafs":"لَكُمۡ","char_type_name":"word","page_number":447,"line_number":1,"text":"ﭒ","translation":{"text":"(is) for you","language_name":"english","language_id":38},"transliteration":{"text":"lakum","language_name":"english","language_id":38}},{"id":28480,"position":3,"audio_url":"wbw/037_025_003.mp3","qpc_uthmani_hafs":"لَا","char_type_name":"word","page_number":447,"line_number":1,"text":"ﭓ","translation":{"text":"(Why) not","language_name":"english","language_id":38},"transliteration":{"text":"lā","language_name":"english","language_id":38}},{"id":28481,"position":4,"audio_url":"wbw/037_025_004.mp3","qpc_uthmani_hafs":"تَنَاصَرُونَ","char_type_name":"word","page_number":447,"line_number":1,"text":"ﭔ","translation":{"text":"you help one another","language_name":"english","language_id":38},"transliteration":{"text":"tanāṣarūna","language_name":"english","language_id":38}},{"id":28482,"position":5,"audio_url":null,"qpc_uthmani_hafs":"٢٥","char_type_name":"end","page_number":447,"line_number":1,"text":"ﭕ","translation":{"text":"(25)","language_name":"english","language_id":38},"transliteration":{"text":null,"language_name":"english","language_id":38}}],"translations":[{"id":920242,"resource_id":134,"text":"\"Mengapa kamu tidak tolong-menolong?\""}]},{"id":3814,"verse_number":26,"verse_key":"37:26","juz_number":23,"hizb_number":45,"rub_el_hizb_number":179,"ruku_number":389,"manzil_number":6,"sajdah_number":null,"text_uthmani":"بَلْ هُمُ ٱلْيَوْمَ مُسْتَسْلِمُونَ","page_number":447,"words":[{"id":29390,"position":1,"audio_url":"wbw/037_026_001.mp3","qpc_uthmani_hafs":"بَلۡ","char_type_name":"word","page_number":447,"line_number":1,"text":"ﭖ","translation":{"text":"Nay","language_name":"english","language_id":38},"transliteration":{"text":"bal","language_name":"english","language_id":38}},{"id":29391,"position":2,"audio_url":"wbw/037_026_002.mp3","qpc_uthmani_hafs":"هُمُ","char_type_name":"word","page_number":447,"line_number":1,"text":"ﭗ","translation":{"text":"they","language_name":"english","language_id":38},"transliteration":{"text":"humu","language_name":"english","language_id":38}},{"id":29392,"position":3,"audio_url":"wbw/037_026_003.mp3","qpc_uthmani_hafs":"ٱلۡيَوۡمَ","char_type_name":"word","page_number":447,"line_number":1,"text":"ﭘ","translation":{"text":"(on) that Day","language_name":"english","language_id":38},"transliteration":{"text":"l-yawma","language_name":"english","language_id":38}},{"id":29393,"position":4,"audio_url":"wbw/037_026_004.mp3","qpc_uthmani_hafs":"مُسۡتَسۡلِمُونَ","char_type_name":"word","page_number":447,"line_number":1,"text":"ﭙ","translation":{"text":"(will) surrender","language_name":"english","language_id":38},"transliteration":{"text":"mus'taslimūna","language_name":"english","language_id":38}},{"id":29394,"position":5,"audio_url":null,"qpc_uthmani_hafs":"٢٦","char_type_name":"end","page_number":447,"line_number":1,"text":"ﭚ","translation":{"text":"(26)","language_name":"english","language_id":38},"transliteration":{"text":null,"language_name":"english","language_id":38}}],"translations":[{"id":920243,"resource_id":134,"text":"Bahkan, mereka pada hari itu menyerah diri."}]},{"id":3815,"verse_number":27,"verse_key":"37:27","juz_number":23,"hizb_number":45,"rub_el_hizb_number":179,"ruku_number":389,"manzil_number":6,"sajdah_number":null,"text_uthmani":"وَأَقْبَلَ بَعْضُهُمْ عَلَىٰ بَعْضٍ يَتَسَآءَلُونَ","page_number":447,"words":[{"id":30383,"position":1,"audio_url":"wbw/037_027_001.mp3","qpc_uthmani_hafs":"وَأَقۡبَلَ","char_type_name":"word","page_number":447,"line_number":1,"text":"ﭛ","translation":{"text":"And will approach","language_name":"english","language_id":38},"transliteration":{"text":"wa-aqbala","language_name":"english","language_id":38}},{"id":30384,"position":2,"audio_url":"wbw/037_027_002.mp3","qpc_uthmani_hafs":"بَعۡضُهُمۡ","char_type_name":"word","page_number":447,"line_number":1,"text":"ﭜ","translation":{"text":"some of them","language_name":"english","language_id":38},"transliteration":{"text":"baʿḍuhum","language_name":"english","language_id":38}},{"id":30385,"position":3,"audio_url":"wbw/037_027_003.mp3","qpc_uthmani_hafs":"عَلَىٰ","char_type_name":"word","page_number":447,"line_number":2,"text":"ﭝ","translation":{"text":"to","language_name":"english","language_id":38},"transliteration":{"text":"ʿalā","language_name":"english","language_id":38}},{"id":30386,"position":4,"audio_url":"wbw/037_027_004.mp3","qpc_uthmani_hafs":"بَعۡضٖ","char_type_name":"word","page_number":447,"line_number":2,"text":"ﭞ","translation":{"text":"others","language_name":"english","language_id":38},"transliteration":{"text":"baʿḍin","language_name":"english","language_id":38}},{"id":30387,"position":5,"audio_url":"wbw/037_027_005.mp3","qpc_uthmani_hafs":"يَتَسَآءَلُونَ","char_type_name":"word","page_number":447,"line_number":2,"text":"ﭟ","translation":{"text":"questioning one another","language_name":"english","language_id":38},"transliteration":{"text":"yatasāalūna","language_name":"english","language_id":38}},{"id":30388,"position":6,"audio_url":null,"qpc_uthmani_hafs":"٢٧","char_type_name":"end","page_number":447,"line_number":2,"text":"ﭠ","translation":{"text":"(27)","language_name":"english","language_id":38},"transliteration":{"text":null,"language_name":"english","language_id":38}}],"translations":[{"id":920244,"resource_id":134,"text":"Sebagian dan mereka menghadap kepada sebagian yang lain berbantah-bantahan."}]},{"id":3816,"verse_number":28,"verse_key":"37:28","juz_number":23,"hizb_number":45,"rub_el_hizb_number":179,"ruku_number":389,"manzil_number":6,"sajdah_number":null,"text_uthmani":"قَالُوٓا۟ إِنَّكُمْ كُنتُمْ تَأْتُونَنَا عَنِ ٱلْيَمِينِ","page_number":447,"words":[{"id":31395,"position":1,"audio_url":"wbw/037_028_001.mp3","qpc_uthmani_hafs":"قَالُوٓاْ","char_type_name":"word","page_number":447,"line_number":2,"text":"ﭡ","translation":{"text":"They will say","language_name":"english","language_id":38},"transliteration":{"text":"qālū","language_name":"english","language_id":38}},{"id":31396,"position":2,"audio_url":"wbw/037_028_002.mp3","qpc_uthmani_hafs":"إِنَّكُمۡ","char_type_name":"word","page_number":447,"line_number":2,"text":"ﭢ","translation":{"text":"Indeed, you","language_name":"english","language_id":38},"transliteration":{"text":"innakum","language_name":"english","language_id":38}},{"id":31397,"position":3,"audio_url":"wbw/037_028_003.mp3","qpc_uthmani_hafs":"كُنتُمۡ","char_type_name":"word","page_number":447,"line_number":2,"text":"ﭣ","translation":{"text":"[you] used (to)","language_name":"english","language_id":38},"transliteration":{"text":"kuntum","language_name":"english","language_id":38}},{"id":31398,"position":4,"audio_url":"wbw/037_028_004.mp3","qpc_uthmani_hafs":"تَأۡتُونَنَا","char_type_name":"word","page_number":447,"line_number":2,"text":"ﭤ","translation":{"text":"come (to) us","language_name":"english","language_id":38},"transliteration":{"text":"tatūnanā","language_name":"english","language_id":38}},{"id":31399,"position":5,"audio_url":"wbw/037_028_005.mp3","qpc_uthmani_hafs":"عَنِ","char_type_name":"word","page_number":447,"line_number":2,"text":"ﭥ","translation":{"text":"from","language_name":"english","language_id":38},"transliteration":{"text":"ʿani","language_name":"english","language_id":38}},{"id":31400,"position":6,"audio_url":"wbw/037_028_006.mp3","qpc_uthmani_hafs":"ٱلۡيَمِينِ","char_type_name":"word","page_number":447,"line_number":2,"text":"ﭦ","translation":{"text":"the right","language_name":"english","language_id":38},"transliteration":{"text":"l-yamīni","language_name":"english","language_id":38}},{"id":31401,"position":7,"audio_url":null,"qpc_uthmani_hafs":"٢٨","char_type_name":"end","page_number":447,"line_number":2,"text":"ﭧ","translation":{"text":"(28)","language_name":"english","language_id":38},"transliteration":{"text":null,"language_name":"english","language_id":38}}],"translations":[{"id":920245,"resource_id":134,"text":"Pengikut-pengikut mereka berkata (kepada pemimpin-pemimpin mereka), \"Sesungguhnya kamulah yang datang kepada kami dari kanan\" <sup foot_note=211045>1</sup>."}]},{"id":3817,"verse_number":29,"verse_key":"37:29","juz_number":23,"hizb_number":45,"rub_el_hizb_number":179,"ruku_number":389,"manzil_number":6,"sajdah_number":null,"text_uthmani":"قَالُوا۟ بَل لَّمْ تَكُونُوا۟ مُؤْمِنِينَ","page_number":447,"words":[{"id":32343,"position":1,"audio_url":"wbw/037_029_001.mp3","qpc_uthmani_hafs":"قَالُواْ","char_type_name":"word","page_number":447,"line_number":3,"text":"ﭨ","translation":{"text":"They will say","language_name":"english","language_id":38},"transliteration":{"text":"qālū","language_name":"english","language_id":38}},{"id":32344,"position":2,"audio_url":"wbw/037_029_002.mp3","qpc_uthmani_hafs":"بَل","char_type_name":"word","page_number":447,"line_number":3,"text":"ﭩ","translation":{"text":"Nay","language_name":"english","language_id":38},"transliteration":{"text":"bal","language_name":"english","language_id":38}},{"id":32345,"position":3,"audio_url":"wbw/037_029_003.mp3","qpc_uthmani_hafs":"لَّمۡ","char_type_name":"word","page_number":447,"line_number":3,"text":"ﭪ","translation":{"text":"not","language_name":"english","language_id":38},"transliteration":{"text":"lam","language_name":"english","language_id":38}},{"id":32346,"position":4,"audio_url":"wbw/037_029_004.mp3","qpc_uthmani_hafs":"تَكُونُواْ","char_type_name":"word","page_number":447,"line_number":3,"text":"ﭫ","translation":{"text":"you were","language_name":"english","language_id":38},"transliteration":{"text":"takūnū","language_name":"english","language_id":38}},{"id":32347,"position":5,"audio_url":"wbw/037_029_005.mp3","qpc_uthmani_hafs":"مُؤۡمِنِينَ","char_type_name":"word","page_number":447,"line_number":3,"text":"ﭬ","translation":{"text":"believers","language_name":"english","language_id":38},"transliteration":{"text":"mu'minīna","language_name":"english","language_id":38}},{"id":32348,"position":6,"audio_url":null,"qpc_uthmani_hafs":"٢٩","char_type_name":"end","page_number":447,"line_number":3,"text":"ﭭ","translation":{"text":"(29)","language_name":"english","language_id":38},"transliteration":{"text":null,"language_name":"english","language_id":38}}],"translations":[{"id":920246,"resource_id":134,"text":"Pemimpin-pemimpin mereka menjawab, \"Sebenarnya, kamulah yang tidak beriman\"."}]},{"id":3818,"verse_number":30,"verse_key":"37:30","juz_number":23,"hizb_number":45,"rub_el_hizb_number":179,"ruku_number":389,"manzil_number":6,"sajdah_number":null,"text_uthmani":"وَمَا كَانَ لَنَا عَلَيْكُم مِّن سُلْطَـٰنٍۭ ۖ بَلْ كُنتُمْ قَوْمًا طَـٰغِينَ","page_number":447,"words":[{"id":33203,"position":1,"audio_url":"wbw/037_030_001.mp3","qpc_uthmani_hafs":"وَمَا","char_type_name":"word","page_number":447,"line_number":3,"text":"ﭮ","translation":{"text":"And not","language_name":"english","language_id":38},"transliteration":{"text":"wamā","language_name":"english","language_id":38}},{"id":33204,"position":2,"audio_url":"wbw/037_030_002.mp3","qpc_uthmani_hafs":"كَانَ","char_type_name":"word","page_number":447,"line_number":3,"text":"ﭯ","translation":{"text":"was","language_name":"english","language_id":38},"transliteration":{"text":"kāna","language_name":"english","language_id":38}},{"id":33205,"position":3,"audio_url":"wbw/037_030_003.mp3","qpc_uthmani_hafs":"لَنَا","char_type_name":"word","page_number":447,"line_number":3,"text":"ﭰ","translation":{"text":"for us","language_name":"english","language_id":38},"transliteration":{"text":"lanā","language_name":"english","language_id":38}},{"id":33206,"position":4,"audio_url":"wbw/037_030_004.mp3","qpc_uthmani_hafs":"عَلَيۡكُم","char_type_name":"word","page_number":447,"line_number":3,"text":"ﭱ","translation":{"text":"over you","language_name":"english","language_id":38},"transliteration":{"text":"ʿalaykum","language_name":"english","language_id":38}},{"id":33207,"position":5,"audio_url":"wbw/037_030_005.mp3","qpc_uthmani_hafs":"مِّن","char_type_name":"word","page_number":447,"line_number":3,"text":"ﭲ","translation":{"text":"any","language_name":"english","language_id":38},"transliteration":{"text":"min","language_name":"english","language_id":38}},{"id":33208,"position":6,"audio_url":"wbw/037_030_006.mp3","qpc_uthmani_hafs":"سُلۡطَٰنِۭۖ","char_type_name":"word","page_number":447,"line_number":3,"text":"ﭳﭴ","translation":{"text":"authority","language_name":"english","language_id":38},"transliteration":{"text":"sul'ṭānin","language_name":"english","language_id":38}},{"id":33210,"position":7,"audio_url":"wbw/037_030_008.mp3","qpc_uthmani_hafs":"بَلۡ","char_type_name":"word","page_number":447,"line_number":4,"text":"ﭵ","translation":{"text":"Nay","language_name":"english","language_id":38},"transliteration":{"text":"bal","language_name":"english","language_id":38}},{"id":33211,"position":8,"audio_url":"wbw/037_030_009.mp3","qpc_uthmani_hafs":"كُنتُمۡ","char_type_name":"word","page_number":447,"line_number":4,"text":"ﭶ","translation":{"text":"you were","language_name":"english","language_id":38},"transliteration":{"text":"kuntum","language_name":"english","language_id":38}},{"id":33212,"position":9,"audio_url":"wbw/037_030_010.mp3","qpc_uthmani_hafs":"قَوۡمٗا","char_type_name":"word","page_number":447,"line_number":4,"text":"ﭷ","translation":{"text":"a people","language_name":"english","language_id":38},"transliteration":{"text":"qawman","language_name":"english","language_id":38}},{"id":33213,"position":10,"audio_url":"wbw/037_030_011.mp3","qpc_uthmani_hafs":"طَٰغِينَ","char_type_name":"word","page_number":447,"line_number":4,"text":"ﭸ","translation":{"text":"transgressing","language_name":"english","language_id":38},"transliteration":{"text":"ṭāghīna","language_name":"english","language_id":38}},{"id":33214,"position":11,"audio_url":null,"qpc_uthmani_hafs":"٣٠","char_type_name":"end","page_number":447,"line_number":4,"text":"ﭹ","translation":{"text":"(30)","language_name":"english","language_id":38},"transliteration":{"text":null,"language_name":"english","language_id":38}}],"translations":[{"id":920247,"resource_id":134,"text":"Dan sekali-kali, kami tidak berkuasa terhadapmu, bahkan kamulah kaum yang melampaui batas."}]},{"id":3819,"verse_number":31,"verse_key":"37:31","juz_number":23,"hizb_number":45,"rub_el_hizb_number":179,"ruku_number":389,"manzil_number":6,"sajdah_number":null,"text_uthmani":"فَحَقَّ عَلَيْنَا قَوْلُ رَبِّنَآ ۖ إِنَّا لَذَآئِقُونَ","page_number":447,"words":[{"id":34262,"position":1,"audio_url":"wbw/037_031_001.mp3","qpc_uthmani_hafs":"فَحَقَّ","char_type_name":"word","page_number":447,"line_number":4,"text":"ﭺ","translation":{"text":"So has been proved true","language_name":"english","language_id":38},"transliteration":{"text":"faḥaqqa","language_name":"english","language_id":38}},{"id":34263,"position":2,"audio_url":"wbw/037_031_002.mp3","qpc_uthmani_hafs":"عَلَيۡنَا","char_type_name":"word","page_number":447,"line_number":4,"text":"ﭻ","translation":{"text":"against us","language_name":"english","language_id":38},"transliteration":{"text":"ʿalaynā","language_name":"english","language_id":38}},{"id":34264,"position":3,"audio_url":"wbw/037_031_003.mp3","qpc_uthmani_hafs":"قَوۡلُ","char_type_name":"word","page_number":447,"line_number":4,"text":"ﭼ","translation":{"text":"(the) Word","language_name":"english","language_id":38},"transliteration":{"text":"qawlu","language_name":"english","language_id":38}},{"id":34265,"position":4,"audio_url":"wbw/037_031_004.mp3","qpc_uthmani_hafs":"رَبِّنَآۖ","char_type_name":"word","page_number":447,"line_number":4,"text":"ﭽﭾ","translation":{"text":"(of) our Lord","language_name":"english","language_id":38},"transliteration":{"text":"rabbinā","language_name":"english","language_id":38}},{"id":34267,"position":5,"audio_url":"wbw/037_031_006.mp3","qpc_uthmani_hafs":"إِنَّا","char_type_name":"word","page_number":447,"line_number":4,"text":"ﭿ","translation":{"text":"indeed, we","language_name":"english","language_id":38},"transliteration":{"text":"innā","language_name":"english","language_id":38}},{"id":34268,"position":6,"audio_url":"wbw/037_031_007.mp3","qpc_uthmani_hafs":"لَذَآئِقُونَ","char_type_name":"word","page_number":447,"line_number":4,"text":"ﮀ","translation":{"text":"(will) certainly taste","language_name":"english","language_id":38},"transliteration":{"text":"ladhāiqūna","language_name":"english","language_id":38}},{"id":34269,"position":7,"audio_url":null,"qpc_uthmani_hafs":"٣١","char_type_name":"end","page_number":447,"line_number":4,"text":"ﮁ","translation":{"text":"(31)","language_name":"english","language_id":38},"transliteration":{"text":null,"language_name":"english","language_id":38}}],"translations":[{"id":920248,"resource_id":134,"text":"Maka pastilah putusan (azab) Tuhan kita menimpa atas kita; sesungguhnya kita akan merasakan (azab itu)."}]},{"id":3820,"verse_number":32,"verse_key":"37:32","juz_number":23,"hizb_number":45,"rub_el_hizb_number":179,"ruku_number":389,"manzil_number":6,"sajdah_number":null,"text_uthmani":"فَأَغْوَيْنَـٰكُمْ إِنَّا كُنَّا غَـٰوِينَ","page_number":447,"words":[{"id":35120,"position":1,"audio_url":"wbw/037_032_001.mp3","qpc_uthmani_hafs":"فَأَغۡوَيۡنَٰكُمۡ","char_type_name":"word","page_number":447,"line_number":5,"text":"ﮂ","translation":{"text":"So we led you astray","language_name":"english","language_id":38},"transliteration":{"text":"fa-aghwaynākum","language_name":"english","language_id":38}},{"id":35121,"position":2,"audio_url":"wbw/037_032_002.mp3","qpc_uthmani_hafs":"إِنَّا","char_type_name":"word","page_number":447,"line_number":5,"text":"ﮃ","translation":{"text":"indeed, we","language_name":"english","language_id":38},"transliteration":{"text":"innā","language_name":"english","language_id":38}},{"id":35122,"position":3,"audio_url":"wbw/037_032_003.mp3","qpc_uthmani_hafs":"كُنَّا","char_type_name":"word","page_number":447,"line_number":5,"text":"ﮄ","translation":{"text":"were","language_name":"english","language_id":38},"transliteration":{"text":"kunnā","language_name":"english","language_id":38}},{"id":35123,"position":4,"audio_url":"wbw/037_032_004.mp3","qpc_uthmani_hafs":"غَٰوِينَ","char_type_name":"word","page_number":447,"line_number":5,"text":"ﮅ","translation":{"text":"astray","language_name":"english","language_id":38},"transliteration":{"text":"ghāwīna","language_name":"english","language_id":38}},{"id":35124,"position":5,"audio_url":null,"qpc_uthmani_hafs":"٣٢","char_type_name":"end","page_number":447,"line_number":5,"text":"ﮆ","translation":{"text":"(32)","language_name":"english","language_id":38},"transliteration":{"text":null,"language_name":"english","language_id":38}}],"translations":[{"id":920249,"resource_id":134,"text":"Maka kami telah menyesatkan kamu, sesungguhnya kami adalah orang-orang yang sesat."}]},{"id":3821,"verse_number":33,"verse_key":"37:33","juz_number":23,"hizb_number":45,"rub_el_hizb_number":179,"ruku_number":389,"manzil_number":6,"sajdah_number":null,"text_uthmani":"فَإِنَّهُمْ يَوْمَئِذٍ فِى ٱلْعَذَابِ مُشْتَرِكُونَ","page_number":447,"words":[{"id":36032,"position":1,"audio_url":"wbw/037_033_001.mp3","qpc_uthmani_hafs":"فَإِنَّهُمۡ","char_type_name":"word","page_number":447,"line_number":5,"text":"ﮇ","translation":{"text":"Then indeed, they","language_name":"english","language_id":38},"transliteration":{"text":"fa-innahum","language_name":"english","language_id":38}},{"id":36033,"position":2,"audio_url":"wbw/037_033_002.mp3","qpc_uthmani_hafs":"يَوۡمَئِذٖ","char_type_name":"word","page_number":447,"line_number":5,"text":"ﮈ","translation":{"text":"that Day","language_name":"english","language_id":38},"transliteration":{"text":"yawma-idhin","language_name":"english","language_id":38}},{"id":36034,"position":3,"audio_url":"wbw/037_033_003.mp3","qpc_uthmani_hafs":"فِي","char_type_name":"word","page_number":447,"line_number":5,"text":"ﮉ","translation":{"text":"in","language_name":"english","language_id":38},"transliteration":{"text":"fī","language_name":"english","language_id":38}},{"id":36035,"position":4,"audio_url":"wbw/037_033_004.mp3","qpc_uthmani_hafs":"ٱلۡعَذَابِ","char_type_name":"word","page_number":447,"line_number":5,"text":"ﮊ","translation":{"text":"the punishment","language_name":"english","language_id":38},"transliteration":{"text":"l-ʿadhābi","language_name":"english","language_id":38}},{"id":36036,"position":5,"audio_url":"wbw/037_033_005.mp3","qpc_uthmani_hafs":"مُشۡتَرِكُونَ","char_type_name":"word","page_number":447,"line_number":5,"text":"ﮋ","translation":{"text":"(will be) sharers","language_name":"english","language_id":38},"transliteration":{"text":"mush'tarikūna","language_name":"english","language_id":38}},{"id":36037,"position":6,"audio_url":null,"qpc_uthmani_hafs":"٣٣","char_type_name":"end","page_number":447,"line_number":6,"text":"ﮌ","translation":{"text":"(33)","language_name":"english","language_id":38},"transliteration":{"text":null,"language_name":"english","language_id":38}}],"translations":[{"id":920250,"resource_id":134,"text":"Maka sesungguhnya, mereka pada hari itu bersama-sama dalam azab."}]},{"id":3822,"verse_number":34,"verse_key":"37:34","juz_number":23,"hizb_number":45,"rub_el_hizb_number":179,"ruku_number":389,"manzil_number":6,"sajdah_number":null,"text_uthmani":"إِنَّا كَذَٰلِكَ نَفْعَلُ بِٱلْمُجْرِمِينَ","page_number":447,"words":[{"id":36842,"position":1,"audio_url":"wbw/037_034_001.mp3","qpc_uthmani_hafs":"إِنَّا","char_type_name":"word","page_number":447,"line_number":6,"text":"ﮍ","translation":{"text":"Indeed, We","language_name":"english","language_id":38},"transliteration":{"text":"innā","language_name":"english","language_id":38}},{"id":36843,"position":2,"audio_url":"wbw/037_034_002.mp3","qpc_uthmani_hafs":"كَذَٰلِكَ","char_type_name":"word","page_number":447,"line_number":6,"text":"ﮎ","translation":{"text":"thus","language_name":"english","language_id":38},"transliteration":{"text":"kadhālika","language_name":"english","language_id":38}},{"id":36844,"position":3,"audio_url":"wbw/037_034_003.mp3","qpc_uthmani_hafs":"نَفۡعَلُ","char_type_name":"word","page_number":447,"line_number":6,"text":"ﮏ","translation":{"text":"We deal","language_name":"english","language_id":38},"transliteration":{"text":"nafʿalu","language_name":"english","language_id":38}},{"id":36845,"position":4,"audio_url":"wbw/037_034_004.mp3","qpc_uthmani_hafs":"بِٱلۡمُجۡرِمِينَ","char_type_name":"word","page_number":447,"line_number":6,"text":"ﮐ","translation":{"text":"with the criminals","language_name":"english","language_id":38},"transliteration":{"text":"bil-muj'rimīna","language_name":"english","language_id":38}},{"id":36846,"position":5,"audio_url":null,"qpc_uthmani_hafs":"٣٤","char_type_name":"end","page_number":447,"line_number":6,"text":"ﮑ","translation":{"text":"(34)","language_name":"english","language_id":38},"transliteration":{"text":null,"language_name":"english","language_id":38}}],"translations":[{"id":920251,"resource_id":134,"text":"Sesungguhnya demikianlah, Kami berbuat terhadap orang-orang yang berbuat jahat."}]},{"id":3823,"verse_number":35,"verse_key":"37:35","juz_number":23,"hizb_number":45,"rub_el_hizb_number":179,"ruku_number":389,"manzil_number":6,"sajdah_number":null,"text_uthmani":"إِنَّهُمْ كَانُوٓا۟ إِذَا قِيلَ لَهُمْ لَآ إِلَـٰهَ إِلَّا ٱللَّهُ يَسْتَكْبِرُونَ","page_number":447,"words":[{"id":37649,"position":1,"audio_url":"wbw/037_035_001.mp3","qpc_uthmani_hafs":"إِنَّهُمۡ","char_type_name":"word","page_number":447,"line_number":6,"text":"ﮒ","translation":{"text":"Indeed, they","language_name":"english","language_id":38},"transliteration":{"text":"innahum","language_name":"english","language_id":38}},{"id":37650,"position":2,"audio_url":"wbw/037_035_002.mp3","qpc_uthmani_hafs":"كَانُوٓاْ","char_type_name":"word","page_number":447,"line_number":6,"text":"ﮓ","translation":{"text":"were","language_name":"english","language_id":38},"transliteration":{"text":"kānū","language_name":"english","language_id":38}},{"id":37651,"position":3,"audio_url":"wbw/037_035_003.mp3","qpc_uthmani_hafs":"إِذَا","char_type_name":"word","page_number":447,"line_number":6,"text":"ﮔ","translation":{"text":"when","language_name":"english","language_id":38},"transliteration":{"text":"idhā","language_name":"english","language_id":38}},{"id":37652,"position":4,"audio_url":"wbw/037_035_004.mp3","qpc_uthmani_hafs":"قِيلَ","char_type_name":"word","page_number":447,"line_number":6,"text":"ﮕ","translation":{"text":"it was said","language_name":"english","language_id":38},"transliteration":{"text":"qīla","language_name":"english","language_id":38}},{"id":37653,"position":5,"audio_url":"wbw/037_035_005.mp3","qpc_uthmani_hafs":"لَهُمۡ","char_type_name":"word","page_number":447,"line_number":6,"text":"ﮖ","translation":{"text":"to them","language_name":"english","language_id":38},"transliteration":{"text":"lahum","language_name":"english","language_id":38}},{"id":37654,"position":6,"audio_url":"wbw/037_035_006.mp3","qpc_uthmani_hafs":"لَآ","char_type_name":"word","page_number":447,"line_number":7,"text":"ﮗ","translation":{"text":"(There is) no","language_name":"english","language_id":38},"transliteration":{"text":"lā","language_name":"english","language_id":38}},{"id":37655,"position":7,"audio_url":"wbw/037_035_007.mp3","qpc_uthmani_hafs":"إِلَٰهَ","char_type_name":"word","page_number":447,"line_number":7,"text":"ﮘ","translation":{"text":"god","language_name":"english","language_id":38},"transliteration":{"text":"ilāha","language_name":"english","language_id":38}},{"id":37656,"position":8,"audio_url":"wbw/037_035_008.mp3","qpc_uthmani_hafs":"إِلَّا","char_type_name":"word","page_number":447,"line_number":7,"text":"ﮙ","translation":{"text":"except","language_name":"english","language_id":38},"transliteration":{"text":"illā","language_name":"english","language_id":38}},{"id":37657,"position":9,"audio_url":"wbw/037_035_009.mp3","qpc_uthmani_hafs":"ٱللَّهُ","char_type_name":"word","page_number":447,"line_number":7,"text":"ﮚ","translation":{"text":"Allah","language_name":"english","language_id":38},"transliteration":{"text":"l-lahu","language_name":"english","language_id":38}},{"id":37658,"position":10,"audio_url":"wbw/037_035_010.mp3","qpc_uthmani_hafs":"يَسۡتَكۡبِرُونَ","char_type_name":"word","page_number":447,"line_number":7,"text":"ﮛ","translation":{"text":"were arrogant","language_name":"english","language_id":38},"transliteration":{"text":"yastakbirūna","language_name":"english","language_id":38}},{"id":37659,"position":11,"audio_url":null,"qpc_uthmani_hafs":"٣٥","char_type_name":"end","page_number":447,"line_number":7,"text":"ﮜ","translation":{"text":"(35)","language_name":"english","language_id":38},"transliteration":{"text":null,"language_name":"english","language_id":38}}],"translations":[{"id":920252,"resource_id":134,"text":"Sesungguhnya mereka dahulu apabila dikatakan kepada mereka, \"Lāilāha illallāh\" (Tiada Tuhan yang berhak disembah, melainkan Allah) mereka menyombongkan diri."}]},{"id":3824,"verse_number":36,"verse_key":"37:36","juz_number":23,"hizb_number":45,"rub_el_hizb_number":179,"ruku_number":389,"manzil_number":6,"sajdah_number":null,"text_uthmani":"وَيَقُولُونَ أَئِنَّا لَتَارِكُوٓا۟ ءَالِهَتِنَا لِشَاعِرٍ مَّجْنُونٍۭ","page_number":447,"words":[{"id":38528,"position":1,"audio_url":"wbw/037_036_001.mp3","qpc_uthmani_hafs":"وَيَقُولُونَ","char_type_name":"word","page_number":447,"line_number":7,"text":"ﮝ","translation":{"text":"And they say","language_name":"english","language_id":38},"transliteration":{"text":"wayaqūlūna","language_name":"english","language_id":38}},{"id":38529,"position":2,"audio_url":"wbw/037_036_002.mp3","qpc_uthmani_hafs":"أَئِنَّا","char_type_name":"word","page_number":447,"line_number":7,"text":"ﮞ","translation":{"text":"Are we","language_name":"english","language_id":38},"transliteration":{"text":"a-innā","language_name":"english","language_id":38}},{"id":38530,"position":3,"audio_url":"wbw/037_036_003.mp3","qpc_uthmani_hafs":"لَتَارِكُوٓاْ","char_type_name":"word","page_number":447,"line_number":7,"text":"ﮟ","translation":{"text":"to leave","language_name":"english","language_id":38},"transliteration":{"text":"latārikū","language_name":"english","language_id":38}},{"id":38531,"position":4,"audio_url":"wbw/037_036_004.mp3","qpc_uthmani_hafs":"ءَالِهَتِنَا","char_type_name":"word","page_number":447,"line_number":7,"text":"ﮠ","translation":{"text":"our gods","language_name":"english","language_id":38},"transliteration":{"text":"ālihatinā","language_name":"english","language_id":38}},{"id":38532,"position":5,"audio_url":"wbw/037_036_005.mp3","qpc_uthmani_hafs":"لِشَاعِرٖ","char_type_name":"word","page_number":447,"line_number":8,"text":"ﮡ","translation":{"text":"for a poet","language_name":"english","language_id":38},"transliteration":{"text":"lishāʿirin","language_name":"english","language_id":38}},{"id":38533,"position":6,"audio_url":"wbw/037_036_006.mp3","qpc_uthmani_hafs":"مَّجۡنُونِۭ","char_type_name":"word","page_number":447,"line_number":8,"text":"ﮢ","translation":{"text":"mad","language_name":"english","language_id":38},"transliteration":{"text":"majnūnin","language_name":"english","language_id":38}},{"id":38534,"position":7,"audio_url":null,"qpc_uthmani_hafs":"٣٦","char_type_name":"end","page_number":447,"line_number":8,"text":"ﮣ","translation":{"text":"(36)","language_name":"english","language_id":38},"transliteration":{"text":null,"language_name":"english","language_id":38}}],"translations":[{"id":920253,"resource_id":134,"text":"dan mereka berkata, \"Apakah sesungguhnya kami harus meninggalkan sembahan-sembahan kami karena seorang penyair gila?\""}]},{"id":3825,"verse_number":37,"verse_key":"37:37","juz_number":23,"hizb_number":45,"rub_el_hizb_number":179,"ruku_number":389,"manzil_number":6,"sajdah_number":null,"text_uthmani":"بَلْ جَآءَ بِٱلْحَقِّ وَصَدَّقَ ٱلْمُرْسَلِينَ","page_number":447,"words":[{"id":39396,"position":1,"audio_url":"wbw/037_037_001.mp3","qpc_uthmani_hafs":"بَلۡ","char_type_name":"word","page_number":447,"line_number":8,"text":"ﮤ","translation":{"text":"Nay","language_name":"english","language_id":38},"transliteration":{"text":"bal","language_name":"english","language_id":38}},{"id":39397,"position":2,"audio_url":"wbw/037_037_002.mp3","qpc_uthmani_hafs":"جَآءَ","char_type_name":"word","page_number":447,"line_number":8,"text":"ﮥ","translation":{"text":"he has brought","language_name":"english","language_id":38},"transliteration":{"text":"jāa","language_name":"english","language_id":38}},{"id":39398,"position":3,"audio_url":"wbw/037_037_003.mp3","qpc_uthmani_hafs":"بِٱلۡحَقِّ","char_type_name":"word","page_number":447,"line_number":8,"text":"ﮦ","translation":{"text":"the truth","language_name":"english","language_id":38},"transliteration":{"text":"bil-ḥaqi","language_name":"english","language_id":38}},{"id":39399,"position":4,"audio_url":"wbw/037_037_004.mp3","qpc_uthmani_hafs":"وَصَدَّقَ","char_type_name":"word","page_number":447,"line_number":8,"text":"ﮧ","translation":{"text":"and confirmed","language_name":"english","language_id":38},"transliteration":{"text":"waṣaddaqa","language_name":"english","language_id":38}},{"id":39400,"position":5,"audio_url":"wbw/037_037_005.mp3","qpc_uthmani_hafs":"ٱلۡمُرۡسَلِينَ","char_type_name":"word","page_number":447,"line_number":8,"text":"ﮨ","translation":{"text":"the Messengers","language_name":"english","language_id":38},"transliteration":{"text":"l-mur'salīna","language_name":"english","language_id":38}},{"id":39401,"position":6,"audio_url":null,"qpc_uthmani_hafs":"٣٧","char_type_name":"end","page_number":447,"line_number":8,"text":"ﮩ","translation":{"text":"(37)","language_name":"english","language_id":38},"transliteration":{"text":null,"language_name":"english","language_id":38}}],"translations":[{"id":920254,"resource_id":134,"text":"Sebenarnya, dia (Muhammad) telah datang membawa kebenaran dan membenarkan rasul-rasul (sebelumnya)."}]},{"id":3826,"verse_number":38,"verse_key":"37:38","juz_number":23,"hizb_number":45,"rub_el_hizb_number":179,"ruku_number":389,"manzil_number":6,"sajdah_number":null,"text_uthmani":"إِنَّكُمْ لَذَآئِقُوا۟ ٱلْعَذَابِ ٱلْأَلِيمِ","page_number":447,"words":[{"id":40221,"position":1,"audio_url":"wbw/037_038_001.mp3","qpc_uthmani_hafs":"إِنَّكُمۡ","char_type_name":"word","page_number":447,"line_number":8,"text":"ﮪ","translation":{"text":"Indeed, you","language_name":"english","language_id":38},"transliteration":{"text":"innakum","language_name":"english","language_id":38}},{"id":40222,"position":2,"audio_url":"wbw/037_038_002.mp3","qpc_uthmani_hafs":"لَذَآئِقُواْ","char_type_name":"word","page_number":447,"line_number":9,"text":"ﮫ","translation":{"text":"(will) surely taste","language_name":"english","language_id":38},"transliteration":{"text":"ladhāiqū","language_name":"english","language_id":38}},{"id":40223,"position":3,"audio_url":"wbw/037_038_003.mp3","qpc_uthmani_hafs":"ٱلۡعَذَابِ","char_type_name":"word","page_number":447,"line_number":9,"text":"ﮬ","translation":{"text":"the punishment","language_name":"english","language_id":38},"transliteration":{"text":"l-ʿadhābi","language_name":"english","language_id":38}},{"id":40224,"position":4,"audio_url":"wbw/037_038_004.mp3","qpc_uthmani_hafs":"ٱلۡأَلِيمِ","char_type_name":"word","page_number":447,"line_number":9,"text":"ﮭ","translation":{"text":"painful","language_name":"english","language_id":38},"transliteration":{"text":"l-alīmi","language_name":"english","language_id":38}},{"id":40225,"position":5,"audio_url":null,"qpc_uthmani_hafs":"٣٨","char_type_name":"end","page_number":447,"line_number":9,"text":"ﮮ","translation":{"text":"(38)","language_name":"english","language_id":38},"transliteration":{"text":null,"language_name":"english","language_id":38}}],"translations":[{"id":920255,"resource_id":134,"text":"Sesungguhnya kamu pasti akan merasakan azab yang pedih."}]},{"id":3827,"verse_number":39,"verse_key":"37:39","juz_number":23,"hizb_number":45,"rub_el_hizb_number":179,"ruku_number":389,"manzil_number":6,"sajdah_number":null,"text_uthmani":"وَمَا تُجْزَوْنَ إِلَّا مَا كُنتُمْ تَعْمَلُونَ","page_number":447,"words":[{"id":40953,"position":1,"audio_url":"wbw/037_039_001.mp3","qpc_uthmani_hafs":"وَمَا","char_type_name":"word","page_number":447,"line_number":9,"text":"ﮯ","translation":{"text":"And not","language_name":"english","language_id":38},"transliteration":{"text":"wamā","language_name":"english","language_id":38}},{"id":40954,"position":2,"audio_url":"wbw/037_039_002.mp3","qpc_uthmani_hafs":"تُجۡزَوۡنَ","char_type_name":"word","page_number":447,"line_number":9,"text":"ﮰ","translation":{"text":"you will be recompensed","language_name":"english","language_id":38},"transliteration":{"text":"tuj'zawna","language_name":"english","language_id":38}},{"id":40955,"position":3,"audio_url":"wbw/037_039_003.mp3","qpc_uthmani_hafs":"إِلَّا","char_type_name":"word","page_number":447,"line_number":9,"text":"ﮱ","translation":{"text":"except","language_name":"english","language_id":38},"transliteration":{"text":"illā","language_name":"english","language_id":38}},{"id":40956,"position":4,"audio_url":"wbw/037_039_004.mp3","qpc_uthmani_hafs":"مَا","char_type_name":"word","page_number":447,"line_number":9,"text":"ﯓ","translation":{"text":"what","language_name":"english","language_id":38},"transliteration":{"text":"mā","language_name":"english","language_id":38}},{"id":40957,"position":5,"audio_url":"wbw/037_039_005.mp3","qpc_uthmani_hafs":"كُنتُمۡ","char_type_name":"word","page_number":447,"line_number":9,"text":"ﯔ","translation":{"text":"you used to","language_name":"english","language_id":38},"transliteration":{"text":"kuntum","language_name":"english","language_id":38}},{"id":40958,"position":6,"audio_url":"wbw/037_039_006.mp3","qpc_uthmani_hafs":"تَعۡمَلُونَ","char_type_name":"word","page_number":447,"line_number":9,"text":"ﯕ","translation":{"text":"do","language_name":"english","language_id":38},"transliteration":{"text":"taʿmalūna","language_name":"english","language_id":38}},{"id":40959,"position":7,"audio_url":null,"qpc_uthmani_hafs":"٣٩","char_type_name":"end","page_number":447,"line_number":10,"text":"ﯖ","translation":{"text":"(39)","language_name":"english","language_id":38},"transliteration":{"text":null,"language_name":"english","language_id":38}}],"translations":[{"id":920256,"resource_id":134,"text":"Dan kamu tidak diberi pembalasan, melainkan terhadap kejahatan yang telah kamu kerjakan,"}]},{"id":3828,"verse_number":40,"verse_key":"37:40","juz_number":23,"hizb_number":45,"rub_el_hizb_number":179,"ruku_number":389,"manzil_number":6,"sajdah_number":null,"text_uthmani":"إِلَّا عِبَادَ ٱللَّهِ ٱلْمُخْلَصِينَ","page_number":447,"words":[{"id":41473,"position":1,"audio_url":"wbw/037_040_001.mp3","qpc_uthmani_hafs":"إِلَّا","char_type_name":"word","page_number":447,"line_number":10,"text":"ﯗ","translation":{"text":"Except","language_name":"english","language_id":38},"transliteration":{"text":"illā","language_name":"english","language_id":38}},{"id":41474,"position":2,"audio_url":"wbw/037_040_002.mp3","qpc_uthmani_hafs":"عِبَادَ","char_type_name":"word","page_number":447,"line_number":10,"text":"ﯘ","translation":{"text":"(the) slaves","language_name":"english","language_id":38},"transliteration":{"text":"ʿibāda","language_name":"english","language_id":38}},{"id":41475,"position":3,"audio_url":"wbw/037_040_003.mp3","qpc_uthmani_hafs":"ٱللَّهِ","char_type_name":"word","page_number":447,"line_number":10,"text":"ﯙ","translation":{"text":"(of) Allah","language_name":"english","language_id":38},"transliteration":{"text":"l-lahi","language_name":"english","language_id":38}},{"id":41476,"position":4,"audio_url":"wbw/037_040_004.mp3","qpc_uthmani_hafs":"ٱلۡمُخۡلَصِينَ","char_type_name":"word","page_number":447,"line_number":10,"text":"ﯚ","translation":{"text":"the chosen ones","language_name":"english","language_id":38},"transliteration":{"text":"l-mukh'laṣīna","language_name":"english","language_id":38}},{"id":41477,"position":5,"audio_url":null,"qpc_uthmani_hafs":"٤٠","char_type_name":"end","page_number":447,"line_number":10,"text":"ﯛ","translation":{"text":"(40)","language_name":"english","language_id":38},"transliteration":{"text":null,"language_name":"english","language_id":38}}],"translations":[{"id":920257,"resource_id":134,"text":"tetapi hamba-hamba Allah yang dibersihkan (dari dosa)."}]},{"id":3829,"verse_number":41,"verse_key":"37:41","juz_number":23,"hizb_number":45,"rub_el_hizb_number":179,"ruku_number":389,"manzil_number":6,"sajdah_number":null,"text_uthmani":"أُو۟لَـٰٓئِكَ لَهُمْ رِزْقٌ مَّعْلُومٌ","page_number":447,"words":[{"id":42552,"position":1,"audio_url":"wbw/037_041_001.mp3","qpc_uthmani_hafs":"أُوْلَٰٓئِكَ","char_type_name":"word","page_number":447,"line_number":10,"text":"ﯜ","translation":{"text":"Those","language_name":"english","language_id":38},"transliteration":{"text":"ulāika","language_name":"english","language_id":38}},{"id":42553,"position":2,"audio_url":"wbw/037_041_002.mp3","qpc_uthmani_hafs":"لَهُمۡ","char_type_name":"word","page_number":447,"line_number":10,"text":"ﯝ","translation":{"text":"for them","language_name":"english","language_id":38},"transliteration":{"text":"lahum","language_name":"english","language_id":38}},{"id":42554,"position":3,"audio_url":"wbw/037_041_003.mp3","qpc_uthmani_hafs":"رِزۡقٞ","char_type_name":"word","page_number":447,"line_number":10,"text":"ﯞ","translation":{"text":"(will be) a provision","language_name":"english","language_id":38},"transliteration":{"text":"riz'qun","language_name":"english","language_id":38}},{"id":42555,"position":4,"audio_url":"wbw/037_041_004.mp3","qpc_uthmani_hafs":"مَّعۡلُومٞ","char_type_name":"word","page_number":447,"line_number":10,"text":"ﯟ","translation":{"text":"determined","language_name":"english","language_id":38},"transliteration":{"text":"maʿlūmun","language_name":"english","language_id":38}},{"id":42556,"position":5,"audio_url":null,"qpc_uthmani_hafs":"٤١","char_type_name":"end","page_number":447,"line_number":10,"text":"ﯠ","translation":{"text":"(41)","language_name":"english","language_id":38},"transliteration":{"text":null,"language_name":"english","language_id":38}}],"translations":[{"id":920258,"resource_id":134,"text":"Mereka itu memperoleh rezeki yang tertentu,"}]},{"id":3830,"verse_number":42,"verse_key":"37:42","juz_number":23,"hizb_number":45,"rub_el_hizb_number":179,"ruku_number":389,"manzil_number":6,"sajdah_number":null,"text_uthmani":"فَوَٰكِهُ ۖ وَهُم مُّكْرَمُونَ","page_number":447,"words":[{"id":43276,"position":1,"audio_url":"wbw/037_042_001.mp3","qpc_uthmani_hafs":"فَوَٰكِهُ","char_type_name":"word","page_number":447,"line_number":11,"text":"ﯡﯢ","translation":{"text":"Fruits","language_name":"english","language_id":38},"transliteration":{"text":"fawākihu","language_name":"english","language_id":38}},{"id":43278,"position":2,"audio_url":"wbw/037_042_003.mp3","qpc_uthmani_hafs":"وَهُم","char_type_name":"word","page_number":447,"line_number":11,"text":"ﯣ","translation":{"text":"and they","language_name":"english","language_id":38},"transliteration":{"text":"wahum","language_name":"english","language_id":38}},{"id":43279,"position":3,"audio_url":"wbw/037_042_004.mp3","qpc_uthmani_hafs":"مُّكۡرَمُونَ","char_type_name":"word","page_number":447,"line_number":11,"text":"ﯤ","translation":{"text":"(will) be honored","language_name":"english","language_id":38},"transliteration":{"text":"muk'ramūna","language_name":"english","language_id":38}},{"id":43280,"position":4,"audio_url":null,"qpc_uthmani_hafs":"٤٢","char_type_name":"end","page_number":447,"line_number":11,"text":"ﯥ","translation":{"text":"(42)","language_name":"english","language_id":38},"transliteration":{"text":null,"language_name":"english","language_id":38}}],"translations":[{"id":920259,"resource_id":134,"text":"yaitu buah-buahan. Dan mereka adalah orang-orang yang dimuliakan."}]},{"id":3831,"verse_number":43,"verse_key":"37:43","juz_number":23,"hizb_number":45,"rub_el_hizb_number":179,"ruku_number":389,"manzil_number":6,"sajdah_number":null,"text_uthmani":"فِى جَنَّـٰتِ ٱلنَّعِيمِ","page_number":447,"words":[{"id":44072,"position":1,"audio_url":"wbw/037_043_001.mp3","qpc_uthmani_hafs":"فِي","char_type_name":"word","page_number":447,"line_number":11,"text":"ﯦ","translation":{"text":"In","language_name":"english","language_id":38},"transliteration":{"text":"fī","language_name":"english","language_id":38}},{"id":44073,"position":2,"audio_url":"wbw/037_043_002.mp3","qpc_uthmani_hafs":"جَنَّٰتِ","char_type_name":"word","page_number":447,"line_number":11,"text":"ﯧ","translation":{"text":"Gardens","language_name":"english","language_id":38},"transliteration":{"text":"jannāti","language_name":"english","language_id":38}},{"id":44074,"position":3,"audio_url":"wbw/037_043_003.mp3","qpc_uthmani_hafs":"ٱلنَّعِيمِ","char_type_name":"word","page_number":447,"line_number":11,"text":"ﯨ","translation":{"text":"(of) Delight","language_name":"english","language_id":38},"transliteration":{"text":"l-naʿīmi","language_name":"english","language_id":38}},{"id":44075,"position":4,"audio_url":null,"qpc_uthmani_hafs":"٤٣","char_type_name":"end","page_number":447,"line_number":11,"text":"ﯩ","translation":{"text":"(43)","language_name":"english","language_id":38},"transliteration":{"text":null,"language_name":"english","language_id":38}}],"translations":[{"id":920260,"resource_id":134,"text":"di dalam surga-surga yang penuh nikmat."}]},{"id":3832,"verse_number":44,"verse_key":"37:44","juz_number":23,"hizb_number":45,"rub_el_hizb_number":179,"ruku_number":389,"manzil_number":6,"sajdah_number":null,"text_uthmani":"عَلَىٰ سُرُرٍ مُّتَقَـٰبِلِينَ","page_number":447,"words":[{"id":44474,"position":1,"audio_url":"wbw/037_044_001.mp3","qpc_uthmani_hafs":"عَلَىٰ","char_type_name":"word","page_number":447,"line_number":11,"text":"ﯪ","translation":{"text":"On","language_name":"english","language_id":38},"transliteration":{"text":"ʿalā","language_name":"english","language_id":38}},{"id":44475,"position":2,"audio_url":"wbw/037_044_002.mp3","qpc_uthmani_hafs":"سُرُرٖ","char_type_name":"word","page_number":447,"line_number":11,"text":"ﯫ","translation":{"text":"thrones","language_name":"english","language_id":38},"transliteration":{"text":"sururin","language_name":"english","language_id":38}},{"id":44476,"position":3,"audio_url":"wbw/037_044_003.mp3","qpc_uthmani_hafs":"مُّتَقَٰبِلِينَ","char_type_name":"word","page_number":447,"line_number":11,"text":"ﯬ","translation":{"text":"facing each other","language_name":"english","language_id":38},"transliteration":{"text":"mutaqābilīna","language_name":"english","language_id":38}},{"id":44477,"position":4,"audio_url":null,"qpc_uthmani_hafs":"٤٤","char_type_name":"end","page_number":447,"line_number":12,"text":"ﯭ","translation":{"text":"(44)","language_name":"english","language_id":38},"transliteration":{"text":null,"language_name":"english","language_id":38}}],"translations":[{"id":920261,"resource_id":134,"text":"di atas takhta-takhta kebesaran berhadap-hadapan."}]},{"id":3833,"verse_number":45,"verse_key":"37:45","juz_number":23,"hizb_number":45,"rub_el_hizb_number":179,"ruku_number":389,"manzil_number":6,"sajdah_number":null,"text_uthmani":"يُطَافُ عَلَيْهِم بِكَأْسٍ مِّن مَّعِينٍۭ","page_number":447,"words":[{"id":45314,"position":1,"audio_url":"wbw/037_045_001.mp3","qpc_uthmani_hafs":"يُطَافُ","char_type_name":"word","page_number":447,"line_number":12,"text":"ﯮ","translation":{"text":"Will be circulated","language_name":"english","language_id":38},"transliteration":{"text":"yuṭāfu","language_name":"english","language_id":38}},{"id":45315,"position":2,"audio_url":"wbw/037_045_002.mp3","qpc_uthmani_hafs":"عَلَيۡهِم","char_type_name":"word","page_number":447,"line_number":12,"text":"ﯯ","translation":{"text":"among them","language_name":"english","language_id":38},"transliteration":{"text":"ʿalayhim","language_name":"english","language_id":38}},{"id":45316,"position":3,"audio_url":"wbw/037_045_003.mp3","qpc_uthmani_hafs":"بِكَأۡسٖ","char_type_name":"word","page_number":447,"line_number":12,"text":"ﯰ","translation":{"text":"a cup","language_name":"english","language_id":38},"transliteration":{"text":"bikasin","language_name":"english","language_id":38}},{"id":45317,"position":4,"audio_url":"wbw/037_045_004.mp3","qpc_uthmani_hafs":"مِّن","char_type_name":"word","page_number":447,"line_number":12,"text":"ﯱ","translation":{"text":"from","language_name":"english","language_id":38},"transliteration":{"text":"min","language_name":"english","language_id":38}},{"id":45318,"position":5,"audio_url":"wbw/037_045_005.mp3","qpc_uthmani_hafs":"مَّعِينِۭ","char_type_name":"word","page_number":447,"line_number":12,"text":"ﯲ","translation":{"text":"a flowing spring","language_name":"english","language_id":38},"transliteration":{"text":"maʿīnin","language_name":"english","language_id":38}},{"id":45319,"position":6,"audio_url":null,"qpc_uthmani_hafs":"٤٥","char_type_name":"end","page_number":447,"line_number":12,"text":"ﯳ","translation":{"text":"(45)","language_name":"english","language_id":38},"transliteration":{"text":null,"language_name":"english","language_id":38}}],"translations":[{"id":920262,"resource_id":134,"text":"Diedarkan kepada mereka gelas yang berisi khamar dari sungai yang mengalir."}]},{"id":3834,"verse_number":46,"verse_key":"37:46","juz_number":23,"hizb_number":45,"rub_el_hizb_number":179,"ruku_number":389,"manzil_number":6,"sajdah_number":null,"text_uthmani":"بَيْضَآءَ لَذَّةٍ لِّلشَّـٰرِبِينَ","page_number":447,"words":[{"id":46070,"position":1,"audio_url":"wbw/037_046_001.mp3","qpc_uthmani_hafs":"بَيۡضَآءَ","char_type_name":"word","page_number":447,"line_number":12,"text":"ﯴ","translation":{"text":"White","language_name":"english","language_id":38},"transliteration":{"text":"bayḍāa","language_name":"english","language_id":38}},{"id":46071,"position":2,"audio_url":"wbw/037_046_002.mp3","qpc_uthmani_hafs":"لَذَّةٖ","char_type_name":"word","page_number":447,"line_number":12,"text":"ﯵ","translation":{"text":"delicious","language_name":"english","language_id":38},"transliteration":{"text":"ladhatin","language_name":"english","language_id":38}},{"id":46072,"position":3,"audio_url":"wbw/037_046_003.mp3","qpc_uthmani_hafs":"لِّلشَّٰرِبِينَ","char_type_name":"word","page_number":447,"line_number":12,"text":"ﯶ","translation":{"text":"for the drinkers","language_name":"english","language_id":38},"transliteration":{"text":"lilshāribīna","language_name":"english","language_id":38}},{"id":46073,"position":4,"audio_url":null,"qpc_uthmani_hafs":"٤٦","char_type_name":"end","page_number":447,"line_number":13,"text":"ﯷ","translation":{"text":"(46)","language_name":"english","language_id":38},"transliteration":{"text":null,"language_name":"english","language_id":38}}],"translations":[{"id":920263,"resource_id":134,"text":"(Warnanya) putih bersih, sedap rasanya bagi orang-orang yang minum."}]},{"id":3835,"verse_number":47,"verse_key":"37:47","juz_number":23,"hizb_number":45,"rub_el_hizb_number":179,"ruku_number":389,"manzil_number":6,"sajdah_number":null,"text_uthmani":"لَا فِيهَا غَوْلٌ وَلَا هُمْ عَنْهَا يُنزَفُونَ","page_number":447,"words":[{"id":46692,"position":1,"audio_url":"wbw/037_047_001.mp3","qpc_uthmani_hafs":"لَا","char_type_name":"word","page_number":447,"line_number":13,"text":"ﯸ","translation":{"text":"Not","language_name":"english","language_id":38},"transliteration":{"text":"lā","language_name":"english","language_id":38}},{"id":46693,"position":2,"audio_url":"wbw/037_047_002.mp3","qpc_uthmani_hafs":"فِيهَا","char_type_name":"word","page_number":447,"line_number":13,"text":"ﯹ","translation":{"text":"in it","language_name":"english","language_id":38},"transliteration":{"text":"fīhā","language_name":"english","language_id":38}},{"id":46694,"position":3,"audio_url":"wbw/037_047_003.mp3","qpc_uthmani_hafs":"غَوۡلٞ","char_type_name":"word","page_number":447,"line_number":13,"text":"ﯺ","translation":{"text":"(is) bad effect","language_name":"english","language_id":38},"transliteration":{"text":"ghawlun","language_name":"english","language_id":38}},{"id":46695,"position":4,"audio_url":"wbw/037_047_004.mp3","qpc_uthmani_hafs":"وَلَا","char_type_name":"word","page_number":447,"line_number":13,"text":"ﯻ","translation":{"text":"and not","language_name":"english","language_id":38},"transliteration":{"text":"walā","language_name":"english","language_id":38}},{"id":46696,"position":5,"audio_url":"wbw/037_047_005.mp3","qpc_uthmani_hafs":"هُمۡ","char_type_name":"word","page_number":447,"line_number":13,"text":"ﯼ","translation":{"text":"they","language_name":"english","language_id":38},"transliteration":{"text":"hum","language_name":"english","language_id":38}},{"id":46697,"position":6,"audio_url":"wbw/037_047_006.mp3","qpc_uthmani_hafs":"عَنۡهَا","char_type_name":"word","page_number":447,"line_number":13,"text":"ﯽ","translation":{"text":"from it","language_name":"english","language_id":38},"transliteration":{"text":"ʿanhā","language_name":"english","language_id":38}},{"id":46698,"position":7,"audio_url":"wbw/037_047_007.mp3","qpc_uthmani_hafs":"يُنزَفُونَ","char_type_name":"word","page_number":447,"line_number":13,"text":"ﯾ","translation":{"text":"will be intoxicated","language_name":"english","language_id":38},"transliteration":{"text":"yunzafūna","language_name":"english","language_id":38}},{"id":46699,"position":8,"audio_url":null,"qpc_uthmani_hafs":"٤٧","char_type_name":"end","page_number":447,"line_number":13,"text":"ﯿ","translation":{"text":"(47)","language_name":"english","language_id":38},"transliteration":{"text":null,"language_name":"english","language_id":38}}],"translations":[{"id":920264,"resource_id":134,"text":"Tidak ada dalam khamar itu alkohol dan mereka tiada mabuk karenanya."}]},{"id":3836,"verse_number":48,"verse_key":"37:48","juz_number":23,"hizb_number":45,"rub_el_hizb_number":179,"ruku_number":389,"manzil_number":6,"sajdah_number":null,"text_uthmani":"وَعِندَهُمْ قَـٰصِرَٰتُ ٱلطَّرْفِ عِينٌ","page_number":447,"words":[{"id":47477,"position":1,"audio_url":"wbw/037_048_001.mp3","qpc_uthmani_hafs":"وَعِندَهُمۡ","char_type_name":"word","page_number":447,"line_number":13,"text":"ﰀ","translation":{"text":"And with them","language_name":"english","language_id":38},"transliteration":{"text":"waʿindahum","language_name":"english","language_id":38}},{"id":47478,"position":2,"audio_url":"wbw/037_048_002.mp3","qpc_uthmani_hafs":"قَٰصِرَٰتُ","char_type_name":"word","page_number":447,"line_number":13,"text":"ﰁ","translation":{"text":"(will be) companions of modest gaze","language_name":"english","language_id":38},"transliteration":{"text":"qāṣirātu","language_name":"english","language_id":38}},{"id":47479,"position":3,"audio_url":"wbw/037_048_003.mp3","qpc_uthmani_hafs":"ٱلطَّرۡفِ","char_type_name":"word","page_number":447,"line_number":14,"text":"ﰂ","translation":{"text":"(will be) companions of modest gaze","language_name":"english","language_id":38},"transliteration":{"text":"l-ṭarfi","language_name":"english","language_id":38}},{"id":47480,"position":4,"audio_url":"wbw/037_048_004.mp3","qpc_uthmani_hafs":"عِينٞ","char_type_name":"word","page_number":447,"line_number":14,"text":"ﰃ","translation":{"text":"(having) beautiful eyes","language_name":"english","language_id":38},"transliteration":{"text":"ʿīnun","language_name":"english","language_id":38}},{"id":47481,"position":5,"audio_url":null,"qpc_uthmani_hafs":"٤٨","char_type_name":"end","page_number":447,"line_number":14,"text":"ﰄ","translation":{"text":"(48)","language_name":"english","language_id":38},"transliteration":{"text":null,"language_name":"english","language_id":38}}],"translations":[{"id":920265,"resource_id":134,"text":"Di sisi mereka, ada bidadari-bidadari yang tidak liar pandangannya dan jelita matanya,"}]},{"id":3837,"verse_number":49,"verse_key":"37:49","juz_number":23,"hizb_number":45,"rub_el_hizb_number":179,"ruku_number":389,"manzil_number":6,"sajdah_number":null,"text_uthmani":"كَأَنَّهُنَّ بَيْضٌ مَّكْنُونٌ","page_number":447,"words":[{"id":48157,"position":1,"audio_url":"wbw/037_049_001.mp3","qpc_uthmani_hafs":"كَأَنَّهُنَّ","char_type_name":"word","page_number":447,"line_number":14,"text":"ﰅ","translation":{"text":"As if they were","language_name":"english","language_id":38},"transliteration":{"text":"ka-annahunna","language_name":"english","language_id":38}},{"id":48158,"position":2,"audio_url":"wbw/037_049_002.mp3","qpc_uthmani_hafs":"بَيۡضٞ","char_type_name":"word","page_number":447,"line_number":14,"text":"ﰆ","translation":{"text":"eggs","language_name":"english","language_id":38},"transliteration":{"text":"bayḍun","language_name":"english","language_id":38}},{"id":48159,"position":3,"audio_url":"wbw/037_049_003.mp3","qpc_uthmani_hafs":"مَّكۡنُونٞ","char_type_name":"word","page_number":447,"line_number":14,"text":"ﰇ","translation":{"text":"well protected","language_name":"english","language_id":38},"transliteration":{"text":"maknūnun","language_name":"english","language_id":38}},{"id":48160,"position":4,"audio_url":null,"qpc_uthmani_hafs":"٤٩","char_type_name":"end","page_number":447,"line_number":14,"text":"ﰈ","translation":{"text":"(49)","language_name":"english","language_id":38},"transliteration":{"text":null,"language_name":"english","language_id":38}}],"translations":[{"id":920266,"resource_id":134,"text":"seakan-akan mereka adalah telur (burung unta) yang tersimpan dengan baik."}]},{"id":3838,"verse_number":50,"verse_key":"37:50","juz_number":23,"hizb_number":45,"rub_el_hizb_number":179,"ruku_number":389,"manzil_number":6,"sajdah_number":null,"text_uthmani":"فَأَقْبَلَ بَعْضُهُمْ عَلَىٰ بَعْضٍ يَتَسَآءَلُونَ","page_number":447,"words":[{"id":48885,"position":1,"audio_url":"wbw/037_050_001.mp3","qpc_uthmani_hafs":"فَأَقۡبَلَ","char_type_name":"word","page_number":447,"line_number":14,"text":"ﰉ","translation":{"text":"And (will) approach","language_name":"english","language_id":38},"transliteration":{"text":"fa-aqbala","language_name":"english","language_id":38}},{"id":48886,"position":2,"audio_url":"wbw/037_050_002.mp3","qpc_uthmani_hafs":"بَعۡضُهُمۡ","char_type_name":"word","page_number":447,"line_number":14,"text":"ﰊ","translation":{"text":"some of them","language_name":"english","language_id":38},"transliteration":{"text":"baʿḍuhum","language_name":"english","language_id":38}},{"id":48887,"position":3,"audio_url":"wbw/037_050_003.mp3","qpc_uthmani_hafs":"عَلَىٰ","char_type_name":"word","page_number":447,"line_number":14,"text":"ﰋ","translation":{"text":"to","language_name":"english","language_id":38},"transliteration":{"text":"ʿalā","language_name":"english","language_id":38}},{"id":48888,"position":4,"audio_url":"wbw/037_050_004.mp3","qpc_uthmani_hafs":"بَعۡضٖ","char_type_name":"word","page_number":447,"line_number":15,"text":"ﰌ","translation":{"text":"others","language_name":"english","language_id":38},"transliteration":{"text":"baʿḍin","language_name":"english","language_id":38}},{"id":48889,"position":5,"audio_url":"wbw/037_050_005.mp3","qpc_uthmani_hafs":"يَتَسَآءَلُونَ","char_type_name":"word","page_number":447,"line_number":15,"text":"ﰍ","translation":{"text":"questioning one another","language_name":"english","language_id":38},"transliteration":{"text":"yatasāalūna","language_name":"english","language_id":38}},{"id":48890,"position":6,"audio_url":null,"qpc_uthmani_hafs":"٥٠","char_type_name":"end","page_number":447,"line_number":15,"text":"ﰎ","translation":{"text":"(50)","language_name":"english","language_id":38},"transliteration":{"text":null,"language_name":"english","language_id":38}}],"translations":[{"id":920267,"resource_id":134,"text":"Lalu, sebagian mereka menghadap kepada sebagian yang lain sambil bercakap-cakap."}]},{"id":3839,"verse_number":51,"verse_key":"37:51","juz_number":23,"hizb_number":45,"rub_el_hizb_number":179,"ruku_number":389,"manzil_number":6,"sajdah_number":null,"text_uthmani":"قَالَ قَآئِلٌ مِّنْهُمْ إِنِّى كَانَ لِى قَرِينٌ","page_number":447,"words":[{"id":49470,"position":1,"audio_url":"wbw/037_051_001.mp3","qpc_uthmani_hafs":"قَالَ","char_type_name":"word","page_number":447,"line_number":15,"text":"ﰏ","translation":{"text":"Will say","language_name":"english","language_id":38},"transliteration":{"text":"qāla","language_name":"english","language_id":38}},{"id":49471,"position":2,"audio_url":"wbw/037_051_002.mp3","qpc_uthmani_hafs":"قَآئِلٞ","char_type_name":"word","page_number":447,"line_number":15,"text":"ﰐ","translation":{"text":"a speaker","language_name":"english","language_id":38},"transliteration":{"text":"qāilun","language_name":"english","language_id":38}},{"id":49472,"position":3,"audio_url":"wbw/037_051_003.mp3","qpc_uthmani_hafs":"مِّنۡهُمۡ","char_type_name":"word","page_number":447,"line_number":15,"text":"ﰑ","translation":{"text":"among them","language_name":"english","language_id":38},"transliteration":{"text":"min'hum","language_name":"english","language_id":38}},{"id":49473,"position":4,"audio_url":"wbw/037_051_004.mp3","qpc_uthmani_hafs":"إِنِّي","char_type_name":"word","page_number":447,"line_number":15,"text":"ﰒ","translation":{"text":"Indeed, I","language_name":"english","language_id":38},"transliteration":{"text":"innī","language_name":"english","language_id":38}},{"id":49474,"position":5,"audio_url":"wbw/037_051_005.mp3","qpc_uthmani_hafs":"كَانَ","char_type_name":"word","page_number":447,"line_number":15,"text":"ﰓ","translation":{"text":"had","language_name":"english","language_id":38},"transliteration":{"text":"kāna","language_name":"english","language_id":38}},{"id":49475,"position":6,"audio_url":"wbw/037_051_006.mp3","qpc_uthmani_hafs":"لِي","char_type_name":"word","page_number":447,"line_number":15,"text":"ﰔ","translation":{"text":"for me","language_name":"english","language_id":38},"transliteration":{"text":"lī","language_name":"english","language_id":38}},{"id":49476,"position":7,"audio_url":"wbw/037_051_007.mp3","qpc_uthmani_hafs":"قَرِينٞ","char_type_name":"word","page_number":447,"line_number":15,"text":"ﰕ","translation":{"text":"a companion","language_name":"english","language_id":38},"transliteration":{"text":"qarīnun","language_name":"english","language_id":38}},{"id":49477,"position":8,"audio_url":null,"qpc_uthmani_hafs":"٥١","char_type_name":"end","page_number":447,"line_number":15,"text":"ﰖ","translation":{"text":"(51)","language_name":"english","language_id":38},"transliteration":{"text":null,"language_name":"english","language_id":38}}],"translations":[{"id":920268,"resource_id":134,"text":"Berkatalah salah seorang di antara mereka, \"Sesungguhnya aku dahulu (di dunia) mempunyai seorang teman,"}]}],"pagination":{"per_page":50,"current_page":1,"next_page":null,"total_pages":1,"total_records":27}}