{"verses":[{"id":4069,"verse_number":11,"verse_key":"39:11","juz_number":23,"hizb_number":46,"rub_el_hizb_number":184,"ruku_number":399,"manzil_number":6,"sajdah_number":null,"text_uthmani":"قُلْ إِنِّىٓ أُمِرْتُ أَنْ أَعْبُدَ ٱللَّهَ مُخْلِصًا لَّهُ ٱلدِّينَ","page_number":460,"words":[{"id":13374,"position":1,"audio_url":"wbw/039_011_001.mp3","qpc_uthmani_hafs":"قُلۡ","char_type_name":"word","page_number":460,"line_number":1,"text":"ﭑ","translation":{"text":"Say","language_name":"english","language_id":38},"transliteration":{"text":"qul","language_name":"english","language_id":38}},{"id":13375,"position":2,"audio_url":"wbw/039_011_002.mp3","qpc_uthmani_hafs":"إِنِّيٓ","char_type_name":"word","page_number":460,"line_number":1,"text":"ﭒ","translation":{"text":"Indeed, I","language_name":"english","language_id":38},"transliteration":{"text":"innī","language_name":"english","language_id":38}},{"id":13376,"position":3,"audio_url":"wbw/039_011_003.mp3","qpc_uthmani_hafs":"أُمِرۡتُ","char_type_name":"word","page_number":460,"line_number":1,"text":"ﭓ","translation":{"text":"[I] am commanded","language_name":"english","language_id":38},"transliteration":{"text":"umir'tu","language_name":"english","language_id":38}},{"id":13377,"position":4,"audio_url":"wbw/039_011_004.mp3","qpc_uthmani_hafs":"أَنۡ","char_type_name":"word","page_number":460,"line_number":1,"text":"ﭔ","translation":{"text":"that","language_name":"english","language_id":38},"transliteration":{"text":"an","language_name":"english","language_id":38}},{"id":13378,"position":5,"audio_url":"wbw/039_011_005.mp3","qpc_uthmani_hafs":"أَعۡبُدَ","char_type_name":"word","page_number":460,"line_number":1,"text":"ﭕ","translation":{"text":"I worship","language_name":"english","language_id":38},"transliteration":{"text":"aʿbuda","language_name":"english","language_id":38}},{"id":13379,"position":6,"audio_url":"wbw/039_011_006.mp3","qpc_uthmani_hafs":"ٱللَّهَ","char_type_name":"word","page_number":460,"line_number":1,"text":"ﭖ","translation":{"text":"Allah","language_name":"english","language_id":38},"transliteration":{"text":"l-laha","language_name":"english","language_id":38}},{"id":13380,"position":7,"audio_url":"wbw/039_011_007.mp3","qpc_uthmani_hafs":"مُخۡلِصٗا","char_type_name":"word","page_number":460,"line_number":1,"text":"ﭗ","translation":{"text":"(being) sincere","language_name":"english","language_id":38},"transliteration":{"text":"mukh'liṣan","language_name":"english","language_id":38}},{"id":13381,"position":8,"audio_url":"wbw/039_011_008.mp3","qpc_uthmani_hafs":"لَّهُ","char_type_name":"word","page_number":460,"line_number":1,"text":"ﭘ","translation":{"text":"to Him","language_name":"english","language_id":38},"transliteration":{"text":"lahu","language_name":"english","language_id":38}},{"id":13382,"position":9,"audio_url":"wbw/039_011_009.mp3","qpc_uthmani_hafs":"ٱلدِّينَ","char_type_name":"word","page_number":460,"line_number":1,"text":"ﭙ","translation":{"text":"(in) the religion","language_name":"english","language_id":38},"transliteration":{"text":"l-dīna","language_name":"english","language_id":38}},{"id":13383,"position":10,"audio_url":null,"qpc_uthmani_hafs":"١١","char_type_name":"end","page_number":460,"line_number":1,"text":"ﭚ","translation":{"text":"(11)","language_name":"english","language_id":38},"transliteration":{"text":null,"language_name":"english","language_id":38}}],"translations":[{"id":920498,"resource_id":134,"text":"Katakanlah, \"Sesungguhnya aku diperintahkan supaya menyembah Allah dengan memurnikan ketaatan kepada-Nya dalam (menjalankan) agama."}]},{"id":4070,"verse_number":12,"verse_key":"39:12","juz_number":23,"hizb_number":46,"rub_el_hizb_number":184,"ruku_number":399,"manzil_number":6,"sajdah_number":null,"text_uthmani":"وَأُمِرْتُ لِأَنْ أَكُونَ أَوَّلَ ٱلْمُسْلِمِينَ","page_number":460,"words":[{"id":14657,"position":1,"audio_url":"wbw/039_012_001.mp3","qpc_uthmani_hafs":"وَأُمِرۡتُ","char_type_name":"word","page_number":460,"line_number":1,"text":"ﭛ","translation":{"text":"And I am commanded","language_name":"english","language_id":38},"transliteration":{"text":"wa-umir'tu","language_name":"english","language_id":38}},{"id":14658,"position":2,"audio_url":"wbw/039_012_002.mp3","qpc_uthmani_hafs":"لِأَنۡ","char_type_name":"word","page_number":460,"line_number":1,"text":"ﭜ","translation":{"text":"that","language_name":"english","language_id":38},"transliteration":{"text":"li-an","language_name":"english","language_id":38}},{"id":14659,"position":3,"audio_url":"wbw/039_012_003.mp3","qpc_uthmani_hafs":"أَكُونَ","char_type_name":"word","page_number":460,"line_number":1,"text":"ﭝ","translation":{"text":"I be","language_name":"english","language_id":38},"transliteration":{"text":"akūna","language_name":"english","language_id":38}},{"id":14660,"position":4,"audio_url":"wbw/039_012_004.mp3","qpc_uthmani_hafs":"أَوَّلَ","char_type_name":"word","page_number":460,"line_number":2,"text":"ﭞ","translation":{"text":"(the) first","language_name":"english","language_id":38},"transliteration":{"text":"awwala","language_name":"english","language_id":38}},{"id":14661,"position":5,"audio_url":"wbw/039_012_005.mp3","qpc_uthmani_hafs":"ٱلۡمُسۡلِمِينَ","char_type_name":"word","page_number":460,"line_number":2,"text":"ﭟ","translation":{"text":"(of) those who submit","language_name":"english","language_id":38},"transliteration":{"text":"l-mus'limīna","language_name":"english","language_id":38}},{"id":14662,"position":6,"audio_url":null,"qpc_uthmani_hafs":"١٢","char_type_name":"end","page_number":460,"line_number":2,"text":"ﭠ","translation":{"text":"(12)","language_name":"english","language_id":38},"transliteration":{"text":null,"language_name":"english","language_id":38}}],"translations":[{"id":920499,"resource_id":134,"text":"Dan aku diperintahkan supaya menjadi orang yang pertama-tama berserah diri\"."}]},{"id":4071,"verse_number":13,"verse_key":"39:13","juz_number":23,"hizb_number":46,"rub_el_hizb_number":184,"ruku_number":399,"manzil_number":6,"sajdah_number":null,"text_uthmani":"قُلْ إِنِّىٓ أَخَافُ إِنْ عَصَيْتُ رَبِّى عَذَابَ يَوْمٍ عَظِيمٍ","page_number":460,"words":[{"id":15742,"position":1,"audio_url":"wbw/039_013_001.mp3","qpc_uthmani_hafs":"قُلۡ","char_type_name":"word","page_number":460,"line_number":2,"text":"ﭡ","translation":{"text":"Say","language_name":"english","language_id":38},"transliteration":{"text":"qul","language_name":"english","language_id":38}},{"id":15743,"position":2,"audio_url":"wbw/039_013_002.mp3","qpc_uthmani_hafs":"إِنِّيٓ","char_type_name":"word","page_number":460,"line_number":2,"text":"ﭢ","translation":{"text":"Indeed, I","language_name":"english","language_id":38},"transliteration":{"text":"innī","language_name":"english","language_id":38}},{"id":15744,"position":3,"audio_url":"wbw/039_013_003.mp3","qpc_uthmani_hafs":"أَخَافُ","char_type_name":"word","page_number":460,"line_number":2,"text":"ﭣ","translation":{"text":"[I] fear","language_name":"english","language_id":38},"transliteration":{"text":"akhāfu","language_name":"english","language_id":38}},{"id":15745,"position":4,"audio_url":"wbw/039_013_004.mp3","qpc_uthmani_hafs":"إِنۡ","char_type_name":"word","page_number":460,"line_number":2,"text":"ﭤ","translation":{"text":"if","language_name":"english","language_id":38},"transliteration":{"text":"in","language_name":"english","language_id":38}},{"id":15746,"position":5,"audio_url":"wbw/039_013_005.mp3","qpc_uthmani_hafs":"عَصَيۡتُ","char_type_name":"word","page_number":460,"line_number":2,"text":"ﭥ","translation":{"text":"I disobey","language_name":"english","language_id":38},"transliteration":{"text":"ʿaṣaytu","language_name":"english","language_id":38}},{"id":15747,"position":6,"audio_url":"wbw/039_013_006.mp3","qpc_uthmani_hafs":"رَبِّي","char_type_name":"word","page_number":460,"line_number":2,"text":"ﭦ","translation":{"text":"my Lord","language_name":"english","language_id":38},"transliteration":{"text":"rabbī","language_name":"english","language_id":38}},{"id":15748,"position":7,"audio_url":"wbw/039_013_007.mp3","qpc_uthmani_hafs":"عَذَابَ","char_type_name":"word","page_number":460,"line_number":2,"text":"ﭧ","translation":{"text":"(the) punishment","language_name":"english","language_id":38},"transliteration":{"text":"ʿadhāba","language_name":"english","language_id":38}},{"id":15749,"position":8,"audio_url":"wbw/039_013_008.mp3","qpc_uthmani_hafs":"يَوۡمٍ","char_type_name":"word","page_number":460,"line_number":2,"text":"ﭨ","translation":{"text":"(of) a Day","language_name":"english","language_id":38},"transliteration":{"text":"yawmin","language_name":"english","language_id":38}},{"id":15750,"position":9,"audio_url":"wbw/039_013_009.mp3","qpc_uthmani_hafs":"عَظِيمٖ","char_type_name":"word","page_number":460,"line_number":2,"text":"ﭩ","translation":{"text":"great","language_name":"english","language_id":38},"transliteration":{"text":"ʿaẓīmin","language_name":"english","language_id":38}},{"id":15751,"position":10,"audio_url":null,"qpc_uthmani_hafs":"١٣","char_type_name":"end","page_number":460,"line_number":3,"text":"ﭪ","translation":{"text":"(13)","language_name":"english","language_id":38},"transliteration":{"text":null,"language_name":"english","language_id":38}}],"translations":[{"id":920500,"resource_id":134,"text":"Katakanlah, \"Sesungguhnya aku takut akan siksaan hari yang besar jika aku durhaka kepada Tuhan-ku\"."}]},{"id":4072,"verse_number":14,"verse_key":"39:14","juz_number":23,"hizb_number":46,"rub_el_hizb_number":184,"ruku_number":399,"manzil_number":6,"sajdah_number":null,"text_uthmani":"قُلِ ٱللَّهَ أَعْبُدُ مُخْلِصًا لَّهُۥ دِينِى","page_number":460,"words":[{"id":16806,"position":1,"audio_url":"wbw/039_014_001.mp3","qpc_uthmani_hafs":"قُلِ","char_type_name":"word","page_number":460,"line_number":3,"text":"ﭫ","translation":{"text":"Say","language_name":"english","language_id":38},"transliteration":{"text":"quli","language_name":"english","language_id":38}},{"id":16807,"position":2,"audio_url":"wbw/039_014_002.mp3","qpc_uthmani_hafs":"ٱللَّهَ","char_type_name":"word","page_number":460,"line_number":3,"text":"ﭬ","translation":{"text":"I worship Allah","language_name":"english","language_id":38},"transliteration":{"text":"l-laha","language_name":"english","language_id":38}},{"id":16808,"position":3,"audio_url":"wbw/039_014_003.mp3","qpc_uthmani_hafs":"أَعۡبُدُ","char_type_name":"word","page_number":460,"line_number":3,"text":"ﭭ","translation":{"text":"I worship Allah","language_name":"english","language_id":38},"transliteration":{"text":"aʿbudu","language_name":"english","language_id":38}},{"id":16809,"position":4,"audio_url":"wbw/039_014_004.mp3","qpc_uthmani_hafs":"مُخۡلِصٗا","char_type_name":"word","page_number":460,"line_number":3,"text":"ﭮ","translation":{"text":"(being) sincere","language_name":"english","language_id":38},"transliteration":{"text":"mukh'liṣan","language_name":"english","language_id":38}},{"id":16810,"position":5,"audio_url":"wbw/039_014_005.mp3","qpc_uthmani_hafs":"لَّهُۥ","char_type_name":"word","page_number":460,"line_number":3,"text":"ﭯ","translation":{"text":"to Him","language_name":"english","language_id":38},"transliteration":{"text":"lahu","language_name":"english","language_id":38}},{"id":16811,"position":6,"audio_url":"wbw/039_014_006.mp3","qpc_uthmani_hafs":"دِينِي","char_type_name":"word","page_number":460,"line_number":3,"text":"ﭰ","translation":{"text":"(in) my religion","language_name":"english","language_id":38},"transliteration":{"text":"dīnī","language_name":"english","language_id":38}},{"id":16812,"position":7,"audio_url":null,"qpc_uthmani_hafs":"١٤","char_type_name":"end","page_number":460,"line_number":3,"text":"ﭱ","translation":{"text":"(14)","language_name":"english","language_id":38},"transliteration":{"text":null,"language_name":"english","language_id":38}}],"translations":[{"id":920501,"resource_id":134,"text":"Katakanlah, \"Hanya Allah saja Yang aku sembah dengan memurnikan ketaatan kepada-Nya dalam (menjalankan) agamaku\"."}]},{"id":4073,"verse_number":15,"verse_key":"39:15","juz_number":23,"hizb_number":46,"rub_el_hizb_number":184,"ruku_number":399,"manzil_number":6,"sajdah_number":null,"text_uthmani":"فَٱعْبُدُوا۟ مَا شِئْتُم مِّن دُونِهِۦ ۗ قُلْ إِنَّ ٱلْخَـٰسِرِينَ ٱلَّذِينَ خَسِرُوٓا۟ أَنفُسَهُمْ وَأَهْلِيهِمْ يَوْمَ ٱلْقِيَـٰمَةِ ۗ أَلَا ذَٰلِكَ هُوَ ٱلْخُسْرَانُ ٱلْمُبِينُ","page_number":460,"words":[{"id":17958,"position":1,"audio_url":"wbw/039_015_001.mp3","qpc_uthmani_hafs":"فَٱعۡبُدُواْ","char_type_name":"word","page_number":460,"line_number":3,"text":"ﭲ","translation":{"text":"So worship","language_name":"english","language_id":38},"transliteration":{"text":"fa-uʿ'budū","language_name":"english","language_id":38}},{"id":17959,"position":2,"audio_url":"wbw/039_015_002.mp3","qpc_uthmani_hafs":"مَا","char_type_name":"word","page_number":460,"line_number":3,"text":"ﭳ","translation":{"text":"what","language_name":"english","language_id":38},"transliteration":{"text":"mā","language_name":"english","language_id":38}},{"id":17960,"position":3,"audio_url":"wbw/039_015_003.mp3","qpc_uthmani_hafs":"شِئۡتُم","char_type_name":"word","page_number":460,"line_number":3,"text":"ﭴ","translation":{"text":"you will","language_name":"english","language_id":38},"transliteration":{"text":"shi'tum","language_name":"english","language_id":38}},{"id":17961,"position":4,"audio_url":"wbw/039_015_004.mp3","qpc_uthmani_hafs":"مِّن","char_type_name":"word","page_number":460,"line_number":3,"text":"ﭵ","translation":{"text":"besides Him","language_name":"english","language_id":38},"transliteration":{"text":"min","language_name":"english","language_id":38}},{"id":17962,"position":5,"audio_url":"wbw/039_015_005.mp3","qpc_uthmani_hafs":"دُونِهِۦۗ","char_type_name":"word","page_number":460,"line_number":3,"text":"ﭶﭷ","translation":{"text":"besides Him","language_name":"english","language_id":38},"transliteration":{"text":"dūnihi","language_name":"english","language_id":38}},{"id":17964,"position":6,"audio_url":"wbw/039_015_007.mp3","qpc_uthmani_hafs":"قُلۡ","char_type_name":"word","page_number":460,"line_number":4,"text":"ﭸ","translation":{"text":"Say","language_name":"english","language_id":38},"transliteration":{"text":"qul","language_name":"english","language_id":38}},{"id":17965,"position":7,"audio_url":"wbw/039_015_008.mp3","qpc_uthmani_hafs":"إِنَّ","char_type_name":"word","page_number":460,"line_number":4,"text":"ﭹ","translation":{"text":"Indeed","language_name":"english","language_id":38},"transliteration":{"text":"inna","language_name":"english","language_id":38}},{"id":17966,"position":8,"audio_url":"wbw/039_015_009.mp3","qpc_uthmani_hafs":"ٱلۡخَٰسِرِينَ","char_type_name":"word","page_number":460,"line_number":4,"text":"ﭺ","translation":{"text":"the losers","language_name":"english","language_id":38},"transliteration":{"text":"l-khāsirīna","language_name":"english","language_id":38}},{"id":17967,"position":9,"audio_url":"wbw/039_015_010.mp3","qpc_uthmani_hafs":"ٱلَّذِينَ","char_type_name":"word","page_number":460,"line_number":4,"text":"ﭻ","translation":{"text":"(are) those who","language_name":"english","language_id":38},"transliteration":{"text":"alladhīna","language_name":"english","language_id":38}},{"id":17968,"position":10,"audio_url":"wbw/039_015_011.mp3","qpc_uthmani_hafs":"خَسِرُوٓاْ","char_type_name":"word","page_number":460,"line_number":4,"text":"ﭼ","translation":{"text":"(will) lose","language_name":"english","language_id":38},"transliteration":{"text":"khasirū","language_name":"english","language_id":38}},{"id":17969,"position":11,"audio_url":"wbw/039_015_012.mp3","qpc_uthmani_hafs":"أَنفُسَهُمۡ","char_type_name":"word","page_number":460,"line_number":4,"text":"ﭽ","translation":{"text":"themselves","language_name":"english","language_id":38},"transliteration":{"text":"anfusahum","language_name":"english","language_id":38}},{"id":17970,"position":12,"audio_url":"wbw/039_015_013.mp3","qpc_uthmani_hafs":"وَأَهۡلِيهِمۡ","char_type_name":"word","page_number":460,"line_number":4,"text":"ﭾ","translation":{"text":"and their families","language_name":"english","language_id":38},"transliteration":{"text":"wa-ahlīhim","language_name":"english","language_id":38}},{"id":17971,"position":13,"audio_url":"wbw/039_015_014.mp3","qpc_uthmani_hafs":"يَوۡمَ","char_type_name":"word","page_number":460,"line_number":4,"text":"ﭿ","translation":{"text":"(on the) Day","language_name":"english","language_id":38},"transliteration":{"text":"yawma","language_name":"english","language_id":38}},{"id":17972,"position":14,"audio_url":"wbw/039_015_015.mp3","qpc_uthmani_hafs":"ٱلۡقِيَٰمَةِۗ","char_type_name":"word","page_number":460,"line_number":4,"text":"ﮀﮁ","translation":{"text":"(of) the Resurrection","language_name":"english","language_id":38},"transliteration":{"text":"l-qiyāmati","language_name":"english","language_id":38}},{"id":17974,"position":15,"audio_url":"wbw/039_015_017.mp3","qpc_uthmani_hafs":"أَلَا","char_type_name":"word","page_number":460,"line_number":4,"text":"ﮂ","translation":{"text":"Unquestionably","language_name":"english","language_id":38},"transliteration":{"text":"alā","language_name":"english","language_id":38}},{"id":17975,"position":16,"audio_url":"wbw/039_015_018.mp3","qpc_uthmani_hafs":"ذَٰلِكَ","char_type_name":"word","page_number":460,"line_number":5,"text":"ﮃ","translation":{"text":"that ","language_name":"english","language_id":38},"transliteration":{"text":"dhālika","language_name":"english","language_id":38}},{"id":17976,"position":17,"audio_url":"wbw/039_015_019.mp3","qpc_uthmani_hafs":"هُوَ","char_type_name":"word","page_number":460,"line_number":5,"text":"ﮄ","translation":{"text":"it","language_name":"english","language_id":38},"transliteration":{"text":"huwa","language_name":"english","language_id":38}},{"id":17977,"position":18,"audio_url":"wbw/039_015_020.mp3","qpc_uthmani_hafs":"ٱلۡخُسۡرَانُ","char_type_name":"word","page_number":460,"line_number":5,"text":"ﮅ","translation":{"text":"(is) the loss","language_name":"english","language_id":38},"transliteration":{"text":"l-khus'rānu","language_name":"english","language_id":38}},{"id":17978,"position":19,"audio_url":"wbw/039_015_021.mp3","qpc_uthmani_hafs":"ٱلۡمُبِينُ","char_type_name":"word","page_number":460,"line_number":5,"text":"ﮆ","translation":{"text":"the clear","language_name":"english","language_id":38},"transliteration":{"text":"l-mubīnu","language_name":"english","language_id":38}},{"id":17979,"position":20,"audio_url":null,"qpc_uthmani_hafs":"١٥","char_type_name":"end","page_number":460,"line_number":5,"text":"ﮇ","translation":{"text":"(15)","language_name":"english","language_id":38},"transliteration":{"text":null,"language_name":"english","language_id":38}}],"translations":[{"id":920502,"resource_id":134,"text":"Maka sembahlah olehmu (hai orang-orang musyrik) apa yang kamu kehendaki selain Dia <sup foot_note=211079>1</sup>.  Katakanlah, \"Sesungguhnya orang-orang yang rugi ialah orang-orang yang merugikan diri mereka sendiri dan keluarganya pada hari kiamat\".  Ingatlah yang demikian itu adalah kerugian yang nyata."}]},{"id":4074,"verse_number":16,"verse_key":"39:16","juz_number":23,"hizb_number":46,"rub_el_hizb_number":184,"ruku_number":399,"manzil_number":6,"sajdah_number":null,"text_uthmani":"لَهُم مِّن فَوْقِهِمْ ظُلَلٌ مِّنَ ٱلنَّارِ وَمِن تَحْتِهِمْ ظُلَلٌ ۚ ذَٰلِكَ يُخَوِّفُ ٱللَّهُ بِهِۦ عِبَادَهُۥ ۚ يَـٰعِبَادِ فَٱتَّقُونِ","page_number":460,"words":[{"id":18968,"position":1,"audio_url":"wbw/039_016_001.mp3","qpc_uthmani_hafs":"لَهُم","char_type_name":"word","page_number":460,"line_number":5,"text":"ﮈ","translation":{"text":"For them","language_name":"english","language_id":38},"transliteration":{"text":"lahum","language_name":"english","language_id":38}},{"id":18969,"position":2,"audio_url":"wbw/039_016_002.mp3","qpc_uthmani_hafs":"مِّن","char_type_name":"word","page_number":460,"line_number":5,"text":"ﮉ","translation":{"text":"from","language_name":"english","language_id":38},"transliteration":{"text":"min","language_name":"english","language_id":38}},{"id":18970,"position":3,"audio_url":"wbw/039_016_003.mp3","qpc_uthmani_hafs":"فَوۡقِهِمۡ","char_type_name":"word","page_number":460,"line_number":5,"text":"ﮊ","translation":{"text":"above them","language_name":"english","language_id":38},"transliteration":{"text":"fawqihim","language_name":"english","language_id":38}},{"id":18971,"position":4,"audio_url":"wbw/039_016_004.mp3","qpc_uthmani_hafs":"ظُلَلٞ","char_type_name":"word","page_number":460,"line_number":5,"text":"ﮋ","translation":{"text":"coverings","language_name":"english","language_id":38},"transliteration":{"text":"ẓulalun","language_name":"english","language_id":38}},{"id":18972,"position":5,"audio_url":"wbw/039_016_005.mp3","qpc_uthmani_hafs":"مِّنَ","char_type_name":"word","page_number":460,"line_number":5,"text":"ﮌ","translation":{"text":"of","language_name":"english","language_id":38},"transliteration":{"text":"mina","language_name":"english","language_id":38}},{"id":18973,"position":6,"audio_url":"wbw/039_016_006.mp3","qpc_uthmani_hafs":"ٱلنَّارِ","char_type_name":"word","page_number":460,"line_number":5,"text":"ﮍ","translation":{"text":"the Fire","language_name":"english","language_id":38},"transliteration":{"text":"l-nāri","language_name":"english","language_id":38}},{"id":18974,"position":7,"audio_url":"wbw/039_016_007.mp3","qpc_uthmani_hafs":"وَمِن","char_type_name":"word","page_number":460,"line_number":6,"text":"ﮎ","translation":{"text":"and from","language_name":"english","language_id":38},"transliteration":{"text":"wamin","language_name":"english","language_id":38}},{"id":18975,"position":8,"audio_url":"wbw/039_016_008.mp3","qpc_uthmani_hafs":"تَحۡتِهِمۡ","char_type_name":"word","page_number":460,"line_number":6,"text":"ﮏ","translation":{"text":"below them","language_name":"english","language_id":38},"transliteration":{"text":"taḥtihim","language_name":"english","language_id":38}},{"id":18976,"position":9,"audio_url":"wbw/039_016_009.mp3","qpc_uthmani_hafs":"ظُلَلٞۚ","char_type_name":"word","page_number":460,"line_number":6,"text":"ﮐﮑ","translation":{"text":"coverings","language_name":"english","language_id":38},"transliteration":{"text":"ẓulalun","language_name":"english","language_id":38}},{"id":18978,"position":10,"audio_url":"wbw/039_016_011.mp3","qpc_uthmani_hafs":"ذَٰلِكَ","char_type_name":"word","page_number":460,"line_number":6,"text":"ﮒ","translation":{"text":"(With) that","language_name":"english","language_id":38},"transliteration":{"text":"dhālika","language_name":"english","language_id":38}},{"id":18979,"position":11,"audio_url":"wbw/039_016_012.mp3","qpc_uthmani_hafs":"يُخَوِّفُ","char_type_name":"word","page_number":460,"line_number":6,"text":"ﮓ","translation":{"text":"threatens","language_name":"english","language_id":38},"transliteration":{"text":"yukhawwifu","language_name":"english","language_id":38}},{"id":18980,"position":12,"audio_url":"wbw/039_016_013.mp3","qpc_uthmani_hafs":"ٱللَّهُ","char_type_name":"word","page_number":460,"line_number":6,"text":"ﮔ","translation":{"text":"Allah","language_name":"english","language_id":38},"transliteration":{"text":"l-lahu","language_name":"english","language_id":38}},{"id":18981,"position":13,"audio_url":"wbw/039_016_014.mp3","qpc_uthmani_hafs":"بِهِۦ","char_type_name":"word","page_number":460,"line_number":6,"text":"ﮕ","translation":{"text":"[with it]","language_name":"english","language_id":38},"transliteration":{"text":"bihi","language_name":"english","language_id":38}},{"id":18982,"position":14,"audio_url":"wbw/039_016_015.mp3","qpc_uthmani_hafs":"عِبَادَهُۥۚ","char_type_name":"word","page_number":460,"line_number":6,"text":"ﮖﮗ","translation":{"text":"His slaves","language_name":"english","language_id":38},"transliteration":{"text":"ʿibādahu","language_name":"english","language_id":38}},{"id":18984,"position":15,"audio_url":"wbw/039_016_017.mp3","qpc_uthmani_hafs":"يَٰعِبَادِ","char_type_name":"word","page_number":460,"line_number":6,"text":"ﮘ","translation":{"text":"O My slaves","language_name":"english","language_id":38},"transliteration":{"text":"yāʿibādi","language_name":"english","language_id":38}},{"id":18985,"position":16,"audio_url":"wbw/039_016_018.mp3","qpc_uthmani_hafs":"فَٱتَّقُونِ","char_type_name":"word","page_number":460,"line_number":6,"text":"ﮙ","translation":{"text":"So fear Me","language_name":"english","language_id":38},"transliteration":{"text":"fa-ittaqūni","language_name":"english","language_id":38}},{"id":18986,"position":17,"audio_url":null,"qpc_uthmani_hafs":"١٦","char_type_name":"end","page_number":460,"line_number":6,"text":"ﮚ","translation":{"text":"(16)","language_name":"english","language_id":38},"transliteration":{"text":null,"language_name":"english","language_id":38}}],"translations":[{"id":920503,"resource_id":134,"text":"Bagi mereka lapisan-lapisan dari api di atas mereka dan di bawah mereka pun lapisan-lapisan (dari api).  Demikianlah, Allah mempertakuti hamba-hamba-Nya dengan azab itu.  Maka bertakwalah kepada-Ku, hai hamba-hamba-Ku."}]},{"id":4075,"verse_number":17,"verse_key":"39:17","juz_number":23,"hizb_number":46,"rub_el_hizb_number":184,"ruku_number":399,"manzil_number":6,"sajdah_number":null,"text_uthmani":"وَٱلَّذِينَ ٱجْتَنَبُوا۟ ٱلطَّـٰغُوتَ أَن يَعْبُدُوهَا وَأَنَابُوٓا۟ إِلَى ٱللَّهِ لَهُمُ ٱلْبُشْرَىٰ ۚ فَبَشِّرْ عِبَادِ","page_number":460,"words":[{"id":20085,"position":1,"audio_url":"wbw/039_017_001.mp3","qpc_uthmani_hafs":"وَٱلَّذِينَ","char_type_name":"word","page_number":460,"line_number":7,"text":"ﮛ","translation":{"text":"And those who","language_name":"english","language_id":38},"transliteration":{"text":"wa-alladhīna","language_name":"english","language_id":38}},{"id":20086,"position":2,"audio_url":"wbw/039_017_002.mp3","qpc_uthmani_hafs":"ٱجۡتَنَبُواْ","char_type_name":"word","page_number":460,"line_number":7,"text":"ﮜ","translation":{"text":"avoid","language_name":"english","language_id":38},"transliteration":{"text":"ij'tanabū","language_name":"english","language_id":38}},{"id":20087,"position":3,"audio_url":"wbw/039_017_003.mp3","qpc_uthmani_hafs":"ٱلطَّٰغُوتَ","char_type_name":"word","page_number":460,"line_number":7,"text":"ﮝ","translation":{"text":"the false gods","language_name":"english","language_id":38},"transliteration":{"text":"l-ṭāghūta","language_name":"english","language_id":38}},{"id":20088,"position":4,"audio_url":"wbw/039_017_004.mp3","qpc_uthmani_hafs":"أَن","char_type_name":"word","page_number":460,"line_number":7,"text":"ﮞ","translation":{"text":"lest","language_name":"english","language_id":38},"transliteration":{"text":"an","language_name":"english","language_id":38}},{"id":20089,"position":5,"audio_url":"wbw/039_017_005.mp3","qpc_uthmani_hafs":"يَعۡبُدُوهَا","char_type_name":"word","page_number":460,"line_number":7,"text":"ﮟ","translation":{"text":"they worship them","language_name":"english","language_id":38},"transliteration":{"text":"yaʿbudūhā","language_name":"english","language_id":38}},{"id":20090,"position":6,"audio_url":"wbw/039_017_006.mp3","qpc_uthmani_hafs":"وَأَنَابُوٓاْ","char_type_name":"word","page_number":460,"line_number":7,"text":"ﮠ","translation":{"text":"and turn","language_name":"english","language_id":38},"transliteration":{"text":"wa-anābū","language_name":"english","language_id":38}},{"id":20091,"position":7,"audio_url":"wbw/039_017_007.mp3","qpc_uthmani_hafs":"إِلَى","char_type_name":"word","page_number":460,"line_number":7,"text":"ﮡ","translation":{"text":"to","language_name":"english","language_id":38},"transliteration":{"text":"ilā","language_name":"english","language_id":38}},{"id":20092,"position":8,"audio_url":"wbw/039_017_008.mp3","qpc_uthmani_hafs":"ٱللَّهِ","char_type_name":"word","page_number":460,"line_number":7,"text":"ﮢ","translation":{"text":"Allah","language_name":"english","language_id":38},"transliteration":{"text":"l-lahi","language_name":"english","language_id":38}},{"id":20093,"position":9,"audio_url":"wbw/039_017_009.mp3","qpc_uthmani_hafs":"لَهُمُ","char_type_name":"word","page_number":460,"line_number":7,"text":"ﮣ","translation":{"text":"for them","language_name":"english","language_id":38},"transliteration":{"text":"lahumu","language_name":"english","language_id":38}},{"id":20094,"position":10,"audio_url":"wbw/039_017_010.mp3","qpc_uthmani_hafs":"ٱلۡبُشۡرَىٰۚ","char_type_name":"word","page_number":460,"line_number":7,"text":"ﮤﮥ","translation":{"text":"(are) glad tidings","language_name":"english","language_id":38},"transliteration":{"text":"l-bush'rā","language_name":"english","language_id":38}},{"id":20096,"position":11,"audio_url":"wbw/039_017_012.mp3","qpc_uthmani_hafs":"فَبَشِّرۡ","char_type_name":"word","page_number":460,"line_number":8,"text":"ﮦ","translation":{"text":"So give glad tidings","language_name":"english","language_id":38},"transliteration":{"text":"fabashir","language_name":"english","language_id":38}},{"id":20097,"position":12,"audio_url":"wbw/039_017_013.mp3","qpc_uthmani_hafs":"عِبَادِ","char_type_name":"word","page_number":460,"line_number":8,"text":"ﮧ","translation":{"text":"(to) My slaves","language_name":"english","language_id":38},"transliteration":{"text":"ʿibādi","language_name":"english","language_id":38}},{"id":20098,"position":13,"audio_url":null,"qpc_uthmani_hafs":"١٧","char_type_name":"end","page_number":460,"line_number":8,"text":"ﮨ","translation":{"text":"(17)","language_name":"english","language_id":38},"transliteration":{"text":null,"language_name":"english","language_id":38}}],"translations":[{"id":920504,"resource_id":134,"text":"Dan orang-orang yang menjauhi ṭāgūt, (yaitu) tidak menyembahnya <sup foot_note=211080>1</sup> dan kembali kepada Allah, bagi mereka berita gembira; sebab itu sampaikanlah berita itu kepada hamba-hamba-Ku,"}]},{"id":4076,"verse_number":18,"verse_key":"39:18","juz_number":23,"hizb_number":46,"rub_el_hizb_number":184,"ruku_number":399,"manzil_number":6,"sajdah_number":null,"text_uthmani":"ٱلَّذِينَ يَسْتَمِعُونَ ٱلْقَوْلَ فَيَتَّبِعُونَ أَحْسَنَهُۥٓ ۚ أُو۟لَـٰٓئِكَ ٱلَّذِينَ هَدَىٰهُمُ ٱللَّهُ ۖ وَأُو۟لَـٰٓئِكَ هُمْ أُو۟لُوا۟ ٱلْأَلْبَـٰبِ","page_number":460,"words":[{"id":21169,"position":1,"audio_url":"wbw/039_018_001.mp3","qpc_uthmani_hafs":"ٱلَّذِينَ","char_type_name":"word","page_number":460,"line_number":8,"text":"ﮩ","translation":{"text":"Those who","language_name":"english","language_id":38},"transliteration":{"text":"alladhīna","language_name":"english","language_id":38}},{"id":21170,"position":2,"audio_url":"wbw/039_018_002.mp3","qpc_uthmani_hafs":"يَسۡتَمِعُونَ","char_type_name":"word","page_number":460,"line_number":8,"text":"ﮪ","translation":{"text":"they listen (to)","language_name":"english","language_id":38},"transliteration":{"text":"yastamiʿūna","language_name":"english","language_id":38}},{"id":21171,"position":3,"audio_url":"wbw/039_018_003.mp3","qpc_uthmani_hafs":"ٱلۡقَوۡلَ","char_type_name":"word","page_number":460,"line_number":8,"text":"ﮫ","translation":{"text":"the Word","language_name":"english","language_id":38},"transliteration":{"text":"l-qawla","language_name":"english","language_id":38}},{"id":21172,"position":4,"audio_url":"wbw/039_018_004.mp3","qpc_uthmani_hafs":"فَيَتَّبِعُونَ","char_type_name":"word","page_number":460,"line_number":8,"text":"ﮬ","translation":{"text":"then follow","language_name":"english","language_id":38},"transliteration":{"text":"fayattabiʿūna","language_name":"english","language_id":38}},{"id":21173,"position":5,"audio_url":"wbw/039_018_005.mp3","qpc_uthmani_hafs":"أَحۡسَنَهُۥٓۚ","char_type_name":"word","page_number":460,"line_number":8,"text":"ﮭﮮ","translation":{"text":"the best thereof","language_name":"english","language_id":38},"transliteration":{"text":"aḥsanahu","language_name":"english","language_id":38}},{"id":21175,"position":6,"audio_url":"wbw/039_018_007.mp3","qpc_uthmani_hafs":"أُوْلَٰٓئِكَ","char_type_name":"word","page_number":460,"line_number":9,"text":"ﮯ","translation":{"text":"those","language_name":"english","language_id":38},"transliteration":{"text":"ulāika","language_name":"english","language_id":38}},{"id":21176,"position":7,"audio_url":"wbw/039_018_008.mp3","qpc_uthmani_hafs":"ٱلَّذِينَ","char_type_name":"word","page_number":460,"line_number":9,"text":"ﮰ","translation":{"text":"(are) they whom","language_name":"english","language_id":38},"transliteration":{"text":"alladhīna","language_name":"english","language_id":38}},{"id":21177,"position":8,"audio_url":"wbw/039_018_009.mp3","qpc_uthmani_hafs":"هَدَىٰهُمُ","char_type_name":"word","page_number":460,"line_number":9,"text":"ﮱ","translation":{"text":"Allah has guided them","language_name":"english","language_id":38},"transliteration":{"text":"hadāhumu","language_name":"english","language_id":38}},{"id":21178,"position":9,"audio_url":"wbw/039_018_010.mp3","qpc_uthmani_hafs":"ٱللَّهُۖ","char_type_name":"word","page_number":460,"line_number":9,"text":"ﯓﯔ","translation":{"text":"Allah has guided them","language_name":"english","language_id":38},"transliteration":{"text":"l-lahu","language_name":"english","language_id":38}},{"id":21180,"position":10,"audio_url":"wbw/039_018_012.mp3","qpc_uthmani_hafs":"وَأُوْلَٰٓئِكَ","char_type_name":"word","page_number":460,"line_number":9,"text":"ﯕ","translation":{"text":"and those","language_name":"english","language_id":38},"transliteration":{"text":"wa-ulāika","language_name":"english","language_id":38}},{"id":21181,"position":11,"audio_url":"wbw/039_018_013.mp3","qpc_uthmani_hafs":"هُمۡ","char_type_name":"word","page_number":460,"line_number":9,"text":"ﯖ","translation":{"text":"are [they]","language_name":"english","language_id":38},"transliteration":{"text":"hum","language_name":"english","language_id":38}},{"id":21182,"position":12,"audio_url":"wbw/039_018_014.mp3","qpc_uthmani_hafs":"أُوْلُواْ","char_type_name":"word","page_number":460,"line_number":9,"text":"ﯗ","translation":{"text":"the men of understanding","language_name":"english","language_id":38},"transliteration":{"text":"ulū","language_name":"english","language_id":38}},{"id":21183,"position":13,"audio_url":"wbw/039_018_015.mp3","qpc_uthmani_hafs":"ٱلۡأَلۡبَٰبِ","char_type_name":"word","page_number":460,"line_number":9,"text":"ﯘ","translation":{"text":"the men of understanding","language_name":"english","language_id":38},"transliteration":{"text":"l-albābi","language_name":"english","language_id":38}},{"id":21184,"position":14,"audio_url":null,"qpc_uthmani_hafs":"١٨","char_type_name":"end","page_number":460,"line_number":9,"text":"ﯙ","translation":{"text":"(18)","language_name":"english","language_id":38},"transliteration":{"text":null,"language_name":"english","language_id":38}}],"translations":[{"id":920505,"resource_id":134,"text":"yang mendengarkan perkataan, lalu mengikuti apa yang paling baik di antaranya <sup foot_note=211081>1</sup>.  Mereka itulah orang-orang yang telah diberi Allah petunjuk dan mereka itulah orang-orang yang mempunyai akal."}]},{"id":4077,"verse_number":19,"verse_key":"39:19","juz_number":23,"hizb_number":46,"rub_el_hizb_number":184,"ruku_number":399,"manzil_number":6,"sajdah_number":null,"text_uthmani":"أَفَمَنْ حَقَّ عَلَيْهِ كَلِمَةُ ٱلْعَذَابِ أَفَأَنتَ تُنقِذُ مَن فِى ٱلنَّارِ","page_number":460,"words":[{"id":22282,"position":1,"audio_url":"wbw/039_019_001.mp3","qpc_uthmani_hafs":"أَفَمَنۡ","char_type_name":"word","page_number":460,"line_number":10,"text":"ﯚ","translation":{"text":"Then, is (one) who","language_name":"english","language_id":38},"transliteration":{"text":"afaman","language_name":"english","language_id":38}},{"id":22283,"position":2,"audio_url":"wbw/039_019_002.mp3","qpc_uthmani_hafs":"حَقَّ","char_type_name":"word","page_number":460,"line_number":10,"text":"ﯛ","translation":{"text":"became due","language_name":"english","language_id":38},"transliteration":{"text":"ḥaqqa","language_name":"english","language_id":38}},{"id":22284,"position":3,"audio_url":"wbw/039_019_003.mp3","qpc_uthmani_hafs":"عَلَيۡهِ","char_type_name":"word","page_number":460,"line_number":10,"text":"ﯜ","translation":{"text":"on him","language_name":"english","language_id":38},"transliteration":{"text":"ʿalayhi","language_name":"english","language_id":38}},{"id":22285,"position":4,"audio_url":"wbw/039_019_004.mp3","qpc_uthmani_hafs":"كَلِمَةُ","char_type_name":"word","page_number":460,"line_number":10,"text":"ﯝ","translation":{"text":"the word","language_name":"english","language_id":38},"transliteration":{"text":"kalimatu","language_name":"english","language_id":38}},{"id":22286,"position":5,"audio_url":"wbw/039_019_005.mp3","qpc_uthmani_hafs":"ٱلۡعَذَابِ","char_type_name":"word","page_number":460,"line_number":10,"text":"ﯞ","translation":{"text":"(of) the punishment","language_name":"english","language_id":38},"transliteration":{"text":"l-ʿadhābi","language_name":"english","language_id":38}},{"id":22287,"position":6,"audio_url":"wbw/039_019_006.mp3","qpc_uthmani_hafs":"أَفَأَنتَ","char_type_name":"word","page_number":460,"line_number":10,"text":"ﯟ","translation":{"text":"Then can you","language_name":"english","language_id":38},"transliteration":{"text":"afa-anta","language_name":"english","language_id":38}},{"id":22288,"position":7,"audio_url":"wbw/039_019_007.mp3","qpc_uthmani_hafs":"تُنقِذُ","char_type_name":"word","page_number":460,"line_number":10,"text":"ﯠ","translation":{"text":"save","language_name":"english","language_id":38},"transliteration":{"text":"tunqidhu","language_name":"english","language_id":38}},{"id":22289,"position":8,"audio_url":"wbw/039_019_008.mp3","qpc_uthmani_hafs":"مَن","char_type_name":"word","page_number":460,"line_number":10,"text":"ﯡ","translation":{"text":"(one) who","language_name":"english","language_id":38},"transliteration":{"text":"man","language_name":"english","language_id":38}},{"id":22290,"position":9,"audio_url":"wbw/039_019_009.mp3","qpc_uthmani_hafs":"فِي","char_type_name":"word","page_number":460,"line_number":10,"text":"ﯢ","translation":{"text":"(is) in","language_name":"english","language_id":38},"transliteration":{"text":"fī","language_name":"english","language_id":38}},{"id":22291,"position":10,"audio_url":"wbw/039_019_010.mp3","qpc_uthmani_hafs":"ٱلنَّارِ","char_type_name":"word","page_number":460,"line_number":10,"text":"ﯣ","translation":{"text":"the Fire","language_name":"english","language_id":38},"transliteration":{"text":"l-nāri","language_name":"english","language_id":38}},{"id":22292,"position":11,"audio_url":null,"qpc_uthmani_hafs":"١٩","char_type_name":"end","page_number":460,"line_number":10,"text":"ﯤ","translation":{"text":"(19)","language_name":"english","language_id":38},"transliteration":{"text":null,"language_name":"english","language_id":38}}],"translations":[{"id":920506,"resource_id":134,"text":"Apakah (kamu hendak mengubah nasib) orang-orang yang telah pasti ketentuan azab atasnya? Apakah kamu akan menyelamatkan orang yang berada dalam api neraka?"}]},{"id":4078,"verse_number":20,"verse_key":"39:20","juz_number":23,"hizb_number":46,"rub_el_hizb_number":184,"ruku_number":399,"manzil_number":6,"sajdah_number":null,"text_uthmani":"لَـٰكِنِ ٱلَّذِينَ ٱتَّقَوْا۟ رَبَّهُمْ لَهُمْ غُرَفٌ مِّن فَوْقِهَا غُرَفٌ مَّبْنِيَّةٌ تَجْرِى مِن تَحْتِهَا ٱلْأَنْهَـٰرُ ۖ وَعْدَ ٱللَّهِ ۖ لَا يُخْلِفُ ٱللَّهُ ٱلْمِيعَادَ","page_number":460,"words":[{"id":23336,"position":1,"audio_url":"wbw/039_020_001.mp3","qpc_uthmani_hafs":"لَٰكِنِ","char_type_name":"word","page_number":460,"line_number":11,"text":"ﯥ","translation":{"text":"But","language_name":"english","language_id":38},"transliteration":{"text":"lākini","language_name":"english","language_id":38}},{"id":23337,"position":2,"audio_url":"wbw/039_020_002.mp3","qpc_uthmani_hafs":"ٱلَّذِينَ","char_type_name":"word","page_number":460,"line_number":11,"text":"ﯦ","translation":{"text":"those who","language_name":"english","language_id":38},"transliteration":{"text":"alladhīna","language_name":"english","language_id":38}},{"id":23338,"position":3,"audio_url":"wbw/039_020_003.mp3","qpc_uthmani_hafs":"ٱتَّقَوۡاْ","char_type_name":"word","page_number":460,"line_number":11,"text":"ﯧ","translation":{"text":"fear","language_name":"english","language_id":38},"transliteration":{"text":"ittaqaw","language_name":"english","language_id":38}},{"id":23339,"position":4,"audio_url":"wbw/039_020_004.mp3","qpc_uthmani_hafs":"رَبَّهُمۡ","char_type_name":"word","page_number":460,"line_number":11,"text":"ﯨ","translation":{"text":"their Lord","language_name":"english","language_id":38},"transliteration":{"text":"rabbahum","language_name":"english","language_id":38}},{"id":23340,"position":5,"audio_url":"wbw/039_020_005.mp3","qpc_uthmani_hafs":"لَهُمۡ","char_type_name":"word","page_number":460,"line_number":11,"text":"ﯩ","translation":{"text":"for them","language_name":"english","language_id":38},"transliteration":{"text":"lahum","language_name":"english","language_id":38}},{"id":23341,"position":6,"audio_url":"wbw/039_020_006.mp3","qpc_uthmani_hafs":"غُرَفٞ","char_type_name":"word","page_number":460,"line_number":11,"text":"ﯪ","translation":{"text":"(are) lofty mansions","language_name":"english","language_id":38},"transliteration":{"text":"ghurafun","language_name":"english","language_id":38}},{"id":23342,"position":7,"audio_url":"wbw/039_020_007.mp3","qpc_uthmani_hafs":"مِّن","char_type_name":"word","page_number":460,"line_number":11,"text":"ﯫ","translation":{"text":"above them","language_name":"english","language_id":38},"transliteration":{"text":"min","language_name":"english","language_id":38}},{"id":23343,"position":8,"audio_url":"wbw/039_020_008.mp3","qpc_uthmani_hafs":"فَوۡقِهَا","char_type_name":"word","page_number":460,"line_number":11,"text":"ﯬ","translation":{"text":"above them","language_name":"english","language_id":38},"transliteration":{"text":"fawqihā","language_name":"english","language_id":38}},{"id":23344,"position":9,"audio_url":"wbw/039_020_009.mp3","qpc_uthmani_hafs":"غُرَفٞ","char_type_name":"word","page_number":460,"line_number":11,"text":"ﯭ","translation":{"text":"lofty mansions","language_name":"english","language_id":38},"transliteration":{"text":"ghurafun","language_name":"english","language_id":38}},{"id":23345,"position":10,"audio_url":"wbw/039_020_010.mp3","qpc_uthmani_hafs":"مَّبۡنِيَّةٞ","char_type_name":"word","page_number":460,"line_number":11,"text":"ﯮ","translation":{"text":"built high","language_name":"english","language_id":38},"transliteration":{"text":"mabniyyatun","language_name":"english","language_id":38}},{"id":23346,"position":11,"audio_url":"wbw/039_020_011.mp3","qpc_uthmani_hafs":"تَجۡرِي","char_type_name":"word","page_number":460,"line_number":11,"text":"ﯯ","translation":{"text":"flow","language_name":"english","language_id":38},"transliteration":{"text":"tajrī","language_name":"english","language_id":38}},{"id":23347,"position":12,"audio_url":"wbw/039_020_012.mp3","qpc_uthmani_hafs":"مِن","char_type_name":"word","page_number":460,"line_number":12,"text":"ﯰ","translation":{"text":"from","language_name":"english","language_id":38},"transliteration":{"text":"min","language_name":"english","language_id":38}},{"id":23348,"position":13,"audio_url":"wbw/039_020_013.mp3","qpc_uthmani_hafs":"تَحۡتِهَا","char_type_name":"word","page_number":460,"line_number":12,"text":"ﯱ","translation":{"text":"beneath it","language_name":"english","language_id":38},"transliteration":{"text":"taḥtihā","language_name":"english","language_id":38}},{"id":23349,"position":14,"audio_url":"wbw/039_020_014.mp3","qpc_uthmani_hafs":"ٱلۡأَنۡهَٰرُۖ","char_type_name":"word","page_number":460,"line_number":12,"text":"ﯲﯳ","translation":{"text":"the rivers","language_name":"english","language_id":38},"transliteration":{"text":"l-anhāru","language_name":"english","language_id":38}},{"id":23351,"position":15,"audio_url":"wbw/039_020_016.mp3","qpc_uthmani_hafs":"وَعۡدَ","char_type_name":"word","page_number":460,"line_number":12,"text":"ﯴ","translation":{"text":"(The) Promise","language_name":"english","language_id":38},"transliteration":{"text":"waʿda","language_name":"english","language_id":38}},{"id":23352,"position":16,"audio_url":"wbw/039_020_017.mp3","qpc_uthmani_hafs":"ٱللَّهِ","char_type_name":"word","page_number":460,"line_number":12,"text":"ﯵﯶ","translation":{"text":"(of) Allah","language_name":"english","language_id":38},"transliteration":{"text":"l-lahi","language_name":"english","language_id":38}},{"id":23354,"position":17,"audio_url":"wbw/039_020_019.mp3","qpc_uthmani_hafs":"لَا","char_type_name":"word","page_number":460,"line_number":12,"text":"ﯷ","translation":{"text":"Not","language_name":"english","language_id":38},"transliteration":{"text":"lā","language_name":"english","language_id":38}},{"id":23355,"position":18,"audio_url":"wbw/039_020_020.mp3","qpc_uthmani_hafs":"يُخۡلِفُ","char_type_name":"word","page_number":460,"line_number":12,"text":"ﯸ","translation":{"text":"Allah fails","language_name":"english","language_id":38},"transliteration":{"text":"yukh'lifu","language_name":"english","language_id":38}},{"id":23356,"position":19,"audio_url":"wbw/039_020_021.mp3","qpc_uthmani_hafs":"ٱللَّهُ","char_type_name":"word","page_number":460,"line_number":12,"text":"ﯹ","translation":{"text":"Allah fails","language_name":"english","language_id":38},"transliteration":{"text":"l-lahu","language_name":"english","language_id":38}},{"id":23357,"position":20,"audio_url":"wbw/039_020_022.mp3","qpc_uthmani_hafs":"ٱلۡمِيعَادَ","char_type_name":"word","page_number":460,"line_number":12,"text":"ﯺ","translation":{"text":"(in His) promise","language_name":"english","language_id":38},"transliteration":{"text":"l-mīʿāda","language_name":"english","language_id":38}},{"id":23358,"position":21,"audio_url":null,"qpc_uthmani_hafs":"٢٠","char_type_name":"end","page_number":460,"line_number":12,"text":"ﯻ","translation":{"text":"(20)","language_name":"english","language_id":38},"transliteration":{"text":null,"language_name":"english","language_id":38}}],"translations":[{"id":920507,"resource_id":134,"text":"Tetapi orang-orang yang bertakwa kepada Tuhan-nya mereka mendapat tempat-tempat yang tinggi, di atasnya dibangun pula tempat-tempat yang tinggi yang di bawahnya mengalir sungai-sungai.  Allah telah berjanji dengan sebenar-benarnya.  Allah tidak akan memungkiri janji-Nya."}]},{"id":4079,"verse_number":21,"verse_key":"39:21","juz_number":23,"hizb_number":46,"rub_el_hizb_number":184,"ruku_number":399,"manzil_number":6,"sajdah_number":null,"text_uthmani":"أَلَمْ تَرَ أَنَّ ٱللَّهَ أَنزَلَ مِنَ ٱلسَّمَآءِ مَآءً فَسَلَكَهُۥ يَنَـٰبِيعَ فِى ٱلْأَرْضِ ثُمَّ يُخْرِجُ بِهِۦ زَرْعًا مُّخْتَلِفًا أَلْوَٰنُهُۥ ثُمَّ يَهِيجُ فَتَرَىٰهُ مُصْفَرًّا ثُمَّ يَجْعَلُهُۥ حُطَـٰمًا ۚ إِنَّ فِى ذَٰلِكَ لَذِكْرَىٰ لِأُو۟لِى ٱلْأَلْبَـٰبِ","page_number":460,"words":[{"id":23359,"position":1,"audio_url":"wbw/039_021_001.mp3","qpc_uthmani_hafs":"أَلَمۡ","char_type_name":"word","page_number":460,"line_number":12,"text":"ﯼ","translation":{"text":"Do not","language_name":"english","language_id":38},"transliteration":{"text":"alam","language_name":"english","language_id":38}},{"id":23360,"position":2,"audio_url":"wbw/039_021_002.mp3","qpc_uthmani_hafs":"تَرَ","char_type_name":"word","page_number":460,"line_number":12,"text":"ﯽ","translation":{"text":"you see","language_name":"english","language_id":38},"transliteration":{"text":"tara","language_name":"english","language_id":38}},{"id":23361,"position":3,"audio_url":"wbw/039_021_003.mp3","qpc_uthmani_hafs":"أَنَّ","char_type_name":"word","page_number":460,"line_number":13,"text":"ﯾ","translation":{"text":"that","language_name":"english","language_id":38},"transliteration":{"text":"anna","language_name":"english","language_id":38}},{"id":23362,"position":4,"audio_url":"wbw/039_021_004.mp3","qpc_uthmani_hafs":"ٱللَّهَ","char_type_name":"word","page_number":460,"line_number":13,"text":"ﯿ","translation":{"text":"Allah","language_name":"english","language_id":38},"transliteration":{"text":"l-laha","language_name":"english","language_id":38}},{"id":23363,"position":5,"audio_url":"wbw/039_021_005.mp3","qpc_uthmani_hafs":"أَنزَلَ","char_type_name":"word","page_number":460,"line_number":13,"text":"ﰀ","translation":{"text":"sends down","language_name":"english","language_id":38},"transliteration":{"text":"anzala","language_name":"english","language_id":38}},{"id":23364,"position":6,"audio_url":"wbw/039_021_006.mp3","qpc_uthmani_hafs":"مِنَ","char_type_name":"word","page_number":460,"line_number":13,"text":"ﰁ","translation":{"text":"from","language_name":"english","language_id":38},"transliteration":{"text":"mina","language_name":"english","language_id":38}},{"id":23365,"position":7,"audio_url":"wbw/039_021_007.mp3","qpc_uthmani_hafs":"ٱلسَّمَآءِ","char_type_name":"word","page_number":460,"line_number":13,"text":"ﰂ","translation":{"text":"the sky","language_name":"english","language_id":38},"transliteration":{"text":"l-samāi","language_name":"english","language_id":38}},{"id":23366,"position":8,"audio_url":"wbw/039_021_008.mp3","qpc_uthmani_hafs":"مَآءٗ","char_type_name":"word","page_number":460,"line_number":13,"text":"ﰃ","translation":{"text":"water","language_name":"english","language_id":38},"transliteration":{"text":"māan","language_name":"english","language_id":38}},{"id":23367,"position":9,"audio_url":"wbw/039_021_009.mp3","qpc_uthmani_hafs":"فَسَلَكَهُۥ","char_type_name":"word","page_number":460,"line_number":13,"text":"ﰄ","translation":{"text":"and He makes it flow","language_name":"english","language_id":38},"transliteration":{"text":"fasalakahu","language_name":"english","language_id":38}},{"id":23368,"position":10,"audio_url":"wbw/039_021_010.mp3","qpc_uthmani_hafs":"يَنَٰبِيعَ","char_type_name":"word","page_number":460,"line_number":13,"text":"ﰅ","translation":{"text":"(as) springs","language_name":"english","language_id":38},"transliteration":{"text":"yanābīʿa","language_name":"english","language_id":38}},{"id":23369,"position":11,"audio_url":"wbw/039_021_011.mp3","qpc_uthmani_hafs":"فِي","char_type_name":"word","page_number":460,"line_number":13,"text":"ﰆ","translation":{"text":"in","language_name":"english","language_id":38},"transliteration":{"text":"fī","language_name":"english","language_id":38}},{"id":23370,"position":12,"audio_url":"wbw/039_021_012.mp3","qpc_uthmani_hafs":"ٱلۡأَرۡضِ","char_type_name":"word","page_number":460,"line_number":13,"text":"ﰇ","translation":{"text":"the earth","language_name":"english","language_id":38},"transliteration":{"text":"l-arḍi","language_name":"english","language_id":38}},{"id":23371,"position":13,"audio_url":"wbw/039_021_013.mp3","qpc_uthmani_hafs":"ثُمَّ","char_type_name":"word","page_number":460,"line_number":13,"text":"ﰈ","translation":{"text":"then","language_name":"english","language_id":38},"transliteration":{"text":"thumma","language_name":"english","language_id":38}},{"id":23372,"position":14,"audio_url":"wbw/039_021_014.mp3","qpc_uthmani_hafs":"يُخۡرِجُ","char_type_name":"word","page_number":460,"line_number":14,"text":"ﰉ","translation":{"text":"He produces","language_name":"english","language_id":38},"transliteration":{"text":"yukh'riju","language_name":"english","language_id":38}},{"id":23373,"position":15,"audio_url":"wbw/039_021_015.mp3","qpc_uthmani_hafs":"بِهِۦ","char_type_name":"word","page_number":460,"line_number":14,"text":"ﰊ","translation":{"text":"with it","language_name":"english","language_id":38},"transliteration":{"text":"bihi","language_name":"english","language_id":38}},{"id":23374,"position":16,"audio_url":"wbw/039_021_016.mp3","qpc_uthmani_hafs":"زَرۡعٗا","char_type_name":"word","page_number":460,"line_number":14,"text":"ﰋ","translation":{"text":"crops","language_name":"english","language_id":38},"transliteration":{"text":"zarʿan","language_name":"english","language_id":38}},{"id":23375,"position":17,"audio_url":"wbw/039_021_017.mp3","qpc_uthmani_hafs":"مُّخۡتَلِفًا","char_type_name":"word","page_number":460,"line_number":14,"text":"ﰌ","translation":{"text":"(of) different","language_name":"english","language_id":38},"transliteration":{"text":"mukh'talifan","language_name":"english","language_id":38}},{"id":23376,"position":18,"audio_url":"wbw/039_021_018.mp3","qpc_uthmani_hafs":"أَلۡوَٰنُهُۥ","char_type_name":"word","page_number":460,"line_number":14,"text":"ﰍ","translation":{"text":"colors","language_name":"english","language_id":38},"transliteration":{"text":"alwānuhu","language_name":"english","language_id":38}},{"id":23377,"position":19,"audio_url":"wbw/039_021_019.mp3","qpc_uthmani_hafs":"ثُمَّ","char_type_name":"word","page_number":460,"line_number":14,"text":"ﰎ","translation":{"text":"then","language_name":"english","language_id":38},"transliteration":{"text":"thumma","language_name":"english","language_id":38}},{"id":23378,"position":20,"audio_url":"wbw/039_021_020.mp3","qpc_uthmani_hafs":"يَهِيجُ","char_type_name":"word","page_number":460,"line_number":14,"text":"ﰏ","translation":{"text":"they wither","language_name":"english","language_id":38},"transliteration":{"text":"yahīju","language_name":"english","language_id":38}},{"id":23379,"position":21,"audio_url":"wbw/039_021_021.mp3","qpc_uthmani_hafs":"فَتَرَىٰهُ","char_type_name":"word","page_number":460,"line_number":14,"text":"ﰐ","translation":{"text":"and you see it","language_name":"english","language_id":38},"transliteration":{"text":"fatarāhu","language_name":"english","language_id":38}},{"id":23380,"position":22,"audio_url":"wbw/039_021_022.mp3","qpc_uthmani_hafs":"مُصۡفَرّٗا","char_type_name":"word","page_number":460,"line_number":14,"text":"ﰑ","translation":{"text":"turn yellow","language_name":"english","language_id":38},"transliteration":{"text":"muṣ'farran","language_name":"english","language_id":38}},{"id":23381,"position":23,"audio_url":"wbw/039_021_023.mp3","qpc_uthmani_hafs":"ثُمَّ","char_type_name":"word","page_number":460,"line_number":14,"text":"ﰒ","translation":{"text":"then","language_name":"english","language_id":38},"transliteration":{"text":"thumma","language_name":"english","language_id":38}},{"id":23382,"position":24,"audio_url":"wbw/039_021_024.mp3","qpc_uthmani_hafs":"يَجۡعَلُهُۥ","char_type_name":"word","page_number":460,"line_number":15,"text":"ﰓ","translation":{"text":"He makes them","language_name":"english","language_id":38},"transliteration":{"text":"yajʿaluhu","language_name":"english","language_id":38}},{"id":23383,"position":25,"audio_url":"wbw/039_021_025.mp3","qpc_uthmani_hafs":"حُطَٰمًاۚ","char_type_name":"word","page_number":460,"line_number":15,"text":"ﰔﰕ","translation":{"text":"debris","language_name":"english","language_id":38},"transliteration":{"text":"ḥuṭāman","language_name":"english","language_id":38}},{"id":23385,"position":26,"audio_url":"wbw/039_021_027.mp3","qpc_uthmani_hafs":"إِنَّ","char_type_name":"word","page_number":460,"line_number":15,"text":"ﰖ","translation":{"text":"Indeed","language_name":"english","language_id":38},"transliteration":{"text":"inna","language_name":"english","language_id":38}},{"id":23386,"position":27,"audio_url":"wbw/039_021_028.mp3","qpc_uthmani_hafs":"فِي","char_type_name":"word","page_number":460,"line_number":15,"text":"ﰗ","translation":{"text":"in","language_name":"english","language_id":38},"transliteration":{"text":"fī","language_name":"english","language_id":38}},{"id":23387,"position":28,"audio_url":"wbw/039_021_029.mp3","qpc_uthmani_hafs":"ذَٰلِكَ","char_type_name":"word","page_number":460,"line_number":15,"text":"ﰘ","translation":{"text":"that","language_name":"english","language_id":38},"transliteration":{"text":"dhālika","language_name":"english","language_id":38}},{"id":23388,"position":29,"audio_url":"wbw/039_021_030.mp3","qpc_uthmani_hafs":"لَذِكۡرَىٰ","char_type_name":"word","page_number":460,"line_number":15,"text":"ﰙ","translation":{"text":"surely, (is) a reminder","language_name":"english","language_id":38},"transliteration":{"text":"ladhik'rā","language_name":"english","language_id":38}},{"id":23389,"position":30,"audio_url":"wbw/039_021_031.mp3","qpc_uthmani_hafs":"لِأُوْلِي","char_type_name":"word","page_number":460,"line_number":15,"text":"ﰚ","translation":{"text":"for those of understanding","language_name":"english","language_id":38},"transliteration":{"text":"li-ulī","language_name":"english","language_id":38}},{"id":23390,"position":31,"audio_url":"wbw/039_021_032.mp3","qpc_uthmani_hafs":"ٱلۡأَلۡبَٰبِ","char_type_name":"word","page_number":460,"line_number":15,"text":"ﰛ","translation":{"text":"for those of understanding","language_name":"english","language_id":38},"transliteration":{"text":"l-albābi","language_name":"english","language_id":38}},{"id":23391,"position":32,"audio_url":null,"qpc_uthmani_hafs":"٢١","char_type_name":"end","page_number":460,"line_number":15,"text":"ﰜ","translation":{"text":"(21)","language_name":"english","language_id":38},"transliteration":{"text":null,"language_name":"english","language_id":38}}],"translations":[{"id":920508,"resource_id":134,"text":"Apakah kamu tidak memperhatikan bahwa sesungguhnya Allah menurunkan air dari langit, maka diaturnya menjadi sumber-sumber air di bumi, kemudian ditumbuhkan-Nya dengan air itu tanam-tanaman yang bermacam-macam warnanya, lalu ia menjadi kering, lalu kamu melihatnya kekuning-kuningan, kemudian dijadikan-Nya hancur berderai-derai.  Sesungguhnya pada yang demikian itu, benar-benar terdapat pelajaran bagi orang-orang yang mempunyai akal."}]}],"pagination":{"per_page":50,"current_page":1,"next_page":null,"total_pages":1,"total_records":11}}