{"verses":[{"id":4174,"verse_number":41,"verse_key":"40:41","juz_number":24,"hizb_number":48,"rub_el_hizb_number":189,"ruku_number":410,"manzil_number":6,"sajdah_number":null,"text_uthmani":"۞ وَيَـٰقَوْمِ مَا لِىٓ أَدْعُوكُمْ إِلَى ٱلنَّجَوٰةِ وَتَدْعُونَنِىٓ إِلَى ٱلنَّارِ","page_number":472,"words":[{"id":41949,"position":1,"audio_url":"wbw/040_041_002.mp3","qpc_uthmani_hafs":"۞ وَيَٰقَوۡمِ","char_type_name":"word","page_number":472,"line_number":1,"text":"ﭑ ﭒ","translation":{"text":"And O my people","language_name":"english","language_id":38},"transliteration":{"text":"wayāqawmi","language_name":"english","language_id":38}},{"id":41950,"position":2,"audio_url":"wbw/040_041_003.mp3","qpc_uthmani_hafs":"مَا","char_type_name":"word","page_number":472,"line_number":1,"text":"ﭓ","translation":{"text":"What (is)","language_name":"english","language_id":38},"transliteration":{"text":"mā","language_name":"english","language_id":38}},{"id":41951,"position":3,"audio_url":"wbw/040_041_004.mp3","qpc_uthmani_hafs":"لِيٓ","char_type_name":"word","page_number":472,"line_number":1,"text":"ﭔ","translation":{"text":"for me","language_name":"english","language_id":38},"transliteration":{"text":"lī","language_name":"english","language_id":38}},{"id":41952,"position":4,"audio_url":"wbw/040_041_005.mp3","qpc_uthmani_hafs":"أَدۡعُوكُمۡ","char_type_name":"word","page_number":472,"line_number":1,"text":"ﭕ","translation":{"text":"(that) I call you","language_name":"english","language_id":38},"transliteration":{"text":"adʿūkum","language_name":"english","language_id":38}},{"id":41953,"position":5,"audio_url":"wbw/040_041_006.mp3","qpc_uthmani_hafs":"إِلَى","char_type_name":"word","page_number":472,"line_number":1,"text":"ﭖ","translation":{"text":"to","language_name":"english","language_id":38},"transliteration":{"text":"ilā","language_name":"english","language_id":38}},{"id":41954,"position":6,"audio_url":"wbw/040_041_007.mp3","qpc_uthmani_hafs":"ٱلنَّجَوٰةِ","char_type_name":"word","page_number":472,"line_number":1,"text":"ﭗ","translation":{"text":"the salvation","language_name":"english","language_id":38},"transliteration":{"text":"l-najati","language_name":"english","language_id":38}},{"id":41955,"position":7,"audio_url":"wbw/040_041_008.mp3","qpc_uthmani_hafs":"وَتَدۡعُونَنِيٓ","char_type_name":"word","page_number":472,"line_number":1,"text":"ﭘ","translation":{"text":"while you call me","language_name":"english","language_id":38},"transliteration":{"text":"watadʿūnanī","language_name":"english","language_id":38}},{"id":41956,"position":8,"audio_url":"wbw/040_041_009.mp3","qpc_uthmani_hafs":"إِلَى","char_type_name":"word","page_number":472,"line_number":1,"text":"ﭙ","translation":{"text":"to","language_name":"english","language_id":38},"transliteration":{"text":"ilā","language_name":"english","language_id":38}},{"id":41957,"position":9,"audio_url":"wbw/040_041_010.mp3","qpc_uthmani_hafs":"ٱلنَّارِ","char_type_name":"word","page_number":472,"line_number":2,"text":"ﭚ","translation":{"text":"the Fire","language_name":"english","language_id":38},"transliteration":{"text":"l-nāri","language_name":"english","language_id":38}},{"id":41958,"position":10,"audio_url":null,"qpc_uthmani_hafs":"٤١","char_type_name":"end","page_number":472,"line_number":2,"text":"ﭛ","translation":{"text":"(41)","language_name":"english","language_id":38},"transliteration":{"text":null,"language_name":"english","language_id":38}}],"translations":[{"id":920603,"resource_id":134,"text":"Hai kaumku, bagaimanakah kamu, aku menyeru kamu kepada keselamatan, tetapi kamu menyeru aku ke neraka?"}]},{"id":4175,"verse_number":42,"verse_key":"40:42","juz_number":24,"hizb_number":48,"rub_el_hizb_number":189,"ruku_number":410,"manzil_number":6,"sajdah_number":null,"text_uthmani":"تَدْعُونَنِى لِأَكْفُرَ بِٱللَّهِ وَأُشْرِكَ بِهِۦ مَا لَيْسَ لِى بِهِۦ عِلْمٌ وَأَنَا۠ أَدْعُوكُمْ إِلَى ٱلْعَزِيزِ ٱلْغَفَّـٰرِ","page_number":472,"words":[{"id":42714,"position":1,"audio_url":"wbw/040_042_001.mp3","qpc_uthmani_hafs":"تَدۡعُونَنِي","char_type_name":"word","page_number":472,"line_number":2,"text":"ﭜ","translation":{"text":"You call me","language_name":"english","language_id":38},"transliteration":{"text":"tadʿūnanī","language_name":"english","language_id":38}},{"id":42715,"position":2,"audio_url":"wbw/040_042_002.mp3","qpc_uthmani_hafs":"لِأَكۡفُرَ","char_type_name":"word","page_number":472,"line_number":2,"text":"ﭝ","translation":{"text":"that I disbelieve","language_name":"english","language_id":38},"transliteration":{"text":"li-akfura","language_name":"english","language_id":38}},{"id":42716,"position":3,"audio_url":"wbw/040_042_003.mp3","qpc_uthmani_hafs":"بِٱللَّهِ","char_type_name":"word","page_number":472,"line_number":2,"text":"ﭞ","translation":{"text":"in Allah","language_name":"english","language_id":38},"transliteration":{"text":"bil-lahi","language_name":"english","language_id":38}},{"id":42717,"position":4,"audio_url":"wbw/040_042_004.mp3","qpc_uthmani_hafs":"وَأُشۡرِكَ","char_type_name":"word","page_number":472,"line_number":2,"text":"ﭟ","translation":{"text":"and (to) associate","language_name":"english","language_id":38},"transliteration":{"text":"wa-ush'rika","language_name":"english","language_id":38}},{"id":42718,"position":5,"audio_url":"wbw/040_042_005.mp3","qpc_uthmani_hafs":"بِهِۦ","char_type_name":"word","page_number":472,"line_number":2,"text":"ﭠ","translation":{"text":"with Him","language_name":"english","language_id":38},"transliteration":{"text":"bihi","language_name":"english","language_id":38}},{"id":42719,"position":6,"audio_url":"wbw/040_042_006.mp3","qpc_uthmani_hafs":"مَا","char_type_name":"word","page_number":472,"line_number":2,"text":"ﭡ","translation":{"text":"what","language_name":"english","language_id":38},"transliteration":{"text":"mā","language_name":"english","language_id":38}},{"id":42720,"position":7,"audio_url":"wbw/040_042_007.mp3","qpc_uthmani_hafs":"لَيۡسَ","char_type_name":"word","page_number":472,"line_number":2,"text":"ﭢ","translation":{"text":"not","language_name":"english","language_id":38},"transliteration":{"text":"laysa","language_name":"english","language_id":38}},{"id":42721,"position":8,"audio_url":"wbw/040_042_008.mp3","qpc_uthmani_hafs":"لِي","char_type_name":"word","page_number":472,"line_number":3,"text":"ﭣ","translation":{"text":"for me","language_name":"english","language_id":38},"transliteration":{"text":"lī","language_name":"english","language_id":38}},{"id":42722,"position":9,"audio_url":"wbw/040_042_009.mp3","qpc_uthmani_hafs":"بِهِۦ","char_type_name":"word","page_number":472,"line_number":3,"text":"ﭤ","translation":{"text":"of it","language_name":"english","language_id":38},"transliteration":{"text":"bihi","language_name":"english","language_id":38}},{"id":42723,"position":10,"audio_url":"wbw/040_042_010.mp3","qpc_uthmani_hafs":"عِلۡمٞ","char_type_name":"word","page_number":472,"line_number":3,"text":"ﭥ","translation":{"text":"any knowledge","language_name":"english","language_id":38},"transliteration":{"text":"ʿil'mun","language_name":"english","language_id":38}},{"id":42724,"position":11,"audio_url":"wbw/040_042_011.mp3","qpc_uthmani_hafs":"وَأَنَا۠","char_type_name":"word","page_number":472,"line_number":3,"text":"ﭦ","translation":{"text":"and I","language_name":"english","language_id":38},"transliteration":{"text":"wa-anā","language_name":"english","language_id":38}},{"id":42725,"position":12,"audio_url":"wbw/040_042_012.mp3","qpc_uthmani_hafs":"أَدۡعُوكُمۡ","char_type_name":"word","page_number":472,"line_number":3,"text":"ﭧ","translation":{"text":"call you","language_name":"english","language_id":38},"transliteration":{"text":"adʿūkum","language_name":"english","language_id":38}},{"id":42726,"position":13,"audio_url":"wbw/040_042_013.mp3","qpc_uthmani_hafs":"إِلَى","char_type_name":"word","page_number":472,"line_number":3,"text":"ﭨ","translation":{"text":"to","language_name":"english","language_id":38},"transliteration":{"text":"ilā","language_name":"english","language_id":38}},{"id":42727,"position":14,"audio_url":"wbw/040_042_014.mp3","qpc_uthmani_hafs":"ٱلۡعَزِيزِ","char_type_name":"word","page_number":472,"line_number":3,"text":"ﭩ","translation":{"text":"the All-Mighty","language_name":"english","language_id":38},"transliteration":{"text":"l-ʿazīzi","language_name":"english","language_id":38}},{"id":42728,"position":15,"audio_url":"wbw/040_042_015.mp3","qpc_uthmani_hafs":"ٱلۡغَفَّٰرِ","char_type_name":"word","page_number":472,"line_number":3,"text":"ﭪ","translation":{"text":"the Oft-Forgiving","language_name":"english","language_id":38},"transliteration":{"text":"l-ghafāri","language_name":"english","language_id":38}},{"id":42729,"position":16,"audio_url":null,"qpc_uthmani_hafs":"٤٢","char_type_name":"end","page_number":472,"line_number":3,"text":"ﭫ","translation":{"text":"(42)","language_name":"english","language_id":38},"transliteration":{"text":null,"language_name":"english","language_id":38}}],"translations":[{"id":920604,"resource_id":134,"text":"(Mengapa) kamu menyeruku supaya kafir kepada Allah dan mempersekutukan-Nya dengan apa yang tidak kuketahui, padahal aku menyeru kamu (beriman) kepada Yang Maha Perkasa lagi Maha Pengampun?"}]},{"id":4176,"verse_number":43,"verse_key":"40:43","juz_number":24,"hizb_number":48,"rub_el_hizb_number":189,"ruku_number":410,"manzil_number":6,"sajdah_number":null,"text_uthmani":"لَا جَرَمَ أَنَّمَا تَدْعُونَنِىٓ إِلَيْهِ لَيْسَ لَهُۥ دَعْوَةٌ فِى ٱلدُّنْيَا وَلَا فِى ٱلْـَٔاخِرَةِ وَأَنَّ مَرَدَّنَآ إِلَى ٱللَّهِ وَأَنَّ ٱلْمُسْرِفِينَ هُمْ أَصْحَـٰبُ ٱلنَّارِ","page_number":472,"words":[{"id":43451,"position":1,"audio_url":"wbw/040_043_001.mp3","qpc_uthmani_hafs":"لَا","char_type_name":"word","page_number":472,"line_number":3,"text":"ﭬ","translation":{"text":"No","language_name":"english","language_id":38},"transliteration":{"text":"lā","language_name":"english","language_id":38}},{"id":43452,"position":2,"audio_url":"wbw/040_043_002.mp3","qpc_uthmani_hafs":"جَرَمَ","char_type_name":"word","page_number":472,"line_number":3,"text":"ﭭ","translation":{"text":"doubt","language_name":"english","language_id":38},"transliteration":{"text":"jarama","language_name":"english","language_id":38}},{"id":43453,"position":3,"audio_url":"wbw/040_043_003.mp3","qpc_uthmani_hafs":"أَنَّمَا","char_type_name":"word","page_number":472,"line_number":4,"text":"ﭮ","translation":{"text":"that what","language_name":"english","language_id":38},"transliteration":{"text":"annamā","language_name":"english","language_id":38}},{"id":43454,"position":4,"audio_url":"wbw/040_043_004.mp3","qpc_uthmani_hafs":"تَدۡعُونَنِيٓ","char_type_name":"word","page_number":472,"line_number":4,"text":"ﭯ","translation":{"text":"you call me","language_name":"english","language_id":38},"transliteration":{"text":"tadʿūnanī","language_name":"english","language_id":38}},{"id":43455,"position":5,"audio_url":"wbw/040_043_005.mp3","qpc_uthmani_hafs":"إِلَيۡهِ","char_type_name":"word","page_number":472,"line_number":4,"text":"ﭰ","translation":{"text":"to it","language_name":"english","language_id":38},"transliteration":{"text":"ilayhi","language_name":"english","language_id":38}},{"id":43456,"position":6,"audio_url":"wbw/040_043_006.mp3","qpc_uthmani_hafs":"لَيۡسَ","char_type_name":"word","page_number":472,"line_number":4,"text":"ﭱ","translation":{"text":"not","language_name":"english","language_id":38},"transliteration":{"text":"laysa","language_name":"english","language_id":38}},{"id":43457,"position":7,"audio_url":"wbw/040_043_007.mp3","qpc_uthmani_hafs":"لَهُۥ","char_type_name":"word","page_number":472,"line_number":4,"text":"ﭲ","translation":{"text":"for it","language_name":"english","language_id":38},"transliteration":{"text":"lahu","language_name":"english","language_id":38}},{"id":43458,"position":8,"audio_url":"wbw/040_043_008.mp3","qpc_uthmani_hafs":"دَعۡوَةٞ","char_type_name":"word","page_number":472,"line_number":4,"text":"ﭳ","translation":{"text":"a claim","language_name":"english","language_id":38},"transliteration":{"text":"daʿwatun","language_name":"english","language_id":38}},{"id":43459,"position":9,"audio_url":"wbw/040_043_009.mp3","qpc_uthmani_hafs":"فِي","char_type_name":"word","page_number":472,"line_number":4,"text":"ﭴ","translation":{"text":"in","language_name":"english","language_id":38},"transliteration":{"text":"fī","language_name":"english","language_id":38}},{"id":43460,"position":10,"audio_url":"wbw/040_043_010.mp3","qpc_uthmani_hafs":"ٱلدُّنۡيَا","char_type_name":"word","page_number":472,"line_number":4,"text":"ﭵ","translation":{"text":"the world","language_name":"english","language_id":38},"transliteration":{"text":"l-dun'yā","language_name":"english","language_id":38}},{"id":43461,"position":11,"audio_url":"wbw/040_043_011.mp3","qpc_uthmani_hafs":"وَلَا","char_type_name":"word","page_number":472,"line_number":4,"text":"ﭶ","translation":{"text":"and not","language_name":"english","language_id":38},"transliteration":{"text":"walā","language_name":"english","language_id":38}},{"id":43462,"position":12,"audio_url":"wbw/040_043_012.mp3","qpc_uthmani_hafs":"فِي","char_type_name":"word","page_number":472,"line_number":4,"text":"ﭷ","translation":{"text":"in","language_name":"english","language_id":38},"transliteration":{"text":"fī","language_name":"english","language_id":38}},{"id":43463,"position":13,"audio_url":"wbw/040_043_013.mp3","qpc_uthmani_hafs":"ٱلۡأٓخِرَةِ","char_type_name":"word","page_number":472,"line_number":4,"text":"ﭸ","translation":{"text":"the Hereafter","language_name":"english","language_id":38},"transliteration":{"text":"l-ākhirati","language_name":"english","language_id":38}},{"id":43464,"position":14,"audio_url":"wbw/040_043_014.mp3","qpc_uthmani_hafs":"وَأَنَّ","char_type_name":"word","page_number":472,"line_number":5,"text":"ﭹ","translation":{"text":"and that","language_name":"english","language_id":38},"transliteration":{"text":"wa-anna","language_name":"english","language_id":38}},{"id":43465,"position":15,"audio_url":"wbw/040_043_015.mp3","qpc_uthmani_hafs":"مَرَدَّنَآ","char_type_name":"word","page_number":472,"line_number":5,"text":"ﭺ","translation":{"text":"our return","language_name":"english","language_id":38},"transliteration":{"text":"maraddanā","language_name":"english","language_id":38}},{"id":43466,"position":16,"audio_url":"wbw/040_043_016.mp3","qpc_uthmani_hafs":"إِلَى","char_type_name":"word","page_number":472,"line_number":5,"text":"ﭻ","translation":{"text":"(is) to","language_name":"english","language_id":38},"transliteration":{"text":"ilā","language_name":"english","language_id":38}},{"id":43467,"position":17,"audio_url":"wbw/040_043_017.mp3","qpc_uthmani_hafs":"ٱللَّهِ","char_type_name":"word","page_number":472,"line_number":5,"text":"ﭼ","translation":{"text":"Allah","language_name":"english","language_id":38},"transliteration":{"text":"l-lahi","language_name":"english","language_id":38}},{"id":43468,"position":18,"audio_url":"wbw/040_043_018.mp3","qpc_uthmani_hafs":"وَأَنَّ","char_type_name":"word","page_number":472,"line_number":5,"text":"ﭽ","translation":{"text":"and that","language_name":"english","language_id":38},"transliteration":{"text":"wa-anna","language_name":"english","language_id":38}},{"id":43469,"position":19,"audio_url":"wbw/040_043_019.mp3","qpc_uthmani_hafs":"ٱلۡمُسۡرِفِينَ","char_type_name":"word","page_number":472,"line_number":5,"text":"ﭾ","translation":{"text":"the transgressors ","language_name":"english","language_id":38},"transliteration":{"text":"l-mus'rifīna","language_name":"english","language_id":38}},{"id":43470,"position":20,"audio_url":"wbw/040_043_020.mp3","qpc_uthmani_hafs":"هُمۡ","char_type_name":"word","page_number":472,"line_number":5,"text":"ﭿ","translation":{"text":"they","language_name":"english","language_id":38},"transliteration":{"text":"hum","language_name":"english","language_id":38}},{"id":43471,"position":21,"audio_url":"wbw/040_043_021.mp3","qpc_uthmani_hafs":"أَصۡحَٰبُ","char_type_name":"word","page_number":472,"line_number":5,"text":"ﮀ","translation":{"text":"(will be the) companions","language_name":"english","language_id":38},"transliteration":{"text":"aṣḥābu","language_name":"english","language_id":38}},{"id":43472,"position":22,"audio_url":"wbw/040_043_022.mp3","qpc_uthmani_hafs":"ٱلنَّارِ","char_type_name":"word","page_number":472,"line_number":5,"text":"ﮁ","translation":{"text":"(of) the Fire","language_name":"english","language_id":38},"transliteration":{"text":"l-nāri","language_name":"english","language_id":38}},{"id":43473,"position":23,"audio_url":null,"qpc_uthmani_hafs":"٤٣","char_type_name":"end","page_number":472,"line_number":6,"text":"ﮂ","translation":{"text":"(43)","language_name":"english","language_id":38},"transliteration":{"text":null,"language_name":"english","language_id":38}}],"translations":[{"id":920605,"resource_id":134,"text":"Sudah pasti bahwa apa yang kamu seru supaya aku (beriman) kepadanya tidak dapat memperkenankan seruan apa pun, baik di dunia maupun di akhirat <sup foot_note=211093>1</sup>.  Dan sesungguhnya, kita kembali kepada Allah dan sesungguhnya orang-orang yang melampaui batas, mereka itulah penghuni neraka."}]},{"id":4177,"verse_number":44,"verse_key":"40:44","juz_number":24,"hizb_number":48,"rub_el_hizb_number":189,"ruku_number":410,"manzil_number":6,"sajdah_number":null,"text_uthmani":"فَسَتَذْكُرُونَ مَآ أَقُولُ لَكُمْ ۚ وَأُفَوِّضُ أَمْرِىٓ إِلَى ٱللَّهِ ۚ إِنَّ ٱللَّهَ بَصِيرٌۢ بِٱلْعِبَادِ","page_number":472,"words":[{"id":44172,"position":1,"audio_url":"wbw/040_044_001.mp3","qpc_uthmani_hafs":"فَسَتَذۡكُرُونَ","char_type_name":"word","page_number":472,"line_number":6,"text":"ﮃ","translation":{"text":"And you will remember","language_name":"english","language_id":38},"transliteration":{"text":"fasatadhkurūna","language_name":"english","language_id":38}},{"id":44173,"position":2,"audio_url":"wbw/040_044_002.mp3","qpc_uthmani_hafs":"مَآ","char_type_name":"word","page_number":472,"line_number":6,"text":"ﮄ","translation":{"text":"what","language_name":"english","language_id":38},"transliteration":{"text":"mā","language_name":"english","language_id":38}},{"id":44174,"position":3,"audio_url":"wbw/040_044_003.mp3","qpc_uthmani_hafs":"أَقُولُ","char_type_name":"word","page_number":472,"line_number":6,"text":"ﮅ","translation":{"text":"I say","language_name":"english","language_id":38},"transliteration":{"text":"aqūlu","language_name":"english","language_id":38}},{"id":44175,"position":4,"audio_url":"wbw/040_044_004.mp3","qpc_uthmani_hafs":"لَكُمۡۚ","char_type_name":"word","page_number":472,"line_number":6,"text":"ﮆﮇ","translation":{"text":"to you","language_name":"english","language_id":38},"transliteration":{"text":"lakum","language_name":"english","language_id":38}},{"id":44177,"position":5,"audio_url":"wbw/040_044_006.mp3","qpc_uthmani_hafs":"وَأُفَوِّضُ","char_type_name":"word","page_number":472,"line_number":6,"text":"ﮈ","translation":{"text":"and I entrust","language_name":"english","language_id":38},"transliteration":{"text":"wa-ufawwiḍu","language_name":"english","language_id":38}},{"id":44178,"position":6,"audio_url":"wbw/040_044_007.mp3","qpc_uthmani_hafs":"أَمۡرِيٓ","char_type_name":"word","page_number":472,"line_number":6,"text":"ﮉ","translation":{"text":"my affair","language_name":"english","language_id":38},"transliteration":{"text":"amrī","language_name":"english","language_id":38}},{"id":44179,"position":7,"audio_url":"wbw/040_044_008.mp3","qpc_uthmani_hafs":"إِلَى","char_type_name":"word","page_number":472,"line_number":6,"text":"ﮊ","translation":{"text":"to","language_name":"english","language_id":38},"transliteration":{"text":"ilā","language_name":"english","language_id":38}},{"id":44180,"position":8,"audio_url":"wbw/040_044_009.mp3","qpc_uthmani_hafs":"ٱللَّهِۚ","char_type_name":"word","page_number":472,"line_number":7,"text":"ﮋﮌ","translation":{"text":"Allah","language_name":"english","language_id":38},"transliteration":{"text":"l-lahi","language_name":"english","language_id":38}},{"id":44182,"position":9,"audio_url":"wbw/040_044_011.mp3","qpc_uthmani_hafs":"إِنَّ","char_type_name":"word","page_number":472,"line_number":7,"text":"ﮍ","translation":{"text":"Indeed","language_name":"english","language_id":38},"transliteration":{"text":"inna","language_name":"english","language_id":38}},{"id":44183,"position":10,"audio_url":"wbw/040_044_012.mp3","qpc_uthmani_hafs":"ٱللَّهَ","char_type_name":"word","page_number":472,"line_number":7,"text":"ﮎ","translation":{"text":"Allah","language_name":"english","language_id":38},"transliteration":{"text":"l-laha","language_name":"english","language_id":38}},{"id":44184,"position":11,"audio_url":"wbw/040_044_013.mp3","qpc_uthmani_hafs":"بَصِيرُۢ","char_type_name":"word","page_number":472,"line_number":7,"text":"ﮏ","translation":{"text":"(is) All-Seer","language_name":"english","language_id":38},"transliteration":{"text":"baṣīrun","language_name":"english","language_id":38}},{"id":44185,"position":12,"audio_url":"wbw/040_044_014.mp3","qpc_uthmani_hafs":"بِٱلۡعِبَادِ","char_type_name":"word","page_number":472,"line_number":7,"text":"ﮐ","translation":{"text":"of (His) slaves","language_name":"english","language_id":38},"transliteration":{"text":"bil-ʿibādi","language_name":"english","language_id":38}},{"id":44186,"position":13,"audio_url":null,"qpc_uthmani_hafs":"٤٤","char_type_name":"end","page_number":472,"line_number":7,"text":"ﮑ","translation":{"text":"(44)","language_name":"english","language_id":38},"transliteration":{"text":null,"language_name":"english","language_id":38}}],"translations":[{"id":920606,"resource_id":134,"text":"Kelak kamu akan ingat kepada apa yang kukatakan kepada kamu.  Dan aku menyerahkan urusanku kepada Allah.  Sesungguhnya Allah Maha Melihat akan hamba-hamba-Nya\"."}]},{"id":4178,"verse_number":45,"verse_key":"40:45","juz_number":24,"hizb_number":48,"rub_el_hizb_number":189,"ruku_number":410,"manzil_number":6,"sajdah_number":null,"text_uthmani":"فَوَقَىٰهُ ٱللَّهُ سَيِّـَٔاتِ مَا مَكَرُوا۟ ۖ وَحَاقَ بِـَٔالِ فِرْعَوْنَ سُوٓءُ ٱلْعَذَابِ","page_number":472,"words":[{"id":45568,"position":1,"audio_url":"wbw/040_045_001.mp3","qpc_uthmani_hafs":"فَوَقَىٰهُ","char_type_name":"word","page_number":472,"line_number":7,"text":"ﮒ","translation":{"text":"So Allah protected him","language_name":"english","language_id":38},"transliteration":{"text":"fawaqāhu","language_name":"english","language_id":38}},{"id":45569,"position":2,"audio_url":"wbw/040_045_002.mp3","qpc_uthmani_hafs":"ٱللَّهُ","char_type_name":"word","page_number":472,"line_number":7,"text":"ﮓ","translation":{"text":"So Allah protected him","language_name":"english","language_id":38},"transliteration":{"text":"l-lahu","language_name":"english","language_id":38}},{"id":45570,"position":3,"audio_url":"wbw/040_045_003.mp3","qpc_uthmani_hafs":"سَيِّـَٔاتِ","char_type_name":"word","page_number":472,"line_number":7,"text":"ﮔ","translation":{"text":"(from the) evils","language_name":"english","language_id":38},"transliteration":{"text":"sayyiāti","language_name":"english","language_id":38}},{"id":45571,"position":4,"audio_url":"wbw/040_045_004.mp3","qpc_uthmani_hafs":"مَا","char_type_name":"word","page_number":472,"line_number":8,"text":"ﮕ","translation":{"text":"that","language_name":"english","language_id":38},"transliteration":{"text":"mā","language_name":"english","language_id":38}},{"id":45572,"position":5,"audio_url":"wbw/040_045_005.mp3","qpc_uthmani_hafs":"مَكَرُواْۖ","char_type_name":"word","page_number":472,"line_number":8,"text":"ﮖﮗ","translation":{"text":"they plotted","language_name":"english","language_id":38},"transliteration":{"text":"makarū","language_name":"english","language_id":38}},{"id":45574,"position":6,"audio_url":"wbw/040_045_007.mp3","qpc_uthmani_hafs":"وَحَاقَ","char_type_name":"word","page_number":472,"line_number":8,"text":"ﮘ","translation":{"text":"and enveloped","language_name":"english","language_id":38},"transliteration":{"text":"waḥāqa","language_name":"english","language_id":38}},{"id":45575,"position":7,"audio_url":"wbw/040_045_008.mp3","qpc_uthmani_hafs":"بِـَٔالِ","char_type_name":"word","page_number":472,"line_number":8,"text":"ﮙ","translation":{"text":"(the) people","language_name":"english","language_id":38},"transliteration":{"text":"biāli","language_name":"english","language_id":38}},{"id":45576,"position":8,"audio_url":"wbw/040_045_009.mp3","qpc_uthmani_hafs":"فِرۡعَوۡنَ","char_type_name":"word","page_number":472,"line_number":8,"text":"ﮚ","translation":{"text":"(of) Firaun","language_name":"english","language_id":38},"transliteration":{"text":"fir'ʿawna","language_name":"english","language_id":38}},{"id":45577,"position":9,"audio_url":"wbw/040_045_010.mp3","qpc_uthmani_hafs":"سُوٓءُ","char_type_name":"word","page_number":472,"line_number":8,"text":"ﮛ","translation":{"text":"(the) worst","language_name":"english","language_id":38},"transliteration":{"text":"sūu","language_name":"english","language_id":38}},{"id":45578,"position":10,"audio_url":"wbw/040_045_011.mp3","qpc_uthmani_hafs":"ٱلۡعَذَابِ","char_type_name":"word","page_number":472,"line_number":8,"text":"ﮜ","translation":{"text":"punishment","language_name":"english","language_id":38},"transliteration":{"text":"l-ʿadhābi","language_name":"english","language_id":38}},{"id":45579,"position":11,"audio_url":null,"qpc_uthmani_hafs":"٤٥","char_type_name":"end","page_number":472,"line_number":8,"text":"ﮝ","translation":{"text":"(45)","language_name":"english","language_id":38},"transliteration":{"text":null,"language_name":"english","language_id":38}}],"translations":[{"id":920607,"resource_id":134,"text":"Maka Allah memeliharanya dari kejahatan tipu daya mereka dan Firʻawn  beserta kaumnya dikepung oleh azab yang amat buruk."}]},{"id":4179,"verse_number":46,"verse_key":"40:46","juz_number":24,"hizb_number":48,"rub_el_hizb_number":189,"ruku_number":410,"manzil_number":6,"sajdah_number":null,"text_uthmani":"ٱلنَّارُ يُعْرَضُونَ عَلَيْهَا غُدُوًّا وَعَشِيًّا ۖ وَيَوْمَ تَقُومُ ٱلسَّاعَةُ أَدْخِلُوٓا۟ ءَالَ فِرْعَوْنَ أَشَدَّ ٱلْعَذَابِ","page_number":472,"words":[{"id":45651,"position":1,"audio_url":"wbw/040_046_001.mp3","qpc_uthmani_hafs":"ٱلنَّارُ","char_type_name":"word","page_number":472,"line_number":8,"text":"ﮞ","translation":{"text":"The Fire","language_name":"english","language_id":38},"transliteration":{"text":"al-nāru","language_name":"english","language_id":38}},{"id":45652,"position":2,"audio_url":"wbw/040_046_002.mp3","qpc_uthmani_hafs":"يُعۡرَضُونَ","char_type_name":"word","page_number":472,"line_number":9,"text":"ﮟ","translation":{"text":"they are exposed","language_name":"english","language_id":38},"transliteration":{"text":"yuʿ'raḍūna","language_name":"english","language_id":38}},{"id":45653,"position":3,"audio_url":"wbw/040_046_003.mp3","qpc_uthmani_hafs":"عَلَيۡهَا","char_type_name":"word","page_number":472,"line_number":9,"text":"ﮠ","translation":{"text":"to it","language_name":"english","language_id":38},"transliteration":{"text":"ʿalayhā","language_name":"english","language_id":38}},{"id":45654,"position":4,"audio_url":"wbw/040_046_004.mp3","qpc_uthmani_hafs":"غُدُوّٗا","char_type_name":"word","page_number":472,"line_number":9,"text":"ﮡ","translation":{"text":"morning","language_name":"english","language_id":38},"transliteration":{"text":"ghuduwwan","language_name":"english","language_id":38}},{"id":45655,"position":5,"audio_url":"wbw/040_046_005.mp3","qpc_uthmani_hafs":"وَعَشِيّٗاۚ","char_type_name":"word","page_number":472,"line_number":9,"text":"ﮢﮣ","translation":{"text":"and evening","language_name":"english","language_id":38},"transliteration":{"text":"waʿashiyyan","language_name":"english","language_id":38}},{"id":45657,"position":6,"audio_url":"wbw/040_046_007.mp3","qpc_uthmani_hafs":"وَيَوۡمَ","char_type_name":"word","page_number":472,"line_number":9,"text":"ﮤ","translation":{"text":"And (the) Day","language_name":"english","language_id":38},"transliteration":{"text":"wayawma","language_name":"english","language_id":38}},{"id":45658,"position":7,"audio_url":"wbw/040_046_008.mp3","qpc_uthmani_hafs":"تَقُومُ","char_type_name":"word","page_number":472,"line_number":9,"text":"ﮥ","translation":{"text":"(will be) established","language_name":"english","language_id":38},"transliteration":{"text":"taqūmu","language_name":"english","language_id":38}},{"id":45659,"position":8,"audio_url":"wbw/040_046_009.mp3","qpc_uthmani_hafs":"ٱلسَّاعَةُ","char_type_name":"word","page_number":472,"line_number":9,"text":"ﮦ","translation":{"text":"the Hour","language_name":"english","language_id":38},"transliteration":{"text":"l-sāʿatu","language_name":"english","language_id":38}},{"id":45660,"position":9,"audio_url":"wbw/040_046_010.mp3","qpc_uthmani_hafs":"أَدۡخِلُوٓاْ","char_type_name":"word","page_number":472,"line_number":9,"text":"ﮧ","translation":{"text":"Cause to enter","language_name":"english","language_id":38},"transliteration":{"text":"adkhilū","language_name":"english","language_id":38}},{"id":45661,"position":10,"audio_url":"wbw/040_046_011.mp3","qpc_uthmani_hafs":"ءَالَ","char_type_name":"word","page_number":472,"line_number":10,"text":"ﮨ","translation":{"text":"(the) people","language_name":"english","language_id":38},"transliteration":{"text":"āla","language_name":"english","language_id":38}},{"id":45662,"position":11,"audio_url":"wbw/040_046_012.mp3","qpc_uthmani_hafs":"فِرۡعَوۡنَ","char_type_name":"word","page_number":472,"line_number":10,"text":"ﮩ","translation":{"text":"(of) Firaun","language_name":"english","language_id":38},"transliteration":{"text":"fir'ʿawna","language_name":"english","language_id":38}},{"id":45663,"position":12,"audio_url":"wbw/040_046_013.mp3","qpc_uthmani_hafs":"أَشَدَّ","char_type_name":"word","page_number":472,"line_number":10,"text":"ﮪ","translation":{"text":"(in the) severest","language_name":"english","language_id":38},"transliteration":{"text":"ashadda","language_name":"english","language_id":38}},{"id":45664,"position":13,"audio_url":"wbw/040_046_014.mp3","qpc_uthmani_hafs":"ٱلۡعَذَابِ","char_type_name":"word","page_number":472,"line_number":10,"text":"ﮫ","translation":{"text":"punishment","language_name":"english","language_id":38},"transliteration":{"text":"l-ʿadhābi","language_name":"english","language_id":38}},{"id":45665,"position":14,"audio_url":null,"qpc_uthmani_hafs":"٤٦","char_type_name":"end","page_number":472,"line_number":10,"text":"ﮬ","translation":{"text":"(46)","language_name":"english","language_id":38},"transliteration":{"text":null,"language_name":"english","language_id":38}}],"translations":[{"id":920608,"resource_id":134,"text":"Kepada mereka dinampakkan neraka pada pagi dan petang<sup foot_note=211094>1</sup> dan pada hari terjadinya kiamat. (Dikatakan kepada malaikat), \"Masukkanlah Firʻawn  dan kaumnya ke dalam azab yang sangat keras\"."}]},{"id":4180,"verse_number":47,"verse_key":"40:47","juz_number":24,"hizb_number":48,"rub_el_hizb_number":189,"ruku_number":410,"manzil_number":6,"sajdah_number":null,"text_uthmani":"وَإِذْ يَتَحَآجُّونَ فِى ٱلنَّارِ فَيَقُولُ ٱلضُّعَفَـٰٓؤُا۟ لِلَّذِينَ ٱسْتَكْبَرُوٓا۟ إِنَّا كُنَّا لَكُمْ تَبَعًا فَهَلْ أَنتُم مُّغْنُونَ عَنَّا نَصِيبًا مِّنَ ٱلنَّارِ","page_number":472,"words":[{"id":46947,"position":1,"audio_url":"wbw/040_047_001.mp3","qpc_uthmani_hafs":"وَإِذۡ","char_type_name":"word","page_number":472,"line_number":10,"text":"ﮭ","translation":{"text":"And when","language_name":"english","language_id":38},"transliteration":{"text":"wa-idh","language_name":"english","language_id":38}},{"id":46948,"position":2,"audio_url":"wbw/040_047_002.mp3","qpc_uthmani_hafs":"يَتَحَآجُّونَ","char_type_name":"word","page_number":472,"line_number":10,"text":"ﮮ","translation":{"text":"they will dispute","language_name":"english","language_id":38},"transliteration":{"text":"yataḥājjūna","language_name":"english","language_id":38}},{"id":46949,"position":3,"audio_url":"wbw/040_047_003.mp3","qpc_uthmani_hafs":"فِي","char_type_name":"word","page_number":472,"line_number":10,"text":"ﮯ","translation":{"text":"in","language_name":"english","language_id":38},"transliteration":{"text":"fī","language_name":"english","language_id":38}},{"id":46950,"position":4,"audio_url":"wbw/040_047_004.mp3","qpc_uthmani_hafs":"ٱلنَّارِ","char_type_name":"word","page_number":472,"line_number":11,"text":"ﮰ","translation":{"text":"the Fire","language_name":"english","language_id":38},"transliteration":{"text":"l-nāri","language_name":"english","language_id":38}},{"id":46951,"position":5,"audio_url":"wbw/040_047_005.mp3","qpc_uthmani_hafs":"فَيَقُولُ","char_type_name":"word","page_number":472,"line_number":11,"text":"ﮱ","translation":{"text":"then will say","language_name":"english","language_id":38},"transliteration":{"text":"fayaqūlu","language_name":"english","language_id":38}},{"id":46952,"position":6,"audio_url":"wbw/040_047_006.mp3","qpc_uthmani_hafs":"ٱلضُّعَفَٰٓؤُاْ","char_type_name":"word","page_number":472,"line_number":11,"text":"ﯓ","translation":{"text":"the weak","language_name":"english","language_id":38},"transliteration":{"text":"l-ḍuʿafāu","language_name":"english","language_id":38}},{"id":46953,"position":7,"audio_url":"wbw/040_047_007.mp3","qpc_uthmani_hafs":"لِلَّذِينَ","char_type_name":"word","page_number":472,"line_number":11,"text":"ﯔ","translation":{"text":"to those who","language_name":"english","language_id":38},"transliteration":{"text":"lilladhīna","language_name":"english","language_id":38}},{"id":46954,"position":8,"audio_url":"wbw/040_047_008.mp3","qpc_uthmani_hafs":"ٱسۡتَكۡبَرُوٓاْ","char_type_name":"word","page_number":472,"line_number":11,"text":"ﯕ","translation":{"text":"were arrogant","language_name":"english","language_id":38},"transliteration":{"text":"is'takbarū","language_name":"english","language_id":38}},{"id":46955,"position":9,"audio_url":"wbw/040_047_009.mp3","qpc_uthmani_hafs":"إِنَّا","char_type_name":"word","page_number":472,"line_number":11,"text":"ﯖ","translation":{"text":"Indeed, we","language_name":"english","language_id":38},"transliteration":{"text":"innā","language_name":"english","language_id":38}},{"id":46956,"position":10,"audio_url":"wbw/040_047_010.mp3","qpc_uthmani_hafs":"كُنَّا","char_type_name":"word","page_number":472,"line_number":11,"text":"ﯗ","translation":{"text":"[we] were","language_name":"english","language_id":38},"transliteration":{"text":"kunnā","language_name":"english","language_id":38}},{"id":46957,"position":11,"audio_url":"wbw/040_047_011.mp3","qpc_uthmani_hafs":"لَكُمۡ","char_type_name":"word","page_number":472,"line_number":12,"text":"ﯘ","translation":{"text":"for you","language_name":"english","language_id":38},"transliteration":{"text":"lakum","language_name":"english","language_id":38}},{"id":46958,"position":12,"audio_url":"wbw/040_047_012.mp3","qpc_uthmani_hafs":"تَبَعٗا","char_type_name":"word","page_number":472,"line_number":12,"text":"ﯙ","translation":{"text":"followers","language_name":"english","language_id":38},"transliteration":{"text":"tabaʿan","language_name":"english","language_id":38}},{"id":46959,"position":13,"audio_url":"wbw/040_047_013.mp3","qpc_uthmani_hafs":"فَهَلۡ","char_type_name":"word","page_number":472,"line_number":12,"text":"ﯚ","translation":{"text":"so can","language_name":"english","language_id":38},"transliteration":{"text":"fahal","language_name":"english","language_id":38}},{"id":46960,"position":14,"audio_url":"wbw/040_047_014.mp3","qpc_uthmani_hafs":"أَنتُم","char_type_name":"word","page_number":472,"line_number":12,"text":"ﯛ","translation":{"text":"you","language_name":"english","language_id":38},"transliteration":{"text":"antum","language_name":"english","language_id":38}},{"id":46961,"position":15,"audio_url":"wbw/040_047_015.mp3","qpc_uthmani_hafs":"مُّغۡنُونَ","char_type_name":"word","page_number":472,"line_number":12,"text":"ﯜ","translation":{"text":"avert","language_name":"english","language_id":38},"transliteration":{"text":"mugh'nūna","language_name":"english","language_id":38}},{"id":46962,"position":16,"audio_url":"wbw/040_047_016.mp3","qpc_uthmani_hafs":"عَنَّا","char_type_name":"word","page_number":472,"line_number":12,"text":"ﯝ","translation":{"text":"from us","language_name":"english","language_id":38},"transliteration":{"text":"ʿannā","language_name":"english","language_id":38}},{"id":46963,"position":17,"audio_url":"wbw/040_047_017.mp3","qpc_uthmani_hafs":"نَصِيبٗا","char_type_name":"word","page_number":472,"line_number":12,"text":"ﯞ","translation":{"text":"a portion","language_name":"english","language_id":38},"transliteration":{"text":"naṣīban","language_name":"english","language_id":38}},{"id":46964,"position":18,"audio_url":"wbw/040_047_018.mp3","qpc_uthmani_hafs":"مِّنَ","char_type_name":"word","page_number":472,"line_number":12,"text":"ﯟ","translation":{"text":"of","language_name":"english","language_id":38},"transliteration":{"text":"mina","language_name":"english","language_id":38}},{"id":46965,"position":19,"audio_url":"wbw/040_047_019.mp3","qpc_uthmani_hafs":"ٱلنَّارِ","char_type_name":"word","page_number":472,"line_number":12,"text":"ﯠ","translation":{"text":"the Fire","language_name":"english","language_id":38},"transliteration":{"text":"l-nāri","language_name":"english","language_id":38}},{"id":46966,"position":20,"audio_url":null,"qpc_uthmani_hafs":"٤٧","char_type_name":"end","page_number":472,"line_number":13,"text":"ﯡ","translation":{"text":"(47)","language_name":"english","language_id":38},"transliteration":{"text":null,"language_name":"english","language_id":38}}],"translations":[{"id":920609,"resource_id":134,"text":"Dan (ingatlah) ketika mereka berbantah-bantah dalam neraka, maka orang-orang yang lemah berkata kepada orang-orang yang menyombongkan diri, \"Sesungguhnya kami adalah pengikut-pengikutmu, maka dapatkah kamu menghindarkan dari kami sebagian azab api neraka?\""}]},{"id":4181,"verse_number":48,"verse_key":"40:48","juz_number":24,"hizb_number":48,"rub_el_hizb_number":189,"ruku_number":410,"manzil_number":6,"sajdah_number":null,"text_uthmani":"قَالَ ٱلَّذِينَ ٱسْتَكْبَرُوٓا۟ إِنَّا كُلٌّ فِيهَآ إِنَّ ٱللَّهَ قَدْ حَكَمَ بَيْنَ ٱلْعِبَادِ","page_number":472,"words":[{"id":47028,"position":1,"audio_url":"wbw/040_048_001.mp3","qpc_uthmani_hafs":"قَالَ","char_type_name":"word","page_number":472,"line_number":13,"text":"ﯢ","translation":{"text":"Will say","language_name":"english","language_id":38},"transliteration":{"text":"qāla","language_name":"english","language_id":38}},{"id":47029,"position":2,"audio_url":"wbw/040_048_002.mp3","qpc_uthmani_hafs":"ٱلَّذِينَ","char_type_name":"word","page_number":472,"line_number":13,"text":"ﯣ","translation":{"text":"those who","language_name":"english","language_id":38},"transliteration":{"text":"alladhīna","language_name":"english","language_id":38}},{"id":47030,"position":3,"audio_url":"wbw/040_048_003.mp3","qpc_uthmani_hafs":"ٱسۡتَكۡبَرُوٓاْ","char_type_name":"word","page_number":472,"line_number":13,"text":"ﯤ","translation":{"text":"(were) arrogant","language_name":"english","language_id":38},"transliteration":{"text":"is'takbarū","language_name":"english","language_id":38}},{"id":47031,"position":4,"audio_url":"wbw/040_048_004.mp3","qpc_uthmani_hafs":"إِنَّا","char_type_name":"word","page_number":472,"line_number":13,"text":"ﯥ","translation":{"text":"Indeed, we","language_name":"english","language_id":38},"transliteration":{"text":"innā","language_name":"english","language_id":38}},{"id":47032,"position":5,"audio_url":"wbw/040_048_005.mp3","qpc_uthmani_hafs":"كُلّٞ","char_type_name":"word","page_number":472,"line_number":13,"text":"ﯦ","translation":{"text":"all","language_name":"english","language_id":38},"transliteration":{"text":"kullun","language_name":"english","language_id":38}},{"id":47033,"position":6,"audio_url":"wbw/040_048_006.mp3","qpc_uthmani_hafs":"فِيهَآ","char_type_name":"word","page_number":472,"line_number":13,"text":"ﯧ","translation":{"text":"(are) in it","language_name":"english","language_id":38},"transliteration":{"text":"fīhā","language_name":"english","language_id":38}},{"id":47034,"position":7,"audio_url":"wbw/040_048_007.mp3","qpc_uthmani_hafs":"إِنَّ","char_type_name":"word","page_number":472,"line_number":13,"text":"ﯨ","translation":{"text":"Indeed","language_name":"english","language_id":38},"transliteration":{"text":"inna","language_name":"english","language_id":38}},{"id":47035,"position":8,"audio_url":"wbw/040_048_008.mp3","qpc_uthmani_hafs":"ٱللَّهَ","char_type_name":"word","page_number":472,"line_number":13,"text":"ﯩ","translation":{"text":"Allah","language_name":"english","language_id":38},"transliteration":{"text":"l-laha","language_name":"english","language_id":38}},{"id":47036,"position":9,"audio_url":"wbw/040_048_009.mp3","qpc_uthmani_hafs":"قَدۡ","char_type_name":"word","page_number":472,"line_number":14,"text":"ﯪ","translation":{"text":"certainly","language_name":"english","language_id":38},"transliteration":{"text":"qad","language_name":"english","language_id":38}},{"id":47037,"position":10,"audio_url":"wbw/040_048_010.mp3","qpc_uthmani_hafs":"حَكَمَ","char_type_name":"word","page_number":472,"line_number":14,"text":"ﯫ","translation":{"text":"has judged","language_name":"english","language_id":38},"transliteration":{"text":"ḥakama","language_name":"english","language_id":38}},{"id":47038,"position":11,"audio_url":"wbw/040_048_011.mp3","qpc_uthmani_hafs":"بَيۡنَ","char_type_name":"word","page_number":472,"line_number":14,"text":"ﯬ","translation":{"text":"between","language_name":"english","language_id":38},"transliteration":{"text":"bayna","language_name":"english","language_id":38}},{"id":47039,"position":12,"audio_url":"wbw/040_048_012.mp3","qpc_uthmani_hafs":"ٱلۡعِبَادِ","char_type_name":"word","page_number":472,"line_number":14,"text":"ﯭ","translation":{"text":"(His) slaves","language_name":"english","language_id":38},"transliteration":{"text":"l-ʿibādi","language_name":"english","language_id":38}},{"id":47040,"position":13,"audio_url":null,"qpc_uthmani_hafs":"٤٨","char_type_name":"end","page_number":472,"line_number":14,"text":"ﯮ","translation":{"text":"(48)","language_name":"english","language_id":38},"transliteration":{"text":null,"language_name":"english","language_id":38}}],"translations":[{"id":920610,"resource_id":134,"text":"Orang-orang yang menyombongkan diri menjawab, \"Sesungguhnya kita semua sama-sama dalam neraka karena sesungguhnya Allah telah menetapkan keputusan antara hamba-hamba-(Nya)\"."}]},{"id":4182,"verse_number":49,"verse_key":"40:49","juz_number":24,"hizb_number":48,"rub_el_hizb_number":189,"ruku_number":410,"manzil_number":6,"sajdah_number":null,"text_uthmani":"وَقَالَ ٱلَّذِينَ فِى ٱلنَّارِ لِخَزَنَةِ جَهَنَّمَ ٱدْعُوا۟ رَبَّكُمْ يُخَفِّفْ عَنَّا يَوْمًا مِّنَ ٱلْعَذَابِ","page_number":472,"words":[{"id":48247,"position":1,"audio_url":"wbw/040_049_001.mp3","qpc_uthmani_hafs":"وَقَالَ","char_type_name":"word","page_number":472,"line_number":14,"text":"ﯯ","translation":{"text":"And will say","language_name":"english","language_id":38},"transliteration":{"text":"waqāla","language_name":"english","language_id":38}},{"id":48248,"position":2,"audio_url":"wbw/040_049_002.mp3","qpc_uthmani_hafs":"ٱلَّذِينَ","char_type_name":"word","page_number":472,"line_number":14,"text":"ﯰ","translation":{"text":"those","language_name":"english","language_id":38},"transliteration":{"text":"alladhīna","language_name":"english","language_id":38}},{"id":48249,"position":3,"audio_url":"wbw/040_049_003.mp3","qpc_uthmani_hafs":"فِي","char_type_name":"word","page_number":472,"line_number":14,"text":"ﯱ","translation":{"text":"in","language_name":"english","language_id":38},"transliteration":{"text":"fī","language_name":"english","language_id":38}},{"id":48250,"position":4,"audio_url":"wbw/040_049_004.mp3","qpc_uthmani_hafs":"ٱلنَّارِ","char_type_name":"word","page_number":472,"line_number":14,"text":"ﯲ","translation":{"text":"the Fire","language_name":"english","language_id":38},"transliteration":{"text":"l-nāri","language_name":"english","language_id":38}},{"id":48251,"position":5,"audio_url":"wbw/040_049_005.mp3","qpc_uthmani_hafs":"لِخَزَنَةِ","char_type_name":"word","page_number":472,"line_number":14,"text":"ﯳ","translation":{"text":"to (the) keepers","language_name":"english","language_id":38},"transliteration":{"text":"likhazanati","language_name":"english","language_id":38}},{"id":48252,"position":6,"audio_url":"wbw/040_049_006.mp3","qpc_uthmani_hafs":"جَهَنَّمَ","char_type_name":"word","page_number":472,"line_number":15,"text":"ﯴ","translation":{"text":"(of) Hell","language_name":"english","language_id":38},"transliteration":{"text":"jahannama","language_name":"english","language_id":38}},{"id":48253,"position":7,"audio_url":"wbw/040_049_007.mp3","qpc_uthmani_hafs":"ٱدۡعُواْ","char_type_name":"word","page_number":472,"line_number":15,"text":"ﯵ","translation":{"text":"Call","language_name":"english","language_id":38},"transliteration":{"text":"id'ʿū","language_name":"english","language_id":38}},{"id":48254,"position":8,"audio_url":"wbw/040_049_008.mp3","qpc_uthmani_hafs":"رَبَّكُمۡ","char_type_name":"word","page_number":472,"line_number":15,"text":"ﯶ","translation":{"text":"your Lord","language_name":"english","language_id":38},"transliteration":{"text":"rabbakum","language_name":"english","language_id":38}},{"id":48255,"position":9,"audio_url":"wbw/040_049_009.mp3","qpc_uthmani_hafs":"يُخَفِّفۡ","char_type_name":"word","page_number":472,"line_number":15,"text":"ﯷ","translation":{"text":"(to) lighten","language_name":"english","language_id":38},"transliteration":{"text":"yukhaffif","language_name":"english","language_id":38}},{"id":48256,"position":10,"audio_url":"wbw/040_049_010.mp3","qpc_uthmani_hafs":"عَنَّا","char_type_name":"word","page_number":472,"line_number":15,"text":"ﯸ","translation":{"text":"for us","language_name":"english","language_id":38},"transliteration":{"text":"ʿannā","language_name":"english","language_id":38}},{"id":48257,"position":11,"audio_url":"wbw/040_049_011.mp3","qpc_uthmani_hafs":"يَوۡمٗا","char_type_name":"word","page_number":472,"line_number":15,"text":"ﯹ","translation":{"text":"a day","language_name":"english","language_id":38},"transliteration":{"text":"yawman","language_name":"english","language_id":38}},{"id":48258,"position":12,"audio_url":"wbw/040_049_012.mp3","qpc_uthmani_hafs":"مِّنَ","char_type_name":"word","page_number":472,"line_number":15,"text":"ﯺ","translation":{"text":"of","language_name":"english","language_id":38},"transliteration":{"text":"mina","language_name":"english","language_id":38}},{"id":48259,"position":13,"audio_url":"wbw/040_049_013.mp3","qpc_uthmani_hafs":"ٱلۡعَذَابِ","char_type_name":"word","page_number":472,"line_number":15,"text":"ﯻ","translation":{"text":"the punishment","language_name":"english","language_id":38},"transliteration":{"text":"l-ʿadhābi","language_name":"english","language_id":38}},{"id":48260,"position":14,"audio_url":null,"qpc_uthmani_hafs":"٤٩","char_type_name":"end","page_number":472,"line_number":15,"text":"ﯼ","translation":{"text":"(49)","language_name":"english","language_id":38},"transliteration":{"text":null,"language_name":"english","language_id":38}}],"translations":[{"id":920611,"resource_id":134,"text":"Dan orang-orang yang berada dalam neraka berkata kepada penjaga-penjaga neraka Jahanam, \"Mohonkanlah kepada Tuhan-mu supaya Dia meringankan azab dari kami barang sehari\"."}]}],"pagination":{"per_page":50,"current_page":1,"next_page":null,"total_pages":1,"total_records":9}}