{"verses":[{"id":4200,"verse_number":67,"verse_key":"40:67","juz_number":24,"hizb_number":48,"rub_el_hizb_number":190,"ruku_number":412,"manzil_number":6,"sajdah_number":null,"text_uthmani":"هُوَ ٱلَّذِى خَلَقَكُم مِّن تُرَابٍ ثُمَّ مِن نُّطْفَةٍ ثُمَّ مِنْ عَلَقَةٍ ثُمَّ يُخْرِجُكُمْ طِفْلًا ثُمَّ لِتَبْلُغُوٓا۟ أَشُدَّكُمْ ثُمَّ لِتَكُونُوا۟ شُيُوخًا ۚ وَمِنكُم مَّن يُتَوَفَّىٰ مِن قَبْلُ ۖ وَلِتَبْلُغُوٓا۟ أَجَلًا مُّسَمًّى وَلَعَلَّكُمْ تَعْقِلُونَ","page_number":475,"words":[{"id":58133,"position":1,"audio_url":"wbw/040_067_001.mp3","qpc_uthmani_hafs":"هُوَ","char_type_name":"word","page_number":475,"line_number":1,"text":"ﭑ","translation":{"text":"He","language_name":"english","language_id":38},"transliteration":{"text":"huwa","language_name":"english","language_id":38}},{"id":58134,"position":2,"audio_url":"wbw/040_067_002.mp3","qpc_uthmani_hafs":"ٱلَّذِي","char_type_name":"word","page_number":475,"line_number":1,"text":"ﭒ","translation":{"text":"(is) the One Who","language_name":"english","language_id":38},"transliteration":{"text":"alladhī","language_name":"english","language_id":38}},{"id":58135,"position":3,"audio_url":"wbw/040_067_003.mp3","qpc_uthmani_hafs":"خَلَقَكُم","char_type_name":"word","page_number":475,"line_number":1,"text":"ﭓ","translation":{"text":"created you","language_name":"english","language_id":38},"transliteration":{"text":"khalaqakum","language_name":"english","language_id":38}},{"id":58136,"position":4,"audio_url":"wbw/040_067_004.mp3","qpc_uthmani_hafs":"مِّن","char_type_name":"word","page_number":475,"line_number":1,"text":"ﭔ","translation":{"text":"from","language_name":"english","language_id":38},"transliteration":{"text":"min","language_name":"english","language_id":38}},{"id":58137,"position":5,"audio_url":"wbw/040_067_005.mp3","qpc_uthmani_hafs":"تُرَابٖ","char_type_name":"word","page_number":475,"line_number":1,"text":"ﭕ","translation":{"text":"dust","language_name":"english","language_id":38},"transliteration":{"text":"turābin","language_name":"english","language_id":38}},{"id":58138,"position":6,"audio_url":"wbw/040_067_006.mp3","qpc_uthmani_hafs":"ثُمَّ","char_type_name":"word","page_number":475,"line_number":1,"text":"ﭖ","translation":{"text":"then","language_name":"english","language_id":38},"transliteration":{"text":"thumma","language_name":"english","language_id":38}},{"id":58139,"position":7,"audio_url":"wbw/040_067_007.mp3","qpc_uthmani_hafs":"مِن","char_type_name":"word","page_number":475,"line_number":1,"text":"ﭗ","translation":{"text":"from","language_name":"english","language_id":38},"transliteration":{"text":"min","language_name":"english","language_id":38}},{"id":58140,"position":8,"audio_url":"wbw/040_067_008.mp3","qpc_uthmani_hafs":"نُّطۡفَةٖ","char_type_name":"word","page_number":475,"line_number":1,"text":"ﭘ","translation":{"text":"a semen-drop","language_name":"english","language_id":38},"transliteration":{"text":"nuṭ'fatin","language_name":"english","language_id":38}},{"id":58141,"position":9,"audio_url":"wbw/040_067_009.mp3","qpc_uthmani_hafs":"ثُمَّ","char_type_name":"word","page_number":475,"line_number":1,"text":"ﭙ","translation":{"text":"then","language_name":"english","language_id":38},"transliteration":{"text":"thumma","language_name":"english","language_id":38}},{"id":58142,"position":10,"audio_url":"wbw/040_067_010.mp3","qpc_uthmani_hafs":"مِنۡ","char_type_name":"word","page_number":475,"line_number":1,"text":"ﭚ","translation":{"text":"from","language_name":"english","language_id":38},"transliteration":{"text":"min","language_name":"english","language_id":38}},{"id":58143,"position":11,"audio_url":"wbw/040_067_011.mp3","qpc_uthmani_hafs":"عَلَقَةٖ","char_type_name":"word","page_number":475,"line_number":1,"text":"ﭛ","translation":{"text":"a clinging substance","language_name":"english","language_id":38},"transliteration":{"text":"ʿalaqatin","language_name":"english","language_id":38}},{"id":58144,"position":12,"audio_url":"wbw/040_067_012.mp3","qpc_uthmani_hafs":"ثُمَّ","char_type_name":"word","page_number":475,"line_number":1,"text":"ﭜ","translation":{"text":"then","language_name":"english","language_id":38},"transliteration":{"text":"thumma","language_name":"english","language_id":38}},{"id":58145,"position":13,"audio_url":"wbw/040_067_013.mp3","qpc_uthmani_hafs":"يُخۡرِجُكُمۡ","char_type_name":"word","page_number":475,"line_number":2,"text":"ﭝ","translation":{"text":"He brings you out","language_name":"english","language_id":38},"transliteration":{"text":"yukh'rijukum","language_name":"english","language_id":38}},{"id":58146,"position":14,"audio_url":"wbw/040_067_014.mp3","qpc_uthmani_hafs":"طِفۡلٗا","char_type_name":"word","page_number":475,"line_number":2,"text":"ﭞ","translation":{"text":"(as) a child","language_name":"english","language_id":38},"transliteration":{"text":"ṭif'lan","language_name":"english","language_id":38}},{"id":58147,"position":15,"audio_url":"wbw/040_067_015.mp3","qpc_uthmani_hafs":"ثُمَّ","char_type_name":"word","page_number":475,"line_number":2,"text":"ﭟ","translation":{"text":"then","language_name":"english","language_id":38},"transliteration":{"text":"thumma","language_name":"english","language_id":38}},{"id":58148,"position":16,"audio_url":"wbw/040_067_016.mp3","qpc_uthmani_hafs":"لِتَبۡلُغُوٓاْ","char_type_name":"word","page_number":475,"line_number":2,"text":"ﭠ","translation":{"text":"lets you reach","language_name":"english","language_id":38},"transliteration":{"text":"litablughū","language_name":"english","language_id":38}},{"id":58149,"position":17,"audio_url":"wbw/040_067_017.mp3","qpc_uthmani_hafs":"أَشُدَّكُمۡ","char_type_name":"word","page_number":475,"line_number":2,"text":"ﭡ","translation":{"text":"your maturity","language_name":"english","language_id":38},"transliteration":{"text":"ashuddakum","language_name":"english","language_id":38}},{"id":58150,"position":18,"audio_url":"wbw/040_067_018.mp3","qpc_uthmani_hafs":"ثُمَّ","char_type_name":"word","page_number":475,"line_number":2,"text":"ﭢ","translation":{"text":"then","language_name":"english","language_id":38},"transliteration":{"text":"thumma","language_name":"english","language_id":38}},{"id":58151,"position":19,"audio_url":"wbw/040_067_019.mp3","qpc_uthmani_hafs":"لِتَكُونُواْ","char_type_name":"word","page_number":475,"line_number":2,"text":"ﭣ","translation":{"text":"lets you become","language_name":"english","language_id":38},"transliteration":{"text":"litakūnū","language_name":"english","language_id":38}},{"id":58152,"position":20,"audio_url":"wbw/040_067_020.mp3","qpc_uthmani_hafs":"شُيُوخٗاۚ","char_type_name":"word","page_number":475,"line_number":3,"text":"ﭤﭥ","translation":{"text":"old ","language_name":"english","language_id":38},"transliteration":{"text":"shuyūkhan","language_name":"english","language_id":38}},{"id":58154,"position":21,"audio_url":"wbw/040_067_022.mp3","qpc_uthmani_hafs":"وَمِنكُم","char_type_name":"word","page_number":475,"line_number":3,"text":"ﭦ","translation":{"text":"and among you","language_name":"english","language_id":38},"transliteration":{"text":"waminkum","language_name":"english","language_id":38}},{"id":58155,"position":22,"audio_url":"wbw/040_067_023.mp3","qpc_uthmani_hafs":"مَّن","char_type_name":"word","page_number":475,"line_number":3,"text":"ﭧ","translation":{"text":"(is he) who","language_name":"english","language_id":38},"transliteration":{"text":"man","language_name":"english","language_id":38}},{"id":58156,"position":23,"audio_url":"wbw/040_067_024.mp3","qpc_uthmani_hafs":"يُتَوَفَّىٰ","char_type_name":"word","page_number":475,"line_number":3,"text":"ﭨ","translation":{"text":"dies","language_name":"english","language_id":38},"transliteration":{"text":"yutawaffā","language_name":"english","language_id":38}},{"id":58157,"position":24,"audio_url":"wbw/040_067_025.mp3","qpc_uthmani_hafs":"مِن","char_type_name":"word","page_number":475,"line_number":3,"text":"ﭩ","translation":{"text":"before ","language_name":"english","language_id":38},"transliteration":{"text":"min","language_name":"english","language_id":38}},{"id":58158,"position":25,"audio_url":"wbw/040_067_026.mp3","qpc_uthmani_hafs":"قَبۡلُۖ","char_type_name":"word","page_number":475,"line_number":3,"text":"ﭪﭫ","translation":{"text":"before ","language_name":"english","language_id":38},"transliteration":{"text":"qablu","language_name":"english","language_id":38}},{"id":58160,"position":26,"audio_url":"wbw/040_067_028.mp3","qpc_uthmani_hafs":"وَلِتَبۡلُغُوٓاْ","char_type_name":"word","page_number":475,"line_number":3,"text":"ﭬ","translation":{"text":"and lets you reach","language_name":"english","language_id":38},"transliteration":{"text":"walitablughū","language_name":"english","language_id":38}},{"id":58161,"position":27,"audio_url":"wbw/040_067_029.mp3","qpc_uthmani_hafs":"أَجَلٗا","char_type_name":"word","page_number":475,"line_number":3,"text":"ﭭ","translation":{"text":"a term","language_name":"english","language_id":38},"transliteration":{"text":"ajalan","language_name":"english","language_id":38}},{"id":58162,"position":28,"audio_url":"wbw/040_067_030.mp3","qpc_uthmani_hafs":"مُّسَمّٗى","char_type_name":"word","page_number":475,"line_number":3,"text":"ﭮ","translation":{"text":"specified","language_name":"english","language_id":38},"transliteration":{"text":"musamman","language_name":"english","language_id":38}},{"id":58163,"position":29,"audio_url":"wbw/040_067_031.mp3","qpc_uthmani_hafs":"وَلَعَلَّكُمۡ","char_type_name":"word","page_number":475,"line_number":4,"text":"ﭯ","translation":{"text":"and that you may","language_name":"english","language_id":38},"transliteration":{"text":"walaʿallakum","language_name":"english","language_id":38}},{"id":58164,"position":30,"audio_url":"wbw/040_067_032.mp3","qpc_uthmani_hafs":"تَعۡقِلُونَ","char_type_name":"word","page_number":475,"line_number":4,"text":"ﭰ","translation":{"text":"use reason","language_name":"english","language_id":38},"transliteration":{"text":"taʿqilūna","language_name":"english","language_id":38}},{"id":58165,"position":31,"audio_url":null,"qpc_uthmani_hafs":"٦٧","char_type_name":"end","page_number":475,"line_number":4,"text":"ﭱ","translation":{"text":"(67)","language_name":"english","language_id":38},"transliteration":{"text":null,"language_name":"english","language_id":38}}],"translations":[{"id":920629,"resource_id":134,"text":"Dia-lah yang menciptakan kamu dari tanah, kemudian dari setetes air mani, sesudah itu dari segumpal darah, kemudian dilahirkannya kamu sebagai seorang anak, kemudian (kamu dibiarkan hidup) supaya kamu sampai kepada masa (dewasa), kemudian (dibiarkan kamu hidup lagi) sampai tua, di antara kamu ada yang diwafatkan sebelum itu.  (Kami perbuat demikian) supaya kamu sampai kepada ajal yang ditentukan dan supaya kamu memahami(nya)."}]},{"id":4201,"verse_number":68,"verse_key":"40:68","juz_number":24,"hizb_number":48,"rub_el_hizb_number":190,"ruku_number":412,"manzil_number":6,"sajdah_number":null,"text_uthmani":"هُوَ ٱلَّذِى يُحْىِۦ وَيُمِيتُ ۖ فَإِذَا قَضَىٰٓ أَمْرًا فَإِنَّمَا يَقُولُ لَهُۥ كُن فَيَكُونُ","page_number":475,"words":[{"id":58445,"position":1,"audio_url":"wbw/040_068_001.mp3","qpc_uthmani_hafs":"هُوَ","char_type_name":"word","page_number":475,"line_number":4,"text":"ﭲ","translation":{"text":"He","language_name":"english","language_id":38},"transliteration":{"text":"huwa","language_name":"english","language_id":38}},{"id":58446,"position":2,"audio_url":"wbw/040_068_002.mp3","qpc_uthmani_hafs":"ٱلَّذِي","char_type_name":"word","page_number":475,"line_number":4,"text":"ﭳ","translation":{"text":"(is) the One Who","language_name":"english","language_id":38},"transliteration":{"text":"alladhī","language_name":"english","language_id":38}},{"id":58447,"position":3,"audio_url":"wbw/040_068_003.mp3","qpc_uthmani_hafs":"يُحۡيِۦ","char_type_name":"word","page_number":475,"line_number":4,"text":"ﭴ","translation":{"text":"gives life","language_name":"english","language_id":38},"transliteration":{"text":"yuḥ'yī","language_name":"english","language_id":38}},{"id":58448,"position":4,"audio_url":"wbw/040_068_004.mp3","qpc_uthmani_hafs":"وَيُمِيتُۖ","char_type_name":"word","page_number":475,"line_number":4,"text":"ﭵﭶ","translation":{"text":"and causes death","language_name":"english","language_id":38},"transliteration":{"text":"wayumītu","language_name":"english","language_id":38}},{"id":58450,"position":5,"audio_url":"wbw/040_068_006.mp3","qpc_uthmani_hafs":"فَإِذَا","char_type_name":"word","page_number":475,"line_number":4,"text":"ﭷ","translation":{"text":"And when","language_name":"english","language_id":38},"transliteration":{"text":"fa-idhā","language_name":"english","language_id":38}},{"id":58451,"position":6,"audio_url":"wbw/040_068_007.mp3","qpc_uthmani_hafs":"قَضَىٰٓ","char_type_name":"word","page_number":475,"line_number":5,"text":"ﭸ","translation":{"text":"He decrees","language_name":"english","language_id":38},"transliteration":{"text":"qaḍā","language_name":"english","language_id":38}},{"id":58452,"position":7,"audio_url":"wbw/040_068_008.mp3","qpc_uthmani_hafs":"أَمۡرٗا","char_type_name":"word","page_number":475,"line_number":5,"text":"ﭹ","translation":{"text":"a matter","language_name":"english","language_id":38},"transliteration":{"text":"amran","language_name":"english","language_id":38}},{"id":58453,"position":8,"audio_url":"wbw/040_068_009.mp3","qpc_uthmani_hafs":"فَإِنَّمَا","char_type_name":"word","page_number":475,"line_number":5,"text":"ﭺ","translation":{"text":"then only","language_name":"english","language_id":38},"transliteration":{"text":"fa-innamā","language_name":"english","language_id":38}},{"id":58454,"position":9,"audio_url":"wbw/040_068_010.mp3","qpc_uthmani_hafs":"يَقُولُ","char_type_name":"word","page_number":475,"line_number":5,"text":"ﭻ","translation":{"text":"He says","language_name":"english","language_id":38},"transliteration":{"text":"yaqūlu","language_name":"english","language_id":38}},{"id":58455,"position":10,"audio_url":"wbw/040_068_011.mp3","qpc_uthmani_hafs":"لَهُۥ","char_type_name":"word","page_number":475,"line_number":5,"text":"ﭼ","translation":{"text":"to it","language_name":"english","language_id":38},"transliteration":{"text":"lahu","language_name":"english","language_id":38}},{"id":58456,"position":11,"audio_url":"wbw/040_068_012.mp3","qpc_uthmani_hafs":"كُن","char_type_name":"word","page_number":475,"line_number":5,"text":"ﭽ","translation":{"text":"Be","language_name":"english","language_id":38},"transliteration":{"text":"kun","language_name":"english","language_id":38}},{"id":58457,"position":12,"audio_url":"wbw/040_068_013.mp3","qpc_uthmani_hafs":"فَيَكُونُ","char_type_name":"word","page_number":475,"line_number":5,"text":"ﭾ","translation":{"text":"and it is","language_name":"english","language_id":38},"transliteration":{"text":"fayakūnu","language_name":"english","language_id":38}},{"id":58458,"position":13,"audio_url":null,"qpc_uthmani_hafs":"٦٨","char_type_name":"end","page_number":475,"line_number":5,"text":"ﭿ","translation":{"text":"(68)","language_name":"english","language_id":38},"transliteration":{"text":null,"language_name":"english","language_id":38}}],"translations":[{"id":920630,"resource_id":134,"text":"Dia-lah yang menghidupkan dan mematikan, maka apabila Dia menetapkan sesuatu urusan, Dia hanya bekata kepadanya, \"Jadilah\", maka jadilah ia."}]},{"id":4202,"verse_number":69,"verse_key":"40:69","juz_number":24,"hizb_number":48,"rub_el_hizb_number":190,"ruku_number":413,"manzil_number":6,"sajdah_number":null,"text_uthmani":"أَلَمْ تَرَ إِلَى ٱلَّذِينَ يُجَـٰدِلُونَ فِىٓ ءَايَـٰتِ ٱللَّهِ أَنَّىٰ يُصْرَفُونَ","page_number":475,"words":[{"id":59176,"position":1,"audio_url":"wbw/040_069_001.mp3","qpc_uthmani_hafs":"أَلَمۡ","char_type_name":"word","page_number":475,"line_number":5,"text":"ﮀ","translation":{"text":"Do not","language_name":"english","language_id":38},"transliteration":{"text":"alam","language_name":"english","language_id":38}},{"id":59177,"position":2,"audio_url":"wbw/040_069_002.mp3","qpc_uthmani_hafs":"تَرَ","char_type_name":"word","page_number":475,"line_number":5,"text":"ﮁ","translation":{"text":"you see","language_name":"english","language_id":38},"transliteration":{"text":"tara","language_name":"english","language_id":38}},{"id":59178,"position":3,"audio_url":"wbw/040_069_003.mp3","qpc_uthmani_hafs":"إِلَى","char_type_name":"word","page_number":475,"line_number":5,"text":"ﮂ","translation":{"text":"[to]","language_name":"english","language_id":38},"transliteration":{"text":"ilā","language_name":"english","language_id":38}},{"id":59179,"position":4,"audio_url":"wbw/040_069_004.mp3","qpc_uthmani_hafs":"ٱلَّذِينَ","char_type_name":"word","page_number":475,"line_number":5,"text":"ﮃ","translation":{"text":"those who","language_name":"english","language_id":38},"transliteration":{"text":"alladhīna","language_name":"english","language_id":38}},{"id":59180,"position":5,"audio_url":"wbw/040_069_005.mp3","qpc_uthmani_hafs":"يُجَٰدِلُونَ","char_type_name":"word","page_number":475,"line_number":6,"text":"ﮄ","translation":{"text":"dispute","language_name":"english","language_id":38},"transliteration":{"text":"yujādilūna","language_name":"english","language_id":38}},{"id":59181,"position":6,"audio_url":"wbw/040_069_006.mp3","qpc_uthmani_hafs":"فِيٓ","char_type_name":"word","page_number":475,"line_number":6,"text":"ﮅ","translation":{"text":"concerning","language_name":"english","language_id":38},"transliteration":{"text":"fī","language_name":"english","language_id":38}},{"id":59182,"position":7,"audio_url":"wbw/040_069_007.mp3","qpc_uthmani_hafs":"ءَايَٰتِ","char_type_name":"word","page_number":475,"line_number":6,"text":"ﮆ","translation":{"text":"(the) Signs","language_name":"english","language_id":38},"transliteration":{"text":"āyāti","language_name":"english","language_id":38}},{"id":59183,"position":8,"audio_url":"wbw/040_069_008.mp3","qpc_uthmani_hafs":"ٱللَّهِ","char_type_name":"word","page_number":475,"line_number":6,"text":"ﮇ","translation":{"text":"(of) Allah","language_name":"english","language_id":38},"transliteration":{"text":"l-lahi","language_name":"english","language_id":38}},{"id":59184,"position":9,"audio_url":"wbw/040_069_009.mp3","qpc_uthmani_hafs":"أَنَّىٰ","char_type_name":"word","page_number":475,"line_number":6,"text":"ﮈ","translation":{"text":"How","language_name":"english","language_id":38},"transliteration":{"text":"annā","language_name":"english","language_id":38}},{"id":59185,"position":10,"audio_url":"wbw/040_069_010.mp3","qpc_uthmani_hafs":"يُصۡرَفُونَ","char_type_name":"word","page_number":475,"line_number":6,"text":"ﮉ","translation":{"text":"they are turned away","language_name":"english","language_id":38},"transliteration":{"text":"yuṣ'rafūna","language_name":"english","language_id":38}},{"id":59186,"position":11,"audio_url":null,"qpc_uthmani_hafs":"٦٩","char_type_name":"end","page_number":475,"line_number":6,"text":"ﮊ","translation":{"text":"(69)","language_name":"english","language_id":38},"transliteration":{"text":null,"language_name":"english","language_id":38}}],"translations":[{"id":920631,"resource_id":134,"text":"Apakah kamu tidak melihat kepada orang-orang yang membantah ayat-ayat Allah? Bagaimanakah mereka dapat dipalingkan?"}]},{"id":4203,"verse_number":70,"verse_key":"40:70","juz_number":24,"hizb_number":48,"rub_el_hizb_number":190,"ruku_number":413,"manzil_number":6,"sajdah_number":null,"text_uthmani":"ٱلَّذِينَ كَذَّبُوا۟ بِٱلْكِتَـٰبِ وَبِمَآ أَرْسَلْنَا بِهِۦ رُسُلَنَا ۖ فَسَوْفَ يَعْلَمُونَ","page_number":475,"words":[{"id":59348,"position":1,"audio_url":"wbw/040_070_001.mp3","qpc_uthmani_hafs":"ٱلَّذِينَ","char_type_name":"word","page_number":475,"line_number":6,"text":"ﮋ","translation":{"text":"Those who","language_name":"english","language_id":38},"transliteration":{"text":"alladhīna","language_name":"english","language_id":38}},{"id":59349,"position":2,"audio_url":"wbw/040_070_002.mp3","qpc_uthmani_hafs":"كَذَّبُواْ","char_type_name":"word","page_number":475,"line_number":6,"text":"ﮌ","translation":{"text":"deny","language_name":"english","language_id":38},"transliteration":{"text":"kadhabū","language_name":"english","language_id":38}},{"id":59350,"position":3,"audio_url":"wbw/040_070_003.mp3","qpc_uthmani_hafs":"بِٱلۡكِتَٰبِ","char_type_name":"word","page_number":475,"line_number":7,"text":"ﮍ","translation":{"text":"the Book","language_name":"english","language_id":38},"transliteration":{"text":"bil-kitābi","language_name":"english","language_id":38}},{"id":59351,"position":4,"audio_url":"wbw/040_070_004.mp3","qpc_uthmani_hafs":"وَبِمَآ","char_type_name":"word","page_number":475,"line_number":7,"text":"ﮎ","translation":{"text":"and with what","language_name":"english","language_id":38},"transliteration":{"text":"wabimā","language_name":"english","language_id":38}},{"id":59352,"position":5,"audio_url":"wbw/040_070_005.mp3","qpc_uthmani_hafs":"أَرۡسَلۡنَا","char_type_name":"word","page_number":475,"line_number":7,"text":"ﮏ","translation":{"text":"We sent","language_name":"english","language_id":38},"transliteration":{"text":"arsalnā","language_name":"english","language_id":38}},{"id":59353,"position":6,"audio_url":"wbw/040_070_006.mp3","qpc_uthmani_hafs":"بِهِۦ","char_type_name":"word","page_number":475,"line_number":7,"text":"ﮐ","translation":{"text":"with it","language_name":"english","language_id":38},"transliteration":{"text":"bihi","language_name":"english","language_id":38}},{"id":59354,"position":7,"audio_url":"wbw/040_070_007.mp3","qpc_uthmani_hafs":"رُسُلَنَاۖ","char_type_name":"word","page_number":475,"line_number":7,"text":"ﮑﮒ","translation":{"text":"Our Messengers","language_name":"english","language_id":38},"transliteration":{"text":"rusulanā","language_name":"english","language_id":38}},{"id":59356,"position":8,"audio_url":"wbw/040_070_009.mp3","qpc_uthmani_hafs":"فَسَوۡفَ","char_type_name":"word","page_number":475,"line_number":7,"text":"ﮓ","translation":{"text":"but soon","language_name":"english","language_id":38},"transliteration":{"text":"fasawfa","language_name":"english","language_id":38}},{"id":59357,"position":9,"audio_url":"wbw/040_070_010.mp3","qpc_uthmani_hafs":"يَعۡلَمُونَ","char_type_name":"word","page_number":475,"line_number":7,"text":"ﮔ","translation":{"text":"they will know","language_name":"english","language_id":38},"transliteration":{"text":"yaʿlamūna","language_name":"english","language_id":38}},{"id":59358,"position":10,"audio_url":null,"qpc_uthmani_hafs":"٧٠","char_type_name":"end","page_number":475,"line_number":8,"text":"ﮕ","translation":{"text":"(70)","language_name":"english","language_id":38},"transliteration":{"text":null,"language_name":"english","language_id":38}}],"translations":[{"id":920632,"resource_id":134,"text":"(Yaitu) orang-orang yang mendustakan Alkitab (Al-Qur`ān) dan wahyu yang dibawa oleh rasul-rasul Kami yang telah Kami utus. Kelak mereka akan mengetahui,"}]},{"id":4204,"verse_number":71,"verse_key":"40:71","juz_number":24,"hizb_number":48,"rub_el_hizb_number":190,"ruku_number":413,"manzil_number":6,"sajdah_number":null,"text_uthmani":"إِذِ ٱلْأَغْلَـٰلُ فِىٓ أَعْنَـٰقِهِمْ وَٱلسَّلَـٰسِلُ يُسْحَبُونَ","page_number":475,"words":[{"id":60108,"position":1,"audio_url":"wbw/040_071_001.mp3","qpc_uthmani_hafs":"إِذِ","char_type_name":"word","page_number":475,"line_number":8,"text":"ﮖ","translation":{"text":"When","language_name":"english","language_id":38},"transliteration":{"text":"idhi","language_name":"english","language_id":38}},{"id":60109,"position":2,"audio_url":"wbw/040_071_002.mp3","qpc_uthmani_hafs":"ٱلۡأَغۡلَٰلُ","char_type_name":"word","page_number":475,"line_number":8,"text":"ﮗ","translation":{"text":"the iron collars","language_name":"english","language_id":38},"transliteration":{"text":"l-aghlālu","language_name":"english","language_id":38}},{"id":60110,"position":3,"audio_url":"wbw/040_071_003.mp3","qpc_uthmani_hafs":"فِيٓ","char_type_name":"word","page_number":475,"line_number":8,"text":"ﮘ","translation":{"text":"(will be) around","language_name":"english","language_id":38},"transliteration":{"text":"fī","language_name":"english","language_id":38}},{"id":60111,"position":4,"audio_url":"wbw/040_071_004.mp3","qpc_uthmani_hafs":"أَعۡنَٰقِهِمۡ","char_type_name":"word","page_number":475,"line_number":8,"text":"ﮙ","translation":{"text":"their necks","language_name":"english","language_id":38},"transliteration":{"text":"aʿnāqihim","language_name":"english","language_id":38}},{"id":60112,"position":5,"audio_url":"wbw/040_071_005.mp3","qpc_uthmani_hafs":"وَٱلسَّلَٰسِلُ","char_type_name":"word","page_number":475,"line_number":8,"text":"ﮚ","translation":{"text":"and the chains","language_name":"english","language_id":38},"transliteration":{"text":"wal-salāsilu","language_name":"english","language_id":38}},{"id":60113,"position":6,"audio_url":"wbw/040_071_006.mp3","qpc_uthmani_hafs":"يُسۡحَبُونَ","char_type_name":"word","page_number":475,"line_number":8,"text":"ﮛ","translation":{"text":"they will be dragged","language_name":"english","language_id":38},"transliteration":{"text":"yus'ḥabūna","language_name":"english","language_id":38}},{"id":60114,"position":7,"audio_url":null,"qpc_uthmani_hafs":"٧١","char_type_name":"end","page_number":475,"line_number":8,"text":"ﮜ","translation":{"text":"(71)","language_name":"english","language_id":38},"transliteration":{"text":null,"language_name":"english","language_id":38}}],"translations":[{"id":920633,"resource_id":134,"text":"ketika belenggu dan rantai dipasang di leher mereka, seraya mereka diseret,"}]},{"id":4205,"verse_number":72,"verse_key":"40:72","juz_number":24,"hizb_number":48,"rub_el_hizb_number":190,"ruku_number":413,"manzil_number":6,"sajdah_number":null,"text_uthmani":"فِى ٱلْحَمِيمِ ثُمَّ فِى ٱلنَّارِ يُسْجَرُونَ","page_number":475,"words":[{"id":60402,"position":1,"audio_url":"wbw/040_072_001.mp3","qpc_uthmani_hafs":"فِي","char_type_name":"word","page_number":475,"line_number":9,"text":"ﮝ","translation":{"text":"In","language_name":"english","language_id":38},"transliteration":{"text":"fī","language_name":"english","language_id":38}},{"id":60403,"position":2,"audio_url":"wbw/040_072_002.mp3","qpc_uthmani_hafs":"ٱلۡحَمِيمِ","char_type_name":"word","page_number":475,"line_number":9,"text":"ﮞ","translation":{"text":"the boiling water","language_name":"english","language_id":38},"transliteration":{"text":"l-ḥamīmi","language_name":"english","language_id":38}},{"id":60404,"position":3,"audio_url":"wbw/040_072_003.mp3","qpc_uthmani_hafs":"ثُمَّ","char_type_name":"word","page_number":475,"line_number":9,"text":"ﮟ","translation":{"text":"then","language_name":"english","language_id":38},"transliteration":{"text":"thumma","language_name":"english","language_id":38}},{"id":60405,"position":4,"audio_url":"wbw/040_072_004.mp3","qpc_uthmani_hafs":"فِي","char_type_name":"word","page_number":475,"line_number":9,"text":"ﮠ","translation":{"text":"in","language_name":"english","language_id":38},"transliteration":{"text":"fī","language_name":"english","language_id":38}},{"id":60406,"position":5,"audio_url":"wbw/040_072_005.mp3","qpc_uthmani_hafs":"ٱلنَّارِ","char_type_name":"word","page_number":475,"line_number":9,"text":"ﮡ","translation":{"text":"the Fire","language_name":"english","language_id":38},"transliteration":{"text":"l-nāri","language_name":"english","language_id":38}},{"id":60407,"position":6,"audio_url":"wbw/040_072_006.mp3","qpc_uthmani_hafs":"يُسۡجَرُونَ","char_type_name":"word","page_number":475,"line_number":9,"text":"ﮢ","translation":{"text":"they will be burned","language_name":"english","language_id":38},"transliteration":{"text":"yus'jarūna","language_name":"english","language_id":38}},{"id":60408,"position":7,"audio_url":null,"qpc_uthmani_hafs":"٧٢","char_type_name":"end","page_number":475,"line_number":9,"text":"ﮣ","translation":{"text":"(72)","language_name":"english","language_id":38},"transliteration":{"text":null,"language_name":"english","language_id":38}}],"translations":[{"id":920634,"resource_id":134,"text":"ke dalam air yang sangat panas, kemudian mereka dibakar dalam api,"}]},{"id":4206,"verse_number":73,"verse_key":"40:73","juz_number":24,"hizb_number":48,"rub_el_hizb_number":190,"ruku_number":413,"manzil_number":6,"sajdah_number":null,"text_uthmani":"ثُمَّ قِيلَ لَهُمْ أَيْنَ مَا كُنتُمْ تُشْرِكُونَ","page_number":475,"words":[{"id":61101,"position":1,"audio_url":"wbw/040_073_001.mp3","qpc_uthmani_hafs":"ثُمَّ","char_type_name":"word","page_number":475,"line_number":9,"text":"ﮤ","translation":{"text":"Then","language_name":"english","language_id":38},"transliteration":{"text":"thumma","language_name":"english","language_id":38}},{"id":61102,"position":2,"audio_url":"wbw/040_073_002.mp3","qpc_uthmani_hafs":"قِيلَ","char_type_name":"word","page_number":475,"line_number":9,"text":"ﮥ","translation":{"text":"it will be said","language_name":"english","language_id":38},"transliteration":{"text":"qīla","language_name":"english","language_id":38}},{"id":61103,"position":3,"audio_url":"wbw/040_073_003.mp3","qpc_uthmani_hafs":"لَهُمۡ","char_type_name":"word","page_number":475,"line_number":9,"text":"ﮦ","translation":{"text":"to them","language_name":"english","language_id":38},"transliteration":{"text":"lahum","language_name":"english","language_id":38}},{"id":61104,"position":4,"audio_url":"wbw/040_073_004.mp3","qpc_uthmani_hafs":"أَيۡنَ","char_type_name":"word","page_number":475,"line_number":9,"text":"ﮧ","translation":{"text":"Where","language_name":"english","language_id":38},"transliteration":{"text":"ayna","language_name":"english","language_id":38}},{"id":61105,"position":5,"audio_url":"wbw/040_073_005.mp3","qpc_uthmani_hafs":"مَا","char_type_name":"word","page_number":475,"line_number":10,"text":"ﮨ","translation":{"text":"(is) that which","language_name":"english","language_id":38},"transliteration":{"text":"mā","language_name":"english","language_id":38}},{"id":61106,"position":6,"audio_url":"wbw/040_073_006.mp3","qpc_uthmani_hafs":"كُنتُمۡ","char_type_name":"word","page_number":475,"line_number":10,"text":"ﮩ","translation":{"text":"you used to","language_name":"english","language_id":38},"transliteration":{"text":"kuntum","language_name":"english","language_id":38}},{"id":61107,"position":7,"audio_url":"wbw/040_073_007.mp3","qpc_uthmani_hafs":"تُشۡرِكُونَ","char_type_name":"word","page_number":475,"line_number":10,"text":"ﮪ","translation":{"text":"associate","language_name":"english","language_id":38},"transliteration":{"text":"tush'rikūna","language_name":"english","language_id":38}},{"id":61108,"position":8,"audio_url":null,"qpc_uthmani_hafs":"٧٣","char_type_name":"end","page_number":475,"line_number":10,"text":"ﮫ","translation":{"text":"(73)","language_name":"english","language_id":38},"transliteration":{"text":null,"language_name":"english","language_id":38}}],"translations":[{"id":920635,"resource_id":134,"text":"kemudian dikatakan kepada mereka, \"Manakah berhala-berhala yang selalu kamu persekutukan,"}]},{"id":4207,"verse_number":74,"verse_key":"40:74","juz_number":24,"hizb_number":48,"rub_el_hizb_number":190,"ruku_number":413,"manzil_number":6,"sajdah_number":null,"text_uthmani":"مِن دُونِ ٱللَّهِ ۖ قَالُوا۟ ضَلُّوا۟ عَنَّا بَل لَّمْ نَكُن نَّدْعُوا۟ مِن قَبْلُ شَيْـًٔا ۚ كَذَٰلِكَ يُضِلُّ ٱللَّهُ ٱلْكَـٰفِرِينَ","page_number":475,"words":[{"id":61566,"position":1,"audio_url":"wbw/040_074_001.mp3","qpc_uthmani_hafs":"مِن","char_type_name":"word","page_number":475,"line_number":10,"text":"ﮬ","translation":{"text":"Other than","language_name":"english","language_id":38},"transliteration":{"text":"min","language_name":"english","language_id":38}},{"id":61567,"position":2,"audio_url":"wbw/040_074_002.mp3","qpc_uthmani_hafs":"دُونِ","char_type_name":"word","page_number":475,"line_number":10,"text":"ﮭ","translation":{"text":"Other than","language_name":"english","language_id":38},"transliteration":{"text":"dūni","language_name":"english","language_id":38}},{"id":61568,"position":3,"audio_url":"wbw/040_074_003.mp3","qpc_uthmani_hafs":"ٱللَّهِۖ","char_type_name":"word","page_number":475,"line_number":10,"text":"ﮮﮯ","translation":{"text":"Allah","language_name":"english","language_id":38},"transliteration":{"text":"l-lahi","language_name":"english","language_id":38}},{"id":61570,"position":4,"audio_url":"wbw/040_074_005.mp3","qpc_uthmani_hafs":"قَالُواْ","char_type_name":"word","page_number":475,"line_number":10,"text":"ﮰ","translation":{"text":"They will say","language_name":"english","language_id":38},"transliteration":{"text":"qālū","language_name":"english","language_id":38}},{"id":61571,"position":5,"audio_url":"wbw/040_074_006.mp3","qpc_uthmani_hafs":"ضَلُّواْ","char_type_name":"word","page_number":475,"line_number":10,"text":"ﮱ","translation":{"text":"They have departed","language_name":"english","language_id":38},"transliteration":{"text":"ḍallū","language_name":"english","language_id":38}},{"id":61572,"position":6,"audio_url":"wbw/040_074_007.mp3","qpc_uthmani_hafs":"عَنَّا","char_type_name":"word","page_number":475,"line_number":10,"text":"ﯓ","translation":{"text":"from us","language_name":"english","language_id":38},"transliteration":{"text":"ʿannā","language_name":"english","language_id":38}},{"id":61573,"position":7,"audio_url":"wbw/040_074_008.mp3","qpc_uthmani_hafs":"بَل","char_type_name":"word","page_number":475,"line_number":10,"text":"ﯔ","translation":{"text":"Nay","language_name":"english","language_id":38},"transliteration":{"text":"bal","language_name":"english","language_id":38}},{"id":61574,"position":8,"audio_url":"wbw/040_074_009.mp3","qpc_uthmani_hafs":"لَّمۡ","char_type_name":"word","page_number":475,"line_number":10,"text":"ﯕ","translation":{"text":"Not","language_name":"english","language_id":38},"transliteration":{"text":"lam","language_name":"english","language_id":38}},{"id":61575,"position":9,"audio_url":"wbw/040_074_010.mp3","qpc_uthmani_hafs":"نَكُن","char_type_name":"word","page_number":475,"line_number":11,"text":"ﯖ","translation":{"text":"we used to","language_name":"english","language_id":38},"transliteration":{"text":"nakun","language_name":"english","language_id":38}},{"id":61576,"position":10,"audio_url":"wbw/040_074_011.mp3","qpc_uthmani_hafs":"نَّدۡعُواْ","char_type_name":"word","page_number":475,"line_number":11,"text":"ﯗ","translation":{"text":"[we] call","language_name":"english","language_id":38},"transliteration":{"text":"nadʿū","language_name":"english","language_id":38}},{"id":61577,"position":11,"audio_url":"wbw/040_074_012.mp3","qpc_uthmani_hafs":"مِن","char_type_name":"word","page_number":475,"line_number":11,"text":"ﯘ","translation":{"text":"before","language_name":"english","language_id":38},"transliteration":{"text":"min","language_name":"english","language_id":38}},{"id":61578,"position":12,"audio_url":"wbw/040_074_013.mp3","qpc_uthmani_hafs":"قَبۡلُ","char_type_name":"word","page_number":475,"line_number":11,"text":"ﯙ","translation":{"text":"before","language_name":"english","language_id":38},"transliteration":{"text":"qablu","language_name":"english","language_id":38}},{"id":61579,"position":13,"audio_url":"wbw/040_074_014.mp3","qpc_uthmani_hafs":"شَيۡـٔٗاۚ","char_type_name":"word","page_number":475,"line_number":11,"text":"ﯚﯛ","translation":{"text":"anything","language_name":"english","language_id":38},"transliteration":{"text":"shayan","language_name":"english","language_id":38}},{"id":61581,"position":14,"audio_url":"wbw/040_074_016.mp3","qpc_uthmani_hafs":"كَذَٰلِكَ","char_type_name":"word","page_number":475,"line_number":11,"text":"ﯜ","translation":{"text":"Thus","language_name":"english","language_id":38},"transliteration":{"text":"kadhālika","language_name":"english","language_id":38}},{"id":61582,"position":15,"audio_url":"wbw/040_074_017.mp3","qpc_uthmani_hafs":"يُضِلُّ","char_type_name":"word","page_number":475,"line_number":11,"text":"ﯝ","translation":{"text":"Allah lets go astray","language_name":"english","language_id":38},"transliteration":{"text":"yuḍillu","language_name":"english","language_id":38}},{"id":61583,"position":16,"audio_url":"wbw/040_074_018.mp3","qpc_uthmani_hafs":"ٱللَّهُ","char_type_name":"word","page_number":475,"line_number":11,"text":"ﯞ","translation":{"text":"Allah lets go astray","language_name":"english","language_id":38},"transliteration":{"text":"l-lahu","language_name":"english","language_id":38}},{"id":61584,"position":17,"audio_url":"wbw/040_074_019.mp3","qpc_uthmani_hafs":"ٱلۡكَٰفِرِينَ","char_type_name":"word","page_number":475,"line_number":11,"text":"ﯟ","translation":{"text":"the disbelievers","language_name":"english","language_id":38},"transliteration":{"text":"l-kāfirīna","language_name":"english","language_id":38}},{"id":61585,"position":18,"audio_url":null,"qpc_uthmani_hafs":"٧٤","char_type_name":"end","page_number":475,"line_number":11,"text":"ﯠ","translation":{"text":"(74)","language_name":"english","language_id":38},"transliteration":{"text":null,"language_name":"english","language_id":38}}],"translations":[{"id":920636,"resource_id":134,"text":"(yang kamu sembah) selain Allah?\" Mereka menjawab, \"Mereka telah hilang lenyap dari kami, bahkan kami dahulu tiada pernah menyembah sesuatu\".  Seperti demikianlah Allah menyesatkan orang-orang kafir."}]},{"id":4208,"verse_number":75,"verse_key":"40:75","juz_number":24,"hizb_number":48,"rub_el_hizb_number":190,"ruku_number":413,"manzil_number":6,"sajdah_number":null,"text_uthmani":"ذَٰلِكُم بِمَا كُنتُمْ تَفْرَحُونَ فِى ٱلْأَرْضِ بِغَيْرِ ٱلْحَقِّ وَبِمَا كُنتُمْ تَمْرَحُونَ","page_number":475,"words":[{"id":62136,"position":1,"audio_url":"wbw/040_075_001.mp3","qpc_uthmani_hafs":"ذَٰلِكُم","char_type_name":"word","page_number":475,"line_number":12,"text":"ﯡ","translation":{"text":"That was","language_name":"english","language_id":38},"transliteration":{"text":"dhālikum","language_name":"english","language_id":38}},{"id":62137,"position":2,"audio_url":"wbw/040_075_002.mp3","qpc_uthmani_hafs":"بِمَا","char_type_name":"word","page_number":475,"line_number":12,"text":"ﯢ","translation":{"text":"because","language_name":"english","language_id":38},"transliteration":{"text":"bimā","language_name":"english","language_id":38}},{"id":62138,"position":3,"audio_url":"wbw/040_075_003.mp3","qpc_uthmani_hafs":"كُنتُمۡ","char_type_name":"word","page_number":475,"line_number":12,"text":"ﯣ","translation":{"text":"you used to","language_name":"english","language_id":38},"transliteration":{"text":"kuntum","language_name":"english","language_id":38}},{"id":62139,"position":4,"audio_url":"wbw/040_075_004.mp3","qpc_uthmani_hafs":"تَفۡرَحُونَ","char_type_name":"word","page_number":475,"line_number":12,"text":"ﯤ","translation":{"text":"rejoice","language_name":"english","language_id":38},"transliteration":{"text":"tafraḥūna","language_name":"english","language_id":38}},{"id":62140,"position":5,"audio_url":"wbw/040_075_005.mp3","qpc_uthmani_hafs":"فِي","char_type_name":"word","page_number":475,"line_number":12,"text":"ﯥ","translation":{"text":"in","language_name":"english","language_id":38},"transliteration":{"text":"fī","language_name":"english","language_id":38}},{"id":62141,"position":6,"audio_url":"wbw/040_075_006.mp3","qpc_uthmani_hafs":"ٱلۡأَرۡضِ","char_type_name":"word","page_number":475,"line_number":12,"text":"ﯦ","translation":{"text":"the earth","language_name":"english","language_id":38},"transliteration":{"text":"l-arḍi","language_name":"english","language_id":38}},{"id":62142,"position":7,"audio_url":"wbw/040_075_007.mp3","qpc_uthmani_hafs":"بِغَيۡرِ","char_type_name":"word","page_number":475,"line_number":12,"text":"ﯧ","translation":{"text":"without","language_name":"english","language_id":38},"transliteration":{"text":"bighayri","language_name":"english","language_id":38}},{"id":62143,"position":8,"audio_url":"wbw/040_075_008.mp3","qpc_uthmani_hafs":"ٱلۡحَقِّ","char_type_name":"word","page_number":475,"line_number":12,"text":"ﯨ","translation":{"text":"right","language_name":"english","language_id":38},"transliteration":{"text":"l-ḥaqi","language_name":"english","language_id":38}},{"id":62144,"position":9,"audio_url":"wbw/040_075_009.mp3","qpc_uthmani_hafs":"وَبِمَا","char_type_name":"word","page_number":475,"line_number":12,"text":"ﯩ","translation":{"text":"and because","language_name":"english","language_id":38},"transliteration":{"text":"wabimā","language_name":"english","language_id":38}},{"id":62145,"position":10,"audio_url":"wbw/040_075_010.mp3","qpc_uthmani_hafs":"كُنتُمۡ","char_type_name":"word","page_number":475,"line_number":12,"text":"ﯪ","translation":{"text":"you used to","language_name":"english","language_id":38},"transliteration":{"text":"kuntum","language_name":"english","language_id":38}},{"id":62146,"position":11,"audio_url":"wbw/040_075_011.mp3","qpc_uthmani_hafs":"تَمۡرَحُونَ","char_type_name":"word","page_number":475,"line_number":13,"text":"ﯫ","translation":{"text":"be insolent","language_name":"english","language_id":38},"transliteration":{"text":"tamraḥūna","language_name":"english","language_id":38}},{"id":62147,"position":12,"audio_url":null,"qpc_uthmani_hafs":"٧٥","char_type_name":"end","page_number":475,"line_number":13,"text":"ﯬ","translation":{"text":"(75)","language_name":"english","language_id":38},"transliteration":{"text":null,"language_name":"english","language_id":38}}],"translations":[{"id":920637,"resource_id":134,"text":"Yang demikian itu disebabkan karena kamu bersuka ria di muka bumi dengan tidak benar dan karena kamu selalu bersuka ria (dalam kemaksiatan)."}]},{"id":4209,"verse_number":76,"verse_key":"40:76","juz_number":24,"hizb_number":48,"rub_el_hizb_number":190,"ruku_number":413,"manzil_number":6,"sajdah_number":null,"text_uthmani":"ٱدْخُلُوٓا۟ أَبْوَٰبَ جَهَنَّمَ خَـٰلِدِينَ فِيهَا ۖ فَبِئْسَ مَثْوَى ٱلْمُتَكَبِّرِينَ","page_number":475,"words":[{"id":62370,"position":1,"audio_url":"wbw/040_076_001.mp3","qpc_uthmani_hafs":"ٱدۡخُلُوٓاْ","char_type_name":"word","page_number":475,"line_number":13,"text":"ﯭ","translation":{"text":"Enter","language_name":"english","language_id":38},"transliteration":{"text":"ud'khulū","language_name":"english","language_id":38}},{"id":62371,"position":2,"audio_url":"wbw/040_076_002.mp3","qpc_uthmani_hafs":"أَبۡوَٰبَ","char_type_name":"word","page_number":475,"line_number":13,"text":"ﯮ","translation":{"text":"(the) gates","language_name":"english","language_id":38},"transliteration":{"text":"abwāba","language_name":"english","language_id":38}},{"id":62372,"position":3,"audio_url":"wbw/040_076_003.mp3","qpc_uthmani_hafs":"جَهَنَّمَ","char_type_name":"word","page_number":475,"line_number":13,"text":"ﯯ","translation":{"text":"(of) Hell","language_name":"english","language_id":38},"transliteration":{"text":"jahannama","language_name":"english","language_id":38}},{"id":62373,"position":4,"audio_url":"wbw/040_076_004.mp3","qpc_uthmani_hafs":"خَٰلِدِينَ","char_type_name":"word","page_number":475,"line_number":13,"text":"ﯰ","translation":{"text":"(to) abide forever","language_name":"english","language_id":38},"transliteration":{"text":"khālidīna","language_name":"english","language_id":38}},{"id":62374,"position":5,"audio_url":"wbw/040_076_005.mp3","qpc_uthmani_hafs":"فِيهَاۖ","char_type_name":"word","page_number":475,"line_number":13,"text":"ﯱﯲ","translation":{"text":"in it","language_name":"english","language_id":38},"transliteration":{"text":"fīhā","language_name":"english","language_id":38}},{"id":62376,"position":6,"audio_url":"wbw/040_076_007.mp3","qpc_uthmani_hafs":"فَبِئۡسَ","char_type_name":"word","page_number":475,"line_number":13,"text":"ﯳ","translation":{"text":"and wretched is","language_name":"english","language_id":38},"transliteration":{"text":"fabi'sa","language_name":"english","language_id":38}},{"id":62377,"position":7,"audio_url":"wbw/040_076_008.mp3","qpc_uthmani_hafs":"مَثۡوَى","char_type_name":"word","page_number":475,"line_number":14,"text":"ﯴ","translation":{"text":"(the) abode","language_name":"english","language_id":38},"transliteration":{"text":"mathwā","language_name":"english","language_id":38}},{"id":62378,"position":8,"audio_url":"wbw/040_076_009.mp3","qpc_uthmani_hafs":"ٱلۡمُتَكَبِّرِينَ","char_type_name":"word","page_number":475,"line_number":14,"text":"ﯵ","translation":{"text":"(of) the arrogant","language_name":"english","language_id":38},"transliteration":{"text":"l-mutakabirīna","language_name":"english","language_id":38}},{"id":62379,"position":9,"audio_url":null,"qpc_uthmani_hafs":"٧٦","char_type_name":"end","page_number":475,"line_number":14,"text":"ﯶ","translation":{"text":"(76)","language_name":"english","language_id":38},"transliteration":{"text":null,"language_name":"english","language_id":38}}],"translations":[{"id":920638,"resource_id":134,"text":"(Dikatakan kepada mereka), \"Masuklah kamu ke pintu-pintu neraka Jahanam, sedang kamu kekal di dalamnya. Maka itulah seburuk-buruk tempat bagi orang-orang yang sombong\"."}]},{"id":4210,"verse_number":77,"verse_key":"40:77","juz_number":24,"hizb_number":48,"rub_el_hizb_number":190,"ruku_number":413,"manzil_number":6,"sajdah_number":null,"text_uthmani":"فَٱصْبِرْ إِنَّ وَعْدَ ٱللَّهِ حَقٌّ ۚ فَإِمَّا نُرِيَنَّكَ بَعْضَ ٱلَّذِى نَعِدُهُمْ أَوْ نَتَوَفَّيَنَّكَ فَإِلَيْنَا يُرْجَعُونَ","page_number":475,"words":[{"id":62994,"position":1,"audio_url":"wbw/040_077_001.mp3","qpc_uthmani_hafs":"فَٱصۡبِرۡ","char_type_name":"word","page_number":475,"line_number":14,"text":"ﯷ","translation":{"text":"So be patient","language_name":"english","language_id":38},"transliteration":{"text":"fa-iṣ'bir","language_name":"english","language_id":38}},{"id":62995,"position":2,"audio_url":"wbw/040_077_002.mp3","qpc_uthmani_hafs":"إِنَّ","char_type_name":"word","page_number":475,"line_number":14,"text":"ﯸ","translation":{"text":"indeed","language_name":"english","language_id":38},"transliteration":{"text":"inna","language_name":"english","language_id":38}},{"id":62996,"position":3,"audio_url":"wbw/040_077_003.mp3","qpc_uthmani_hafs":"وَعۡدَ","char_type_name":"word","page_number":475,"line_number":14,"text":"ﯹ","translation":{"text":"(the) Promise","language_name":"english","language_id":38},"transliteration":{"text":"waʿda","language_name":"english","language_id":38}},{"id":62997,"position":4,"audio_url":"wbw/040_077_004.mp3","qpc_uthmani_hafs":"ٱللَّهِ","char_type_name":"word","page_number":475,"line_number":14,"text":"ﯺ","translation":{"text":"(of) Allah","language_name":"english","language_id":38},"transliteration":{"text":"l-lahi","language_name":"english","language_id":38}},{"id":62998,"position":5,"audio_url":"wbw/040_077_005.mp3","qpc_uthmani_hafs":"حَقّٞۚ","char_type_name":"word","page_number":475,"line_number":14,"text":"ﯻﯼ","translation":{"text":"(is) true","language_name":"english","language_id":38},"transliteration":{"text":"ḥaqqun","language_name":"english","language_id":38}},{"id":63000,"position":6,"audio_url":"wbw/040_077_007.mp3","qpc_uthmani_hafs":"فَإِمَّا","char_type_name":"word","page_number":475,"line_number":14,"text":"ﯽ","translation":{"text":"And whether","language_name":"english","language_id":38},"transliteration":{"text":"fa-immā","language_name":"english","language_id":38}},{"id":63001,"position":7,"audio_url":"wbw/040_077_008.mp3","qpc_uthmani_hafs":"نُرِيَنَّكَ","char_type_name":"word","page_number":475,"line_number":15,"text":"ﯾ","translation":{"text":"We show you","language_name":"english","language_id":38},"transliteration":{"text":"nuriyannaka","language_name":"english","language_id":38}},{"id":63002,"position":8,"audio_url":"wbw/040_077_009.mp3","qpc_uthmani_hafs":"بَعۡضَ","char_type_name":"word","page_number":475,"line_number":15,"text":"ﯿ","translation":{"text":"some","language_name":"english","language_id":38},"transliteration":{"text":"baʿḍa","language_name":"english","language_id":38}},{"id":63003,"position":9,"audio_url":"wbw/040_077_010.mp3","qpc_uthmani_hafs":"ٱلَّذِي","char_type_name":"word","page_number":475,"line_number":15,"text":"ﰀ","translation":{"text":"(of) what","language_name":"english","language_id":38},"transliteration":{"text":"alladhī","language_name":"english","language_id":38}},{"id":63004,"position":10,"audio_url":"wbw/040_077_011.mp3","qpc_uthmani_hafs":"نَعِدُهُمۡ","char_type_name":"word","page_number":475,"line_number":15,"text":"ﰁ","translation":{"text":"We have promised them","language_name":"english","language_id":38},"transliteration":{"text":"naʿiduhum","language_name":"english","language_id":38}},{"id":63005,"position":11,"audio_url":"wbw/040_077_012.mp3","qpc_uthmani_hafs":"أَوۡ","char_type_name":"word","page_number":475,"line_number":15,"text":"ﰂ","translation":{"text":"or","language_name":"english","language_id":38},"transliteration":{"text":"aw","language_name":"english","language_id":38}},{"id":63006,"position":12,"audio_url":"wbw/040_077_013.mp3","qpc_uthmani_hafs":"نَتَوَفَّيَنَّكَ","char_type_name":"word","page_number":475,"line_number":15,"text":"ﰃ","translation":{"text":"We cause you to die","language_name":"english","language_id":38},"transliteration":{"text":"natawaffayannaka","language_name":"english","language_id":38}},{"id":63007,"position":13,"audio_url":"wbw/040_077_014.mp3","qpc_uthmani_hafs":"فَإِلَيۡنَا","char_type_name":"word","page_number":475,"line_number":15,"text":"ﰄ","translation":{"text":"then to Us","language_name":"english","language_id":38},"transliteration":{"text":"fa-ilaynā","language_name":"english","language_id":38}},{"id":63008,"position":14,"audio_url":"wbw/040_077_015.mp3","qpc_uthmani_hafs":"يُرۡجَعُونَ","char_type_name":"word","page_number":475,"line_number":15,"text":"ﰅ","translation":{"text":"they will be returned","language_name":"english","language_id":38},"transliteration":{"text":"yur'jaʿūna","language_name":"english","language_id":38}},{"id":63009,"position":15,"audio_url":null,"qpc_uthmani_hafs":"٧٧","char_type_name":"end","page_number":475,"line_number":15,"text":"ﰆ","translation":{"text":"(77)","language_name":"english","language_id":38},"transliteration":{"text":null,"language_name":"english","language_id":38}}],"translations":[{"id":920639,"resource_id":134,"text":"Maka bersabarlah kamu, sesungguhnya janji Allah adalah benar; maka meskipun Kami perlihatkan kepadamu sebagian siksa yang Kami ancamkan kepada mereka ataupun Kami wafatkan kamu (sebelum ajal menimpa mereka), namun kepada Kami sajalah mereka dikembalikan."}]}],"pagination":{"per_page":50,"current_page":1,"next_page":null,"total_pages":1,"total_records":11}}