{"verses":[{"id":4295,"verse_number":23,"verse_key":"42:23","juz_number":25,"hizb_number":49,"rub_el_hizb_number":194,"ruku_number":423,"manzil_number":6,"sajdah_number":null,"text_uthmani":"ذَٰلِكَ ٱلَّذِى يُبَشِّرُ ٱللَّهُ عِبَادَهُ ٱلَّذِينَ ءَامَنُوا۟ وَعَمِلُوا۟ ٱلصَّـٰلِحَـٰتِ ۗ قُل لَّآ أَسْـَٔلُكُمْ عَلَيْهِ أَجْرًا إِلَّا ٱلْمَوَدَّةَ فِى ٱلْقُرْبَىٰ ۗ وَمَن يَقْتَرِفْ حَسَنَةً نَّزِدْ لَهُۥ فِيهَا حُسْنًا ۚ إِنَّ ٱللَّهَ غَفُورٌ شَكُورٌ","page_number":486,"words":[{"id":25572,"position":1,"audio_url":"wbw/042_023_001.mp3","qpc_uthmani_hafs":"ذَٰلِكَ","char_type_name":"word","page_number":486,"line_number":1,"text":"ﭑ","translation":{"text":"That","language_name":"english","language_id":38},"transliteration":{"text":"dhālika","language_name":"english","language_id":38}},{"id":25573,"position":2,"audio_url":"wbw/042_023_002.mp3","qpc_uthmani_hafs":"ٱلَّذِي","char_type_name":"word","page_number":486,"line_number":1,"text":"ﭒ","translation":{"text":"(is of) which","language_name":"english","language_id":38},"transliteration":{"text":"alladhī","language_name":"english","language_id":38}},{"id":25574,"position":3,"audio_url":"wbw/042_023_003.mp3","qpc_uthmani_hafs":"يُبَشِّرُ","char_type_name":"word","page_number":486,"line_number":1,"text":"ﭓ","translation":{"text":"Allah gives glad tidings","language_name":"english","language_id":38},"transliteration":{"text":"yubashiru","language_name":"english","language_id":38}},{"id":25575,"position":4,"audio_url":"wbw/042_023_004.mp3","qpc_uthmani_hafs":"ٱللَّهُ","char_type_name":"word","page_number":486,"line_number":1,"text":"ﭔ","translation":{"text":"Allah gives glad tidings","language_name":"english","language_id":38},"transliteration":{"text":"l-lahu","language_name":"english","language_id":38}},{"id":25576,"position":5,"audio_url":"wbw/042_023_005.mp3","qpc_uthmani_hafs":"عِبَادَهُ","char_type_name":"word","page_number":486,"line_number":1,"text":"ﭕ","translation":{"text":"(to) His slaves ","language_name":"english","language_id":38},"transliteration":{"text":"ʿibādahu","language_name":"english","language_id":38}},{"id":25577,"position":6,"audio_url":"wbw/042_023_006.mp3","qpc_uthmani_hafs":"ٱلَّذِينَ","char_type_name":"word","page_number":486,"line_number":1,"text":"ﭖ","translation":{"text":"those who","language_name":"english","language_id":38},"transliteration":{"text":"alladhīna","language_name":"english","language_id":38}},{"id":25578,"position":7,"audio_url":"wbw/042_023_007.mp3","qpc_uthmani_hafs":"ءَامَنُواْ","char_type_name":"word","page_number":486,"line_number":1,"text":"ﭗ","translation":{"text":"believe","language_name":"english","language_id":38},"transliteration":{"text":"āmanū","language_name":"english","language_id":38}},{"id":25579,"position":8,"audio_url":"wbw/042_023_008.mp3","qpc_uthmani_hafs":"وَعَمِلُواْ","char_type_name":"word","page_number":486,"line_number":1,"text":"ﭘ","translation":{"text":"and do","language_name":"english","language_id":38},"transliteration":{"text":"waʿamilū","language_name":"english","language_id":38}},{"id":25580,"position":9,"audio_url":"wbw/042_023_009.mp3","qpc_uthmani_hafs":"ٱلصَّٰلِحَٰتِۗ","char_type_name":"word","page_number":486,"line_number":1,"text":"ﭙﭚ","translation":{"text":"righteous deeds","language_name":"english","language_id":38},"transliteration":{"text":"l-ṣāliḥāti","language_name":"english","language_id":38}},{"id":25582,"position":10,"audio_url":"wbw/042_023_011.mp3","qpc_uthmani_hafs":"قُل","char_type_name":"word","page_number":486,"line_number":1,"text":"ﭛ","translation":{"text":"Say","language_name":"english","language_id":38},"transliteration":{"text":"qul","language_name":"english","language_id":38}},{"id":25583,"position":11,"audio_url":"wbw/042_023_012.mp3","qpc_uthmani_hafs":"لَّآ","char_type_name":"word","page_number":486,"line_number":1,"text":"ﭜ","translation":{"text":"Not","language_name":"english","language_id":38},"transliteration":{"text":"lā","language_name":"english","language_id":38}},{"id":25584,"position":12,"audio_url":"wbw/042_023_013.mp3","qpc_uthmani_hafs":"أَسۡـَٔلُكُمۡ","char_type_name":"word","page_number":486,"line_number":2,"text":"ﭝ","translation":{"text":"I ask you","language_name":"english","language_id":38},"transliteration":{"text":"asalukum","language_name":"english","language_id":38}},{"id":25585,"position":13,"audio_url":"wbw/042_023_014.mp3","qpc_uthmani_hafs":"عَلَيۡهِ","char_type_name":"word","page_number":486,"line_number":2,"text":"ﭞ","translation":{"text":"for it","language_name":"english","language_id":38},"transliteration":{"text":"ʿalayhi","language_name":"english","language_id":38}},{"id":25586,"position":14,"audio_url":"wbw/042_023_015.mp3","qpc_uthmani_hafs":"أَجۡرًا","char_type_name":"word","page_number":486,"line_number":2,"text":"ﭟ","translation":{"text":"any payment","language_name":"english","language_id":38},"transliteration":{"text":"ajran","language_name":"english","language_id":38}},{"id":25587,"position":15,"audio_url":"wbw/042_023_016.mp3","qpc_uthmani_hafs":"إِلَّا","char_type_name":"word","page_number":486,"line_number":2,"text":"ﭠ","translation":{"text":"except","language_name":"english","language_id":38},"transliteration":{"text":"illā","language_name":"english","language_id":38}},{"id":25588,"position":16,"audio_url":"wbw/042_023_017.mp3","qpc_uthmani_hafs":"ٱلۡمَوَدَّةَ","char_type_name":"word","page_number":486,"line_number":2,"text":"ﭡ","translation":{"text":"the love","language_name":"english","language_id":38},"transliteration":{"text":"l-mawadata","language_name":"english","language_id":38}},{"id":25589,"position":17,"audio_url":"wbw/042_023_018.mp3","qpc_uthmani_hafs":"فِي","char_type_name":"word","page_number":486,"line_number":2,"text":"ﭢ","translation":{"text":"among","language_name":"english","language_id":38},"transliteration":{"text":"fī","language_name":"english","language_id":38}},{"id":25590,"position":18,"audio_url":"wbw/042_023_019.mp3","qpc_uthmani_hafs":"ٱلۡقُرۡبَىٰۗ","char_type_name":"word","page_number":486,"line_number":2,"text":"ﭣﭤ","translation":{"text":"the relatives","language_name":"english","language_id":38},"transliteration":{"text":"l-qur'bā","language_name":"english","language_id":38}},{"id":25592,"position":19,"audio_url":"wbw/042_023_021.mp3","qpc_uthmani_hafs":"وَمَن","char_type_name":"word","page_number":486,"line_number":2,"text":"ﭥ","translation":{"text":"And whoever","language_name":"english","language_id":38},"transliteration":{"text":"waman","language_name":"english","language_id":38}},{"id":25593,"position":20,"audio_url":"wbw/042_023_022.mp3","qpc_uthmani_hafs":"يَقۡتَرِفۡ","char_type_name":"word","page_number":486,"line_number":2,"text":"ﭦ","translation":{"text":"earns","language_name":"english","language_id":38},"transliteration":{"text":"yaqtarif","language_name":"english","language_id":38}},{"id":25594,"position":21,"audio_url":"wbw/042_023_023.mp3","qpc_uthmani_hafs":"حَسَنَةٗ","char_type_name":"word","page_number":486,"line_number":2,"text":"ﭧ","translation":{"text":"any good","language_name":"english","language_id":38},"transliteration":{"text":"ḥasanatan","language_name":"english","language_id":38}},{"id":25595,"position":22,"audio_url":"wbw/042_023_024.mp3","qpc_uthmani_hafs":"نَّزِدۡ","char_type_name":"word","page_number":486,"line_number":2,"text":"ﭨ","translation":{"text":"We increase","language_name":"english","language_id":38},"transliteration":{"text":"nazid","language_name":"english","language_id":38}},{"id":25596,"position":23,"audio_url":"wbw/042_023_025.mp3","qpc_uthmani_hafs":"لَهُۥ","char_type_name":"word","page_number":486,"line_number":3,"text":"ﭩ","translation":{"text":"for him","language_name":"english","language_id":38},"transliteration":{"text":"lahu","language_name":"english","language_id":38}},{"id":25597,"position":24,"audio_url":"wbw/042_023_026.mp3","qpc_uthmani_hafs":"فِيهَا","char_type_name":"word","page_number":486,"line_number":3,"text":"ﭪ","translation":{"text":"therein","language_name":"english","language_id":38},"transliteration":{"text":"fīhā","language_name":"english","language_id":38}},{"id":25598,"position":25,"audio_url":"wbw/042_023_027.mp3","qpc_uthmani_hafs":"حُسۡنًاۚ","char_type_name":"word","page_number":486,"line_number":3,"text":"ﭫﭬ","translation":{"text":"good","language_name":"english","language_id":38},"transliteration":{"text":"ḥus'nan","language_name":"english","language_id":38}},{"id":25600,"position":26,"audio_url":"wbw/042_023_029.mp3","qpc_uthmani_hafs":"إِنَّ","char_type_name":"word","page_number":486,"line_number":3,"text":"ﭭ","translation":{"text":"Indeed","language_name":"english","language_id":38},"transliteration":{"text":"inna","language_name":"english","language_id":38}},{"id":25601,"position":27,"audio_url":"wbw/042_023_030.mp3","qpc_uthmani_hafs":"ٱللَّهَ","char_type_name":"word","page_number":486,"line_number":3,"text":"ﭮ","translation":{"text":"Allah","language_name":"english","language_id":38},"transliteration":{"text":"l-laha","language_name":"english","language_id":38}},{"id":25602,"position":28,"audio_url":"wbw/042_023_031.mp3","qpc_uthmani_hafs":"غَفُورٞ","char_type_name":"word","page_number":486,"line_number":3,"text":"ﭯ","translation":{"text":"(is) Oft-Forgiving","language_name":"english","language_id":38},"transliteration":{"text":"ghafūrun","language_name":"english","language_id":38}},{"id":25603,"position":29,"audio_url":"wbw/042_023_032.mp3","qpc_uthmani_hafs":"شَكُورٌ","char_type_name":"word","page_number":486,"line_number":3,"text":"ﭰ","translation":{"text":"All-Appreciative","language_name":"english","language_id":38},"transliteration":{"text":"shakūrun","language_name":"english","language_id":38}},{"id":25604,"position":30,"audio_url":null,"qpc_uthmani_hafs":"٢٣","char_type_name":"end","page_number":486,"line_number":3,"text":"ﭱ","translation":{"text":"(23)","language_name":"english","language_id":38},"transliteration":{"text":null,"language_name":"english","language_id":38}}],"translations":[{"id":920724,"resource_id":134,"text":"Itulah (karunia) yang (dengan itu) Allah menggembirakan hamba-hamba-Nya yang beriman dan mengerjakan amal yang saleh. Katakanlah, \"Aku tidak meminta kepadamu sesuatu upah pun atas seruanku, kecuali kasih sayang dalam kekeluargaan\".  Dan siapa yang mengerjakan kebaikan akan Kami tambahkan baginya kebaikan pada kebaikannya itu.  Sesungguhnya Allah Maha Pengampun lagi Maha Mensyukuri <sup foot_note=211114>1</sup>."}]},{"id":4296,"verse_number":24,"verse_key":"42:24","juz_number":25,"hizb_number":49,"rub_el_hizb_number":194,"ruku_number":423,"manzil_number":6,"sajdah_number":null,"text_uthmani":"أَمْ يَقُولُونَ ٱفْتَرَىٰ عَلَى ٱللَّهِ كَذِبًا ۖ فَإِن يَشَإِ ٱللَّهُ يَخْتِمْ عَلَىٰ قَلْبِكَ ۗ وَيَمْحُ ٱللَّهُ ٱلْبَـٰطِلَ وَيُحِقُّ ٱلْحَقَّ بِكَلِمَـٰتِهِۦٓ ۚ إِنَّهُۥ عَلِيمٌۢ بِذَاتِ ٱلصُّدُورِ","page_number":486,"words":[{"id":26646,"position":1,"audio_url":"wbw/042_024_001.mp3","qpc_uthmani_hafs":"أَمۡ","char_type_name":"word","page_number":486,"line_number":3,"text":"ﭲ","translation":{"text":"Or","language_name":"english","language_id":38},"transliteration":{"text":"am","language_name":"english","language_id":38}},{"id":26647,"position":2,"audio_url":"wbw/042_024_002.mp3","qpc_uthmani_hafs":"يَقُولُونَ","char_type_name":"word","page_number":486,"line_number":3,"text":"ﭳ","translation":{"text":"(do) they say","language_name":"english","language_id":38},"transliteration":{"text":"yaqūlūna","language_name":"english","language_id":38}},{"id":26648,"position":3,"audio_url":"wbw/042_024_003.mp3","qpc_uthmani_hafs":"ٱفۡتَرَىٰ","char_type_name":"word","page_number":486,"line_number":3,"text":"ﭴ","translation":{"text":"He has invented","language_name":"english","language_id":38},"transliteration":{"text":"if'tarā","language_name":"english","language_id":38}},{"id":26649,"position":4,"audio_url":"wbw/042_024_004.mp3","qpc_uthmani_hafs":"عَلَى","char_type_name":"word","page_number":486,"line_number":3,"text":"ﭵ","translation":{"text":"about","language_name":"english","language_id":38},"transliteration":{"text":"ʿalā","language_name":"english","language_id":38}},{"id":26650,"position":5,"audio_url":"wbw/042_024_005.mp3","qpc_uthmani_hafs":"ٱللَّهِ","char_type_name":"word","page_number":486,"line_number":3,"text":"ﭶ","translation":{"text":"Allah","language_name":"english","language_id":38},"transliteration":{"text":"l-lahi","language_name":"english","language_id":38}},{"id":26651,"position":6,"audio_url":"wbw/042_024_006.mp3","qpc_uthmani_hafs":"كَذِبٗاۖ","char_type_name":"word","page_number":486,"line_number":4,"text":"ﭷﭸ","translation":{"text":"a lie","language_name":"english","language_id":38},"transliteration":{"text":"kadhiban","language_name":"english","language_id":38}},{"id":26653,"position":7,"audio_url":"wbw/042_024_008.mp3","qpc_uthmani_hafs":"فَإِن","char_type_name":"word","page_number":486,"line_number":4,"text":"ﭹ","translation":{"text":"But if","language_name":"english","language_id":38},"transliteration":{"text":"fa-in","language_name":"english","language_id":38}},{"id":26654,"position":8,"audio_url":"wbw/042_024_009.mp3","qpc_uthmani_hafs":"يَشَإِ","char_type_name":"word","page_number":486,"line_number":4,"text":"ﭺ","translation":{"text":"Allah willed","language_name":"english","language_id":38},"transliteration":{"text":"yasha-i","language_name":"english","language_id":38}},{"id":26655,"position":9,"audio_url":"wbw/042_024_010.mp3","qpc_uthmani_hafs":"ٱللَّهُ","char_type_name":"word","page_number":486,"line_number":4,"text":"ﭻ","translation":{"text":"Allah willed","language_name":"english","language_id":38},"transliteration":{"text":"l-lahu","language_name":"english","language_id":38}},{"id":26656,"position":10,"audio_url":"wbw/042_024_011.mp3","qpc_uthmani_hafs":"يَخۡتِمۡ","char_type_name":"word","page_number":486,"line_number":4,"text":"ﭼ","translation":{"text":"He would seal","language_name":"english","language_id":38},"transliteration":{"text":"yakhtim","language_name":"english","language_id":38}},{"id":26657,"position":11,"audio_url":"wbw/042_024_012.mp3","qpc_uthmani_hafs":"عَلَىٰ","char_type_name":"word","page_number":486,"line_number":4,"text":"ﭽ","translation":{"text":"[over]","language_name":"english","language_id":38},"transliteration":{"text":"ʿalā","language_name":"english","language_id":38}},{"id":26658,"position":12,"audio_url":"wbw/042_024_013.mp3","qpc_uthmani_hafs":"قَلۡبِكَۗ","char_type_name":"word","page_number":486,"line_number":4,"text":"ﭾﭿ","translation":{"text":"your heart","language_name":"english","language_id":38},"transliteration":{"text":"qalbika","language_name":"english","language_id":38}},{"id":26660,"position":13,"audio_url":"wbw/042_024_015.mp3","qpc_uthmani_hafs":"وَيَمۡحُ","char_type_name":"word","page_number":486,"line_number":4,"text":"ﮀ","translation":{"text":"And Allah eliminates","language_name":"english","language_id":38},"transliteration":{"text":"wayamḥu","language_name":"english","language_id":38}},{"id":26661,"position":14,"audio_url":"wbw/042_024_016.mp3","qpc_uthmani_hafs":"ٱللَّهُ","char_type_name":"word","page_number":486,"line_number":4,"text":"ﮁ","translation":{"text":"And Allah eliminates","language_name":"english","language_id":38},"transliteration":{"text":"l-lahu","language_name":"english","language_id":38}},{"id":26662,"position":15,"audio_url":"wbw/042_024_017.mp3","qpc_uthmani_hafs":"ٱلۡبَٰطِلَ","char_type_name":"word","page_number":486,"line_number":4,"text":"ﮂ","translation":{"text":"the falsehood","language_name":"english","language_id":38},"transliteration":{"text":"l-bāṭila","language_name":"english","language_id":38}},{"id":26663,"position":16,"audio_url":"wbw/042_024_018.mp3","qpc_uthmani_hafs":"وَيُحِقُّ","char_type_name":"word","page_number":486,"line_number":4,"text":"ﮃ","translation":{"text":"and establishes","language_name":"english","language_id":38},"transliteration":{"text":"wayuḥiqqu","language_name":"english","language_id":38}},{"id":26664,"position":17,"audio_url":"wbw/042_024_019.mp3","qpc_uthmani_hafs":"ٱلۡحَقَّ","char_type_name":"word","page_number":486,"line_number":4,"text":"ﮄ","translation":{"text":"the truth","language_name":"english","language_id":38},"transliteration":{"text":"l-ḥaqa","language_name":"english","language_id":38}},{"id":26665,"position":18,"audio_url":"wbw/042_024_020.mp3","qpc_uthmani_hafs":"بِكَلِمَٰتِهِۦٓۚ","char_type_name":"word","page_number":486,"line_number":5,"text":"ﮅﮆ","translation":{"text":"by His Words","language_name":"english","language_id":38},"transliteration":{"text":"bikalimātihi","language_name":"english","language_id":38}},{"id":26667,"position":19,"audio_url":"wbw/042_024_022.mp3","qpc_uthmani_hafs":"إِنَّهُۥ","char_type_name":"word","page_number":486,"line_number":5,"text":"ﮇ","translation":{"text":"Indeed, He","language_name":"english","language_id":38},"transliteration":{"text":"innahu","language_name":"english","language_id":38}},{"id":26668,"position":20,"audio_url":"wbw/042_024_023.mp3","qpc_uthmani_hafs":"عَلِيمُۢ","char_type_name":"word","page_number":486,"line_number":5,"text":"ﮈ","translation":{"text":"(is) All-Knowing","language_name":"english","language_id":38},"transliteration":{"text":"ʿalīmun","language_name":"english","language_id":38}},{"id":26669,"position":21,"audio_url":"wbw/042_024_024.mp3","qpc_uthmani_hafs":"بِذَاتِ","char_type_name":"word","page_number":486,"line_number":5,"text":"ﮉ","translation":{"text":"of what","language_name":"english","language_id":38},"transliteration":{"text":"bidhāti","language_name":"english","language_id":38}},{"id":26670,"position":22,"audio_url":"wbw/042_024_025.mp3","qpc_uthmani_hafs":"ٱلصُّدُورِ","char_type_name":"word","page_number":486,"line_number":5,"text":"ﮊ","translation":{"text":"(is in) the breasts","language_name":"english","language_id":38},"transliteration":{"text":"l-ṣudūri","language_name":"english","language_id":38}},{"id":26671,"position":23,"audio_url":null,"qpc_uthmani_hafs":"٢٤","char_type_name":"end","page_number":486,"line_number":5,"text":"ﮋ","translation":{"text":"(24)","language_name":"english","language_id":38},"transliteration":{"text":null,"language_name":"english","language_id":38}}],"translations":[{"id":920725,"resource_id":134,"text":"Bahkan, mereka mengatakan, \"Dia (Muhammad) telah mengada-adakan dusta terhadap Allah\".  Maka jika Allah menghendaki, niscaya Dia mengunci mati hatimu dan Allah menghapuskan yang batil dan membenarkan yang hak dengan kalimat-kalimat-Nya (Al-Qur`ān).  Sesungguhnya Dia Maha Mengetahui segala isi hati."}]},{"id":4297,"verse_number":25,"verse_key":"42:25","juz_number":25,"hizb_number":49,"rub_el_hizb_number":194,"ruku_number":423,"manzil_number":6,"sajdah_number":null,"text_uthmani":"وَهُوَ ٱلَّذِى يَقْبَلُ ٱلتَّوْبَةَ عَنْ عِبَادِهِۦ وَيَعْفُوا۟ عَنِ ٱلسَّيِّـَٔاتِ وَيَعْلَمُ مَا تَفْعَلُونَ","page_number":486,"words":[{"id":27679,"position":1,"audio_url":"wbw/042_025_001.mp3","qpc_uthmani_hafs":"وَهُوَ","char_type_name":"word","page_number":486,"line_number":5,"text":"ﮌ","translation":{"text":"And He","language_name":"english","language_id":38},"transliteration":{"text":"wahuwa","language_name":"english","language_id":38}},{"id":27680,"position":2,"audio_url":"wbw/042_025_002.mp3","qpc_uthmani_hafs":"ٱلَّذِي","char_type_name":"word","page_number":486,"line_number":5,"text":"ﮍ","translation":{"text":"(is) the One Who","language_name":"english","language_id":38},"transliteration":{"text":"alladhī","language_name":"english","language_id":38}},{"id":27681,"position":3,"audio_url":"wbw/042_025_003.mp3","qpc_uthmani_hafs":"يَقۡبَلُ","char_type_name":"word","page_number":486,"line_number":5,"text":"ﮎ","translation":{"text":"accepts","language_name":"english","language_id":38},"transliteration":{"text":"yaqbalu","language_name":"english","language_id":38}},{"id":27682,"position":4,"audio_url":"wbw/042_025_004.mp3","qpc_uthmani_hafs":"ٱلتَّوۡبَةَ","char_type_name":"word","page_number":486,"line_number":5,"text":"ﮏ","translation":{"text":"the repentance","language_name":"english","language_id":38},"transliteration":{"text":"l-tawbata","language_name":"english","language_id":38}},{"id":27683,"position":5,"audio_url":"wbw/042_025_005.mp3","qpc_uthmani_hafs":"عَنۡ","char_type_name":"word","page_number":486,"line_number":6,"text":"ﮐ","translation":{"text":"of","language_name":"english","language_id":38},"transliteration":{"text":"ʿan","language_name":"english","language_id":38}},{"id":27684,"position":6,"audio_url":"wbw/042_025_006.mp3","qpc_uthmani_hafs":"عِبَادِهِۦ","char_type_name":"word","page_number":486,"line_number":6,"text":"ﮑ","translation":{"text":"His slaves","language_name":"english","language_id":38},"transliteration":{"text":"ʿibādihi","language_name":"english","language_id":38}},{"id":27685,"position":7,"audio_url":"wbw/042_025_007.mp3","qpc_uthmani_hafs":"وَيَعۡفُواْ","char_type_name":"word","page_number":486,"line_number":6,"text":"ﮒ","translation":{"text":"and pardons","language_name":"english","language_id":38},"transliteration":{"text":"wayaʿfū","language_name":"english","language_id":38}},{"id":27686,"position":8,"audio_url":"wbw/042_025_008.mp3","qpc_uthmani_hafs":"عَنِ","char_type_name":"word","page_number":486,"line_number":6,"text":"ﮓ","translation":{"text":"[of]","language_name":"english","language_id":38},"transliteration":{"text":"ʿani","language_name":"english","language_id":38}},{"id":27687,"position":9,"audio_url":"wbw/042_025_009.mp3","qpc_uthmani_hafs":"ٱلسَّيِّـَٔاتِ","char_type_name":"word","page_number":486,"line_number":6,"text":"ﮔ","translation":{"text":"the evil","language_name":"english","language_id":38},"transliteration":{"text":"l-sayiāti","language_name":"english","language_id":38}},{"id":27688,"position":10,"audio_url":"wbw/042_025_010.mp3","qpc_uthmani_hafs":"وَيَعۡلَمُ","char_type_name":"word","page_number":486,"line_number":6,"text":"ﮕ","translation":{"text":"and He knows","language_name":"english","language_id":38},"transliteration":{"text":"wayaʿlamu","language_name":"english","language_id":38}},{"id":27689,"position":11,"audio_url":"wbw/042_025_011.mp3","qpc_uthmani_hafs":"مَا","char_type_name":"word","page_number":486,"line_number":6,"text":"ﮖ","translation":{"text":"what","language_name":"english","language_id":38},"transliteration":{"text":"mā","language_name":"english","language_id":38}},{"id":27690,"position":12,"audio_url":"wbw/042_025_012.mp3","qpc_uthmani_hafs":"تَفۡعَلُونَ","char_type_name":"word","page_number":486,"line_number":6,"text":"ﮗ","translation":{"text":"you do","language_name":"english","language_id":38},"transliteration":{"text":"tafʿalūna","language_name":"english","language_id":38}},{"id":27691,"position":13,"audio_url":null,"qpc_uthmani_hafs":"٢٥","char_type_name":"end","page_number":486,"line_number":6,"text":"ﮘ","translation":{"text":"(25)","language_name":"english","language_id":38},"transliteration":{"text":null,"language_name":"english","language_id":38}}],"translations":[{"id":920726,"resource_id":134,"text":"Dan Dia-lah yang menerima tobat dari hamba-hamba-Nya dan memaafkan kesalahan-kesalahan dan mengetahui apa yang kamu kerjakan,"}]},{"id":4298,"verse_number":26,"verse_key":"42:26","juz_number":25,"hizb_number":49,"rub_el_hizb_number":194,"ruku_number":423,"manzil_number":6,"sajdah_number":null,"text_uthmani":"وَيَسْتَجِيبُ ٱلَّذِينَ ءَامَنُوا۟ وَعَمِلُوا۟ ٱلصَّـٰلِحَـٰتِ وَيَزِيدُهُم مِّن فَضْلِهِۦ ۚ وَٱلْكَـٰفِرُونَ لَهُمْ عَذَابٌ شَدِيدٌ","page_number":486,"words":[{"id":28647,"position":1,"audio_url":"wbw/042_026_001.mp3","qpc_uthmani_hafs":"وَيَسۡتَجِيبُ","char_type_name":"word","page_number":486,"line_number":7,"text":"ﮙ","translation":{"text":"And He answers","language_name":"english","language_id":38},"transliteration":{"text":"wayastajību","language_name":"english","language_id":38}},{"id":28648,"position":2,"audio_url":"wbw/042_026_002.mp3","qpc_uthmani_hafs":"ٱلَّذِينَ","char_type_name":"word","page_number":486,"line_number":7,"text":"ﮚ","translation":{"text":"those who","language_name":"english","language_id":38},"transliteration":{"text":"alladhīna","language_name":"english","language_id":38}},{"id":28649,"position":3,"audio_url":"wbw/042_026_003.mp3","qpc_uthmani_hafs":"ءَامَنُواْ","char_type_name":"word","page_number":486,"line_number":7,"text":"ﮛ","translation":{"text":"believe","language_name":"english","language_id":38},"transliteration":{"text":"āmanū","language_name":"english","language_id":38}},{"id":28650,"position":4,"audio_url":"wbw/042_026_004.mp3","qpc_uthmani_hafs":"وَعَمِلُواْ","char_type_name":"word","page_number":486,"line_number":7,"text":"ﮜ","translation":{"text":"and do","language_name":"english","language_id":38},"transliteration":{"text":"waʿamilū","language_name":"english","language_id":38}},{"id":28651,"position":5,"audio_url":"wbw/042_026_005.mp3","qpc_uthmani_hafs":"ٱلصَّٰلِحَٰتِ","char_type_name":"word","page_number":486,"line_number":7,"text":"ﮝ","translation":{"text":"righteous deeds","language_name":"english","language_id":38},"transliteration":{"text":"l-ṣāliḥāti","language_name":"english","language_id":38}},{"id":28652,"position":6,"audio_url":"wbw/042_026_006.mp3","qpc_uthmani_hafs":"وَيَزِيدُهُم","char_type_name":"word","page_number":486,"line_number":7,"text":"ﮞ","translation":{"text":"and increases (for) them","language_name":"english","language_id":38},"transliteration":{"text":"wayazīduhum","language_name":"english","language_id":38}},{"id":28653,"position":7,"audio_url":"wbw/042_026_007.mp3","qpc_uthmani_hafs":"مِّن","char_type_name":"word","page_number":486,"line_number":7,"text":"ﮟ","translation":{"text":"from","language_name":"english","language_id":38},"transliteration":{"text":"min","language_name":"english","language_id":38}},{"id":28654,"position":8,"audio_url":"wbw/042_026_008.mp3","qpc_uthmani_hafs":"فَضۡلِهِۦۚ","char_type_name":"word","page_number":486,"line_number":7,"text":"ﮠﮡ","translation":{"text":"His Bounty","language_name":"english","language_id":38},"transliteration":{"text":"faḍlihi","language_name":"english","language_id":38}},{"id":28656,"position":9,"audio_url":"wbw/042_026_010.mp3","qpc_uthmani_hafs":"وَٱلۡكَٰفِرُونَ","char_type_name":"word","page_number":486,"line_number":8,"text":"ﮢ","translation":{"text":"And the disbelievers ","language_name":"english","language_id":38},"transliteration":{"text":"wal-kāfirūna","language_name":"english","language_id":38}},{"id":28657,"position":10,"audio_url":"wbw/042_026_011.mp3","qpc_uthmani_hafs":"لَهُمۡ","char_type_name":"word","page_number":486,"line_number":8,"text":"ﮣ","translation":{"text":"for them","language_name":"english","language_id":38},"transliteration":{"text":"lahum","language_name":"english","language_id":38}},{"id":28658,"position":11,"audio_url":"wbw/042_026_012.mp3","qpc_uthmani_hafs":"عَذَابٞ","char_type_name":"word","page_number":486,"line_number":8,"text":"ﮤ","translation":{"text":"(will be) a punishment","language_name":"english","language_id":38},"transliteration":{"text":"ʿadhābun","language_name":"english","language_id":38}},{"id":28659,"position":12,"audio_url":"wbw/042_026_013.mp3","qpc_uthmani_hafs":"شَدِيدٞ","char_type_name":"word","page_number":486,"line_number":8,"text":"ﮥ","translation":{"text":"severe","language_name":"english","language_id":38},"transliteration":{"text":"shadīdun","language_name":"english","language_id":38}},{"id":28660,"position":13,"audio_url":null,"qpc_uthmani_hafs":"٢٦","char_type_name":"end","page_number":486,"line_number":8,"text":"ﮦ","translation":{"text":"(26)","language_name":"english","language_id":38},"transliteration":{"text":null,"language_name":"english","language_id":38}}],"translations":[{"id":920727,"resource_id":134,"text":"dan Dia memperkenankan (doa) orang-orang yang beriman serta mengerjakan amal yang saleh dan menambah (pahala) kepada mereka dari karunia-Nya.  Dan orang-orang yang kafir bagi mereka azab yang sangat keras."}]},{"id":4299,"verse_number":27,"verse_key":"42:27","juz_number":25,"hizb_number":49,"rub_el_hizb_number":195,"ruku_number":423,"manzil_number":6,"sajdah_number":null,"text_uthmani":"۞ وَلَوْ بَسَطَ ٱللَّهُ ٱلرِّزْقَ لِعِبَادِهِۦ لَبَغَوْا۟ فِى ٱلْأَرْضِ وَلَـٰكِن يُنَزِّلُ بِقَدَرٍ مَّا يَشَآءُ ۚ إِنَّهُۥ بِعِبَادِهِۦ خَبِيرٌۢ بَصِيرٌ","page_number":486,"words":[{"id":29540,"position":1,"audio_url":"wbw/042_027_002.mp3","qpc_uthmani_hafs":"۞ وَلَوۡ","char_type_name":"word","page_number":486,"line_number":8,"text":"ﮧ ﮨ","translation":{"text":"And if","language_name":"english","language_id":38},"transliteration":{"text":"walaw","language_name":"english","language_id":38}},{"id":29541,"position":2,"audio_url":"wbw/042_027_003.mp3","qpc_uthmani_hafs":"بَسَطَ","char_type_name":"word","page_number":486,"line_number":8,"text":"ﮩ","translation":{"text":"Allah extends","language_name":"english","language_id":38},"transliteration":{"text":"basaṭa","language_name":"english","language_id":38}},{"id":29542,"position":3,"audio_url":"wbw/042_027_004.mp3","qpc_uthmani_hafs":"ٱللَّهُ","char_type_name":"word","page_number":486,"line_number":8,"text":"ﮪ","translation":{"text":"Allah extends","language_name":"english","language_id":38},"transliteration":{"text":"l-lahu","language_name":"english","language_id":38}},{"id":29543,"position":4,"audio_url":"wbw/042_027_005.mp3","qpc_uthmani_hafs":"ٱلرِّزۡقَ","char_type_name":"word","page_number":486,"line_number":8,"text":"ﮫ","translation":{"text":"the provision","language_name":"english","language_id":38},"transliteration":{"text":"l-riz'qa","language_name":"english","language_id":38}},{"id":29544,"position":5,"audio_url":"wbw/042_027_006.mp3","qpc_uthmani_hafs":"لِعِبَادِهِۦ","char_type_name":"word","page_number":486,"line_number":9,"text":"ﮬ","translation":{"text":"for His slaves","language_name":"english","language_id":38},"transliteration":{"text":"liʿibādihi","language_name":"english","language_id":38}},{"id":29545,"position":6,"audio_url":"wbw/042_027_007.mp3","qpc_uthmani_hafs":"لَبَغَوۡاْ","char_type_name":"word","page_number":486,"line_number":9,"text":"ﮭ","translation":{"text":"surely they would rebel","language_name":"english","language_id":38},"transliteration":{"text":"labaghaw","language_name":"english","language_id":38}},{"id":29546,"position":7,"audio_url":"wbw/042_027_008.mp3","qpc_uthmani_hafs":"فِي","char_type_name":"word","page_number":486,"line_number":9,"text":"ﮮ","translation":{"text":"in","language_name":"english","language_id":38},"transliteration":{"text":"fī","language_name":"english","language_id":38}},{"id":29547,"position":8,"audio_url":"wbw/042_027_009.mp3","qpc_uthmani_hafs":"ٱلۡأَرۡضِ","char_type_name":"word","page_number":486,"line_number":9,"text":"ﮯ","translation":{"text":"the earth","language_name":"english","language_id":38},"transliteration":{"text":"l-arḍi","language_name":"english","language_id":38}},{"id":29548,"position":9,"audio_url":"wbw/042_027_010.mp3","qpc_uthmani_hafs":"وَلَٰكِن","char_type_name":"word","page_number":486,"line_number":9,"text":"ﮰ","translation":{"text":"but","language_name":"english","language_id":38},"transliteration":{"text":"walākin","language_name":"english","language_id":38}},{"id":29549,"position":10,"audio_url":"wbw/042_027_011.mp3","qpc_uthmani_hafs":"يُنَزِّلُ","char_type_name":"word","page_number":486,"line_number":9,"text":"ﮱ","translation":{"text":"He sends down","language_name":"english","language_id":38},"transliteration":{"text":"yunazzilu","language_name":"english","language_id":38}},{"id":29550,"position":11,"audio_url":"wbw/042_027_012.mp3","qpc_uthmani_hafs":"بِقَدَرٖ","char_type_name":"word","page_number":486,"line_number":9,"text":"ﯓ","translation":{"text":"in (due) measure","language_name":"english","language_id":38},"transliteration":{"text":"biqadarin","language_name":"english","language_id":38}},{"id":29551,"position":12,"audio_url":"wbw/042_027_013.mp3","qpc_uthmani_hafs":"مَّا","char_type_name":"word","page_number":486,"line_number":9,"text":"ﯔ","translation":{"text":"what","language_name":"english","language_id":38},"transliteration":{"text":"mā","language_name":"english","language_id":38}},{"id":29552,"position":13,"audio_url":"wbw/042_027_014.mp3","qpc_uthmani_hafs":"يَشَآءُۚ","char_type_name":"word","page_number":486,"line_number":9,"text":"ﯕﯖ","translation":{"text":"He wills","language_name":"english","language_id":38},"transliteration":{"text":"yashāu","language_name":"english","language_id":38}},{"id":29554,"position":14,"audio_url":"wbw/042_027_016.mp3","qpc_uthmani_hafs":"إِنَّهُۥ","char_type_name":"word","page_number":486,"line_number":9,"text":"ﯗ","translation":{"text":"Indeed, He","language_name":"english","language_id":38},"transliteration":{"text":"innahu","language_name":"english","language_id":38}},{"id":29555,"position":15,"audio_url":"wbw/042_027_017.mp3","qpc_uthmani_hafs":"بِعِبَادِهِۦ","char_type_name":"word","page_number":486,"line_number":9,"text":"ﯘ","translation":{"text":"of His slaves","language_name":"english","language_id":38},"transliteration":{"text":"biʿibādihi","language_name":"english","language_id":38}},{"id":29556,"position":16,"audio_url":"wbw/042_027_018.mp3","qpc_uthmani_hafs":"خَبِيرُۢ","char_type_name":"word","page_number":486,"line_number":10,"text":"ﯙ","translation":{"text":"(is) All-Aware","language_name":"english","language_id":38},"transliteration":{"text":"khabīrun","language_name":"english","language_id":38}},{"id":29557,"position":17,"audio_url":"wbw/042_027_019.mp3","qpc_uthmani_hafs":"بَصِيرٞ","char_type_name":"word","page_number":486,"line_number":10,"text":"ﯚ","translation":{"text":"All-Seer","language_name":"english","language_id":38},"transliteration":{"text":"baṣīrun","language_name":"english","language_id":38}},{"id":29558,"position":18,"audio_url":null,"qpc_uthmani_hafs":"٢٧","char_type_name":"end","page_number":486,"line_number":10,"text":"ﯛ","translation":{"text":"(27)","language_name":"english","language_id":38},"transliteration":{"text":null,"language_name":"english","language_id":38}}],"translations":[{"id":920728,"resource_id":134,"text":"Dan jikalau Allah melapangkan rezeki kepada hamba-hamba-Nya, tentulah mereka akan melampaui batas di muka bumi, tetapi Allah menurunkan apa yang dikehendaki-Nya dengan ukuran. Sesungguhnya Dia Maha Mengetahui (keadaan) hamba-hamba-Nya lagi Maha Melihat."}]},{"id":4300,"verse_number":28,"verse_key":"42:28","juz_number":25,"hizb_number":49,"rub_el_hizb_number":195,"ruku_number":423,"manzil_number":6,"sajdah_number":null,"text_uthmani":"وَهُوَ ٱلَّذِى يُنَزِّلُ ٱلْغَيْثَ مِنۢ بَعْدِ مَا قَنَطُوا۟ وَيَنشُرُ رَحْمَتَهُۥ ۚ وَهُوَ ٱلْوَلِىُّ ٱلْحَمِيدُ","page_number":486,"words":[{"id":30874,"position":1,"audio_url":"wbw/042_028_001.mp3","qpc_uthmani_hafs":"وَهُوَ","char_type_name":"word","page_number":486,"line_number":10,"text":"ﯜ","translation":{"text":"And He","language_name":"english","language_id":38},"transliteration":{"text":"wahuwa","language_name":"english","language_id":38}},{"id":30875,"position":2,"audio_url":"wbw/042_028_002.mp3","qpc_uthmani_hafs":"ٱلَّذِي","char_type_name":"word","page_number":486,"line_number":10,"text":"ﯝ","translation":{"text":"(is) the One Who","language_name":"english","language_id":38},"transliteration":{"text":"alladhī","language_name":"english","language_id":38}},{"id":30876,"position":3,"audio_url":"wbw/042_028_003.mp3","qpc_uthmani_hafs":"يُنَزِّلُ","char_type_name":"word","page_number":486,"line_number":10,"text":"ﯞ","translation":{"text":"sends down","language_name":"english","language_id":38},"transliteration":{"text":"yunazzilu","language_name":"english","language_id":38}},{"id":30877,"position":4,"audio_url":"wbw/042_028_004.mp3","qpc_uthmani_hafs":"ٱلۡغَيۡثَ","char_type_name":"word","page_number":486,"line_number":10,"text":"ﯟ","translation":{"text":"the rain","language_name":"english","language_id":38},"transliteration":{"text":"l-ghaytha","language_name":"english","language_id":38}},{"id":30878,"position":5,"audio_url":"wbw/042_028_005.mp3","qpc_uthmani_hafs":"مِنۢ","char_type_name":"word","page_number":486,"line_number":10,"text":"ﯠ","translation":{"text":"after","language_name":"english","language_id":38},"transliteration":{"text":"min","language_name":"english","language_id":38}},{"id":30879,"position":6,"audio_url":"wbw/042_028_006.mp3","qpc_uthmani_hafs":"بَعۡدِ","char_type_name":"word","page_number":486,"line_number":10,"text":"ﯡ","translation":{"text":"after","language_name":"english","language_id":38},"transliteration":{"text":"baʿdi","language_name":"english","language_id":38}},{"id":30880,"position":7,"audio_url":"wbw/042_028_007.mp3","qpc_uthmani_hafs":"مَا","char_type_name":"word","page_number":486,"line_number":10,"text":"ﯢ","translation":{"text":"[what]","language_name":"english","language_id":38},"transliteration":{"text":"mā","language_name":"english","language_id":38}},{"id":30881,"position":8,"audio_url":"wbw/042_028_008.mp3","qpc_uthmani_hafs":"قَنَطُواْ","char_type_name":"word","page_number":486,"line_number":10,"text":"ﯣ","translation":{"text":"they have despaired","language_name":"english","language_id":38},"transliteration":{"text":"qanaṭū","language_name":"english","language_id":38}},{"id":30882,"position":9,"audio_url":"wbw/042_028_009.mp3","qpc_uthmani_hafs":"وَيَنشُرُ","char_type_name":"word","page_number":486,"line_number":11,"text":"ﯤ","translation":{"text":"and spreads","language_name":"english","language_id":38},"transliteration":{"text":"wayanshuru","language_name":"english","language_id":38}},{"id":30883,"position":10,"audio_url":"wbw/042_028_010.mp3","qpc_uthmani_hafs":"رَحۡمَتَهُۥۚ","char_type_name":"word","page_number":486,"line_number":11,"text":"ﯥﯦ","translation":{"text":"His mercy","language_name":"english","language_id":38},"transliteration":{"text":"raḥmatahu","language_name":"english","language_id":38}},{"id":30885,"position":11,"audio_url":"wbw/042_028_012.mp3","qpc_uthmani_hafs":"وَهُوَ","char_type_name":"word","page_number":486,"line_number":11,"text":"ﯧ","translation":{"text":"And He","language_name":"english","language_id":38},"transliteration":{"text":"wahuwa","language_name":"english","language_id":38}},{"id":30886,"position":12,"audio_url":"wbw/042_028_013.mp3","qpc_uthmani_hafs":"ٱلۡوَلِيُّ","char_type_name":"word","page_number":486,"line_number":11,"text":"ﯨ","translation":{"text":"(is) the Protector","language_name":"english","language_id":38},"transliteration":{"text":"l-waliyu","language_name":"english","language_id":38}},{"id":30887,"position":13,"audio_url":"wbw/042_028_014.mp3","qpc_uthmani_hafs":"ٱلۡحَمِيدُ","char_type_name":"word","page_number":486,"line_number":11,"text":"ﯩ","translation":{"text":"the Praiseworthy","language_name":"english","language_id":38},"transliteration":{"text":"l-ḥamīdu","language_name":"english","language_id":38}},{"id":30888,"position":14,"audio_url":null,"qpc_uthmani_hafs":"٢٨","char_type_name":"end","page_number":486,"line_number":11,"text":"ﯪ","translation":{"text":"(28)","language_name":"english","language_id":38},"transliteration":{"text":null,"language_name":"english","language_id":38}}],"translations":[{"id":920729,"resource_id":134,"text":"Dan Dia-lah Yang menurunkan hujan sesudah mereka berputus asa dan menyebarkan rahmat-Nya.  Dan Dia-lah Yang Maha Pelindung lagi Maha Terpuji."}]},{"id":4301,"verse_number":29,"verse_key":"42:29","juz_number":25,"hizb_number":49,"rub_el_hizb_number":195,"ruku_number":423,"manzil_number":6,"sajdah_number":null,"text_uthmani":"وَمِنْ ءَايَـٰتِهِۦ خَلْقُ ٱلسَّمَـٰوَٰتِ وَٱلْأَرْضِ وَمَا بَثَّ فِيهِمَا مِن دَآبَّةٍ ۚ وَهُوَ عَلَىٰ جَمْعِهِمْ إِذَا يَشَآءُ قَدِيرٌ","page_number":486,"words":[{"id":31549,"position":1,"audio_url":"wbw/042_029_001.mp3","qpc_uthmani_hafs":"وَمِنۡ","char_type_name":"word","page_number":486,"line_number":11,"text":"ﯫ","translation":{"text":"And among","language_name":"english","language_id":38},"transliteration":{"text":"wamin","language_name":"english","language_id":38}},{"id":31550,"position":2,"audio_url":"wbw/042_029_002.mp3","qpc_uthmani_hafs":"ءَايَٰتِهِۦ","char_type_name":"word","page_number":486,"line_number":11,"text":"ﯬ","translation":{"text":"His Signs","language_name":"english","language_id":38},"transliteration":{"text":"āyātihi","language_name":"english","language_id":38}},{"id":31551,"position":3,"audio_url":"wbw/042_029_003.mp3","qpc_uthmani_hafs":"خَلۡقُ","char_type_name":"word","page_number":486,"line_number":11,"text":"ﯭ","translation":{"text":"(is the) creation","language_name":"english","language_id":38},"transliteration":{"text":"khalqu","language_name":"english","language_id":38}},{"id":31552,"position":4,"audio_url":"wbw/042_029_004.mp3","qpc_uthmani_hafs":"ٱلسَّمَٰوَٰتِ","char_type_name":"word","page_number":486,"line_number":12,"text":"ﯮ","translation":{"text":"(of) the heavens","language_name":"english","language_id":38},"transliteration":{"text":"l-samāwāti","language_name":"english","language_id":38}},{"id":31553,"position":5,"audio_url":"wbw/042_029_005.mp3","qpc_uthmani_hafs":"وَٱلۡأَرۡضِ","char_type_name":"word","page_number":486,"line_number":12,"text":"ﯯ","translation":{"text":"and the earth","language_name":"english","language_id":38},"transliteration":{"text":"wal-arḍi","language_name":"english","language_id":38}},{"id":31554,"position":6,"audio_url":"wbw/042_029_006.mp3","qpc_uthmani_hafs":"وَمَا","char_type_name":"word","page_number":486,"line_number":12,"text":"ﯰ","translation":{"text":"and whatever","language_name":"english","language_id":38},"transliteration":{"text":"wamā","language_name":"english","language_id":38}},{"id":31555,"position":7,"audio_url":"wbw/042_029_007.mp3","qpc_uthmani_hafs":"بَثَّ","char_type_name":"word","page_number":486,"line_number":12,"text":"ﯱ","translation":{"text":"He has dispersed","language_name":"english","language_id":38},"transliteration":{"text":"batha","language_name":"english","language_id":38}},{"id":31556,"position":8,"audio_url":"wbw/042_029_008.mp3","qpc_uthmani_hafs":"فِيهِمَا","char_type_name":"word","page_number":486,"line_number":12,"text":"ﯲ","translation":{"text":"in both of them","language_name":"english","language_id":38},"transliteration":{"text":"fīhimā","language_name":"english","language_id":38}},{"id":31557,"position":9,"audio_url":"wbw/042_029_009.mp3","qpc_uthmani_hafs":"مِن","char_type_name":"word","page_number":486,"line_number":12,"text":"ﯳ","translation":{"text":"of","language_name":"english","language_id":38},"transliteration":{"text":"min","language_name":"english","language_id":38}},{"id":31558,"position":10,"audio_url":"wbw/042_029_010.mp3","qpc_uthmani_hafs":"دَآبَّةٖۚ","char_type_name":"word","page_number":486,"line_number":12,"text":"ﯴﯵ","translation":{"text":"(the) creatures","language_name":"english","language_id":38},"transliteration":{"text":"dābbatin","language_name":"english","language_id":38}},{"id":31560,"position":11,"audio_url":"wbw/042_029_012.mp3","qpc_uthmani_hafs":"وَهُوَ","char_type_name":"word","page_number":486,"line_number":12,"text":"ﯶ","translation":{"text":"And He","language_name":"english","language_id":38},"transliteration":{"text":"wahuwa","language_name":"english","language_id":38}},{"id":31561,"position":12,"audio_url":"wbw/042_029_013.mp3","qpc_uthmani_hafs":"عَلَىٰ","char_type_name":"word","page_number":486,"line_number":12,"text":"ﯷ","translation":{"text":"(is) over","language_name":"english","language_id":38},"transliteration":{"text":"ʿalā","language_name":"english","language_id":38}},{"id":31562,"position":13,"audio_url":"wbw/042_029_014.mp3","qpc_uthmani_hafs":"جَمۡعِهِمۡ","char_type_name":"word","page_number":486,"line_number":12,"text":"ﯸ","translation":{"text":"their gathering","language_name":"english","language_id":38},"transliteration":{"text":"jamʿihim","language_name":"english","language_id":38}},{"id":31563,"position":14,"audio_url":"wbw/042_029_015.mp3","qpc_uthmani_hafs":"إِذَا","char_type_name":"word","page_number":486,"line_number":13,"text":"ﯹ","translation":{"text":"when","language_name":"english","language_id":38},"transliteration":{"text":"idhā","language_name":"english","language_id":38}},{"id":31564,"position":15,"audio_url":"wbw/042_029_016.mp3","qpc_uthmani_hafs":"يَشَآءُ","char_type_name":"word","page_number":486,"line_number":13,"text":"ﯺ","translation":{"text":"He wills","language_name":"english","language_id":38},"transliteration":{"text":"yashāu","language_name":"english","language_id":38}},{"id":31565,"position":16,"audio_url":"wbw/042_029_017.mp3","qpc_uthmani_hafs":"قَدِيرٞ","char_type_name":"word","page_number":486,"line_number":13,"text":"ﯻ","translation":{"text":"All-Powerful","language_name":"english","language_id":38},"transliteration":{"text":"qadīrun","language_name":"english","language_id":38}},{"id":31566,"position":17,"audio_url":null,"qpc_uthmani_hafs":"٢٩","char_type_name":"end","page_number":486,"line_number":13,"text":"ﯼ","translation":{"text":"(29)","language_name":"english","language_id":38},"transliteration":{"text":null,"language_name":"english","language_id":38}}],"translations":[{"id":920730,"resource_id":134,"text":"Di antara ayat-ayat (tanda-tanda kekuasaan)-Nya ialah menciptakan langit dan bumi dan makhluk-makhluk yang melata yang Dia sebarkan pada keduanya.  Dan Dia Maha Kuasa mengumpulkan semuanya apabila dikehendaki-Nya."}]},{"id":4302,"verse_number":30,"verse_key":"42:30","juz_number":25,"hizb_number":49,"rub_el_hizb_number":195,"ruku_number":424,"manzil_number":6,"sajdah_number":null,"text_uthmani":"وَمَآ أَصَـٰبَكُم مِّن مُّصِيبَةٍ فَبِمَا كَسَبَتْ أَيْدِيكُمْ وَيَعْفُوا۟ عَن كَثِيرٍ","page_number":486,"words":[{"id":32475,"position":1,"audio_url":"wbw/042_030_001.mp3","qpc_uthmani_hafs":"وَمَآ","char_type_name":"word","page_number":486,"line_number":13,"text":"ﯽ","translation":{"text":"And whatever","language_name":"english","language_id":38},"transliteration":{"text":"wamā","language_name":"english","language_id":38}},{"id":32476,"position":2,"audio_url":"wbw/042_030_002.mp3","qpc_uthmani_hafs":"أَصَٰبَكُم","char_type_name":"word","page_number":486,"line_number":13,"text":"ﯾ","translation":{"text":"befalls you","language_name":"english","language_id":38},"transliteration":{"text":"aṣābakum","language_name":"english","language_id":38}},{"id":32477,"position":3,"audio_url":"wbw/042_030_003.mp3","qpc_uthmani_hafs":"مِّن","char_type_name":"word","page_number":486,"line_number":13,"text":"ﯿ","translation":{"text":"of","language_name":"english","language_id":38},"transliteration":{"text":"min","language_name":"english","language_id":38}},{"id":32478,"position":4,"audio_url":"wbw/042_030_004.mp3","qpc_uthmani_hafs":"مُّصِيبَةٖ","char_type_name":"word","page_number":486,"line_number":13,"text":"ﰀ","translation":{"text":"(the) misfortune","language_name":"english","language_id":38},"transliteration":{"text":"muṣībatin","language_name":"english","language_id":38}},{"id":32479,"position":5,"audio_url":"wbw/042_030_005.mp3","qpc_uthmani_hafs":"فَبِمَا","char_type_name":"word","page_number":486,"line_number":13,"text":"ﰁ","translation":{"text":"(is because) of what","language_name":"english","language_id":38},"transliteration":{"text":"fabimā","language_name":"english","language_id":38}},{"id":32480,"position":6,"audio_url":"wbw/042_030_006.mp3","qpc_uthmani_hafs":"كَسَبَتۡ","char_type_name":"word","page_number":486,"line_number":14,"text":"ﰂ","translation":{"text":"have earned","language_name":"english","language_id":38},"transliteration":{"text":"kasabat","language_name":"english","language_id":38}},{"id":32481,"position":7,"audio_url":"wbw/042_030_007.mp3","qpc_uthmani_hafs":"أَيۡدِيكُمۡ","char_type_name":"word","page_number":486,"line_number":14,"text":"ﰃ","translation":{"text":"your hands","language_name":"english","language_id":38},"transliteration":{"text":"aydīkum","language_name":"english","language_id":38}},{"id":32482,"position":8,"audio_url":"wbw/042_030_008.mp3","qpc_uthmani_hafs":"وَيَعۡفُواْ","char_type_name":"word","page_number":486,"line_number":14,"text":"ﰄ","translation":{"text":"But He pardons","language_name":"english","language_id":38},"transliteration":{"text":"wayaʿfū","language_name":"english","language_id":38}},{"id":32483,"position":9,"audio_url":"wbw/042_030_009.mp3","qpc_uthmani_hafs":"عَن","char_type_name":"word","page_number":486,"line_number":14,"text":"ﰅ","translation":{"text":"[from]","language_name":"english","language_id":38},"transliteration":{"text":"ʿan","language_name":"english","language_id":38}},{"id":32484,"position":10,"audio_url":"wbw/042_030_010.mp3","qpc_uthmani_hafs":"كَثِيرٖ","char_type_name":"word","page_number":486,"line_number":14,"text":"ﰆ","translation":{"text":"much","language_name":"english","language_id":38},"transliteration":{"text":"kathīrin","language_name":"english","language_id":38}},{"id":32485,"position":11,"audio_url":null,"qpc_uthmani_hafs":"٣٠","char_type_name":"end","page_number":486,"line_number":14,"text":"ﰇ","translation":{"text":"(30)","language_name":"english","language_id":38},"transliteration":{"text":null,"language_name":"english","language_id":38}}],"translations":[{"id":920731,"resource_id":134,"text":"Dan apa saja musibah yang menimpa kamu, maka adalah disebabkan oleh perbuatan tanganmu sendiri dan Allah memaafkan sebagian besar (dari kesalahan-kesalahanmu)."}]},{"id":4303,"verse_number":31,"verse_key":"42:31","juz_number":25,"hizb_number":49,"rub_el_hizb_number":195,"ruku_number":424,"manzil_number":6,"sajdah_number":null,"text_uthmani":"وَمَآ أَنتُم بِمُعْجِزِينَ فِى ٱلْأَرْضِ ۖ وَمَا لَكُم مِّن دُونِ ٱللَّهِ مِن وَلِىٍّ وَلَا نَصِيرٍ","page_number":486,"words":[{"id":33323,"position":1,"audio_url":"wbw/042_031_001.mp3","qpc_uthmani_hafs":"وَمَآ","char_type_name":"word","page_number":486,"line_number":14,"text":"ﰈ","translation":{"text":"And not","language_name":"english","language_id":38},"transliteration":{"text":"wamā","language_name":"english","language_id":38}},{"id":33324,"position":2,"audio_url":"wbw/042_031_002.mp3","qpc_uthmani_hafs":"أَنتُم","char_type_name":"word","page_number":486,"line_number":14,"text":"ﰉ","translation":{"text":"you","language_name":"english","language_id":38},"transliteration":{"text":"antum","language_name":"english","language_id":38}},{"id":33325,"position":3,"audio_url":"wbw/042_031_003.mp3","qpc_uthmani_hafs":"بِمُعۡجِزِينَ","char_type_name":"word","page_number":486,"line_number":14,"text":"ﰊ","translation":{"text":"(can) escape","language_name":"english","language_id":38},"transliteration":{"text":"bimuʿ'jizīna","language_name":"english","language_id":38}},{"id":33326,"position":4,"audio_url":"wbw/042_031_004.mp3","qpc_uthmani_hafs":"فِي","char_type_name":"word","page_number":486,"line_number":15,"text":"ﰋ","translation":{"text":"in","language_name":"english","language_id":38},"transliteration":{"text":"fī","language_name":"english","language_id":38}},{"id":33327,"position":5,"audio_url":"wbw/042_031_005.mp3","qpc_uthmani_hafs":"ٱلۡأَرۡضِۖ","char_type_name":"word","page_number":486,"line_number":15,"text":"ﰌﰍ","translation":{"text":"the earth","language_name":"english","language_id":38},"transliteration":{"text":"l-arḍi","language_name":"english","language_id":38}},{"id":33329,"position":6,"audio_url":"wbw/042_031_007.mp3","qpc_uthmani_hafs":"وَمَا","char_type_name":"word","page_number":486,"line_number":15,"text":"ﰎ","translation":{"text":"and not","language_name":"english","language_id":38},"transliteration":{"text":"wamā","language_name":"english","language_id":38}},{"id":33330,"position":7,"audio_url":"wbw/042_031_008.mp3","qpc_uthmani_hafs":"لَكُم","char_type_name":"word","page_number":486,"line_number":15,"text":"ﰏ","translation":{"text":"for you","language_name":"english","language_id":38},"transliteration":{"text":"lakum","language_name":"english","language_id":38}},{"id":33331,"position":8,"audio_url":"wbw/042_031_009.mp3","qpc_uthmani_hafs":"مِّن","char_type_name":"word","page_number":486,"line_number":15,"text":"ﰐ","translation":{"text":"besides","language_name":"english","language_id":38},"transliteration":{"text":"min","language_name":"english","language_id":38}},{"id":33332,"position":9,"audio_url":"wbw/042_031_010.mp3","qpc_uthmani_hafs":"دُونِ","char_type_name":"word","page_number":486,"line_number":15,"text":"ﰑ","translation":{"text":"besides","language_name":"english","language_id":38},"transliteration":{"text":"dūni","language_name":"english","language_id":38}},{"id":33333,"position":10,"audio_url":"wbw/042_031_011.mp3","qpc_uthmani_hafs":"ٱللَّهِ","char_type_name":"word","page_number":486,"line_number":15,"text":"ﰒ","translation":{"text":"Allah","language_name":"english","language_id":38},"transliteration":{"text":"l-lahi","language_name":"english","language_id":38}},{"id":33334,"position":11,"audio_url":"wbw/042_031_012.mp3","qpc_uthmani_hafs":"مِن","char_type_name":"word","page_number":486,"line_number":15,"text":"ﰓ","translation":{"text":"any","language_name":"english","language_id":38},"transliteration":{"text":"min","language_name":"english","language_id":38}},{"id":33335,"position":12,"audio_url":"wbw/042_031_013.mp3","qpc_uthmani_hafs":"وَلِيّٖ","char_type_name":"word","page_number":486,"line_number":15,"text":"ﰔ","translation":{"text":"protector","language_name":"english","language_id":38},"transliteration":{"text":"waliyyin","language_name":"english","language_id":38}},{"id":33336,"position":13,"audio_url":"wbw/042_031_014.mp3","qpc_uthmani_hafs":"وَلَا","char_type_name":"word","page_number":486,"line_number":15,"text":"ﰕ","translation":{"text":"and not","language_name":"english","language_id":38},"transliteration":{"text":"walā","language_name":"english","language_id":38}},{"id":33337,"position":14,"audio_url":"wbw/042_031_015.mp3","qpc_uthmani_hafs":"نَصِيرٖ","char_type_name":"word","page_number":486,"line_number":15,"text":"ﰖ","translation":{"text":"any helper","language_name":"english","language_id":38},"transliteration":{"text":"naṣīrin","language_name":"english","language_id":38}},{"id":33338,"position":15,"audio_url":null,"qpc_uthmani_hafs":"٣١","char_type_name":"end","page_number":486,"line_number":15,"text":"ﰗ","translation":{"text":"(31)","language_name":"english","language_id":38},"transliteration":{"text":null,"language_name":"english","language_id":38}}],"translations":[{"id":920732,"resource_id":134,"text":"Dan kamu tidak dapat melepaskan diri (dari azab Allah) di muka bumi dan kamu tidak memperoleh seorang pelindung dan tidak pula penolong selain Allah."}]}],"pagination":{"per_page":50,"current_page":1,"next_page":null,"total_pages":1,"total_records":9}}