{"verses":[{"id":4304,"verse_number":32,"verse_key":"42:32","juz_number":25,"hizb_number":49,"rub_el_hizb_number":195,"ruku_number":424,"manzil_number":6,"sajdah_number":null,"text_uthmani":"وَمِنْ ءَايَـٰتِهِ ٱلْجَوَارِ فِى ٱلْبَحْرِ كَٱلْأَعْلَـٰمِ","page_number":487,"words":[{"id":34647,"position":1,"audio_url":"wbw/042_032_001.mp3","qpc_uthmani_hafs":"وَمِنۡ","char_type_name":"word","page_number":487,"line_number":1,"text":"ﭑ","translation":{"text":"And among","language_name":"english","language_id":38},"transliteration":{"text":"wamin","language_name":"english","language_id":38}},{"id":34648,"position":2,"audio_url":"wbw/042_032_002.mp3","qpc_uthmani_hafs":"ءَايَٰتِهِ","char_type_name":"word","page_number":487,"line_number":1,"text":"ﭒ","translation":{"text":"His Signs","language_name":"english","language_id":38},"transliteration":{"text":"āyātihi","language_name":"english","language_id":38}},{"id":34649,"position":3,"audio_url":"wbw/042_032_003.mp3","qpc_uthmani_hafs":"ٱلۡجَوَارِ","char_type_name":"word","page_number":487,"line_number":1,"text":"ﭓ","translation":{"text":"(are) the ships","language_name":"english","language_id":38},"transliteration":{"text":"l-jawāri","language_name":"english","language_id":38}},{"id":34650,"position":4,"audio_url":"wbw/042_032_004.mp3","qpc_uthmani_hafs":"فِي","char_type_name":"word","page_number":487,"line_number":1,"text":"ﭔ","translation":{"text":"in","language_name":"english","language_id":38},"transliteration":{"text":"fī","language_name":"english","language_id":38}},{"id":34651,"position":5,"audio_url":"wbw/042_032_005.mp3","qpc_uthmani_hafs":"ٱلۡبَحۡرِ","char_type_name":"word","page_number":487,"line_number":1,"text":"ﭕ","translation":{"text":"the sea","language_name":"english","language_id":38},"transliteration":{"text":"l-baḥri","language_name":"english","language_id":38}},{"id":34652,"position":6,"audio_url":"wbw/042_032_006.mp3","qpc_uthmani_hafs":"كَٱلۡأَعۡلَٰمِ","char_type_name":"word","page_number":487,"line_number":1,"text":"ﭖ","translation":{"text":"like [the] mountains","language_name":"english","language_id":38},"transliteration":{"text":"kal-aʿlāmi","language_name":"english","language_id":38}},{"id":34653,"position":7,"audio_url":null,"qpc_uthmani_hafs":"٣٢","char_type_name":"end","page_number":487,"line_number":1,"text":"ﭗ","translation":{"text":"(32)","language_name":"english","language_id":38},"transliteration":{"text":null,"language_name":"english","language_id":38}}],"translations":[{"id":920733,"resource_id":134,"text":"Dan di antara tanda-tanda kekuasaan-Nya ialah kapal-kapal (yang berlayar) di laut seperti gunung-gunung."}]},{"id":4305,"verse_number":33,"verse_key":"42:33","juz_number":25,"hizb_number":49,"rub_el_hizb_number":195,"ruku_number":424,"manzil_number":6,"sajdah_number":null,"text_uthmani":"إِن يَشَأْ يُسْكِنِ ٱلرِّيحَ فَيَظْلَلْنَ رَوَاكِدَ عَلَىٰ ظَهْرِهِۦٓ ۚ إِنَّ فِى ذَٰلِكَ لَـَٔايَـٰتٍ لِّكُلِّ صَبَّارٍ شَكُورٍ","page_number":487,"words":[{"id":35258,"position":1,"audio_url":"wbw/042_033_001.mp3","qpc_uthmani_hafs":"إِن","char_type_name":"word","page_number":487,"line_number":1,"text":"ﭘ","translation":{"text":"If","language_name":"english","language_id":38},"transliteration":{"text":"in","language_name":"english","language_id":38}},{"id":35259,"position":2,"audio_url":"wbw/042_033_002.mp3","qpc_uthmani_hafs":"يَشَأۡ","char_type_name":"word","page_number":487,"line_number":1,"text":"ﭙ","translation":{"text":"He wills","language_name":"english","language_id":38},"transliteration":{"text":"yasha","language_name":"english","language_id":38}},{"id":35260,"position":3,"audio_url":"wbw/042_033_003.mp3","qpc_uthmani_hafs":"يُسۡكِنِ","char_type_name":"word","page_number":487,"line_number":1,"text":"ﭚ","translation":{"text":"He can cause the wind to become still","language_name":"english","language_id":38},"transliteration":{"text":"yus'kini","language_name":"english","language_id":38}},{"id":35261,"position":4,"audio_url":"wbw/042_033_004.mp3","qpc_uthmani_hafs":"ٱلرِّيحَ","char_type_name":"word","page_number":487,"line_number":1,"text":"ﭛ","translation":{"text":"He can cause the wind to become still","language_name":"english","language_id":38},"transliteration":{"text":"l-rīḥa","language_name":"english","language_id":38}},{"id":35262,"position":5,"audio_url":"wbw/042_033_005.mp3","qpc_uthmani_hafs":"فَيَظۡلَلۡنَ","char_type_name":"word","page_number":487,"line_number":2,"text":"ﭜ","translation":{"text":"then they would remain","language_name":"english","language_id":38},"transliteration":{"text":"fayaẓlalna","language_name":"english","language_id":38}},{"id":35263,"position":6,"audio_url":"wbw/042_033_006.mp3","qpc_uthmani_hafs":"رَوَاكِدَ","char_type_name":"word","page_number":487,"line_number":2,"text":"ﭝ","translation":{"text":"motionless","language_name":"english","language_id":38},"transliteration":{"text":"rawākida","language_name":"english","language_id":38}},{"id":35264,"position":7,"audio_url":"wbw/042_033_007.mp3","qpc_uthmani_hafs":"عَلَىٰ","char_type_name":"word","page_number":487,"line_number":2,"text":"ﭞ","translation":{"text":"on","language_name":"english","language_id":38},"transliteration":{"text":"ʿalā","language_name":"english","language_id":38}},{"id":35265,"position":8,"audio_url":"wbw/042_033_008.mp3","qpc_uthmani_hafs":"ظَهۡرِهِۦٓۚ","char_type_name":"word","page_number":487,"line_number":2,"text":"ﭟﭠ","translation":{"text":"its back","language_name":"english","language_id":38},"transliteration":{"text":"ẓahrihi","language_name":"english","language_id":38}},{"id":35267,"position":9,"audio_url":"wbw/042_033_010.mp3","qpc_uthmani_hafs":"إِنَّ","char_type_name":"word","page_number":487,"line_number":2,"text":"ﭡ","translation":{"text":"Indeed","language_name":"english","language_id":38},"transliteration":{"text":"inna","language_name":"english","language_id":38}},{"id":35268,"position":10,"audio_url":"wbw/042_033_011.mp3","qpc_uthmani_hafs":"فِي","char_type_name":"word","page_number":487,"line_number":2,"text":"ﭢ","translation":{"text":"in","language_name":"english","language_id":38},"transliteration":{"text":"fī","language_name":"english","language_id":38}},{"id":35269,"position":11,"audio_url":"wbw/042_033_012.mp3","qpc_uthmani_hafs":"ذَٰلِكَ","char_type_name":"word","page_number":487,"line_number":2,"text":"ﭣ","translation":{"text":"that","language_name":"english","language_id":38},"transliteration":{"text":"dhālika","language_name":"english","language_id":38}},{"id":35270,"position":12,"audio_url":"wbw/042_033_013.mp3","qpc_uthmani_hafs":"لَأٓيَٰتٖ","char_type_name":"word","page_number":487,"line_number":2,"text":"ﭤ","translation":{"text":"surely (are) Signs","language_name":"english","language_id":38},"transliteration":{"text":"laāyātin","language_name":"english","language_id":38}},{"id":35271,"position":13,"audio_url":"wbw/042_033_014.mp3","qpc_uthmani_hafs":"لِّكُلِّ","char_type_name":"word","page_number":487,"line_number":2,"text":"ﭥ","translation":{"text":"for everyone","language_name":"english","language_id":38},"transliteration":{"text":"likulli","language_name":"english","language_id":38}},{"id":35272,"position":14,"audio_url":"wbw/042_033_015.mp3","qpc_uthmani_hafs":"صَبَّارٖ","char_type_name":"word","page_number":487,"line_number":2,"text":"ﭦ","translation":{"text":"patient","language_name":"english","language_id":38},"transliteration":{"text":"ṣabbārin","language_name":"english","language_id":38}},{"id":35273,"position":15,"audio_url":"wbw/042_033_016.mp3","qpc_uthmani_hafs":"شَكُورٍ","char_type_name":"word","page_number":487,"line_number":2,"text":"ﭧ","translation":{"text":"(and) grateful","language_name":"english","language_id":38},"transliteration":{"text":"shakūrin","language_name":"english","language_id":38}},{"id":35274,"position":16,"audio_url":null,"qpc_uthmani_hafs":"٣٣","char_type_name":"end","page_number":487,"line_number":3,"text":"ﭨ","translation":{"text":"(33)","language_name":"english","language_id":38},"transliteration":{"text":null,"language_name":"english","language_id":38}}],"translations":[{"id":920734,"resource_id":134,"text":"Jika Dia menghendaki, Dia akan menenangkan angin, maka jadilah kapal-kapal itu terhenti di permukaan laut.  Sesungguhnya pada yang demikian itu, terdapat tanda-tanda (kekuasaan)-Nya bagi setiap orang yang banyak bersabar dan banyak bersyukur,"}]},{"id":4306,"verse_number":34,"verse_key":"42:34","juz_number":25,"hizb_number":49,"rub_el_hizb_number":195,"ruku_number":424,"manzil_number":6,"sajdah_number":null,"text_uthmani":"أَوْ يُوبِقْهُنَّ بِمَا كَسَبُوا۟ وَيَعْفُ عَن كَثِيرٍ","page_number":487,"words":[{"id":36150,"position":1,"audio_url":"wbw/042_034_001.mp3","qpc_uthmani_hafs":"أَوۡ","char_type_name":"word","page_number":487,"line_number":3,"text":"ﭩ","translation":{"text":"Or","language_name":"english","language_id":38},"transliteration":{"text":"aw","language_name":"english","language_id":38}},{"id":36151,"position":2,"audio_url":"wbw/042_034_002.mp3","qpc_uthmani_hafs":"يُوبِقۡهُنَّ","char_type_name":"word","page_number":487,"line_number":3,"text":"ﭪ","translation":{"text":"He could destroy them","language_name":"english","language_id":38},"transliteration":{"text":"yūbiq'hunna","language_name":"english","language_id":38}},{"id":36152,"position":3,"audio_url":"wbw/042_034_003.mp3","qpc_uthmani_hafs":"بِمَا","char_type_name":"word","page_number":487,"line_number":3,"text":"ﭫ","translation":{"text":"for what","language_name":"english","language_id":38},"transliteration":{"text":"bimā","language_name":"english","language_id":38}},{"id":36153,"position":4,"audio_url":"wbw/042_034_004.mp3","qpc_uthmani_hafs":"كَسَبُواْ","char_type_name":"word","page_number":487,"line_number":3,"text":"ﭬ","translation":{"text":"they have earned","language_name":"english","language_id":38},"transliteration":{"text":"kasabū","language_name":"english","language_id":38}},{"id":36154,"position":5,"audio_url":"wbw/042_034_005.mp3","qpc_uthmani_hafs":"وَيَعۡفُ","char_type_name":"word","page_number":487,"line_number":3,"text":"ﭭ","translation":{"text":"but He pardons","language_name":"english","language_id":38},"transliteration":{"text":"wayaʿfu","language_name":"english","language_id":38}},{"id":36155,"position":6,"audio_url":"wbw/042_034_006.mp3","qpc_uthmani_hafs":"عَن","char_type_name":"word","page_number":487,"line_number":3,"text":"ﭮ","translation":{"text":"[from]","language_name":"english","language_id":38},"transliteration":{"text":"ʿan","language_name":"english","language_id":38}},{"id":36156,"position":7,"audio_url":"wbw/042_034_007.mp3","qpc_uthmani_hafs":"كَثِيرٖ","char_type_name":"word","page_number":487,"line_number":3,"text":"ﭯ","translation":{"text":"much","language_name":"english","language_id":38},"transliteration":{"text":"kathīrin","language_name":"english","language_id":38}},{"id":36157,"position":8,"audio_url":null,"qpc_uthmani_hafs":"٣٤","char_type_name":"end","page_number":487,"line_number":3,"text":"ﭰ","translation":{"text":"(34)","language_name":"english","language_id":38},"transliteration":{"text":null,"language_name":"english","language_id":38}}],"translations":[{"id":920735,"resource_id":134,"text":"atau kapal-kapal itu dibinasakan-Nya karena perbuatan mereka atau Dia memberi maaf sebagian besar (dari mereka)."}]},{"id":4307,"verse_number":35,"verse_key":"42:35","juz_number":25,"hizb_number":49,"rub_el_hizb_number":195,"ruku_number":424,"manzil_number":6,"sajdah_number":null,"text_uthmani":"وَيَعْلَمَ ٱلَّذِينَ يُجَـٰدِلُونَ فِىٓ ءَايَـٰتِنَا مَا لَهُم مِّن مَّحِيصٍ","page_number":487,"words":[{"id":36945,"position":1,"audio_url":"wbw/042_035_001.mp3","qpc_uthmani_hafs":"وَيَعۡلَمَ","char_type_name":"word","page_number":487,"line_number":3,"text":"ﭱ","translation":{"text":"And may know","language_name":"english","language_id":38},"transliteration":{"text":"wayaʿlama","language_name":"english","language_id":38}},{"id":36946,"position":2,"audio_url":"wbw/042_035_002.mp3","qpc_uthmani_hafs":"ٱلَّذِينَ","char_type_name":"word","page_number":487,"line_number":3,"text":"ﭲ","translation":{"text":"those who","language_name":"english","language_id":38},"transliteration":{"text":"alladhīna","language_name":"english","language_id":38}},{"id":36947,"position":3,"audio_url":"wbw/042_035_003.mp3","qpc_uthmani_hafs":"يُجَٰدِلُونَ","char_type_name":"word","page_number":487,"line_number":4,"text":"ﭳ","translation":{"text":"dispute","language_name":"english","language_id":38},"transliteration":{"text":"yujādilūna","language_name":"english","language_id":38}},{"id":36948,"position":4,"audio_url":"wbw/042_035_004.mp3","qpc_uthmani_hafs":"فِيٓ","char_type_name":"word","page_number":487,"line_number":4,"text":"ﭴ","translation":{"text":"concerning","language_name":"english","language_id":38},"transliteration":{"text":"fī","language_name":"english","language_id":38}},{"id":36949,"position":5,"audio_url":"wbw/042_035_005.mp3","qpc_uthmani_hafs":"ءَايَٰتِنَا","char_type_name":"word","page_number":487,"line_number":4,"text":"ﭵ","translation":{"text":"Our Signs","language_name":"english","language_id":38},"transliteration":{"text":"āyātinā","language_name":"english","language_id":38}},{"id":36950,"position":6,"audio_url":"wbw/042_035_006.mp3","qpc_uthmani_hafs":"مَا","char_type_name":"word","page_number":487,"line_number":4,"text":"ﭶ","translation":{"text":"(that) not","language_name":"english","language_id":38},"transliteration":{"text":"mā","language_name":"english","language_id":38}},{"id":36951,"position":7,"audio_url":"wbw/042_035_007.mp3","qpc_uthmani_hafs":"لَهُم","char_type_name":"word","page_number":487,"line_number":4,"text":"ﭷ","translation":{"text":"for them","language_name":"english","language_id":38},"transliteration":{"text":"lahum","language_name":"english","language_id":38}},{"id":36952,"position":8,"audio_url":"wbw/042_035_008.mp3","qpc_uthmani_hafs":"مِّن","char_type_name":"word","page_number":487,"line_number":4,"text":"ﭸ","translation":{"text":"any","language_name":"english","language_id":38},"transliteration":{"text":"min","language_name":"english","language_id":38}},{"id":36953,"position":9,"audio_url":"wbw/042_035_009.mp3","qpc_uthmani_hafs":"مَّحِيصٖ","char_type_name":"word","page_number":487,"line_number":4,"text":"ﭹ","translation":{"text":"place of refuge","language_name":"english","language_id":38},"transliteration":{"text":"maḥīṣin","language_name":"english","language_id":38}},{"id":36954,"position":10,"audio_url":null,"qpc_uthmani_hafs":"٣٥","char_type_name":"end","page_number":487,"line_number":4,"text":"ﭺ","translation":{"text":"(35)","language_name":"english","language_id":38},"transliteration":{"text":null,"language_name":"english","language_id":38}}],"translations":[{"id":920736,"resource_id":134,"text":"Dan supaya orang-orang yang membantah ayat-ayat (kekuasaan) Kami mengetahui bahwa mereka sekali-kali tidak akan memperoleh jalan ke luar (dari siksaan)."}]},{"id":4308,"verse_number":36,"verse_key":"42:36","juz_number":25,"hizb_number":49,"rub_el_hizb_number":195,"ruku_number":424,"manzil_number":6,"sajdah_number":null,"text_uthmani":"فَمَآ أُوتِيتُم مِّن شَىْءٍ فَمَتَـٰعُ ٱلْحَيَوٰةِ ٱلدُّنْيَا ۖ وَمَا عِندَ ٱللَّهِ خَيْرٌ وَأَبْقَىٰ لِلَّذِينَ ءَامَنُوا۟ وَعَلَىٰ رَبِّهِمْ يَتَوَكَّلُونَ","page_number":487,"words":[{"id":38002,"position":1,"audio_url":"wbw/042_036_001.mp3","qpc_uthmani_hafs":"فَمَآ","char_type_name":"word","page_number":487,"line_number":4,"text":"ﭻ","translation":{"text":"So whatever","language_name":"english","language_id":38},"transliteration":{"text":"famā","language_name":"english","language_id":38}},{"id":38003,"position":2,"audio_url":"wbw/042_036_002.mp3","qpc_uthmani_hafs":"أُوتِيتُم","char_type_name":"word","page_number":487,"line_number":4,"text":"ﭼ","translation":{"text":"you are given","language_name":"english","language_id":38},"transliteration":{"text":"ūtītum","language_name":"english","language_id":38}},{"id":38004,"position":3,"audio_url":"wbw/042_036_003.mp3","qpc_uthmani_hafs":"مِّن","char_type_name":"word","page_number":487,"line_number":4,"text":"ﭽ","translation":{"text":"of","language_name":"english","language_id":38},"transliteration":{"text":"min","language_name":"english","language_id":38}},{"id":38005,"position":4,"audio_url":"wbw/042_036_004.mp3","qpc_uthmani_hafs":"شَيۡءٖ","char_type_name":"word","page_number":487,"line_number":4,"text":"ﭾ","translation":{"text":"a thing","language_name":"english","language_id":38},"transliteration":{"text":"shayin","language_name":"english","language_id":38}},{"id":38006,"position":5,"audio_url":"wbw/042_036_005.mp3","qpc_uthmani_hafs":"فَمَتَٰعُ","char_type_name":"word","page_number":487,"line_number":4,"text":"ﭿ","translation":{"text":"(is) but a passing enjoyment","language_name":"english","language_id":38},"transliteration":{"text":"famatāʿu","language_name":"english","language_id":38}},{"id":38007,"position":6,"audio_url":"wbw/042_036_006.mp3","qpc_uthmani_hafs":"ٱلۡحَيَوٰةِ","char_type_name":"word","page_number":487,"line_number":5,"text":"ﮀ","translation":{"text":"(for) the life","language_name":"english","language_id":38},"transliteration":{"text":"l-ḥayati","language_name":"english","language_id":38}},{"id":38008,"position":7,"audio_url":"wbw/042_036_007.mp3","qpc_uthmani_hafs":"ٱلدُّنۡيَاۚ","char_type_name":"word","page_number":487,"line_number":5,"text":"ﮁﮂ","translation":{"text":"(of) the world","language_name":"english","language_id":38},"transliteration":{"text":"l-dun'yā","language_name":"english","language_id":38}},{"id":38010,"position":8,"audio_url":"wbw/042_036_009.mp3","qpc_uthmani_hafs":"وَمَا","char_type_name":"word","page_number":487,"line_number":5,"text":"ﮃ","translation":{"text":"But what","language_name":"english","language_id":38},"transliteration":{"text":"wamā","language_name":"english","language_id":38}},{"id":38011,"position":9,"audio_url":"wbw/042_036_010.mp3","qpc_uthmani_hafs":"عِندَ","char_type_name":"word","page_number":487,"line_number":5,"text":"ﮄ","translation":{"text":"(is) with","language_name":"english","language_id":38},"transliteration":{"text":"ʿinda","language_name":"english","language_id":38}},{"id":38012,"position":10,"audio_url":"wbw/042_036_011.mp3","qpc_uthmani_hafs":"ٱللَّهِ","char_type_name":"word","page_number":487,"line_number":5,"text":"ﮅ","translation":{"text":"Allah","language_name":"english","language_id":38},"transliteration":{"text":"l-lahi","language_name":"english","language_id":38}},{"id":38013,"position":11,"audio_url":"wbw/042_036_012.mp3","qpc_uthmani_hafs":"خَيۡرٞ","char_type_name":"word","page_number":487,"line_number":5,"text":"ﮆ","translation":{"text":"(is) better","language_name":"english","language_id":38},"transliteration":{"text":"khayrun","language_name":"english","language_id":38}},{"id":38014,"position":12,"audio_url":"wbw/042_036_013.mp3","qpc_uthmani_hafs":"وَأَبۡقَىٰ","char_type_name":"word","page_number":487,"line_number":5,"text":"ﮇ","translation":{"text":"and more lasting","language_name":"english","language_id":38},"transliteration":{"text":"wa-abqā","language_name":"english","language_id":38}},{"id":38015,"position":13,"audio_url":"wbw/042_036_014.mp3","qpc_uthmani_hafs":"لِلَّذِينَ","char_type_name":"word","page_number":487,"line_number":5,"text":"ﮈ","translation":{"text":"for those who","language_name":"english","language_id":38},"transliteration":{"text":"lilladhīna","language_name":"english","language_id":38}},{"id":38016,"position":14,"audio_url":"wbw/042_036_015.mp3","qpc_uthmani_hafs":"ءَامَنُواْ","char_type_name":"word","page_number":487,"line_number":5,"text":"ﮉ","translation":{"text":"believe","language_name":"english","language_id":38},"transliteration":{"text":"āmanū","language_name":"english","language_id":38}},{"id":38017,"position":15,"audio_url":"wbw/042_036_016.mp3","qpc_uthmani_hafs":"وَعَلَىٰ","char_type_name":"word","page_number":487,"line_number":5,"text":"ﮊ","translation":{"text":"and upon","language_name":"english","language_id":38},"transliteration":{"text":"waʿalā","language_name":"english","language_id":38}},{"id":38018,"position":16,"audio_url":"wbw/042_036_017.mp3","qpc_uthmani_hafs":"رَبِّهِمۡ","char_type_name":"word","page_number":487,"line_number":5,"text":"ﮋ","translation":{"text":"their Lord","language_name":"english","language_id":38},"transliteration":{"text":"rabbihim","language_name":"english","language_id":38}},{"id":38019,"position":17,"audio_url":"wbw/042_036_018.mp3","qpc_uthmani_hafs":"يَتَوَكَّلُونَ","char_type_name":"word","page_number":487,"line_number":6,"text":"ﮌ","translation":{"text":"put (their) trust","language_name":"english","language_id":38},"transliteration":{"text":"yatawakkalūna","language_name":"english","language_id":38}},{"id":38020,"position":18,"audio_url":null,"qpc_uthmani_hafs":"٣٦","char_type_name":"end","page_number":487,"line_number":6,"text":"ﮍ","translation":{"text":"(36)","language_name":"english","language_id":38},"transliteration":{"text":null,"language_name":"english","language_id":38}}],"translations":[{"id":920737,"resource_id":134,"text":"Maka sesuatu yang diberikan kepadamu, itu adalah kenikmatan hidup di dunia dan yang ada pada sisi Allah lebih baik dan lebih kekal bagi orang-orang yang beriman dan hanya kepada Tuhan mereka, mereka bertawakal."}]},{"id":4309,"verse_number":37,"verse_key":"42:37","juz_number":25,"hizb_number":49,"rub_el_hizb_number":195,"ruku_number":424,"manzil_number":6,"sajdah_number":null,"text_uthmani":"وَٱلَّذِينَ يَجْتَنِبُونَ كَبَـٰٓئِرَ ٱلْإِثْمِ وَٱلْفَوَٰحِشَ وَإِذَا مَا غَضِبُوا۟ هُمْ يَغْفِرُونَ","page_number":487,"words":[{"id":38674,"position":1,"audio_url":"wbw/042_037_001.mp3","qpc_uthmani_hafs":"وَٱلَّذِينَ","char_type_name":"word","page_number":487,"line_number":6,"text":"ﮎ","translation":{"text":"And those who","language_name":"english","language_id":38},"transliteration":{"text":"wa-alladhīna","language_name":"english","language_id":38}},{"id":38675,"position":2,"audio_url":"wbw/042_037_002.mp3","qpc_uthmani_hafs":"يَجۡتَنِبُونَ","char_type_name":"word","page_number":487,"line_number":6,"text":"ﮏ","translation":{"text":"avoid","language_name":"english","language_id":38},"transliteration":{"text":"yajtanibūna","language_name":"english","language_id":38}},{"id":38676,"position":3,"audio_url":"wbw/042_037_003.mp3","qpc_uthmani_hafs":"كَبَٰٓئِرَ","char_type_name":"word","page_number":487,"line_number":6,"text":"ﮐ","translation":{"text":"(the) greater","language_name":"english","language_id":38},"transliteration":{"text":"kabāira","language_name":"english","language_id":38}},{"id":38677,"position":4,"audio_url":"wbw/042_037_004.mp3","qpc_uthmani_hafs":"ٱلۡإِثۡمِ","char_type_name":"word","page_number":487,"line_number":6,"text":"ﮑ","translation":{"text":"sins","language_name":"english","language_id":38},"transliteration":{"text":"l-ith'mi","language_name":"english","language_id":38}},{"id":38678,"position":5,"audio_url":"wbw/042_037_005.mp3","qpc_uthmani_hafs":"وَٱلۡفَوَٰحِشَ","char_type_name":"word","page_number":487,"line_number":6,"text":"ﮒ","translation":{"text":"and the immoralities","language_name":"english","language_id":38},"transliteration":{"text":"wal-fawāḥisha","language_name":"english","language_id":38}},{"id":38679,"position":6,"audio_url":"wbw/042_037_006.mp3","qpc_uthmani_hafs":"وَإِذَا","char_type_name":"word","page_number":487,"line_number":6,"text":"ﮓ","translation":{"text":"and when","language_name":"english","language_id":38},"transliteration":{"text":"wa-idhā","language_name":"english","language_id":38}},{"id":38680,"position":7,"audio_url":"wbw/042_037_007.mp3","qpc_uthmani_hafs":"مَا","char_type_name":"word","page_number":487,"line_number":6,"text":"ﮔ","translation":{"text":"and when","language_name":"english","language_id":38},"transliteration":{"text":"mā","language_name":"english","language_id":38}},{"id":38681,"position":8,"audio_url":"wbw/042_037_008.mp3","qpc_uthmani_hafs":"غَضِبُواْ","char_type_name":"word","page_number":487,"line_number":7,"text":"ﮕ","translation":{"text":"they are angry","language_name":"english","language_id":38},"transliteration":{"text":"ghaḍibū","language_name":"english","language_id":38}},{"id":38682,"position":9,"audio_url":"wbw/042_037_009.mp3","qpc_uthmani_hafs":"هُمۡ","char_type_name":"word","page_number":487,"line_number":7,"text":"ﮖ","translation":{"text":"they","language_name":"english","language_id":38},"transliteration":{"text":"hum","language_name":"english","language_id":38}},{"id":38683,"position":10,"audio_url":"wbw/042_037_010.mp3","qpc_uthmani_hafs":"يَغۡفِرُونَ","char_type_name":"word","page_number":487,"line_number":7,"text":"ﮗ","translation":{"text":"forgive","language_name":"english","language_id":38},"transliteration":{"text":"yaghfirūna","language_name":"english","language_id":38}},{"id":38684,"position":11,"audio_url":null,"qpc_uthmani_hafs":"٣٧","char_type_name":"end","page_number":487,"line_number":7,"text":"ﮘ","translation":{"text":"(37)","language_name":"english","language_id":38},"transliteration":{"text":null,"language_name":"english","language_id":38}}],"translations":[{"id":920738,"resource_id":134,"text":"Dan (bagi) orang-orang yang menjauhi dosa-dosa besar dan perbuatan-perbuatan keji dan apabila mereka marah, mereka memberi maaf."}]},{"id":4310,"verse_number":38,"verse_key":"42:38","juz_number":25,"hizb_number":49,"rub_el_hizb_number":195,"ruku_number":424,"manzil_number":6,"sajdah_number":null,"text_uthmani":"وَٱلَّذِينَ ٱسْتَجَابُوا۟ لِرَبِّهِمْ وَأَقَامُوا۟ ٱلصَّلَوٰةَ وَأَمْرُهُمْ شُورَىٰ بَيْنَهُمْ وَمِمَّا رَزَقْنَـٰهُمْ يُنفِقُونَ","page_number":487,"words":[{"id":39554,"position":1,"audio_url":"wbw/042_038_001.mp3","qpc_uthmani_hafs":"وَٱلَّذِينَ","char_type_name":"word","page_number":487,"line_number":7,"text":"ﮙ","translation":{"text":"And those who","language_name":"english","language_id":38},"transliteration":{"text":"wa-alladhīna","language_name":"english","language_id":38}},{"id":39555,"position":2,"audio_url":"wbw/042_038_002.mp3","qpc_uthmani_hafs":"ٱسۡتَجَابُواْ","char_type_name":"word","page_number":487,"line_number":7,"text":"ﮚ","translation":{"text":"respond","language_name":"english","language_id":38},"transliteration":{"text":"is'tajābū","language_name":"english","language_id":38}},{"id":39556,"position":3,"audio_url":"wbw/042_038_003.mp3","qpc_uthmani_hafs":"لِرَبِّهِمۡ","char_type_name":"word","page_number":487,"line_number":7,"text":"ﮛ","translation":{"text":"to their Lord","language_name":"english","language_id":38},"transliteration":{"text":"lirabbihim","language_name":"english","language_id":38}},{"id":39557,"position":4,"audio_url":"wbw/042_038_004.mp3","qpc_uthmani_hafs":"وَأَقَامُواْ","char_type_name":"word","page_number":487,"line_number":7,"text":"ﮜ","translation":{"text":"and establish","language_name":"english","language_id":38},"transliteration":{"text":"wa-aqāmū","language_name":"english","language_id":38}},{"id":39558,"position":5,"audio_url":"wbw/042_038_005.mp3","qpc_uthmani_hafs":"ٱلصَّلَوٰةَ","char_type_name":"word","page_number":487,"line_number":7,"text":"ﮝ","translation":{"text":"prayer","language_name":"english","language_id":38},"transliteration":{"text":"l-ṣalata","language_name":"english","language_id":38}},{"id":39559,"position":6,"audio_url":"wbw/042_038_006.mp3","qpc_uthmani_hafs":"وَأَمۡرُهُمۡ","char_type_name":"word","page_number":487,"line_number":8,"text":"ﮞ","translation":{"text":"and their affairs","language_name":"english","language_id":38},"transliteration":{"text":"wa-amruhum","language_name":"english","language_id":38}},{"id":39560,"position":7,"audio_url":"wbw/042_038_007.mp3","qpc_uthmani_hafs":"شُورَىٰ","char_type_name":"word","page_number":487,"line_number":8,"text":"ﮟ","translation":{"text":"(are conducted by) consultation","language_name":"english","language_id":38},"transliteration":{"text":"shūrā","language_name":"english","language_id":38}},{"id":39561,"position":8,"audio_url":"wbw/042_038_008.mp3","qpc_uthmani_hafs":"بَيۡنَهُمۡ","char_type_name":"word","page_number":487,"line_number":8,"text":"ﮠ","translation":{"text":"among them","language_name":"english","language_id":38},"transliteration":{"text":"baynahum","language_name":"english","language_id":38}},{"id":39562,"position":9,"audio_url":"wbw/042_038_009.mp3","qpc_uthmani_hafs":"وَمِمَّا","char_type_name":"word","page_number":487,"line_number":8,"text":"ﮡ","translation":{"text":"and from what","language_name":"english","language_id":38},"transliteration":{"text":"wamimmā","language_name":"english","language_id":38}},{"id":39563,"position":10,"audio_url":"wbw/042_038_010.mp3","qpc_uthmani_hafs":"رَزَقۡنَٰهُمۡ","char_type_name":"word","page_number":487,"line_number":8,"text":"ﮢ","translation":{"text":"We have provided them","language_name":"english","language_id":38},"transliteration":{"text":"razaqnāhum","language_name":"english","language_id":38}},{"id":39564,"position":11,"audio_url":"wbw/042_038_011.mp3","qpc_uthmani_hafs":"يُنفِقُونَ","char_type_name":"word","page_number":487,"line_number":8,"text":"ﮣ","translation":{"text":"they spend","language_name":"english","language_id":38},"transliteration":{"text":"yunfiqūna","language_name":"english","language_id":38}},{"id":39565,"position":12,"audio_url":null,"qpc_uthmani_hafs":"٣٨","char_type_name":"end","page_number":487,"line_number":8,"text":"ﮤ","translation":{"text":"(38)","language_name":"english","language_id":38},"transliteration":{"text":null,"language_name":"english","language_id":38}}],"translations":[{"id":920739,"resource_id":134,"text":"Dan (bagi) orang-orang yang menerima (mematuhi) seruan Tuhan-nya dan mendirikan salat, sedang urusan mereka (diputuskan) dengan musyawarah antara mereka, dan mereka menafkahkan sebagian dari rezeki yang Kami berikan kepada mereka."}]},{"id":4311,"verse_number":39,"verse_key":"42:39","juz_number":25,"hizb_number":49,"rub_el_hizb_number":195,"ruku_number":424,"manzil_number":6,"sajdah_number":null,"text_uthmani":"وَٱلَّذِينَ إِذَآ أَصَابَهُمُ ٱلْبَغْىُ هُمْ يَنتَصِرُونَ","page_number":487,"words":[{"id":40364,"position":1,"audio_url":"wbw/042_039_001.mp3","qpc_uthmani_hafs":"وَٱلَّذِينَ","char_type_name":"word","page_number":487,"line_number":8,"text":"ﮥ","translation":{"text":"And those who","language_name":"english","language_id":38},"transliteration":{"text":"wa-alladhīna","language_name":"english","language_id":38}},{"id":40365,"position":2,"audio_url":"wbw/042_039_002.mp3","qpc_uthmani_hafs":"إِذَآ","char_type_name":"word","page_number":487,"line_number":8,"text":"ﮦ","translation":{"text":"when","language_name":"english","language_id":38},"transliteration":{"text":"idhā","language_name":"english","language_id":38}},{"id":40366,"position":3,"audio_url":"wbw/042_039_003.mp3","qpc_uthmani_hafs":"أَصَابَهُمُ","char_type_name":"word","page_number":487,"line_number":8,"text":"ﮧ","translation":{"text":"strikes them","language_name":"english","language_id":38},"transliteration":{"text":"aṣābahumu","language_name":"english","language_id":38}},{"id":40367,"position":4,"audio_url":"wbw/042_039_004.mp3","qpc_uthmani_hafs":"ٱلۡبَغۡيُ","char_type_name":"word","page_number":487,"line_number":9,"text":"ﮨ","translation":{"text":"tyranny","language_name":"english","language_id":38},"transliteration":{"text":"l-baghyu","language_name":"english","language_id":38}},{"id":40368,"position":5,"audio_url":"wbw/042_039_005.mp3","qpc_uthmani_hafs":"هُمۡ","char_type_name":"word","page_number":487,"line_number":9,"text":"ﮩ","translation":{"text":"they","language_name":"english","language_id":38},"transliteration":{"text":"hum","language_name":"english","language_id":38}},{"id":40369,"position":6,"audio_url":"wbw/042_039_006.mp3","qpc_uthmani_hafs":"يَنتَصِرُونَ","char_type_name":"word","page_number":487,"line_number":9,"text":"ﮪ","translation":{"text":"defend themselves","language_name":"english","language_id":38},"transliteration":{"text":"yantaṣirūna","language_name":"english","language_id":38}},{"id":40370,"position":7,"audio_url":null,"qpc_uthmani_hafs":"٣٩","char_type_name":"end","page_number":487,"line_number":9,"text":"ﮫ","translation":{"text":"(39)","language_name":"english","language_id":38},"transliteration":{"text":null,"language_name":"english","language_id":38}}],"translations":[{"id":920740,"resource_id":134,"text":"Dan ( bagi) orang-orang yang apabila mereka diperlakukan dengan zalim mereka membela diri."}]},{"id":4312,"verse_number":40,"verse_key":"42:40","juz_number":25,"hizb_number":49,"rub_el_hizb_number":195,"ruku_number":424,"manzil_number":6,"sajdah_number":null,"text_uthmani":"وَجَزَٰٓؤُا۟ سَيِّئَةٍ سَيِّئَةٌ مِّثْلُهَا ۖ فَمَنْ عَفَا وَأَصْلَحَ فَأَجْرُهُۥ عَلَى ٱللَّهِ ۚ إِنَّهُۥ لَا يُحِبُّ ٱلظَّـٰلِمِينَ","page_number":487,"words":[{"id":41179,"position":1,"audio_url":"wbw/042_040_001.mp3","qpc_uthmani_hafs":"وَجَزَٰٓؤُاْ","char_type_name":"word","page_number":487,"line_number":9,"text":"ﮬ","translation":{"text":"(The) recompense","language_name":"english","language_id":38},"transliteration":{"text":"wajazāu","language_name":"english","language_id":38}},{"id":41180,"position":2,"audio_url":"wbw/042_040_002.mp3","qpc_uthmani_hafs":"سَيِّئَةٖ","char_type_name":"word","page_number":487,"line_number":9,"text":"ﮭ","translation":{"text":"(of) an evil","language_name":"english","language_id":38},"transliteration":{"text":"sayyi-atin","language_name":"english","language_id":38}},{"id":41181,"position":3,"audio_url":"wbw/042_040_003.mp3","qpc_uthmani_hafs":"سَيِّئَةٞ","char_type_name":"word","page_number":487,"line_number":9,"text":"ﮮ","translation":{"text":"(is) an evil","language_name":"english","language_id":38},"transliteration":{"text":"sayyi-atun","language_name":"english","language_id":38}},{"id":41182,"position":4,"audio_url":"wbw/042_040_004.mp3","qpc_uthmani_hafs":"مِّثۡلُهَاۖ","char_type_name":"word","page_number":487,"line_number":9,"text":"ﮯﮰ","translation":{"text":"like it","language_name":"english","language_id":38},"transliteration":{"text":"mith'luhā","language_name":"english","language_id":38}},{"id":41184,"position":5,"audio_url":"wbw/042_040_006.mp3","qpc_uthmani_hafs":"فَمَنۡ","char_type_name":"word","page_number":487,"line_number":9,"text":"ﮱ","translation":{"text":"But whoever","language_name":"english","language_id":38},"transliteration":{"text":"faman","language_name":"english","language_id":38}},{"id":41185,"position":6,"audio_url":"wbw/042_040_007.mp3","qpc_uthmani_hafs":"عَفَا","char_type_name":"word","page_number":487,"line_number":9,"text":"ﯓ","translation":{"text":"pardons","language_name":"english","language_id":38},"transliteration":{"text":"ʿafā","language_name":"english","language_id":38}},{"id":41186,"position":7,"audio_url":"wbw/042_040_008.mp3","qpc_uthmani_hafs":"وَأَصۡلَحَ","char_type_name":"word","page_number":487,"line_number":10,"text":"ﯔ","translation":{"text":"and makes reconciliation","language_name":"english","language_id":38},"transliteration":{"text":"wa-aṣlaḥa","language_name":"english","language_id":38}},{"id":41187,"position":8,"audio_url":"wbw/042_040_009.mp3","qpc_uthmani_hafs":"فَأَجۡرُهُۥ","char_type_name":"word","page_number":487,"line_number":10,"text":"ﯕ","translation":{"text":"then his reward","language_name":"english","language_id":38},"transliteration":{"text":"fa-ajruhu","language_name":"english","language_id":38}},{"id":41188,"position":9,"audio_url":"wbw/042_040_010.mp3","qpc_uthmani_hafs":"عَلَى","char_type_name":"word","page_number":487,"line_number":10,"text":"ﯖ","translation":{"text":"(is) on","language_name":"english","language_id":38},"transliteration":{"text":"ʿalā","language_name":"english","language_id":38}},{"id":41189,"position":10,"audio_url":"wbw/042_040_011.mp3","qpc_uthmani_hafs":"ٱللَّهِۚ","char_type_name":"word","page_number":487,"line_number":10,"text":"ﯗﯘ","translation":{"text":"Allah","language_name":"english","language_id":38},"transliteration":{"text":"l-lahi","language_name":"english","language_id":38}},{"id":41191,"position":11,"audio_url":"wbw/042_040_013.mp3","qpc_uthmani_hafs":"إِنَّهُۥ","char_type_name":"word","page_number":487,"line_number":10,"text":"ﯙ","translation":{"text":"Indeed, He","language_name":"english","language_id":38},"transliteration":{"text":"innahu","language_name":"english","language_id":38}},{"id":41192,"position":12,"audio_url":"wbw/042_040_014.mp3","qpc_uthmani_hafs":"لَا","char_type_name":"word","page_number":487,"line_number":10,"text":"ﯚ","translation":{"text":"(does) not","language_name":"english","language_id":38},"transliteration":{"text":"lā","language_name":"english","language_id":38}},{"id":41193,"position":13,"audio_url":"wbw/042_040_015.mp3","qpc_uthmani_hafs":"يُحِبُّ","char_type_name":"word","page_number":487,"line_number":10,"text":"ﯛ","translation":{"text":"like","language_name":"english","language_id":38},"transliteration":{"text":"yuḥibbu","language_name":"english","language_id":38}},{"id":41194,"position":14,"audio_url":"wbw/042_040_016.mp3","qpc_uthmani_hafs":"ٱلظَّٰلِمِينَ","char_type_name":"word","page_number":487,"line_number":10,"text":"ﯜ","translation":{"text":"the wrongdoers","language_name":"english","language_id":38},"transliteration":{"text":"l-ẓālimīna","language_name":"english","language_id":38}},{"id":41195,"position":15,"audio_url":null,"qpc_uthmani_hafs":"٤٠","char_type_name":"end","page_number":487,"line_number":10,"text":"ﯝ","translation":{"text":"(40)","language_name":"english","language_id":38},"transliteration":{"text":null,"language_name":"english","language_id":38}}],"translations":[{"id":920741,"resource_id":134,"text":"Dan balasan suatu kejahatan adalah kejahatan yang serupa, maka barang siapa memaafkan dan berbuat baik <sup foot_note=211115>1</sup>, maka pahalanya atas (tanggungan) Allah.  Sesungguhnya Dia tidak menyukai orang-orang yang zalim."}]},{"id":4313,"verse_number":41,"verse_key":"42:41","juz_number":25,"hizb_number":49,"rub_el_hizb_number":195,"ruku_number":424,"manzil_number":6,"sajdah_number":null,"text_uthmani":"وَلَمَنِ ٱنتَصَرَ بَعْدَ ظُلْمِهِۦ فَأُو۟لَـٰٓئِكَ مَا عَلَيْهِم مِّن سَبِيلٍ","page_number":487,"words":[{"id":41978,"position":1,"audio_url":"wbw/042_041_001.mp3","qpc_uthmani_hafs":"وَلَمَنِ","char_type_name":"word","page_number":487,"line_number":10,"text":"ﯞ","translation":{"text":"And surely whosoever","language_name":"english","language_id":38},"transliteration":{"text":"walamani","language_name":"english","language_id":38}},{"id":41979,"position":2,"audio_url":"wbw/042_041_002.mp3","qpc_uthmani_hafs":"ٱنتَصَرَ","char_type_name":"word","page_number":487,"line_number":10,"text":"ﯟ","translation":{"text":"defends himself","language_name":"english","language_id":38},"transliteration":{"text":"intaṣara","language_name":"english","language_id":38}},{"id":41980,"position":3,"audio_url":"wbw/042_041_003.mp3","qpc_uthmani_hafs":"بَعۡدَ","char_type_name":"word","page_number":487,"line_number":11,"text":"ﯠ","translation":{"text":"after","language_name":"english","language_id":38},"transliteration":{"text":"baʿda","language_name":"english","language_id":38}},{"id":41981,"position":4,"audio_url":"wbw/042_041_004.mp3","qpc_uthmani_hafs":"ظُلۡمِهِۦ","char_type_name":"word","page_number":487,"line_number":11,"text":"ﯡ","translation":{"text":"he has been wronged","language_name":"english","language_id":38},"transliteration":{"text":"ẓul'mihi","language_name":"english","language_id":38}},{"id":41982,"position":5,"audio_url":"wbw/042_041_005.mp3","qpc_uthmani_hafs":"فَأُوْلَٰٓئِكَ","char_type_name":"word","page_number":487,"line_number":11,"text":"ﯢ","translation":{"text":"then those","language_name":"english","language_id":38},"transliteration":{"text":"fa-ulāika","language_name":"english","language_id":38}},{"id":41983,"position":6,"audio_url":"wbw/042_041_006.mp3","qpc_uthmani_hafs":"مَا","char_type_name":"word","page_number":487,"line_number":11,"text":"ﯣ","translation":{"text":"not","language_name":"english","language_id":38},"transliteration":{"text":"mā","language_name":"english","language_id":38}},{"id":41984,"position":7,"audio_url":"wbw/042_041_007.mp3","qpc_uthmani_hafs":"عَلَيۡهِم","char_type_name":"word","page_number":487,"line_number":11,"text":"ﯤ","translation":{"text":"(is) against them","language_name":"english","language_id":38},"transliteration":{"text":"ʿalayhim","language_name":"english","language_id":38}},{"id":41985,"position":8,"audio_url":"wbw/042_041_008.mp3","qpc_uthmani_hafs":"مِّن","char_type_name":"word","page_number":487,"line_number":11,"text":"ﯥ","translation":{"text":"any","language_name":"english","language_id":38},"transliteration":{"text":"min","language_name":"english","language_id":38}},{"id":41986,"position":9,"audio_url":"wbw/042_041_009.mp3","qpc_uthmani_hafs":"سَبِيلٍ","char_type_name":"word","page_number":487,"line_number":11,"text":"ﯦ","translation":{"text":"way","language_name":"english","language_id":38},"transliteration":{"text":"sabīlin","language_name":"english","language_id":38}},{"id":41987,"position":10,"audio_url":null,"qpc_uthmani_hafs":"٤١","char_type_name":"end","page_number":487,"line_number":11,"text":"ﯧ","translation":{"text":"(41)","language_name":"english","language_id":38},"transliteration":{"text":null,"language_name":"english","language_id":38}}],"translations":[{"id":920742,"resource_id":134,"text":"Dan sesungguhnya orang-orang yang membela diri sesudah teraniaya, tidak ada suatu dosa pun terhadap mereka."}]},{"id":4314,"verse_number":42,"verse_key":"42:42","juz_number":25,"hizb_number":49,"rub_el_hizb_number":195,"ruku_number":424,"manzil_number":6,"sajdah_number":null,"text_uthmani":"إِنَّمَا ٱلسَّبِيلُ عَلَى ٱلَّذِينَ يَظْلِمُونَ ٱلنَّاسَ وَيَبْغُونَ فِى ٱلْأَرْضِ بِغَيْرِ ٱلْحَقِّ ۚ أُو۟لَـٰٓئِكَ لَهُمْ عَذَابٌ أَلِيمٌ","page_number":487,"words":[{"id":42730,"position":1,"audio_url":"wbw/042_042_001.mp3","qpc_uthmani_hafs":"إِنَّمَا","char_type_name":"word","page_number":487,"line_number":11,"text":"ﯨ","translation":{"text":"Only","language_name":"english","language_id":38},"transliteration":{"text":"innamā","language_name":"english","language_id":38}},{"id":42731,"position":2,"audio_url":"wbw/042_042_002.mp3","qpc_uthmani_hafs":"ٱلسَّبِيلُ","char_type_name":"word","page_number":487,"line_number":11,"text":"ﯩ","translation":{"text":"the way","language_name":"english","language_id":38},"transliteration":{"text":"l-sabīlu","language_name":"english","language_id":38}},{"id":42732,"position":3,"audio_url":"wbw/042_042_003.mp3","qpc_uthmani_hafs":"عَلَى","char_type_name":"word","page_number":487,"line_number":11,"text":"ﯪ","translation":{"text":"against","language_name":"english","language_id":38},"transliteration":{"text":"ʿalā","language_name":"english","language_id":38}},{"id":42733,"position":4,"audio_url":"wbw/042_042_004.mp3","qpc_uthmani_hafs":"ٱلَّذِينَ","char_type_name":"word","page_number":487,"line_number":11,"text":"ﯫ","translation":{"text":"those who","language_name":"english","language_id":38},"transliteration":{"text":"alladhīna","language_name":"english","language_id":38}},{"id":42734,"position":5,"audio_url":"wbw/042_042_005.mp3","qpc_uthmani_hafs":"يَظۡلِمُونَ","char_type_name":"word","page_number":487,"line_number":12,"text":"ﯬ","translation":{"text":"oppress","language_name":"english","language_id":38},"transliteration":{"text":"yaẓlimūna","language_name":"english","language_id":38}},{"id":42735,"position":6,"audio_url":"wbw/042_042_006.mp3","qpc_uthmani_hafs":"ٱلنَّاسَ","char_type_name":"word","page_number":487,"line_number":12,"text":"ﯭ","translation":{"text":"the people","language_name":"english","language_id":38},"transliteration":{"text":"l-nāsa","language_name":"english","language_id":38}},{"id":42736,"position":7,"audio_url":"wbw/042_042_007.mp3","qpc_uthmani_hafs":"وَيَبۡغُونَ","char_type_name":"word","page_number":487,"line_number":12,"text":"ﯮ","translation":{"text":"and rebel","language_name":"english","language_id":38},"transliteration":{"text":"wayabghūna","language_name":"english","language_id":38}},{"id":42737,"position":8,"audio_url":"wbw/042_042_008.mp3","qpc_uthmani_hafs":"فِي","char_type_name":"word","page_number":487,"line_number":12,"text":"ﯯ","translation":{"text":"in","language_name":"english","language_id":38},"transliteration":{"text":"fī","language_name":"english","language_id":38}},{"id":42738,"position":9,"audio_url":"wbw/042_042_009.mp3","qpc_uthmani_hafs":"ٱلۡأَرۡضِ","char_type_name":"word","page_number":487,"line_number":12,"text":"ﯰ","translation":{"text":"the earth","language_name":"english","language_id":38},"transliteration":{"text":"l-arḍi","language_name":"english","language_id":38}},{"id":42739,"position":10,"audio_url":"wbw/042_042_010.mp3","qpc_uthmani_hafs":"بِغَيۡرِ","char_type_name":"word","page_number":487,"line_number":12,"text":"ﯱ","translation":{"text":"without","language_name":"english","language_id":38},"transliteration":{"text":"bighayri","language_name":"english","language_id":38}},{"id":42740,"position":11,"audio_url":"wbw/042_042_011.mp3","qpc_uthmani_hafs":"ٱلۡحَقِّۚ","char_type_name":"word","page_number":487,"line_number":12,"text":"ﯲﯳ","translation":{"text":"right","language_name":"english","language_id":38},"transliteration":{"text":"l-ḥaqi","language_name":"english","language_id":38}},{"id":42742,"position":12,"audio_url":"wbw/042_042_013.mp3","qpc_uthmani_hafs":"أُوْلَٰٓئِكَ","char_type_name":"word","page_number":487,"line_number":12,"text":"ﯴ","translation":{"text":"Those","language_name":"english","language_id":38},"transliteration":{"text":"ulāika","language_name":"english","language_id":38}},{"id":42743,"position":13,"audio_url":"wbw/042_042_014.mp3","qpc_uthmani_hafs":"لَهُمۡ","char_type_name":"word","page_number":487,"line_number":12,"text":"ﯵ","translation":{"text":"for them","language_name":"english","language_id":38},"transliteration":{"text":"lahum","language_name":"english","language_id":38}},{"id":42744,"position":14,"audio_url":"wbw/042_042_015.mp3","qpc_uthmani_hafs":"عَذَابٌ","char_type_name":"word","page_number":487,"line_number":13,"text":"ﯶ","translation":{"text":"(is) a punishment","language_name":"english","language_id":38},"transliteration":{"text":"ʿadhābun","language_name":"english","language_id":38}},{"id":42745,"position":15,"audio_url":"wbw/042_042_016.mp3","qpc_uthmani_hafs":"أَلِيمٞ","char_type_name":"word","page_number":487,"line_number":13,"text":"ﯷ","translation":{"text":"painful","language_name":"english","language_id":38},"transliteration":{"text":"alīmun","language_name":"english","language_id":38}},{"id":42746,"position":16,"audio_url":null,"qpc_uthmani_hafs":"٤٢","char_type_name":"end","page_number":487,"line_number":13,"text":"ﯸ","translation":{"text":"(42)","language_name":"english","language_id":38},"transliteration":{"text":null,"language_name":"english","language_id":38}}],"translations":[{"id":920743,"resource_id":134,"text":"Sesungguhnya dosa itu atas orang-orang yang berbuat zalim kepada manusia dan melampaui batas di muka bumi tanpa hak.  Mereka itu mendapat azab yang pedih."}]},{"id":4315,"verse_number":43,"verse_key":"42:43","juz_number":25,"hizb_number":49,"rub_el_hizb_number":195,"ruku_number":424,"manzil_number":6,"sajdah_number":null,"text_uthmani":"وَلَمَن صَبَرَ وَغَفَرَ إِنَّ ذَٰلِكَ لَمِنْ عَزْمِ ٱلْأُمُورِ","page_number":487,"words":[{"id":43486,"position":1,"audio_url":"wbw/042_043_001.mp3","qpc_uthmani_hafs":"وَلَمَن","char_type_name":"word","page_number":487,"line_number":13,"text":"ﯹ","translation":{"text":"And whoever","language_name":"english","language_id":38},"transliteration":{"text":"walaman","language_name":"english","language_id":38}},{"id":43487,"position":2,"audio_url":"wbw/042_043_002.mp3","qpc_uthmani_hafs":"صَبَرَ","char_type_name":"word","page_number":487,"line_number":13,"text":"ﯺ","translation":{"text":"(is) patient","language_name":"english","language_id":38},"transliteration":{"text":"ṣabara","language_name":"english","language_id":38}},{"id":43488,"position":3,"audio_url":"wbw/042_043_003.mp3","qpc_uthmani_hafs":"وَغَفَرَ","char_type_name":"word","page_number":487,"line_number":13,"text":"ﯻ","translation":{"text":"and forgives","language_name":"english","language_id":38},"transliteration":{"text":"waghafara","language_name":"english","language_id":38}},{"id":43489,"position":4,"audio_url":"wbw/042_043_004.mp3","qpc_uthmani_hafs":"إِنَّ","char_type_name":"word","page_number":487,"line_number":13,"text":"ﯼ","translation":{"text":"indeed","language_name":"english","language_id":38},"transliteration":{"text":"inna","language_name":"english","language_id":38}},{"id":43490,"position":5,"audio_url":"wbw/042_043_005.mp3","qpc_uthmani_hafs":"ذَٰلِكَ","char_type_name":"word","page_number":487,"line_number":13,"text":"ﯽ","translation":{"text":"that","language_name":"english","language_id":38},"transliteration":{"text":"dhālika","language_name":"english","language_id":38}},{"id":43491,"position":6,"audio_url":"wbw/042_043_006.mp3","qpc_uthmani_hafs":"لَمِنۡ","char_type_name":"word","page_number":487,"line_number":13,"text":"ﯾ","translation":{"text":"(is) surely of","language_name":"english","language_id":38},"transliteration":{"text":"lamin","language_name":"english","language_id":38}},{"id":43492,"position":7,"audio_url":"wbw/042_043_007.mp3","qpc_uthmani_hafs":"عَزۡمِ","char_type_name":"word","page_number":487,"line_number":13,"text":"ﯿ","translation":{"text":"matters of determination","language_name":"english","language_id":38},"transliteration":{"text":"ʿazmi","language_name":"english","language_id":38}},{"id":43493,"position":8,"audio_url":"wbw/042_043_008.mp3","qpc_uthmani_hafs":"ٱلۡأُمُورِ","char_type_name":"word","page_number":487,"line_number":13,"text":"ﰀ","translation":{"text":"matters of determination","language_name":"english","language_id":38},"transliteration":{"text":"l-umūri","language_name":"english","language_id":38}},{"id":43494,"position":9,"audio_url":null,"qpc_uthmani_hafs":"٤٣","char_type_name":"end","page_number":487,"line_number":14,"text":"ﰁ","translation":{"text":"(43)","language_name":"english","language_id":38},"transliteration":{"text":null,"language_name":"english","language_id":38}}],"translations":[{"id":920744,"resource_id":134,"text":"Tetapi, orang yang bersabar dan memaafkan, sesungguhnya (perbuatan) yang demikian itu termasuk hal-hal yang diutamakan."}]},{"id":4316,"verse_number":44,"verse_key":"42:44","juz_number":25,"hizb_number":49,"rub_el_hizb_number":195,"ruku_number":425,"manzil_number":6,"sajdah_number":null,"text_uthmani":"وَمَن يُضْلِلِ ٱللَّهُ فَمَا لَهُۥ مِن وَلِىٍّ مِّنۢ بَعْدِهِۦ ۗ وَتَرَى ٱلظَّـٰلِمِينَ لَمَّا رَأَوُا۟ ٱلْعَذَابَ يَقُولُونَ هَلْ إِلَىٰ مَرَدٍّ مِّن سَبِيلٍ","page_number":487,"words":[{"id":44324,"position":1,"audio_url":"wbw/042_044_001.mp3","qpc_uthmani_hafs":"وَمَن","char_type_name":"word","page_number":487,"line_number":14,"text":"ﰂ","translation":{"text":"And whoever","language_name":"english","language_id":38},"transliteration":{"text":"waman","language_name":"english","language_id":38}},{"id":44325,"position":2,"audio_url":"wbw/042_044_002.mp3","qpc_uthmani_hafs":"يُضۡلِلِ","char_type_name":"word","page_number":487,"line_number":14,"text":"ﰃ","translation":{"text":"Allah lets go astray","language_name":"english","language_id":38},"transliteration":{"text":"yuḍ'lili","language_name":"english","language_id":38}},{"id":44326,"position":3,"audio_url":"wbw/042_044_003.mp3","qpc_uthmani_hafs":"ٱللَّهُ","char_type_name":"word","page_number":487,"line_number":14,"text":"ﰄ","translation":{"text":"Allah lets go astray","language_name":"english","language_id":38},"transliteration":{"text":"l-lahu","language_name":"english","language_id":38}},{"id":44327,"position":4,"audio_url":"wbw/042_044_004.mp3","qpc_uthmani_hafs":"فَمَا","char_type_name":"word","page_number":487,"line_number":14,"text":"ﰅ","translation":{"text":"then not","language_name":"english","language_id":38},"transliteration":{"text":"famā","language_name":"english","language_id":38}},{"id":44328,"position":5,"audio_url":"wbw/042_044_005.mp3","qpc_uthmani_hafs":"لَهُۥ","char_type_name":"word","page_number":487,"line_number":14,"text":"ﰆ","translation":{"text":"for him","language_name":"english","language_id":38},"transliteration":{"text":"lahu","language_name":"english","language_id":38}},{"id":44329,"position":6,"audio_url":"wbw/042_044_006.mp3","qpc_uthmani_hafs":"مِن","char_type_name":"word","page_number":487,"line_number":14,"text":"ﰇ","translation":{"text":"any","language_name":"english","language_id":38},"transliteration":{"text":"min","language_name":"english","language_id":38}},{"id":44330,"position":7,"audio_url":"wbw/042_044_007.mp3","qpc_uthmani_hafs":"وَلِيّٖ","char_type_name":"word","page_number":487,"line_number":14,"text":"ﰈ","translation":{"text":"protector","language_name":"english","language_id":38},"transliteration":{"text":"waliyyin","language_name":"english","language_id":38}},{"id":44331,"position":8,"audio_url":"wbw/042_044_008.mp3","qpc_uthmani_hafs":"مِّنۢ","char_type_name":"word","page_number":487,"line_number":14,"text":"ﰉ","translation":{"text":"after Him","language_name":"english","language_id":38},"transliteration":{"text":"min","language_name":"english","language_id":38}},{"id":44332,"position":9,"audio_url":"wbw/042_044_009.mp3","qpc_uthmani_hafs":"بَعۡدِهِۦۗ","char_type_name":"word","page_number":487,"line_number":14,"text":"ﰊﰋ","translation":{"text":"after Him","language_name":"english","language_id":38},"transliteration":{"text":"baʿdihi","language_name":"english","language_id":38}},{"id":44334,"position":10,"audio_url":"wbw/042_044_011.mp3","qpc_uthmani_hafs":"وَتَرَى","char_type_name":"word","page_number":487,"line_number":14,"text":"ﰌ","translation":{"text":"And you will see","language_name":"english","language_id":38},"transliteration":{"text":"watarā","language_name":"english","language_id":38}},{"id":44335,"position":11,"audio_url":"wbw/042_044_012.mp3","qpc_uthmani_hafs":"ٱلظَّٰلِمِينَ","char_type_name":"word","page_number":487,"line_number":14,"text":"ﰍ","translation":{"text":"the wrongdoers","language_name":"english","language_id":38},"transliteration":{"text":"l-ẓālimīna","language_name":"english","language_id":38}},{"id":44336,"position":12,"audio_url":"wbw/042_044_013.mp3","qpc_uthmani_hafs":"لَمَّا","char_type_name":"word","page_number":487,"line_number":15,"text":"ﰎ","translation":{"text":"when","language_name":"english","language_id":38},"transliteration":{"text":"lammā","language_name":"english","language_id":38}},{"id":44337,"position":13,"audio_url":"wbw/042_044_014.mp3","qpc_uthmani_hafs":"رَأَوُاْ","char_type_name":"word","page_number":487,"line_number":15,"text":"ﰏ","translation":{"text":"they see","language_name":"english","language_id":38},"transliteration":{"text":"ra-awū","language_name":"english","language_id":38}},{"id":44338,"position":14,"audio_url":"wbw/042_044_015.mp3","qpc_uthmani_hafs":"ٱلۡعَذَابَ","char_type_name":"word","page_number":487,"line_number":15,"text":"ﰐ","translation":{"text":"the punishment","language_name":"english","language_id":38},"transliteration":{"text":"l-ʿadhāba","language_name":"english","language_id":38}},{"id":44339,"position":15,"audio_url":"wbw/042_044_016.mp3","qpc_uthmani_hafs":"يَقُولُونَ","char_type_name":"word","page_number":487,"line_number":15,"text":"ﰑ","translation":{"text":"saying","language_name":"english","language_id":38},"transliteration":{"text":"yaqūlūna","language_name":"english","language_id":38}},{"id":44340,"position":16,"audio_url":"wbw/042_044_017.mp3","qpc_uthmani_hafs":"هَلۡ","char_type_name":"word","page_number":487,"line_number":15,"text":"ﰒ","translation":{"text":"Is","language_name":"english","language_id":38},"transliteration":{"text":"hal","language_name":"english","language_id":38}},{"id":44341,"position":17,"audio_url":"wbw/042_044_018.mp3","qpc_uthmani_hafs":"إِلَىٰ","char_type_name":"word","page_number":487,"line_number":15,"text":"ﰓ","translation":{"text":"(there) for","language_name":"english","language_id":38},"transliteration":{"text":"ilā","language_name":"english","language_id":38}},{"id":44342,"position":18,"audio_url":"wbw/042_044_019.mp3","qpc_uthmani_hafs":"مَرَدّٖ","char_type_name":"word","page_number":487,"line_number":15,"text":"ﰔ","translation":{"text":"return","language_name":"english","language_id":38},"transliteration":{"text":"maraddin","language_name":"english","language_id":38}},{"id":44343,"position":19,"audio_url":"wbw/042_044_020.mp3","qpc_uthmani_hafs":"مِّن","char_type_name":"word","page_number":487,"line_number":15,"text":"ﰕ","translation":{"text":"any","language_name":"english","language_id":38},"transliteration":{"text":"min","language_name":"english","language_id":38}},{"id":44344,"position":20,"audio_url":"wbw/042_044_021.mp3","qpc_uthmani_hafs":"سَبِيلٖ","char_type_name":"word","page_number":487,"line_number":15,"text":"ﰖ","translation":{"text":"way","language_name":"english","language_id":38},"transliteration":{"text":"sabīlin","language_name":"english","language_id":38}},{"id":44345,"position":21,"audio_url":null,"qpc_uthmani_hafs":"٤٤","char_type_name":"end","page_number":487,"line_number":15,"text":"ﰗ","translation":{"text":"(44)","language_name":"english","language_id":38},"transliteration":{"text":null,"language_name":"english","language_id":38}}],"translations":[{"id":920745,"resource_id":134,"text":"Dan siapa yang disesatkan Allah, maka tidak ada baginya seorang pemimpin pun sesudah itu. Dan kamu akan melihat orang-orang yang zalim ketika mereka melihat azab berkata, \"Adakah kiranya jalan untuk kembali (ke dunia)?\""}]}],"pagination":{"per_page":50,"current_page":1,"next_page":null,"total_pages":1,"total_records":13}}