{"verses":[{"id":4336,"verse_number":11,"verse_key":"43:11","juz_number":25,"hizb_number":49,"rub_el_hizb_number":196,"ruku_number":426,"manzil_number":6,"sajdah_number":null,"text_uthmani":"وَٱلَّذِى نَزَّلَ مِنَ ٱلسَّمَآءِ مَآءًۢ بِقَدَرٍ فَأَنشَرْنَا بِهِۦ بَلْدَةً مَّيْتًا ۚ كَذَٰلِكَ تُخْرَجُونَ","page_number":490,"words":[{"id":12233,"position":1,"audio_url":"wbw/043_011_001.mp3","qpc_uthmani_hafs":"وَٱلَّذِي","char_type_name":"word","page_number":490,"line_number":1,"text":"ﭑ","translation":{"text":"And the One Who","language_name":"english","language_id":38},"transliteration":{"text":"wa-alladhī","language_name":"english","language_id":38}},{"id":12234,"position":2,"audio_url":"wbw/043_011_002.mp3","qpc_uthmani_hafs":"نَزَّلَ","char_type_name":"word","page_number":490,"line_number":1,"text":"ﭒ","translation":{"text":"sends down","language_name":"english","language_id":38},"transliteration":{"text":"nazzala","language_name":"english","language_id":38}},{"id":12235,"position":3,"audio_url":"wbw/043_011_003.mp3","qpc_uthmani_hafs":"مِنَ","char_type_name":"word","page_number":490,"line_number":1,"text":"ﭓ","translation":{"text":"from","language_name":"english","language_id":38},"transliteration":{"text":"mina","language_name":"english","language_id":38}},{"id":12236,"position":4,"audio_url":"wbw/043_011_004.mp3","qpc_uthmani_hafs":"ٱلسَّمَآءِ","char_type_name":"word","page_number":490,"line_number":1,"text":"ﭔ","translation":{"text":"the sky","language_name":"english","language_id":38},"transliteration":{"text":"l-samāi","language_name":"english","language_id":38}},{"id":12237,"position":5,"audio_url":"wbw/043_011_005.mp3","qpc_uthmani_hafs":"مَآءَۢ","char_type_name":"word","page_number":490,"line_number":1,"text":"ﭕ","translation":{"text":"water","language_name":"english","language_id":38},"transliteration":{"text":"māan","language_name":"english","language_id":38}},{"id":12238,"position":6,"audio_url":"wbw/043_011_006.mp3","qpc_uthmani_hafs":"بِقَدَرٖ","char_type_name":"word","page_number":490,"line_number":1,"text":"ﭖ","translation":{"text":"in (due) measure","language_name":"english","language_id":38},"transliteration":{"text":"biqadarin","language_name":"english","language_id":38}},{"id":12239,"position":7,"audio_url":"wbw/043_011_007.mp3","qpc_uthmani_hafs":"فَأَنشَرۡنَا","char_type_name":"word","page_number":490,"line_number":1,"text":"ﭗ","translation":{"text":"then We revive","language_name":"english","language_id":38},"transliteration":{"text":"fa-ansharnā","language_name":"english","language_id":38}},{"id":12240,"position":8,"audio_url":"wbw/043_011_008.mp3","qpc_uthmani_hafs":"بِهِۦ","char_type_name":"word","page_number":490,"line_number":1,"text":"ﭘ","translation":{"text":"with it","language_name":"english","language_id":38},"transliteration":{"text":"bihi","language_name":"english","language_id":38}},{"id":12241,"position":9,"audio_url":"wbw/043_011_009.mp3","qpc_uthmani_hafs":"بَلۡدَةٗ","char_type_name":"word","page_number":490,"line_number":1,"text":"ﭙ","translation":{"text":"a land","language_name":"english","language_id":38},"transliteration":{"text":"baldatan","language_name":"english","language_id":38}},{"id":12242,"position":10,"audio_url":"wbw/043_011_010.mp3","qpc_uthmani_hafs":"مَّيۡتٗاۚ","char_type_name":"word","page_number":490,"line_number":1,"text":"ﭚﭛ","translation":{"text":"dead","language_name":"english","language_id":38},"transliteration":{"text":"maytan","language_name":"english","language_id":38}},{"id":12244,"position":11,"audio_url":"wbw/043_011_012.mp3","qpc_uthmani_hafs":"كَذَٰلِكَ","char_type_name":"word","page_number":490,"line_number":2,"text":"ﭜ","translation":{"text":"thus","language_name":"english","language_id":38},"transliteration":{"text":"kadhālika","language_name":"english","language_id":38}},{"id":12245,"position":12,"audio_url":"wbw/043_011_013.mp3","qpc_uthmani_hafs":"تُخۡرَجُونَ","char_type_name":"word","page_number":490,"line_number":2,"text":"ﭝ","translation":{"text":"you will be brought forth","language_name":"english","language_id":38},"transliteration":{"text":"tukh'rajūna","language_name":"english","language_id":38}},{"id":12246,"position":13,"audio_url":null,"qpc_uthmani_hafs":"١١","char_type_name":"end","page_number":490,"line_number":2,"text":"ﭞ","translation":{"text":"(11)","language_name":"english","language_id":38},"transliteration":{"text":null,"language_name":"english","language_id":38}}],"translations":[{"id":920765,"resource_id":134,"text":"Dan Yang menurunkan air dari langit menurut kadar (yang diperlukan), lalu Kami hidupkan dengan air itu negeri yang mati, seperti itulah kamu akan dikeluarkan (dari dalam kubur)."}]},{"id":4337,"verse_number":12,"verse_key":"43:12","juz_number":25,"hizb_number":49,"rub_el_hizb_number":196,"ruku_number":426,"manzil_number":6,"sajdah_number":null,"text_uthmani":"وَٱلَّذِى خَلَقَ ٱلْأَزْوَٰجَ كُلَّهَا وَجَعَلَ لَكُم مِّنَ ٱلْفُلْكِ وَٱلْأَنْعَـٰمِ مَا تَرْكَبُونَ","page_number":490,"words":[{"id":13581,"position":1,"audio_url":"wbw/043_012_001.mp3","qpc_uthmani_hafs":"وَٱلَّذِي","char_type_name":"word","page_number":490,"line_number":2,"text":"ﭟ","translation":{"text":"And the One Who","language_name":"english","language_id":38},"transliteration":{"text":"wa-alladhī","language_name":"english","language_id":38}},{"id":13582,"position":2,"audio_url":"wbw/043_012_002.mp3","qpc_uthmani_hafs":"خَلَقَ","char_type_name":"word","page_number":490,"line_number":2,"text":"ﭠ","translation":{"text":"created","language_name":"english","language_id":38},"transliteration":{"text":"khalaqa","language_name":"english","language_id":38}},{"id":13583,"position":3,"audio_url":"wbw/043_012_003.mp3","qpc_uthmani_hafs":"ٱلۡأَزۡوَٰجَ","char_type_name":"word","page_number":490,"line_number":2,"text":"ﭡ","translation":{"text":"the pairs","language_name":"english","language_id":38},"transliteration":{"text":"l-azwāja","language_name":"english","language_id":38}},{"id":13584,"position":4,"audio_url":"wbw/043_012_004.mp3","qpc_uthmani_hafs":"كُلَّهَا","char_type_name":"word","page_number":490,"line_number":2,"text":"ﭢ","translation":{"text":"all of them","language_name":"english","language_id":38},"transliteration":{"text":"kullahā","language_name":"english","language_id":38}},{"id":13585,"position":5,"audio_url":"wbw/043_012_005.mp3","qpc_uthmani_hafs":"وَجَعَلَ","char_type_name":"word","page_number":490,"line_number":2,"text":"ﭣ","translation":{"text":"and made","language_name":"english","language_id":38},"transliteration":{"text":"wajaʿala","language_name":"english","language_id":38}},{"id":13586,"position":6,"audio_url":"wbw/043_012_006.mp3","qpc_uthmani_hafs":"لَكُم","char_type_name":"word","page_number":490,"line_number":3,"text":"ﭤ","translation":{"text":"for you","language_name":"english","language_id":38},"transliteration":{"text":"lakum","language_name":"english","language_id":38}},{"id":13587,"position":7,"audio_url":"wbw/043_012_007.mp3","qpc_uthmani_hafs":"مِّنَ","char_type_name":"word","page_number":490,"line_number":3,"text":"ﭥ","translation":{"text":"[of]","language_name":"english","language_id":38},"transliteration":{"text":"mina","language_name":"english","language_id":38}},{"id":13588,"position":8,"audio_url":"wbw/043_012_008.mp3","qpc_uthmani_hafs":"ٱلۡفُلۡكِ","char_type_name":"word","page_number":490,"line_number":3,"text":"ﭦ","translation":{"text":"the ships","language_name":"english","language_id":38},"transliteration":{"text":"l-ful'ki","language_name":"english","language_id":38}},{"id":13589,"position":9,"audio_url":"wbw/043_012_009.mp3","qpc_uthmani_hafs":"وَٱلۡأَنۡعَٰمِ","char_type_name":"word","page_number":490,"line_number":3,"text":"ﭧ","translation":{"text":"and the cattle","language_name":"english","language_id":38},"transliteration":{"text":"wal-anʿāmi","language_name":"english","language_id":38}},{"id":13590,"position":10,"audio_url":"wbw/043_012_010.mp3","qpc_uthmani_hafs":"مَا","char_type_name":"word","page_number":490,"line_number":3,"text":"ﭨ","translation":{"text":"what","language_name":"english","language_id":38},"transliteration":{"text":"mā","language_name":"english","language_id":38}},{"id":13591,"position":11,"audio_url":"wbw/043_012_011.mp3","qpc_uthmani_hafs":"تَرۡكَبُونَ","char_type_name":"word","page_number":490,"line_number":3,"text":"ﭩ","translation":{"text":"you ride","language_name":"english","language_id":38},"transliteration":{"text":"tarkabūna","language_name":"english","language_id":38}},{"id":13592,"position":12,"audio_url":null,"qpc_uthmani_hafs":"١٢","char_type_name":"end","page_number":490,"line_number":3,"text":"ﭪ","translation":{"text":"(12)","language_name":"english","language_id":38},"transliteration":{"text":null,"language_name":"english","language_id":38}}],"translations":[{"id":920766,"resource_id":134,"text":"Dan Yang menciptakan semua yang berpasang-pasangan dan menjadikan untukmu kapal dan binatang ternak yang kamu tunggangi."}]},{"id":4338,"verse_number":13,"verse_key":"43:13","juz_number":25,"hizb_number":49,"rub_el_hizb_number":196,"ruku_number":426,"manzil_number":6,"sajdah_number":null,"text_uthmani":"لِتَسْتَوُۥا۟ عَلَىٰ ظُهُورِهِۦ ثُمَّ تَذْكُرُوا۟ نِعْمَةَ رَبِّكُمْ إِذَا ٱسْتَوَيْتُمْ عَلَيْهِ وَتَقُولُوا۟ سُبْحَـٰنَ ٱلَّذِى سَخَّرَ لَنَا هَـٰذَا وَمَا كُنَّا لَهُۥ مُقْرِنِينَ","page_number":490,"words":[{"id":14768,"position":1,"audio_url":"wbw/043_013_001.mp3","qpc_uthmani_hafs":"لِتَسۡتَوُۥاْ","char_type_name":"word","page_number":490,"line_number":3,"text":"ﭫ","translation":{"text":"That you may sit firmly","language_name":"english","language_id":38},"transliteration":{"text":"litastawū","language_name":"english","language_id":38}},{"id":14769,"position":2,"audio_url":"wbw/043_013_002.mp3","qpc_uthmani_hafs":"عَلَىٰ","char_type_name":"word","page_number":490,"line_number":3,"text":"ﭬ","translation":{"text":"on","language_name":"english","language_id":38},"transliteration":{"text":"ʿalā","language_name":"english","language_id":38}},{"id":14770,"position":3,"audio_url":"wbw/043_013_003.mp3","qpc_uthmani_hafs":"ظُهُورِهِۦ","char_type_name":"word","page_number":490,"line_number":3,"text":"ﭭ","translation":{"text":"their backs","language_name":"english","language_id":38},"transliteration":{"text":"ẓuhūrihi","language_name":"english","language_id":38}},{"id":14771,"position":4,"audio_url":"wbw/043_013_004.mp3","qpc_uthmani_hafs":"ثُمَّ","char_type_name":"word","page_number":490,"line_number":4,"text":"ﭮ","translation":{"text":"then","language_name":"english","language_id":38},"transliteration":{"text":"thumma","language_name":"english","language_id":38}},{"id":14772,"position":5,"audio_url":"wbw/043_013_005.mp3","qpc_uthmani_hafs":"تَذۡكُرُواْ","char_type_name":"word","page_number":490,"line_number":4,"text":"ﭯ","translation":{"text":"remember","language_name":"english","language_id":38},"transliteration":{"text":"tadhkurū","language_name":"english","language_id":38}},{"id":14773,"position":6,"audio_url":"wbw/043_013_006.mp3","qpc_uthmani_hafs":"نِعۡمَةَ","char_type_name":"word","page_number":490,"line_number":4,"text":"ﭰ","translation":{"text":"(the) favor","language_name":"english","language_id":38},"transliteration":{"text":"niʿ'mata","language_name":"english","language_id":38}},{"id":14774,"position":7,"audio_url":"wbw/043_013_007.mp3","qpc_uthmani_hafs":"رَبِّكُمۡ","char_type_name":"word","page_number":490,"line_number":4,"text":"ﭱ","translation":{"text":"(of) your Lord","language_name":"english","language_id":38},"transliteration":{"text":"rabbikum","language_name":"english","language_id":38}},{"id":14775,"position":8,"audio_url":"wbw/043_013_008.mp3","qpc_uthmani_hafs":"إِذَا","char_type_name":"word","page_number":490,"line_number":4,"text":"ﭲ","translation":{"text":"when","language_name":"english","language_id":38},"transliteration":{"text":"idhā","language_name":"english","language_id":38}},{"id":14776,"position":9,"audio_url":"wbw/043_013_009.mp3","qpc_uthmani_hafs":"ٱسۡتَوَيۡتُمۡ","char_type_name":"word","page_number":490,"line_number":4,"text":"ﭳ","translation":{"text":"you sit firmly","language_name":"english","language_id":38},"transliteration":{"text":"is'tawaytum","language_name":"english","language_id":38}},{"id":14777,"position":10,"audio_url":"wbw/043_013_010.mp3","qpc_uthmani_hafs":"عَلَيۡهِ","char_type_name":"word","page_number":490,"line_number":4,"text":"ﭴ","translation":{"text":"on them","language_name":"english","language_id":38},"transliteration":{"text":"ʿalayhi","language_name":"english","language_id":38}},{"id":14778,"position":11,"audio_url":"wbw/043_013_011.mp3","qpc_uthmani_hafs":"وَتَقُولُواْ","char_type_name":"word","page_number":490,"line_number":4,"text":"ﭵ","translation":{"text":"and say","language_name":"english","language_id":38},"transliteration":{"text":"wataqūlū","language_name":"english","language_id":38}},{"id":14779,"position":12,"audio_url":"wbw/043_013_012.mp3","qpc_uthmani_hafs":"سُبۡحَٰنَ","char_type_name":"word","page_number":490,"line_number":4,"text":"ﭶ","translation":{"text":"Glory be (to)","language_name":"english","language_id":38},"transliteration":{"text":"sub'ḥāna","language_name":"english","language_id":38}},{"id":14780,"position":13,"audio_url":"wbw/043_013_013.mp3","qpc_uthmani_hafs":"ٱلَّذِي","char_type_name":"word","page_number":490,"line_number":5,"text":"ﭷ","translation":{"text":"the One Who","language_name":"english","language_id":38},"transliteration":{"text":"alladhī","language_name":"english","language_id":38}},{"id":14781,"position":14,"audio_url":"wbw/043_013_014.mp3","qpc_uthmani_hafs":"سَخَّرَ","char_type_name":"word","page_number":490,"line_number":5,"text":"ﭸ","translation":{"text":"(has) subjected","language_name":"english","language_id":38},"transliteration":{"text":"sakhara","language_name":"english","language_id":38}},{"id":14782,"position":15,"audio_url":"wbw/043_013_015.mp3","qpc_uthmani_hafs":"لَنَا","char_type_name":"word","page_number":490,"line_number":5,"text":"ﭹ","translation":{"text":"to us","language_name":"english","language_id":38},"transliteration":{"text":"lanā","language_name":"english","language_id":38}},{"id":14783,"position":16,"audio_url":"wbw/043_013_016.mp3","qpc_uthmani_hafs":"هَٰذَا","char_type_name":"word","page_number":490,"line_number":5,"text":"ﭺ","translation":{"text":"this","language_name":"english","language_id":38},"transliteration":{"text":"hādhā","language_name":"english","language_id":38}},{"id":14784,"position":17,"audio_url":"wbw/043_013_017.mp3","qpc_uthmani_hafs":"وَمَا","char_type_name":"word","page_number":490,"line_number":5,"text":"ﭻ","translation":{"text":"and not","language_name":"english","language_id":38},"transliteration":{"text":"wamā","language_name":"english","language_id":38}},{"id":14785,"position":18,"audio_url":"wbw/043_013_018.mp3","qpc_uthmani_hafs":"كُنَّا","char_type_name":"word","page_number":490,"line_number":5,"text":"ﭼ","translation":{"text":"we were","language_name":"english","language_id":38},"transliteration":{"text":"kunnā","language_name":"english","language_id":38}},{"id":14786,"position":19,"audio_url":"wbw/043_013_019.mp3","qpc_uthmani_hafs":"لَهُۥ","char_type_name":"word","page_number":490,"line_number":5,"text":"ﭽ","translation":{"text":"of it","language_name":"english","language_id":38},"transliteration":{"text":"lahu","language_name":"english","language_id":38}},{"id":14787,"position":20,"audio_url":"wbw/043_013_020.mp3","qpc_uthmani_hafs":"مُقۡرِنِينَ","char_type_name":"word","page_number":490,"line_number":5,"text":"ﭾ","translation":{"text":"capable","language_name":"english","language_id":38},"transliteration":{"text":"muq'rinīna","language_name":"english","language_id":38}},{"id":14788,"position":21,"audio_url":null,"qpc_uthmani_hafs":"١٣","char_type_name":"end","page_number":490,"line_number":5,"text":"ﭿ","translation":{"text":"(13)","language_name":"english","language_id":38},"transliteration":{"text":null,"language_name":"english","language_id":38}}],"translations":[{"id":920767,"resource_id":134,"text":"Supaya kamu duduk di atas punggungnya, kemudian kamu ingat nikmat Tuhan-mu apabila kamu telah duduk di atasnya dan supaya kamu mengucapkan, \"Maha Suci Tuhan yang telah menundukkan semua ini bagi kami, padahal kami sebelumnya tidak mampu menguasainya,"}]},{"id":4339,"verse_number":14,"verse_key":"43:14","juz_number":25,"hizb_number":49,"rub_el_hizb_number":196,"ruku_number":426,"manzil_number":6,"sajdah_number":null,"text_uthmani":"وَإِنَّآ إِلَىٰ رَبِّنَا لَمُنقَلِبُونَ","page_number":490,"words":[{"id":15849,"position":1,"audio_url":"wbw/043_014_001.mp3","qpc_uthmani_hafs":"وَإِنَّآ","char_type_name":"word","page_number":490,"line_number":5,"text":"ﮀ","translation":{"text":"And indeed, we","language_name":"english","language_id":38},"transliteration":{"text":"wa-innā","language_name":"english","language_id":38}},{"id":15850,"position":2,"audio_url":"wbw/043_014_002.mp3","qpc_uthmani_hafs":"إِلَىٰ","char_type_name":"word","page_number":490,"line_number":5,"text":"ﮁ","translation":{"text":"to","language_name":"english","language_id":38},"transliteration":{"text":"ilā","language_name":"english","language_id":38}},{"id":15851,"position":3,"audio_url":"wbw/043_014_003.mp3","qpc_uthmani_hafs":"رَبِّنَا","char_type_name":"word","page_number":490,"line_number":5,"text":"ﮂ","translation":{"text":"our Lord","language_name":"english","language_id":38},"transliteration":{"text":"rabbinā","language_name":"english","language_id":38}},{"id":15852,"position":4,"audio_url":"wbw/043_014_004.mp3","qpc_uthmani_hafs":"لَمُنقَلِبُونَ","char_type_name":"word","page_number":490,"line_number":6,"text":"ﮃ","translation":{"text":"will surely return","language_name":"english","language_id":38},"transliteration":{"text":"lamunqalibūna","language_name":"english","language_id":38}},{"id":15853,"position":5,"audio_url":null,"qpc_uthmani_hafs":"١٤","char_type_name":"end","page_number":490,"line_number":6,"text":"ﮄ","translation":{"text":"(14)","language_name":"english","language_id":38},"transliteration":{"text":null,"language_name":"english","language_id":38}}],"translations":[{"id":920768,"resource_id":134,"text":"dan sesungguhnya kami akan kembali kepada Tuhan kami.\""}]},{"id":4340,"verse_number":15,"verse_key":"43:15","juz_number":25,"hizb_number":49,"rub_el_hizb_number":196,"ruku_number":426,"manzil_number":6,"sajdah_number":null,"text_uthmani":"وَجَعَلُوا۟ لَهُۥ مِنْ عِبَادِهِۦ جُزْءًا ۚ إِنَّ ٱلْإِنسَـٰنَ لَكَفُورٌ مُّبِينٌ","page_number":490,"words":[{"id":16968,"position":1,"audio_url":"wbw/043_015_001.mp3","qpc_uthmani_hafs":"وَجَعَلُواْ","char_type_name":"word","page_number":490,"line_number":6,"text":"ﮅ","translation":{"text":"But they attribute","language_name":"english","language_id":38},"transliteration":{"text":"wajaʿalū","language_name":"english","language_id":38}},{"id":16969,"position":2,"audio_url":"wbw/043_015_002.mp3","qpc_uthmani_hafs":"لَهُۥ","char_type_name":"word","page_number":490,"line_number":6,"text":"ﮆ","translation":{"text":"to Him","language_name":"english","language_id":38},"transliteration":{"text":"lahu","language_name":"english","language_id":38}},{"id":16970,"position":3,"audio_url":"wbw/043_015_003.mp3","qpc_uthmani_hafs":"مِنۡ","char_type_name":"word","page_number":490,"line_number":6,"text":"ﮇ","translation":{"text":"from","language_name":"english","language_id":38},"transliteration":{"text":"min","language_name":"english","language_id":38}},{"id":16971,"position":4,"audio_url":"wbw/043_015_004.mp3","qpc_uthmani_hafs":"عِبَادِهِۦ","char_type_name":"word","page_number":490,"line_number":6,"text":"ﮈ","translation":{"text":"His slaves","language_name":"english","language_id":38},"transliteration":{"text":"ʿibādihi","language_name":"english","language_id":38}},{"id":16972,"position":5,"audio_url":"wbw/043_015_005.mp3","qpc_uthmani_hafs":"جُزۡءًاۚ","char_type_name":"word","page_number":490,"line_number":6,"text":"ﮉﮊ","translation":{"text":"a portion","language_name":"english","language_id":38},"transliteration":{"text":"juz'an","language_name":"english","language_id":38}},{"id":16974,"position":6,"audio_url":"wbw/043_015_007.mp3","qpc_uthmani_hafs":"إِنَّ","char_type_name":"word","page_number":490,"line_number":6,"text":"ﮋ","translation":{"text":"Indeed","language_name":"english","language_id":38},"transliteration":{"text":"inna","language_name":"english","language_id":38}},{"id":16975,"position":7,"audio_url":"wbw/043_015_008.mp3","qpc_uthmani_hafs":"ٱلۡإِنسَٰنَ","char_type_name":"word","page_number":490,"line_number":6,"text":"ﮌ","translation":{"text":"man","language_name":"english","language_id":38},"transliteration":{"text":"l-insāna","language_name":"english","language_id":38}},{"id":16976,"position":8,"audio_url":"wbw/043_015_009.mp3","qpc_uthmani_hafs":"لَكَفُورٞ","char_type_name":"word","page_number":490,"line_number":7,"text":"ﮍ","translation":{"text":"surely (is) clearly ungrateful","language_name":"english","language_id":38},"transliteration":{"text":"lakafūrun","language_name":"english","language_id":38}},{"id":16977,"position":9,"audio_url":"wbw/043_015_010.mp3","qpc_uthmani_hafs":"مُّبِينٌ","char_type_name":"word","page_number":490,"line_number":7,"text":"ﮎ","translation":{"text":"surely (is) clearly ungrateful","language_name":"english","language_id":38},"transliteration":{"text":"mubīnun","language_name":"english","language_id":38}},{"id":16978,"position":10,"audio_url":null,"qpc_uthmani_hafs":"١٥","char_type_name":"end","page_number":490,"line_number":7,"text":"ﮏ","translation":{"text":"(15)","language_name":"english","language_id":38},"transliteration":{"text":null,"language_name":"english","language_id":38}}],"translations":[{"id":920769,"resource_id":134,"text":"Dan mereka menjadikan sebagian dari hamba-hamba-Nya sebagai bagian dari-Nya <sup foot_note=211119>1</sup>.   Sesungguhnya manusia itu benar-benar pengingkar yang nyata (terhadap rahmat Allah)."}]},{"id":4341,"verse_number":16,"verse_key":"43:16","juz_number":25,"hizb_number":49,"rub_el_hizb_number":196,"ruku_number":427,"manzil_number":6,"sajdah_number":null,"text_uthmani":"أَمِ ٱتَّخَذَ مِمَّا يَخْلُقُ بَنَاتٍ وَأَصْفَىٰكُم بِٱلْبَنِينَ","page_number":490,"words":[{"id":18078,"position":1,"audio_url":"wbw/043_016_001.mp3","qpc_uthmani_hafs":"أَمِ","char_type_name":"word","page_number":490,"line_number":7,"text":"ﮐ","translation":{"text":"Or","language_name":"english","language_id":38},"transliteration":{"text":"ami","language_name":"english","language_id":38}},{"id":18079,"position":2,"audio_url":"wbw/043_016_002.mp3","qpc_uthmani_hafs":"ٱتَّخَذَ","char_type_name":"word","page_number":490,"line_number":7,"text":"ﮑ","translation":{"text":"has He taken","language_name":"english","language_id":38},"transliteration":{"text":"ittakhadha","language_name":"english","language_id":38}},{"id":18080,"position":3,"audio_url":"wbw/043_016_003.mp3","qpc_uthmani_hafs":"مِمَّا","char_type_name":"word","page_number":490,"line_number":7,"text":"ﮒ","translation":{"text":"of what","language_name":"english","language_id":38},"transliteration":{"text":"mimmā","language_name":"english","language_id":38}},{"id":18081,"position":4,"audio_url":"wbw/043_016_004.mp3","qpc_uthmani_hafs":"يَخۡلُقُ","char_type_name":"word","page_number":490,"line_number":7,"text":"ﮓ","translation":{"text":"He has created","language_name":"english","language_id":38},"transliteration":{"text":"yakhluqu","language_name":"english","language_id":38}},{"id":18082,"position":5,"audio_url":"wbw/043_016_005.mp3","qpc_uthmani_hafs":"بَنَاتٖ","char_type_name":"word","page_number":490,"line_number":7,"text":"ﮔ","translation":{"text":"daughters","language_name":"english","language_id":38},"transliteration":{"text":"banātin","language_name":"english","language_id":38}},{"id":18083,"position":6,"audio_url":"wbw/043_016_006.mp3","qpc_uthmani_hafs":"وَأَصۡفَىٰكُم","char_type_name":"word","page_number":490,"line_number":7,"text":"ﮕ","translation":{"text":"and He has chosen (for) you","language_name":"english","language_id":38},"transliteration":{"text":"wa-aṣfākum","language_name":"english","language_id":38}},{"id":18084,"position":7,"audio_url":"wbw/043_016_007.mp3","qpc_uthmani_hafs":"بِٱلۡبَنِينَ","char_type_name":"word","page_number":490,"line_number":8,"text":"ﮖ","translation":{"text":"sons","language_name":"english","language_id":38},"transliteration":{"text":"bil-banīna","language_name":"english","language_id":38}},{"id":18085,"position":8,"audio_url":null,"qpc_uthmani_hafs":"١٦","char_type_name":"end","page_number":490,"line_number":8,"text":"ﮗ","translation":{"text":"(16)","language_name":"english","language_id":38},"transliteration":{"text":null,"language_name":"english","language_id":38}}],"translations":[{"id":920770,"resource_id":134,"text":"Patutkah Dia mengambil anak perempuan dari yang diciptakan-Nya dan Dia mengkhususkan buat kamu anak laki-laki."}]},{"id":4342,"verse_number":17,"verse_key":"43:17","juz_number":25,"hizb_number":49,"rub_el_hizb_number":196,"ruku_number":427,"manzil_number":6,"sajdah_number":null,"text_uthmani":"وَإِذَا بُشِّرَ أَحَدُهُم بِمَا ضَرَبَ لِلرَّحْمَـٰنِ مَثَلًا ظَلَّ وَجْهُهُۥ مُسْوَدًّا وَهُوَ كَظِيمٌ","page_number":490,"words":[{"id":19079,"position":1,"audio_url":"wbw/043_017_001.mp3","qpc_uthmani_hafs":"وَإِذَا","char_type_name":"word","page_number":490,"line_number":8,"text":"ﮘ","translation":{"text":"And when","language_name":"english","language_id":38},"transliteration":{"text":"wa-idhā","language_name":"english","language_id":38}},{"id":19080,"position":2,"audio_url":"wbw/043_017_002.mp3","qpc_uthmani_hafs":"بُشِّرَ","char_type_name":"word","page_number":490,"line_number":8,"text":"ﮙ","translation":{"text":"is given good news","language_name":"english","language_id":38},"transliteration":{"text":"bushira","language_name":"english","language_id":38}},{"id":19081,"position":3,"audio_url":"wbw/043_017_003.mp3","qpc_uthmani_hafs":"أَحَدُهُم","char_type_name":"word","page_number":490,"line_number":8,"text":"ﮚ","translation":{"text":"(to) one of them","language_name":"english","language_id":38},"transliteration":{"text":"aḥaduhum","language_name":"english","language_id":38}},{"id":19082,"position":4,"audio_url":"wbw/043_017_004.mp3","qpc_uthmani_hafs":"بِمَا","char_type_name":"word","page_number":490,"line_number":8,"text":"ﮛ","translation":{"text":"of what","language_name":"english","language_id":38},"transliteration":{"text":"bimā","language_name":"english","language_id":38}},{"id":19083,"position":5,"audio_url":"wbw/043_017_005.mp3","qpc_uthmani_hafs":"ضَرَبَ","char_type_name":"word","page_number":490,"line_number":8,"text":"ﮜ","translation":{"text":"he sets up","language_name":"english","language_id":38},"transliteration":{"text":"ḍaraba","language_name":"english","language_id":38}},{"id":19084,"position":6,"audio_url":"wbw/043_017_006.mp3","qpc_uthmani_hafs":"لِلرَّحۡمَٰنِ","char_type_name":"word","page_number":490,"line_number":8,"text":"ﮝ","translation":{"text":"for the Most Gracious","language_name":"english","language_id":38},"transliteration":{"text":"lilrraḥmāni","language_name":"english","language_id":38}},{"id":19085,"position":7,"audio_url":"wbw/043_017_007.mp3","qpc_uthmani_hafs":"مَثَلٗا","char_type_name":"word","page_number":490,"line_number":8,"text":"ﮞ","translation":{"text":"(as) a likeness","language_name":"english","language_id":38},"transliteration":{"text":"mathalan","language_name":"english","language_id":38}},{"id":19086,"position":8,"audio_url":"wbw/043_017_008.mp3","qpc_uthmani_hafs":"ظَلَّ","char_type_name":"word","page_number":490,"line_number":9,"text":"ﮟ","translation":{"text":"becomes","language_name":"english","language_id":38},"transliteration":{"text":"ẓalla","language_name":"english","language_id":38}},{"id":19087,"position":9,"audio_url":"wbw/043_017_009.mp3","qpc_uthmani_hafs":"وَجۡهُهُۥ","char_type_name":"word","page_number":490,"line_number":9,"text":"ﮠ","translation":{"text":"his face","language_name":"english","language_id":38},"transliteration":{"text":"wajhuhu","language_name":"english","language_id":38}},{"id":19088,"position":10,"audio_url":"wbw/043_017_010.mp3","qpc_uthmani_hafs":"مُسۡوَدّٗا","char_type_name":"word","page_number":490,"line_number":9,"text":"ﮡ","translation":{"text":"dark","language_name":"english","language_id":38},"transliteration":{"text":"mus'waddan","language_name":"english","language_id":38}},{"id":19089,"position":11,"audio_url":"wbw/043_017_011.mp3","qpc_uthmani_hafs":"وَهُوَ","char_type_name":"word","page_number":490,"line_number":9,"text":"ﮢ","translation":{"text":"and he","language_name":"english","language_id":38},"transliteration":{"text":"wahuwa","language_name":"english","language_id":38}},{"id":19090,"position":12,"audio_url":"wbw/043_017_012.mp3","qpc_uthmani_hafs":"كَظِيمٌ","char_type_name":"word","page_number":490,"line_number":9,"text":"ﮣ","translation":{"text":"(is) filled with grief","language_name":"english","language_id":38},"transliteration":{"text":"kaẓīmun","language_name":"english","language_id":38}},{"id":19091,"position":13,"audio_url":null,"qpc_uthmani_hafs":"١٧","char_type_name":"end","page_number":490,"line_number":9,"text":"ﮤ","translation":{"text":"(17)","language_name":"english","language_id":38},"transliteration":{"text":null,"language_name":"english","language_id":38}}],"translations":[{"id":920771,"resource_id":134,"text":"Padahal apabila salah seorang di antara mereka diberi kabar gembira dengan apa <sup foot_note=211120>1</sup> yang dijadikan sebagai misal bagi Allah Yang Maha Pemurah; jadilah mukanya hitam pekat, sedang dia amat menahan sedih <sup foot_note=211121>2</sup>."}]},{"id":4343,"verse_number":18,"verse_key":"43:18","juz_number":25,"hizb_number":49,"rub_el_hizb_number":196,"ruku_number":427,"manzil_number":6,"sajdah_number":null,"text_uthmani":"أَوَمَن يُنَشَّؤُا۟ فِى ٱلْحِلْيَةِ وَهُوَ فِى ٱلْخِصَامِ غَيْرُ مُبِينٍ","page_number":490,"words":[{"id":20199,"position":1,"audio_url":"wbw/043_018_001.mp3","qpc_uthmani_hafs":"أَوَمَن","char_type_name":"word","page_number":490,"line_number":9,"text":"ﮥ","translation":{"text":"Then (is one) who","language_name":"english","language_id":38},"transliteration":{"text":"awaman","language_name":"english","language_id":38}},{"id":20200,"position":2,"audio_url":"wbw/043_018_002.mp3","qpc_uthmani_hafs":"يُنَشَّؤُاْ","char_type_name":"word","page_number":490,"line_number":9,"text":"ﮦ","translation":{"text":"is brought up","language_name":"english","language_id":38},"transliteration":{"text":"yunasha-u","language_name":"english","language_id":38}},{"id":20201,"position":3,"audio_url":"wbw/043_018_003.mp3","qpc_uthmani_hafs":"فِي","char_type_name":"word","page_number":490,"line_number":9,"text":"ﮧ","translation":{"text":"in","language_name":"english","language_id":38},"transliteration":{"text":"fī","language_name":"english","language_id":38}},{"id":20202,"position":4,"audio_url":"wbw/043_018_004.mp3","qpc_uthmani_hafs":"ٱلۡحِلۡيَةِ","char_type_name":"word","page_number":490,"line_number":10,"text":"ﮨ","translation":{"text":"ornaments","language_name":"english","language_id":38},"transliteration":{"text":"l-ḥil'yati","language_name":"english","language_id":38}},{"id":20203,"position":5,"audio_url":"wbw/043_018_005.mp3","qpc_uthmani_hafs":"وَهُوَ","char_type_name":"word","page_number":490,"line_number":10,"text":"ﮩ","translation":{"text":"and he","language_name":"english","language_id":38},"transliteration":{"text":"wahuwa","language_name":"english","language_id":38}},{"id":20204,"position":6,"audio_url":"wbw/043_018_006.mp3","qpc_uthmani_hafs":"فِي","char_type_name":"word","page_number":490,"line_number":10,"text":"ﮪ","translation":{"text":"in","language_name":"english","language_id":38},"transliteration":{"text":"fī","language_name":"english","language_id":38}},{"id":20205,"position":7,"audio_url":"wbw/043_018_007.mp3","qpc_uthmani_hafs":"ٱلۡخِصَامِ","char_type_name":"word","page_number":490,"line_number":10,"text":"ﮫ","translation":{"text":"the dispute","language_name":"english","language_id":38},"transliteration":{"text":"l-khiṣāmi","language_name":"english","language_id":38}},{"id":20206,"position":8,"audio_url":"wbw/043_018_008.mp3","qpc_uthmani_hafs":"غَيۡرُ","char_type_name":"word","page_number":490,"line_number":10,"text":"ﮬ","translation":{"text":"(is) not","language_name":"english","language_id":38},"transliteration":{"text":"ghayru","language_name":"english","language_id":38}},{"id":20207,"position":9,"audio_url":"wbw/043_018_009.mp3","qpc_uthmani_hafs":"مُبِينٖ","char_type_name":"word","page_number":490,"line_number":10,"text":"ﮭ","translation":{"text":"clear","language_name":"english","language_id":38},"transliteration":{"text":"mubīnin","language_name":"english","language_id":38}},{"id":20208,"position":10,"audio_url":null,"qpc_uthmani_hafs":"١٨","char_type_name":"end","page_number":490,"line_number":10,"text":"ﮮ","translation":{"text":"(18)","language_name":"english","language_id":38},"transliteration":{"text":null,"language_name":"english","language_id":38}}],"translations":[{"id":920772,"resource_id":134,"text":"Dan apakah patut (menjadi anak Allah) orang yang dibesarkan dalam keadaan berperhiasan, sedang dia tidak dapat memberi alasan yang terang dalam pertengkaran <sup foot_note=211122>1</sup>."}]},{"id":4344,"verse_number":19,"verse_key":"43:19","juz_number":25,"hizb_number":49,"rub_el_hizb_number":196,"ruku_number":427,"manzil_number":6,"sajdah_number":null,"text_uthmani":"وَجَعَلُوا۟ ٱلْمَلَـٰٓئِكَةَ ٱلَّذِينَ هُمْ عِبَـٰدُ ٱلرَّحْمَـٰنِ إِنَـٰثًا ۚ أَشَهِدُوا۟ خَلْقَهُمْ ۚ سَتُكْتَبُ شَهَـٰدَتُهُمْ وَيُسْـَٔلُونَ","page_number":490,"words":[{"id":21267,"position":1,"audio_url":"wbw/043_019_001.mp3","qpc_uthmani_hafs":"وَجَعَلُواْ","char_type_name":"word","page_number":490,"line_number":10,"text":"ﮯ","translation":{"text":"And they made","language_name":"english","language_id":38},"transliteration":{"text":"wajaʿalū","language_name":"english","language_id":38}},{"id":21268,"position":2,"audio_url":"wbw/043_019_002.mp3","qpc_uthmani_hafs":"ٱلۡمَلَٰٓئِكَةَ","char_type_name":"word","page_number":490,"line_number":10,"text":"ﮰ","translation":{"text":"the Angels","language_name":"english","language_id":38},"transliteration":{"text":"l-malāikata","language_name":"english","language_id":38}},{"id":21269,"position":3,"audio_url":"wbw/043_019_003.mp3","qpc_uthmani_hafs":"ٱلَّذِينَ","char_type_name":"word","page_number":490,"line_number":11,"text":"ﮱ","translation":{"text":"those who","language_name":"english","language_id":38},"transliteration":{"text":"alladhīna","language_name":"english","language_id":38}},{"id":21270,"position":4,"audio_url":"wbw/043_019_004.mp3","qpc_uthmani_hafs":"هُمۡ","char_type_name":"word","page_number":490,"line_number":11,"text":"ﯓ","translation":{"text":"themselves","language_name":"english","language_id":38},"transliteration":{"text":"hum","language_name":"english","language_id":38}},{"id":21271,"position":5,"audio_url":"wbw/043_019_005.mp3","qpc_uthmani_hafs":"عِبَٰدُ","char_type_name":"word","page_number":490,"line_number":11,"text":"ﯔ","translation":{"text":"(are) slaves","language_name":"english","language_id":38},"transliteration":{"text":"ʿibādu","language_name":"english","language_id":38}},{"id":21272,"position":6,"audio_url":"wbw/043_019_006.mp3","qpc_uthmani_hafs":"ٱلرَّحۡمَٰنِ","char_type_name":"word","page_number":490,"line_number":11,"text":"ﯕ","translation":{"text":"(of) the Most Gracious","language_name":"english","language_id":38},"transliteration":{"text":"l-raḥmāni","language_name":"english","language_id":38}},{"id":21273,"position":7,"audio_url":"wbw/043_019_007.mp3","qpc_uthmani_hafs":"إِنَٰثًاۚ","char_type_name":"word","page_number":490,"line_number":11,"text":"ﯖﯗ","translation":{"text":"females","language_name":"english","language_id":38},"transliteration":{"text":"ināthan","language_name":"english","language_id":38}},{"id":21275,"position":8,"audio_url":"wbw/043_019_009.mp3","qpc_uthmani_hafs":"أَشَهِدُواْ","char_type_name":"word","page_number":490,"line_number":11,"text":"ﯘ","translation":{"text":"Did they witness","language_name":"english","language_id":38},"transliteration":{"text":"ashahidū","language_name":"english","language_id":38}},{"id":21276,"position":9,"audio_url":"wbw/043_019_010.mp3","qpc_uthmani_hafs":"خَلۡقَهُمۡۚ","char_type_name":"word","page_number":490,"line_number":11,"text":"ﯙﯚ","translation":{"text":"their creation","language_name":"english","language_id":38},"transliteration":{"text":"khalqahum","language_name":"english","language_id":38}},{"id":21278,"position":10,"audio_url":"wbw/043_019_012.mp3","qpc_uthmani_hafs":"سَتُكۡتَبُ","char_type_name":"word","page_number":490,"line_number":11,"text":"ﯛ","translation":{"text":"Will be recorded","language_name":"english","language_id":38},"transliteration":{"text":"satuk'tabu","language_name":"english","language_id":38}},{"id":21279,"position":11,"audio_url":"wbw/043_019_013.mp3","qpc_uthmani_hafs":"شَهَٰدَتُهُمۡ","char_type_name":"word","page_number":490,"line_number":12,"text":"ﯜ","translation":{"text":"their testimony","language_name":"english","language_id":38},"transliteration":{"text":"shahādatuhum","language_name":"english","language_id":38}},{"id":21280,"position":12,"audio_url":"wbw/043_019_014.mp3","qpc_uthmani_hafs":"وَيُسۡـَٔلُونَ","char_type_name":"word","page_number":490,"line_number":12,"text":"ﯝ","translation":{"text":"and they will be questioned","language_name":"english","language_id":38},"transliteration":{"text":"wayus'alūna","language_name":"english","language_id":38}},{"id":21281,"position":13,"audio_url":null,"qpc_uthmani_hafs":"١٩","char_type_name":"end","page_number":490,"line_number":12,"text":"ﯞ","translation":{"text":"(19)","language_name":"english","language_id":38},"transliteration":{"text":null,"language_name":"english","language_id":38}}],"translations":[{"id":920773,"resource_id":134,"text":"Dan mereka menjadikan malaikat-malaikat yang mereka itu adalah hamba-hamba Allah Yang Maha Pemurah sebagai orang-orang perempuan.  Apakah mereka menyaksikan penciptaan malaika-malaikat itu? Kelak akan dituliskan persaksian mereka dan mereka akan dimintai pertanggungjawaban."}]},{"id":4345,"verse_number":20,"verse_key":"43:20","juz_number":25,"hizb_number":49,"rub_el_hizb_number":196,"ruku_number":427,"manzil_number":6,"sajdah_number":null,"text_uthmani":"وَقَالُوا۟ لَوْ شَآءَ ٱلرَّحْمَـٰنُ مَا عَبَدْنَـٰهُم ۗ مَّا لَهُم بِذَٰلِكَ مِنْ عِلْمٍ ۖ إِنْ هُمْ إِلَّا يَخْرُصُونَ","page_number":490,"words":[{"id":22369,"position":1,"audio_url":"wbw/043_020_001.mp3","qpc_uthmani_hafs":"وَقَالُواْ","char_type_name":"word","page_number":490,"line_number":12,"text":"ﯟ","translation":{"text":"And they say","language_name":"english","language_id":38},"transliteration":{"text":"waqālū","language_name":"english","language_id":38}},{"id":22370,"position":2,"audio_url":"wbw/043_020_002.mp3","qpc_uthmani_hafs":"لَوۡ","char_type_name":"word","page_number":490,"line_number":12,"text":"ﯠ","translation":{"text":"If","language_name":"english","language_id":38},"transliteration":{"text":"law","language_name":"english","language_id":38}},{"id":22371,"position":3,"audio_url":"wbw/043_020_003.mp3","qpc_uthmani_hafs":"شَآءَ","char_type_name":"word","page_number":490,"line_number":12,"text":"ﯡ","translation":{"text":"had willed","language_name":"english","language_id":38},"transliteration":{"text":"shāa","language_name":"english","language_id":38}},{"id":22372,"position":4,"audio_url":"wbw/043_020_004.mp3","qpc_uthmani_hafs":"ٱلرَّحۡمَٰنُ","char_type_name":"word","page_number":490,"line_number":12,"text":"ﯢ","translation":{"text":"the Most Gracious","language_name":"english","language_id":38},"transliteration":{"text":"l-raḥmānu","language_name":"english","language_id":38}},{"id":22373,"position":5,"audio_url":"wbw/043_020_005.mp3","qpc_uthmani_hafs":"مَا","char_type_name":"word","page_number":490,"line_number":12,"text":"ﯣ","translation":{"text":"we would not have worshipped them","language_name":"english","language_id":38},"transliteration":{"text":"mā","language_name":"english","language_id":38}},{"id":22374,"position":6,"audio_url":"wbw/043_020_006.mp3","qpc_uthmani_hafs":"عَبَدۡنَٰهُمۗ","char_type_name":"word","page_number":490,"line_number":12,"text":"ﯤﯥ","translation":{"text":"we would not have worshipped them","language_name":"english","language_id":38},"transliteration":{"text":"ʿabadnāhum","language_name":"english","language_id":38}},{"id":22376,"position":7,"audio_url":"wbw/043_020_008.mp3","qpc_uthmani_hafs":"مَّا","char_type_name":"word","page_number":490,"line_number":13,"text":"ﯦ","translation":{"text":"Not","language_name":"english","language_id":38},"transliteration":{"text":"mā","language_name":"english","language_id":38}},{"id":22377,"position":8,"audio_url":"wbw/043_020_009.mp3","qpc_uthmani_hafs":"لَهُم","char_type_name":"word","page_number":490,"line_number":13,"text":"ﯧ","translation":{"text":"they have","language_name":"english","language_id":38},"transliteration":{"text":"lahum","language_name":"english","language_id":38}},{"id":22378,"position":9,"audio_url":"wbw/043_020_010.mp3","qpc_uthmani_hafs":"بِذَٰلِكَ","char_type_name":"word","page_number":490,"line_number":13,"text":"ﯨ","translation":{"text":"about that","language_name":"english","language_id":38},"transliteration":{"text":"bidhālika","language_name":"english","language_id":38}},{"id":22379,"position":10,"audio_url":"wbw/043_020_011.mp3","qpc_uthmani_hafs":"مِنۡ","char_type_name":"word","page_number":490,"line_number":13,"text":"ﯩ","translation":{"text":"any","language_name":"english","language_id":38},"transliteration":{"text":"min","language_name":"english","language_id":38}},{"id":22380,"position":11,"audio_url":"wbw/043_020_012.mp3","qpc_uthmani_hafs":"عِلۡمٍۖ","char_type_name":"word","page_number":490,"line_number":13,"text":"ﯪﯫ","translation":{"text":"knowledge","language_name":"english","language_id":38},"transliteration":{"text":"ʿil'min","language_name":"english","language_id":38}},{"id":22382,"position":12,"audio_url":"wbw/043_020_014.mp3","qpc_uthmani_hafs":"إِنۡ","char_type_name":"word","page_number":490,"line_number":13,"text":"ﯬ","translation":{"text":"Nothing","language_name":"english","language_id":38},"transliteration":{"text":"in","language_name":"english","language_id":38}},{"id":22383,"position":13,"audio_url":"wbw/043_020_015.mp3","qpc_uthmani_hafs":"هُمۡ","char_type_name":"word","page_number":490,"line_number":13,"text":"ﯭ","translation":{"text":"they (do)","language_name":"english","language_id":38},"transliteration":{"text":"hum","language_name":"english","language_id":38}},{"id":22384,"position":14,"audio_url":"wbw/043_020_016.mp3","qpc_uthmani_hafs":"إِلَّا","char_type_name":"word","page_number":490,"line_number":13,"text":"ﯮ","translation":{"text":"but","language_name":"english","language_id":38},"transliteration":{"text":"illā","language_name":"english","language_id":38}},{"id":22385,"position":15,"audio_url":"wbw/043_020_017.mp3","qpc_uthmani_hafs":"يَخۡرُصُونَ","char_type_name":"word","page_number":490,"line_number":13,"text":"ﯯ","translation":{"text":"lie","language_name":"english","language_id":38},"transliteration":{"text":"yakhruṣūna","language_name":"english","language_id":38}},{"id":22386,"position":16,"audio_url":null,"qpc_uthmani_hafs":"٢٠","char_type_name":"end","page_number":490,"line_number":13,"text":"ﯰ","translation":{"text":"(20)","language_name":"english","language_id":38},"transliteration":{"text":null,"language_name":"english","language_id":38}}],"translations":[{"id":920774,"resource_id":134,"text":"Dan mereka berkata, \"Jikalau Allah Yang Maha Pemurah menghendaki, tentulah kami tidak menyembah mereka (malaikat).\"  Mereka tidak mempunyai pengetahuan sedikit pun tentang itu; mereka tidak lain hanyalah menduga-duga belaka."}]},{"id":4346,"verse_number":21,"verse_key":"43:21","juz_number":25,"hizb_number":49,"rub_el_hizb_number":196,"ruku_number":427,"manzil_number":6,"sajdah_number":null,"text_uthmani":"أَمْ ءَاتَيْنَـٰهُمْ كِتَـٰبًا مِّن قَبْلِهِۦ فَهُم بِهِۦ مُسْتَمْسِكُونَ","page_number":490,"words":[{"id":23488,"position":1,"audio_url":"wbw/043_021_001.mp3","qpc_uthmani_hafs":"أَمۡ","char_type_name":"word","page_number":490,"line_number":13,"text":"ﯱ","translation":{"text":"Or","language_name":"english","language_id":38},"transliteration":{"text":"am","language_name":"english","language_id":38}},{"id":23489,"position":2,"audio_url":"wbw/043_021_002.mp3","qpc_uthmani_hafs":"ءَاتَيۡنَٰهُمۡ","char_type_name":"word","page_number":490,"line_number":13,"text":"ﯲ","translation":{"text":"have We given them","language_name":"english","language_id":38},"transliteration":{"text":"ātaynāhum","language_name":"english","language_id":38}},{"id":23490,"position":3,"audio_url":"wbw/043_021_003.mp3","qpc_uthmani_hafs":"كِتَٰبٗا","char_type_name":"word","page_number":490,"line_number":14,"text":"ﯳ","translation":{"text":"a book","language_name":"english","language_id":38},"transliteration":{"text":"kitāban","language_name":"english","language_id":38}},{"id":23491,"position":4,"audio_url":"wbw/043_021_004.mp3","qpc_uthmani_hafs":"مِّن","char_type_name":"word","page_number":490,"line_number":14,"text":"ﯴ","translation":{"text":"before it","language_name":"english","language_id":38},"transliteration":{"text":"min","language_name":"english","language_id":38}},{"id":23492,"position":5,"audio_url":"wbw/043_021_005.mp3","qpc_uthmani_hafs":"قَبۡلِهِۦ","char_type_name":"word","page_number":490,"line_number":14,"text":"ﯵ","translation":{"text":"before it","language_name":"english","language_id":38},"transliteration":{"text":"qablihi","language_name":"english","language_id":38}},{"id":23493,"position":6,"audio_url":"wbw/043_021_006.mp3","qpc_uthmani_hafs":"فَهُم","char_type_name":"word","page_number":490,"line_number":14,"text":"ﯶ","translation":{"text":"so they","language_name":"english","language_id":38},"transliteration":{"text":"fahum","language_name":"english","language_id":38}},{"id":23494,"position":7,"audio_url":"wbw/043_021_007.mp3","qpc_uthmani_hafs":"بِهِۦ","char_type_name":"word","page_number":490,"line_number":14,"text":"ﯷ","translation":{"text":"to it","language_name":"english","language_id":38},"transliteration":{"text":"bihi","language_name":"english","language_id":38}},{"id":23495,"position":8,"audio_url":"wbw/043_021_008.mp3","qpc_uthmani_hafs":"مُسۡتَمۡسِكُونَ","char_type_name":"word","page_number":490,"line_number":14,"text":"ﯸ","translation":{"text":"(are) holding fast","language_name":"english","language_id":38},"transliteration":{"text":"mus'tamsikūna","language_name":"english","language_id":38}},{"id":23496,"position":9,"audio_url":null,"qpc_uthmani_hafs":"٢١","char_type_name":"end","page_number":490,"line_number":14,"text":"ﯹ","translation":{"text":"(21)","language_name":"english","language_id":38},"transliteration":{"text":null,"language_name":"english","language_id":38}}],"translations":[{"id":920775,"resource_id":134,"text":"Atau adakah Kami memberikan sebuah kitab kepada mereka sebelum Al-Qur`ān, lalu mereka berpegang dengan kitab itu?"}]},{"id":4347,"verse_number":22,"verse_key":"43:22","juz_number":25,"hizb_number":49,"rub_el_hizb_number":196,"ruku_number":427,"manzil_number":6,"sajdah_number":null,"text_uthmani":"بَلْ قَالُوٓا۟ إِنَّا وَجَدْنَآ ءَابَآءَنَا عَلَىٰٓ أُمَّةٍ وَإِنَّا عَلَىٰٓ ءَاثَـٰرِهِم مُّهْتَدُونَ","page_number":490,"words":[{"id":24519,"position":1,"audio_url":"wbw/043_022_001.mp3","qpc_uthmani_hafs":"بَلۡ","char_type_name":"word","page_number":490,"line_number":14,"text":"ﯺ","translation":{"text":"Nay","language_name":"english","language_id":38},"transliteration":{"text":"bal","language_name":"english","language_id":38}},{"id":24520,"position":2,"audio_url":"wbw/043_022_002.mp3","qpc_uthmani_hafs":"قَالُوٓاْ","char_type_name":"word","page_number":490,"line_number":14,"text":"ﯻ","translation":{"text":"they say","language_name":"english","language_id":38},"transliteration":{"text":"qālū","language_name":"english","language_id":38}},{"id":24521,"position":3,"audio_url":"wbw/043_022_003.mp3","qpc_uthmani_hafs":"إِنَّا","char_type_name":"word","page_number":490,"line_number":15,"text":"ﯼ","translation":{"text":"Indeed, we","language_name":"english","language_id":38},"transliteration":{"text":"innā","language_name":"english","language_id":38}},{"id":24522,"position":4,"audio_url":"wbw/043_022_004.mp3","qpc_uthmani_hafs":"وَجَدۡنَآ","char_type_name":"word","page_number":490,"line_number":15,"text":"ﯽ","translation":{"text":"[we] found","language_name":"english","language_id":38},"transliteration":{"text":"wajadnā","language_name":"english","language_id":38}},{"id":24523,"position":5,"audio_url":"wbw/043_022_005.mp3","qpc_uthmani_hafs":"ءَابَآءَنَا","char_type_name":"word","page_number":490,"line_number":15,"text":"ﯾ","translation":{"text":"our forefathers","language_name":"english","language_id":38},"transliteration":{"text":"ābāanā","language_name":"english","language_id":38}},{"id":24524,"position":6,"audio_url":"wbw/043_022_006.mp3","qpc_uthmani_hafs":"عَلَىٰٓ","char_type_name":"word","page_number":490,"line_number":15,"text":"ﯿ","translation":{"text":"upon","language_name":"english","language_id":38},"transliteration":{"text":"ʿalā","language_name":"english","language_id":38}},{"id":24525,"position":7,"audio_url":"wbw/043_022_007.mp3","qpc_uthmani_hafs":"أُمَّةٖ","char_type_name":"word","page_number":490,"line_number":15,"text":"ﰀ","translation":{"text":"a religion","language_name":"english","language_id":38},"transliteration":{"text":"ummatin","language_name":"english","language_id":38}},{"id":24526,"position":8,"audio_url":"wbw/043_022_008.mp3","qpc_uthmani_hafs":"وَإِنَّا","char_type_name":"word","page_number":490,"line_number":15,"text":"ﰁ","translation":{"text":"and indeed, we","language_name":"english","language_id":38},"transliteration":{"text":"wa-innā","language_name":"english","language_id":38}},{"id":24527,"position":9,"audio_url":"wbw/043_022_009.mp3","qpc_uthmani_hafs":"عَلَىٰٓ","char_type_name":"word","page_number":490,"line_number":15,"text":"ﰂ","translation":{"text":"on","language_name":"english","language_id":38},"transliteration":{"text":"ʿalā","language_name":"english","language_id":38}},{"id":24528,"position":10,"audio_url":"wbw/043_022_010.mp3","qpc_uthmani_hafs":"ءَاثَٰرِهِم","char_type_name":"word","page_number":490,"line_number":15,"text":"ﰃ","translation":{"text":"their footsteps","language_name":"english","language_id":38},"transliteration":{"text":"āthārihim","language_name":"english","language_id":38}},{"id":24529,"position":11,"audio_url":"wbw/043_022_011.mp3","qpc_uthmani_hafs":"مُّهۡتَدُونَ","char_type_name":"word","page_number":490,"line_number":15,"text":"ﰄ","translation":{"text":"(are) guided","language_name":"english","language_id":38},"transliteration":{"text":"muh'tadūna","language_name":"english","language_id":38}},{"id":24530,"position":12,"audio_url":null,"qpc_uthmani_hafs":"٢٢","char_type_name":"end","page_number":490,"line_number":15,"text":"ﰅ","translation":{"text":"(22)","language_name":"english","language_id":38},"transliteration":{"text":null,"language_name":"english","language_id":38}}],"translations":[{"id":920776,"resource_id":134,"text":"Bahkan mereka berkata, \"Sesungguhnya kami mendapati bapak-bapak kami menganut suatu agama dan sesungguhnya kami orang-orang yang mendapat petunjuk dengan (mengikuti) jejak mereka.\""}]}],"pagination":{"per_page":50,"current_page":1,"next_page":null,"total_pages":1,"total_records":12}}