{"verses":[{"id":4539,"verse_number":29,"verse_key":"46:29","juz_number":26,"hizb_number":51,"rub_el_hizb_number":202,"ruku_number":443,"manzil_number":6,"sajdah_number":null,"text_uthmani":"وَإِذْ صَرَفْنَآ إِلَيْكَ نَفَرًا مِّنَ ٱلْجِنِّ يَسْتَمِعُونَ ٱلْقُرْءَانَ فَلَمَّا حَضَرُوهُ قَالُوٓا۟ أَنصِتُوا۟ ۖ فَلَمَّا قُضِىَ وَلَّوْا۟ إِلَىٰ قَوْمِهِم مُّنذِرِينَ","page_number":506,"words":[{"id":31658,"position":1,"audio_url":"wbw/046_029_001.mp3","qpc_uthmani_hafs":"وَإِذۡ","char_type_name":"word","page_number":506,"line_number":1,"text":"ﭑ","translation":{"text":"And when","language_name":"english","language_id":38},"transliteration":{"text":"wa-idh","language_name":"english","language_id":38}},{"id":31659,"position":2,"audio_url":"wbw/046_029_002.mp3","qpc_uthmani_hafs":"صَرَفۡنَآ","char_type_name":"word","page_number":506,"line_number":1,"text":"ﭒ","translation":{"text":"We directed","language_name":"english","language_id":38},"transliteration":{"text":"ṣarafnā","language_name":"english","language_id":38}},{"id":31660,"position":3,"audio_url":"wbw/046_029_003.mp3","qpc_uthmani_hafs":"إِلَيۡكَ","char_type_name":"word","page_number":506,"line_number":1,"text":"ﭓ","translation":{"text":"to you","language_name":"english","language_id":38},"transliteration":{"text":"ilayka","language_name":"english","language_id":38}},{"id":31661,"position":4,"audio_url":"wbw/046_029_004.mp3","qpc_uthmani_hafs":"نَفَرٗا","char_type_name":"word","page_number":506,"line_number":1,"text":"ﭔ","translation":{"text":"a party","language_name":"english","language_id":38},"transliteration":{"text":"nafaran","language_name":"english","language_id":38}},{"id":31662,"position":5,"audio_url":"wbw/046_029_005.mp3","qpc_uthmani_hafs":"مِّنَ","char_type_name":"word","page_number":506,"line_number":1,"text":"ﭕ","translation":{"text":"of","language_name":"english","language_id":38},"transliteration":{"text":"mina","language_name":"english","language_id":38}},{"id":31663,"position":6,"audio_url":"wbw/046_029_006.mp3","qpc_uthmani_hafs":"ٱلۡجِنِّ","char_type_name":"word","page_number":506,"line_number":1,"text":"ﭖ","translation":{"text":"the jinn","language_name":"english","language_id":38},"transliteration":{"text":"l-jini","language_name":"english","language_id":38}},{"id":31664,"position":7,"audio_url":"wbw/046_029_007.mp3","qpc_uthmani_hafs":"يَسۡتَمِعُونَ","char_type_name":"word","page_number":506,"line_number":1,"text":"ﭗ","translation":{"text":"listening","language_name":"english","language_id":38},"transliteration":{"text":"yastamiʿūna","language_name":"english","language_id":38}},{"id":31665,"position":8,"audio_url":"wbw/046_029_008.mp3","qpc_uthmani_hafs":"ٱلۡقُرۡءَانَ","char_type_name":"word","page_number":506,"line_number":1,"text":"ﭘ","translation":{"text":"(to) the Quran","language_name":"english","language_id":38},"transliteration":{"text":"l-qur'āna","language_name":"english","language_id":38}},{"id":31666,"position":9,"audio_url":"wbw/046_029_009.mp3","qpc_uthmani_hafs":"فَلَمَّا","char_type_name":"word","page_number":506,"line_number":1,"text":"ﭙ","translation":{"text":"And when","language_name":"english","language_id":38},"transliteration":{"text":"falammā","language_name":"english","language_id":38}},{"id":31667,"position":10,"audio_url":"wbw/046_029_010.mp3","qpc_uthmani_hafs":"حَضَرُوهُ","char_type_name":"word","page_number":506,"line_number":2,"text":"ﭚ","translation":{"text":"they attended it","language_name":"english","language_id":38},"transliteration":{"text":"ḥaḍarūhu","language_name":"english","language_id":38}},{"id":31668,"position":11,"audio_url":"wbw/046_029_011.mp3","qpc_uthmani_hafs":"قَالُوٓاْ","char_type_name":"word","page_number":506,"line_number":2,"text":"ﭛ","translation":{"text":"they said","language_name":"english","language_id":38},"transliteration":{"text":"qālū","language_name":"english","language_id":38}},{"id":31669,"position":12,"audio_url":"wbw/046_029_012.mp3","qpc_uthmani_hafs":"أَنصِتُواْۖ","char_type_name":"word","page_number":506,"line_number":2,"text":"ﭜﭝ","translation":{"text":"Listen quietly","language_name":"english","language_id":38},"transliteration":{"text":"anṣitū","language_name":"english","language_id":38}},{"id":31671,"position":13,"audio_url":"wbw/046_029_014.mp3","qpc_uthmani_hafs":"فَلَمَّا","char_type_name":"word","page_number":506,"line_number":2,"text":"ﭞ","translation":{"text":"And when","language_name":"english","language_id":38},"transliteration":{"text":"falammā","language_name":"english","language_id":38}},{"id":31672,"position":14,"audio_url":"wbw/046_029_015.mp3","qpc_uthmani_hafs":"قُضِيَ","char_type_name":"word","page_number":506,"line_number":2,"text":"ﭟ","translation":{"text":"it was concluded","language_name":"english","language_id":38},"transliteration":{"text":"quḍiya","language_name":"english","language_id":38}},{"id":31673,"position":15,"audio_url":"wbw/046_029_016.mp3","qpc_uthmani_hafs":"وَلَّوۡاْ","char_type_name":"word","page_number":506,"line_number":2,"text":"ﭠ","translation":{"text":"they turned back","language_name":"english","language_id":38},"transliteration":{"text":"wallaw","language_name":"english","language_id":38}},{"id":31674,"position":16,"audio_url":"wbw/046_029_017.mp3","qpc_uthmani_hafs":"إِلَىٰ","char_type_name":"word","page_number":506,"line_number":2,"text":"ﭡ","translation":{"text":"to","language_name":"english","language_id":38},"transliteration":{"text":"ilā","language_name":"english","language_id":38}},{"id":31675,"position":17,"audio_url":"wbw/046_029_018.mp3","qpc_uthmani_hafs":"قَوۡمِهِم","char_type_name":"word","page_number":506,"line_number":2,"text":"ﭢ","translation":{"text":"their people","language_name":"english","language_id":38},"transliteration":{"text":"qawmihim","language_name":"english","language_id":38}},{"id":31676,"position":18,"audio_url":"wbw/046_029_019.mp3","qpc_uthmani_hafs":"مُّنذِرِينَ","char_type_name":"word","page_number":506,"line_number":2,"text":"ﭣ","translation":{"text":"(as) warners","language_name":"english","language_id":38},"transliteration":{"text":"mundhirīna","language_name":"english","language_id":38}},{"id":31677,"position":19,"audio_url":null,"qpc_uthmani_hafs":"٢٩","char_type_name":"end","page_number":506,"line_number":3,"text":"ﭤ","translation":{"text":"(29)","language_name":"english","language_id":38},"transliteration":{"text":null,"language_name":"english","language_id":38}}],"translations":[{"id":920968,"resource_id":134,"text":"Dan (ingatlah) ketika Kami hadapkan serombongan jin kepadamu yang mendengarkan Al-Qur`ān, maka tatkala mereka menghadiri pembacaan(nya), lalu mereka berkata, \"Diamlah kamu (untuk mendengarkannya)\".  Ketika pembacaan telah selesai mereka kembali kepada kaumnya (untuk) memberi peringatan."}]},{"id":4540,"verse_number":30,"verse_key":"46:30","juz_number":26,"hizb_number":51,"rub_el_hizb_number":202,"ruku_number":443,"manzil_number":6,"sajdah_number":null,"text_uthmani":"قَالُوا۟ يَـٰقَوْمَنَآ إِنَّا سَمِعْنَا كِتَـٰبًا أُنزِلَ مِنۢ بَعْدِ مُوسَىٰ مُصَدِّقًا لِّمَا بَيْنَ يَدَيْهِ يَهْدِىٓ إِلَى ٱلْحَقِّ وَإِلَىٰ طَرِيقٍ مُّسْتَقِيمٍ","page_number":506,"words":[{"id":32548,"position":1,"audio_url":"wbw/046_030_001.mp3","qpc_uthmani_hafs":"قَالُواْ","char_type_name":"word","page_number":506,"line_number":3,"text":"ﭥ","translation":{"text":"They said","language_name":"english","language_id":38},"transliteration":{"text":"qālū","language_name":"english","language_id":38}},{"id":32549,"position":2,"audio_url":"wbw/046_030_002.mp3","qpc_uthmani_hafs":"يَٰقَوۡمَنَآ","char_type_name":"word","page_number":506,"line_number":3,"text":"ﭦ","translation":{"text":"O our people","language_name":"english","language_id":38},"transliteration":{"text":"yāqawmanā","language_name":"english","language_id":38}},{"id":32550,"position":3,"audio_url":"wbw/046_030_003.mp3","qpc_uthmani_hafs":"إِنَّا","char_type_name":"word","page_number":506,"line_number":3,"text":"ﭧ","translation":{"text":"Indeed, we","language_name":"english","language_id":38},"transliteration":{"text":"innā","language_name":"english","language_id":38}},{"id":32551,"position":4,"audio_url":"wbw/046_030_004.mp3","qpc_uthmani_hafs":"سَمِعۡنَا","char_type_name":"word","page_number":506,"line_number":3,"text":"ﭨ","translation":{"text":"[we] have heard","language_name":"english","language_id":38},"transliteration":{"text":"samiʿ'nā","language_name":"english","language_id":38}},{"id":32552,"position":5,"audio_url":"wbw/046_030_005.mp3","qpc_uthmani_hafs":"كِتَٰبًا","char_type_name":"word","page_number":506,"line_number":3,"text":"ﭩ","translation":{"text":"a Book","language_name":"english","language_id":38},"transliteration":{"text":"kitāban","language_name":"english","language_id":38}},{"id":32553,"position":6,"audio_url":"wbw/046_030_006.mp3","qpc_uthmani_hafs":"أُنزِلَ","char_type_name":"word","page_number":506,"line_number":3,"text":"ﭪ","translation":{"text":"revealed","language_name":"english","language_id":38},"transliteration":{"text":"unzila","language_name":"english","language_id":38}},{"id":32554,"position":7,"audio_url":"wbw/046_030_007.mp3","qpc_uthmani_hafs":"مِنۢ","char_type_name":"word","page_number":506,"line_number":3,"text":"ﭫ","translation":{"text":"after","language_name":"english","language_id":38},"transliteration":{"text":"min","language_name":"english","language_id":38}},{"id":32555,"position":8,"audio_url":"wbw/046_030_008.mp3","qpc_uthmani_hafs":"بَعۡدِ","char_type_name":"word","page_number":506,"line_number":3,"text":"ﭬ","translation":{"text":"after","language_name":"english","language_id":38},"transliteration":{"text":"baʿdi","language_name":"english","language_id":38}},{"id":32556,"position":9,"audio_url":"wbw/046_030_009.mp3","qpc_uthmani_hafs":"مُوسَىٰ","char_type_name":"word","page_number":506,"line_number":3,"text":"ﭭ","translation":{"text":"Musa","language_name":"english","language_id":38},"transliteration":{"text":"mūsā","language_name":"english","language_id":38}},{"id":32557,"position":10,"audio_url":"wbw/046_030_010.mp3","qpc_uthmani_hafs":"مُصَدِّقٗا","char_type_name":"word","page_number":506,"line_number":4,"text":"ﭮ","translation":{"text":"confirming","language_name":"english","language_id":38},"transliteration":{"text":"muṣaddiqan","language_name":"english","language_id":38}},{"id":32558,"position":11,"audio_url":"wbw/046_030_011.mp3","qpc_uthmani_hafs":"لِّمَا","char_type_name":"word","page_number":506,"line_number":4,"text":"ﭯ","translation":{"text":"what","language_name":"english","language_id":38},"transliteration":{"text":"limā","language_name":"english","language_id":38}},{"id":32559,"position":12,"audio_url":"wbw/046_030_012.mp3","qpc_uthmani_hafs":"بَيۡنَ","char_type_name":"word","page_number":506,"line_number":4,"text":"ﭰ","translation":{"text":"(was) before it","language_name":"english","language_id":38},"transliteration":{"text":"bayna","language_name":"english","language_id":38}},{"id":32560,"position":13,"audio_url":"wbw/046_030_013.mp3","qpc_uthmani_hafs":"يَدَيۡهِ","char_type_name":"word","page_number":506,"line_number":4,"text":"ﭱ","translation":{"text":"(was) before it","language_name":"english","language_id":38},"transliteration":{"text":"yadayhi","language_name":"english","language_id":38}},{"id":32561,"position":14,"audio_url":"wbw/046_030_014.mp3","qpc_uthmani_hafs":"يَهۡدِيٓ","char_type_name":"word","page_number":506,"line_number":4,"text":"ﭲ","translation":{"text":"guiding","language_name":"english","language_id":38},"transliteration":{"text":"yahdī","language_name":"english","language_id":38}},{"id":32562,"position":15,"audio_url":"wbw/046_030_015.mp3","qpc_uthmani_hafs":"إِلَى","char_type_name":"word","page_number":506,"line_number":4,"text":"ﭳ","translation":{"text":"to","language_name":"english","language_id":38},"transliteration":{"text":"ilā","language_name":"english","language_id":38}},{"id":32563,"position":16,"audio_url":"wbw/046_030_016.mp3","qpc_uthmani_hafs":"ٱلۡحَقِّ","char_type_name":"word","page_number":506,"line_number":4,"text":"ﭴ","translation":{"text":"the truth","language_name":"english","language_id":38},"transliteration":{"text":"l-ḥaqi","language_name":"english","language_id":38}},{"id":32564,"position":17,"audio_url":"wbw/046_030_017.mp3","qpc_uthmani_hafs":"وَإِلَىٰ","char_type_name":"word","page_number":506,"line_number":4,"text":"ﭵ","translation":{"text":"and to","language_name":"english","language_id":38},"transliteration":{"text":"wa-ilā","language_name":"english","language_id":38}},{"id":32565,"position":18,"audio_url":"wbw/046_030_018.mp3","qpc_uthmani_hafs":"طَرِيقٖ","char_type_name":"word","page_number":506,"line_number":4,"text":"ﭶ","translation":{"text":"a Path","language_name":"english","language_id":38},"transliteration":{"text":"ṭarīqin","language_name":"english","language_id":38}},{"id":32566,"position":19,"audio_url":"wbw/046_030_019.mp3","qpc_uthmani_hafs":"مُّسۡتَقِيمٖ","char_type_name":"word","page_number":506,"line_number":4,"text":"ﭷ","translation":{"text":"Straight","language_name":"english","language_id":38},"transliteration":{"text":"mus'taqīmin","language_name":"english","language_id":38}},{"id":32567,"position":20,"audio_url":null,"qpc_uthmani_hafs":"٣٠","char_type_name":"end","page_number":506,"line_number":5,"text":"ﭸ","translation":{"text":"(30)","language_name":"english","language_id":38},"transliteration":{"text":null,"language_name":"english","language_id":38}}],"translations":[{"id":920969,"resource_id":134,"text":"Mereka berkata, \"Hai kaum kami, sesungguhnya kami telah mendengarkan kitab (Al-Qur`ān) yang telah diturunkan sesudah Musa yang membenarkan kitab-kitab yang sebelumnya lagi memimpin kepada kebenaran dan kepada jalan yang lurus."}]},{"id":4541,"verse_number":31,"verse_key":"46:31","juz_number":26,"hizb_number":51,"rub_el_hizb_number":202,"ruku_number":443,"manzil_number":6,"sajdah_number":null,"text_uthmani":"يَـٰقَوْمَنَآ أَجِيبُوا۟ دَاعِىَ ٱللَّهِ وَءَامِنُوا۟ بِهِۦ يَغْفِرْ لَكُم مِّن ذُنُوبِكُمْ وَيُجِرْكُم مِّنْ عَذَابٍ أَلِيمٍ","page_number":506,"words":[{"id":33443,"position":1,"audio_url":"wbw/046_031_001.mp3","qpc_uthmani_hafs":"يَٰقَوۡمَنَآ","char_type_name":"word","page_number":506,"line_number":5,"text":"ﭹ","translation":{"text":"O our people","language_name":"english","language_id":38},"transliteration":{"text":"yāqawmanā","language_name":"english","language_id":38}},{"id":33444,"position":2,"audio_url":"wbw/046_031_002.mp3","qpc_uthmani_hafs":"أَجِيبُواْ","char_type_name":"word","page_number":506,"line_number":5,"text":"ﭺ","translation":{"text":"Respond","language_name":"english","language_id":38},"transliteration":{"text":"ajībū","language_name":"english","language_id":38}},{"id":33445,"position":3,"audio_url":"wbw/046_031_003.mp3","qpc_uthmani_hafs":"دَاعِيَ","char_type_name":"word","page_number":506,"line_number":5,"text":"ﭻ","translation":{"text":"(to the) caller","language_name":"english","language_id":38},"transliteration":{"text":"dāʿiya","language_name":"english","language_id":38}},{"id":33446,"position":4,"audio_url":"wbw/046_031_004.mp3","qpc_uthmani_hafs":"ٱللَّهِ","char_type_name":"word","page_number":506,"line_number":5,"text":"ﭼ","translation":{"text":"(of) Allah","language_name":"english","language_id":38},"transliteration":{"text":"l-lahi","language_name":"english","language_id":38}},{"id":33447,"position":5,"audio_url":"wbw/046_031_005.mp3","qpc_uthmani_hafs":"وَءَامِنُواْ","char_type_name":"word","page_number":506,"line_number":5,"text":"ﭽ","translation":{"text":"and believe","language_name":"english","language_id":38},"transliteration":{"text":"waāminū","language_name":"english","language_id":38}},{"id":33448,"position":6,"audio_url":"wbw/046_031_006.mp3","qpc_uthmani_hafs":"بِهِۦ","char_type_name":"word","page_number":506,"line_number":5,"text":"ﭾ","translation":{"text":"in him","language_name":"english","language_id":38},"transliteration":{"text":"bihi","language_name":"english","language_id":38}},{"id":33449,"position":7,"audio_url":"wbw/046_031_007.mp3","qpc_uthmani_hafs":"يَغۡفِرۡ","char_type_name":"word","page_number":506,"line_number":5,"text":"ﭿ","translation":{"text":"He will forgive","language_name":"english","language_id":38},"transliteration":{"text":"yaghfir","language_name":"english","language_id":38}},{"id":33450,"position":8,"audio_url":"wbw/046_031_008.mp3","qpc_uthmani_hafs":"لَكُم","char_type_name":"word","page_number":506,"line_number":5,"text":"ﮀ","translation":{"text":"for you","language_name":"english","language_id":38},"transliteration":{"text":"lakum","language_name":"english","language_id":38}},{"id":33451,"position":9,"audio_url":"wbw/046_031_009.mp3","qpc_uthmani_hafs":"مِّن","char_type_name":"word","page_number":506,"line_number":5,"text":"ﮁ","translation":{"text":"of","language_name":"english","language_id":38},"transliteration":{"text":"min","language_name":"english","language_id":38}},{"id":33452,"position":10,"audio_url":"wbw/046_031_010.mp3","qpc_uthmani_hafs":"ذُنُوبِكُمۡ","char_type_name":"word","page_number":506,"line_number":6,"text":"ﮂ","translation":{"text":"your sins","language_name":"english","language_id":38},"transliteration":{"text":"dhunūbikum","language_name":"english","language_id":38}},{"id":33453,"position":11,"audio_url":"wbw/046_031_011.mp3","qpc_uthmani_hafs":"وَيُجِرۡكُم","char_type_name":"word","page_number":506,"line_number":6,"text":"ﮃ","translation":{"text":"and will protect you","language_name":"english","language_id":38},"transliteration":{"text":"wayujir'kum","language_name":"english","language_id":38}},{"id":33454,"position":12,"audio_url":"wbw/046_031_012.mp3","qpc_uthmani_hafs":"مِّنۡ","char_type_name":"word","page_number":506,"line_number":6,"text":"ﮄ","translation":{"text":"from","language_name":"english","language_id":38},"transliteration":{"text":"min","language_name":"english","language_id":38}},{"id":33455,"position":13,"audio_url":"wbw/046_031_013.mp3","qpc_uthmani_hafs":"عَذَابٍ","char_type_name":"word","page_number":506,"line_number":6,"text":"ﮅ","translation":{"text":"a punishment","language_name":"english","language_id":38},"transliteration":{"text":"ʿadhābin","language_name":"english","language_id":38}},{"id":33456,"position":14,"audio_url":"wbw/046_031_014.mp3","qpc_uthmani_hafs":"أَلِيمٖ","char_type_name":"word","page_number":506,"line_number":6,"text":"ﮆ","translation":{"text":"painful","language_name":"english","language_id":38},"transliteration":{"text":"alīmin","language_name":"english","language_id":38}},{"id":33457,"position":15,"audio_url":null,"qpc_uthmani_hafs":"٣١","char_type_name":"end","page_number":506,"line_number":6,"text":"ﮇ","translation":{"text":"(31)","language_name":"english","language_id":38},"transliteration":{"text":null,"language_name":"english","language_id":38}}],"translations":[{"id":920970,"resource_id":134,"text":"Hai kaum kami, terimalah (seruan) orang yang menyeru kepada Allah dan berimanlah kepada-Nya, niscaya Allah akan mengampuni dosa-dosa kamu<sup foot_note=211160>1</sup> dan melepaskan kamu dari azab yang pedih."}]},{"id":4542,"verse_number":32,"verse_key":"46:32","juz_number":26,"hizb_number":51,"rub_el_hizb_number":202,"ruku_number":443,"manzil_number":6,"sajdah_number":null,"text_uthmani":"وَمَن لَّا يُجِبْ دَاعِىَ ٱللَّهِ فَلَيْسَ بِمُعْجِزٍ فِى ٱلْأَرْضِ وَلَيْسَ لَهُۥ مِن دُونِهِۦٓ أَوْلِيَآءُ ۚ أُو۟لَـٰٓئِكَ فِى ضَلَـٰلٍ مُّبِينٍ","page_number":506,"words":[{"id":34464,"position":1,"audio_url":"wbw/046_032_001.mp3","qpc_uthmani_hafs":"وَمَن","char_type_name":"word","page_number":506,"line_number":6,"text":"ﮈ","translation":{"text":"And whoever","language_name":"english","language_id":38},"transliteration":{"text":"waman","language_name":"english","language_id":38}},{"id":34465,"position":2,"audio_url":"wbw/046_032_002.mp3","qpc_uthmani_hafs":"لَّا","char_type_name":"word","page_number":506,"line_number":6,"text":"ﮉ","translation":{"text":"(does) not","language_name":"english","language_id":38},"transliteration":{"text":"lā","language_name":"english","language_id":38}},{"id":34466,"position":3,"audio_url":"wbw/046_032_003.mp3","qpc_uthmani_hafs":"يُجِبۡ","char_type_name":"word","page_number":506,"line_number":6,"text":"ﮊ","translation":{"text":"respond","language_name":"english","language_id":38},"transliteration":{"text":"yujib","language_name":"english","language_id":38}},{"id":34467,"position":4,"audio_url":"wbw/046_032_004.mp3","qpc_uthmani_hafs":"دَاعِيَ","char_type_name":"word","page_number":506,"line_number":6,"text":"ﮋ","translation":{"text":"(to the) caller","language_name":"english","language_id":38},"transliteration":{"text":"dāʿiya","language_name":"english","language_id":38}},{"id":34468,"position":5,"audio_url":"wbw/046_032_005.mp3","qpc_uthmani_hafs":"ٱللَّهِ","char_type_name":"word","page_number":506,"line_number":6,"text":"ﮌ","translation":{"text":"(of) Allah","language_name":"english","language_id":38},"transliteration":{"text":"l-lahi","language_name":"english","language_id":38}},{"id":34469,"position":6,"audio_url":"wbw/046_032_006.mp3","qpc_uthmani_hafs":"فَلَيۡسَ","char_type_name":"word","page_number":506,"line_number":7,"text":"ﮍ","translation":{"text":"then not","language_name":"english","language_id":38},"transliteration":{"text":"falaysa","language_name":"english","language_id":38}},{"id":34470,"position":7,"audio_url":"wbw/046_032_007.mp3","qpc_uthmani_hafs":"بِمُعۡجِزٖ","char_type_name":"word","page_number":506,"line_number":7,"text":"ﮎ","translation":{"text":"he can escape","language_name":"english","language_id":38},"transliteration":{"text":"bimuʿ'jizin","language_name":"english","language_id":38}},{"id":34471,"position":8,"audio_url":"wbw/046_032_008.mp3","qpc_uthmani_hafs":"فِي","char_type_name":"word","page_number":506,"line_number":7,"text":"ﮏ","translation":{"text":"in","language_name":"english","language_id":38},"transliteration":{"text":"fī","language_name":"english","language_id":38}},{"id":34472,"position":9,"audio_url":"wbw/046_032_009.mp3","qpc_uthmani_hafs":"ٱلۡأَرۡضِ","char_type_name":"word","page_number":506,"line_number":7,"text":"ﮐ","translation":{"text":"the earth","language_name":"english","language_id":38},"transliteration":{"text":"l-arḍi","language_name":"english","language_id":38}},{"id":34473,"position":10,"audio_url":"wbw/046_032_010.mp3","qpc_uthmani_hafs":"وَلَيۡسَ","char_type_name":"word","page_number":506,"line_number":7,"text":"ﮑ","translation":{"text":"and not","language_name":"english","language_id":38},"transliteration":{"text":"walaysa","language_name":"english","language_id":38}},{"id":34474,"position":11,"audio_url":"wbw/046_032_011.mp3","qpc_uthmani_hafs":"لَهُۥ","char_type_name":"word","page_number":506,"line_number":7,"text":"ﮒ","translation":{"text":"for him","language_name":"english","language_id":38},"transliteration":{"text":"lahu","language_name":"english","language_id":38}},{"id":34475,"position":12,"audio_url":"wbw/046_032_012.mp3","qpc_uthmani_hafs":"مِن","char_type_name":"word","page_number":506,"line_number":7,"text":"ﮓ","translation":{"text":"besides Him","language_name":"english","language_id":38},"transliteration":{"text":"min","language_name":"english","language_id":38}},{"id":34476,"position":13,"audio_url":"wbw/046_032_013.mp3","qpc_uthmani_hafs":"دُونِهِۦٓ","char_type_name":"word","page_number":506,"line_number":7,"text":"ﮔ","translation":{"text":"besides Him","language_name":"english","language_id":38},"transliteration":{"text":"dūnihi","language_name":"english","language_id":38}},{"id":34477,"position":14,"audio_url":"wbw/046_032_014.mp3","qpc_uthmani_hafs":"أَوۡلِيَآءُۚ","char_type_name":"word","page_number":506,"line_number":7,"text":"ﮕﮖ","translation":{"text":"protectors","language_name":"english","language_id":38},"transliteration":{"text":"awliyāu","language_name":"english","language_id":38}},{"id":34479,"position":15,"audio_url":"wbw/046_032_016.mp3","qpc_uthmani_hafs":"أُوْلَٰٓئِكَ","char_type_name":"word","page_number":506,"line_number":7,"text":"ﮗ","translation":{"text":"Those","language_name":"english","language_id":38},"transliteration":{"text":"ulāika","language_name":"english","language_id":38}},{"id":34480,"position":16,"audio_url":"wbw/046_032_017.mp3","qpc_uthmani_hafs":"فِي","char_type_name":"word","page_number":506,"line_number":8,"text":"ﮘ","translation":{"text":"(are) in","language_name":"english","language_id":38},"transliteration":{"text":"fī","language_name":"english","language_id":38}},{"id":34481,"position":17,"audio_url":"wbw/046_032_018.mp3","qpc_uthmani_hafs":"ضَلَٰلٖ","char_type_name":"word","page_number":506,"line_number":8,"text":"ﮙ","translation":{"text":"error","language_name":"english","language_id":38},"transliteration":{"text":"ḍalālin","language_name":"english","language_id":38}},{"id":34482,"position":18,"audio_url":"wbw/046_032_019.mp3","qpc_uthmani_hafs":"مُّبِينٍ","char_type_name":"word","page_number":506,"line_number":8,"text":"ﮚ","translation":{"text":"clear","language_name":"english","language_id":38},"transliteration":{"text":"mubīnin","language_name":"english","language_id":38}},{"id":34483,"position":19,"audio_url":null,"qpc_uthmani_hafs":"٣٢","char_type_name":"end","page_number":506,"line_number":8,"text":"ﮛ","translation":{"text":"(32)","language_name":"english","language_id":38},"transliteration":{"text":null,"language_name":"english","language_id":38}}],"translations":[{"id":920971,"resource_id":134,"text":"Dan orang yang tidak menerima (seruan) orang yang menyeru kepada Allah maka dia tidak akan melepaskan diri dari azab Allah di muka bumi dan tidak ada baginya pelindung selain Allah.  Mereka itu dalam kesesatan yang nyata\"."}]},{"id":4543,"verse_number":33,"verse_key":"46:33","juz_number":26,"hizb_number":51,"rub_el_hizb_number":202,"ruku_number":443,"manzil_number":6,"sajdah_number":null,"text_uthmani":"أَوَلَمْ يَرَوْا۟ أَنَّ ٱللَّهَ ٱلَّذِى خَلَقَ ٱلسَّمَـٰوَٰتِ وَٱلْأَرْضَ وَلَمْ يَعْىَ بِخَلْقِهِنَّ بِقَـٰدِرٍ عَلَىٰٓ أَن يُحْـِۧىَ ٱلْمَوْتَىٰ ۚ بَلَىٰٓ إِنَّهُۥ عَلَىٰ كُلِّ شَىْءٍ قَدِيرٌ","page_number":506,"words":[{"id":35456,"position":1,"audio_url":"wbw/046_033_001.mp3","qpc_uthmani_hafs":"أَوَلَمۡ","char_type_name":"word","page_number":506,"line_number":8,"text":"ﮜ","translation":{"text":"Do not","language_name":"english","language_id":38},"transliteration":{"text":"awalam","language_name":"english","language_id":38}},{"id":35457,"position":2,"audio_url":"wbw/046_033_002.mp3","qpc_uthmani_hafs":"يَرَوۡاْ","char_type_name":"word","page_number":506,"line_number":8,"text":"ﮝ","translation":{"text":"they see","language_name":"english","language_id":38},"transliteration":{"text":"yaraw","language_name":"english","language_id":38}},{"id":35458,"position":3,"audio_url":"wbw/046_033_003.mp3","qpc_uthmani_hafs":"أَنَّ","char_type_name":"word","page_number":506,"line_number":8,"text":"ﮞ","translation":{"text":"that","language_name":"english","language_id":38},"transliteration":{"text":"anna","language_name":"english","language_id":38}},{"id":35459,"position":4,"audio_url":"wbw/046_033_004.mp3","qpc_uthmani_hafs":"ٱللَّهَ","char_type_name":"word","page_number":506,"line_number":8,"text":"ﮟ","translation":{"text":"Allah","language_name":"english","language_id":38},"transliteration":{"text":"l-laha","language_name":"english","language_id":38}},{"id":35460,"position":5,"audio_url":"wbw/046_033_005.mp3","qpc_uthmani_hafs":"ٱلَّذِي","char_type_name":"word","page_number":506,"line_number":8,"text":"ﮠ","translation":{"text":"(is) the One Who","language_name":"english","language_id":38},"transliteration":{"text":"alladhī","language_name":"english","language_id":38}},{"id":35461,"position":6,"audio_url":"wbw/046_033_006.mp3","qpc_uthmani_hafs":"خَلَقَ","char_type_name":"word","page_number":506,"line_number":8,"text":"ﮡ","translation":{"text":"created","language_name":"english","language_id":38},"transliteration":{"text":"khalaqa","language_name":"english","language_id":38}},{"id":35462,"position":7,"audio_url":"wbw/046_033_007.mp3","qpc_uthmani_hafs":"ٱلسَّمَٰوَٰتِ","char_type_name":"word","page_number":506,"line_number":8,"text":"ﮢ","translation":{"text":"the heavens","language_name":"english","language_id":38},"transliteration":{"text":"l-samāwāti","language_name":"english","language_id":38}},{"id":35463,"position":8,"audio_url":"wbw/046_033_008.mp3","qpc_uthmani_hafs":"وَٱلۡأَرۡضَ","char_type_name":"word","page_number":506,"line_number":9,"text":"ﮣ","translation":{"text":"and the earth","language_name":"english","language_id":38},"transliteration":{"text":"wal-arḍa","language_name":"english","language_id":38}},{"id":35464,"position":9,"audio_url":"wbw/046_033_009.mp3","qpc_uthmani_hafs":"وَلَمۡ","char_type_name":"word","page_number":506,"line_number":9,"text":"ﮤ","translation":{"text":"and (was) not","language_name":"english","language_id":38},"transliteration":{"text":"walam","language_name":"english","language_id":38}},{"id":35465,"position":10,"audio_url":"wbw/046_033_010.mp3","qpc_uthmani_hafs":"يَعۡيَ","char_type_name":"word","page_number":506,"line_number":9,"text":"ﮥ","translation":{"text":"tired","language_name":"english","language_id":38},"transliteration":{"text":"yaʿya","language_name":"english","language_id":38}},{"id":35466,"position":11,"audio_url":"wbw/046_033_011.mp3","qpc_uthmani_hafs":"بِخَلۡقِهِنَّ","char_type_name":"word","page_number":506,"line_number":9,"text":"ﮦ","translation":{"text":"by their creation","language_name":"english","language_id":38},"transliteration":{"text":"bikhalqihinna","language_name":"english","language_id":38}},{"id":35467,"position":12,"audio_url":"wbw/046_033_012.mp3","qpc_uthmani_hafs":"بِقَٰدِرٍ","char_type_name":"word","page_number":506,"line_number":9,"text":"ﮧ","translation":{"text":"(is) able","language_name":"english","language_id":38},"transliteration":{"text":"biqādirin","language_name":"english","language_id":38}},{"id":35468,"position":13,"audio_url":"wbw/046_033_013.mp3","qpc_uthmani_hafs":"عَلَىٰٓ","char_type_name":"word","page_number":506,"line_number":9,"text":"ﮨ","translation":{"text":"to give life","language_name":"english","language_id":38},"transliteration":{"text":"ʿalā","language_name":"english","language_id":38}},{"id":35469,"position":14,"audio_url":"wbw/046_033_014.mp3","qpc_uthmani_hafs":"أَن","char_type_name":"word","page_number":506,"line_number":9,"text":"ﮩ","translation":{"text":"to give life","language_name":"english","language_id":38},"transliteration":{"text":"an","language_name":"english","language_id":38}},{"id":35470,"position":15,"audio_url":"wbw/046_033_015.mp3","qpc_uthmani_hafs":"يُحۡـِۧيَ","char_type_name":"word","page_number":506,"line_number":9,"text":"ﮪ","translation":{"text":"to give life","language_name":"english","language_id":38},"transliteration":{"text":"yuḥ'yiya","language_name":"english","language_id":38}},{"id":35471,"position":16,"audio_url":"wbw/046_033_016.mp3","qpc_uthmani_hafs":"ٱلۡمَوۡتَىٰۚ","char_type_name":"word","page_number":506,"line_number":9,"text":"ﮫﮬ","translation":{"text":"(to) the dead","language_name":"english","language_id":38},"transliteration":{"text":"l-mawtā","language_name":"english","language_id":38}},{"id":35473,"position":17,"audio_url":"wbw/046_033_018.mp3","qpc_uthmani_hafs":"بَلَىٰٓۚ","char_type_name":"word","page_number":506,"line_number":9,"text":"ﮭ","translation":{"text":"Yes","language_name":"english","language_id":38},"transliteration":{"text":"balā","language_name":"english","language_id":38}},{"id":35474,"position":18,"audio_url":"wbw/046_033_019.mp3","qpc_uthmani_hafs":"إِنَّهُۥ","char_type_name":"word","page_number":506,"line_number":10,"text":"ﮮ","translation":{"text":"indeed He","language_name":"english","language_id":38},"transliteration":{"text":"innahu","language_name":"english","language_id":38}},{"id":35475,"position":19,"audio_url":"wbw/046_033_020.mp3","qpc_uthmani_hafs":"عَلَىٰ","char_type_name":"word","page_number":506,"line_number":10,"text":"ﮯ","translation":{"text":"(is) on","language_name":"english","language_id":38},"transliteration":{"text":"ʿalā","language_name":"english","language_id":38}},{"id":35476,"position":20,"audio_url":"wbw/046_033_021.mp3","qpc_uthmani_hafs":"كُلِّ","char_type_name":"word","page_number":506,"line_number":10,"text":"ﮰ","translation":{"text":"every","language_name":"english","language_id":38},"transliteration":{"text":"kulli","language_name":"english","language_id":38}},{"id":35477,"position":21,"audio_url":"wbw/046_033_022.mp3","qpc_uthmani_hafs":"شَيۡءٖ","char_type_name":"word","page_number":506,"line_number":10,"text":"ﮱ","translation":{"text":"thing","language_name":"english","language_id":38},"transliteration":{"text":"shayin","language_name":"english","language_id":38}},{"id":35478,"position":22,"audio_url":"wbw/046_033_023.mp3","qpc_uthmani_hafs":"قَدِيرٞ","char_type_name":"word","page_number":506,"line_number":10,"text":"ﯓ","translation":{"text":"All-Powerful","language_name":"english","language_id":38},"transliteration":{"text":"qadīrun","language_name":"english","language_id":38}},{"id":35479,"position":23,"audio_url":null,"qpc_uthmani_hafs":"٣٣","char_type_name":"end","page_number":506,"line_number":10,"text":"ﯔ","translation":{"text":"(33)","language_name":"english","language_id":38},"transliteration":{"text":null,"language_name":"english","language_id":38}}],"translations":[{"id":920972,"resource_id":134,"text":"Dan apakah mereka tidak memperhatikan bahwa sesungguhnya Allah yang menciptakan langit dan bumi dan Dia tidak merasa payah karena menciptakannya, kuasa menghidupkan orang-orang mati? Ya, (bahkan) sesungguhnya Dia Maha Kuasa atas segala sesuatu."}]},{"id":4544,"verse_number":34,"verse_key":"46:34","juz_number":26,"hizb_number":51,"rub_el_hizb_number":202,"ruku_number":443,"manzil_number":6,"sajdah_number":null,"text_uthmani":"وَيَوْمَ يُعْرَضُ ٱلَّذِينَ كَفَرُوا۟ عَلَى ٱلنَّارِ أَلَيْسَ هَـٰذَا بِٱلْحَقِّ ۖ قَالُوا۟ بَلَىٰ وَرَبِّنَا ۚ قَالَ فَذُوقُوا۟ ٱلْعَذَابَ بِمَا كُنتُمْ تَكْفُرُونَ","page_number":506,"words":[{"id":36275,"position":1,"audio_url":"wbw/046_034_001.mp3","qpc_uthmani_hafs":"وَيَوۡمَ","char_type_name":"word","page_number":506,"line_number":10,"text":"ﯕ","translation":{"text":"And (the) Day","language_name":"english","language_id":38},"transliteration":{"text":"wayawma","language_name":"english","language_id":38}},{"id":36276,"position":2,"audio_url":"wbw/046_034_002.mp3","qpc_uthmani_hafs":"يُعۡرَضُ","char_type_name":"word","page_number":506,"line_number":10,"text":"ﯖ","translation":{"text":"are exposed","language_name":"english","language_id":38},"transliteration":{"text":"yuʿ'raḍu","language_name":"english","language_id":38}},{"id":36277,"position":3,"audio_url":"wbw/046_034_003.mp3","qpc_uthmani_hafs":"ٱلَّذِينَ","char_type_name":"word","page_number":506,"line_number":10,"text":"ﯗ","translation":{"text":"those who","language_name":"english","language_id":38},"transliteration":{"text":"alladhīna","language_name":"english","language_id":38}},{"id":36278,"position":4,"audio_url":"wbw/046_034_004.mp3","qpc_uthmani_hafs":"كَفَرُواْ","char_type_name":"word","page_number":506,"line_number":10,"text":"ﯘ","translation":{"text":"disbelieved","language_name":"english","language_id":38},"transliteration":{"text":"kafarū","language_name":"english","language_id":38}},{"id":36279,"position":5,"audio_url":"wbw/046_034_005.mp3","qpc_uthmani_hafs":"عَلَى","char_type_name":"word","page_number":506,"line_number":10,"text":"ﯙ","translation":{"text":"to","language_name":"english","language_id":38},"transliteration":{"text":"ʿalā","language_name":"english","language_id":38}},{"id":36280,"position":6,"audio_url":"wbw/046_034_006.mp3","qpc_uthmani_hafs":"ٱلنَّارِ","char_type_name":"word","page_number":506,"line_number":10,"text":"ﯚ","translation":{"text":"the Fire","language_name":"english","language_id":38},"transliteration":{"text":"l-nāri","language_name":"english","language_id":38}},{"id":36281,"position":7,"audio_url":"wbw/046_034_007.mp3","qpc_uthmani_hafs":"أَلَيۡسَ","char_type_name":"word","page_number":506,"line_number":11,"text":"ﯛ","translation":{"text":"Is not","language_name":"english","language_id":38},"transliteration":{"text":"alaysa","language_name":"english","language_id":38}},{"id":36282,"position":8,"audio_url":"wbw/046_034_008.mp3","qpc_uthmani_hafs":"هَٰذَا","char_type_name":"word","page_number":506,"line_number":11,"text":"ﯜ","translation":{"text":"this","language_name":"english","language_id":38},"transliteration":{"text":"hādhā","language_name":"english","language_id":38}},{"id":36283,"position":9,"audio_url":"wbw/046_034_009.mp3","qpc_uthmani_hafs":"بِٱلۡحَقِّۖ","char_type_name":"word","page_number":506,"line_number":11,"text":"ﯝﯞ","translation":{"text":"the truth","language_name":"english","language_id":38},"transliteration":{"text":"bil-ḥaqi","language_name":"english","language_id":38}},{"id":36285,"position":10,"audio_url":"wbw/046_034_011.mp3","qpc_uthmani_hafs":"قَالُواْ","char_type_name":"word","page_number":506,"line_number":11,"text":"ﯟ","translation":{"text":"They will say","language_name":"english","language_id":38},"transliteration":{"text":"qālū","language_name":"english","language_id":38}},{"id":36286,"position":11,"audio_url":"wbw/046_034_012.mp3","qpc_uthmani_hafs":"بَلَىٰ","char_type_name":"word","page_number":506,"line_number":11,"text":"ﯠ","translation":{"text":"Yes","language_name":"english","language_id":38},"transliteration":{"text":"balā","language_name":"english","language_id":38}},{"id":36287,"position":12,"audio_url":"wbw/046_034_013.mp3","qpc_uthmani_hafs":"وَرَبِّنَاۚ","char_type_name":"word","page_number":506,"line_number":11,"text":"ﯡﯢ","translation":{"text":"by our Lord","language_name":"english","language_id":38},"transliteration":{"text":"warabbinā","language_name":"english","language_id":38}},{"id":36289,"position":13,"audio_url":"wbw/046_034_015.mp3","qpc_uthmani_hafs":"قَالَ","char_type_name":"word","page_number":506,"line_number":11,"text":"ﯣ","translation":{"text":"He will say","language_name":"english","language_id":38},"transliteration":{"text":"qāla","language_name":"english","language_id":38}},{"id":36290,"position":14,"audio_url":"wbw/046_034_016.mp3","qpc_uthmani_hafs":"فَذُوقُواْ","char_type_name":"word","page_number":506,"line_number":11,"text":"ﯤ","translation":{"text":"Then taste","language_name":"english","language_id":38},"transliteration":{"text":"fadhūqū","language_name":"english","language_id":38}},{"id":36291,"position":15,"audio_url":"wbw/046_034_017.mp3","qpc_uthmani_hafs":"ٱلۡعَذَابَ","char_type_name":"word","page_number":506,"line_number":11,"text":"ﯥ","translation":{"text":"the punishment","language_name":"english","language_id":38},"transliteration":{"text":"l-ʿadhāba","language_name":"english","language_id":38}},{"id":36292,"position":16,"audio_url":"wbw/046_034_018.mp3","qpc_uthmani_hafs":"بِمَا","char_type_name":"word","page_number":506,"line_number":11,"text":"ﯦ","translation":{"text":"because","language_name":"english","language_id":38},"transliteration":{"text":"bimā","language_name":"english","language_id":38}},{"id":36293,"position":17,"audio_url":"wbw/046_034_019.mp3","qpc_uthmani_hafs":"كُنتُمۡ","char_type_name":"word","page_number":506,"line_number":12,"text":"ﯧ","translation":{"text":"you used to","language_name":"english","language_id":38},"transliteration":{"text":"kuntum","language_name":"english","language_id":38}},{"id":36294,"position":18,"audio_url":"wbw/046_034_020.mp3","qpc_uthmani_hafs":"تَكۡفُرُونَ","char_type_name":"word","page_number":506,"line_number":12,"text":"ﯨ","translation":{"text":"disbelieve","language_name":"english","language_id":38},"transliteration":{"text":"takfurūna","language_name":"english","language_id":38}},{"id":36295,"position":19,"audio_url":null,"qpc_uthmani_hafs":"٣٤","char_type_name":"end","page_number":506,"line_number":12,"text":"ﯩ","translation":{"text":"(34)","language_name":"english","language_id":38},"transliteration":{"text":null,"language_name":"english","language_id":38}}],"translations":[{"id":920973,"resource_id":134,"text":"Dan (ingatlah) hari (ketika) orang-orang kafir dihadapkan kepada neraka, (dikatakan kepada mereka), \"Bukankah (azab) ini benar?\" Mereka menjawab, \"Ya benar, demi Tuhan kami\".  Allah berfirman, \"Maka rasakanlah azab ini disebabkan kamu selalu ingkar\"."}]},{"id":4545,"verse_number":35,"verse_key":"46:35","juz_number":26,"hizb_number":51,"rub_el_hizb_number":202,"ruku_number":443,"manzil_number":6,"sajdah_number":null,"text_uthmani":"فَٱصْبِرْ كَمَا صَبَرَ أُو۟لُوا۟ ٱلْعَزْمِ مِنَ ٱلرُّسُلِ وَلَا تَسْتَعْجِل لَّهُمْ ۚ كَأَنَّهُمْ يَوْمَ يَرَوْنَ مَا يُوعَدُونَ لَمْ يَلْبَثُوٓا۟ إِلَّا سَاعَةً مِّن نَّهَارٍۭ ۚ بَلَـٰغٌ ۚ فَهَلْ يُهْلَكُ إِلَّا ٱلْقَوْمُ ٱلْفَـٰسِقُونَ","page_number":506,"words":[{"id":37064,"position":1,"audio_url":"wbw/046_035_001.mp3","qpc_uthmani_hafs":"فَٱصۡبِرۡ","char_type_name":"word","page_number":506,"line_number":12,"text":"ﯪ","translation":{"text":"So be patient","language_name":"english","language_id":38},"transliteration":{"text":"fa-iṣ'bir","language_name":"english","language_id":38}},{"id":37065,"position":2,"audio_url":"wbw/046_035_002.mp3","qpc_uthmani_hafs":"كَمَا","char_type_name":"word","page_number":506,"line_number":12,"text":"ﯫ","translation":{"text":"as","language_name":"english","language_id":38},"transliteration":{"text":"kamā","language_name":"english","language_id":38}},{"id":37066,"position":3,"audio_url":"wbw/046_035_003.mp3","qpc_uthmani_hafs":"صَبَرَ","char_type_name":"word","page_number":506,"line_number":12,"text":"ﯬ","translation":{"text":"had patience","language_name":"english","language_id":38},"transliteration":{"text":"ṣabara","language_name":"english","language_id":38}},{"id":37067,"position":4,"audio_url":"wbw/046_035_004.mp3","qpc_uthmani_hafs":"أُوْلُواْ","char_type_name":"word","page_number":506,"line_number":12,"text":"ﯭ","translation":{"text":"those of determination","language_name":"english","language_id":38},"transliteration":{"text":"ulū","language_name":"english","language_id":38}},{"id":37068,"position":5,"audio_url":"wbw/046_035_005.mp3","qpc_uthmani_hafs":"ٱلۡعَزۡمِ","char_type_name":"word","page_number":506,"line_number":12,"text":"ﯮ","translation":{"text":"those of determination","language_name":"english","language_id":38},"transliteration":{"text":"l-ʿazmi","language_name":"english","language_id":38}},{"id":37069,"position":6,"audio_url":"wbw/046_035_006.mp3","qpc_uthmani_hafs":"مِنَ","char_type_name":"word","page_number":506,"line_number":12,"text":"ﯯ","translation":{"text":"of","language_name":"english","language_id":38},"transliteration":{"text":"mina","language_name":"english","language_id":38}},{"id":37070,"position":7,"audio_url":"wbw/046_035_007.mp3","qpc_uthmani_hafs":"ٱلرُّسُلِ","char_type_name":"word","page_number":506,"line_number":12,"text":"ﯰ","translation":{"text":"the Messengers","language_name":"english","language_id":38},"transliteration":{"text":"l-rusuli","language_name":"english","language_id":38}},{"id":37071,"position":8,"audio_url":"wbw/046_035_008.mp3","qpc_uthmani_hafs":"وَلَا","char_type_name":"word","page_number":506,"line_number":13,"text":"ﯱ","translation":{"text":"and (do) not","language_name":"english","language_id":38},"transliteration":{"text":"walā","language_name":"english","language_id":38}},{"id":37072,"position":9,"audio_url":"wbw/046_035_009.mp3","qpc_uthmani_hafs":"تَسۡتَعۡجِل","char_type_name":"word","page_number":506,"line_number":13,"text":"ﯲ","translation":{"text":"seek to hasten","language_name":"english","language_id":38},"transliteration":{"text":"tastaʿjil","language_name":"english","language_id":38}},{"id":37073,"position":10,"audio_url":"wbw/046_035_010.mp3","qpc_uthmani_hafs":"لَّهُمۡۚ","char_type_name":"word","page_number":506,"line_number":13,"text":"ﯳﯴ","translation":{"text":"for them","language_name":"english","language_id":38},"transliteration":{"text":"lahum","language_name":"english","language_id":38}},{"id":37075,"position":11,"audio_url":"wbw/046_035_012.mp3","qpc_uthmani_hafs":"كَأَنَّهُمۡ","char_type_name":"word","page_number":506,"line_number":13,"text":"ﯵ","translation":{"text":"As if they had","language_name":"english","language_id":38},"transliteration":{"text":"ka-annahum","language_name":"english","language_id":38}},{"id":37076,"position":12,"audio_url":"wbw/046_035_013.mp3","qpc_uthmani_hafs":"يَوۡمَ","char_type_name":"word","page_number":506,"line_number":13,"text":"ﯶ","translation":{"text":"(the) Day","language_name":"english","language_id":38},"transliteration":{"text":"yawma","language_name":"english","language_id":38}},{"id":37077,"position":13,"audio_url":"wbw/046_035_014.mp3","qpc_uthmani_hafs":"يَرَوۡنَ","char_type_name":"word","page_number":506,"line_number":13,"text":"ﯷ","translation":{"text":"they see","language_name":"english","language_id":38},"transliteration":{"text":"yarawna","language_name":"english","language_id":38}},{"id":37078,"position":14,"audio_url":"wbw/046_035_015.mp3","qpc_uthmani_hafs":"مَا","char_type_name":"word","page_number":506,"line_number":13,"text":"ﯸ","translation":{"text":"what","language_name":"english","language_id":38},"transliteration":{"text":"mā","language_name":"english","language_id":38}},{"id":37079,"position":15,"audio_url":"wbw/046_035_016.mp3","qpc_uthmani_hafs":"يُوعَدُونَ","char_type_name":"word","page_number":506,"line_number":13,"text":"ﯹ","translation":{"text":"they were promised","language_name":"english","language_id":38},"transliteration":{"text":"yūʿadūna","language_name":"english","language_id":38}},{"id":37080,"position":16,"audio_url":"wbw/046_035_017.mp3","qpc_uthmani_hafs":"لَمۡ","char_type_name":"word","page_number":506,"line_number":13,"text":"ﯺ","translation":{"text":"not","language_name":"english","language_id":38},"transliteration":{"text":"lam","language_name":"english","language_id":38}},{"id":37081,"position":17,"audio_url":"wbw/046_035_018.mp3","qpc_uthmani_hafs":"يَلۡبَثُوٓاْ","char_type_name":"word","page_number":506,"line_number":13,"text":"ﯻ","translation":{"text":"remained","language_name":"english","language_id":38},"transliteration":{"text":"yalbathū","language_name":"english","language_id":38}},{"id":37082,"position":18,"audio_url":"wbw/046_035_019.mp3","qpc_uthmani_hafs":"إِلَّا","char_type_name":"word","page_number":506,"line_number":13,"text":"ﯼ","translation":{"text":"except","language_name":"english","language_id":38},"transliteration":{"text":"illā","language_name":"english","language_id":38}},{"id":37083,"position":19,"audio_url":"wbw/046_035_020.mp3","qpc_uthmani_hafs":"سَاعَةٗ","char_type_name":"word","page_number":506,"line_number":14,"text":"ﯽ","translation":{"text":"an hour","language_name":"english","language_id":38},"transliteration":{"text":"sāʿatan","language_name":"english","language_id":38}},{"id":37084,"position":20,"audio_url":"wbw/046_035_021.mp3","qpc_uthmani_hafs":"مِّن","char_type_name":"word","page_number":506,"line_number":14,"text":"ﯾ","translation":{"text":"of","language_name":"english","language_id":38},"transliteration":{"text":"min","language_name":"english","language_id":38}},{"id":37085,"position":21,"audio_url":"wbw/046_035_022.mp3","qpc_uthmani_hafs":"نَّهَارِۭۚ","char_type_name":"word","page_number":506,"line_number":14,"text":"ﯿﰀ","translation":{"text":"a day","language_name":"english","language_id":38},"transliteration":{"text":"nahārin","language_name":"english","language_id":38}},{"id":37087,"position":22,"audio_url":"wbw/046_035_024.mp3","qpc_uthmani_hafs":"بَلَٰغٞۚ","char_type_name":"word","page_number":506,"line_number":14,"text":"ﰁﰂ","translation":{"text":"A notification","language_name":"english","language_id":38},"transliteration":{"text":"balāghun","language_name":"english","language_id":38}},{"id":37089,"position":23,"audio_url":"wbw/046_035_026.mp3","qpc_uthmani_hafs":"فَهَلۡ","char_type_name":"word","page_number":506,"line_number":14,"text":"ﰃ","translation":{"text":"But will","language_name":"english","language_id":38},"transliteration":{"text":"fahal","language_name":"english","language_id":38}},{"id":37090,"position":24,"audio_url":"wbw/046_035_027.mp3","qpc_uthmani_hafs":"يُهۡلَكُ","char_type_name":"word","page_number":506,"line_number":14,"text":"ﰄ","translation":{"text":"(any) be destroyed","language_name":"english","language_id":38},"transliteration":{"text":"yuh'laku","language_name":"english","language_id":38}},{"id":37091,"position":25,"audio_url":"wbw/046_035_028.mp3","qpc_uthmani_hafs":"إِلَّا","char_type_name":"word","page_number":506,"line_number":14,"text":"ﰅ","translation":{"text":"except","language_name":"english","language_id":38},"transliteration":{"text":"illā","language_name":"english","language_id":38}},{"id":37092,"position":26,"audio_url":"wbw/046_035_029.mp3","qpc_uthmani_hafs":"ٱلۡقَوۡمُ","char_type_name":"word","page_number":506,"line_number":14,"text":"ﰆ","translation":{"text":"the people ","language_name":"english","language_id":38},"transliteration":{"text":"l-qawmu","language_name":"english","language_id":38}},{"id":37093,"position":27,"audio_url":"wbw/046_035_030.mp3","qpc_uthmani_hafs":"ٱلۡفَٰسِقُونَ","char_type_name":"word","page_number":506,"line_number":14,"text":"ﰇ","translation":{"text":"the defiantly disobedient","language_name":"english","language_id":38},"transliteration":{"text":"l-fāsiqūna","language_name":"english","language_id":38}},{"id":37094,"position":28,"audio_url":null,"qpc_uthmani_hafs":"٣٥","char_type_name":"end","page_number":506,"line_number":14,"text":"ﰈ","translation":{"text":"(35)","language_name":"english","language_id":38},"transliteration":{"text":null,"language_name":"english","language_id":38}}],"translations":[{"id":920974,"resource_id":134,"text":"Maka bersabarlah kamu seperti orang-orang yang mempunyai keteguhan hati dari rasul-rasul telah bersabar dan janganlah kamu meminta disegerakan (azab) bagi mereka.  Pada hari mereka melihat azab yang diancamkan kepada mereka, mereka (merasa) seolah-olah tidak tinggal (di dunia) melainkan sesaat pada siang hari.  (Inilah) suatu pelajaran yang cukup, maka tidak dibinasakan melainkan kaum yang fasik."}]}],"pagination":{"per_page":50,"current_page":1,"next_page":null,"total_pages":1,"total_records":7}}