{"verses":[{"id":4607,"verse_number":24,"verse_key":"48:24","juz_number":26,"hizb_number":52,"rub_el_hizb_number":205,"ruku_number":450,"manzil_number":6,"sajdah_number":null,"text_uthmani":"وَهُوَ ٱلَّذِى كَفَّ أَيْدِيَهُمْ عَنكُمْ وَأَيْدِيَكُمْ عَنْهُم بِبَطْنِ مَكَّةَ مِنۢ بَعْدِ أَنْ أَظْفَرَكُمْ عَلَيْهِمْ ۚ وَكَانَ ٱللَّهُ بِمَا تَعْمَلُونَ بَصِيرًا","page_number":514,"words":[{"id":26772,"position":1,"audio_url":"wbw/048_024_001.mp3","qpc_uthmani_hafs":"وَهُوَ","char_type_name":"word","page_number":514,"line_number":1,"text":"ﭑ","translation":{"text":"And He","language_name":"english","language_id":38},"transliteration":{"text":"wahuwa","language_name":"english","language_id":38}},{"id":26773,"position":2,"audio_url":"wbw/048_024_002.mp3","qpc_uthmani_hafs":"ٱلَّذِي","char_type_name":"word","page_number":514,"line_number":1,"text":"ﭒ","translation":{"text":"(is) the One Who","language_name":"english","language_id":38},"transliteration":{"text":"alladhī","language_name":"english","language_id":38}},{"id":26774,"position":3,"audio_url":"wbw/048_024_003.mp3","qpc_uthmani_hafs":"كَفَّ","char_type_name":"word","page_number":514,"line_number":1,"text":"ﭓ","translation":{"text":"withheld","language_name":"english","language_id":38},"transliteration":{"text":"kaffa","language_name":"english","language_id":38}},{"id":26775,"position":4,"audio_url":"wbw/048_024_004.mp3","qpc_uthmani_hafs":"أَيۡدِيَهُمۡ","char_type_name":"word","page_number":514,"line_number":1,"text":"ﭔ","translation":{"text":"their hands","language_name":"english","language_id":38},"transliteration":{"text":"aydiyahum","language_name":"english","language_id":38}},{"id":26776,"position":5,"audio_url":"wbw/048_024_005.mp3","qpc_uthmani_hafs":"عَنكُمۡ","char_type_name":"word","page_number":514,"line_number":1,"text":"ﭕ","translation":{"text":"from you","language_name":"english","language_id":38},"transliteration":{"text":"ʿankum","language_name":"english","language_id":38}},{"id":26777,"position":6,"audio_url":"wbw/048_024_006.mp3","qpc_uthmani_hafs":"وَأَيۡدِيَكُمۡ","char_type_name":"word","page_number":514,"line_number":1,"text":"ﭖ","translation":{"text":"and your hands","language_name":"english","language_id":38},"transliteration":{"text":"wa-aydiyakum","language_name":"english","language_id":38}},{"id":26778,"position":7,"audio_url":"wbw/048_024_007.mp3","qpc_uthmani_hafs":"عَنۡهُم","char_type_name":"word","page_number":514,"line_number":1,"text":"ﭗ","translation":{"text":"from them","language_name":"english","language_id":38},"transliteration":{"text":"ʿanhum","language_name":"english","language_id":38}},{"id":26779,"position":8,"audio_url":"wbw/048_024_008.mp3","qpc_uthmani_hafs":"بِبَطۡنِ","char_type_name":"word","page_number":514,"line_number":1,"text":"ﭘ","translation":{"text":"within","language_name":"english","language_id":38},"transliteration":{"text":"bibaṭni","language_name":"english","language_id":38}},{"id":26780,"position":9,"audio_url":"wbw/048_024_009.mp3","qpc_uthmani_hafs":"مَكَّةَ","char_type_name":"word","page_number":514,"line_number":1,"text":"ﭙ","translation":{"text":"Makkah","language_name":"english","language_id":38},"transliteration":{"text":"makkata","language_name":"english","language_id":38}},{"id":26781,"position":10,"audio_url":"wbw/048_024_010.mp3","qpc_uthmani_hafs":"مِنۢ","char_type_name":"word","page_number":514,"line_number":1,"text":"ﭚ","translation":{"text":"after","language_name":"english","language_id":38},"transliteration":{"text":"min","language_name":"english","language_id":38}},{"id":26782,"position":11,"audio_url":"wbw/048_024_011.mp3","qpc_uthmani_hafs":"بَعۡدِ","char_type_name":"word","page_number":514,"line_number":2,"text":"ﭛ","translation":{"text":"after","language_name":"english","language_id":38},"transliteration":{"text":"baʿdi","language_name":"english","language_id":38}},{"id":26783,"position":12,"audio_url":"wbw/048_024_012.mp3","qpc_uthmani_hafs":"أَنۡ","char_type_name":"word","page_number":514,"line_number":2,"text":"ﭜ","translation":{"text":"that","language_name":"english","language_id":38},"transliteration":{"text":"an","language_name":"english","language_id":38}},{"id":26784,"position":13,"audio_url":"wbw/048_024_013.mp3","qpc_uthmani_hafs":"أَظۡفَرَكُمۡ","char_type_name":"word","page_number":514,"line_number":2,"text":"ﭝ","translation":{"text":"He gave you victory","language_name":"english","language_id":38},"transliteration":{"text":"aẓfarakum","language_name":"english","language_id":38}},{"id":26785,"position":14,"audio_url":"wbw/048_024_014.mp3","qpc_uthmani_hafs":"عَلَيۡهِمۡۚ","char_type_name":"word","page_number":514,"line_number":2,"text":"ﭞﭟ","translation":{"text":"over them","language_name":"english","language_id":38},"transliteration":{"text":"ʿalayhim","language_name":"english","language_id":38}},{"id":26787,"position":15,"audio_url":"wbw/048_024_016.mp3","qpc_uthmani_hafs":"وَكَانَ","char_type_name":"word","page_number":514,"line_number":2,"text":"ﭠ","translation":{"text":"And is","language_name":"english","language_id":38},"transliteration":{"text":"wakāna","language_name":"english","language_id":38}},{"id":26788,"position":16,"audio_url":"wbw/048_024_017.mp3","qpc_uthmani_hafs":"ٱللَّهُ","char_type_name":"word","page_number":514,"line_number":2,"text":"ﭡ","translation":{"text":"Allah","language_name":"english","language_id":38},"transliteration":{"text":"l-lahu","language_name":"english","language_id":38}},{"id":26789,"position":17,"audio_url":"wbw/048_024_018.mp3","qpc_uthmani_hafs":"بِمَا","char_type_name":"word","page_number":514,"line_number":2,"text":"ﭢ","translation":{"text":"of what","language_name":"english","language_id":38},"transliteration":{"text":"bimā","language_name":"english","language_id":38}},{"id":26790,"position":18,"audio_url":"wbw/048_024_019.mp3","qpc_uthmani_hafs":"تَعۡمَلُونَ","char_type_name":"word","page_number":514,"line_number":2,"text":"ﭣ","translation":{"text":"you do","language_name":"english","language_id":38},"transliteration":{"text":"taʿmalūna","language_name":"english","language_id":38}},{"id":26791,"position":19,"audio_url":"wbw/048_024_020.mp3","qpc_uthmani_hafs":"بَصِيرًا","char_type_name":"word","page_number":514,"line_number":2,"text":"ﭤ","translation":{"text":"All-Seer","language_name":"english","language_id":38},"transliteration":{"text":"baṣīran","language_name":"english","language_id":38}},{"id":26792,"position":20,"audio_url":null,"qpc_uthmani_hafs":"٢٤","char_type_name":"end","page_number":514,"line_number":2,"text":"ﭥ","translation":{"text":"(24)","language_name":"english","language_id":38},"transliteration":{"text":null,"language_name":"english","language_id":38}}],"translations":[{"id":921036,"resource_id":134,"text":"Dan Dia-lah yang menahan tangan mereka dari (membinasakan) kamu dan (menahan) tangan kamu dari (membinasakan) mereka di tengah kota Mekah sesudah Allah memenangkan kamu atas mereka, dan adalah Allah Maha Melihat apa yang kamu kerjakan."}]},{"id":4608,"verse_number":25,"verse_key":"48:25","juz_number":26,"hizb_number":52,"rub_el_hizb_number":205,"ruku_number":450,"manzil_number":6,"sajdah_number":null,"text_uthmani":"هُمُ ٱلَّذِينَ كَفَرُوا۟ وَصَدُّوكُمْ عَنِ ٱلْمَسْجِدِ ٱلْحَرَامِ وَٱلْهَدْىَ مَعْكُوفًا أَن يَبْلُغَ مَحِلَّهُۥ ۚ وَلَوْلَا رِجَالٌ مُّؤْمِنُونَ وَنِسَآءٌ مُّؤْمِنَـٰتٌ لَّمْ تَعْلَمُوهُمْ أَن تَطَـُٔوهُمْ فَتُصِيبَكُم مِّنْهُم مَّعَرَّةٌۢ بِغَيْرِ عِلْمٍ ۖ لِّيُدْخِلَ ٱللَّهُ فِى رَحْمَتِهِۦ مَن يَشَآءُ ۚ لَوْ تَزَيَّلُوا۟ لَعَذَّبْنَا ٱلَّذِينَ كَفَرُوا۟ مِنْهُمْ عَذَابًا أَلِيمًا","page_number":514,"words":[{"id":27799,"position":1,"audio_url":"wbw/048_025_001.mp3","qpc_uthmani_hafs":"هُمُ","char_type_name":"word","page_number":514,"line_number":2,"text":"ﭦ","translation":{"text":"They","language_name":"english","language_id":38},"transliteration":{"text":"humu","language_name":"english","language_id":38}},{"id":27800,"position":2,"audio_url":"wbw/048_025_002.mp3","qpc_uthmani_hafs":"ٱلَّذِينَ","char_type_name":"word","page_number":514,"line_number":3,"text":"ﭧ","translation":{"text":"(are) those who","language_name":"english","language_id":38},"transliteration":{"text":"alladhīna","language_name":"english","language_id":38}},{"id":27801,"position":3,"audio_url":"wbw/048_025_003.mp3","qpc_uthmani_hafs":"كَفَرُواْ","char_type_name":"word","page_number":514,"line_number":3,"text":"ﭨ","translation":{"text":"disbelieved","language_name":"english","language_id":38},"transliteration":{"text":"kafarū","language_name":"english","language_id":38}},{"id":27802,"position":4,"audio_url":"wbw/048_025_004.mp3","qpc_uthmani_hafs":"وَصَدُّوكُمۡ","char_type_name":"word","page_number":514,"line_number":3,"text":"ﭩ","translation":{"text":"and hindered you","language_name":"english","language_id":38},"transliteration":{"text":"waṣaddūkum","language_name":"english","language_id":38}},{"id":27803,"position":5,"audio_url":"wbw/048_025_005.mp3","qpc_uthmani_hafs":"عَنِ","char_type_name":"word","page_number":514,"line_number":3,"text":"ﭪ","translation":{"text":"from","language_name":"english","language_id":38},"transliteration":{"text":"ʿani","language_name":"english","language_id":38}},{"id":27804,"position":6,"audio_url":"wbw/048_025_006.mp3","qpc_uthmani_hafs":"ٱلۡمَسۡجِدِ","char_type_name":"word","page_number":514,"line_number":3,"text":"ﭫ","translation":{"text":"Al-Masjid Al-Haraam","language_name":"english","language_id":38},"transliteration":{"text":"l-masjidi","language_name":"english","language_id":38}},{"id":27805,"position":7,"audio_url":"wbw/048_025_007.mp3","qpc_uthmani_hafs":"ٱلۡحَرَامِ","char_type_name":"word","page_number":514,"line_number":3,"text":"ﭬ","translation":{"text":"Al-Masjid Al-Haraam","language_name":"english","language_id":38},"transliteration":{"text":"l-ḥarāmi","language_name":"english","language_id":38}},{"id":27806,"position":8,"audio_url":"wbw/048_025_008.mp3","qpc_uthmani_hafs":"وَٱلۡهَدۡيَ","char_type_name":"word","page_number":514,"line_number":3,"text":"ﭭ","translation":{"text":"while the offering","language_name":"english","language_id":38},"transliteration":{"text":"wal-hadya","language_name":"english","language_id":38}},{"id":27807,"position":9,"audio_url":"wbw/048_025_009.mp3","qpc_uthmani_hafs":"مَعۡكُوفًا","char_type_name":"word","page_number":514,"line_number":4,"text":"ﭮ","translation":{"text":"(was) prevented","language_name":"english","language_id":38},"transliteration":{"text":"maʿkūfan","language_name":"english","language_id":38}},{"id":27808,"position":10,"audio_url":"wbw/048_025_010.mp3","qpc_uthmani_hafs":"أَن","char_type_name":"word","page_number":514,"line_number":4,"text":"ﭯ","translation":{"text":"from","language_name":"english","language_id":38},"transliteration":{"text":"an","language_name":"english","language_id":38}},{"id":27809,"position":11,"audio_url":"wbw/048_025_011.mp3","qpc_uthmani_hafs":"يَبۡلُغَ","char_type_name":"word","page_number":514,"line_number":4,"text":"ﭰ","translation":{"text":"reaching","language_name":"english","language_id":38},"transliteration":{"text":"yablugha","language_name":"english","language_id":38}},{"id":27810,"position":12,"audio_url":"wbw/048_025_012.mp3","qpc_uthmani_hafs":"مَحِلَّهُۥۚ","char_type_name":"word","page_number":514,"line_number":4,"text":"ﭱﭲ","translation":{"text":"its place (of sacrifice)","language_name":"english","language_id":38},"transliteration":{"text":"maḥillahu","language_name":"english","language_id":38}},{"id":27812,"position":13,"audio_url":"wbw/048_025_014.mp3","qpc_uthmani_hafs":"وَلَوۡلَا","char_type_name":"word","page_number":514,"line_number":4,"text":"ﭳ","translation":{"text":"And if not","language_name":"english","language_id":38},"transliteration":{"text":"walawlā","language_name":"english","language_id":38}},{"id":27813,"position":14,"audio_url":"wbw/048_025_015.mp3","qpc_uthmani_hafs":"رِجَالٞ","char_type_name":"word","page_number":514,"line_number":4,"text":"ﭴ","translation":{"text":"(for) men","language_name":"english","language_id":38},"transliteration":{"text":"rijālun","language_name":"english","language_id":38}},{"id":27814,"position":15,"audio_url":"wbw/048_025_016.mp3","qpc_uthmani_hafs":"مُّؤۡمِنُونَ","char_type_name":"word","page_number":514,"line_number":4,"text":"ﭵ","translation":{"text":"believing","language_name":"english","language_id":38},"transliteration":{"text":"mu'minūna","language_name":"english","language_id":38}},{"id":27815,"position":16,"audio_url":"wbw/048_025_017.mp3","qpc_uthmani_hafs":"وَنِسَآءٞ","char_type_name":"word","page_number":514,"line_number":4,"text":"ﭶ","translation":{"text":"and women","language_name":"english","language_id":38},"transliteration":{"text":"wanisāon","language_name":"english","language_id":38}},{"id":27816,"position":17,"audio_url":"wbw/048_025_018.mp3","qpc_uthmani_hafs":"مُّؤۡمِنَٰتٞ","char_type_name":"word","page_number":514,"line_number":4,"text":"ﭷ","translation":{"text":"believing","language_name":"english","language_id":38},"transliteration":{"text":"mu'minātun","language_name":"english","language_id":38}},{"id":27817,"position":18,"audio_url":"wbw/048_025_019.mp3","qpc_uthmani_hafs":"لَّمۡ","char_type_name":"word","page_number":514,"line_number":5,"text":"ﭸ","translation":{"text":"not","language_name":"english","language_id":38},"transliteration":{"text":"lam","language_name":"english","language_id":38}},{"id":27818,"position":19,"audio_url":"wbw/048_025_020.mp3","qpc_uthmani_hafs":"تَعۡلَمُوهُمۡ","char_type_name":"word","page_number":514,"line_number":5,"text":"ﭹ","translation":{"text":"you knew them","language_name":"english","language_id":38},"transliteration":{"text":"taʿlamūhum","language_name":"english","language_id":38}},{"id":27819,"position":20,"audio_url":"wbw/048_025_021.mp3","qpc_uthmani_hafs":"أَن","char_type_name":"word","page_number":514,"line_number":5,"text":"ﭺ","translation":{"text":"that","language_name":"english","language_id":38},"transliteration":{"text":"an","language_name":"english","language_id":38}},{"id":27820,"position":21,"audio_url":"wbw/048_025_022.mp3","qpc_uthmani_hafs":"تَطَـُٔوهُمۡ","char_type_name":"word","page_number":514,"line_number":5,"text":"ﭻ","translation":{"text":"you may trample them","language_name":"english","language_id":38},"transliteration":{"text":"taṭaūhum","language_name":"english","language_id":38}},{"id":27821,"position":22,"audio_url":"wbw/048_025_023.mp3","qpc_uthmani_hafs":"فَتُصِيبَكُم","char_type_name":"word","page_number":514,"line_number":5,"text":"ﭼ","translation":{"text":"and would befall you","language_name":"english","language_id":38},"transliteration":{"text":"fatuṣībakum","language_name":"english","language_id":38}},{"id":27822,"position":23,"audio_url":"wbw/048_025_024.mp3","qpc_uthmani_hafs":"مِّنۡهُم","char_type_name":"word","page_number":514,"line_number":5,"text":"ﭽ","translation":{"text":"from them","language_name":"english","language_id":38},"transliteration":{"text":"min'hum","language_name":"english","language_id":38}},{"id":27823,"position":24,"audio_url":"wbw/048_025_025.mp3","qpc_uthmani_hafs":"مَّعَرَّةُۢ","char_type_name":"word","page_number":514,"line_number":5,"text":"ﭾ","translation":{"text":"any harm","language_name":"english","language_id":38},"transliteration":{"text":"maʿarratun","language_name":"english","language_id":38}},{"id":27824,"position":25,"audio_url":"wbw/048_025_026.mp3","qpc_uthmani_hafs":"بِغَيۡرِ","char_type_name":"word","page_number":514,"line_number":5,"text":"ﭿ","translation":{"text":"without","language_name":"english","language_id":38},"transliteration":{"text":"bighayri","language_name":"english","language_id":38}},{"id":27825,"position":26,"audio_url":"wbw/048_025_027.mp3","qpc_uthmani_hafs":"عِلۡمٖۖ","char_type_name":"word","page_number":514,"line_number":5,"text":"ﮀﮁ","translation":{"text":"knowledge","language_name":"english","language_id":38},"transliteration":{"text":"ʿil'min","language_name":"english","language_id":38}},{"id":27827,"position":27,"audio_url":"wbw/048_025_029.mp3","qpc_uthmani_hafs":"لِّيُدۡخِلَ","char_type_name":"word","page_number":514,"line_number":6,"text":"ﮂ","translation":{"text":"That Allah may admit","language_name":"english","language_id":38},"transliteration":{"text":"liyud'khila","language_name":"english","language_id":38}},{"id":27828,"position":28,"audio_url":"wbw/048_025_030.mp3","qpc_uthmani_hafs":"ٱللَّهُ","char_type_name":"word","page_number":514,"line_number":6,"text":"ﮃ","translation":{"text":"That Allah may admit","language_name":"english","language_id":38},"transliteration":{"text":"l-lahu","language_name":"english","language_id":38}},{"id":27829,"position":29,"audio_url":"wbw/048_025_031.mp3","qpc_uthmani_hafs":"فِي","char_type_name":"word","page_number":514,"line_number":6,"text":"ﮄ","translation":{"text":"to","language_name":"english","language_id":38},"transliteration":{"text":"fī","language_name":"english","language_id":38}},{"id":27830,"position":30,"audio_url":"wbw/048_025_032.mp3","qpc_uthmani_hafs":"رَحۡمَتِهِۦ","char_type_name":"word","page_number":514,"line_number":6,"text":"ﮅ","translation":{"text":"His Mercy","language_name":"english","language_id":38},"transliteration":{"text":"raḥmatihi","language_name":"english","language_id":38}},{"id":27831,"position":31,"audio_url":"wbw/048_025_033.mp3","qpc_uthmani_hafs":"مَن","char_type_name":"word","page_number":514,"line_number":6,"text":"ﮆ","translation":{"text":"whom","language_name":"english","language_id":38},"transliteration":{"text":"man","language_name":"english","language_id":38}},{"id":27832,"position":32,"audio_url":"wbw/048_025_034.mp3","qpc_uthmani_hafs":"يَشَآءُۚ","char_type_name":"word","page_number":514,"line_number":6,"text":"ﮇﮈ","translation":{"text":"He wills","language_name":"english","language_id":38},"transliteration":{"text":"yashāu","language_name":"english","language_id":38}},{"id":27834,"position":33,"audio_url":"wbw/048_025_036.mp3","qpc_uthmani_hafs":"لَوۡ","char_type_name":"word","page_number":514,"line_number":6,"text":"ﮉ","translation":{"text":"If","language_name":"english","language_id":38},"transliteration":{"text":"law","language_name":"english","language_id":38}},{"id":27835,"position":34,"audio_url":"wbw/048_025_037.mp3","qpc_uthmani_hafs":"تَزَيَّلُواْ","char_type_name":"word","page_number":514,"line_number":6,"text":"ﮊ","translation":{"text":"they had been apart","language_name":"english","language_id":38},"transliteration":{"text":"tazayyalū","language_name":"english","language_id":38}},{"id":27836,"position":35,"audio_url":"wbw/048_025_038.mp3","qpc_uthmani_hafs":"لَعَذَّبۡنَا","char_type_name":"word","page_number":514,"line_number":6,"text":"ﮋ","translation":{"text":"surely, We would have punished","language_name":"english","language_id":38},"transliteration":{"text":"laʿadhabnā","language_name":"english","language_id":38}},{"id":27837,"position":36,"audio_url":"wbw/048_025_039.mp3","qpc_uthmani_hafs":"ٱلَّذِينَ","char_type_name":"word","page_number":514,"line_number":6,"text":"ﮌ","translation":{"text":"those who","language_name":"english","language_id":38},"transliteration":{"text":"alladhīna","language_name":"english","language_id":38}},{"id":27838,"position":37,"audio_url":"wbw/048_025_040.mp3","qpc_uthmani_hafs":"كَفَرُواْ","char_type_name":"word","page_number":514,"line_number":7,"text":"ﮍ","translation":{"text":"disbelieved","language_name":"english","language_id":38},"transliteration":{"text":"kafarū","language_name":"english","language_id":38}},{"id":27839,"position":38,"audio_url":"wbw/048_025_041.mp3","qpc_uthmani_hafs":"مِنۡهُمۡ","char_type_name":"word","page_number":514,"line_number":7,"text":"ﮎ","translation":{"text":"among them","language_name":"english","language_id":38},"transliteration":{"text":"min'hum","language_name":"english","language_id":38}},{"id":27840,"position":39,"audio_url":"wbw/048_025_042.mp3","qpc_uthmani_hafs":"عَذَابًا","char_type_name":"word","page_number":514,"line_number":7,"text":"ﮏ","translation":{"text":"(with) a punishment","language_name":"english","language_id":38},"transliteration":{"text":"ʿadhāban","language_name":"english","language_id":38}},{"id":27841,"position":40,"audio_url":"wbw/048_025_043.mp3","qpc_uthmani_hafs":"أَلِيمًا","char_type_name":"word","page_number":514,"line_number":7,"text":"ﮐ","translation":{"text":"painful","language_name":"english","language_id":38},"transliteration":{"text":"alīman","language_name":"english","language_id":38}},{"id":27842,"position":41,"audio_url":null,"qpc_uthmani_hafs":"٢٥","char_type_name":"end","page_number":514,"line_number":7,"text":"ﮑ","translation":{"text":"(25)","language_name":"english","language_id":38},"transliteration":{"text":null,"language_name":"english","language_id":38}}],"translations":[{"id":921037,"resource_id":134,"text":"Merekalah orang-orang yang kafir yang menghalangi kamu dari (masuk) Masjidil Haram dan menghalangi hewan kurban sampai ke tempat (penyembelihan)nya.  Dan kalau tidaklah karena laki-laki yang mukmin dan perempuan-perempuan yang mukmin yang tiada kamu ketahui, bahwa kamu akan membunuh mereka yang menyebabkan kamu ditimpa kesusahan tanpa pengetahuanmu (tentulah Allah tidak akan menahan tanganmu dari membinasakan mereka).  Supaya Allah memasukkan siapa yang dikehendaki-Nya ke dalam rahmat-Nya.  Sekiranya mereka tidak bercampur-baur, tentulah Kami akan mengazab orang-orang yag kafir di antara mereka dengan azab yang pedih."}]},{"id":4609,"verse_number":26,"verse_key":"48:26","juz_number":26,"hizb_number":52,"rub_el_hizb_number":205,"ruku_number":450,"manzil_number":6,"sajdah_number":null,"text_uthmani":"إِذْ جَعَلَ ٱلَّذِينَ كَفَرُوا۟ فِى قُلُوبِهِمُ ٱلْحَمِيَّةَ حَمِيَّةَ ٱلْجَـٰهِلِيَّةِ فَأَنزَلَ ٱللَّهُ سَكِينَتَهُۥ عَلَىٰ رَسُولِهِۦ وَعَلَى ٱلْمُؤْمِنِينَ وَأَلْزَمَهُمْ كَلِمَةَ ٱلتَّقْوَىٰ وَكَانُوٓا۟ أَحَقَّ بِهَا وَأَهْلَهَا ۚ وَكَانَ ٱللَّهُ بِكُلِّ شَىْءٍ عَلِيمًا","page_number":514,"words":[{"id":28762,"position":1,"audio_url":"wbw/048_026_001.mp3","qpc_uthmani_hafs":"إِذۡ","char_type_name":"word","page_number":514,"line_number":7,"text":"ﮒ","translation":{"text":"When","language_name":"english","language_id":38},"transliteration":{"text":"idh","language_name":"english","language_id":38}},{"id":28763,"position":2,"audio_url":"wbw/048_026_002.mp3","qpc_uthmani_hafs":"جَعَلَ","char_type_name":"word","page_number":514,"line_number":7,"text":"ﮓ","translation":{"text":"had put","language_name":"english","language_id":38},"transliteration":{"text":"jaʿala","language_name":"english","language_id":38}},{"id":28764,"position":3,"audio_url":"wbw/048_026_003.mp3","qpc_uthmani_hafs":"ٱلَّذِينَ","char_type_name":"word","page_number":514,"line_number":7,"text":"ﮔ","translation":{"text":"those who","language_name":"english","language_id":38},"transliteration":{"text":"alladhīna","language_name":"english","language_id":38}},{"id":28765,"position":4,"audio_url":"wbw/048_026_004.mp3","qpc_uthmani_hafs":"كَفَرُواْ","char_type_name":"word","page_number":514,"line_number":7,"text":"ﮕ","translation":{"text":"disbelieved","language_name":"english","language_id":38},"transliteration":{"text":"kafarū","language_name":"english","language_id":38}},{"id":28766,"position":5,"audio_url":"wbw/048_026_005.mp3","qpc_uthmani_hafs":"فِي","char_type_name":"word","page_number":514,"line_number":8,"text":"ﮖ","translation":{"text":"in","language_name":"english","language_id":38},"transliteration":{"text":"fī","language_name":"english","language_id":38}},{"id":28767,"position":6,"audio_url":"wbw/048_026_006.mp3","qpc_uthmani_hafs":"قُلُوبِهِمُ","char_type_name":"word","page_number":514,"line_number":8,"text":"ﮗ","translation":{"text":"their hearts","language_name":"english","language_id":38},"transliteration":{"text":"qulūbihimu","language_name":"english","language_id":38}},{"id":28768,"position":7,"audio_url":"wbw/048_026_007.mp3","qpc_uthmani_hafs":"ٱلۡحَمِيَّةَ","char_type_name":"word","page_number":514,"line_number":8,"text":"ﮘ","translation":{"text":"disdain ","language_name":"english","language_id":38},"transliteration":{"text":"l-ḥamiyata","language_name":"english","language_id":38}},{"id":28769,"position":8,"audio_url":"wbw/048_026_008.mp3","qpc_uthmani_hafs":"حَمِيَّةَ","char_type_name":"word","page_number":514,"line_number":8,"text":"ﮙ","translation":{"text":"(the) disdain","language_name":"english","language_id":38},"transliteration":{"text":"ḥamiyyata","language_name":"english","language_id":38}},{"id":28770,"position":9,"audio_url":"wbw/048_026_009.mp3","qpc_uthmani_hafs":"ٱلۡجَٰهِلِيَّةِ","char_type_name":"word","page_number":514,"line_number":8,"text":"ﮚ","translation":{"text":"(of the time of) ignorance","language_name":"english","language_id":38},"transliteration":{"text":"l-jāhiliyati","language_name":"english","language_id":38}},{"id":28771,"position":10,"audio_url":"wbw/048_026_010.mp3","qpc_uthmani_hafs":"فَأَنزَلَ","char_type_name":"word","page_number":514,"line_number":8,"text":"ﮛ","translation":{"text":"Then Allah sent down","language_name":"english","language_id":38},"transliteration":{"text":"fa-anzala","language_name":"english","language_id":38}},{"id":28772,"position":11,"audio_url":"wbw/048_026_011.mp3","qpc_uthmani_hafs":"ٱللَّهُ","char_type_name":"word","page_number":514,"line_number":8,"text":"ﮜ","translation":{"text":"Then Allah sent down","language_name":"english","language_id":38},"transliteration":{"text":"l-lahu","language_name":"english","language_id":38}},{"id":28773,"position":12,"audio_url":"wbw/048_026_012.mp3","qpc_uthmani_hafs":"سَكِينَتَهُۥ","char_type_name":"word","page_number":514,"line_number":8,"text":"ﮝ","translation":{"text":"His tranquility","language_name":"english","language_id":38},"transliteration":{"text":"sakīnatahu","language_name":"english","language_id":38}},{"id":28774,"position":13,"audio_url":"wbw/048_026_013.mp3","qpc_uthmani_hafs":"عَلَىٰ","char_type_name":"word","page_number":514,"line_number":9,"text":"ﮞ","translation":{"text":"upon","language_name":"english","language_id":38},"transliteration":{"text":"ʿalā","language_name":"english","language_id":38}},{"id":28775,"position":14,"audio_url":"wbw/048_026_014.mp3","qpc_uthmani_hafs":"رَسُولِهِۦ","char_type_name":"word","page_number":514,"line_number":9,"text":"ﮟ","translation":{"text":"His Messenger","language_name":"english","language_id":38},"transliteration":{"text":"rasūlihi","language_name":"english","language_id":38}},{"id":28776,"position":15,"audio_url":"wbw/048_026_015.mp3","qpc_uthmani_hafs":"وَعَلَى","char_type_name":"word","page_number":514,"line_number":9,"text":"ﮠ","translation":{"text":"and upon","language_name":"english","language_id":38},"transliteration":{"text":"waʿalā","language_name":"english","language_id":38}},{"id":28777,"position":16,"audio_url":"wbw/048_026_016.mp3","qpc_uthmani_hafs":"ٱلۡمُؤۡمِنِينَ","char_type_name":"word","page_number":514,"line_number":9,"text":"ﮡ","translation":{"text":"the believers","language_name":"english","language_id":38},"transliteration":{"text":"l-mu'minīna","language_name":"english","language_id":38}},{"id":28778,"position":17,"audio_url":"wbw/048_026_017.mp3","qpc_uthmani_hafs":"وَأَلۡزَمَهُمۡ","char_type_name":"word","page_number":514,"line_number":9,"text":"ﮢ","translation":{"text":"and made them adhere","language_name":"english","language_id":38},"transliteration":{"text":"wa-alzamahum","language_name":"english","language_id":38}},{"id":28779,"position":18,"audio_url":"wbw/048_026_018.mp3","qpc_uthmani_hafs":"كَلِمَةَ","char_type_name":"word","page_number":514,"line_number":9,"text":"ﮣ","translation":{"text":"(to the) word","language_name":"english","language_id":38},"transliteration":{"text":"kalimata","language_name":"english","language_id":38}},{"id":28780,"position":19,"audio_url":"wbw/048_026_019.mp3","qpc_uthmani_hafs":"ٱلتَّقۡوَىٰ","char_type_name":"word","page_number":514,"line_number":9,"text":"ﮤ","translation":{"text":"(of) righteousness","language_name":"english","language_id":38},"transliteration":{"text":"l-taqwā","language_name":"english","language_id":38}},{"id":28781,"position":20,"audio_url":"wbw/048_026_020.mp3","qpc_uthmani_hafs":"وَكَانُوٓاْ","char_type_name":"word","page_number":514,"line_number":10,"text":"ﮥ","translation":{"text":"and they were","language_name":"english","language_id":38},"transliteration":{"text":"wakānū","language_name":"english","language_id":38}},{"id":28782,"position":21,"audio_url":"wbw/048_026_021.mp3","qpc_uthmani_hafs":"أَحَقَّ","char_type_name":"word","page_number":514,"line_number":10,"text":"ﮦ","translation":{"text":"more deserving","language_name":"english","language_id":38},"transliteration":{"text":"aḥaqqa","language_name":"english","language_id":38}},{"id":28783,"position":22,"audio_url":"wbw/048_026_022.mp3","qpc_uthmani_hafs":"بِهَا","char_type_name":"word","page_number":514,"line_number":10,"text":"ﮧ","translation":{"text":"of it","language_name":"english","language_id":38},"transliteration":{"text":"bihā","language_name":"english","language_id":38}},{"id":28784,"position":23,"audio_url":"wbw/048_026_023.mp3","qpc_uthmani_hafs":"وَأَهۡلَهَاۚ","char_type_name":"word","page_number":514,"line_number":10,"text":"ﮨﮩ","translation":{"text":"and worthy of it","language_name":"english","language_id":38},"transliteration":{"text":"wa-ahlahā","language_name":"english","language_id":38}},{"id":28786,"position":24,"audio_url":"wbw/048_026_025.mp3","qpc_uthmani_hafs":"وَكَانَ","char_type_name":"word","page_number":514,"line_number":10,"text":"ﮪ","translation":{"text":"And is","language_name":"english","language_id":38},"transliteration":{"text":"wakāna","language_name":"english","language_id":38}},{"id":28787,"position":25,"audio_url":"wbw/048_026_026.mp3","qpc_uthmani_hafs":"ٱللَّهُ","char_type_name":"word","page_number":514,"line_number":10,"text":"ﮫ","translation":{"text":"Allah","language_name":"english","language_id":38},"transliteration":{"text":"l-lahu","language_name":"english","language_id":38}},{"id":28788,"position":26,"audio_url":"wbw/048_026_027.mp3","qpc_uthmani_hafs":"بِكُلِّ","char_type_name":"word","page_number":514,"line_number":10,"text":"ﮬ","translation":{"text":"of every","language_name":"english","language_id":38},"transliteration":{"text":"bikulli","language_name":"english","language_id":38}},{"id":28789,"position":27,"audio_url":"wbw/048_026_028.mp3","qpc_uthmani_hafs":"شَيۡءٍ","char_type_name":"word","page_number":514,"line_number":10,"text":"ﮭ","translation":{"text":"thing","language_name":"english","language_id":38},"transliteration":{"text":"shayin","language_name":"english","language_id":38}},{"id":28790,"position":28,"audio_url":"wbw/048_026_029.mp3","qpc_uthmani_hafs":"عَلِيمٗا","char_type_name":"word","page_number":514,"line_number":10,"text":"ﮮ","translation":{"text":"All-Knower","language_name":"english","language_id":38},"transliteration":{"text":"ʿalīman","language_name":"english","language_id":38}},{"id":28791,"position":29,"audio_url":null,"qpc_uthmani_hafs":"٢٦","char_type_name":"end","page_number":514,"line_number":10,"text":"ﮯ","translation":{"text":"(26)","language_name":"english","language_id":38},"transliteration":{"text":null,"language_name":"english","language_id":38}}],"translations":[{"id":921038,"resource_id":134,"text":"Ketika orang-orang kafir menanamkan dalam hati mereka kesombongan, (yaitu) kesombongan jahiliah lalu Allah menurunkan ketenangan kepada rasul-Nya, dan kepada orang-orang mukmin dan Allah mewajibkan kepada mereka kalimat takwa<sup foot_note=211174>1</sup> dan adalah mereka berhak dengan kalimat takwa itu dan patut memilikinya.  Dan adalah Allah Maha Mengetahui segala sesuatu."}]},{"id":4610,"verse_number":27,"verse_key":"48:27","juz_number":26,"hizb_number":52,"rub_el_hizb_number":205,"ruku_number":451,"manzil_number":6,"sajdah_number":null,"text_uthmani":"لَّقَدْ صَدَقَ ٱللَّهُ رَسُولَهُ ٱلرُّءْيَا بِٱلْحَقِّ ۖ لَتَدْخُلُنَّ ٱلْمَسْجِدَ ٱلْحَرَامَ إِن شَآءَ ٱللَّهُ ءَامِنِينَ مُحَلِّقِينَ رُءُوسَكُمْ وَمُقَصِّرِينَ لَا تَخَافُونَ ۖ فَعَلِمَ مَا لَمْ تَعْلَمُوا۟ فَجَعَلَ مِن دُونِ ذَٰلِكَ فَتْحًا قَرِيبًا","page_number":514,"words":[{"id":29867,"position":1,"audio_url":"wbw/048_027_001.mp3","qpc_uthmani_hafs":"لَّقَدۡ","char_type_name":"word","page_number":514,"line_number":11,"text":"ﮰ","translation":{"text":"Certainly","language_name":"english","language_id":38},"transliteration":{"text":"laqad","language_name":"english","language_id":38}},{"id":29868,"position":2,"audio_url":"wbw/048_027_002.mp3","qpc_uthmani_hafs":"صَدَقَ","char_type_name":"word","page_number":514,"line_number":11,"text":"ﮱ","translation":{"text":"Allah has fulfilled","language_name":"english","language_id":38},"transliteration":{"text":"ṣadaqa","language_name":"english","language_id":38}},{"id":29869,"position":3,"audio_url":"wbw/048_027_003.mp3","qpc_uthmani_hafs":"ٱللَّهُ","char_type_name":"word","page_number":514,"line_number":11,"text":"ﯓ","translation":{"text":"Allah has fulfilled","language_name":"english","language_id":38},"transliteration":{"text":"l-lahu","language_name":"english","language_id":38}},{"id":29870,"position":4,"audio_url":"wbw/048_027_004.mp3","qpc_uthmani_hafs":"رَسُولَهُ","char_type_name":"word","page_number":514,"line_number":11,"text":"ﯔ","translation":{"text":"His Messenger's","language_name":"english","language_id":38},"transliteration":{"text":"rasūlahu","language_name":"english","language_id":38}},{"id":29871,"position":5,"audio_url":"wbw/048_027_005.mp3","qpc_uthmani_hafs":"ٱلرُّءۡيَا","char_type_name":"word","page_number":514,"line_number":11,"text":"ﯕ","translation":{"text":"vision","language_name":"english","language_id":38},"transliteration":{"text":"l-ru'yā","language_name":"english","language_id":38}},{"id":29872,"position":6,"audio_url":"wbw/048_027_006.mp3","qpc_uthmani_hafs":"بِٱلۡحَقِّۖ","char_type_name":"word","page_number":514,"line_number":11,"text":"ﯖﯗ","translation":{"text":"in truth","language_name":"english","language_id":38},"transliteration":{"text":"bil-ḥaqi","language_name":"english","language_id":38}},{"id":29874,"position":7,"audio_url":"wbw/048_027_008.mp3","qpc_uthmani_hafs":"لَتَدۡخُلُنَّ","char_type_name":"word","page_number":514,"line_number":11,"text":"ﯘ","translation":{"text":"Surely, you will enter","language_name":"english","language_id":38},"transliteration":{"text":"latadkhulunna","language_name":"english","language_id":38}},{"id":29875,"position":8,"audio_url":"wbw/048_027_009.mp3","qpc_uthmani_hafs":"ٱلۡمَسۡجِدَ","char_type_name":"word","page_number":514,"line_number":11,"text":"ﯙ","translation":{"text":"Al-Masjid Al-Haraam","language_name":"english","language_id":38},"transliteration":{"text":"l-masjida","language_name":"english","language_id":38}},{"id":29876,"position":9,"audio_url":"wbw/048_027_010.mp3","qpc_uthmani_hafs":"ٱلۡحَرَامَ","char_type_name":"word","page_number":514,"line_number":12,"text":"ﯚ","translation":{"text":"Al-Masjid Al-Haraam","language_name":"english","language_id":38},"transliteration":{"text":"l-ḥarāma","language_name":"english","language_id":38}},{"id":29877,"position":10,"audio_url":"wbw/048_027_011.mp3","qpc_uthmani_hafs":"إِن","char_type_name":"word","page_number":514,"line_number":12,"text":"ﯛ","translation":{"text":"if","language_name":"english","language_id":38},"transliteration":{"text":"in","language_name":"english","language_id":38}},{"id":29878,"position":11,"audio_url":"wbw/048_027_012.mp3","qpc_uthmani_hafs":"شَآءَ","char_type_name":"word","page_number":514,"line_number":12,"text":"ﯜ","translation":{"text":"Allah wills","language_name":"english","language_id":38},"transliteration":{"text":"shāa","language_name":"english","language_id":38}},{"id":29879,"position":12,"audio_url":"wbw/048_027_013.mp3","qpc_uthmani_hafs":"ٱللَّهُ","char_type_name":"word","page_number":514,"line_number":12,"text":"ﯝ","translation":{"text":"Allah wills","language_name":"english","language_id":38},"transliteration":{"text":"l-lahu","language_name":"english","language_id":38}},{"id":29880,"position":13,"audio_url":"wbw/048_027_014.mp3","qpc_uthmani_hafs":"ءَامِنِينَ","char_type_name":"word","page_number":514,"line_number":12,"text":"ﯞ","translation":{"text":"secure","language_name":"english","language_id":38},"transliteration":{"text":"āminīna","language_name":"english","language_id":38}},{"id":29881,"position":14,"audio_url":"wbw/048_027_015.mp3","qpc_uthmani_hafs":"مُحَلِّقِينَ","char_type_name":"word","page_number":514,"line_number":12,"text":"ﯟ","translation":{"text":"having shaved","language_name":"english","language_id":38},"transliteration":{"text":"muḥalliqīna","language_name":"english","language_id":38}},{"id":29882,"position":15,"audio_url":"wbw/048_027_016.mp3","qpc_uthmani_hafs":"رُءُوسَكُمۡ","char_type_name":"word","page_number":514,"line_number":12,"text":"ﯠ","translation":{"text":"your heads","language_name":"english","language_id":38},"transliteration":{"text":"ruūsakum","language_name":"english","language_id":38}},{"id":29883,"position":16,"audio_url":"wbw/048_027_017.mp3","qpc_uthmani_hafs":"وَمُقَصِّرِينَ","char_type_name":"word","page_number":514,"line_number":12,"text":"ﯡ","translation":{"text":"and shortened","language_name":"english","language_id":38},"transliteration":{"text":"wamuqaṣṣirīna","language_name":"english","language_id":38}},{"id":29884,"position":17,"audio_url":"wbw/048_027_018.mp3","qpc_uthmani_hafs":"لَا","char_type_name":"word","page_number":514,"line_number":13,"text":"ﯢ","translation":{"text":"not","language_name":"english","language_id":38},"transliteration":{"text":"lā","language_name":"english","language_id":38}},{"id":29885,"position":18,"audio_url":"wbw/048_027_019.mp3","qpc_uthmani_hafs":"تَخَافُونَۖ","char_type_name":"word","page_number":514,"line_number":13,"text":"ﯣﯤ","translation":{"text":"fearing","language_name":"english","language_id":38},"transliteration":{"text":"takhāfūna","language_name":"english","language_id":38}},{"id":29887,"position":19,"audio_url":"wbw/048_027_021.mp3","qpc_uthmani_hafs":"فَعَلِمَ","char_type_name":"word","page_number":514,"line_number":13,"text":"ﯥ","translation":{"text":"But He knew","language_name":"english","language_id":38},"transliteration":{"text":"faʿalima","language_name":"english","language_id":38}},{"id":29888,"position":20,"audio_url":"wbw/048_027_022.mp3","qpc_uthmani_hafs":"مَا","char_type_name":"word","page_number":514,"line_number":13,"text":"ﯦ","translation":{"text":"what","language_name":"english","language_id":38},"transliteration":{"text":"mā","language_name":"english","language_id":38}},{"id":29889,"position":21,"audio_url":"wbw/048_027_023.mp3","qpc_uthmani_hafs":"لَمۡ","char_type_name":"word","page_number":514,"line_number":13,"text":"ﯧ","translation":{"text":"not","language_name":"english","language_id":38},"transliteration":{"text":"lam","language_name":"english","language_id":38}},{"id":29890,"position":22,"audio_url":"wbw/048_027_024.mp3","qpc_uthmani_hafs":"تَعۡلَمُواْ","char_type_name":"word","page_number":514,"line_number":13,"text":"ﯨ","translation":{"text":"you knew","language_name":"english","language_id":38},"transliteration":{"text":"taʿlamū","language_name":"english","language_id":38}},{"id":29891,"position":23,"audio_url":"wbw/048_027_025.mp3","qpc_uthmani_hafs":"فَجَعَلَ","char_type_name":"word","page_number":514,"line_number":13,"text":"ﯩ","translation":{"text":"and He made","language_name":"english","language_id":38},"transliteration":{"text":"fajaʿala","language_name":"english","language_id":38}},{"id":29892,"position":24,"audio_url":"wbw/048_027_026.mp3","qpc_uthmani_hafs":"مِن","char_type_name":"word","page_number":514,"line_number":13,"text":"ﯪ","translation":{"text":"besides","language_name":"english","language_id":38},"transliteration":{"text":"min","language_name":"english","language_id":38}},{"id":29893,"position":25,"audio_url":"wbw/048_027_027.mp3","qpc_uthmani_hafs":"دُونِ","char_type_name":"word","page_number":514,"line_number":13,"text":"ﯫ","translation":{"text":"besides","language_name":"english","language_id":38},"transliteration":{"text":"dūni","language_name":"english","language_id":38}},{"id":29894,"position":26,"audio_url":"wbw/048_027_028.mp3","qpc_uthmani_hafs":"ذَٰلِكَ","char_type_name":"word","page_number":514,"line_number":13,"text":"ﯬ","translation":{"text":"that","language_name":"english","language_id":38},"transliteration":{"text":"dhālika","language_name":"english","language_id":38}},{"id":29895,"position":27,"audio_url":"wbw/048_027_029.mp3","qpc_uthmani_hafs":"فَتۡحٗا","char_type_name":"word","page_number":514,"line_number":14,"text":"ﯭ","translation":{"text":"a victory","language_name":"english","language_id":38},"transliteration":{"text":"fatḥan","language_name":"english","language_id":38}},{"id":29896,"position":28,"audio_url":"wbw/048_027_030.mp3","qpc_uthmani_hafs":"قَرِيبًا","char_type_name":"word","page_number":514,"line_number":14,"text":"ﯮ","translation":{"text":"near","language_name":"english","language_id":38},"transliteration":{"text":"qarīban","language_name":"english","language_id":38}},{"id":29897,"position":29,"audio_url":null,"qpc_uthmani_hafs":"٢٧","char_type_name":"end","page_number":514,"line_number":14,"text":"ﯯ","translation":{"text":"(27)","language_name":"english","language_id":38},"transliteration":{"text":null,"language_name":"english","language_id":38}}],"translations":[{"id":921039,"resource_id":134,"text":"Sesungguhnya Allah akan membuktikan kepada rasul-Nya, tentang kebenaran mimpinya dengan sebenarnya, (yaitu) bahwa sesungguhnya kamu pasti akan memasuki Masjidil Haram, insyaallah dalam keadaan aman, dengan mencukur rambut kepala dan mengguntingnya, sedang kamu tidak merasa takut.  Maka Allah mengetahui apa yang tiada kamu ketahui dan Dia memberikan sebelum itu kemenangan yang dekat<sup foot_note=211175>1</sup>."}]},{"id":4611,"verse_number":28,"verse_key":"48:28","juz_number":26,"hizb_number":52,"rub_el_hizb_number":205,"ruku_number":451,"manzil_number":6,"sajdah_number":null,"text_uthmani":"هُوَ ٱلَّذِىٓ أَرْسَلَ رَسُولَهُۥ بِٱلْهُدَىٰ وَدِينِ ٱلْحَقِّ لِيُظْهِرَهُۥ عَلَى ٱلدِّينِ كُلِّهِۦ ۚ وَكَفَىٰ بِٱللَّهِ شَهِيدًا","page_number":514,"words":[{"id":30664,"position":1,"audio_url":"wbw/048_028_001.mp3","qpc_uthmani_hafs":"هُوَ","char_type_name":"word","page_number":514,"line_number":14,"text":"ﯰ","translation":{"text":"He","language_name":"english","language_id":38},"transliteration":{"text":"huwa","language_name":"english","language_id":38}},{"id":30665,"position":2,"audio_url":"wbw/048_028_002.mp3","qpc_uthmani_hafs":"ٱلَّذِيٓ","char_type_name":"word","page_number":514,"line_number":14,"text":"ﯱ","translation":{"text":"(is) the One Who","language_name":"english","language_id":38},"transliteration":{"text":"alladhī","language_name":"english","language_id":38}},{"id":30666,"position":3,"audio_url":"wbw/048_028_003.mp3","qpc_uthmani_hafs":"أَرۡسَلَ","char_type_name":"word","page_number":514,"line_number":14,"text":"ﯲ","translation":{"text":"(has) sent","language_name":"english","language_id":38},"transliteration":{"text":"arsala","language_name":"english","language_id":38}},{"id":30667,"position":4,"audio_url":"wbw/048_028_004.mp3","qpc_uthmani_hafs":"رَسُولَهُۥ","char_type_name":"word","page_number":514,"line_number":14,"text":"ﯳ","translation":{"text":"His Messenger","language_name":"english","language_id":38},"transliteration":{"text":"rasūlahu","language_name":"english","language_id":38}},{"id":30668,"position":5,"audio_url":"wbw/048_028_005.mp3","qpc_uthmani_hafs":"بِٱلۡهُدَىٰ","char_type_name":"word","page_number":514,"line_number":14,"text":"ﯴ","translation":{"text":"with guidance","language_name":"english","language_id":38},"transliteration":{"text":"bil-hudā","language_name":"english","language_id":38}},{"id":30669,"position":6,"audio_url":"wbw/048_028_006.mp3","qpc_uthmani_hafs":"وَدِينِ","char_type_name":"word","page_number":514,"line_number":14,"text":"ﯵ","translation":{"text":"and (the) religion","language_name":"english","language_id":38},"transliteration":{"text":"wadīni","language_name":"english","language_id":38}},{"id":30670,"position":7,"audio_url":"wbw/048_028_007.mp3","qpc_uthmani_hafs":"ٱلۡحَقِّ","char_type_name":"word","page_number":514,"line_number":15,"text":"ﯶ","translation":{"text":"the true","language_name":"english","language_id":38},"transliteration":{"text":"l-ḥaqi","language_name":"english","language_id":38}},{"id":30671,"position":8,"audio_url":"wbw/048_028_008.mp3","qpc_uthmani_hafs":"لِيُظۡهِرَهُۥ","char_type_name":"word","page_number":514,"line_number":15,"text":"ﯷ","translation":{"text":"that He (may) make it prevail","language_name":"english","language_id":38},"transliteration":{"text":"liyuẓ'hirahu","language_name":"english","language_id":38}},{"id":30672,"position":9,"audio_url":"wbw/048_028_009.mp3","qpc_uthmani_hafs":"عَلَى","char_type_name":"word","page_number":514,"line_number":15,"text":"ﯸ","translation":{"text":"over","language_name":"english","language_id":38},"transliteration":{"text":"ʿalā","language_name":"english","language_id":38}},{"id":30673,"position":10,"audio_url":"wbw/048_028_010.mp3","qpc_uthmani_hafs":"ٱلدِّينِ","char_type_name":"word","page_number":514,"line_number":15,"text":"ﯹ","translation":{"text":"the religions","language_name":"english","language_id":38},"transliteration":{"text":"l-dīni","language_name":"english","language_id":38}},{"id":30674,"position":11,"audio_url":"wbw/048_028_011.mp3","qpc_uthmani_hafs":"كُلِّهِۦۚ","char_type_name":"word","page_number":514,"line_number":15,"text":"ﯺﯻ","translation":{"text":"all","language_name":"english","language_id":38},"transliteration":{"text":"kullihi","language_name":"english","language_id":38}},{"id":30676,"position":12,"audio_url":"wbw/048_028_013.mp3","qpc_uthmani_hafs":"وَكَفَىٰ","char_type_name":"word","page_number":514,"line_number":15,"text":"ﯼ","translation":{"text":"And sufficient is","language_name":"english","language_id":38},"transliteration":{"text":"wakafā","language_name":"english","language_id":38}},{"id":30677,"position":13,"audio_url":"wbw/048_028_014.mp3","qpc_uthmani_hafs":"بِٱللَّهِ","char_type_name":"word","page_number":514,"line_number":15,"text":"ﯽ","translation":{"text":"Allah","language_name":"english","language_id":38},"transliteration":{"text":"bil-lahi","language_name":"english","language_id":38}},{"id":30678,"position":14,"audio_url":"wbw/048_028_015.mp3","qpc_uthmani_hafs":"شَهِيدٗا","char_type_name":"word","page_number":514,"line_number":15,"text":"ﯾ","translation":{"text":"(as) a Witness","language_name":"english","language_id":38},"transliteration":{"text":"shahīdan","language_name":"english","language_id":38}},{"id":30679,"position":15,"audio_url":null,"qpc_uthmani_hafs":"٢٨","char_type_name":"end","page_number":514,"line_number":15,"text":"ﯿ","translation":{"text":"(28)","language_name":"english","language_id":38},"transliteration":{"text":null,"language_name":"english","language_id":38}}],"translations":[{"id":921040,"resource_id":134,"text":"Dia-lah yang mengutus rasul-Nya dengan membawa petunjuk dan agama yang hak agar dimenangkan-Nya terhadap semua agama.  Dan cukuplah Allah sebagai saksi."}]}],"pagination":{"per_page":50,"current_page":1,"next_page":null,"total_pages":1,"total_records":5}}