{"verses":[{"id":4767,"verse_number":32,"verse_key":"52:32","juz_number":27,"hizb_number":53,"rub_el_hizb_number":210,"ruku_number":461,"manzil_number":7,"sajdah_number":null,"text_uthmani":"أَمْ تَأْمُرُهُمْ أَحْلَـٰمُهُم بِهَـٰذَآ ۚ أَمْ هُمْ قَوْمٌ طَاغُونَ","page_number":525,"words":[{"id":34596,"position":1,"audio_url":"wbw/052_032_001.mp3","qpc_uthmani_hafs":"أَمۡ","char_type_name":"word","page_number":525,"line_number":1,"text":"ﭑ","translation":{"text":"Or","language_name":"english","language_id":38},"transliteration":{"text":"am","language_name":"english","language_id":38}},{"id":34597,"position":2,"audio_url":"wbw/052_032_002.mp3","qpc_uthmani_hafs":"تَأۡمُرُهُمۡ","char_type_name":"word","page_number":525,"line_number":1,"text":"ﭒ","translation":{"text":"command them","language_name":"english","language_id":38},"transliteration":{"text":"tamuruhum","language_name":"english","language_id":38}},{"id":34598,"position":3,"audio_url":"wbw/052_032_003.mp3","qpc_uthmani_hafs":"أَحۡلَٰمُهُم","char_type_name":"word","page_number":525,"line_number":1,"text":"ﭓ","translation":{"text":"their minds","language_name":"english","language_id":38},"transliteration":{"text":"aḥlāmuhum","language_name":"english","language_id":38}},{"id":34599,"position":4,"audio_url":"wbw/052_032_004.mp3","qpc_uthmani_hafs":"بِهَٰذَآۚ","char_type_name":"word","page_number":525,"line_number":1,"text":"ﭔﭕ","translation":{"text":"this","language_name":"english","language_id":38},"transliteration":{"text":"bihādhā","language_name":"english","language_id":38}},{"id":34601,"position":5,"audio_url":"wbw/052_032_006.mp3","qpc_uthmani_hafs":"أَمۡ","char_type_name":"word","page_number":525,"line_number":1,"text":"ﭖ","translation":{"text":"or","language_name":"english","language_id":38},"transliteration":{"text":"am","language_name":"english","language_id":38}},{"id":34602,"position":6,"audio_url":"wbw/052_032_007.mp3","qpc_uthmani_hafs":"هُمۡ","char_type_name":"word","page_number":525,"line_number":1,"text":"ﭗ","translation":{"text":"they","language_name":"english","language_id":38},"transliteration":{"text":"hum","language_name":"english","language_id":38}},{"id":34603,"position":7,"audio_url":"wbw/052_032_008.mp3","qpc_uthmani_hafs":"قَوۡمٞ","char_type_name":"word","page_number":525,"line_number":1,"text":"ﭘ","translation":{"text":"(are) a people","language_name":"english","language_id":38},"transliteration":{"text":"qawmun","language_name":"english","language_id":38}},{"id":34604,"position":8,"audio_url":"wbw/052_032_009.mp3","qpc_uthmani_hafs":"طَاغُونَ","char_type_name":"word","page_number":525,"line_number":1,"text":"ﭙ","translation":{"text":"transgressing","language_name":"english","language_id":38},"transliteration":{"text":"ṭāghūna","language_name":"english","language_id":38}},{"id":34605,"position":9,"audio_url":null,"qpc_uthmani_hafs":"٣٢","char_type_name":"end","page_number":525,"line_number":1,"text":"ﭚ","translation":{"text":"(32)","language_name":"english","language_id":38},"transliteration":{"text":null,"language_name":"english","language_id":38}}],"translations":[{"id":921196,"resource_id":134,"text":"Apakah mereka diperintah oleh pikiran-pikiran mereka untuk mengucapkan tuduhan-tuduhan ini ataukah mereka kaum yang melampaui batas?"}]},{"id":4768,"verse_number":33,"verse_key":"52:33","juz_number":27,"hizb_number":53,"rub_el_hizb_number":210,"ruku_number":461,"manzil_number":7,"sajdah_number":null,"text_uthmani":"أَمْ يَقُولُونَ تَقَوَّلَهُۥ ۚ بَل لَّا يُؤْمِنُونَ","page_number":525,"words":[{"id":35409,"position":1,"audio_url":"wbw/052_033_001.mp3","qpc_uthmani_hafs":"أَمۡ","char_type_name":"word","page_number":525,"line_number":1,"text":"ﭛ","translation":{"text":"Or","language_name":"english","language_id":38},"transliteration":{"text":"am","language_name":"english","language_id":38}},{"id":35410,"position":2,"audio_url":"wbw/052_033_002.mp3","qpc_uthmani_hafs":"يَقُولُونَ","char_type_name":"word","page_number":525,"line_number":1,"text":"ﭜ","translation":{"text":"(do) they say","language_name":"english","language_id":38},"transliteration":{"text":"yaqūlūna","language_name":"english","language_id":38}},{"id":35411,"position":3,"audio_url":"wbw/052_033_003.mp3","qpc_uthmani_hafs":"تَقَوَّلَهُۥۚ","char_type_name":"word","page_number":525,"line_number":1,"text":"ﭝﭞ","translation":{"text":"He has made it up","language_name":"english","language_id":38},"transliteration":{"text":"taqawwalahu","language_name":"english","language_id":38}},{"id":35413,"position":4,"audio_url":"wbw/052_033_005.mp3","qpc_uthmani_hafs":"بَل","char_type_name":"word","page_number":525,"line_number":2,"text":"ﭟ","translation":{"text":"Nay","language_name":"english","language_id":38},"transliteration":{"text":"bal","language_name":"english","language_id":38}},{"id":35414,"position":5,"audio_url":"wbw/052_033_006.mp3","qpc_uthmani_hafs":"لَّا","char_type_name":"word","page_number":525,"line_number":2,"text":"ﭠ","translation":{"text":"not","language_name":"english","language_id":38},"transliteration":{"text":"lā","language_name":"english","language_id":38}},{"id":35415,"position":6,"audio_url":"wbw/052_033_007.mp3","qpc_uthmani_hafs":"يُؤۡمِنُونَ","char_type_name":"word","page_number":525,"line_number":2,"text":"ﭡ","translation":{"text":"they believe","language_name":"english","language_id":38},"transliteration":{"text":"yu'minūna","language_name":"english","language_id":38}},{"id":35416,"position":7,"audio_url":null,"qpc_uthmani_hafs":"٣٣","char_type_name":"end","page_number":525,"line_number":2,"text":"ﭢ","translation":{"text":"(33)","language_name":"english","language_id":38},"transliteration":{"text":null,"language_name":"english","language_id":38}}],"translations":[{"id":921197,"resource_id":134,"text":"Ataukah mereka mengatakan, \"Dia (Muhammad) membuat-buatnya\".  Sebenarnya mereka tidak beriman."}]},{"id":4769,"verse_number":34,"verse_key":"52:34","juz_number":27,"hizb_number":53,"rub_el_hizb_number":210,"ruku_number":461,"manzil_number":7,"sajdah_number":null,"text_uthmani":"فَلْيَأْتُوا۟ بِحَدِيثٍ مِّثْلِهِۦٓ إِن كَانُوا۟ صَـٰدِقِينَ","page_number":525,"words":[{"id":36335,"position":1,"audio_url":"wbw/052_034_001.mp3","qpc_uthmani_hafs":"فَلۡيَأۡتُواْ","char_type_name":"word","page_number":525,"line_number":2,"text":"ﭣ","translation":{"text":"Then let them bring","language_name":"english","language_id":38},"transliteration":{"text":"falyatū","language_name":"english","language_id":38}},{"id":36336,"position":2,"audio_url":"wbw/052_034_002.mp3","qpc_uthmani_hafs":"بِحَدِيثٖ","char_type_name":"word","page_number":525,"line_number":2,"text":"ﭤ","translation":{"text":"a statement","language_name":"english","language_id":38},"transliteration":{"text":"biḥadīthin","language_name":"english","language_id":38}},{"id":36337,"position":3,"audio_url":"wbw/052_034_003.mp3","qpc_uthmani_hafs":"مِّثۡلِهِۦٓ","char_type_name":"word","page_number":525,"line_number":2,"text":"ﭥ","translation":{"text":"like it","language_name":"english","language_id":38},"transliteration":{"text":"mith'lihi","language_name":"english","language_id":38}},{"id":36338,"position":4,"audio_url":"wbw/052_034_004.mp3","qpc_uthmani_hafs":"إِن","char_type_name":"word","page_number":525,"line_number":2,"text":"ﭦ","translation":{"text":"if","language_name":"english","language_id":38},"transliteration":{"text":"in","language_name":"english","language_id":38}},{"id":36339,"position":5,"audio_url":"wbw/052_034_005.mp3","qpc_uthmani_hafs":"كَانُواْ","char_type_name":"word","page_number":525,"line_number":2,"text":"ﭧ","translation":{"text":"they are","language_name":"english","language_id":38},"transliteration":{"text":"kānū","language_name":"english","language_id":38}},{"id":36340,"position":6,"audio_url":"wbw/052_034_006.mp3","qpc_uthmani_hafs":"صَٰدِقِينَ","char_type_name":"word","page_number":525,"line_number":2,"text":"ﭨ","translation":{"text":"truthful","language_name":"english","language_id":38},"transliteration":{"text":"ṣādiqīna","language_name":"english","language_id":38}},{"id":36341,"position":7,"audio_url":null,"qpc_uthmani_hafs":"٣٤","char_type_name":"end","page_number":525,"line_number":3,"text":"ﭩ","translation":{"text":"(34)","language_name":"english","language_id":38},"transliteration":{"text":null,"language_name":"english","language_id":38}}],"translations":[{"id":921198,"resource_id":134,"text":"Maka hendaklah mereka mendatangkan kalimat yang semisal Al-Qur`ān itu jika mereka orang-orang yang benar."}]},{"id":4770,"verse_number":35,"verse_key":"52:35","juz_number":27,"hizb_number":53,"rub_el_hizb_number":210,"ruku_number":461,"manzil_number":7,"sajdah_number":null,"text_uthmani":"أَمْ خُلِقُوا۟ مِنْ غَيْرِ شَىْءٍ أَمْ هُمُ ٱلْخَـٰلِقُونَ","page_number":525,"words":[{"id":37205,"position":1,"audio_url":"wbw/052_035_001.mp3","qpc_uthmani_hafs":"أَمۡ","char_type_name":"word","page_number":525,"line_number":3,"text":"ﭪ","translation":{"text":"Or","language_name":"english","language_id":38},"transliteration":{"text":"am","language_name":"english","language_id":38}},{"id":37206,"position":2,"audio_url":"wbw/052_035_002.mp3","qpc_uthmani_hafs":"خُلِقُواْ","char_type_name":"word","page_number":525,"line_number":3,"text":"ﭫ","translation":{"text":"they were created","language_name":"english","language_id":38},"transliteration":{"text":"khuliqū","language_name":"english","language_id":38}},{"id":37207,"position":3,"audio_url":"wbw/052_035_003.mp3","qpc_uthmani_hafs":"مِنۡ","char_type_name":"word","page_number":525,"line_number":3,"text":"ﭬ","translation":{"text":"of","language_name":"english","language_id":38},"transliteration":{"text":"min","language_name":"english","language_id":38}},{"id":37208,"position":4,"audio_url":"wbw/052_035_004.mp3","qpc_uthmani_hafs":"غَيۡرِ","char_type_name":"word","page_number":525,"line_number":3,"text":"ﭭ","translation":{"text":"nothing","language_name":"english","language_id":38},"transliteration":{"text":"ghayri","language_name":"english","language_id":38}},{"id":37209,"position":5,"audio_url":"wbw/052_035_005.mp3","qpc_uthmani_hafs":"شَيۡءٍ","char_type_name":"word","page_number":525,"line_number":3,"text":"ﭮ","translation":{"text":"nothing","language_name":"english","language_id":38},"transliteration":{"text":"shayin","language_name":"english","language_id":38}},{"id":37210,"position":6,"audio_url":"wbw/052_035_006.mp3","qpc_uthmani_hafs":"أَمۡ","char_type_name":"word","page_number":525,"line_number":3,"text":"ﭯ","translation":{"text":"or","language_name":"english","language_id":38},"transliteration":{"text":"am","language_name":"english","language_id":38}},{"id":37211,"position":7,"audio_url":"wbw/052_035_007.mp3","qpc_uthmani_hafs":"هُمُ","char_type_name":"word","page_number":525,"line_number":3,"text":"ﭰ","translation":{"text":"(are) they","language_name":"english","language_id":38},"transliteration":{"text":"humu","language_name":"english","language_id":38}},{"id":37212,"position":8,"audio_url":"wbw/052_035_008.mp3","qpc_uthmani_hafs":"ٱلۡخَٰلِقُونَ","char_type_name":"word","page_number":525,"line_number":3,"text":"ﭱ","translation":{"text":"the creators","language_name":"english","language_id":38},"transliteration":{"text":"l-khāliqūna","language_name":"english","language_id":38}},{"id":37213,"position":9,"audio_url":null,"qpc_uthmani_hafs":"٣٥","char_type_name":"end","page_number":525,"line_number":3,"text":"ﭲ","translation":{"text":"(35)","language_name":"english","language_id":38},"transliteration":{"text":null,"language_name":"english","language_id":38}}],"translations":[{"id":921199,"resource_id":134,"text":"Apakah mereka diciptakan tanpa sesuatu pun ataukah mereka yang menciptakan (diri mereka sendiri)?"}]},{"id":4771,"verse_number":36,"verse_key":"52:36","juz_number":27,"hizb_number":53,"rub_el_hizb_number":210,"ruku_number":461,"manzil_number":7,"sajdah_number":null,"text_uthmani":"أَمْ خَلَقُوا۟ ٱلسَّمَـٰوَٰتِ وَٱلْأَرْضَ ۚ بَل لَّا يُوقِنُونَ","page_number":525,"words":[{"id":37957,"position":1,"audio_url":"wbw/052_036_001.mp3","qpc_uthmani_hafs":"أَمۡ","char_type_name":"word","page_number":525,"line_number":3,"text":"ﭳ","translation":{"text":"Or","language_name":"english","language_id":38},"transliteration":{"text":"am","language_name":"english","language_id":38}},{"id":37958,"position":2,"audio_url":"wbw/052_036_002.mp3","qpc_uthmani_hafs":"خَلَقُواْ","char_type_name":"word","page_number":525,"line_number":3,"text":"ﭴ","translation":{"text":"(did) they create","language_name":"english","language_id":38},"transliteration":{"text":"khalaqū","language_name":"english","language_id":38}},{"id":37959,"position":3,"audio_url":"wbw/052_036_003.mp3","qpc_uthmani_hafs":"ٱلسَّمَٰوَٰتِ","char_type_name":"word","page_number":525,"line_number":4,"text":"ﭵ","translation":{"text":"the heavens","language_name":"english","language_id":38},"transliteration":{"text":"l-samāwāti","language_name":"english","language_id":38}},{"id":37960,"position":4,"audio_url":"wbw/052_036_004.mp3","qpc_uthmani_hafs":"وَٱلۡأَرۡضَۚ","char_type_name":"word","page_number":525,"line_number":4,"text":"ﭶﭷ","translation":{"text":"and the earth","language_name":"english","language_id":38},"transliteration":{"text":"wal-arḍa","language_name":"english","language_id":38}},{"id":37962,"position":5,"audio_url":"wbw/052_036_006.mp3","qpc_uthmani_hafs":"بَل","char_type_name":"word","page_number":525,"line_number":4,"text":"ﭸ","translation":{"text":"Nay","language_name":"english","language_id":38},"transliteration":{"text":"bal","language_name":"english","language_id":38}},{"id":37963,"position":6,"audio_url":"wbw/052_036_007.mp3","qpc_uthmani_hafs":"لَّا","char_type_name":"word","page_number":525,"line_number":4,"text":"ﭹ","translation":{"text":"not","language_name":"english","language_id":38},"transliteration":{"text":"lā","language_name":"english","language_id":38}},{"id":37964,"position":7,"audio_url":"wbw/052_036_008.mp3","qpc_uthmani_hafs":"يُوقِنُونَ","char_type_name":"word","page_number":525,"line_number":4,"text":"ﭺ","translation":{"text":"they are certain","language_name":"english","language_id":38},"transliteration":{"text":"yūqinūna","language_name":"english","language_id":38}},{"id":37965,"position":8,"audio_url":null,"qpc_uthmani_hafs":"٣٦","char_type_name":"end","page_number":525,"line_number":4,"text":"ﭻ","translation":{"text":"(36)","language_name":"english","language_id":38},"transliteration":{"text":null,"language_name":"english","language_id":38}}],"translations":[{"id":921200,"resource_id":134,"text":"Ataukah mereka telah menciptakan langit dan bumi itu? Sebenarnya mereka tidak meyakini (apa yang mereka katakan)."}]},{"id":4772,"verse_number":37,"verse_key":"52:37","juz_number":27,"hizb_number":53,"rub_el_hizb_number":210,"ruku_number":461,"manzil_number":7,"sajdah_number":null,"text_uthmani":"أَمْ عِندَهُمْ خَزَآئِنُ رَبِّكَ أَمْ هُمُ ٱلْمُصَۣيْطِرُونَ","page_number":525,"words":[{"id":38791,"position":1,"audio_url":"wbw/052_037_001.mp3","qpc_uthmani_hafs":"أَمۡ","char_type_name":"word","page_number":525,"line_number":4,"text":"ﭼ","translation":{"text":"Or","language_name":"english","language_id":38},"transliteration":{"text":"am","language_name":"english","language_id":38}},{"id":38792,"position":2,"audio_url":"wbw/052_037_002.mp3","qpc_uthmani_hafs":"عِندَهُمۡ","char_type_name":"word","page_number":525,"line_number":4,"text":"ﭽ","translation":{"text":"with them","language_name":"english","language_id":38},"transliteration":{"text":"ʿindahum","language_name":"english","language_id":38}},{"id":38793,"position":3,"audio_url":"wbw/052_037_003.mp3","qpc_uthmani_hafs":"خَزَآئِنُ","char_type_name":"word","page_number":525,"line_number":4,"text":"ﭾ","translation":{"text":"(are the) treasures","language_name":"english","language_id":38},"transliteration":{"text":"khazāinu","language_name":"english","language_id":38}},{"id":38794,"position":4,"audio_url":"wbw/052_037_004.mp3","qpc_uthmani_hafs":"رَبِّكَ","char_type_name":"word","page_number":525,"line_number":5,"text":"ﭿ","translation":{"text":"(of) your Lord","language_name":"english","language_id":38},"transliteration":{"text":"rabbika","language_name":"english","language_id":38}},{"id":38795,"position":5,"audio_url":"wbw/052_037_005.mp3","qpc_uthmani_hafs":"أَمۡ","char_type_name":"word","page_number":525,"line_number":5,"text":"ﮀ","translation":{"text":"or","language_name":"english","language_id":38},"transliteration":{"text":"am","language_name":"english","language_id":38}},{"id":38796,"position":6,"audio_url":"wbw/052_037_006.mp3","qpc_uthmani_hafs":"هُمُ","char_type_name":"word","page_number":525,"line_number":5,"text":"ﮁ","translation":{"text":"(are) they","language_name":"english","language_id":38},"transliteration":{"text":"humu","language_name":"english","language_id":38}},{"id":38797,"position":7,"audio_url":"wbw/052_037_007.mp3","qpc_uthmani_hafs":"ٱلۡمُصَۜيۡطِرُونَ","char_type_name":"word","page_number":525,"line_number":5,"text":"ﮂ","translation":{"text":"the controllers","language_name":"english","language_id":38},"transliteration":{"text":"l-muṣayṭirūna","language_name":"english","language_id":38}},{"id":38798,"position":8,"audio_url":null,"qpc_uthmani_hafs":"٣٧","char_type_name":"end","page_number":525,"line_number":5,"text":"ﮃ","translation":{"text":"(37)","language_name":"english","language_id":38},"transliteration":{"text":null,"language_name":"english","language_id":38}}],"translations":[{"id":921201,"resource_id":134,"text":"Ataukah di sisi mereka ada perbendaharaan Tuhan-mu atau merekakah yang berkuasa?"}]},{"id":4773,"verse_number":38,"verse_key":"52:38","juz_number":27,"hizb_number":53,"rub_el_hizb_number":210,"ruku_number":461,"manzil_number":7,"sajdah_number":null,"text_uthmani":"أَمْ لَهُمْ سُلَّمٌ يَسْتَمِعُونَ فِيهِ ۖ فَلْيَأْتِ مُسْتَمِعُهُم بِسُلْطَـٰنٍ مُّبِينٍ","page_number":525,"words":[{"id":39681,"position":1,"audio_url":"wbw/052_038_001.mp3","qpc_uthmani_hafs":"أَمۡ","char_type_name":"word","page_number":525,"line_number":5,"text":"ﮄ","translation":{"text":"Or","language_name":"english","language_id":38},"transliteration":{"text":"am","language_name":"english","language_id":38}},{"id":39682,"position":2,"audio_url":"wbw/052_038_002.mp3","qpc_uthmani_hafs":"لَهُمۡ","char_type_name":"word","page_number":525,"line_number":5,"text":"ﮅ","translation":{"text":"for them","language_name":"english","language_id":38},"transliteration":{"text":"lahum","language_name":"english","language_id":38}},{"id":39683,"position":3,"audio_url":"wbw/052_038_003.mp3","qpc_uthmani_hafs":"سُلَّمٞ","char_type_name":"word","page_number":525,"line_number":5,"text":"ﮆ","translation":{"text":"(is) a stairway","language_name":"english","language_id":38},"transliteration":{"text":"sullamun","language_name":"english","language_id":38}},{"id":39684,"position":4,"audio_url":"wbw/052_038_004.mp3","qpc_uthmani_hafs":"يَسۡتَمِعُونَ","char_type_name":"word","page_number":525,"line_number":5,"text":"ﮇ","translation":{"text":"they listen","language_name":"english","language_id":38},"transliteration":{"text":"yastamiʿūna","language_name":"english","language_id":38}},{"id":39685,"position":5,"audio_url":"wbw/052_038_005.mp3","qpc_uthmani_hafs":"فِيهِۖ","char_type_name":"word","page_number":525,"line_number":5,"text":"ﮈﮉ","translation":{"text":"therewith","language_name":"english","language_id":38},"transliteration":{"text":"fīhi","language_name":"english","language_id":38}},{"id":39687,"position":6,"audio_url":"wbw/052_038_007.mp3","qpc_uthmani_hafs":"فَلۡيَأۡتِ","char_type_name":"word","page_number":525,"line_number":5,"text":"ﮊ","translation":{"text":"Then let bring","language_name":"english","language_id":38},"transliteration":{"text":"falyati","language_name":"english","language_id":38}},{"id":39688,"position":7,"audio_url":"wbw/052_038_008.mp3","qpc_uthmani_hafs":"مُسۡتَمِعُهُم","char_type_name":"word","page_number":525,"line_number":6,"text":"ﮋ","translation":{"text":"their listener","language_name":"english","language_id":38},"transliteration":{"text":"mus'tamiʿuhum","language_name":"english","language_id":38}},{"id":39689,"position":8,"audio_url":"wbw/052_038_009.mp3","qpc_uthmani_hafs":"بِسُلۡطَٰنٖ","char_type_name":"word","page_number":525,"line_number":6,"text":"ﮌ","translation":{"text":"an authority","language_name":"english","language_id":38},"transliteration":{"text":"bisul'ṭānin","language_name":"english","language_id":38}},{"id":39690,"position":9,"audio_url":"wbw/052_038_010.mp3","qpc_uthmani_hafs":"مُّبِينٍ","char_type_name":"word","page_number":525,"line_number":6,"text":"ﮍ","translation":{"text":"clear","language_name":"english","language_id":38},"transliteration":{"text":"mubīnin","language_name":"english","language_id":38}},{"id":39691,"position":10,"audio_url":null,"qpc_uthmani_hafs":"٣٨","char_type_name":"end","page_number":525,"line_number":6,"text":"ﮎ","translation":{"text":"(38)","language_name":"english","language_id":38},"transliteration":{"text":null,"language_name":"english","language_id":38}}],"translations":[{"id":921202,"resource_id":134,"text":"Ataukah mereka mempunyai tangga (ke langit) untuk mendengarkan pada tangga itu (hal-hal yang gaib)? Maka hendaklah orang yang mendengarkan di antara mereka mendatangkan suatu keterangan yang nyata."}]},{"id":4774,"verse_number":39,"verse_key":"52:39","juz_number":27,"hizb_number":53,"rub_el_hizb_number":210,"ruku_number":461,"manzil_number":7,"sajdah_number":null,"text_uthmani":"أَمْ لَهُ ٱلْبَنَـٰتُ وَلَكُمُ ٱلْبَنُونَ","page_number":525,"words":[{"id":40719,"position":1,"audio_url":"wbw/052_039_001.mp3","qpc_uthmani_hafs":"أَمۡ","char_type_name":"word","page_number":525,"line_number":6,"text":"ﮏ","translation":{"text":"Or","language_name":"english","language_id":38},"transliteration":{"text":"am","language_name":"english","language_id":38}},{"id":40720,"position":2,"audio_url":"wbw/052_039_002.mp3","qpc_uthmani_hafs":"لَهُ","char_type_name":"word","page_number":525,"line_number":6,"text":"ﮐ","translation":{"text":"for Him","language_name":"english","language_id":38},"transliteration":{"text":"lahu","language_name":"english","language_id":38}},{"id":40721,"position":3,"audio_url":"wbw/052_039_003.mp3","qpc_uthmani_hafs":"ٱلۡبَنَٰتُ","char_type_name":"word","page_number":525,"line_number":6,"text":"ﮑ","translation":{"text":"(are) daughters","language_name":"english","language_id":38},"transliteration":{"text":"l-banātu","language_name":"english","language_id":38}},{"id":40722,"position":4,"audio_url":"wbw/052_039_004.mp3","qpc_uthmani_hafs":"وَلَكُمُ","char_type_name":"word","page_number":525,"line_number":6,"text":"ﮒ","translation":{"text":"while for you","language_name":"english","language_id":38},"transliteration":{"text":"walakumu","language_name":"english","language_id":38}},{"id":40723,"position":5,"audio_url":"wbw/052_039_005.mp3","qpc_uthmani_hafs":"ٱلۡبَنُونَ","char_type_name":"word","page_number":525,"line_number":6,"text":"ﮓ","translation":{"text":"(are) sons","language_name":"english","language_id":38},"transliteration":{"text":"l-banūna","language_name":"english","language_id":38}},{"id":40724,"position":6,"audio_url":null,"qpc_uthmani_hafs":"٣٩","char_type_name":"end","page_number":525,"line_number":6,"text":"ﮔ","translation":{"text":"(39)","language_name":"english","language_id":38},"transliteration":{"text":null,"language_name":"english","language_id":38}}],"translations":[{"id":921203,"resource_id":134,"text":"Ataukah untuk Allah anak-anak perempuan dan untuk kamu anak-anak laki-laki?"}]},{"id":4775,"verse_number":40,"verse_key":"52:40","juz_number":27,"hizb_number":53,"rub_el_hizb_number":210,"ruku_number":461,"manzil_number":7,"sajdah_number":null,"text_uthmani":"أَمْ تَسْـَٔلُهُمْ أَجْرًا فَهُم مِّن مَّغْرَمٍ مُّثْقَلُونَ","page_number":525,"words":[{"id":41171,"position":1,"audio_url":"wbw/052_040_001.mp3","qpc_uthmani_hafs":"أَمۡ","char_type_name":"word","page_number":525,"line_number":7,"text":"ﮕ","translation":{"text":"Or","language_name":"english","language_id":38},"transliteration":{"text":"am","language_name":"english","language_id":38}},{"id":41172,"position":2,"audio_url":"wbw/052_040_002.mp3","qpc_uthmani_hafs":"تَسۡـَٔلُهُمۡ","char_type_name":"word","page_number":525,"line_number":7,"text":"ﮖ","translation":{"text":"(do) you ask from them","language_name":"english","language_id":38},"transliteration":{"text":"tasaluhum","language_name":"english","language_id":38}},{"id":41173,"position":3,"audio_url":"wbw/052_040_003.mp3","qpc_uthmani_hafs":"أَجۡرٗا","char_type_name":"word","page_number":525,"line_number":7,"text":"ﮗ","translation":{"text":"a payment","language_name":"english","language_id":38},"transliteration":{"text":"ajran","language_name":"english","language_id":38}},{"id":41174,"position":4,"audio_url":"wbw/052_040_004.mp3","qpc_uthmani_hafs":"فَهُم","char_type_name":"word","page_number":525,"line_number":7,"text":"ﮘ","translation":{"text":"so they","language_name":"english","language_id":38},"transliteration":{"text":"fahum","language_name":"english","language_id":38}},{"id":41175,"position":5,"audio_url":"wbw/052_040_005.mp3","qpc_uthmani_hafs":"مِّن","char_type_name":"word","page_number":525,"line_number":7,"text":"ﮙ","translation":{"text":"from","language_name":"english","language_id":38},"transliteration":{"text":"min","language_name":"english","language_id":38}},{"id":41176,"position":6,"audio_url":"wbw/052_040_006.mp3","qpc_uthmani_hafs":"مَّغۡرَمٖ","char_type_name":"word","page_number":525,"line_number":7,"text":"ﮚ","translation":{"text":"a debt","language_name":"english","language_id":38},"transliteration":{"text":"maghramin","language_name":"english","language_id":38}},{"id":41177,"position":7,"audio_url":"wbw/052_040_007.mp3","qpc_uthmani_hafs":"مُّثۡقَلُونَ","char_type_name":"word","page_number":525,"line_number":7,"text":"ﮛ","translation":{"text":"(are) overburdened","language_name":"english","language_id":38},"transliteration":{"text":"muth'qalūna","language_name":"english","language_id":38}},{"id":41178,"position":8,"audio_url":null,"qpc_uthmani_hafs":"٤٠","char_type_name":"end","page_number":525,"line_number":7,"text":"ﮜ","translation":{"text":"(40)","language_name":"english","language_id":38},"transliteration":{"text":null,"language_name":"english","language_id":38}}],"translations":[{"id":921204,"resource_id":134,"text":"Ataukah kamu meminta upah kepada mereka sehingga mereka dibebani dengan utang?"}]},{"id":4776,"verse_number":41,"verse_key":"52:41","juz_number":27,"hizb_number":53,"rub_el_hizb_number":210,"ruku_number":461,"manzil_number":7,"sajdah_number":null,"text_uthmani":"أَمْ عِندَهُمُ ٱلْغَيْبُ فَهُمْ يَكْتُبُونَ","page_number":525,"words":[{"id":42071,"position":1,"audio_url":"wbw/052_041_001.mp3","qpc_uthmani_hafs":"أَمۡ","char_type_name":"word","page_number":525,"line_number":7,"text":"ﮝ","translation":{"text":"Or","language_name":"english","language_id":38},"transliteration":{"text":"am","language_name":"english","language_id":38}},{"id":42072,"position":2,"audio_url":"wbw/052_041_002.mp3","qpc_uthmani_hafs":"عِندَهُمُ","char_type_name":"word","page_number":525,"line_number":7,"text":"ﮞ","translation":{"text":"with them","language_name":"english","language_id":38},"transliteration":{"text":"ʿindahumu","language_name":"english","language_id":38}},{"id":42073,"position":3,"audio_url":"wbw/052_041_003.mp3","qpc_uthmani_hafs":"ٱلۡغَيۡبُ","char_type_name":"word","page_number":525,"line_number":7,"text":"ﮟ","translation":{"text":"(is) the unseen","language_name":"english","language_id":38},"transliteration":{"text":"l-ghaybu","language_name":"english","language_id":38}},{"id":42074,"position":4,"audio_url":"wbw/052_041_004.mp3","qpc_uthmani_hafs":"فَهُمۡ","char_type_name":"word","page_number":525,"line_number":7,"text":"ﮠ","translation":{"text":"so they","language_name":"english","language_id":38},"transliteration":{"text":"fahum","language_name":"english","language_id":38}},{"id":42075,"position":5,"audio_url":"wbw/052_041_005.mp3","qpc_uthmani_hafs":"يَكۡتُبُونَ","char_type_name":"word","page_number":525,"line_number":8,"text":"ﮡ","translation":{"text":"write (it) down","language_name":"english","language_id":38},"transliteration":{"text":"yaktubūna","language_name":"english","language_id":38}},{"id":42076,"position":6,"audio_url":null,"qpc_uthmani_hafs":"٤١","char_type_name":"end","page_number":525,"line_number":8,"text":"ﮢ","translation":{"text":"(41)","language_name":"english","language_id":38},"transliteration":{"text":null,"language_name":"english","language_id":38}}],"translations":[{"id":921205,"resource_id":134,"text":"Apakah ada pada sisi mereka pengetahuan tentang yang gaib lalu mereka menuliskannya?"}]},{"id":4777,"verse_number":42,"verse_key":"52:42","juz_number":27,"hizb_number":53,"rub_el_hizb_number":210,"ruku_number":461,"manzil_number":7,"sajdah_number":null,"text_uthmani":"أَمْ يُرِيدُونَ كَيْدًا ۖ فَٱلَّذِينَ كَفَرُوا۟ هُمُ ٱلْمَكِيدُونَ","page_number":525,"words":[{"id":42835,"position":1,"audio_url":"wbw/052_042_001.mp3","qpc_uthmani_hafs":"أَمۡ","char_type_name":"word","page_number":525,"line_number":8,"text":"ﮣ","translation":{"text":"Or","language_name":"english","language_id":38},"transliteration":{"text":"am","language_name":"english","language_id":38}},{"id":42836,"position":2,"audio_url":"wbw/052_042_002.mp3","qpc_uthmani_hafs":"يُرِيدُونَ","char_type_name":"word","page_number":525,"line_number":8,"text":"ﮤ","translation":{"text":"(do) they intend","language_name":"english","language_id":38},"transliteration":{"text":"yurīdūna","language_name":"english","language_id":38}},{"id":42837,"position":3,"audio_url":"wbw/052_042_003.mp3","qpc_uthmani_hafs":"كَيۡدٗاۖ","char_type_name":"word","page_number":525,"line_number":8,"text":"ﮥﮦ","translation":{"text":"a plot","language_name":"english","language_id":38},"transliteration":{"text":"kaydan","language_name":"english","language_id":38}},{"id":42839,"position":4,"audio_url":"wbw/052_042_005.mp3","qpc_uthmani_hafs":"فَٱلَّذِينَ","char_type_name":"word","page_number":525,"line_number":8,"text":"ﮧ","translation":{"text":"But those who","language_name":"english","language_id":38},"transliteration":{"text":"fa-alladhīna","language_name":"english","language_id":38}},{"id":42840,"position":5,"audio_url":"wbw/052_042_006.mp3","qpc_uthmani_hafs":"كَفَرُواْ","char_type_name":"word","page_number":525,"line_number":8,"text":"ﮨ","translation":{"text":"disbelieve","language_name":"english","language_id":38},"transliteration":{"text":"kafarū","language_name":"english","language_id":38}},{"id":42841,"position":6,"audio_url":"wbw/052_042_007.mp3","qpc_uthmani_hafs":"هُمُ","char_type_name":"word","page_number":525,"line_number":8,"text":"ﮩ","translation":{"text":"themselves","language_name":"english","language_id":38},"transliteration":{"text":"humu","language_name":"english","language_id":38}},{"id":42842,"position":7,"audio_url":"wbw/052_042_008.mp3","qpc_uthmani_hafs":"ٱلۡمَكِيدُونَ","char_type_name":"word","page_number":525,"line_number":8,"text":"ﮪ","translation":{"text":"(are in) the plot","language_name":"english","language_id":38},"transliteration":{"text":"l-makīdūna","language_name":"english","language_id":38}},{"id":42843,"position":8,"audio_url":null,"qpc_uthmani_hafs":"٤٢","char_type_name":"end","page_number":525,"line_number":8,"text":"ﮫ","translation":{"text":"(42)","language_name":"english","language_id":38},"transliteration":{"text":null,"language_name":"english","language_id":38}}],"translations":[{"id":921206,"resource_id":134,"text":"Ataukah mereka hendak melakukan tipu daya? Maka orang-orang yang kafir itu, merekalah yang kena tipu daya."}]},{"id":4778,"verse_number":43,"verse_key":"52:43","juz_number":27,"hizb_number":53,"rub_el_hizb_number":210,"ruku_number":461,"manzil_number":7,"sajdah_number":null,"text_uthmani":"أَمْ لَهُمْ إِلَـٰهٌ غَيْرُ ٱللَّهِ ۚ سُبْحَـٰنَ ٱللَّهِ عَمَّا يُشْرِكُونَ","page_number":525,"words":[{"id":43744,"position":1,"audio_url":"wbw/052_043_001.mp3","qpc_uthmani_hafs":"أَمۡ","char_type_name":"word","page_number":525,"line_number":9,"text":"ﮬ","translation":{"text":"Or","language_name":"english","language_id":38},"transliteration":{"text":"am","language_name":"english","language_id":38}},{"id":43745,"position":2,"audio_url":"wbw/052_043_002.mp3","qpc_uthmani_hafs":"لَهُمۡ","char_type_name":"word","page_number":525,"line_number":9,"text":"ﮭ","translation":{"text":"for them","language_name":"english","language_id":38},"transliteration":{"text":"lahum","language_name":"english","language_id":38}},{"id":43746,"position":3,"audio_url":"wbw/052_043_003.mp3","qpc_uthmani_hafs":"إِلَٰهٌ","char_type_name":"word","page_number":525,"line_number":9,"text":"ﮮ","translation":{"text":"a god","language_name":"english","language_id":38},"transliteration":{"text":"ilāhun","language_name":"english","language_id":38}},{"id":43747,"position":4,"audio_url":"wbw/052_043_004.mp3","qpc_uthmani_hafs":"غَيۡرُ","char_type_name":"word","page_number":525,"line_number":9,"text":"ﮯ","translation":{"text":"other than","language_name":"english","language_id":38},"transliteration":{"text":"ghayru","language_name":"english","language_id":38}},{"id":43748,"position":5,"audio_url":"wbw/052_043_005.mp3","qpc_uthmani_hafs":"ٱللَّهِۚ","char_type_name":"word","page_number":525,"line_number":9,"text":"ﮰﮱ","translation":{"text":"Allah","language_name":"english","language_id":38},"transliteration":{"text":"l-lahi","language_name":"english","language_id":38}},{"id":43750,"position":6,"audio_url":"wbw/052_043_007.mp3","qpc_uthmani_hafs":"سُبۡحَٰنَ","char_type_name":"word","page_number":525,"line_number":9,"text":"ﯓ","translation":{"text":"Glory be","language_name":"english","language_id":38},"transliteration":{"text":"sub'ḥāna","language_name":"english","language_id":38}},{"id":43751,"position":7,"audio_url":"wbw/052_043_008.mp3","qpc_uthmani_hafs":"ٱللَّهِ","char_type_name":"word","page_number":525,"line_number":9,"text":"ﯔ","translation":{"text":"(to) Allah","language_name":"english","language_id":38},"transliteration":{"text":"l-lahi","language_name":"english","language_id":38}},{"id":43752,"position":8,"audio_url":"wbw/052_043_009.mp3","qpc_uthmani_hafs":"عَمَّا","char_type_name":"word","page_number":525,"line_number":9,"text":"ﯕ","translation":{"text":"from what","language_name":"english","language_id":38},"transliteration":{"text":"ʿammā","language_name":"english","language_id":38}},{"id":43753,"position":9,"audio_url":"wbw/052_043_010.mp3","qpc_uthmani_hafs":"يُشۡرِكُونَ","char_type_name":"word","page_number":525,"line_number":9,"text":"ﯖ","translation":{"text":"they associate (with Him)","language_name":"english","language_id":38},"transliteration":{"text":"yush'rikūna","language_name":"english","language_id":38}},{"id":43754,"position":10,"audio_url":null,"qpc_uthmani_hafs":"٤٣","char_type_name":"end","page_number":525,"line_number":9,"text":"ﯗ","translation":{"text":"(43)","language_name":"english","language_id":38},"transliteration":{"text":null,"language_name":"english","language_id":38}}],"translations":[{"id":921207,"resource_id":134,"text":"Ataukah mereka mempunyai tuhan selain Allah.  Maha Suci Allah dari apa yang mereka persekutukan."}]},{"id":4779,"verse_number":44,"verse_key":"52:44","juz_number":27,"hizb_number":53,"rub_el_hizb_number":210,"ruku_number":461,"manzil_number":7,"sajdah_number":null,"text_uthmani":"وَإِن يَرَوْا۟ كِسْفًا مِّنَ ٱلسَّمَآءِ سَاقِطًا يَقُولُوا۟ سَحَابٌ مَّرْكُومٌ","page_number":525,"words":[{"id":44374,"position":1,"audio_url":"wbw/052_044_001.mp3","qpc_uthmani_hafs":"وَإِن","char_type_name":"word","page_number":525,"line_number":9,"text":"ﯘ","translation":{"text":"And if","language_name":"english","language_id":38},"transliteration":{"text":"wa-in","language_name":"english","language_id":38}},{"id":44375,"position":2,"audio_url":"wbw/052_044_002.mp3","qpc_uthmani_hafs":"يَرَوۡاْ","char_type_name":"word","page_number":525,"line_number":9,"text":"ﯙ","translation":{"text":"they were to see","language_name":"english","language_id":38},"transliteration":{"text":"yaraw","language_name":"english","language_id":38}},{"id":44376,"position":3,"audio_url":"wbw/052_044_003.mp3","qpc_uthmani_hafs":"كِسۡفٗا","char_type_name":"word","page_number":525,"line_number":9,"text":"ﯚ","translation":{"text":"a portion","language_name":"english","language_id":38},"transliteration":{"text":"kis'fan","language_name":"english","language_id":38}},{"id":44377,"position":4,"audio_url":"wbw/052_044_004.mp3","qpc_uthmani_hafs":"مِّنَ","char_type_name":"word","page_number":525,"line_number":10,"text":"ﯛ","translation":{"text":"from","language_name":"english","language_id":38},"transliteration":{"text":"mina","language_name":"english","language_id":38}},{"id":44378,"position":5,"audio_url":"wbw/052_044_005.mp3","qpc_uthmani_hafs":"ٱلسَّمَآءِ","char_type_name":"word","page_number":525,"line_number":10,"text":"ﯜ","translation":{"text":"the sky","language_name":"english","language_id":38},"transliteration":{"text":"l-samāi","language_name":"english","language_id":38}},{"id":44379,"position":6,"audio_url":"wbw/052_044_006.mp3","qpc_uthmani_hafs":"سَاقِطٗا","char_type_name":"word","page_number":525,"line_number":10,"text":"ﯝ","translation":{"text":"falling","language_name":"english","language_id":38},"transliteration":{"text":"sāqiṭan","language_name":"english","language_id":38}},{"id":44380,"position":7,"audio_url":"wbw/052_044_007.mp3","qpc_uthmani_hafs":"يَقُولُواْ","char_type_name":"word","page_number":525,"line_number":10,"text":"ﯞ","translation":{"text":"they will say","language_name":"english","language_id":38},"transliteration":{"text":"yaqūlū","language_name":"english","language_id":38}},{"id":44381,"position":8,"audio_url":"wbw/052_044_008.mp3","qpc_uthmani_hafs":"سَحَابٞ","char_type_name":"word","page_number":525,"line_number":10,"text":"ﯟ","translation":{"text":"Clouds","language_name":"english","language_id":38},"transliteration":{"text":"saḥābun","language_name":"english","language_id":38}},{"id":44382,"position":9,"audio_url":"wbw/052_044_009.mp3","qpc_uthmani_hafs":"مَّرۡكُومٞ","char_type_name":"word","page_number":525,"line_number":10,"text":"ﯠ","translation":{"text":"heaped up","language_name":"english","language_id":38},"transliteration":{"text":"markūmun","language_name":"english","language_id":38}},{"id":44383,"position":10,"audio_url":null,"qpc_uthmani_hafs":"٤٤","char_type_name":"end","page_number":525,"line_number":10,"text":"ﯡ","translation":{"text":"(44)","language_name":"english","language_id":38},"transliteration":{"text":null,"language_name":"english","language_id":38}}],"translations":[{"id":921208,"resource_id":134,"text":"Jika mereka melihat sebagian dari langit gugur, mereka akan mengatakan, \"Itu adalah awan yang bertindih-tindih\"."}]},{"id":4780,"verse_number":45,"verse_key":"52:45","juz_number":27,"hizb_number":53,"rub_el_hizb_number":210,"ruku_number":461,"manzil_number":7,"sajdah_number":null,"text_uthmani":"فَذَرْهُمْ حَتَّىٰ يُلَـٰقُوا۟ يَوْمَهُمُ ٱلَّذِى فِيهِ يُصْعَقُونَ","page_number":525,"words":[{"id":45113,"position":1,"audio_url":"wbw/052_045_001.mp3","qpc_uthmani_hafs":"فَذَرۡهُمۡ","char_type_name":"word","page_number":525,"line_number":10,"text":"ﯢ","translation":{"text":"So leave them","language_name":"english","language_id":38},"transliteration":{"text":"fadharhum","language_name":"english","language_id":38}},{"id":45114,"position":2,"audio_url":"wbw/052_045_002.mp3","qpc_uthmani_hafs":"حَتَّىٰ","char_type_name":"word","page_number":525,"line_number":10,"text":"ﯣ","translation":{"text":"until","language_name":"english","language_id":38},"transliteration":{"text":"ḥattā","language_name":"english","language_id":38}},{"id":45115,"position":3,"audio_url":"wbw/052_045_003.mp3","qpc_uthmani_hafs":"يُلَٰقُواْ","char_type_name":"word","page_number":525,"line_number":10,"text":"ﯤ","translation":{"text":"they meet","language_name":"english","language_id":38},"transliteration":{"text":"yulāqū","language_name":"english","language_id":38}},{"id":45116,"position":4,"audio_url":"wbw/052_045_004.mp3","qpc_uthmani_hafs":"يَوۡمَهُمُ","char_type_name":"word","page_number":525,"line_number":11,"text":"ﯥ","translation":{"text":"their Day","language_name":"english","language_id":38},"transliteration":{"text":"yawmahumu","language_name":"english","language_id":38}},{"id":45117,"position":5,"audio_url":"wbw/052_045_005.mp3","qpc_uthmani_hafs":"ٱلَّذِي","char_type_name":"word","page_number":525,"line_number":11,"text":"ﯦ","translation":{"text":"which","language_name":"english","language_id":38},"transliteration":{"text":"alladhī","language_name":"english","language_id":38}},{"id":45118,"position":6,"audio_url":"wbw/052_045_006.mp3","qpc_uthmani_hafs":"فِيهِ","char_type_name":"word","page_number":525,"line_number":11,"text":"ﯧ","translation":{"text":"in it","language_name":"english","language_id":38},"transliteration":{"text":"fīhi","language_name":"english","language_id":38}},{"id":45119,"position":7,"audio_url":"wbw/052_045_007.mp3","qpc_uthmani_hafs":"يُصۡعَقُونَ","char_type_name":"word","page_number":525,"line_number":11,"text":"ﯨ","translation":{"text":"they will faint","language_name":"english","language_id":38},"transliteration":{"text":"yuṣ'ʿaqūna","language_name":"english","language_id":38}},{"id":45120,"position":8,"audio_url":null,"qpc_uthmani_hafs":"٤٥","char_type_name":"end","page_number":525,"line_number":11,"text":"ﯩ","translation":{"text":"(45)","language_name":"english","language_id":38},"transliteration":{"text":null,"language_name":"english","language_id":38}}],"translations":[{"id":921209,"resource_id":134,"text":"Maka biarkanlah mereka hingga mereka menemui hari (yang dijanjikan kepada) mereka yang pada hari itu mereka dibinasakan,"}]},{"id":4781,"verse_number":46,"verse_key":"52:46","juz_number":27,"hizb_number":53,"rub_el_hizb_number":210,"ruku_number":461,"manzil_number":7,"sajdah_number":null,"text_uthmani":"يَوْمَ لَا يُغْنِى عَنْهُمْ كَيْدُهُمْ شَيْـًٔا وَلَا هُمْ يُنصَرُونَ","page_number":525,"words":[{"id":45849,"position":1,"audio_url":"wbw/052_046_001.mp3","qpc_uthmani_hafs":"يَوۡمَ","char_type_name":"word","page_number":525,"line_number":11,"text":"ﯪ","translation":{"text":"(The) Day","language_name":"english","language_id":38},"transliteration":{"text":"yawma","language_name":"english","language_id":38}},{"id":45850,"position":2,"audio_url":"wbw/052_046_002.mp3","qpc_uthmani_hafs":"لَا","char_type_name":"word","page_number":525,"line_number":11,"text":"ﯫ","translation":{"text":"not","language_name":"english","language_id":38},"transliteration":{"text":"lā","language_name":"english","language_id":38}},{"id":45851,"position":3,"audio_url":"wbw/052_046_003.mp3","qpc_uthmani_hafs":"يُغۡنِي","char_type_name":"word","page_number":525,"line_number":11,"text":"ﯬ","translation":{"text":"will avail","language_name":"english","language_id":38},"transliteration":{"text":"yugh'nī","language_name":"english","language_id":38}},{"id":45852,"position":4,"audio_url":"wbw/052_046_004.mp3","qpc_uthmani_hafs":"عَنۡهُمۡ","char_type_name":"word","page_number":525,"line_number":11,"text":"ﯭ","translation":{"text":"to them","language_name":"english","language_id":38},"transliteration":{"text":"ʿanhum","language_name":"english","language_id":38}},{"id":45853,"position":5,"audio_url":"wbw/052_046_005.mp3","qpc_uthmani_hafs":"كَيۡدُهُمۡ","char_type_name":"word","page_number":525,"line_number":11,"text":"ﯮ","translation":{"text":"their plotting","language_name":"english","language_id":38},"transliteration":{"text":"kayduhum","language_name":"english","language_id":38}},{"id":45854,"position":6,"audio_url":"wbw/052_046_006.mp3","qpc_uthmani_hafs":"شَيۡـٔٗا","char_type_name":"word","page_number":525,"line_number":11,"text":"ﯯ","translation":{"text":"(in) anything","language_name":"english","language_id":38},"transliteration":{"text":"shayan","language_name":"english","language_id":38}},{"id":45855,"position":7,"audio_url":"wbw/052_046_007.mp3","qpc_uthmani_hafs":"وَلَا","char_type_name":"word","page_number":525,"line_number":12,"text":"ﯰ","translation":{"text":"and not","language_name":"english","language_id":38},"transliteration":{"text":"walā","language_name":"english","language_id":38}},{"id":45856,"position":8,"audio_url":"wbw/052_046_008.mp3","qpc_uthmani_hafs":"هُمۡ","char_type_name":"word","page_number":525,"line_number":12,"text":"ﯱ","translation":{"text":"they","language_name":"english","language_id":38},"transliteration":{"text":"hum","language_name":"english","language_id":38}},{"id":45857,"position":9,"audio_url":"wbw/052_046_009.mp3","qpc_uthmani_hafs":"يُنصَرُونَ","char_type_name":"word","page_number":525,"line_number":12,"text":"ﯲ","translation":{"text":"will be helped","language_name":"english","language_id":38},"transliteration":{"text":"yunṣarūna","language_name":"english","language_id":38}},{"id":45858,"position":10,"audio_url":null,"qpc_uthmani_hafs":"٤٦","char_type_name":"end","page_number":525,"line_number":12,"text":"ﯳ","translation":{"text":"(46)","language_name":"english","language_id":38},"transliteration":{"text":null,"language_name":"english","language_id":38}}],"translations":[{"id":921210,"resource_id":134,"text":"(yaitu) hari ketika tidak berguna bagi mereka sedikit pun tipu daya mereka dan mereka tidak ditolong."}]},{"id":4782,"verse_number":47,"verse_key":"52:47","juz_number":27,"hizb_number":53,"rub_el_hizb_number":210,"ruku_number":461,"manzil_number":7,"sajdah_number":null,"text_uthmani":"وَإِنَّ لِلَّذِينَ ظَلَمُوا۟ عَذَابًا دُونَ ذَٰلِكَ وَلَـٰكِنَّ أَكْثَرَهُمْ لَا يَعْلَمُونَ","page_number":525,"words":[{"id":46604,"position":1,"audio_url":"wbw/052_047_001.mp3","qpc_uthmani_hafs":"وَإِنَّ","char_type_name":"word","page_number":525,"line_number":12,"text":"ﯴ","translation":{"text":"And indeed","language_name":"english","language_id":38},"transliteration":{"text":"wa-inna","language_name":"english","language_id":38}},{"id":46605,"position":2,"audio_url":"wbw/052_047_002.mp3","qpc_uthmani_hafs":"لِلَّذِينَ","char_type_name":"word","page_number":525,"line_number":12,"text":"ﯵ","translation":{"text":"for those who","language_name":"english","language_id":38},"transliteration":{"text":"lilladhīna","language_name":"english","language_id":38}},{"id":46606,"position":3,"audio_url":"wbw/052_047_003.mp3","qpc_uthmani_hafs":"ظَلَمُواْ","char_type_name":"word","page_number":525,"line_number":12,"text":"ﯶ","translation":{"text":"do wrong","language_name":"english","language_id":38},"transliteration":{"text":"ẓalamū","language_name":"english","language_id":38}},{"id":46607,"position":4,"audio_url":"wbw/052_047_004.mp3","qpc_uthmani_hafs":"عَذَابٗا","char_type_name":"word","page_number":525,"line_number":12,"text":"ﯷ","translation":{"text":"(is) a punishment","language_name":"english","language_id":38},"transliteration":{"text":"ʿadhāban","language_name":"english","language_id":38}},{"id":46608,"position":5,"audio_url":"wbw/052_047_005.mp3","qpc_uthmani_hafs":"دُونَ","char_type_name":"word","page_number":525,"line_number":12,"text":"ﯸ","translation":{"text":"before","language_name":"english","language_id":38},"transliteration":{"text":"dūna","language_name":"english","language_id":38}},{"id":46609,"position":6,"audio_url":"wbw/052_047_006.mp3","qpc_uthmani_hafs":"ذَٰلِكَ","char_type_name":"word","page_number":525,"line_number":12,"text":"ﯹ","translation":{"text":"that","language_name":"english","language_id":38},"transliteration":{"text":"dhālika","language_name":"english","language_id":38}},{"id":46610,"position":7,"audio_url":"wbw/052_047_007.mp3","qpc_uthmani_hafs":"وَلَٰكِنَّ","char_type_name":"word","page_number":525,"line_number":12,"text":"ﯺ","translation":{"text":"but","language_name":"english","language_id":38},"transliteration":{"text":"walākinna","language_name":"english","language_id":38}},{"id":46611,"position":8,"audio_url":"wbw/052_047_008.mp3","qpc_uthmani_hafs":"أَكۡثَرَهُمۡ","char_type_name":"word","page_number":525,"line_number":13,"text":"ﯻ","translation":{"text":"most of them","language_name":"english","language_id":38},"transliteration":{"text":"aktharahum","language_name":"english","language_id":38}},{"id":46612,"position":9,"audio_url":"wbw/052_047_009.mp3","qpc_uthmani_hafs":"لَا","char_type_name":"word","page_number":525,"line_number":13,"text":"ﯼ","translation":{"text":"(do) not","language_name":"english","language_id":38},"transliteration":{"text":"lā","language_name":"english","language_id":38}},{"id":46613,"position":10,"audio_url":"wbw/052_047_010.mp3","qpc_uthmani_hafs":"يَعۡلَمُونَ","char_type_name":"word","page_number":525,"line_number":13,"text":"ﯽ","translation":{"text":"know","language_name":"english","language_id":38},"transliteration":{"text":"yaʿlamūna","language_name":"english","language_id":38}},{"id":46614,"position":11,"audio_url":null,"qpc_uthmani_hafs":"٤٧","char_type_name":"end","page_number":525,"line_number":13,"text":"ﯾ","translation":{"text":"(47)","language_name":"english","language_id":38},"transliteration":{"text":null,"language_name":"english","language_id":38}}],"translations":[{"id":921211,"resource_id":134,"text":"Dan sesungguhnya untuk orang-orang yang zalim ada azab selain itu<sup foot_note=211197>1</sup>.  Tetapi kebanyakan mereka tidak mengetahui."}]},{"id":4783,"verse_number":48,"verse_key":"52:48","juz_number":27,"hizb_number":53,"rub_el_hizb_number":210,"ruku_number":461,"manzil_number":7,"sajdah_number":null,"text_uthmani":"وَٱصْبِرْ لِحُكْمِ رَبِّكَ فَإِنَّكَ بِأَعْيُنِنَا ۖ وَسَبِّحْ بِحَمْدِ رَبِّكَ حِينَ تَقُومُ","page_number":525,"words":[{"id":47215,"position":1,"audio_url":"wbw/052_048_001.mp3","qpc_uthmani_hafs":"وَٱصۡبِرۡ","char_type_name":"word","page_number":525,"line_number":13,"text":"ﯿ","translation":{"text":"So be patient","language_name":"english","language_id":38},"transliteration":{"text":"wa-iṣ'bir","language_name":"english","language_id":38}},{"id":47216,"position":2,"audio_url":"wbw/052_048_002.mp3","qpc_uthmani_hafs":"لِحُكۡمِ","char_type_name":"word","page_number":525,"line_number":13,"text":"ﰀ","translation":{"text":"for (the) Command","language_name":"english","language_id":38},"transliteration":{"text":"liḥuk'mi","language_name":"english","language_id":38}},{"id":47217,"position":3,"audio_url":"wbw/052_048_003.mp3","qpc_uthmani_hafs":"رَبِّكَ","char_type_name":"word","page_number":525,"line_number":13,"text":"ﰁ","translation":{"text":"(of) your Lord","language_name":"english","language_id":38},"transliteration":{"text":"rabbika","language_name":"english","language_id":38}},{"id":47218,"position":4,"audio_url":"wbw/052_048_004.mp3","qpc_uthmani_hafs":"فَإِنَّكَ","char_type_name":"word","page_number":525,"line_number":13,"text":"ﰂ","translation":{"text":"for indeed, you","language_name":"english","language_id":38},"transliteration":{"text":"fa-innaka","language_name":"english","language_id":38}},{"id":47219,"position":5,"audio_url":"wbw/052_048_005.mp3","qpc_uthmani_hafs":"بِأَعۡيُنِنَاۖ","char_type_name":"word","page_number":525,"line_number":13,"text":"ﰃﰄ","translation":{"text":"(are) in Our Eyes","language_name":"english","language_id":38},"transliteration":{"text":"bi-aʿyuninā","language_name":"english","language_id":38}},{"id":47221,"position":6,"audio_url":"wbw/052_048_007.mp3","qpc_uthmani_hafs":"وَسَبِّحۡ","char_type_name":"word","page_number":525,"line_number":13,"text":"ﰅ","translation":{"text":"And glorify","language_name":"english","language_id":38},"transliteration":{"text":"wasabbiḥ","language_name":"english","language_id":38}},{"id":47222,"position":7,"audio_url":"wbw/052_048_008.mp3","qpc_uthmani_hafs":"بِحَمۡدِ","char_type_name":"word","page_number":525,"line_number":14,"text":"ﰆ","translation":{"text":"(the) praise","language_name":"english","language_id":38},"transliteration":{"text":"biḥamdi","language_name":"english","language_id":38}},{"id":47223,"position":8,"audio_url":"wbw/052_048_009.mp3","qpc_uthmani_hafs":"رَبِّكَ","char_type_name":"word","page_number":525,"line_number":14,"text":"ﰇ","translation":{"text":"(of) your Lord","language_name":"english","language_id":38},"transliteration":{"text":"rabbika","language_name":"english","language_id":38}},{"id":47224,"position":9,"audio_url":"wbw/052_048_010.mp3","qpc_uthmani_hafs":"حِينَ","char_type_name":"word","page_number":525,"line_number":14,"text":"ﰈ","translation":{"text":"when","language_name":"english","language_id":38},"transliteration":{"text":"ḥīna","language_name":"english","language_id":38}},{"id":47225,"position":10,"audio_url":"wbw/052_048_011.mp3","qpc_uthmani_hafs":"تَقُومُ","char_type_name":"word","page_number":525,"line_number":14,"text":"ﰉ","translation":{"text":"you arise","language_name":"english","language_id":38},"transliteration":{"text":"taqūmu","language_name":"english","language_id":38}},{"id":47226,"position":11,"audio_url":null,"qpc_uthmani_hafs":"٤٨","char_type_name":"end","page_number":525,"line_number":14,"text":"ﰊ","translation":{"text":"(48)","language_name":"english","language_id":38},"transliteration":{"text":null,"language_name":"english","language_id":38}}],"translations":[{"id":921212,"resource_id":134,"text":"Dan bersabarlah dalam menunggu ketetapan Tuhan-mu, maka sesungguhnya kamu berada dalam penglihatan Kami, dan bertasbihlah dengan memuji Tuhan-mu ketika kamu bangun berdiri,"}]},{"id":4784,"verse_number":49,"verse_key":"52:49","juz_number":27,"hizb_number":53,"rub_el_hizb_number":210,"ruku_number":461,"manzil_number":7,"sajdah_number":null,"text_uthmani":"وَمِنَ ٱلَّيْلِ فَسَبِّحْهُ وَإِدْبَـٰرَ ٱلنُّجُومِ","page_number":525,"words":[{"id":48042,"position":1,"audio_url":"wbw/052_049_001.mp3","qpc_uthmani_hafs":"وَمِنَ","char_type_name":"word","page_number":525,"line_number":14,"text":"ﰋ","translation":{"text":"And of","language_name":"english","language_id":38},"transliteration":{"text":"wamina","language_name":"english","language_id":38}},{"id":48043,"position":2,"audio_url":"wbw/052_049_002.mp3","qpc_uthmani_hafs":"ٱلَّيۡلِ","char_type_name":"word","page_number":525,"line_number":14,"text":"ﰌ","translation":{"text":"the night","language_name":"english","language_id":38},"transliteration":{"text":"al-layli","language_name":"english","language_id":38}},{"id":48044,"position":3,"audio_url":"wbw/052_049_003.mp3","qpc_uthmani_hafs":"فَسَبِّحۡهُ","char_type_name":"word","page_number":525,"line_number":14,"text":"ﰍ","translation":{"text":"glorify Him","language_name":"english","language_id":38},"transliteration":{"text":"fasabbiḥ'hu","language_name":"english","language_id":38}},{"id":48045,"position":4,"audio_url":"wbw/052_049_004.mp3","qpc_uthmani_hafs":"وَإِدۡبَٰرَ","char_type_name":"word","page_number":525,"line_number":14,"text":"ﰎ","translation":{"text":"and after","language_name":"english","language_id":38},"transliteration":{"text":"wa-id'bāra","language_name":"english","language_id":38}},{"id":48046,"position":5,"audio_url":"wbw/052_049_005.mp3","qpc_uthmani_hafs":"ٱلنُّجُومِ","char_type_name":"word","page_number":525,"line_number":14,"text":"ﰏ","translation":{"text":"the stars","language_name":"english","language_id":38},"transliteration":{"text":"l-nujūmi","language_name":"english","language_id":38}},{"id":48047,"position":6,"audio_url":null,"qpc_uthmani_hafs":"٤٩","char_type_name":"end","page_number":525,"line_number":14,"text":"ﰐ","translation":{"text":"(49)","language_name":"english","language_id":38},"transliteration":{"text":null,"language_name":"english","language_id":38}}],"translations":[{"id":921213,"resource_id":134,"text":"dan bertasbihlah kepada-Nya pada beberapa saat di malam hari dan di waktu terbenam bintang-bintang (di waktu fajar)<sup foot_note=211198>1</sup>."}]}],"pagination":{"per_page":50,"current_page":1,"next_page":null,"total_pages":1,"total_records":18}}