{"verses":[{"id":5100,"verse_number":25,"verse_key":"57:25","juz_number":27,"hizb_number":54,"rub_el_hizb_number":216,"ruku_number":476,"manzil_number":7,"sajdah_number":null,"text_uthmani":"لَقَدْ أَرْسَلْنَا رُسُلَنَا بِٱلْبَيِّنَـٰتِ وَأَنزَلْنَا مَعَهُمُ ٱلْكِتَـٰبَ وَٱلْمِيزَانَ لِيَقُومَ ٱلنَّاسُ بِٱلْقِسْطِ ۖ وَأَنزَلْنَا ٱلْحَدِيدَ فِيهِ بَأْسٌ شَدِيدٌ وَمَنَـٰفِعُ لِلنَّاسِ وَلِيَعْلَمَ ٱللَّهُ مَن يَنصُرُهُۥ وَرُسُلَهُۥ بِٱلْغَيْبِ ۚ إِنَّ ٱللَّهَ قَوِىٌّ عَزِيزٌ","page_number":541,"words":[{"id":27931,"position":1,"audio_url":"wbw/057_025_001.mp3","qpc_uthmani_hafs":"لَقَدۡ","char_type_name":"word","page_number":541,"line_number":1,"text":"ﭑ","translation":{"text":"Certainly","language_name":"english","language_id":38},"transliteration":{"text":"laqad","language_name":"english","language_id":38}},{"id":27932,"position":2,"audio_url":"wbw/057_025_002.mp3","qpc_uthmani_hafs":"أَرۡسَلۡنَا","char_type_name":"word","page_number":541,"line_number":1,"text":"ﭒ","translation":{"text":"We sent","language_name":"english","language_id":38},"transliteration":{"text":"arsalnā","language_name":"english","language_id":38}},{"id":27933,"position":3,"audio_url":"wbw/057_025_003.mp3","qpc_uthmani_hafs":"رُسُلَنَا","char_type_name":"word","page_number":541,"line_number":1,"text":"ﭓ","translation":{"text":"Our Messengers","language_name":"english","language_id":38},"transliteration":{"text":"rusulanā","language_name":"english","language_id":38}},{"id":27934,"position":4,"audio_url":"wbw/057_025_004.mp3","qpc_uthmani_hafs":"بِٱلۡبَيِّنَٰتِ","char_type_name":"word","page_number":541,"line_number":1,"text":"ﭔ","translation":{"text":"with clear proofs","language_name":"english","language_id":38},"transliteration":{"text":"bil-bayināti","language_name":"english","language_id":38}},{"id":27935,"position":5,"audio_url":"wbw/057_025_005.mp3","qpc_uthmani_hafs":"وَأَنزَلۡنَا","char_type_name":"word","page_number":541,"line_number":1,"text":"ﭕ","translation":{"text":"and We sent down","language_name":"english","language_id":38},"transliteration":{"text":"wa-anzalnā","language_name":"english","language_id":38}},{"id":27936,"position":6,"audio_url":"wbw/057_025_006.mp3","qpc_uthmani_hafs":"مَعَهُمُ","char_type_name":"word","page_number":541,"line_number":1,"text":"ﭖ","translation":{"text":"with them","language_name":"english","language_id":38},"transliteration":{"text":"maʿahumu","language_name":"english","language_id":38}},{"id":27937,"position":7,"audio_url":"wbw/057_025_007.mp3","qpc_uthmani_hafs":"ٱلۡكِتَٰبَ","char_type_name":"word","page_number":541,"line_number":1,"text":"ﭗ","translation":{"text":"the Scripture","language_name":"english","language_id":38},"transliteration":{"text":"l-kitāba","language_name":"english","language_id":38}},{"id":27938,"position":8,"audio_url":"wbw/057_025_008.mp3","qpc_uthmani_hafs":"وَٱلۡمِيزَانَ","char_type_name":"word","page_number":541,"line_number":2,"text":"ﭘ","translation":{"text":"and the Balance","language_name":"english","language_id":38},"transliteration":{"text":"wal-mīzāna","language_name":"english","language_id":38}},{"id":27939,"position":9,"audio_url":"wbw/057_025_009.mp3","qpc_uthmani_hafs":"لِيَقُومَ","char_type_name":"word","page_number":541,"line_number":2,"text":"ﭙ","translation":{"text":"that may establish","language_name":"english","language_id":38},"transliteration":{"text":"liyaqūma","language_name":"english","language_id":38}},{"id":27940,"position":10,"audio_url":"wbw/057_025_010.mp3","qpc_uthmani_hafs":"ٱلنَّاسُ","char_type_name":"word","page_number":541,"line_number":2,"text":"ﭚ","translation":{"text":"the people","language_name":"english","language_id":38},"transliteration":{"text":"l-nāsu","language_name":"english","language_id":38}},{"id":27941,"position":11,"audio_url":"wbw/057_025_011.mp3","qpc_uthmani_hafs":"بِٱلۡقِسۡطِۖ","char_type_name":"word","page_number":541,"line_number":2,"text":"ﭛﭜ","translation":{"text":"justice","language_name":"english","language_id":38},"transliteration":{"text":"bil-qis'ṭi","language_name":"english","language_id":38}},{"id":27943,"position":12,"audio_url":"wbw/057_025_013.mp3","qpc_uthmani_hafs":"وَأَنزَلۡنَا","char_type_name":"word","page_number":541,"line_number":2,"text":"ﭝ","translation":{"text":"And We sent down","language_name":"english","language_id":38},"transliteration":{"text":"wa-anzalnā","language_name":"english","language_id":38}},{"id":27944,"position":13,"audio_url":"wbw/057_025_014.mp3","qpc_uthmani_hafs":"ٱلۡحَدِيدَ","char_type_name":"word","page_number":541,"line_number":2,"text":"ﭞ","translation":{"text":"[the] iron","language_name":"english","language_id":38},"transliteration":{"text":"l-ḥadīda","language_name":"english","language_id":38}},{"id":27945,"position":14,"audio_url":"wbw/057_025_015.mp3","qpc_uthmani_hafs":"فِيهِ","char_type_name":"word","page_number":541,"line_number":2,"text":"ﭟ","translation":{"text":"wherein","language_name":"english","language_id":38},"transliteration":{"text":"fīhi","language_name":"english","language_id":38}},{"id":27946,"position":15,"audio_url":"wbw/057_025_016.mp3","qpc_uthmani_hafs":"بَأۡسٞ","char_type_name":"word","page_number":541,"line_number":3,"text":"ﭠ","translation":{"text":"(is) power","language_name":"english","language_id":38},"transliteration":{"text":"basun","language_name":"english","language_id":38}},{"id":27947,"position":16,"audio_url":"wbw/057_025_017.mp3","qpc_uthmani_hafs":"شَدِيدٞ","char_type_name":"word","page_number":541,"line_number":3,"text":"ﭡ","translation":{"text":"mighty","language_name":"english","language_id":38},"transliteration":{"text":"shadīdun","language_name":"english","language_id":38}},{"id":27948,"position":17,"audio_url":"wbw/057_025_018.mp3","qpc_uthmani_hafs":"وَمَنَٰفِعُ","char_type_name":"word","page_number":541,"line_number":3,"text":"ﭢ","translation":{"text":"and benefits","language_name":"english","language_id":38},"transliteration":{"text":"wamanāfiʿu","language_name":"english","language_id":38}},{"id":27949,"position":18,"audio_url":"wbw/057_025_019.mp3","qpc_uthmani_hafs":"لِلنَّاسِ","char_type_name":"word","page_number":541,"line_number":3,"text":"ﭣ","translation":{"text":"for the people","language_name":"english","language_id":38},"transliteration":{"text":"lilnnāsi","language_name":"english","language_id":38}},{"id":27950,"position":19,"audio_url":"wbw/057_025_020.mp3","qpc_uthmani_hafs":"وَلِيَعۡلَمَ","char_type_name":"word","page_number":541,"line_number":3,"text":"ﭤ","translation":{"text":"and so that Allah may make evident","language_name":"english","language_id":38},"transliteration":{"text":"waliyaʿlama","language_name":"english","language_id":38}},{"id":27951,"position":20,"audio_url":"wbw/057_025_021.mp3","qpc_uthmani_hafs":"ٱللَّهُ","char_type_name":"word","page_number":541,"line_number":3,"text":"ﭥ","translation":{"text":"and so that Allah may make evident","language_name":"english","language_id":38},"transliteration":{"text":"l-lahu","language_name":"english","language_id":38}},{"id":27952,"position":21,"audio_url":"wbw/057_025_022.mp3","qpc_uthmani_hafs":"مَن","char_type_name":"word","page_number":541,"line_number":3,"text":"ﭦ","translation":{"text":"(he) who","language_name":"english","language_id":38},"transliteration":{"text":"man","language_name":"english","language_id":38}},{"id":27953,"position":22,"audio_url":"wbw/057_025_023.mp3","qpc_uthmani_hafs":"يَنصُرُهُۥ","char_type_name":"word","page_number":541,"line_number":3,"text":"ﭧ","translation":{"text":"helps Him","language_name":"english","language_id":38},"transliteration":{"text":"yanṣuruhu","language_name":"english","language_id":38}},{"id":27954,"position":23,"audio_url":"wbw/057_025_024.mp3","qpc_uthmani_hafs":"وَرُسُلَهُۥ","char_type_name":"word","page_number":541,"line_number":3,"text":"ﭨ","translation":{"text":"and His Messengers","language_name":"english","language_id":38},"transliteration":{"text":"warusulahu","language_name":"english","language_id":38}},{"id":27955,"position":24,"audio_url":"wbw/057_025_025.mp3","qpc_uthmani_hafs":"بِٱلۡغَيۡبِۚ","char_type_name":"word","page_number":541,"line_number":4,"text":"ﭩﭪ","translation":{"text":"unseen","language_name":"english","language_id":38},"transliteration":{"text":"bil-ghaybi","language_name":"english","language_id":38}},{"id":27957,"position":25,"audio_url":"wbw/057_025_027.mp3","qpc_uthmani_hafs":"إِنَّ","char_type_name":"word","page_number":541,"line_number":4,"text":"ﭫ","translation":{"text":"Indeed","language_name":"english","language_id":38},"transliteration":{"text":"inna","language_name":"english","language_id":38}},{"id":27958,"position":26,"audio_url":"wbw/057_025_028.mp3","qpc_uthmani_hafs":"ٱللَّهَ","char_type_name":"word","page_number":541,"line_number":4,"text":"ﭬ","translation":{"text":"Allah","language_name":"english","language_id":38},"transliteration":{"text":"l-laha","language_name":"english","language_id":38}},{"id":27959,"position":27,"audio_url":"wbw/057_025_029.mp3","qpc_uthmani_hafs":"قَوِيٌّ","char_type_name":"word","page_number":541,"line_number":4,"text":"ﭭ","translation":{"text":"(is) All-Strong","language_name":"english","language_id":38},"transliteration":{"text":"qawiyyun","language_name":"english","language_id":38}},{"id":27960,"position":28,"audio_url":"wbw/057_025_030.mp3","qpc_uthmani_hafs":"عَزِيزٞ","char_type_name":"word","page_number":541,"line_number":4,"text":"ﭮ","translation":{"text":"All-Mighty","language_name":"english","language_id":38},"transliteration":{"text":"ʿazīzun","language_name":"english","language_id":38}},{"id":27961,"position":29,"audio_url":null,"qpc_uthmani_hafs":"٢٥","char_type_name":"end","page_number":541,"line_number":4,"text":"ﭯ","translation":{"text":"(25)","language_name":"english","language_id":38},"transliteration":{"text":null,"language_name":"english","language_id":38}}],"translations":[{"id":921529,"resource_id":134,"text":"Sesungguhnya Kami telah mengutus rasul-rasul Kami dengan membawa bukti-bukti yang nyata dan telah Kami turunkan bersama mereka Alkitab dan neraca (keadilan) supaya manusia dapat melaksanakan keadilan.  Dan Kami ciptakan besi yang padanya terdapat kekuatan yang hebat dan berbagai manfaat bagi manusia, (supaya mereka mempergunakan besi itu) dan supaya Allah mengetahui siapa yang menolong (agama)-Nya dan rasul-rasul-Nya padahal Allah tidak dilihatnya. Sesungguhnya Allah Maha Kuat lagi Maha Perkasa."}]},{"id":5101,"verse_number":26,"verse_key":"57:26","juz_number":27,"hizb_number":54,"rub_el_hizb_number":216,"ruku_number":477,"manzil_number":7,"sajdah_number":null,"text_uthmani":"وَلَقَدْ أَرْسَلْنَا نُوحًا وَإِبْرَٰهِيمَ وَجَعَلْنَا فِى ذُرِّيَّتِهِمَا ٱلنُّبُوَّةَ وَٱلْكِتَـٰبَ ۖ فَمِنْهُم مُّهْتَدٍ ۖ وَكَثِيرٌ مِّنْهُمْ فَـٰسِقُونَ","page_number":541,"words":[{"id":29320,"position":1,"audio_url":"wbw/057_026_001.mp3","qpc_uthmani_hafs":"وَلَقَدۡ","char_type_name":"word","page_number":541,"line_number":4,"text":"ﭰ","translation":{"text":"And certainly","language_name":"english","language_id":38},"transliteration":{"text":"walaqad","language_name":"english","language_id":38}},{"id":29321,"position":2,"audio_url":"wbw/057_026_002.mp3","qpc_uthmani_hafs":"أَرۡسَلۡنَا","char_type_name":"word","page_number":541,"line_number":4,"text":"ﭱ","translation":{"text":"We sent","language_name":"english","language_id":38},"transliteration":{"text":"arsalnā","language_name":"english","language_id":38}},{"id":29322,"position":3,"audio_url":"wbw/057_026_003.mp3","qpc_uthmani_hafs":"نُوحٗا","char_type_name":"word","page_number":541,"line_number":4,"text":"ﭲ","translation":{"text":"Nuh","language_name":"english","language_id":38},"transliteration":{"text":"nūḥan","language_name":"english","language_id":38}},{"id":29323,"position":4,"audio_url":"wbw/057_026_004.mp3","qpc_uthmani_hafs":"وَإِبۡرَٰهِيمَ","char_type_name":"word","page_number":541,"line_number":4,"text":"ﭳ","translation":{"text":"and Ibrahim","language_name":"english","language_id":38},"transliteration":{"text":"wa-ib'rāhīma","language_name":"english","language_id":38}},{"id":29324,"position":5,"audio_url":"wbw/057_026_005.mp3","qpc_uthmani_hafs":"وَجَعَلۡنَا","char_type_name":"word","page_number":541,"line_number":5,"text":"ﭴ","translation":{"text":"and We placed","language_name":"english","language_id":38},"transliteration":{"text":"wajaʿalnā","language_name":"english","language_id":38}},{"id":29325,"position":6,"audio_url":"wbw/057_026_006.mp3","qpc_uthmani_hafs":"فِي","char_type_name":"word","page_number":541,"line_number":5,"text":"ﭵ","translation":{"text":"in","language_name":"english","language_id":38},"transliteration":{"text":"fī","language_name":"english","language_id":38}},{"id":29326,"position":7,"audio_url":"wbw/057_026_007.mp3","qpc_uthmani_hafs":"ذُرِّيَّتِهِمَا","char_type_name":"word","page_number":541,"line_number":5,"text":"ﭶ","translation":{"text":"their offspring","language_name":"english","language_id":38},"transliteration":{"text":"dhurriyyatihimā","language_name":"english","language_id":38}},{"id":29327,"position":8,"audio_url":"wbw/057_026_008.mp3","qpc_uthmani_hafs":"ٱلنُّبُوَّةَ","char_type_name":"word","page_number":541,"line_number":5,"text":"ﭷ","translation":{"text":"Prophethood","language_name":"english","language_id":38},"transliteration":{"text":"l-nubuwata","language_name":"english","language_id":38}},{"id":29328,"position":9,"audio_url":"wbw/057_026_009.mp3","qpc_uthmani_hafs":"وَٱلۡكِتَٰبَۖ","char_type_name":"word","page_number":541,"line_number":5,"text":"ﭸﭹ","translation":{"text":"and the Scripture","language_name":"english","language_id":38},"transliteration":{"text":"wal-kitāba","language_name":"english","language_id":38}},{"id":29330,"position":10,"audio_url":"wbw/057_026_011.mp3","qpc_uthmani_hafs":"فَمِنۡهُم","char_type_name":"word","page_number":541,"line_number":5,"text":"ﭺ","translation":{"text":"and among them","language_name":"english","language_id":38},"transliteration":{"text":"famin'hum","language_name":"english","language_id":38}},{"id":29331,"position":11,"audio_url":"wbw/057_026_012.mp3","qpc_uthmani_hafs":"مُّهۡتَدٖۖ","char_type_name":"word","page_number":541,"line_number":5,"text":"ﭻﭼ","translation":{"text":"(is) a guided one","language_name":"english","language_id":38},"transliteration":{"text":"muh'tadin","language_name":"english","language_id":38}},{"id":29333,"position":12,"audio_url":"wbw/057_026_014.mp3","qpc_uthmani_hafs":"وَكَثِيرٞ","char_type_name":"word","page_number":541,"line_number":6,"text":"ﭽ","translation":{"text":"but most","language_name":"english","language_id":38},"transliteration":{"text":"wakathīrun","language_name":"english","language_id":38}},{"id":29334,"position":13,"audio_url":"wbw/057_026_015.mp3","qpc_uthmani_hafs":"مِّنۡهُمۡ","char_type_name":"word","page_number":541,"line_number":6,"text":"ﭾ","translation":{"text":"of them","language_name":"english","language_id":38},"transliteration":{"text":"min'hum","language_name":"english","language_id":38}},{"id":29335,"position":14,"audio_url":"wbw/057_026_016.mp3","qpc_uthmani_hafs":"فَٰسِقُونَ","char_type_name":"word","page_number":541,"line_number":6,"text":"ﭿ","translation":{"text":"(are) defiantly disobediently","language_name":"english","language_id":38},"transliteration":{"text":"fāsiqūna","language_name":"english","language_id":38}},{"id":29336,"position":15,"audio_url":null,"qpc_uthmani_hafs":"٢٦","char_type_name":"end","page_number":541,"line_number":6,"text":"ﮀ","translation":{"text":"(26)","language_name":"english","language_id":38},"transliteration":{"text":null,"language_name":"english","language_id":38}}],"translations":[{"id":921530,"resource_id":134,"text":"Dan sesungguhnya Kami telah mengutus Nūḥ dan Ibrāhīm dan Kami jadikan kepada keturunan keduanya kenabian dan Alkitab, maka di antara mereka ada yang menerima petunjuk dan banyak di antara mereka fasik."}]},{"id":5102,"verse_number":27,"verse_key":"57:27","juz_number":27,"hizb_number":54,"rub_el_hizb_number":216,"ruku_number":477,"manzil_number":7,"sajdah_number":null,"text_uthmani":"ثُمَّ قَفَّيْنَا عَلَىٰٓ ءَاثَـٰرِهِم بِرُسُلِنَا وَقَفَّيْنَا بِعِيسَى ٱبْنِ مَرْيَمَ وَءَاتَيْنَـٰهُ ٱلْإِنجِيلَ وَجَعَلْنَا فِى قُلُوبِ ٱلَّذِينَ ٱتَّبَعُوهُ رَأْفَةً وَرَحْمَةً وَرَهْبَانِيَّةً ٱبْتَدَعُوهَا مَا كَتَبْنَـٰهَا عَلَيْهِمْ إِلَّا ٱبْتِغَآءَ رِضْوَٰنِ ٱللَّهِ فَمَا رَعَوْهَا حَقَّ رِعَايَتِهَا ۖ فَـَٔاتَيْنَا ٱلَّذِينَ ءَامَنُوا۟ مِنْهُمْ أَجْرَهُمْ ۖ وَكَثِيرٌ مِّنْهُمْ فَـٰسِقُونَ","page_number":541,"words":[{"id":29697,"position":1,"audio_url":"wbw/057_027_001.mp3","qpc_uthmani_hafs":"ثُمَّ","char_type_name":"word","page_number":541,"line_number":6,"text":"ﮁ","translation":{"text":"Then","language_name":"english","language_id":38},"transliteration":{"text":"thumma","language_name":"english","language_id":38}},{"id":29698,"position":2,"audio_url":"wbw/057_027_002.mp3","qpc_uthmani_hafs":"قَفَّيۡنَا","char_type_name":"word","page_number":541,"line_number":6,"text":"ﮂ","translation":{"text":"We sent","language_name":"english","language_id":38},"transliteration":{"text":"qaffaynā","language_name":"english","language_id":38}},{"id":29699,"position":3,"audio_url":"wbw/057_027_003.mp3","qpc_uthmani_hafs":"عَلَىٰٓ","char_type_name":"word","page_number":541,"line_number":6,"text":"ﮃ","translation":{"text":"on","language_name":"english","language_id":38},"transliteration":{"text":"ʿalā","language_name":"english","language_id":38}},{"id":29700,"position":4,"audio_url":"wbw/057_027_004.mp3","qpc_uthmani_hafs":"ءَاثَٰرِهِم","char_type_name":"word","page_number":541,"line_number":6,"text":"ﮄ","translation":{"text":"their footsteps","language_name":"english","language_id":38},"transliteration":{"text":"āthārihim","language_name":"english","language_id":38}},{"id":29701,"position":5,"audio_url":"wbw/057_027_005.mp3","qpc_uthmani_hafs":"بِرُسُلِنَا","char_type_name":"word","page_number":541,"line_number":7,"text":"ﮅ","translation":{"text":"Our Messengers","language_name":"english","language_id":38},"transliteration":{"text":"birusulinā","language_name":"english","language_id":38}},{"id":29702,"position":6,"audio_url":"wbw/057_027_006.mp3","qpc_uthmani_hafs":"وَقَفَّيۡنَا","char_type_name":"word","page_number":541,"line_number":7,"text":"ﮆ","translation":{"text":"and We followed","language_name":"english","language_id":38},"transliteration":{"text":"waqaffaynā","language_name":"english","language_id":38}},{"id":29703,"position":7,"audio_url":"wbw/057_027_007.mp3","qpc_uthmani_hafs":"بِعِيسَى","char_type_name":"word","page_number":541,"line_number":7,"text":"ﮇ","translation":{"text":"with Isa","language_name":"english","language_id":38},"transliteration":{"text":"biʿīsā","language_name":"english","language_id":38}},{"id":29704,"position":8,"audio_url":"wbw/057_027_008.mp3","qpc_uthmani_hafs":"ٱبۡنِ","char_type_name":"word","page_number":541,"line_number":7,"text":"ﮈ","translation":{"text":"son","language_name":"english","language_id":38},"transliteration":{"text":"ib'ni","language_name":"english","language_id":38}},{"id":29705,"position":9,"audio_url":"wbw/057_027_009.mp3","qpc_uthmani_hafs":"مَرۡيَمَ","char_type_name":"word","page_number":541,"line_number":7,"text":"ﮉ","translation":{"text":"(of) Maryam","language_name":"english","language_id":38},"transliteration":{"text":"maryama","language_name":"english","language_id":38}},{"id":29706,"position":10,"audio_url":"wbw/057_027_010.mp3","qpc_uthmani_hafs":"وَءَاتَيۡنَٰهُ","char_type_name":"word","page_number":541,"line_number":7,"text":"ﮊ","translation":{"text":"and We gave him","language_name":"english","language_id":38},"transliteration":{"text":"waātaynāhu","language_name":"english","language_id":38}},{"id":29707,"position":11,"audio_url":"wbw/057_027_011.mp3","qpc_uthmani_hafs":"ٱلۡإِنجِيلَۖ","char_type_name":"word","page_number":541,"line_number":7,"text":"ﮋ","translation":{"text":"the Injeel","language_name":"english","language_id":38},"transliteration":{"text":"l-injīla","language_name":"english","language_id":38}},{"id":29708,"position":12,"audio_url":"wbw/057_027_012.mp3","qpc_uthmani_hafs":"وَجَعَلۡنَا","char_type_name":"word","page_number":541,"line_number":8,"text":"ﮌ","translation":{"text":"And We placed","language_name":"english","language_id":38},"transliteration":{"text":"wajaʿalnā","language_name":"english","language_id":38}},{"id":29709,"position":13,"audio_url":"wbw/057_027_013.mp3","qpc_uthmani_hafs":"فِي","char_type_name":"word","page_number":541,"line_number":8,"text":"ﮍ","translation":{"text":"in","language_name":"english","language_id":38},"transliteration":{"text":"fī","language_name":"english","language_id":38}},{"id":29710,"position":14,"audio_url":"wbw/057_027_014.mp3","qpc_uthmani_hafs":"قُلُوبِ","char_type_name":"word","page_number":541,"line_number":8,"text":"ﮎ","translation":{"text":"(the) hearts","language_name":"english","language_id":38},"transliteration":{"text":"qulūbi","language_name":"english","language_id":38}},{"id":29711,"position":15,"audio_url":"wbw/057_027_015.mp3","qpc_uthmani_hafs":"ٱلَّذِينَ","char_type_name":"word","page_number":541,"line_number":8,"text":"ﮏ","translation":{"text":"(of) those who","language_name":"english","language_id":38},"transliteration":{"text":"alladhīna","language_name":"english","language_id":38}},{"id":29712,"position":16,"audio_url":"wbw/057_027_016.mp3","qpc_uthmani_hafs":"ٱتَّبَعُوهُ","char_type_name":"word","page_number":541,"line_number":8,"text":"ﮐ","translation":{"text":"followed him","language_name":"english","language_id":38},"transliteration":{"text":"ittabaʿūhu","language_name":"english","language_id":38}},{"id":29713,"position":17,"audio_url":"wbw/057_027_017.mp3","qpc_uthmani_hafs":"رَأۡفَةٗ","char_type_name":"word","page_number":541,"line_number":8,"text":"ﮑ","translation":{"text":"compassion","language_name":"english","language_id":38},"transliteration":{"text":"rafatan","language_name":"english","language_id":38}},{"id":29714,"position":18,"audio_url":"wbw/057_027_018.mp3","qpc_uthmani_hafs":"وَرَحۡمَةٗۚ","char_type_name":"word","page_number":541,"line_number":8,"text":"ﮒ","translation":{"text":"and mercy","language_name":"english","language_id":38},"transliteration":{"text":"waraḥmatan","language_name":"english","language_id":38}},{"id":29715,"position":19,"audio_url":"wbw/057_027_019.mp3","qpc_uthmani_hafs":"وَرَهۡبَانِيَّةً","char_type_name":"word","page_number":541,"line_number":8,"text":"ﮓ","translation":{"text":"But monasticism","language_name":"english","language_id":38},"transliteration":{"text":"warahbāniyyatan","language_name":"english","language_id":38}},{"id":29716,"position":20,"audio_url":"wbw/057_027_020.mp3","qpc_uthmani_hafs":"ٱبۡتَدَعُوهَا","char_type_name":"word","page_number":541,"line_number":9,"text":"ﮔ","translation":{"text":"they innovated ","language_name":"english","language_id":38},"transliteration":{"text":"ib'tadaʿūhā","language_name":"english","language_id":38}},{"id":29717,"position":21,"audio_url":"wbw/057_027_021.mp3","qpc_uthmani_hafs":"مَا","char_type_name":"word","page_number":541,"line_number":9,"text":"ﮕ","translation":{"text":"not","language_name":"english","language_id":38},"transliteration":{"text":"mā","language_name":"english","language_id":38}},{"id":29718,"position":22,"audio_url":"wbw/057_027_022.mp3","qpc_uthmani_hafs":"كَتَبۡنَٰهَا","char_type_name":"word","page_number":541,"line_number":9,"text":"ﮖ","translation":{"text":"We prescribed it","language_name":"english","language_id":38},"transliteration":{"text":"katabnāhā","language_name":"english","language_id":38}},{"id":29719,"position":23,"audio_url":"wbw/057_027_023.mp3","qpc_uthmani_hafs":"عَلَيۡهِمۡ","char_type_name":"word","page_number":541,"line_number":9,"text":"ﮗ","translation":{"text":"for them ","language_name":"english","language_id":38},"transliteration":{"text":"ʿalayhim","language_name":"english","language_id":38}},{"id":29720,"position":24,"audio_url":"wbw/057_027_024.mp3","qpc_uthmani_hafs":"إِلَّا","char_type_name":"word","page_number":541,"line_number":9,"text":"ﮘ","translation":{"text":"only","language_name":"english","language_id":38},"transliteration":{"text":"illā","language_name":"english","language_id":38}},{"id":29721,"position":25,"audio_url":"wbw/057_027_025.mp3","qpc_uthmani_hafs":"ٱبۡتِغَآءَ","char_type_name":"word","page_number":541,"line_number":9,"text":"ﮙ","translation":{"text":"seeking","language_name":"english","language_id":38},"transliteration":{"text":"ib'tighāa","language_name":"english","language_id":38}},{"id":29722,"position":26,"audio_url":"wbw/057_027_026.mp3","qpc_uthmani_hafs":"رِضۡوَٰنِ","char_type_name":"word","page_number":541,"line_number":9,"text":"ﮚ","translation":{"text":"(the) pleasure","language_name":"english","language_id":38},"transliteration":{"text":"riḍ'wāni","language_name":"english","language_id":38}},{"id":29723,"position":27,"audio_url":"wbw/057_027_027.mp3","qpc_uthmani_hafs":"ٱللَّهِ","char_type_name":"word","page_number":541,"line_number":9,"text":"ﮛ","translation":{"text":"(of) Allah","language_name":"english","language_id":38},"transliteration":{"text":"l-lahi","language_name":"english","language_id":38}},{"id":29724,"position":28,"audio_url":"wbw/057_027_028.mp3","qpc_uthmani_hafs":"فَمَا","char_type_name":"word","page_number":541,"line_number":9,"text":"ﮜ","translation":{"text":"but not","language_name":"english","language_id":38},"transliteration":{"text":"famā","language_name":"english","language_id":38}},{"id":29725,"position":29,"audio_url":"wbw/057_027_029.mp3","qpc_uthmani_hafs":"رَعَوۡهَا","char_type_name":"word","page_number":541,"line_number":10,"text":"ﮝ","translation":{"text":"they observed it","language_name":"english","language_id":38},"transliteration":{"text":"raʿawhā","language_name":"english","language_id":38}},{"id":29726,"position":30,"audio_url":"wbw/057_027_030.mp3","qpc_uthmani_hafs":"حَقَّ","char_type_name":"word","page_number":541,"line_number":10,"text":"ﮞ","translation":{"text":"(with) right","language_name":"english","language_id":38},"transliteration":{"text":"ḥaqqa","language_name":"english","language_id":38}},{"id":29727,"position":31,"audio_url":"wbw/057_027_031.mp3","qpc_uthmani_hafs":"رِعَايَتِهَاۖ","char_type_name":"word","page_number":541,"line_number":10,"text":"ﮟﮠ","translation":{"text":"observance","language_name":"english","language_id":38},"transliteration":{"text":"riʿāyatihā","language_name":"english","language_id":38}},{"id":29729,"position":32,"audio_url":"wbw/057_027_033.mp3","qpc_uthmani_hafs":"فَـَٔاتَيۡنَا","char_type_name":"word","page_number":541,"line_number":10,"text":"ﮡ","translation":{"text":"So We gave","language_name":"english","language_id":38},"transliteration":{"text":"faātaynā","language_name":"english","language_id":38}},{"id":29730,"position":33,"audio_url":"wbw/057_027_034.mp3","qpc_uthmani_hafs":"ٱلَّذِينَ","char_type_name":"word","page_number":541,"line_number":10,"text":"ﮢ","translation":{"text":"those who","language_name":"english","language_id":38},"transliteration":{"text":"alladhīna","language_name":"english","language_id":38}},{"id":29731,"position":34,"audio_url":"wbw/057_027_035.mp3","qpc_uthmani_hafs":"ءَامَنُواْ","char_type_name":"word","page_number":541,"line_number":10,"text":"ﮣ","translation":{"text":"believed","language_name":"english","language_id":38},"transliteration":{"text":"āmanū","language_name":"english","language_id":38}},{"id":29732,"position":35,"audio_url":"wbw/057_027_036.mp3","qpc_uthmani_hafs":"مِنۡهُمۡ","char_type_name":"word","page_number":541,"line_number":10,"text":"ﮤ","translation":{"text":"among them","language_name":"english","language_id":38},"transliteration":{"text":"min'hum","language_name":"english","language_id":38}},{"id":29733,"position":36,"audio_url":"wbw/057_027_037.mp3","qpc_uthmani_hafs":"أَجۡرَهُمۡۖ","char_type_name":"word","page_number":541,"line_number":10,"text":"ﮥﮦ","translation":{"text":"their reward","language_name":"english","language_id":38},"transliteration":{"text":"ajrahum","language_name":"english","language_id":38}},{"id":29735,"position":37,"audio_url":"wbw/057_027_039.mp3","qpc_uthmani_hafs":"وَكَثِيرٞ","char_type_name":"word","page_number":541,"line_number":11,"text":"ﮧ","translation":{"text":"but most","language_name":"english","language_id":38},"transliteration":{"text":"wakathīrun","language_name":"english","language_id":38}},{"id":29736,"position":38,"audio_url":"wbw/057_027_040.mp3","qpc_uthmani_hafs":"مِّنۡهُمۡ","char_type_name":"word","page_number":541,"line_number":11,"text":"ﮨ","translation":{"text":"of them","language_name":"english","language_id":38},"transliteration":{"text":"min'hum","language_name":"english","language_id":38}},{"id":29737,"position":39,"audio_url":"wbw/057_027_041.mp3","qpc_uthmani_hafs":"فَٰسِقُونَ","char_type_name":"word","page_number":541,"line_number":11,"text":"ﮩ","translation":{"text":"(are) defiantly disobediently","language_name":"english","language_id":38},"transliteration":{"text":"fāsiqūna","language_name":"english","language_id":38}},{"id":29738,"position":40,"audio_url":null,"qpc_uthmani_hafs":"٢٧","char_type_name":"end","page_number":541,"line_number":11,"text":"ﮪ","translation":{"text":"(27)","language_name":"english","language_id":38},"transliteration":{"text":null,"language_name":"english","language_id":38}}],"translations":[{"id":921531,"resource_id":134,"text":"Kemudian Kami iringkan di belakang mereka rasul-rasul Kami dan Kami iringkan (pula) ʻIsa putra Maryam; dan Kami berikan kepadanya Injil dan Kami jadikan dalam hati orang-orang yang mengikutinya rasa santun dan kasih sayang.  Dan mereka mengada-adakan rahbāniyyah<sup foot_note=211230>1</sup> padahal kami tidak mewajibkannya kepada mereka, tetapi (mereka sendirilah yang mengada-adakannya) untuk mencari keridaan Allah, lalu mereka tidak memeliharanya dengan pemeliharaan yang semestinya.  Maka Kami berikan kepada orang-orang yang beriman di antara mereka pahalanya dan banyak di antara mereka orang-orang fasik."}]},{"id":5103,"verse_number":28,"verse_key":"57:28","juz_number":27,"hizb_number":54,"rub_el_hizb_number":216,"ruku_number":477,"manzil_number":7,"sajdah_number":null,"text_uthmani":"يَـٰٓأَيُّهَا ٱلَّذِينَ ءَامَنُوا۟ ٱتَّقُوا۟ ٱللَّهَ وَءَامِنُوا۟ بِرَسُولِهِۦ يُؤْتِكُمْ كِفْلَيْنِ مِن رَّحْمَتِهِۦ وَيَجْعَل لَّكُمْ نُورًا تَمْشُونَ بِهِۦ وَيَغْفِرْ لَكُمْ ۚ وَٱللَّهُ غَفُورٌ رَّحِيمٌ","page_number":541,"words":[{"id":30784,"position":1,"audio_url":"wbw/057_028_001.mp3","qpc_uthmani_hafs":"يَٰٓأَيُّهَا","char_type_name":"word","page_number":541,"line_number":11,"text":"ﮫ","translation":{"text":"O you who believe","language_name":"english","language_id":38},"transliteration":{"text":"yāayyuhā","language_name":"english","language_id":38}},{"id":30785,"position":2,"audio_url":"wbw/057_028_002.mp3","qpc_uthmani_hafs":"ٱلَّذِينَ","char_type_name":"word","page_number":541,"line_number":11,"text":"ﮬ","translation":{"text":"O you who believe","language_name":"english","language_id":38},"transliteration":{"text":"alladhīna","language_name":"english","language_id":38}},{"id":30786,"position":3,"audio_url":"wbw/057_028_003.mp3","qpc_uthmani_hafs":"ءَامَنُواْ","char_type_name":"word","page_number":541,"line_number":11,"text":"ﮭ","translation":{"text":"O you who believe","language_name":"english","language_id":38},"transliteration":{"text":"āmanū","language_name":"english","language_id":38}},{"id":30787,"position":4,"audio_url":"wbw/057_028_004.mp3","qpc_uthmani_hafs":"ٱتَّقُواْ","char_type_name":"word","page_number":541,"line_number":11,"text":"ﮮ","translation":{"text":"Fear","language_name":"english","language_id":38},"transliteration":{"text":"ittaqū","language_name":"english","language_id":38}},{"id":30788,"position":5,"audio_url":"wbw/057_028_005.mp3","qpc_uthmani_hafs":"ٱللَّهَ","char_type_name":"word","page_number":541,"line_number":11,"text":"ﮯ","translation":{"text":"Allah","language_name":"english","language_id":38},"transliteration":{"text":"l-laha","language_name":"english","language_id":38}},{"id":30789,"position":6,"audio_url":"wbw/057_028_006.mp3","qpc_uthmani_hafs":"وَءَامِنُواْ","char_type_name":"word","page_number":541,"line_number":12,"text":"ﮰ","translation":{"text":"and believe","language_name":"english","language_id":38},"transliteration":{"text":"waāminū","language_name":"english","language_id":38}},{"id":30790,"position":7,"audio_url":"wbw/057_028_007.mp3","qpc_uthmani_hafs":"بِرَسُولِهِۦ","char_type_name":"word","page_number":541,"line_number":12,"text":"ﮱ","translation":{"text":"in His Messenger","language_name":"english","language_id":38},"transliteration":{"text":"birasūlihi","language_name":"english","language_id":38}},{"id":30791,"position":8,"audio_url":"wbw/057_028_008.mp3","qpc_uthmani_hafs":"يُؤۡتِكُمۡ","char_type_name":"word","page_number":541,"line_number":12,"text":"ﯓ","translation":{"text":"He will give you","language_name":"english","language_id":38},"transliteration":{"text":"yu'tikum","language_name":"english","language_id":38}},{"id":30792,"position":9,"audio_url":"wbw/057_028_009.mp3","qpc_uthmani_hafs":"كِفۡلَيۡنِ","char_type_name":"word","page_number":541,"line_number":12,"text":"ﯔ","translation":{"text":"double portion","language_name":"english","language_id":38},"transliteration":{"text":"kif'layni","language_name":"english","language_id":38}},{"id":30793,"position":10,"audio_url":"wbw/057_028_010.mp3","qpc_uthmani_hafs":"مِن","char_type_name":"word","page_number":541,"line_number":12,"text":"ﯕ","translation":{"text":"of","language_name":"english","language_id":38},"transliteration":{"text":"min","language_name":"english","language_id":38}},{"id":30794,"position":11,"audio_url":"wbw/057_028_011.mp3","qpc_uthmani_hafs":"رَّحۡمَتِهِۦ","char_type_name":"word","page_number":541,"line_number":12,"text":"ﯖ","translation":{"text":"His Mercy","language_name":"english","language_id":38},"transliteration":{"text":"raḥmatihi","language_name":"english","language_id":38}},{"id":30795,"position":12,"audio_url":"wbw/057_028_012.mp3","qpc_uthmani_hafs":"وَيَجۡعَل","char_type_name":"word","page_number":541,"line_number":12,"text":"ﯗ","translation":{"text":"and He will make","language_name":"english","language_id":38},"transliteration":{"text":"wayajʿal","language_name":"english","language_id":38}},{"id":30796,"position":13,"audio_url":"wbw/057_028_013.mp3","qpc_uthmani_hafs":"لَّكُمۡ","char_type_name":"word","page_number":541,"line_number":12,"text":"ﯘ","translation":{"text":"for you","language_name":"english","language_id":38},"transliteration":{"text":"lakum","language_name":"english","language_id":38}},{"id":30797,"position":14,"audio_url":"wbw/057_028_014.mp3","qpc_uthmani_hafs":"نُورٗا","char_type_name":"word","page_number":541,"line_number":13,"text":"ﯙ","translation":{"text":"a light","language_name":"english","language_id":38},"transliteration":{"text":"nūran","language_name":"english","language_id":38}},{"id":30798,"position":15,"audio_url":"wbw/057_028_015.mp3","qpc_uthmani_hafs":"تَمۡشُونَ","char_type_name":"word","page_number":541,"line_number":13,"text":"ﯚ","translation":{"text":"you will walk","language_name":"english","language_id":38},"transliteration":{"text":"tamshūna","language_name":"english","language_id":38}},{"id":30799,"position":16,"audio_url":"wbw/057_028_016.mp3","qpc_uthmani_hafs":"بِهِۦ","char_type_name":"word","page_number":541,"line_number":13,"text":"ﯛ","translation":{"text":"with it","language_name":"english","language_id":38},"transliteration":{"text":"bihi","language_name":"english","language_id":38}},{"id":30800,"position":17,"audio_url":"wbw/057_028_017.mp3","qpc_uthmani_hafs":"وَيَغۡفِرۡ","char_type_name":"word","page_number":541,"line_number":13,"text":"ﯜ","translation":{"text":"and He will forgive","language_name":"english","language_id":38},"transliteration":{"text":"wayaghfir","language_name":"english","language_id":38}},{"id":30801,"position":18,"audio_url":"wbw/057_028_018.mp3","qpc_uthmani_hafs":"لَكُمۡۚ","char_type_name":"word","page_number":541,"line_number":13,"text":"ﯝﯞ","translation":{"text":"you","language_name":"english","language_id":38},"transliteration":{"text":"lakum","language_name":"english","language_id":38}},{"id":30803,"position":19,"audio_url":"wbw/057_028_020.mp3","qpc_uthmani_hafs":"وَٱللَّهُ","char_type_name":"word","page_number":541,"line_number":13,"text":"ﯟ","translation":{"text":"And Allah","language_name":"english","language_id":38},"transliteration":{"text":"wal-lahu","language_name":"english","language_id":38}},{"id":30804,"position":20,"audio_url":"wbw/057_028_021.mp3","qpc_uthmani_hafs":"غَفُورٞ","char_type_name":"word","page_number":541,"line_number":13,"text":"ﯠ","translation":{"text":"(is) Oft-Forgiving","language_name":"english","language_id":38},"transliteration":{"text":"ghafūrun","language_name":"english","language_id":38}},{"id":30805,"position":21,"audio_url":"wbw/057_028_022.mp3","qpc_uthmani_hafs":"رَّحِيمٞ","char_type_name":"word","page_number":541,"line_number":13,"text":"ﯡ","translation":{"text":"Most Merciful","language_name":"english","language_id":38},"transliteration":{"text":"raḥīmun","language_name":"english","language_id":38}},{"id":30806,"position":22,"audio_url":null,"qpc_uthmani_hafs":"٢٨","char_type_name":"end","page_number":541,"line_number":13,"text":"ﯢ","translation":{"text":"(28)","language_name":"english","language_id":38},"transliteration":{"text":null,"language_name":"english","language_id":38}}],"translations":[{"id":921532,"resource_id":134,"text":"Hai orang-orang yang beriman (kepada para rasul), bertakwalah kepada Allah dan berimanlah kepada rasul-Nya, niscaya Allah memberikan rahmat-Nya kepadamu dua bagian, dan menjadikan untukmu cahaya yang dengan cahaya itu kamu dapat berjalan dan Dia mengampuni kamu.  Dan Allah Maha Pengampun lagi Maha Penyayang."}]},{"id":5104,"verse_number":29,"verse_key":"57:29","juz_number":27,"hizb_number":54,"rub_el_hizb_number":216,"ruku_number":477,"manzil_number":7,"sajdah_number":null,"text_uthmani":"لِّئَلَّا يَعْلَمَ أَهْلُ ٱلْكِتَـٰبِ أَلَّا يَقْدِرُونَ عَلَىٰ شَىْءٍ مِّن فَضْلِ ٱللَّهِ ۙ وَأَنَّ ٱلْفَضْلَ بِيَدِ ٱللَّهِ يُؤْتِيهِ مَن يَشَآءُ ۚ وَٱللَّهُ ذُو ٱلْفَضْلِ ٱلْعَظِيمِ","page_number":541,"words":[{"id":32349,"position":1,"audio_url":"wbw/057_029_001.mp3","qpc_uthmani_hafs":"لِّئَلَّا","char_type_name":"word","page_number":541,"line_number":13,"text":"ﯣ","translation":{"text":"So that","language_name":"english","language_id":38},"transliteration":{"text":"li-allā","language_name":"english","language_id":38}},{"id":32350,"position":2,"audio_url":"wbw/057_029_002.mp3","qpc_uthmani_hafs":"يَعۡلَمَ","char_type_name":"word","page_number":541,"line_number":13,"text":"ﯤ","translation":{"text":"may know","language_name":"english","language_id":38},"transliteration":{"text":"yaʿlama","language_name":"english","language_id":38}},{"id":32351,"position":3,"audio_url":"wbw/057_029_003.mp3","qpc_uthmani_hafs":"أَهۡلُ","char_type_name":"word","page_number":541,"line_number":14,"text":"ﯥ","translation":{"text":"(the) People","language_name":"english","language_id":38},"transliteration":{"text":"ahlu","language_name":"english","language_id":38}},{"id":32352,"position":4,"audio_url":"wbw/057_029_004.mp3","qpc_uthmani_hafs":"ٱلۡكِتَٰبِ","char_type_name":"word","page_number":541,"line_number":14,"text":"ﯦ","translation":{"text":"(of) the Book","language_name":"english","language_id":38},"transliteration":{"text":"l-kitābi","language_name":"english","language_id":38}},{"id":32353,"position":5,"audio_url":"wbw/057_029_005.mp3","qpc_uthmani_hafs":"أَلَّا","char_type_name":"word","page_number":541,"line_number":14,"text":"ﯧ","translation":{"text":"that not","language_name":"english","language_id":38},"transliteration":{"text":"allā","language_name":"english","language_id":38}},{"id":32354,"position":6,"audio_url":"wbw/057_029_006.mp3","qpc_uthmani_hafs":"يَقۡدِرُونَ","char_type_name":"word","page_number":541,"line_number":14,"text":"ﯨ","translation":{"text":"they have power","language_name":"english","language_id":38},"transliteration":{"text":"yaqdirūna","language_name":"english","language_id":38}},{"id":32355,"position":7,"audio_url":"wbw/057_029_007.mp3","qpc_uthmani_hafs":"عَلَىٰ","char_type_name":"word","page_number":541,"line_number":14,"text":"ﯩ","translation":{"text":"over","language_name":"english","language_id":38},"transliteration":{"text":"ʿalā","language_name":"english","language_id":38}},{"id":32356,"position":8,"audio_url":"wbw/057_029_008.mp3","qpc_uthmani_hafs":"شَيۡءٖ","char_type_name":"word","page_number":541,"line_number":14,"text":"ﯪ","translation":{"text":"anything","language_name":"english","language_id":38},"transliteration":{"text":"shayin","language_name":"english","language_id":38}},{"id":32357,"position":9,"audio_url":"wbw/057_029_009.mp3","qpc_uthmani_hafs":"مِّن","char_type_name":"word","page_number":541,"line_number":14,"text":"ﯫ","translation":{"text":"from","language_name":"english","language_id":38},"transliteration":{"text":"min","language_name":"english","language_id":38}},{"id":32358,"position":10,"audio_url":"wbw/057_029_010.mp3","qpc_uthmani_hafs":"فَضۡلِ","char_type_name":"word","page_number":541,"line_number":14,"text":"ﯬ","translation":{"text":"(the) Bounty","language_name":"english","language_id":38},"transliteration":{"text":"faḍli","language_name":"english","language_id":38}},{"id":32359,"position":11,"audio_url":"wbw/057_029_011.mp3","qpc_uthmani_hafs":"ٱللَّهِ","char_type_name":"word","page_number":541,"line_number":14,"text":"ﯭﯮ","translation":{"text":"(of) Allah","language_name":"english","language_id":38},"transliteration":{"text":"l-lahi","language_name":"english","language_id":38}},{"id":32361,"position":12,"audio_url":"wbw/057_029_013.mp3","qpc_uthmani_hafs":"وَأَنَّ","char_type_name":"word","page_number":541,"line_number":14,"text":"ﯯ","translation":{"text":"and that","language_name":"english","language_id":38},"transliteration":{"text":"wa-anna","language_name":"english","language_id":38}},{"id":32362,"position":13,"audio_url":"wbw/057_029_014.mp3","qpc_uthmani_hafs":"ٱلۡفَضۡلَ","char_type_name":"word","page_number":541,"line_number":15,"text":"ﯰ","translation":{"text":"the Bounty","language_name":"english","language_id":38},"transliteration":{"text":"l-faḍla","language_name":"english","language_id":38}},{"id":32363,"position":14,"audio_url":"wbw/057_029_015.mp3","qpc_uthmani_hafs":"بِيَدِ","char_type_name":"word","page_number":541,"line_number":15,"text":"ﯱ","translation":{"text":"(is) in Allah's Hand","language_name":"english","language_id":38},"transliteration":{"text":"biyadi","language_name":"english","language_id":38}},{"id":32364,"position":15,"audio_url":"wbw/057_029_016.mp3","qpc_uthmani_hafs":"ٱللَّهِ","char_type_name":"word","page_number":541,"line_number":15,"text":"ﯲ","translation":{"text":"(is) in Allah's Hand","language_name":"english","language_id":38},"transliteration":{"text":"l-lahi","language_name":"english","language_id":38}},{"id":32365,"position":16,"audio_url":"wbw/057_029_017.mp3","qpc_uthmani_hafs":"يُؤۡتِيهِ","char_type_name":"word","page_number":541,"line_number":15,"text":"ﯳ","translation":{"text":"He gives it","language_name":"english","language_id":38},"transliteration":{"text":"yu'tīhi","language_name":"english","language_id":38}},{"id":32366,"position":17,"audio_url":"wbw/057_029_018.mp3","qpc_uthmani_hafs":"مَن","char_type_name":"word","page_number":541,"line_number":15,"text":"ﯴ","translation":{"text":"whom","language_name":"english","language_id":38},"transliteration":{"text":"man","language_name":"english","language_id":38}},{"id":32367,"position":18,"audio_url":"wbw/057_029_019.mp3","qpc_uthmani_hafs":"يَشَآءُۚ","char_type_name":"word","page_number":541,"line_number":15,"text":"ﯵﯶ","translation":{"text":"He wills","language_name":"english","language_id":38},"transliteration":{"text":"yashāu","language_name":"english","language_id":38}},{"id":32369,"position":19,"audio_url":"wbw/057_029_021.mp3","qpc_uthmani_hafs":"وَٱللَّهُ","char_type_name":"word","page_number":541,"line_number":15,"text":"ﯷ","translation":{"text":"And Allah","language_name":"english","language_id":38},"transliteration":{"text":"wal-lahu","language_name":"english","language_id":38}},{"id":32370,"position":20,"audio_url":"wbw/057_029_022.mp3","qpc_uthmani_hafs":"ذُو","char_type_name":"word","page_number":541,"line_number":15,"text":"ﯸ","translation":{"text":"(is) the Possessor of Bounty","language_name":"english","language_id":38},"transliteration":{"text":"dhū","language_name":"english","language_id":38}},{"id":32371,"position":21,"audio_url":"wbw/057_029_023.mp3","qpc_uthmani_hafs":"ٱلۡفَضۡلِ","char_type_name":"word","page_number":541,"line_number":15,"text":"ﯹ","translation":{"text":"(is) the Possessor of Bounty","language_name":"english","language_id":38},"transliteration":{"text":"l-faḍli","language_name":"english","language_id":38}},{"id":32372,"position":22,"audio_url":"wbw/057_029_024.mp3","qpc_uthmani_hafs":"ٱلۡعَظِيمِ","char_type_name":"word","page_number":541,"line_number":15,"text":"ﯺ","translation":{"text":"the Great","language_name":"english","language_id":38},"transliteration":{"text":"l-ʿaẓīmi","language_name":"english","language_id":38}},{"id":32373,"position":23,"audio_url":null,"qpc_uthmani_hafs":"٢٩","char_type_name":"end","page_number":541,"line_number":15,"text":"ﯻ","translation":{"text":"(29)","language_name":"english","language_id":38},"transliteration":{"text":null,"language_name":"english","language_id":38}}],"translations":[{"id":921533,"resource_id":134,"text":"(Kami terangkan yang demikian itu) supaya ahli kitab mengetahui bahwa mereka tiada mendapat sedikit pun akan karunia Allah (jika mereka tidak beriman kepada Muhammad), dan bahwasanya karunia itu adalah di tangan Allah.  Dia berikan karunia itu kepada siapa yang dikehendaki-Nya.  Dan Allah mempunyai karunia yang besar."}]}],"pagination":{"per_page":50,"current_page":1,"next_page":null,"total_pages":1,"total_records":5}}