{"verses":[{"id":339,"verse_number":46,"verse_key":"3:46","juz_number":3,"hizb_number":6,"rub_el_hizb_number":22,"ruku_number":46,"manzil_number":1,"sajdah_number":null,"text_uthmani":"وَيُكَلِّمُ ٱلنَّاسَ فِى ٱلْمَهْدِ وَكَهْلًا وَمِنَ ٱلصَّـٰلِحِينَ","page_number":56,"words":[{"id":45766,"position":1,"audio_url":"wbw/003_046_001.mp3","qpc_uthmani_hafs":"وَيُكَلِّمُ","char_type_name":"word","page_number":56,"line_number":1,"text":"ﭑ","translation":{"text":"And he will speak","language_name":"english","language_id":38},"transliteration":{"text":"wayukallimu","language_name":"english","language_id":38}},{"id":45767,"position":2,"audio_url":"wbw/003_046_002.mp3","qpc_uthmani_hafs":"ٱلنَّاسَ","char_type_name":"word","page_number":56,"line_number":1,"text":"ﭒ","translation":{"text":"(to) the people","language_name":"english","language_id":38},"transliteration":{"text":"l-nāsa","language_name":"english","language_id":38}},{"id":45768,"position":3,"audio_url":"wbw/003_046_003.mp3","qpc_uthmani_hafs":"فِي","char_type_name":"word","page_number":56,"line_number":1,"text":"ﭓ","translation":{"text":"in","language_name":"english","language_id":38},"transliteration":{"text":"fī","language_name":"english","language_id":38}},{"id":45769,"position":4,"audio_url":"wbw/003_046_004.mp3","qpc_uthmani_hafs":"ٱلۡمَهۡدِ","char_type_name":"word","page_number":56,"line_number":1,"text":"ﭔ","translation":{"text":"the cradle","language_name":"english","language_id":38},"transliteration":{"text":"l-mahdi","language_name":"english","language_id":38}},{"id":45770,"position":5,"audio_url":"wbw/003_046_005.mp3","qpc_uthmani_hafs":"وَكَهۡلٗا","char_type_name":"word","page_number":56,"line_number":1,"text":"ﭕ","translation":{"text":"and (in) maturity","language_name":"english","language_id":38},"transliteration":{"text":"wakahlan","language_name":"english","language_id":38}},{"id":45771,"position":6,"audio_url":"wbw/003_046_006.mp3","qpc_uthmani_hafs":"وَمِنَ","char_type_name":"word","page_number":56,"line_number":1,"text":"ﭖ","translation":{"text":"and (he will be) of","language_name":"english","language_id":38},"transliteration":{"text":"wamina","language_name":"english","language_id":38}},{"id":45772,"position":7,"audio_url":"wbw/003_046_007.mp3","qpc_uthmani_hafs":"ٱلصَّٰلِحِينَ","char_type_name":"word","page_number":56,"line_number":1,"text":"ﭗ","translation":{"text":"the righteous","language_name":"english","language_id":38},"transliteration":{"text":"l-ṣāliḥīna","language_name":"english","language_id":38}},{"id":45773,"position":8,"audio_url":null,"qpc_uthmani_hafs":"٤٦","char_type_name":"end","page_number":56,"line_number":1,"text":"ﭘ","translation":{"text":"(46)","language_name":"english","language_id":38},"transliteration":{"text":null,"language_name":"english","language_id":38}}],"translations":[{"id":916768,"resource_id":134,"text":"dan dia berbicara dengan manusia dalam buaian dan ketika sudah dewasa, dan dia adalah termasuk orang-orang yang saleh\"."}]},{"id":340,"verse_number":47,"verse_key":"3:47","juz_number":3,"hizb_number":6,"rub_el_hizb_number":22,"ruku_number":46,"manzil_number":1,"sajdah_number":null,"text_uthmani":"قَالَتْ رَبِّ أَنَّىٰ يَكُونُ لِى وَلَدٌ وَلَمْ يَمْسَسْنِى بَشَرٌ ۖ قَالَ كَذَٰلِكِ ٱللَّهُ يَخْلُقُ مَا يَشَآءُ ۚ إِذَا قَضَىٰٓ أَمْرًا فَإِنَّمَا يَقُولُ لَهُۥ كُن فَيَكُونُ","page_number":56,"words":[{"id":46852,"position":1,"audio_url":"wbw/003_047_001.mp3","qpc_uthmani_hafs":"قَالَتۡ","char_type_name":"word","page_number":56,"line_number":2,"text":"ﭙ","translation":{"text":"She said","language_name":"english","language_id":38},"transliteration":{"text":"qālat","language_name":"english","language_id":38}},{"id":46853,"position":2,"audio_url":"wbw/003_047_002.mp3","qpc_uthmani_hafs":"رَبِّ","char_type_name":"word","page_number":56,"line_number":2,"text":"ﭚ","translation":{"text":"My Lord","language_name":"english","language_id":38},"transliteration":{"text":"rabbi","language_name":"english","language_id":38}},{"id":46854,"position":3,"audio_url":"wbw/003_047_003.mp3","qpc_uthmani_hafs":"أَنَّىٰ","char_type_name":"word","page_number":56,"line_number":2,"text":"ﭛ","translation":{"text":"how","language_name":"english","language_id":38},"transliteration":{"text":"annā","language_name":"english","language_id":38}},{"id":46855,"position":4,"audio_url":"wbw/003_047_004.mp3","qpc_uthmani_hafs":"يَكُونُ","char_type_name":"word","page_number":56,"line_number":2,"text":"ﭜ","translation":{"text":"is [it]","language_name":"english","language_id":38},"transliteration":{"text":"yakūnu","language_name":"english","language_id":38}},{"id":46856,"position":5,"audio_url":"wbw/003_047_005.mp3","qpc_uthmani_hafs":"لِي","char_type_name":"word","page_number":56,"line_number":2,"text":"ﭝ","translation":{"text":"for me","language_name":"english","language_id":38},"transliteration":{"text":"lī","language_name":"english","language_id":38}},{"id":46857,"position":6,"audio_url":"wbw/003_047_006.mp3","qpc_uthmani_hafs":"وَلَدٞ","char_type_name":"word","page_number":56,"line_number":2,"text":"ﭞ","translation":{"text":"a boy","language_name":"english","language_id":38},"transliteration":{"text":"waladun","language_name":"english","language_id":38}},{"id":46858,"position":7,"audio_url":"wbw/003_047_007.mp3","qpc_uthmani_hafs":"وَلَمۡ","char_type_name":"word","page_number":56,"line_number":2,"text":"ﭟ","translation":{"text":"and (has) not","language_name":"english","language_id":38},"transliteration":{"text":"walam","language_name":"english","language_id":38}},{"id":46859,"position":8,"audio_url":"wbw/003_047_008.mp3","qpc_uthmani_hafs":"يَمۡسَسۡنِي","char_type_name":"word","page_number":56,"line_number":2,"text":"ﭠ","translation":{"text":"touch(ed) me","language_name":"english","language_id":38},"transliteration":{"text":"yamsasnī","language_name":"english","language_id":38}},{"id":46860,"position":9,"audio_url":"wbw/003_047_009.mp3","qpc_uthmani_hafs":"بَشَرٞۖ","char_type_name":"word","page_number":56,"line_number":2,"text":"ﭡﭢ","translation":{"text":"any man","language_name":"english","language_id":38},"transliteration":{"text":"basharun","language_name":"english","language_id":38}},{"id":46862,"position":10,"audio_url":"wbw/003_047_011.mp3","qpc_uthmani_hafs":"قَالَ","char_type_name":"word","page_number":56,"line_number":2,"text":"ﭣ","translation":{"text":"He said","language_name":"english","language_id":38},"transliteration":{"text":"qāla","language_name":"english","language_id":38}},{"id":46863,"position":11,"audio_url":"wbw/003_047_012.mp3","qpc_uthmani_hafs":"كَذَٰلِكِ","char_type_name":"word","page_number":56,"line_number":2,"text":"ﭤ","translation":{"text":"Thus","language_name":"english","language_id":38},"transliteration":{"text":"kadhāliki","language_name":"english","language_id":38}},{"id":46864,"position":12,"audio_url":"wbw/003_047_013.mp3","qpc_uthmani_hafs":"ٱللَّهُ","char_type_name":"word","page_number":56,"line_number":3,"text":"ﭥ","translation":{"text":"Allah","language_name":"english","language_id":38},"transliteration":{"text":"l-lahu","language_name":"english","language_id":38}},{"id":46865,"position":13,"audio_url":"wbw/003_047_014.mp3","qpc_uthmani_hafs":"يَخۡلُقُ","char_type_name":"word","page_number":56,"line_number":3,"text":"ﭦ","translation":{"text":"creates","language_name":"english","language_id":38},"transliteration":{"text":"yakhluqu","language_name":"english","language_id":38}},{"id":46866,"position":14,"audio_url":"wbw/003_047_015.mp3","qpc_uthmani_hafs":"مَا","char_type_name":"word","page_number":56,"line_number":3,"text":"ﭧ","translation":{"text":"what","language_name":"english","language_id":38},"transliteration":{"text":"mā","language_name":"english","language_id":38}},{"id":46867,"position":15,"audio_url":"wbw/003_047_016.mp3","qpc_uthmani_hafs":"يَشَآءُۚ","char_type_name":"word","page_number":56,"line_number":3,"text":"ﭨﭩ","translation":{"text":"He wills","language_name":"english","language_id":38},"transliteration":{"text":"yashāu","language_name":"english","language_id":38}},{"id":46869,"position":16,"audio_url":"wbw/003_047_018.mp3","qpc_uthmani_hafs":"إِذَا","char_type_name":"word","page_number":56,"line_number":3,"text":"ﭪ","translation":{"text":"When","language_name":"english","language_id":38},"transliteration":{"text":"idhā","language_name":"english","language_id":38}},{"id":46870,"position":17,"audio_url":"wbw/003_047_019.mp3","qpc_uthmani_hafs":"قَضَىٰٓ","char_type_name":"word","page_number":56,"line_number":3,"text":"ﭫ","translation":{"text":"He decrees","language_name":"english","language_id":38},"transliteration":{"text":"qaḍā","language_name":"english","language_id":38}},{"id":46871,"position":18,"audio_url":"wbw/003_047_020.mp3","qpc_uthmani_hafs":"أَمۡرٗا","char_type_name":"word","page_number":56,"line_number":3,"text":"ﭬ","translation":{"text":"a matter","language_name":"english","language_id":38},"transliteration":{"text":"amran","language_name":"english","language_id":38}},{"id":46872,"position":19,"audio_url":"wbw/003_047_021.mp3","qpc_uthmani_hafs":"فَإِنَّمَا","char_type_name":"word","page_number":56,"line_number":3,"text":"ﭭ","translation":{"text":"then only","language_name":"english","language_id":38},"transliteration":{"text":"fa-innamā","language_name":"english","language_id":38}},{"id":46873,"position":20,"audio_url":"wbw/003_047_022.mp3","qpc_uthmani_hafs":"يَقُولُ","char_type_name":"word","page_number":56,"line_number":3,"text":"ﭮ","translation":{"text":"He says","language_name":"english","language_id":38},"transliteration":{"text":"yaqūlu","language_name":"english","language_id":38}},{"id":46874,"position":21,"audio_url":"wbw/003_047_023.mp3","qpc_uthmani_hafs":"لَهُۥ","char_type_name":"word","page_number":56,"line_number":3,"text":"ﭯ","translation":{"text":"to it","language_name":"english","language_id":38},"transliteration":{"text":"lahu","language_name":"english","language_id":38}},{"id":46875,"position":22,"audio_url":"wbw/003_047_024.mp3","qpc_uthmani_hafs":"كُن","char_type_name":"word","page_number":56,"line_number":3,"text":"ﭰ","translation":{"text":"Be","language_name":"english","language_id":38},"transliteration":{"text":"kun","language_name":"english","language_id":38}},{"id":46876,"position":23,"audio_url":"wbw/003_047_025.mp3","qpc_uthmani_hafs":"فَيَكُونُ","char_type_name":"word","page_number":56,"line_number":3,"text":"ﭱ","translation":{"text":"and it becomes","language_name":"english","language_id":38},"transliteration":{"text":"fayakūnu","language_name":"english","language_id":38}},{"id":46877,"position":24,"audio_url":null,"qpc_uthmani_hafs":"٤٧","char_type_name":"end","page_number":56,"line_number":3,"text":"ﭲ","translation":{"text":"(47)","language_name":"english","language_id":38},"transliteration":{"text":null,"language_name":"english","language_id":38}}],"translations":[{"id":916769,"resource_id":134,"text":"Maryam berkata, \"Ya Tuhan-ku, betapa mungkin aku mempunyai anak, padahal aku belum pernah disentuh oleh seorang laki-laki pun\". Allah berfirman (dengan perantaraan Jibril), \"Demikianlah Allah menciptakan apa yang dikehendaki-Nya.  Apabila Allah berkehendak menetapkan sesuatu, maka Allah hanya cukup berkata kepadanya, \"Jadilah\", lalu jadilah dia."}]},{"id":341,"verse_number":48,"verse_key":"3:48","juz_number":3,"hizb_number":6,"rub_el_hizb_number":22,"ruku_number":46,"manzil_number":1,"sajdah_number":null,"text_uthmani":"وَيُعَلِّمُهُ ٱلْكِتَـٰبَ وَٱلْحِكْمَةَ وَٱلتَّوْرَىٰةَ وَٱلْإِنجِيلَ","page_number":56,"words":[{"id":47382,"position":1,"audio_url":"wbw/003_048_001.mp3","qpc_uthmani_hafs":"وَيُعَلِّمُهُ","char_type_name":"word","page_number":56,"line_number":4,"text":"ﭳ","translation":{"text":"And He will teach him","language_name":"english","language_id":38},"transliteration":{"text":"wayuʿallimuhu","language_name":"english","language_id":38}},{"id":47383,"position":2,"audio_url":"wbw/003_048_002.mp3","qpc_uthmani_hafs":"ٱلۡكِتَٰبَ","char_type_name":"word","page_number":56,"line_number":4,"text":"ﭴ","translation":{"text":"the Book","language_name":"english","language_id":38},"transliteration":{"text":"l-kitāba","language_name":"english","language_id":38}},{"id":47384,"position":3,"audio_url":"wbw/003_048_003.mp3","qpc_uthmani_hafs":"وَٱلۡحِكۡمَةَ","char_type_name":"word","page_number":56,"line_number":4,"text":"ﭵ","translation":{"text":"and [the] wisdom","language_name":"english","language_id":38},"transliteration":{"text":"wal-ḥik'mata","language_name":"english","language_id":38}},{"id":47385,"position":4,"audio_url":"wbw/003_048_004.mp3","qpc_uthmani_hafs":"وَٱلتَّوۡرَىٰةَ","char_type_name":"word","page_number":56,"line_number":4,"text":"ﭶ","translation":{"text":"and the Taurat","language_name":"english","language_id":38},"transliteration":{"text":"wal-tawrāta","language_name":"english","language_id":38}},{"id":47386,"position":5,"audio_url":"wbw/003_048_005.mp3","qpc_uthmani_hafs":"وَٱلۡإِنجِيلَ","char_type_name":"word","page_number":56,"line_number":4,"text":"ﭷ","translation":{"text":"and the Injeel","language_name":"english","language_id":38},"transliteration":{"text":"wal-injīla","language_name":"english","language_id":38}},{"id":47387,"position":6,"audio_url":null,"qpc_uthmani_hafs":"٤٨","char_type_name":"end","page_number":56,"line_number":4,"text":"ﭸ","translation":{"text":"(48)","language_name":"english","language_id":38},"transliteration":{"text":null,"language_name":"english","language_id":38}}],"translations":[{"id":916770,"resource_id":134,"text":"Dan Allah akan mengajarkan kepadanya Alkitab<sup foot_note=209966>1</sup>, Hikmah, Taurat, dan Injil."}]},{"id":342,"verse_number":49,"verse_key":"3:49","juz_number":3,"hizb_number":6,"rub_el_hizb_number":22,"ruku_number":46,"manzil_number":1,"sajdah_number":null,"text_uthmani":"وَرَسُولًا إِلَىٰ بَنِىٓ إِسْرَٰٓءِيلَ أَنِّى قَدْ جِئْتُكُم بِـَٔايَةٍ مِّن رَّبِّكُمْ ۖ أَنِّىٓ أَخْلُقُ لَكُم مِّنَ ٱلطِّينِ كَهَيْـَٔةِ ٱلطَّيْرِ فَأَنفُخُ فِيهِ فَيَكُونُ طَيْرًۢا بِإِذْنِ ٱللَّهِ ۖ وَأُبْرِئُ ٱلْأَكْمَهَ وَٱلْأَبْرَصَ وَأُحْىِ ٱلْمَوْتَىٰ بِإِذْنِ ٱللَّهِ ۖ وَأُنَبِّئُكُم بِمَا تَأْكُلُونَ وَمَا تَدَّخِرُونَ فِى بُيُوتِكُمْ ۚ إِنَّ فِى ذَٰلِكَ لَـَٔايَةً لَّكُمْ إِن كُنتُم مُّؤْمِنِينَ","page_number":56,"words":[{"id":47953,"position":1,"audio_url":"wbw/003_049_001.mp3","qpc_uthmani_hafs":"وَرَسُولًا","char_type_name":"word","page_number":56,"line_number":5,"text":"ﭹ","translation":{"text":"And (make him) a Messenger","language_name":"english","language_id":38},"transliteration":{"text":"warasūlan","language_name":"english","language_id":38}},{"id":47954,"position":2,"audio_url":"wbw/003_049_002.mp3","qpc_uthmani_hafs":"إِلَىٰ","char_type_name":"word","page_number":56,"line_number":5,"text":"ﭺ","translation":{"text":"to","language_name":"english","language_id":38},"transliteration":{"text":"ilā","language_name":"english","language_id":38}},{"id":47955,"position":3,"audio_url":"wbw/003_049_003.mp3","qpc_uthmani_hafs":"بَنِيٓ","char_type_name":"word","page_number":56,"line_number":5,"text":"ﭻ","translation":{"text":"(the) Children","language_name":"english","language_id":38},"transliteration":{"text":"banī","language_name":"english","language_id":38}},{"id":47956,"position":4,"audio_url":"wbw/003_049_004.mp3","qpc_uthmani_hafs":"إِسۡرَٰٓءِيلَ","char_type_name":"word","page_number":56,"line_number":5,"text":"ﭼ","translation":{"text":"(of) Israel","language_name":"english","language_id":38},"transliteration":{"text":"is'rāīla","language_name":"english","language_id":38}},{"id":47957,"position":5,"audio_url":"wbw/003_049_005.mp3","qpc_uthmani_hafs":"أَنِّي","char_type_name":"word","page_number":56,"line_number":5,"text":"ﭽ","translation":{"text":"Indeed, I","language_name":"english","language_id":38},"transliteration":{"text":"annī","language_name":"english","language_id":38}},{"id":47958,"position":6,"audio_url":"wbw/003_049_006.mp3","qpc_uthmani_hafs":"قَدۡ","char_type_name":"word","page_number":56,"line_number":5,"text":"ﭾ","translation":{"text":"[surely]","language_name":"english","language_id":38},"transliteration":{"text":"qad","language_name":"english","language_id":38}},{"id":47959,"position":7,"audio_url":"wbw/003_049_007.mp3","qpc_uthmani_hafs":"جِئۡتُكُم","char_type_name":"word","page_number":56,"line_number":5,"text":"ﭿ","translation":{"text":"[I] (have) come (to) you","language_name":"english","language_id":38},"transliteration":{"text":"ji'tukum","language_name":"english","language_id":38}},{"id":47960,"position":8,"audio_url":"wbw/003_049_008.mp3","qpc_uthmani_hafs":"بِـَٔايَةٖ","char_type_name":"word","page_number":56,"line_number":5,"text":"ﮀ","translation":{"text":"with a sign","language_name":"english","language_id":38},"transliteration":{"text":"biāyatin","language_name":"english","language_id":38}},{"id":47961,"position":9,"audio_url":"wbw/003_049_009.mp3","qpc_uthmani_hafs":"مِّن","char_type_name":"word","page_number":56,"line_number":5,"text":"ﮁ","translation":{"text":"from","language_name":"english","language_id":38},"transliteration":{"text":"min","language_name":"english","language_id":38}},{"id":47962,"position":10,"audio_url":"wbw/003_049_010.mp3","qpc_uthmani_hafs":"رَّبِّكُمۡ","char_type_name":"word","page_number":56,"line_number":5,"text":"ﮂﮃ","translation":{"text":"your Lord","language_name":"english","language_id":38},"transliteration":{"text":"rabbikum","language_name":"english","language_id":38}},{"id":47964,"position":11,"audio_url":"wbw/003_049_012.mp3","qpc_uthmani_hafs":"أَنِّيٓ","char_type_name":"word","page_number":56,"line_number":6,"text":"ﮄ","translation":{"text":"that I","language_name":"english","language_id":38},"transliteration":{"text":"annī","language_name":"english","language_id":38}},{"id":47965,"position":12,"audio_url":"wbw/003_049_013.mp3","qpc_uthmani_hafs":"أَخۡلُقُ","char_type_name":"word","page_number":56,"line_number":6,"text":"ﮅ","translation":{"text":"[I] design","language_name":"english","language_id":38},"transliteration":{"text":"akhluqu","language_name":"english","language_id":38}},{"id":47966,"position":13,"audio_url":"wbw/003_049_014.mp3","qpc_uthmani_hafs":"لَكُم","char_type_name":"word","page_number":56,"line_number":6,"text":"ﮆ","translation":{"text":"for you","language_name":"english","language_id":38},"transliteration":{"text":"lakum","language_name":"english","language_id":38}},{"id":47967,"position":14,"audio_url":"wbw/003_049_015.mp3","qpc_uthmani_hafs":"مِّنَ","char_type_name":"word","page_number":56,"line_number":6,"text":"ﮇ","translation":{"text":"from","language_name":"english","language_id":38},"transliteration":{"text":"mina","language_name":"english","language_id":38}},{"id":47968,"position":15,"audio_url":"wbw/003_049_016.mp3","qpc_uthmani_hafs":"ٱلطِّينِ","char_type_name":"word","page_number":56,"line_number":6,"text":"ﮈ","translation":{"text":"[the] clay","language_name":"english","language_id":38},"transliteration":{"text":"l-ṭīni","language_name":"english","language_id":38}},{"id":47969,"position":16,"audio_url":"wbw/003_049_017.mp3","qpc_uthmani_hafs":"كَهَيۡـَٔةِ","char_type_name":"word","page_number":56,"line_number":6,"text":"ﮉ","translation":{"text":"like the form","language_name":"english","language_id":38},"transliteration":{"text":"kahayati","language_name":"english","language_id":38}},{"id":47970,"position":17,"audio_url":"wbw/003_049_018.mp3","qpc_uthmani_hafs":"ٱلطَّيۡرِ","char_type_name":"word","page_number":56,"line_number":6,"text":"ﮊ","translation":{"text":"(of) the bird","language_name":"english","language_id":38},"transliteration":{"text":"l-ṭayri","language_name":"english","language_id":38}},{"id":47971,"position":18,"audio_url":"wbw/003_049_019.mp3","qpc_uthmani_hafs":"فَأَنفُخُ","char_type_name":"word","page_number":56,"line_number":6,"text":"ﮋ","translation":{"text":"then I breath","language_name":"english","language_id":38},"transliteration":{"text":"fa-anfukhu","language_name":"english","language_id":38}},{"id":47972,"position":19,"audio_url":"wbw/003_049_020.mp3","qpc_uthmani_hafs":"فِيهِ","char_type_name":"word","page_number":56,"line_number":6,"text":"ﮌ","translation":{"text":"into it","language_name":"english","language_id":38},"transliteration":{"text":"fīhi","language_name":"english","language_id":38}},{"id":47973,"position":20,"audio_url":"wbw/003_049_021.mp3","qpc_uthmani_hafs":"فَيَكُونُ","char_type_name":"word","page_number":56,"line_number":7,"text":"ﮍ","translation":{"text":"and it becomes","language_name":"english","language_id":38},"transliteration":{"text":"fayakūnu","language_name":"english","language_id":38}},{"id":47974,"position":21,"audio_url":"wbw/003_049_022.mp3","qpc_uthmani_hafs":"طَيۡرَۢا","char_type_name":"word","page_number":56,"line_number":7,"text":"ﮎ","translation":{"text":"a bird","language_name":"english","language_id":38},"transliteration":{"text":"ṭayran","language_name":"english","language_id":38}},{"id":47975,"position":22,"audio_url":"wbw/003_049_023.mp3","qpc_uthmani_hafs":"بِإِذۡنِ","char_type_name":"word","page_number":56,"line_number":7,"text":"ﮏ","translation":{"text":"by (the) permission","language_name":"english","language_id":38},"transliteration":{"text":"bi-idh'ni","language_name":"english","language_id":38}},{"id":47976,"position":23,"audio_url":"wbw/003_049_024.mp3","qpc_uthmani_hafs":"ٱللَّهِۖ","char_type_name":"word","page_number":56,"line_number":7,"text":"ﮐﮑ","translation":{"text":"(of) Allah","language_name":"english","language_id":38},"transliteration":{"text":"l-lahi","language_name":"english","language_id":38}},{"id":47978,"position":24,"audio_url":"wbw/003_049_026.mp3","qpc_uthmani_hafs":"وَأُبۡرِئُ","char_type_name":"word","page_number":56,"line_number":7,"text":"ﮒ","translation":{"text":"And I cure","language_name":"english","language_id":38},"transliteration":{"text":"wa-ub'ri-u","language_name":"english","language_id":38}},{"id":47979,"position":25,"audio_url":"wbw/003_049_027.mp3","qpc_uthmani_hafs":"ٱلۡأَكۡمَهَ","char_type_name":"word","page_number":56,"line_number":7,"text":"ﮓ","translation":{"text":"the blind","language_name":"english","language_id":38},"transliteration":{"text":"l-akmaha","language_name":"english","language_id":38}},{"id":47980,"position":26,"audio_url":"wbw/003_049_028.mp3","qpc_uthmani_hafs":"وَٱلۡأَبۡرَصَ","char_type_name":"word","page_number":56,"line_number":7,"text":"ﮔ","translation":{"text":"and the leper","language_name":"english","language_id":38},"transliteration":{"text":"wal-abraṣa","language_name":"english","language_id":38}},{"id":47981,"position":27,"audio_url":"wbw/003_049_029.mp3","qpc_uthmani_hafs":"وَأُحۡيِ","char_type_name":"word","page_number":56,"line_number":8,"text":"ﮕ","translation":{"text":"and I give life","language_name":"english","language_id":38},"transliteration":{"text":"wa-uḥ'yī","language_name":"english","language_id":38}},{"id":47982,"position":28,"audio_url":"wbw/003_049_030.mp3","qpc_uthmani_hafs":"ٱلۡمَوۡتَىٰ","char_type_name":"word","page_number":56,"line_number":8,"text":"ﮖ","translation":{"text":"(to) the dead","language_name":"english","language_id":38},"transliteration":{"text":"l-mawtā","language_name":"english","language_id":38}},{"id":47983,"position":29,"audio_url":"wbw/003_049_031.mp3","qpc_uthmani_hafs":"بِإِذۡنِ","char_type_name":"word","page_number":56,"line_number":8,"text":"ﮗ","translation":{"text":"by (the) permission","language_name":"english","language_id":38},"transliteration":{"text":"bi-idh'ni","language_name":"english","language_id":38}},{"id":47984,"position":30,"audio_url":"wbw/003_049_032.mp3","qpc_uthmani_hafs":"ٱللَّهِۖ","char_type_name":"word","page_number":56,"line_number":8,"text":"ﮘﮙ","translation":{"text":"(of) Allah","language_name":"english","language_id":38},"transliteration":{"text":"l-lahi","language_name":"english","language_id":38}},{"id":47986,"position":31,"audio_url":"wbw/003_049_034.mp3","qpc_uthmani_hafs":"وَأُنَبِّئُكُم","char_type_name":"word","page_number":56,"line_number":8,"text":"ﮚ","translation":{"text":"And I inform you","language_name":"english","language_id":38},"transliteration":{"text":"wa-unabbi-ukum","language_name":"english","language_id":38}},{"id":47987,"position":32,"audio_url":"wbw/003_049_035.mp3","qpc_uthmani_hafs":"بِمَا","char_type_name":"word","page_number":56,"line_number":8,"text":"ﮛ","translation":{"text":"of what","language_name":"english","language_id":38},"transliteration":{"text":"bimā","language_name":"english","language_id":38}},{"id":47988,"position":33,"audio_url":"wbw/003_049_036.mp3","qpc_uthmani_hafs":"تَأۡكُلُونَ","char_type_name":"word","page_number":56,"line_number":8,"text":"ﮜ","translation":{"text":"you eat","language_name":"english","language_id":38},"transliteration":{"text":"takulūna","language_name":"english","language_id":38}},{"id":47989,"position":34,"audio_url":"wbw/003_049_037.mp3","qpc_uthmani_hafs":"وَمَا","char_type_name":"word","page_number":56,"line_number":8,"text":"ﮝ","translation":{"text":"and what","language_name":"english","language_id":38},"transliteration":{"text":"wamā","language_name":"english","language_id":38}},{"id":47990,"position":35,"audio_url":"wbw/003_049_038.mp3","qpc_uthmani_hafs":"تَدَّخِرُونَ","char_type_name":"word","page_number":56,"line_number":8,"text":"ﮞ","translation":{"text":"you store","language_name":"english","language_id":38},"transliteration":{"text":"taddakhirūna","language_name":"english","language_id":38}},{"id":47991,"position":36,"audio_url":"wbw/003_049_039.mp3","qpc_uthmani_hafs":"فِي","char_type_name":"word","page_number":56,"line_number":9,"text":"ﮟ","translation":{"text":"in","language_name":"english","language_id":38},"transliteration":{"text":"fī","language_name":"english","language_id":38}},{"id":47992,"position":37,"audio_url":"wbw/003_049_040.mp3","qpc_uthmani_hafs":"بُيُوتِكُمۡۚ","char_type_name":"word","page_number":56,"line_number":9,"text":"ﮠﮡ","translation":{"text":"your houses","language_name":"english","language_id":38},"transliteration":{"text":"buyūtikum","language_name":"english","language_id":38}},{"id":47994,"position":38,"audio_url":"wbw/003_049_042.mp3","qpc_uthmani_hafs":"إِنَّ","char_type_name":"word","page_number":56,"line_number":9,"text":"ﮢ","translation":{"text":"Indeed","language_name":"english","language_id":38},"transliteration":{"text":"inna","language_name":"english","language_id":38}},{"id":47995,"position":39,"audio_url":"wbw/003_049_043.mp3","qpc_uthmani_hafs":"فِي","char_type_name":"word","page_number":56,"line_number":9,"text":"ﮣ","translation":{"text":"in","language_name":"english","language_id":38},"transliteration":{"text":"fī","language_name":"english","language_id":38}},{"id":47996,"position":40,"audio_url":"wbw/003_049_044.mp3","qpc_uthmani_hafs":"ذَٰلِكَ","char_type_name":"word","page_number":56,"line_number":9,"text":"ﮤ","translation":{"text":"that","language_name":"english","language_id":38},"transliteration":{"text":"dhālika","language_name":"english","language_id":38}},{"id":47997,"position":41,"audio_url":"wbw/003_049_045.mp3","qpc_uthmani_hafs":"لَأٓيَةٗ","char_type_name":"word","page_number":56,"line_number":9,"text":"ﮥ","translation":{"text":"(is) surely a sign","language_name":"english","language_id":38},"transliteration":{"text":"laāyatan","language_name":"english","language_id":38}},{"id":47998,"position":42,"audio_url":"wbw/003_049_046.mp3","qpc_uthmani_hafs":"لَّكُمۡ","char_type_name":"word","page_number":56,"line_number":9,"text":"ﮦ","translation":{"text":"for you","language_name":"english","language_id":38},"transliteration":{"text":"lakum","language_name":"english","language_id":38}},{"id":47999,"position":43,"audio_url":"wbw/003_049_047.mp3","qpc_uthmani_hafs":"إِن","char_type_name":"word","page_number":56,"line_number":9,"text":"ﮧ","translation":{"text":"if","language_name":"english","language_id":38},"transliteration":{"text":"in","language_name":"english","language_id":38}},{"id":48000,"position":44,"audio_url":"wbw/003_049_048.mp3","qpc_uthmani_hafs":"كُنتُم","char_type_name":"word","page_number":56,"line_number":9,"text":"ﮨ","translation":{"text":"you are","language_name":"english","language_id":38},"transliteration":{"text":"kuntum","language_name":"english","language_id":38}},{"id":48001,"position":45,"audio_url":"wbw/003_049_049.mp3","qpc_uthmani_hafs":"مُّؤۡمِنِينَ","char_type_name":"word","page_number":56,"line_number":9,"text":"ﮩ","translation":{"text":"believers","language_name":"english","language_id":38},"transliteration":{"text":"mu'minīna","language_name":"english","language_id":38}},{"id":48002,"position":46,"audio_url":null,"qpc_uthmani_hafs":"٤٩","char_type_name":"end","page_number":56,"line_number":9,"text":"ﮪ","translation":{"text":"(49)","language_name":"english","language_id":38},"transliteration":{"text":null,"language_name":"english","language_id":38}}],"translations":[{"id":916771,"resource_id":134,"text":"Dan (sebagai) rasul kepada Bani Isrā`īl (yang berkata kepada mereka), \"Sesungguhnya aku telah datang kepadamu dengan membawa sesuatu tanda (mukjizat) dari Tuhan-mu, yaitu aku membuat untuk kamu dari tanah berbentuk burung; kemudian aku meniupnya, maka ia menjadi seekor burung dengan seizin Allah; dan aku menyembuhkan orang yang buta sejak dari lahirnya dan orang yang berpenyakit sopak, dan aku menghidupkan orang mati dengan seizin Allah; dan aku kabarkan kepadamu apa yang kamu makan dan apa yang kamu simpan di rumahmu.  Sesungguhnya pada yang demikian itu adalah suatu tanda (kebenaran kerasulanku) bagimu, jika kamu sungguh-sungguh beriman\"."}]},{"id":343,"verse_number":50,"verse_key":"3:50","juz_number":3,"hizb_number":6,"rub_el_hizb_number":22,"ruku_number":46,"manzil_number":1,"sajdah_number":null,"text_uthmani":"وَمُصَدِّقًا لِّمَا بَيْنَ يَدَىَّ مِنَ ٱلتَّوْرَىٰةِ وَلِأُحِلَّ لَكُم بَعْضَ ٱلَّذِى حُرِّمَ عَلَيْكُمْ ۚ وَجِئْتُكُم بِـَٔايَةٍ مِّن رَّبِّكُمْ فَٱتَّقُوا۟ ٱللَّهَ وَأَطِيعُونِ","page_number":56,"words":[{"id":48755,"position":1,"audio_url":"wbw/003_050_001.mp3","qpc_uthmani_hafs":"وَمُصَدِّقٗا","char_type_name":"word","page_number":56,"line_number":10,"text":"ﮫ","translation":{"text":"And confirming","language_name":"english","language_id":38},"transliteration":{"text":"wamuṣaddiqan","language_name":"english","language_id":38}},{"id":48756,"position":2,"audio_url":"wbw/003_050_002.mp3","qpc_uthmani_hafs":"لِّمَا","char_type_name":"word","page_number":56,"line_number":10,"text":"ﮬ","translation":{"text":"that which","language_name":"english","language_id":38},"transliteration":{"text":"limā","language_name":"english","language_id":38}},{"id":48757,"position":3,"audio_url":"wbw/003_050_003.mp3","qpc_uthmani_hafs":"بَيۡنَ","char_type_name":"word","page_number":56,"line_number":10,"text":"ﮭ","translation":{"text":"(was)","language_name":"english","language_id":38},"transliteration":{"text":"bayna","language_name":"english","language_id":38}},{"id":48758,"position":4,"audio_url":"wbw/003_050_004.mp3","qpc_uthmani_hafs":"يَدَيَّ","char_type_name":"word","page_number":56,"line_number":10,"text":"ﮮ","translation":{"text":"before me","language_name":"english","language_id":38},"transliteration":{"text":"yadayya","language_name":"english","language_id":38}},{"id":48759,"position":5,"audio_url":"wbw/003_050_005.mp3","qpc_uthmani_hafs":"مِنَ","char_type_name":"word","page_number":56,"line_number":10,"text":"ﮯ","translation":{"text":"of","language_name":"english","language_id":38},"transliteration":{"text":"mina","language_name":"english","language_id":38}},{"id":48760,"position":6,"audio_url":"wbw/003_050_006.mp3","qpc_uthmani_hafs":"ٱلتَّوۡرَىٰةِ","char_type_name":"word","page_number":56,"line_number":10,"text":"ﮰ","translation":{"text":"the Taurat","language_name":"english","language_id":38},"transliteration":{"text":"l-tawrāti","language_name":"english","language_id":38}},{"id":48761,"position":7,"audio_url":"wbw/003_050_007.mp3","qpc_uthmani_hafs":"وَلِأُحِلَّ","char_type_name":"word","page_number":56,"line_number":10,"text":"ﮱ","translation":{"text":"and so that I make lawful","language_name":"english","language_id":38},"transliteration":{"text":"wali-uḥilla","language_name":"english","language_id":38}},{"id":48762,"position":8,"audio_url":"wbw/003_050_008.mp3","qpc_uthmani_hafs":"لَكُم","char_type_name":"word","page_number":56,"line_number":10,"text":"ﯓ","translation":{"text":"for you","language_name":"english","language_id":38},"transliteration":{"text":"lakum","language_name":"english","language_id":38}},{"id":48763,"position":9,"audio_url":"wbw/003_050_009.mp3","qpc_uthmani_hafs":"بَعۡضَ","char_type_name":"word","page_number":56,"line_number":11,"text":"ﯔ","translation":{"text":"some","language_name":"english","language_id":38},"transliteration":{"text":"baʿḍa","language_name":"english","language_id":38}},{"id":48764,"position":10,"audio_url":"wbw/003_050_010.mp3","qpc_uthmani_hafs":"ٱلَّذِي","char_type_name":"word","page_number":56,"line_number":11,"text":"ﯕ","translation":{"text":"(of) that which","language_name":"english","language_id":38},"transliteration":{"text":"alladhī","language_name":"english","language_id":38}},{"id":48765,"position":11,"audio_url":"wbw/003_050_011.mp3","qpc_uthmani_hafs":"حُرِّمَ","char_type_name":"word","page_number":56,"line_number":11,"text":"ﯖ","translation":{"text":"was forbidden","language_name":"english","language_id":38},"transliteration":{"text":"ḥurrima","language_name":"english","language_id":38}},{"id":48766,"position":12,"audio_url":"wbw/003_050_012.mp3","qpc_uthmani_hafs":"عَلَيۡكُمۡۚ","char_type_name":"word","page_number":56,"line_number":11,"text":"ﯗﯘ","translation":{"text":"to you","language_name":"english","language_id":38},"transliteration":{"text":"ʿalaykum","language_name":"english","language_id":38}},{"id":48768,"position":13,"audio_url":"wbw/003_050_014.mp3","qpc_uthmani_hafs":"وَجِئۡتُكُم","char_type_name":"word","page_number":56,"line_number":11,"text":"ﯙ","translation":{"text":"And I (have) come to you","language_name":"english","language_id":38},"transliteration":{"text":"waji'tukum","language_name":"english","language_id":38}},{"id":48769,"position":14,"audio_url":"wbw/003_050_015.mp3","qpc_uthmani_hafs":"بِـَٔايَةٖ","char_type_name":"word","page_number":56,"line_number":11,"text":"ﯚ","translation":{"text":"with a sign","language_name":"english","language_id":38},"transliteration":{"text":"biāyatin","language_name":"english","language_id":38}},{"id":48770,"position":15,"audio_url":"wbw/003_050_016.mp3","qpc_uthmani_hafs":"مِّن","char_type_name":"word","page_number":56,"line_number":11,"text":"ﯛ","translation":{"text":"from","language_name":"english","language_id":38},"transliteration":{"text":"min","language_name":"english","language_id":38}},{"id":48771,"position":16,"audio_url":"wbw/003_050_017.mp3","qpc_uthmani_hafs":"رَّبِّكُمۡ","char_type_name":"word","page_number":56,"line_number":11,"text":"ﯜ","translation":{"text":"your Lord","language_name":"english","language_id":38},"transliteration":{"text":"rabbikum","language_name":"english","language_id":38}},{"id":48772,"position":17,"audio_url":"wbw/003_050_018.mp3","qpc_uthmani_hafs":"فَٱتَّقُواْ","char_type_name":"word","page_number":56,"line_number":12,"text":"ﯝ","translation":{"text":"So fear","language_name":"english","language_id":38},"transliteration":{"text":"fa-ittaqū","language_name":"english","language_id":38}},{"id":48773,"position":18,"audio_url":"wbw/003_050_019.mp3","qpc_uthmani_hafs":"ٱللَّهَ","char_type_name":"word","page_number":56,"line_number":12,"text":"ﯞ","translation":{"text":"Allah","language_name":"english","language_id":38},"transliteration":{"text":"l-laha","language_name":"english","language_id":38}},{"id":48774,"position":19,"audio_url":"wbw/003_050_020.mp3","qpc_uthmani_hafs":"وَأَطِيعُونِ","char_type_name":"word","page_number":56,"line_number":12,"text":"ﯟ","translation":{"text":"and obey me","language_name":"english","language_id":38},"transliteration":{"text":"wa-aṭīʿūni","language_name":"english","language_id":38}},{"id":48775,"position":20,"audio_url":null,"qpc_uthmani_hafs":"٥٠","char_type_name":"end","page_number":56,"line_number":12,"text":"ﯠ","translation":{"text":"(50)","language_name":"english","language_id":38},"transliteration":{"text":null,"language_name":"english","language_id":38}}],"translations":[{"id":916772,"resource_id":134,"text":"Dan (aku datang kepadamu) membenarkan Taurat yang datang sebelumku, dan untuk menghalalkan bagimu sebagian yang telah diharamkan untukmu, dan aku datang kepadamu dengan membawa suatu tanda (mukjizat) dari Tuhan-mu.  Karena itu, bertakwalah kepada Allah dan taatlah kepadaku."}]},{"id":344,"verse_number":51,"verse_key":"3:51","juz_number":3,"hizb_number":6,"rub_el_hizb_number":22,"ruku_number":46,"manzil_number":1,"sajdah_number":null,"text_uthmani":"إِنَّ ٱللَّهَ رَبِّى وَرَبُّكُمْ فَٱعْبُدُوهُ ۗ هَـٰذَا صِرَٰطٌ مُّسْتَقِيمٌ","page_number":56,"words":[{"id":49258,"position":1,"audio_url":"wbw/003_051_001.mp3","qpc_uthmani_hafs":"إِنَّ","char_type_name":"word","page_number":56,"line_number":12,"text":"ﯡ","translation":{"text":"Indeed","language_name":"english","language_id":38},"transliteration":{"text":"inna","language_name":"english","language_id":38}},{"id":49259,"position":2,"audio_url":"wbw/003_051_002.mp3","qpc_uthmani_hafs":"ٱللَّهَ","char_type_name":"word","page_number":56,"line_number":12,"text":"ﯢ","translation":{"text":"Allah","language_name":"english","language_id":38},"transliteration":{"text":"l-laha","language_name":"english","language_id":38}},{"id":49260,"position":3,"audio_url":"wbw/003_051_003.mp3","qpc_uthmani_hafs":"رَبِّي","char_type_name":"word","page_number":56,"line_number":12,"text":"ﯣ","translation":{"text":"(is) my Lord","language_name":"english","language_id":38},"transliteration":{"text":"rabbī","language_name":"english","language_id":38}},{"id":49261,"position":4,"audio_url":"wbw/003_051_004.mp3","qpc_uthmani_hafs":"وَرَبُّكُمۡ","char_type_name":"word","page_number":56,"line_number":12,"text":"ﯤ","translation":{"text":"and your Lord","language_name":"english","language_id":38},"transliteration":{"text":"warabbukum","language_name":"english","language_id":38}},{"id":49262,"position":5,"audio_url":"wbw/003_051_005.mp3","qpc_uthmani_hafs":"فَٱعۡبُدُوهُۚ","char_type_name":"word","page_number":56,"line_number":12,"text":"ﯥﯦ","translation":{"text":"so worship Him","language_name":"english","language_id":38},"transliteration":{"text":"fa-uʿ'budūhu","language_name":"english","language_id":38}},{"id":49264,"position":6,"audio_url":"wbw/003_051_007.mp3","qpc_uthmani_hafs":"هَٰذَا","char_type_name":"word","page_number":56,"line_number":13,"text":"ﯧ","translation":{"text":"This","language_name":"english","language_id":38},"transliteration":{"text":"hādhā","language_name":"english","language_id":38}},{"id":49265,"position":7,"audio_url":"wbw/003_051_008.mp3","qpc_uthmani_hafs":"صِرَٰطٞ","char_type_name":"word","page_number":56,"line_number":13,"text":"ﯨ","translation":{"text":"(is) the path","language_name":"english","language_id":38},"transliteration":{"text":"ṣirāṭun","language_name":"english","language_id":38}},{"id":49266,"position":8,"audio_url":"wbw/003_051_009.mp3","qpc_uthmani_hafs":"مُّسۡتَقِيمٞ","char_type_name":"word","page_number":56,"line_number":13,"text":"ﯩ","translation":{"text":"straight","language_name":"english","language_id":38},"transliteration":{"text":"mus'taqīmun","language_name":"english","language_id":38}},{"id":49267,"position":9,"audio_url":null,"qpc_uthmani_hafs":"٥١","char_type_name":"end","page_number":56,"line_number":13,"text":"ﯪ","translation":{"text":"(51)","language_name":"english","language_id":38},"transliteration":{"text":null,"language_name":"english","language_id":38}}],"translations":[{"id":916773,"resource_id":134,"text":"Sesungguhnya Allah, Tuhan-ku dan Tuhan-mu, karena itu sembahlah Dia.  Inilah jalan yang lurus\"."}]},{"id":345,"verse_number":52,"verse_key":"3:52","juz_number":3,"hizb_number":6,"rub_el_hizb_number":23,"ruku_number":46,"manzil_number":1,"sajdah_number":null,"text_uthmani":"۞ فَلَمَّآ أَحَسَّ عِيسَىٰ مِنْهُمُ ٱلْكُفْرَ قَالَ مَنْ أَنصَارِىٓ إِلَى ٱللَّهِ ۖ قَالَ ٱلْحَوَارِيُّونَ نَحْنُ أَنصَارُ ٱللَّهِ ءَامَنَّا بِٱللَّهِ وَٱشْهَدْ بِأَنَّا مُسْلِمُونَ","page_number":56,"words":[{"id":49706,"position":1,"audio_url":"wbw/003_052_002.mp3","qpc_uthmani_hafs":"۞ فَلَمَّآ","char_type_name":"word","page_number":56,"line_number":13,"text":"ﯫ ﯬ","translation":{"text":"Then when","language_name":"english","language_id":38},"transliteration":{"text":"falammā","language_name":"english","language_id":38}},{"id":49707,"position":2,"audio_url":"wbw/003_052_003.mp3","qpc_uthmani_hafs":"أَحَسَّ","char_type_name":"word","page_number":56,"line_number":13,"text":"ﯭ","translation":{"text":"perceived","language_name":"english","language_id":38},"transliteration":{"text":"aḥassa","language_name":"english","language_id":38}},{"id":49708,"position":3,"audio_url":"wbw/003_052_004.mp3","qpc_uthmani_hafs":"عِيسَىٰ","char_type_name":"word","page_number":56,"line_number":13,"text":"ﯮ","translation":{"text":"Isa","language_name":"english","language_id":38},"transliteration":{"text":"ʿīsā","language_name":"english","language_id":38}},{"id":49709,"position":4,"audio_url":"wbw/003_052_005.mp3","qpc_uthmani_hafs":"مِنۡهُمُ","char_type_name":"word","page_number":56,"line_number":13,"text":"ﯯ","translation":{"text":"from them","language_name":"english","language_id":38},"transliteration":{"text":"min'humu","language_name":"english","language_id":38}},{"id":49710,"position":5,"audio_url":"wbw/003_052_006.mp3","qpc_uthmani_hafs":"ٱلۡكُفۡرَ","char_type_name":"word","page_number":56,"line_number":14,"text":"ﯰ","translation":{"text":"[the] disbelief","language_name":"english","language_id":38},"transliteration":{"text":"l-kuf'ra","language_name":"english","language_id":38}},{"id":49711,"position":6,"audio_url":"wbw/003_052_007.mp3","qpc_uthmani_hafs":"قَالَ","char_type_name":"word","page_number":56,"line_number":14,"text":"ﯱ","translation":{"text":"he said","language_name":"english","language_id":38},"transliteration":{"text":"qāla","language_name":"english","language_id":38}},{"id":49712,"position":7,"audio_url":"wbw/003_052_008.mp3","qpc_uthmani_hafs":"مَنۡ","char_type_name":"word","page_number":56,"line_number":14,"text":"ﯲ","translation":{"text":"Who","language_name":"english","language_id":38},"transliteration":{"text":"man","language_name":"english","language_id":38}},{"id":49713,"position":8,"audio_url":"wbw/003_052_009.mp3","qpc_uthmani_hafs":"أَنصَارِيٓ","char_type_name":"word","page_number":56,"line_number":14,"text":"ﯳ","translation":{"text":"(will be) my helpers","language_name":"english","language_id":38},"transliteration":{"text":"anṣārī","language_name":"english","language_id":38}},{"id":49714,"position":9,"audio_url":"wbw/003_052_010.mp3","qpc_uthmani_hafs":"إِلَى","char_type_name":"word","page_number":56,"line_number":14,"text":"ﯴ","translation":{"text":"to","language_name":"english","language_id":38},"transliteration":{"text":"ilā","language_name":"english","language_id":38}},{"id":49715,"position":10,"audio_url":"wbw/003_052_011.mp3","qpc_uthmani_hafs":"ٱللَّهِۖ","char_type_name":"word","page_number":56,"line_number":14,"text":"ﯵﯶ","translation":{"text":"Allah","language_name":"english","language_id":38},"transliteration":{"text":"l-lahi","language_name":"english","language_id":38}},{"id":49717,"position":11,"audio_url":"wbw/003_052_013.mp3","qpc_uthmani_hafs":"قَالَ","char_type_name":"word","page_number":56,"line_number":14,"text":"ﯷ","translation":{"text":"Said","language_name":"english","language_id":38},"transliteration":{"text":"qāla","language_name":"english","language_id":38}},{"id":49718,"position":12,"audio_url":"wbw/003_052_014.mp3","qpc_uthmani_hafs":"ٱلۡحَوَارِيُّونَ","char_type_name":"word","page_number":56,"line_number":14,"text":"ﯸ","translation":{"text":"the disciples","language_name":"english","language_id":38},"transliteration":{"text":"l-ḥawāriyūna","language_name":"english","language_id":38}},{"id":49719,"position":13,"audio_url":"wbw/003_052_015.mp3","qpc_uthmani_hafs":"نَحۡنُ","char_type_name":"word","page_number":56,"line_number":14,"text":"ﯹ","translation":{"text":"We","language_name":"english","language_id":38},"transliteration":{"text":"naḥnu","language_name":"english","language_id":38}},{"id":49720,"position":14,"audio_url":"wbw/003_052_016.mp3","qpc_uthmani_hafs":"أَنصَارُ","char_type_name":"word","page_number":56,"line_number":15,"text":"ﯺ","translation":{"text":"(will be the) helpers","language_name":"english","language_id":38},"transliteration":{"text":"anṣāru","language_name":"english","language_id":38}},{"id":49721,"position":15,"audio_url":"wbw/003_052_017.mp3","qpc_uthmani_hafs":"ٱللَّهِ","char_type_name":"word","page_number":56,"line_number":15,"text":"ﯻ","translation":{"text":"(of) Allah","language_name":"english","language_id":38},"transliteration":{"text":"l-lahi","language_name":"english","language_id":38}},{"id":49722,"position":16,"audio_url":"wbw/003_052_018.mp3","qpc_uthmani_hafs":"ءَامَنَّا","char_type_name":"word","page_number":56,"line_number":15,"text":"ﯼ","translation":{"text":"we believe[d]","language_name":"english","language_id":38},"transliteration":{"text":"āmannā","language_name":"english","language_id":38}},{"id":49723,"position":17,"audio_url":"wbw/003_052_019.mp3","qpc_uthmani_hafs":"بِٱللَّهِ","char_type_name":"word","page_number":56,"line_number":15,"text":"ﯽ","translation":{"text":"in Allah","language_name":"english","language_id":38},"transliteration":{"text":"bil-lahi","language_name":"english","language_id":38}},{"id":49724,"position":18,"audio_url":"wbw/003_052_020.mp3","qpc_uthmani_hafs":"وَٱشۡهَدۡ","char_type_name":"word","page_number":56,"line_number":15,"text":"ﯾ","translation":{"text":"and bear witness","language_name":"english","language_id":38},"transliteration":{"text":"wa-ish'had","language_name":"english","language_id":38}},{"id":49725,"position":19,"audio_url":"wbw/003_052_021.mp3","qpc_uthmani_hafs":"بِأَنَّا","char_type_name":"word","page_number":56,"line_number":15,"text":"ﯿ","translation":{"text":"that we","language_name":"english","language_id":38},"transliteration":{"text":"bi-annā","language_name":"english","language_id":38}},{"id":49726,"position":20,"audio_url":"wbw/003_052_022.mp3","qpc_uthmani_hafs":"مُسۡلِمُونَ","char_type_name":"word","page_number":56,"line_number":15,"text":"ﰀ","translation":{"text":"(are) Muslims","language_name":"english","language_id":38},"transliteration":{"text":"mus'limūna","language_name":"english","language_id":38}},{"id":49727,"position":21,"audio_url":null,"qpc_uthmani_hafs":"٥٢","char_type_name":"end","page_number":56,"line_number":15,"text":"ﰁ","translation":{"text":"(52)","language_name":"english","language_id":38},"transliteration":{"text":null,"language_name":"english","language_id":38}}],"translations":[{"id":916774,"resource_id":134,"text":"Maka tatkala ʻIsa  mengetahui keingkaran mereka (Bani Isrā`īl) berkatalah dia, \"Siapakah yang akan menjadi penolong-penolongku untuk (menegakkan agama) Allah?\" Para ῌawāriyyūn (sahabat-sahabat setia) menjawab, \"Kamilah penolong-penolong (agama) Allah, kami beriman kepada Allah; dan saksikanlah bahwa sesungguhnya kami adalah orang-orang yang berserah diri."}]}],"pagination":{"per_page":50,"current_page":1,"next_page":null,"total_pages":1,"total_records":7}}