{"verses":[{"id":5230,"verse_number":1,"verse_key":"66:1","juz_number":28,"hizb_number":56,"rub_el_hizb_number":224,"ruku_number":496,"manzil_number":7,"sajdah_number":null,"text_uthmani":" يَـٰٓأَيُّهَا ٱلنَّبِىُّ لِمَ تُحَرِّمُ مَآ أَحَلَّ ٱللَّهُ لَكَ ۖ تَبْتَغِى مَرْضَاتَ أَزْوَٰجِكَ ۚ وَٱللَّهُ غَفُورٌ رَّحِيمٌ","page_number":560,"words":[{"id":555,"position":1,"audio_url":"wbw/066_001_001.mp3","qpc_uthmani_hafs":"يَٰٓأَيُّهَا","char_type_name":"word","page_number":560,"line_number":3,"text":"ﭑ","translation":{"text":"O","language_name":"english","language_id":38},"transliteration":{"text":"yāayyuhā","language_name":"english","language_id":38}},{"id":556,"position":2,"audio_url":"wbw/066_001_002.mp3","qpc_uthmani_hafs":"ٱلنَّبِيُّ","char_type_name":"word","page_number":560,"line_number":3,"text":"ﭒ","translation":{"text":"Prophet","language_name":"english","language_id":38},"transliteration":{"text":"l-nabiyu","language_name":"english","language_id":38}},{"id":557,"position":3,"audio_url":"wbw/066_001_003.mp3","qpc_uthmani_hafs":"لِمَ","char_type_name":"word","page_number":560,"line_number":3,"text":"ﭓ","translation":{"text":"Why (do)","language_name":"english","language_id":38},"transliteration":{"text":"lima","language_name":"english","language_id":38}},{"id":558,"position":4,"audio_url":"wbw/066_001_004.mp3","qpc_uthmani_hafs":"تُحَرِّمُ","char_type_name":"word","page_number":560,"line_number":3,"text":"ﭔ","translation":{"text":"you prohibit","language_name":"english","language_id":38},"transliteration":{"text":"tuḥarrimu","language_name":"english","language_id":38}},{"id":559,"position":5,"audio_url":"wbw/066_001_005.mp3","qpc_uthmani_hafs":"مَآ","char_type_name":"word","page_number":560,"line_number":3,"text":"ﭕ","translation":{"text":"what","language_name":"english","language_id":38},"transliteration":{"text":"mā","language_name":"english","language_id":38}},{"id":560,"position":6,"audio_url":"wbw/066_001_006.mp3","qpc_uthmani_hafs":"أَحَلَّ","char_type_name":"word","page_number":560,"line_number":3,"text":"ﭖ","translation":{"text":"has made lawful","language_name":"english","language_id":38},"transliteration":{"text":"aḥalla","language_name":"english","language_id":38}},{"id":561,"position":7,"audio_url":"wbw/066_001_007.mp3","qpc_uthmani_hafs":"ٱللَّهُ","char_type_name":"word","page_number":560,"line_number":3,"text":"ﭗ","translation":{"text":"Allah","language_name":"english","language_id":38},"transliteration":{"text":"l-lahu","language_name":"english","language_id":38}},{"id":562,"position":8,"audio_url":"wbw/066_001_008.mp3","qpc_uthmani_hafs":"لَكَۖ","char_type_name":"word","page_number":560,"line_number":3,"text":"ﭘﭙ","translation":{"text":"for you","language_name":"english","language_id":38},"transliteration":{"text":"laka","language_name":"english","language_id":38}},{"id":564,"position":9,"audio_url":"wbw/066_001_010.mp3","qpc_uthmani_hafs":"تَبۡتَغِي","char_type_name":"word","page_number":560,"line_number":3,"text":"ﭚ","translation":{"text":"seeking","language_name":"english","language_id":38},"transliteration":{"text":"tabtaghī","language_name":"english","language_id":38}},{"id":565,"position":10,"audio_url":"wbw/066_001_011.mp3","qpc_uthmani_hafs":"مَرۡضَاتَ","char_type_name":"word","page_number":560,"line_number":3,"text":"ﭛ","translation":{"text":"(to) please","language_name":"english","language_id":38},"transliteration":{"text":"marḍāta","language_name":"english","language_id":38}},{"id":566,"position":11,"audio_url":"wbw/066_001_012.mp3","qpc_uthmani_hafs":"أَزۡوَٰجِكَۚ","char_type_name":"word","page_number":560,"line_number":3,"text":"ﭜﭝ","translation":{"text":"your wives","language_name":"english","language_id":38},"transliteration":{"text":"azwājika","language_name":"english","language_id":38}},{"id":568,"position":12,"audio_url":"wbw/066_001_014.mp3","qpc_uthmani_hafs":"وَٱللَّهُ","char_type_name":"word","page_number":560,"line_number":3,"text":"ﭞ","translation":{"text":"And Allah","language_name":"english","language_id":38},"transliteration":{"text":"wal-lahu","language_name":"english","language_id":38}},{"id":569,"position":13,"audio_url":"wbw/066_001_015.mp3","qpc_uthmani_hafs":"غَفُورٞ","char_type_name":"word","page_number":560,"line_number":4,"text":"ﭟ","translation":{"text":"(is) Oft-Forgiving","language_name":"english","language_id":38},"transliteration":{"text":"ghafūrun","language_name":"english","language_id":38}},{"id":570,"position":14,"audio_url":"wbw/066_001_016.mp3","qpc_uthmani_hafs":"رَّحِيمٞ","char_type_name":"word","page_number":560,"line_number":4,"text":"ﭠ","translation":{"text":"Most Merciful","language_name":"english","language_id":38},"transliteration":{"text":"raḥīmun","language_name":"english","language_id":38}},{"id":571,"position":15,"audio_url":null,"qpc_uthmani_hafs":"١","char_type_name":"end","page_number":560,"line_number":4,"text":"ﭡ","translation":{"text":"(1)","language_name":"english","language_id":38},"transliteration":{"text":null,"language_name":"english","language_id":38}}],"translations":[{"id":921659,"resource_id":134,"text":"Hai Nabi, mengapa kamu mengharamkan apa yang Allah menghalalkannya bagimu; kamu mencari kesenangan hati istri-istrimu? Dan Allah Maha Pengampun lagi Maha Penyayang<sup foot_note=211255>1</sup>."}]},{"id":5231,"verse_number":2,"verse_key":"66:2","juz_number":28,"hizb_number":56,"rub_el_hizb_number":224,"ruku_number":496,"manzil_number":7,"sajdah_number":null,"text_uthmani":"قَدْ فَرَضَ ٱللَّهُ لَكُمْ تَحِلَّةَ أَيْمَـٰنِكُمْ ۚ وَٱللَّهُ مَوْلَىٰكُمْ ۖ وَهُوَ ٱلْعَلِيمُ ٱلْحَكِيمُ","page_number":560,"words":[{"id":1448,"position":1,"audio_url":"wbw/066_002_001.mp3","qpc_uthmani_hafs":"قَدۡ","char_type_name":"word","page_number":560,"line_number":4,"text":"ﭢ","translation":{"text":"Indeed","language_name":"english","language_id":38},"transliteration":{"text":"qad","language_name":"english","language_id":38}},{"id":1449,"position":2,"audio_url":"wbw/066_002_002.mp3","qpc_uthmani_hafs":"فَرَضَ","char_type_name":"word","page_number":560,"line_number":4,"text":"ﭣ","translation":{"text":"has ordained","language_name":"english","language_id":38},"transliteration":{"text":"faraḍa","language_name":"english","language_id":38}},{"id":1450,"position":3,"audio_url":"wbw/066_002_003.mp3","qpc_uthmani_hafs":"ٱللَّهُ","char_type_name":"word","page_number":560,"line_number":4,"text":"ﭤ","translation":{"text":"Allah","language_name":"english","language_id":38},"transliteration":{"text":"l-lahu","language_name":"english","language_id":38}},{"id":1451,"position":4,"audio_url":"wbw/066_002_004.mp3","qpc_uthmani_hafs":"لَكُمۡ","char_type_name":"word","page_number":560,"line_number":4,"text":"ﭥ","translation":{"text":"for you","language_name":"english","language_id":38},"transliteration":{"text":"lakum","language_name":"english","language_id":38}},{"id":1452,"position":5,"audio_url":"wbw/066_002_005.mp3","qpc_uthmani_hafs":"تَحِلَّةَ","char_type_name":"word","page_number":560,"line_number":4,"text":"ﭦ","translation":{"text":"(the) dissolution","language_name":"english","language_id":38},"transliteration":{"text":"taḥillata","language_name":"english","language_id":38}},{"id":1453,"position":6,"audio_url":"wbw/066_002_006.mp3","qpc_uthmani_hafs":"أَيۡمَٰنِكُمۡۚ","char_type_name":"word","page_number":560,"line_number":4,"text":"ﭧﭨ","translation":{"text":"(of) your oaths","language_name":"english","language_id":38},"transliteration":{"text":"aymānikum","language_name":"english","language_id":38}},{"id":1455,"position":7,"audio_url":"wbw/066_002_008.mp3","qpc_uthmani_hafs":"وَٱللَّهُ","char_type_name":"word","page_number":560,"line_number":4,"text":"ﭩ","translation":{"text":"And Allah","language_name":"english","language_id":38},"transliteration":{"text":"wal-lahu","language_name":"english","language_id":38}},{"id":1456,"position":8,"audio_url":"wbw/066_002_009.mp3","qpc_uthmani_hafs":"مَوۡلَىٰكُمۡۖ","char_type_name":"word","page_number":560,"line_number":4,"text":"ﭪﭫ","translation":{"text":"(is) your Protector","language_name":"english","language_id":38},"transliteration":{"text":"mawlākum","language_name":"english","language_id":38}},{"id":1458,"position":9,"audio_url":"wbw/066_002_011.mp3","qpc_uthmani_hafs":"وَهُوَ","char_type_name":"word","page_number":560,"line_number":5,"text":"ﭬ","translation":{"text":"and He","language_name":"english","language_id":38},"transliteration":{"text":"wahuwa","language_name":"english","language_id":38}},{"id":1459,"position":10,"audio_url":"wbw/066_002_012.mp3","qpc_uthmani_hafs":"ٱلۡعَلِيمُ","char_type_name":"word","page_number":560,"line_number":5,"text":"ﭭ","translation":{"text":"(is) the All-Knower","language_name":"english","language_id":38},"transliteration":{"text":"l-ʿalīmu","language_name":"english","language_id":38}},{"id":1460,"position":11,"audio_url":"wbw/066_002_013.mp3","qpc_uthmani_hafs":"ٱلۡحَكِيمُ","char_type_name":"word","page_number":560,"line_number":5,"text":"ﭮ","translation":{"text":"the All-Wise","language_name":"english","language_id":38},"transliteration":{"text":"l-ḥakīmu","language_name":"english","language_id":38}},{"id":1461,"position":12,"audio_url":null,"qpc_uthmani_hafs":"٢","char_type_name":"end","page_number":560,"line_number":5,"text":"ﭯ","translation":{"text":"(2)","language_name":"english","language_id":38},"transliteration":{"text":null,"language_name":"english","language_id":38}}],"translations":[{"id":921660,"resource_id":134,"text":"Sesungguhnya Allah telah mewajibkan kepada kamu sekalian membebaskan diri dari sumpahmu<sup foot_note=211256>1</sup>; dan Allah adalah Pelindungmu dan Dia Maha Mengetahui lagi Maha Bijaksana."}]},{"id":5232,"verse_number":3,"verse_key":"66:3","juz_number":28,"hizb_number":56,"rub_el_hizb_number":224,"ruku_number":496,"manzil_number":7,"sajdah_number":null,"text_uthmani":"وَإِذْ أَسَرَّ ٱلنَّبِىُّ إِلَىٰ بَعْضِ أَزْوَٰجِهِۦ حَدِيثًا فَلَمَّا نَبَّأَتْ بِهِۦ وَأَظْهَرَهُ ٱللَّهُ عَلَيْهِ عَرَّفَ بَعْضَهُۥ وَأَعْرَضَ عَنۢ بَعْضٍ ۖ فَلَمَّا نَبَّأَهَا بِهِۦ قَالَتْ مَنْ أَنۢبَأَكَ هَـٰذَا ۖ قَالَ نَبَّأَنِىَ ٱلْعَلِيمُ ٱلْخَبِيرُ","page_number":560,"words":[{"id":2493,"position":1,"audio_url":"wbw/066_003_001.mp3","qpc_uthmani_hafs":"وَإِذۡ","char_type_name":"word","page_number":560,"line_number":5,"text":"ﭰ","translation":{"text":"And when","language_name":"english","language_id":38},"transliteration":{"text":"wa-idh","language_name":"english","language_id":38}},{"id":2494,"position":2,"audio_url":"wbw/066_003_002.mp3","qpc_uthmani_hafs":"أَسَرَّ","char_type_name":"word","page_number":560,"line_number":5,"text":"ﭱ","translation":{"text":"confided","language_name":"english","language_id":38},"transliteration":{"text":"asarra","language_name":"english","language_id":38}},{"id":2495,"position":3,"audio_url":"wbw/066_003_003.mp3","qpc_uthmani_hafs":"ٱلنَّبِيُّ","char_type_name":"word","page_number":560,"line_number":5,"text":"ﭲ","translation":{"text":"the Prophet","language_name":"english","language_id":38},"transliteration":{"text":"l-nabiyu","language_name":"english","language_id":38}},{"id":2496,"position":4,"audio_url":"wbw/066_003_004.mp3","qpc_uthmani_hafs":"إِلَىٰ","char_type_name":"word","page_number":560,"line_number":5,"text":"ﭳ","translation":{"text":"to","language_name":"english","language_id":38},"transliteration":{"text":"ilā","language_name":"english","language_id":38}},{"id":2497,"position":5,"audio_url":"wbw/066_003_005.mp3","qpc_uthmani_hafs":"بَعۡضِ","char_type_name":"word","page_number":560,"line_number":5,"text":"ﭴ","translation":{"text":"one","language_name":"english","language_id":38},"transliteration":{"text":"baʿḍi","language_name":"english","language_id":38}},{"id":2498,"position":6,"audio_url":"wbw/066_003_006.mp3","qpc_uthmani_hafs":"أَزۡوَٰجِهِۦ","char_type_name":"word","page_number":560,"line_number":5,"text":"ﭵ","translation":{"text":"(of) his wives","language_name":"english","language_id":38},"transliteration":{"text":"azwājihi","language_name":"english","language_id":38}},{"id":2499,"position":7,"audio_url":"wbw/066_003_007.mp3","qpc_uthmani_hafs":"حَدِيثٗا","char_type_name":"word","page_number":560,"line_number":5,"text":"ﭶ","translation":{"text":"a statement","language_name":"english","language_id":38},"transliteration":{"text":"ḥadīthan","language_name":"english","language_id":38}},{"id":2500,"position":8,"audio_url":"wbw/066_003_008.mp3","qpc_uthmani_hafs":"فَلَمَّا","char_type_name":"word","page_number":560,"line_number":6,"text":"ﭷ","translation":{"text":"and when","language_name":"english","language_id":38},"transliteration":{"text":"falammā","language_name":"english","language_id":38}},{"id":2501,"position":9,"audio_url":"wbw/066_003_009.mp3","qpc_uthmani_hafs":"نَبَّأَتۡ","char_type_name":"word","page_number":560,"line_number":6,"text":"ﭸ","translation":{"text":"she informed","language_name":"english","language_id":38},"transliteration":{"text":"nabba-at","language_name":"english","language_id":38}},{"id":2502,"position":10,"audio_url":"wbw/066_003_010.mp3","qpc_uthmani_hafs":"بِهِۦ","char_type_name":"word","page_number":560,"line_number":6,"text":"ﭹ","translation":{"text":"about it","language_name":"english","language_id":38},"transliteration":{"text":"bihi","language_name":"english","language_id":38}},{"id":2503,"position":11,"audio_url":"wbw/066_003_011.mp3","qpc_uthmani_hafs":"وَأَظۡهَرَهُ","char_type_name":"word","page_number":560,"line_number":6,"text":"ﭺ","translation":{"text":"and made it apparent","language_name":"english","language_id":38},"transliteration":{"text":"wa-aẓharahu","language_name":"english","language_id":38}},{"id":2504,"position":12,"audio_url":"wbw/066_003_012.mp3","qpc_uthmani_hafs":"ٱللَّهُ","char_type_name":"word","page_number":560,"line_number":6,"text":"ﭻ","translation":{"text":"Allah","language_name":"english","language_id":38},"transliteration":{"text":"l-lahu","language_name":"english","language_id":38}},{"id":2505,"position":13,"audio_url":"wbw/066_003_013.mp3","qpc_uthmani_hafs":"عَلَيۡهِ","char_type_name":"word","page_number":560,"line_number":6,"text":"ﭼ","translation":{"text":"to him","language_name":"english","language_id":38},"transliteration":{"text":"ʿalayhi","language_name":"english","language_id":38}},{"id":2506,"position":14,"audio_url":"wbw/066_003_014.mp3","qpc_uthmani_hafs":"عَرَّفَ","char_type_name":"word","page_number":560,"line_number":6,"text":"ﭽ","translation":{"text":"he made known","language_name":"english","language_id":38},"transliteration":{"text":"ʿarrafa","language_name":"english","language_id":38}},{"id":2507,"position":15,"audio_url":"wbw/066_003_015.mp3","qpc_uthmani_hafs":"بَعۡضَهُۥ","char_type_name":"word","page_number":560,"line_number":6,"text":"ﭾ","translation":{"text":"a part of it","language_name":"english","language_id":38},"transliteration":{"text":"baʿḍahu","language_name":"english","language_id":38}},{"id":2508,"position":16,"audio_url":"wbw/066_003_016.mp3","qpc_uthmani_hafs":"وَأَعۡرَضَ","char_type_name":"word","page_number":560,"line_number":6,"text":"ﭿ","translation":{"text":"and avoided","language_name":"english","language_id":38},"transliteration":{"text":"wa-aʿraḍa","language_name":"english","language_id":38}},{"id":2509,"position":17,"audio_url":"wbw/066_003_017.mp3","qpc_uthmani_hafs":"عَنۢ","char_type_name":"word","page_number":560,"line_number":6,"text":"ﮀ","translation":{"text":"[of]","language_name":"english","language_id":38},"transliteration":{"text":"ʿan","language_name":"english","language_id":38}},{"id":2510,"position":18,"audio_url":"wbw/066_003_018.mp3","qpc_uthmani_hafs":"بَعۡضٖۖ","char_type_name":"word","page_number":560,"line_number":6,"text":"ﮁﮂ","translation":{"text":"a part","language_name":"english","language_id":38},"transliteration":{"text":"baʿḍin","language_name":"english","language_id":38}},{"id":2512,"position":19,"audio_url":"wbw/066_003_020.mp3","qpc_uthmani_hafs":"فَلَمَّا","char_type_name":"word","page_number":560,"line_number":7,"text":"ﮃ","translation":{"text":"Then when","language_name":"english","language_id":38},"transliteration":{"text":"falammā","language_name":"english","language_id":38}},{"id":2513,"position":20,"audio_url":"wbw/066_003_021.mp3","qpc_uthmani_hafs":"نَبَّأَهَا","char_type_name":"word","page_number":560,"line_number":7,"text":"ﮄ","translation":{"text":"he informed her","language_name":"english","language_id":38},"transliteration":{"text":"nabba-ahā","language_name":"english","language_id":38}},{"id":2514,"position":21,"audio_url":"wbw/066_003_022.mp3","qpc_uthmani_hafs":"بِهِۦ","char_type_name":"word","page_number":560,"line_number":7,"text":"ﮅ","translation":{"text":"about it","language_name":"english","language_id":38},"transliteration":{"text":"bihi","language_name":"english","language_id":38}},{"id":2515,"position":22,"audio_url":"wbw/066_003_023.mp3","qpc_uthmani_hafs":"قَالَتۡ","char_type_name":"word","page_number":560,"line_number":7,"text":"ﮆ","translation":{"text":"she said","language_name":"english","language_id":38},"transliteration":{"text":"qālat","language_name":"english","language_id":38}},{"id":2516,"position":23,"audio_url":"wbw/066_003_024.mp3","qpc_uthmani_hafs":"مَنۡ","char_type_name":"word","page_number":560,"line_number":7,"text":"ﮇ","translation":{"text":"Who","language_name":"english","language_id":38},"transliteration":{"text":"man","language_name":"english","language_id":38}},{"id":2517,"position":24,"audio_url":"wbw/066_003_025.mp3","qpc_uthmani_hafs":"أَنۢبَأَكَ","char_type_name":"word","page_number":560,"line_number":7,"text":"ﮈ","translation":{"text":"informed you","language_name":"english","language_id":38},"transliteration":{"text":"anba-aka","language_name":"english","language_id":38}},{"id":2518,"position":25,"audio_url":"wbw/066_003_026.mp3","qpc_uthmani_hafs":"هَٰذَاۖ","char_type_name":"word","page_number":560,"line_number":7,"text":"ﮉﮊ","translation":{"text":"this","language_name":"english","language_id":38},"transliteration":{"text":"hādhā","language_name":"english","language_id":38}},{"id":2520,"position":26,"audio_url":"wbw/066_003_028.mp3","qpc_uthmani_hafs":"قَالَ","char_type_name":"word","page_number":560,"line_number":7,"text":"ﮋ","translation":{"text":"He said","language_name":"english","language_id":38},"transliteration":{"text":"qāla","language_name":"english","language_id":38}},{"id":2521,"position":27,"audio_url":"wbw/066_003_029.mp3","qpc_uthmani_hafs":"نَبَّأَنِيَ","char_type_name":"word","page_number":560,"line_number":7,"text":"ﮌ","translation":{"text":"Has informed me","language_name":"english","language_id":38},"transliteration":{"text":"nabba-aniya","language_name":"english","language_id":38}},{"id":2522,"position":28,"audio_url":"wbw/066_003_030.mp3","qpc_uthmani_hafs":"ٱلۡعَلِيمُ","char_type_name":"word","page_number":560,"line_number":7,"text":"ﮍ","translation":{"text":"the All-Knower","language_name":"english","language_id":38},"transliteration":{"text":"l-ʿalīmu","language_name":"english","language_id":38}},{"id":2523,"position":29,"audio_url":"wbw/066_003_031.mp3","qpc_uthmani_hafs":"ٱلۡخَبِيرُ","char_type_name":"word","page_number":560,"line_number":7,"text":"ﮎ","translation":{"text":"the All-Aware","language_name":"english","language_id":38},"transliteration":{"text":"l-khabīru","language_name":"english","language_id":38}},{"id":2524,"position":30,"audio_url":null,"qpc_uthmani_hafs":"٣","char_type_name":"end","page_number":560,"line_number":8,"text":"ﮏ","translation":{"text":"(3)","language_name":"english","language_id":38},"transliteration":{"text":null,"language_name":"english","language_id":38}}],"translations":[{"id":921661,"resource_id":134,"text":"Dan ingatlah ketika nabi membicarakan secara rahasia kepada salah seorang dari istri-istrinya (ῌafṣah) suatu peristiwa.  Maka tatkala (ῌafṣah) menceritakan peristiwa itu (kepada ʻĀ`isyah) dan Allah memberitahukan hal itu (semua pembicaraan ῌafṣah dengan ʻĀ`isyah) kepada Muhammad, lalu Muhammad memberitahukan sebagian (yang diberitakan Allah kepadanya) dan menyembunyikan sebagian yang lain (kepada ῌafṣah).  Maka tatkala (Muhammad) memberitahukan pembicaraan (antara ῌafṣah dan ʻĀ`isyah), lalu ῌafṣah bertanya, \"Siapakah yang telah memberitahukan hal ini kepadamu?\" Nabi menjawab, \"Telah diberitahukan kepadaku oleh Allah yang Maha Mengetahui lagi Maha Mengenal\"."}]},{"id":5233,"verse_number":4,"verse_key":"66:4","juz_number":28,"hizb_number":56,"rub_el_hizb_number":224,"ruku_number":496,"manzil_number":7,"sajdah_number":null,"text_uthmani":"إِن تَتُوبَآ إِلَى ٱللَّهِ فَقَدْ صَغَتْ قُلُوبُكُمَا ۖ وَإِن تَظَـٰهَرَا عَلَيْهِ فَإِنَّ ٱللَّهَ هُوَ مَوْلَىٰهُ وَجِبْرِيلُ وَصَـٰلِحُ ٱلْمُؤْمِنِينَ ۖ وَٱلْمَلَـٰٓئِكَةُ بَعْدَ ذَٰلِكَ ظَهِيرٌ","page_number":560,"words":[{"id":3918,"position":1,"audio_url":"wbw/066_004_001.mp3","qpc_uthmani_hafs":"إِن","char_type_name":"word","page_number":560,"line_number":8,"text":"ﮐ","translation":{"text":"If","language_name":"english","language_id":38},"transliteration":{"text":"in","language_name":"english","language_id":38}},{"id":3919,"position":2,"audio_url":"wbw/066_004_002.mp3","qpc_uthmani_hafs":"تَتُوبَآ","char_type_name":"word","page_number":560,"line_number":8,"text":"ﮑ","translation":{"text":"you both turn","language_name":"english","language_id":38},"transliteration":{"text":"tatūbā","language_name":"english","language_id":38}},{"id":3920,"position":3,"audio_url":"wbw/066_004_003.mp3","qpc_uthmani_hafs":"إِلَى","char_type_name":"word","page_number":560,"line_number":8,"text":"ﮒ","translation":{"text":"to","language_name":"english","language_id":38},"transliteration":{"text":"ilā","language_name":"english","language_id":38}},{"id":3921,"position":4,"audio_url":"wbw/066_004_004.mp3","qpc_uthmani_hafs":"ٱللَّهِ","char_type_name":"word","page_number":560,"line_number":8,"text":"ﮓ","translation":{"text":"Allah","language_name":"english","language_id":38},"transliteration":{"text":"l-lahi","language_name":"english","language_id":38}},{"id":3922,"position":5,"audio_url":"wbw/066_004_005.mp3","qpc_uthmani_hafs":"فَقَدۡ","char_type_name":"word","page_number":560,"line_number":8,"text":"ﮔ","translation":{"text":"so indeed","language_name":"english","language_id":38},"transliteration":{"text":"faqad","language_name":"english","language_id":38}},{"id":3923,"position":6,"audio_url":"wbw/066_004_006.mp3","qpc_uthmani_hafs":"صَغَتۡ","char_type_name":"word","page_number":560,"line_number":8,"text":"ﮕ","translation":{"text":"(are) inclined","language_name":"english","language_id":38},"transliteration":{"text":"ṣaghat","language_name":"english","language_id":38}},{"id":3924,"position":7,"audio_url":"wbw/066_004_007.mp3","qpc_uthmani_hafs":"قُلُوبُكُمَاۖ","char_type_name":"word","page_number":560,"line_number":8,"text":"ﮖﮗ","translation":{"text":"your hearts","language_name":"english","language_id":38},"transliteration":{"text":"qulūbukumā","language_name":"english","language_id":38}},{"id":3926,"position":8,"audio_url":"wbw/066_004_009.mp3","qpc_uthmani_hafs":"وَإِن","char_type_name":"word","page_number":560,"line_number":8,"text":"ﮘ","translation":{"text":"but if","language_name":"english","language_id":38},"transliteration":{"text":"wa-in","language_name":"english","language_id":38}},{"id":3927,"position":9,"audio_url":"wbw/066_004_010.mp3","qpc_uthmani_hafs":"تَظَٰهَرَا","char_type_name":"word","page_number":560,"line_number":8,"text":"ﮙ","translation":{"text":"you backup each other","language_name":"english","language_id":38},"transliteration":{"text":"taẓāharā","language_name":"english","language_id":38}},{"id":3928,"position":10,"audio_url":"wbw/066_004_011.mp3","qpc_uthmani_hafs":"عَلَيۡهِ","char_type_name":"word","page_number":560,"line_number":8,"text":"ﮚ","translation":{"text":"against him","language_name":"english","language_id":38},"transliteration":{"text":"ʿalayhi","language_name":"english","language_id":38}},{"id":3929,"position":11,"audio_url":"wbw/066_004_012.mp3","qpc_uthmani_hafs":"فَإِنَّ","char_type_name":"word","page_number":560,"line_number":9,"text":"ﮛ","translation":{"text":"then indeed","language_name":"english","language_id":38},"transliteration":{"text":"fa-inna","language_name":"english","language_id":38}},{"id":3930,"position":12,"audio_url":"wbw/066_004_013.mp3","qpc_uthmani_hafs":"ٱللَّهَ","char_type_name":"word","page_number":560,"line_number":9,"text":"ﮜ","translation":{"text":"Allah","language_name":"english","language_id":38},"transliteration":{"text":"l-laha","language_name":"english","language_id":38}},{"id":3931,"position":13,"audio_url":"wbw/066_004_014.mp3","qpc_uthmani_hafs":"هُوَ","char_type_name":"word","page_number":560,"line_number":9,"text":"ﮝ","translation":{"text":"He","language_name":"english","language_id":38},"transliteration":{"text":"huwa","language_name":"english","language_id":38}},{"id":3932,"position":14,"audio_url":"wbw/066_004_015.mp3","qpc_uthmani_hafs":"مَوۡلَىٰهُ","char_type_name":"word","page_number":560,"line_number":9,"text":"ﮞ","translation":{"text":"(is) his Protector","language_name":"english","language_id":38},"transliteration":{"text":"mawlāhu","language_name":"english","language_id":38}},{"id":3933,"position":15,"audio_url":"wbw/066_004_016.mp3","qpc_uthmani_hafs":"وَجِبۡرِيلُ","char_type_name":"word","page_number":560,"line_number":9,"text":"ﮟ","translation":{"text":"and Jibreel","language_name":"english","language_id":38},"transliteration":{"text":"wajib'rīlu","language_name":"english","language_id":38}},{"id":3934,"position":16,"audio_url":"wbw/066_004_017.mp3","qpc_uthmani_hafs":"وَصَٰلِحُ","char_type_name":"word","page_number":560,"line_number":9,"text":"ﮠ","translation":{"text":"and (the) righteous","language_name":"english","language_id":38},"transliteration":{"text":"waṣāliḥu","language_name":"english","language_id":38}},{"id":3935,"position":17,"audio_url":"wbw/066_004_018.mp3","qpc_uthmani_hafs":"ٱلۡمُؤۡمِنِينَۖ","char_type_name":"word","page_number":560,"line_number":9,"text":"ﮡﮢ","translation":{"text":"believers","language_name":"english","language_id":38},"transliteration":{"text":"l-mu'minīna","language_name":"english","language_id":38}},{"id":3937,"position":18,"audio_url":"wbw/066_004_020.mp3","qpc_uthmani_hafs":"وَٱلۡمَلَٰٓئِكَةُ","char_type_name":"word","page_number":560,"line_number":9,"text":"ﮣ","translation":{"text":"and the Angels","language_name":"english","language_id":38},"transliteration":{"text":"wal-malāikatu","language_name":"english","language_id":38}},{"id":3938,"position":19,"audio_url":"wbw/066_004_021.mp3","qpc_uthmani_hafs":"بَعۡدَ","char_type_name":"word","page_number":560,"line_number":10,"text":"ﮤ","translation":{"text":"after","language_name":"english","language_id":38},"transliteration":{"text":"baʿda","language_name":"english","language_id":38}},{"id":3939,"position":20,"audio_url":"wbw/066_004_022.mp3","qpc_uthmani_hafs":"ذَٰلِكَ","char_type_name":"word","page_number":560,"line_number":10,"text":"ﮥ","translation":{"text":"that","language_name":"english","language_id":38},"transliteration":{"text":"dhālika","language_name":"english","language_id":38}},{"id":3940,"position":21,"audio_url":"wbw/066_004_023.mp3","qpc_uthmani_hafs":"ظَهِيرٌ","char_type_name":"word","page_number":560,"line_number":10,"text":"ﮦ","translation":{"text":"(are his) assistants","language_name":"english","language_id":38},"transliteration":{"text":"ẓahīrun","language_name":"english","language_id":38}},{"id":3941,"position":22,"audio_url":null,"qpc_uthmani_hafs":"٤","char_type_name":"end","page_number":560,"line_number":10,"text":"ﮧ","translation":{"text":"(4)","language_name":"english","language_id":38},"transliteration":{"text":null,"language_name":"english","language_id":38}}],"translations":[{"id":921662,"resource_id":134,"text":"Jika kamu berdua bertobat kepada Allah, maka sesungguhnya hati kamu berdua telah condong (untuk menerima kebaikan); dan jika kamu berdua bantu-membantu menyusahkan nabi, maka sesungguhnya Allah adalah Pelindungnya dan (begitu pula) Jibril dan orang-orang mukmin yang baik; dan selain dari itu malaikat-malaikat adalah penolongnya pula."}]},{"id":5234,"verse_number":5,"verse_key":"66:5","juz_number":28,"hizb_number":56,"rub_el_hizb_number":224,"ruku_number":496,"manzil_number":7,"sajdah_number":null,"text_uthmani":"عَسَىٰ رَبُّهُۥٓ إِن طَلَّقَكُنَّ أَن يُبْدِلَهُۥٓ أَزْوَٰجًا خَيْرًا مِّنكُنَّ مُسْلِمَـٰتٍ مُّؤْمِنَـٰتٍ قَـٰنِتَـٰتٍ تَـٰٓئِبَـٰتٍ عَـٰبِدَٰتٍ سَـٰٓئِحَـٰتٍ ثَيِّبَـٰتٍ وَأَبْكَارًا","page_number":560,"words":[{"id":5148,"position":1,"audio_url":"wbw/066_005_001.mp3","qpc_uthmani_hafs":"عَسَىٰ","char_type_name":"word","page_number":560,"line_number":10,"text":"ﮨ","translation":{"text":"Perhaps","language_name":"english","language_id":38},"transliteration":{"text":"ʿasā","language_name":"english","language_id":38}},{"id":5149,"position":2,"audio_url":"wbw/066_005_002.mp3","qpc_uthmani_hafs":"رَبُّهُۥٓ","char_type_name":"word","page_number":560,"line_number":10,"text":"ﮩ","translation":{"text":"his Lord","language_name":"english","language_id":38},"transliteration":{"text":"rabbuhu","language_name":"english","language_id":38}},{"id":5150,"position":3,"audio_url":"wbw/066_005_003.mp3","qpc_uthmani_hafs":"إِن","char_type_name":"word","page_number":560,"line_number":10,"text":"ﮪ","translation":{"text":"if","language_name":"english","language_id":38},"transliteration":{"text":"in","language_name":"english","language_id":38}},{"id":5151,"position":4,"audio_url":"wbw/066_005_004.mp3","qpc_uthmani_hafs":"طَلَّقَكُنَّ","char_type_name":"word","page_number":560,"line_number":10,"text":"ﮫ","translation":{"text":"he divorced you","language_name":"english","language_id":38},"transliteration":{"text":"ṭallaqakunna","language_name":"english","language_id":38}},{"id":5152,"position":5,"audio_url":"wbw/066_005_005.mp3","qpc_uthmani_hafs":"أَن","char_type_name":"word","page_number":560,"line_number":10,"text":"ﮬ","translation":{"text":"[that]","language_name":"english","language_id":38},"transliteration":{"text":"an","language_name":"english","language_id":38}},{"id":5153,"position":6,"audio_url":"wbw/066_005_006.mp3","qpc_uthmani_hafs":"يُبۡدِلَهُۥٓ","char_type_name":"word","page_number":560,"line_number":10,"text":"ﮭ","translation":{"text":"He will substitute for him","language_name":"english","language_id":38},"transliteration":{"text":"yub'dilahu","language_name":"english","language_id":38}},{"id":5154,"position":7,"audio_url":"wbw/066_005_007.mp3","qpc_uthmani_hafs":"أَزۡوَٰجًا","char_type_name":"word","page_number":560,"line_number":10,"text":"ﮮ","translation":{"text":"wives","language_name":"english","language_id":38},"transliteration":{"text":"azwājan","language_name":"english","language_id":38}},{"id":5155,"position":8,"audio_url":"wbw/066_005_008.mp3","qpc_uthmani_hafs":"خَيۡرٗا","char_type_name":"word","page_number":560,"line_number":11,"text":"ﮯ","translation":{"text":"better","language_name":"english","language_id":38},"transliteration":{"text":"khayran","language_name":"english","language_id":38}},{"id":5156,"position":9,"audio_url":"wbw/066_005_009.mp3","qpc_uthmani_hafs":"مِّنكُنَّ","char_type_name":"word","page_number":560,"line_number":11,"text":"ﮰ","translation":{"text":"than you","language_name":"english","language_id":38},"transliteration":{"text":"minkunna","language_name":"english","language_id":38}},{"id":5157,"position":10,"audio_url":"wbw/066_005_010.mp3","qpc_uthmani_hafs":"مُسۡلِمَٰتٖ","char_type_name":"word","page_number":560,"line_number":11,"text":"ﮱ","translation":{"text":"submissive","language_name":"english","language_id":38},"transliteration":{"text":"mus'limātin","language_name":"english","language_id":38}},{"id":5158,"position":11,"audio_url":"wbw/066_005_011.mp3","qpc_uthmani_hafs":"مُّؤۡمِنَٰتٖ","char_type_name":"word","page_number":560,"line_number":11,"text":"ﯓ","translation":{"text":"faithful","language_name":"english","language_id":38},"transliteration":{"text":"mu'minātin","language_name":"english","language_id":38}},{"id":5159,"position":12,"audio_url":"wbw/066_005_012.mp3","qpc_uthmani_hafs":"قَٰنِتَٰتٖ","char_type_name":"word","page_number":560,"line_number":11,"text":"ﯔ","translation":{"text":"obedient","language_name":"english","language_id":38},"transliteration":{"text":"qānitātin","language_name":"english","language_id":38}},{"id":5160,"position":13,"audio_url":"wbw/066_005_013.mp3","qpc_uthmani_hafs":"تَٰٓئِبَٰتٍ","char_type_name":"word","page_number":560,"line_number":11,"text":"ﯕ","translation":{"text":"repentant","language_name":"english","language_id":38},"transliteration":{"text":"tāibātin","language_name":"english","language_id":38}},{"id":5161,"position":14,"audio_url":"wbw/066_005_014.mp3","qpc_uthmani_hafs":"عَٰبِدَٰتٖ","char_type_name":"word","page_number":560,"line_number":11,"text":"ﯖ","translation":{"text":"who worship","language_name":"english","language_id":38},"transliteration":{"text":"ʿābidātin","language_name":"english","language_id":38}},{"id":5162,"position":15,"audio_url":"wbw/066_005_015.mp3","qpc_uthmani_hafs":"سَٰٓئِحَٰتٖ","char_type_name":"word","page_number":560,"line_number":11,"text":"ﯗ","translation":{"text":"who fast","language_name":"english","language_id":38},"transliteration":{"text":"sāiḥātin","language_name":"english","language_id":38}},{"id":5163,"position":16,"audio_url":"wbw/066_005_016.mp3","qpc_uthmani_hafs":"ثَيِّبَٰتٖ","char_type_name":"word","page_number":560,"line_number":12,"text":"ﯘ","translation":{"text":"previously married","language_name":"english","language_id":38},"transliteration":{"text":"thayyibātin","language_name":"english","language_id":38}},{"id":5164,"position":17,"audio_url":"wbw/066_005_017.mp3","qpc_uthmani_hafs":"وَأَبۡكَارٗا","char_type_name":"word","page_number":560,"line_number":12,"text":"ﯙ","translation":{"text":"and virgins","language_name":"english","language_id":38},"transliteration":{"text":"wa-abkāran","language_name":"english","language_id":38}},{"id":5165,"position":18,"audio_url":null,"qpc_uthmani_hafs":"٥","char_type_name":"end","page_number":560,"line_number":12,"text":"ﯚ","translation":{"text":"(5)","language_name":"english","language_id":38},"transliteration":{"text":null,"language_name":"english","language_id":38}}],"translations":[{"id":921663,"resource_id":134,"text":"Jika nabi menceraikan kamu, boleh jadi Tuhan-nya akan memberi ganti kepadanya dengan istri-istri yang lebih baik daripada kamu, yang patuh, yang beriman, yang taat, yang bertobat, yang mengerjakan ibadah, yang berpuasa, yang janda, dan yang perawan."}]},{"id":5235,"verse_number":6,"verse_key":"66:6","juz_number":28,"hizb_number":56,"rub_el_hizb_number":224,"ruku_number":496,"manzil_number":7,"sajdah_number":null,"text_uthmani":"يَـٰٓأَيُّهَا ٱلَّذِينَ ءَامَنُوا۟ قُوٓا۟ أَنفُسَكُمْ وَأَهْلِيكُمْ نَارًا وَقُودُهَا ٱلنَّاسُ وَٱلْحِجَارَةُ عَلَيْهَا مَلَـٰٓئِكَةٌ غِلَاظٌ شِدَادٌ لَّا يَعْصُونَ ٱللَّهَ مَآ أَمَرَهُمْ وَيَفْعَلُونَ مَا يُؤْمَرُونَ","page_number":560,"words":[{"id":6433,"position":1,"audio_url":"wbw/066_006_001.mp3","qpc_uthmani_hafs":"يَٰٓأَيُّهَا","char_type_name":"word","page_number":560,"line_number":12,"text":"ﯛ","translation":{"text":"O","language_name":"english","language_id":38},"transliteration":{"text":"yāayyuhā","language_name":"english","language_id":38}},{"id":6434,"position":2,"audio_url":"wbw/066_006_002.mp3","qpc_uthmani_hafs":"ٱلَّذِينَ","char_type_name":"word","page_number":560,"line_number":12,"text":"ﯜ","translation":{"text":"(you) who","language_name":"english","language_id":38},"transliteration":{"text":"alladhīna","language_name":"english","language_id":38}},{"id":6435,"position":3,"audio_url":"wbw/066_006_003.mp3","qpc_uthmani_hafs":"ءَامَنُواْ","char_type_name":"word","page_number":560,"line_number":12,"text":"ﯝ","translation":{"text":"believe","language_name":"english","language_id":38},"transliteration":{"text":"āmanū","language_name":"english","language_id":38}},{"id":6436,"position":4,"audio_url":"wbw/066_006_004.mp3","qpc_uthmani_hafs":"قُوٓاْ","char_type_name":"word","page_number":560,"line_number":12,"text":"ﯞ","translation":{"text":"Protect","language_name":"english","language_id":38},"transliteration":{"text":"qū","language_name":"english","language_id":38}},{"id":6437,"position":5,"audio_url":"wbw/066_006_005.mp3","qpc_uthmani_hafs":"أَنفُسَكُمۡ","char_type_name":"word","page_number":560,"line_number":12,"text":"ﯟ","translation":{"text":"yourselves","language_name":"english","language_id":38},"transliteration":{"text":"anfusakum","language_name":"english","language_id":38}},{"id":6438,"position":6,"audio_url":"wbw/066_006_006.mp3","qpc_uthmani_hafs":"وَأَهۡلِيكُمۡ","char_type_name":"word","page_number":560,"line_number":12,"text":"ﯠ","translation":{"text":"and your families","language_name":"english","language_id":38},"transliteration":{"text":"wa-ahlīkum","language_name":"english","language_id":38}},{"id":6439,"position":7,"audio_url":"wbw/066_006_007.mp3","qpc_uthmani_hafs":"نَارٗا","char_type_name":"word","page_number":560,"line_number":13,"text":"ﯡ","translation":{"text":"(from) a Fire","language_name":"english","language_id":38},"transliteration":{"text":"nāran","language_name":"english","language_id":38}},{"id":6440,"position":8,"audio_url":"wbw/066_006_008.mp3","qpc_uthmani_hafs":"وَقُودُهَا","char_type_name":"word","page_number":560,"line_number":13,"text":"ﯢ","translation":{"text":"whose fuel","language_name":"english","language_id":38},"transliteration":{"text":"waqūduhā","language_name":"english","language_id":38}},{"id":6441,"position":9,"audio_url":"wbw/066_006_009.mp3","qpc_uthmani_hafs":"ٱلنَّاسُ","char_type_name":"word","page_number":560,"line_number":13,"text":"ﯣ","translation":{"text":"(is) people","language_name":"english","language_id":38},"transliteration":{"text":"l-nāsu","language_name":"english","language_id":38}},{"id":6442,"position":10,"audio_url":"wbw/066_006_010.mp3","qpc_uthmani_hafs":"وَٱلۡحِجَارَةُ","char_type_name":"word","page_number":560,"line_number":13,"text":"ﯤ","translation":{"text":"and stones","language_name":"english","language_id":38},"transliteration":{"text":"wal-ḥijāratu","language_name":"english","language_id":38}},{"id":6443,"position":11,"audio_url":"wbw/066_006_011.mp3","qpc_uthmani_hafs":"عَلَيۡهَا","char_type_name":"word","page_number":560,"line_number":13,"text":"ﯥ","translation":{"text":"over it","language_name":"english","language_id":38},"transliteration":{"text":"ʿalayhā","language_name":"english","language_id":38}},{"id":6444,"position":12,"audio_url":"wbw/066_006_012.mp3","qpc_uthmani_hafs":"مَلَٰٓئِكَةٌ","char_type_name":"word","page_number":560,"line_number":13,"text":"ﯦ","translation":{"text":"(are) Angels","language_name":"english","language_id":38},"transliteration":{"text":"malāikatun","language_name":"english","language_id":38}},{"id":6445,"position":13,"audio_url":"wbw/066_006_013.mp3","qpc_uthmani_hafs":"غِلَاظٞ","char_type_name":"word","page_number":560,"line_number":13,"text":"ﯧ","translation":{"text":"stern","language_name":"english","language_id":38},"transliteration":{"text":"ghilāẓun","language_name":"english","language_id":38}},{"id":6446,"position":14,"audio_url":"wbw/066_006_014.mp3","qpc_uthmani_hafs":"شِدَادٞ","char_type_name":"word","page_number":560,"line_number":13,"text":"ﯨ","translation":{"text":"severe","language_name":"english","language_id":38},"transliteration":{"text":"shidādun","language_name":"english","language_id":38}},{"id":6447,"position":15,"audio_url":"wbw/066_006_015.mp3","qpc_uthmani_hafs":"لَّا","char_type_name":"word","page_number":560,"line_number":14,"text":"ﯩ","translation":{"text":"not","language_name":"english","language_id":38},"transliteration":{"text":"lā","language_name":"english","language_id":38}},{"id":6448,"position":16,"audio_url":"wbw/066_006_016.mp3","qpc_uthmani_hafs":"يَعۡصُونَ","char_type_name":"word","page_number":560,"line_number":14,"text":"ﯪ","translation":{"text":"they disobey","language_name":"english","language_id":38},"transliteration":{"text":"yaʿṣūna","language_name":"english","language_id":38}},{"id":6449,"position":17,"audio_url":"wbw/066_006_017.mp3","qpc_uthmani_hafs":"ٱللَّهَ","char_type_name":"word","page_number":560,"line_number":14,"text":"ﯫ","translation":{"text":"Allah","language_name":"english","language_id":38},"transliteration":{"text":"l-laha","language_name":"english","language_id":38}},{"id":6450,"position":18,"audio_url":"wbw/066_006_018.mp3","qpc_uthmani_hafs":"مَآ","char_type_name":"word","page_number":560,"line_number":14,"text":"ﯬ","translation":{"text":"(in) what","language_name":"english","language_id":38},"transliteration":{"text":"mā","language_name":"english","language_id":38}},{"id":6451,"position":19,"audio_url":"wbw/066_006_019.mp3","qpc_uthmani_hafs":"أَمَرَهُمۡ","char_type_name":"word","page_number":560,"line_number":14,"text":"ﯭ","translation":{"text":"He Commands them","language_name":"english","language_id":38},"transliteration":{"text":"amarahum","language_name":"english","language_id":38}},{"id":6452,"position":20,"audio_url":"wbw/066_006_020.mp3","qpc_uthmani_hafs":"وَيَفۡعَلُونَ","char_type_name":"word","page_number":560,"line_number":14,"text":"ﯮ","translation":{"text":"but they do","language_name":"english","language_id":38},"transliteration":{"text":"wayafʿalūna","language_name":"english","language_id":38}},{"id":6453,"position":21,"audio_url":"wbw/066_006_021.mp3","qpc_uthmani_hafs":"مَا","char_type_name":"word","page_number":560,"line_number":14,"text":"ﯯ","translation":{"text":"what","language_name":"english","language_id":38},"transliteration":{"text":"mā","language_name":"english","language_id":38}},{"id":6454,"position":22,"audio_url":"wbw/066_006_022.mp3","qpc_uthmani_hafs":"يُؤۡمَرُونَ","char_type_name":"word","page_number":560,"line_number":14,"text":"ﯰ","translation":{"text":"they are commanded","language_name":"english","language_id":38},"transliteration":{"text":"yu'marūna","language_name":"english","language_id":38}},{"id":6455,"position":23,"audio_url":null,"qpc_uthmani_hafs":"٦","char_type_name":"end","page_number":560,"line_number":14,"text":"ﯱ","translation":{"text":"(6)","language_name":"english","language_id":38},"transliteration":{"text":null,"language_name":"english","language_id":38}}],"translations":[{"id":921664,"resource_id":134,"text":"Hai orang-orang yang beriman, peliharalah dirimu dan keluargamu dari api neraka yang bahan bakarnya adalah manusia dan batu; penjaganya malaikat-malaikat yang kasar, yang keras, dan yang tidak mendurhakai Allah terhadap apa yang diperintahkan-Nya kepada mereka, dan selalu mengerjakan apa yang diperintahkan."}]},{"id":5236,"verse_number":7,"verse_key":"66:7","juz_number":28,"hizb_number":56,"rub_el_hizb_number":224,"ruku_number":496,"manzil_number":7,"sajdah_number":null,"text_uthmani":"يَـٰٓأَيُّهَا ٱلَّذِينَ كَفَرُوا۟ لَا تَعْتَذِرُوا۟ ٱلْيَوْمَ ۖ إِنَّمَا تُجْزَوْنَ مَا كُنتُمْ تَعْمَلُونَ","page_number":560,"words":[{"id":7841,"position":1,"audio_url":"wbw/066_007_001.mp3","qpc_uthmani_hafs":"يَٰٓأَيُّهَا","char_type_name":"word","page_number":560,"line_number":14,"text":"ﯲ","translation":{"text":"O","language_name":"english","language_id":38},"transliteration":{"text":"yāayyuhā","language_name":"english","language_id":38}},{"id":7842,"position":2,"audio_url":"wbw/066_007_002.mp3","qpc_uthmani_hafs":"ٱلَّذِينَ","char_type_name":"word","page_number":560,"line_number":15,"text":"ﯳ","translation":{"text":"(you) who","language_name":"english","language_id":38},"transliteration":{"text":"alladhīna","language_name":"english","language_id":38}},{"id":7843,"position":3,"audio_url":"wbw/066_007_003.mp3","qpc_uthmani_hafs":"كَفَرُواْ","char_type_name":"word","page_number":560,"line_number":15,"text":"ﯴ","translation":{"text":"disbelieve","language_name":"english","language_id":38},"transliteration":{"text":"kafarū","language_name":"english","language_id":38}},{"id":7844,"position":4,"audio_url":"wbw/066_007_004.mp3","qpc_uthmani_hafs":"لَا","char_type_name":"word","page_number":560,"line_number":15,"text":"ﯵ","translation":{"text":"(Do) not","language_name":"english","language_id":38},"transliteration":{"text":"lā","language_name":"english","language_id":38}},{"id":7845,"position":5,"audio_url":"wbw/066_007_005.mp3","qpc_uthmani_hafs":"تَعۡتَذِرُواْ","char_type_name":"word","page_number":560,"line_number":15,"text":"ﯶ","translation":{"text":"make excuses","language_name":"english","language_id":38},"transliteration":{"text":"taʿtadhirū","language_name":"english","language_id":38}},{"id":7846,"position":6,"audio_url":"wbw/066_007_006.mp3","qpc_uthmani_hafs":"ٱلۡيَوۡمَۖ","char_type_name":"word","page_number":560,"line_number":15,"text":"ﯷﯸ","translation":{"text":"today","language_name":"english","language_id":38},"transliteration":{"text":"l-yawma","language_name":"english","language_id":38}},{"id":7848,"position":7,"audio_url":"wbw/066_007_008.mp3","qpc_uthmani_hafs":"إِنَّمَا","char_type_name":"word","page_number":560,"line_number":15,"text":"ﯹ","translation":{"text":"Only","language_name":"english","language_id":38},"transliteration":{"text":"innamā","language_name":"english","language_id":38}},{"id":7849,"position":8,"audio_url":"wbw/066_007_009.mp3","qpc_uthmani_hafs":"تُجۡزَوۡنَ","char_type_name":"word","page_number":560,"line_number":15,"text":"ﯺ","translation":{"text":"you will be recompensed","language_name":"english","language_id":38},"transliteration":{"text":"tuj'zawna","language_name":"english","language_id":38}},{"id":7850,"position":9,"audio_url":"wbw/066_007_010.mp3","qpc_uthmani_hafs":"مَا","char_type_name":"word","page_number":560,"line_number":15,"text":"ﯻ","translation":{"text":"(for) what","language_name":"english","language_id":38},"transliteration":{"text":"mā","language_name":"english","language_id":38}},{"id":7851,"position":10,"audio_url":"wbw/066_007_011.mp3","qpc_uthmani_hafs":"كُنتُمۡ","char_type_name":"word","page_number":560,"line_number":15,"text":"ﯼ","translation":{"text":"you used to","language_name":"english","language_id":38},"transliteration":{"text":"kuntum","language_name":"english","language_id":38}},{"id":7852,"position":11,"audio_url":"wbw/066_007_012.mp3","qpc_uthmani_hafs":"تَعۡمَلُونَ","char_type_name":"word","page_number":560,"line_number":15,"text":"ﯽ","translation":{"text":"do","language_name":"english","language_id":38},"transliteration":{"text":"taʿmalūna","language_name":"english","language_id":38}},{"id":7853,"position":12,"audio_url":null,"qpc_uthmani_hafs":"٧","char_type_name":"end","page_number":560,"line_number":15,"text":"ﯾ","translation":{"text":"(7)","language_name":"english","language_id":38},"transliteration":{"text":null,"language_name":"english","language_id":38}}],"translations":[{"id":921665,"resource_id":134,"text":"Hai orang-orang kafir, janganlah kamu mengemukakan uzur pada hari ini.  Sesungguhnya kamu hanya diberi balasan menurut apa yang kamu kerjakan."}]}],"pagination":{"per_page":50,"current_page":1,"next_page":null,"total_pages":1,"total_records":7}}