{"verses":[{"id":5287,"verse_number":16,"verse_key":"68:16","juz_number":29,"hizb_number":57,"rub_el_hizb_number":226,"ruku_number":500,"manzil_number":7,"sajdah_number":null,"text_uthmani":"سَنَسِمُهُۥ عَلَى ٱلْخُرْطُومِ","page_number":565,"words":[{"id":18491,"position":1,"audio_url":"wbw/068_016_001.mp3","qpc_uthmani_hafs":"سَنَسِمُهُۥ","char_type_name":"word","page_number":565,"line_number":1,"text":"ﭑ","translation":{"text":"We will brand him","language_name":"english","language_id":38},"transliteration":{"text":"sanasimuhu","language_name":"english","language_id":38}},{"id":18492,"position":2,"audio_url":"wbw/068_016_002.mp3","qpc_uthmani_hafs":"عَلَى","char_type_name":"word","page_number":565,"line_number":1,"text":"ﭒ","translation":{"text":"on","language_name":"english","language_id":38},"transliteration":{"text":"ʿalā","language_name":"english","language_id":38}},{"id":18493,"position":3,"audio_url":"wbw/068_016_003.mp3","qpc_uthmani_hafs":"ٱلۡخُرۡطُومِ","char_type_name":"word","page_number":565,"line_number":1,"text":"ﭓ","translation":{"text":"the snout","language_name":"english","language_id":38},"transliteration":{"text":"l-khur'ṭūmi","language_name":"english","language_id":38}},{"id":18494,"position":4,"audio_url":null,"qpc_uthmani_hafs":"١٦","char_type_name":"end","page_number":565,"line_number":1,"text":"ﭔ","translation":{"text":"(16)","language_name":"english","language_id":38},"transliteration":{"text":null,"language_name":"english","language_id":38}}],"translations":[{"id":921716,"resource_id":134,"text":"Kelak akan Kami beri tanda dia di belalai(nya)<sup foot_note=211261>1</sup>."}]},{"id":5288,"verse_number":17,"verse_key":"68:17","juz_number":29,"hizb_number":57,"rub_el_hizb_number":226,"ruku_number":500,"manzil_number":7,"sajdah_number":null,"text_uthmani":"إِنَّا بَلَوْنَـٰهُمْ كَمَا بَلَوْنَآ أَصْحَـٰبَ ٱلْجَنَّةِ إِذْ أَقْسَمُوا۟ لَيَصْرِمُنَّهَا مُصْبِحِينَ","page_number":565,"words":[{"id":19055,"position":1,"audio_url":"wbw/068_017_001.mp3","qpc_uthmani_hafs":"إِنَّا","char_type_name":"word","page_number":565,"line_number":1,"text":"ﭕ","translation":{"text":"Indeed, We","language_name":"english","language_id":38},"transliteration":{"text":"innā","language_name":"english","language_id":38}},{"id":19056,"position":2,"audio_url":"wbw/068_017_002.mp3","qpc_uthmani_hafs":"بَلَوۡنَٰهُمۡ","char_type_name":"word","page_number":565,"line_number":1,"text":"ﭖ","translation":{"text":"have tried them","language_name":"english","language_id":38},"transliteration":{"text":"balawnāhum","language_name":"english","language_id":38}},{"id":19057,"position":3,"audio_url":"wbw/068_017_003.mp3","qpc_uthmani_hafs":"كَمَا","char_type_name":"word","page_number":565,"line_number":1,"text":"ﭗ","translation":{"text":"as","language_name":"english","language_id":38},"transliteration":{"text":"kamā","language_name":"english","language_id":38}},{"id":19058,"position":4,"audio_url":"wbw/068_017_004.mp3","qpc_uthmani_hafs":"بَلَوۡنَآ","char_type_name":"word","page_number":565,"line_number":1,"text":"ﭘ","translation":{"text":"We tried","language_name":"english","language_id":38},"transliteration":{"text":"balawnā","language_name":"english","language_id":38}},{"id":19059,"position":5,"audio_url":"wbw/068_017_005.mp3","qpc_uthmani_hafs":"أَصۡحَٰبَ","char_type_name":"word","page_number":565,"line_number":1,"text":"ﭙ","translation":{"text":"(the) companions","language_name":"english","language_id":38},"transliteration":{"text":"aṣḥāba","language_name":"english","language_id":38}},{"id":19060,"position":6,"audio_url":"wbw/068_017_006.mp3","qpc_uthmani_hafs":"ٱلۡجَنَّةِ","char_type_name":"word","page_number":565,"line_number":1,"text":"ﭚ","translation":{"text":"(of) the garden","language_name":"english","language_id":38},"transliteration":{"text":"l-janati","language_name":"english","language_id":38}},{"id":19061,"position":7,"audio_url":"wbw/068_017_007.mp3","qpc_uthmani_hafs":"إِذۡ","char_type_name":"word","page_number":565,"line_number":1,"text":"ﭛ","translation":{"text":"when","language_name":"english","language_id":38},"transliteration":{"text":"idh","language_name":"english","language_id":38}},{"id":19062,"position":8,"audio_url":"wbw/068_017_008.mp3","qpc_uthmani_hafs":"أَقۡسَمُواْ","char_type_name":"word","page_number":565,"line_number":1,"text":"ﭜ","translation":{"text":"they swore","language_name":"english","language_id":38},"transliteration":{"text":"aqsamū","language_name":"english","language_id":38}},{"id":19063,"position":9,"audio_url":"wbw/068_017_009.mp3","qpc_uthmani_hafs":"لَيَصۡرِمُنَّهَا","char_type_name":"word","page_number":565,"line_number":2,"text":"ﭝ","translation":{"text":"to pluck its fruit","language_name":"english","language_id":38},"transliteration":{"text":"layaṣrimunnahā","language_name":"english","language_id":38}},{"id":19064,"position":10,"audio_url":"wbw/068_017_010.mp3","qpc_uthmani_hafs":"مُصۡبِحِينَ","char_type_name":"word","page_number":565,"line_number":2,"text":"ﭞ","translation":{"text":"(in the) morning","language_name":"english","language_id":38},"transliteration":{"text":"muṣ'biḥīna","language_name":"english","language_id":38}},{"id":19065,"position":11,"audio_url":null,"qpc_uthmani_hafs":"١٧","char_type_name":"end","page_number":565,"line_number":2,"text":"ﭟ","translation":{"text":"(17)","language_name":"english","language_id":38},"transliteration":{"text":null,"language_name":"english","language_id":38}}],"translations":[{"id":921717,"resource_id":134,"text":"Sesungguhnya Kami telah menguji mereka (musyrikin Mekah) sebagaimana Kami telah menguji pemilik-pemilik kebun, ketika mereka bersumpah bahwa mereka sungguh-sungguh akan memetik (hasil)nya di pagi hari,"}]},{"id":5289,"verse_number":18,"verse_key":"68:18","juz_number":29,"hizb_number":57,"rub_el_hizb_number":226,"ruku_number":500,"manzil_number":7,"sajdah_number":null,"text_uthmani":"وَلَا يَسْتَثْنُونَ","page_number":565,"words":[{"id":20548,"position":1,"audio_url":"wbw/068_018_001.mp3","qpc_uthmani_hafs":"وَلَا","char_type_name":"word","page_number":565,"line_number":2,"text":"ﭠ","translation":{"text":"And not","language_name":"english","language_id":38},"transliteration":{"text":"walā","language_name":"english","language_id":38}},{"id":20549,"position":2,"audio_url":"wbw/068_018_002.mp3","qpc_uthmani_hafs":"يَسۡتَثۡنُونَ","char_type_name":"word","page_number":565,"line_number":2,"text":"ﭡ","translation":{"text":"making exception","language_name":"english","language_id":38},"transliteration":{"text":"yastathnūna","language_name":"english","language_id":38}},{"id":20550,"position":3,"audio_url":null,"qpc_uthmani_hafs":"١٨","char_type_name":"end","page_number":565,"line_number":2,"text":"ﭢ","translation":{"text":"(18)","language_name":"english","language_id":38},"transliteration":{"text":null,"language_name":"english","language_id":38}}],"translations":[{"id":921718,"resource_id":134,"text":"dan mereka tidak mengucapkan, \"Insyaallah \","}]},{"id":5290,"verse_number":19,"verse_key":"68:19","juz_number":29,"hizb_number":57,"rub_el_hizb_number":226,"ruku_number":500,"manzil_number":7,"sajdah_number":null,"text_uthmani":"فَطَافَ عَلَيْهَا طَآئِفٌ مِّن رَّبِّكَ وَهُمْ نَآئِمُونَ","page_number":565,"words":[{"id":22185,"position":1,"audio_url":"wbw/068_019_001.mp3","qpc_uthmani_hafs":"فَطَافَ","char_type_name":"word","page_number":565,"line_number":2,"text":"ﭣ","translation":{"text":"So there came","language_name":"english","language_id":38},"transliteration":{"text":"faṭāfa","language_name":"english","language_id":38}},{"id":22186,"position":2,"audio_url":"wbw/068_019_002.mp3","qpc_uthmani_hafs":"عَلَيۡهَا","char_type_name":"word","page_number":565,"line_number":2,"text":"ﭤ","translation":{"text":"upon it","language_name":"english","language_id":38},"transliteration":{"text":"ʿalayhā","language_name":"english","language_id":38}},{"id":22187,"position":3,"audio_url":"wbw/068_019_003.mp3","qpc_uthmani_hafs":"طَآئِفٞ","char_type_name":"word","page_number":565,"line_number":2,"text":"ﭥ","translation":{"text":"a visitation","language_name":"english","language_id":38},"transliteration":{"text":"ṭāifun","language_name":"english","language_id":38}},{"id":22188,"position":4,"audio_url":"wbw/068_019_004.mp3","qpc_uthmani_hafs":"مِّن","char_type_name":"word","page_number":565,"line_number":2,"text":"ﭦ","translation":{"text":"from","language_name":"english","language_id":38},"transliteration":{"text":"min","language_name":"english","language_id":38}},{"id":22189,"position":5,"audio_url":"wbw/068_019_005.mp3","qpc_uthmani_hafs":"رَّبِّكَ","char_type_name":"word","page_number":565,"line_number":2,"text":"ﭧ","translation":{"text":"your Lord","language_name":"english","language_id":38},"transliteration":{"text":"rabbika","language_name":"english","language_id":38}},{"id":22190,"position":6,"audio_url":"wbw/068_019_006.mp3","qpc_uthmani_hafs":"وَهُمۡ","char_type_name":"word","page_number":565,"line_number":3,"text":"ﭨ","translation":{"text":"while they","language_name":"english","language_id":38},"transliteration":{"text":"wahum","language_name":"english","language_id":38}},{"id":22191,"position":7,"audio_url":"wbw/068_019_007.mp3","qpc_uthmani_hafs":"نَآئِمُونَ","char_type_name":"word","page_number":565,"line_number":3,"text":"ﭩ","translation":{"text":"were asleep","language_name":"english","language_id":38},"transliteration":{"text":"nāimūna","language_name":"english","language_id":38}},{"id":22192,"position":8,"audio_url":null,"qpc_uthmani_hafs":"١٩","char_type_name":"end","page_number":565,"line_number":3,"text":"ﭪ","translation":{"text":"(19)","language_name":"english","language_id":38},"transliteration":{"text":null,"language_name":"english","language_id":38}}],"translations":[{"id":921719,"resource_id":134,"text":"lalu kebun itu diliputi malapetaka (yang datang) dari Tuhan-mu ketika mereka sedang tidur,"}]},{"id":5291,"verse_number":20,"verse_key":"68:20","juz_number":29,"hizb_number":57,"rub_el_hizb_number":226,"ruku_number":500,"manzil_number":7,"sajdah_number":null,"text_uthmani":"فَأَصْبَحَتْ كَٱلصَّرِيمِ","page_number":565,"words":[{"id":23281,"position":1,"audio_url":"wbw/068_020_001.mp3","qpc_uthmani_hafs":"فَأَصۡبَحَتۡ","char_type_name":"word","page_number":565,"line_number":3,"text":"ﭫ","translation":{"text":"So it became","language_name":"english","language_id":38},"transliteration":{"text":"fa-aṣbaḥat","language_name":"english","language_id":38}},{"id":23282,"position":2,"audio_url":"wbw/068_020_002.mp3","qpc_uthmani_hafs":"كَٱلصَّرِيمِ","char_type_name":"word","page_number":565,"line_number":3,"text":"ﭬ","translation":{"text":"as if reaped","language_name":"english","language_id":38},"transliteration":{"text":"kal-ṣarīmi","language_name":"english","language_id":38}},{"id":23283,"position":3,"audio_url":null,"qpc_uthmani_hafs":"٢٠","char_type_name":"end","page_number":565,"line_number":3,"text":"ﭭ","translation":{"text":"(20)","language_name":"english","language_id":38},"transliteration":{"text":null,"language_name":"english","language_id":38}}],"translations":[{"id":921720,"resource_id":134,"text":"maka jadilah kebun itu hitam seperti malam yang gelap gulita<sup foot_note=211262>1</sup>,"}]},{"id":5292,"verse_number":21,"verse_key":"68:21","juz_number":29,"hizb_number":57,"rub_el_hizb_number":226,"ruku_number":500,"manzil_number":7,"sajdah_number":null,"text_uthmani":"فَتَنَادَوْا۟ مُصْبِحِينَ","page_number":565,"words":[{"id":24346,"position":1,"audio_url":"wbw/068_021_001.mp3","qpc_uthmani_hafs":"فَتَنَادَوۡاْ","char_type_name":"word","page_number":565,"line_number":3,"text":"ﭮ","translation":{"text":"And they called one another","language_name":"english","language_id":38},"transliteration":{"text":"fatanādaw","language_name":"english","language_id":38}},{"id":24347,"position":2,"audio_url":"wbw/068_021_002.mp3","qpc_uthmani_hafs":"مُصۡبِحِينَ","char_type_name":"word","page_number":565,"line_number":3,"text":"ﭯ","translation":{"text":"(at) morning","language_name":"english","language_id":38},"transliteration":{"text":"muṣ'biḥīna","language_name":"english","language_id":38}},{"id":24348,"position":3,"audio_url":null,"qpc_uthmani_hafs":"٢١","char_type_name":"end","page_number":565,"line_number":3,"text":"ﭰ","translation":{"text":"(21)","language_name":"english","language_id":38},"transliteration":{"text":null,"language_name":"english","language_id":38}}],"translations":[{"id":921721,"resource_id":134,"text":"lalu mereka panggil memanggil di pagi hari,"}]},{"id":5293,"verse_number":22,"verse_key":"68:22","juz_number":29,"hizb_number":57,"rub_el_hizb_number":226,"ruku_number":500,"manzil_number":7,"sajdah_number":null,"text_uthmani":"أَنِ ٱغْدُوا۟ عَلَىٰ حَرْثِكُمْ إِن كُنتُمْ صَـٰرِمِينَ","page_number":565,"words":[{"id":24880,"position":1,"audio_url":"wbw/068_022_001.mp3","qpc_uthmani_hafs":"أَنِ","char_type_name":"word","page_number":565,"line_number":3,"text":"ﭱ","translation":{"text":"That","language_name":"english","language_id":38},"transliteration":{"text":"ani","language_name":"english","language_id":38}},{"id":24881,"position":2,"audio_url":"wbw/068_022_002.mp3","qpc_uthmani_hafs":"ٱغۡدُواْ","char_type_name":"word","page_number":565,"line_number":4,"text":"ﭲ","translation":{"text":"Go early","language_name":"english","language_id":38},"transliteration":{"text":"igh'dū","language_name":"english","language_id":38}},{"id":24882,"position":3,"audio_url":"wbw/068_022_003.mp3","qpc_uthmani_hafs":"عَلَىٰ","char_type_name":"word","page_number":565,"line_number":4,"text":"ﭳ","translation":{"text":"to","language_name":"english","language_id":38},"transliteration":{"text":"ʿalā","language_name":"english","language_id":38}},{"id":24883,"position":4,"audio_url":"wbw/068_022_004.mp3","qpc_uthmani_hafs":"حَرۡثِكُمۡ","char_type_name":"word","page_number":565,"line_number":4,"text":"ﭴ","translation":{"text":"your crop","language_name":"english","language_id":38},"transliteration":{"text":"ḥarthikum","language_name":"english","language_id":38}},{"id":24884,"position":5,"audio_url":"wbw/068_022_005.mp3","qpc_uthmani_hafs":"إِن","char_type_name":"word","page_number":565,"line_number":4,"text":"ﭵ","translation":{"text":"if","language_name":"english","language_id":38},"transliteration":{"text":"in","language_name":"english","language_id":38}},{"id":24885,"position":6,"audio_url":"wbw/068_022_006.mp3","qpc_uthmani_hafs":"كُنتُمۡ","char_type_name":"word","page_number":565,"line_number":4,"text":"ﭶ","translation":{"text":"you would","language_name":"english","language_id":38},"transliteration":{"text":"kuntum","language_name":"english","language_id":38}},{"id":24886,"position":7,"audio_url":"wbw/068_022_007.mp3","qpc_uthmani_hafs":"صَٰرِمِينَ","char_type_name":"word","page_number":565,"line_number":4,"text":"ﭷ","translation":{"text":"pluck (the) fruit","language_name":"english","language_id":38},"transliteration":{"text":"ṣārimīna","language_name":"english","language_id":38}},{"id":24887,"position":8,"audio_url":null,"qpc_uthmani_hafs":"٢٢","char_type_name":"end","page_number":565,"line_number":4,"text":"ﭸ","translation":{"text":"(22)","language_name":"english","language_id":38},"transliteration":{"text":null,"language_name":"english","language_id":38}}],"translations":[{"id":921722,"resource_id":134,"text":"\"Pergilah diwaktu pagi (ini) ke kebunmu jika kamu hendak memetik buahnya\"."}]},{"id":5294,"verse_number":23,"verse_key":"68:23","juz_number":29,"hizb_number":57,"rub_el_hizb_number":226,"ruku_number":500,"manzil_number":7,"sajdah_number":null,"text_uthmani":"فَٱنطَلَقُوا۟ وَهُمْ يَتَخَـٰفَتُونَ","page_number":565,"words":[{"id":25942,"position":1,"audio_url":"wbw/068_023_001.mp3","qpc_uthmani_hafs":"فَٱنطَلَقُواْ","char_type_name":"word","page_number":565,"line_number":4,"text":"ﭹ","translation":{"text":"So they went","language_name":"english","language_id":38},"transliteration":{"text":"fa-inṭalaqū","language_name":"english","language_id":38}},{"id":25943,"position":2,"audio_url":"wbw/068_023_002.mp3","qpc_uthmani_hafs":"وَهُمۡ","char_type_name":"word","page_number":565,"line_number":4,"text":"ﭺ","translation":{"text":"while they","language_name":"english","language_id":38},"transliteration":{"text":"wahum","language_name":"english","language_id":38}},{"id":25944,"position":3,"audio_url":"wbw/068_023_003.mp3","qpc_uthmani_hafs":"يَتَخَٰفَتُونَ","char_type_name":"word","page_number":565,"line_number":4,"text":"ﭻ","translation":{"text":"lowered (their) voices","language_name":"english","language_id":38},"transliteration":{"text":"yatakhāfatūna","language_name":"english","language_id":38}},{"id":25945,"position":4,"audio_url":null,"qpc_uthmani_hafs":"٢٣","char_type_name":"end","page_number":565,"line_number":4,"text":"ﭼ","translation":{"text":"(23)","language_name":"english","language_id":38},"transliteration":{"text":null,"language_name":"english","language_id":38}}],"translations":[{"id":921723,"resource_id":134,"text":"Maka pergilah mereka saling berbisik-bisikan."}]},{"id":5295,"verse_number":24,"verse_key":"68:24","juz_number":29,"hizb_number":57,"rub_el_hizb_number":226,"ruku_number":500,"manzil_number":7,"sajdah_number":null,"text_uthmani":"أَن لَّا يَدْخُلَنَّهَا ٱلْيَوْمَ عَلَيْكُم مِّسْكِينٌ","page_number":565,"words":[{"id":26995,"position":1,"audio_url":"wbw/068_024_001.mp3","qpc_uthmani_hafs":"أَن","char_type_name":"word","page_number":565,"line_number":5,"text":"ﭽ","translation":{"text":"That","language_name":"english","language_id":38},"transliteration":{"text":"an","language_name":"english","language_id":38}},{"id":26996,"position":2,"audio_url":"wbw/068_024_002.mp3","qpc_uthmani_hafs":"لَّا","char_type_name":"word","page_number":565,"line_number":5,"text":"ﭾ","translation":{"text":"Not","language_name":"english","language_id":38},"transliteration":{"text":"lā","language_name":"english","language_id":38}},{"id":26997,"position":3,"audio_url":"wbw/068_024_003.mp3","qpc_uthmani_hafs":"يَدۡخُلَنَّهَا","char_type_name":"word","page_number":565,"line_number":5,"text":"ﭿ","translation":{"text":"will enter it","language_name":"english","language_id":38},"transliteration":{"text":"yadkhulannahā","language_name":"english","language_id":38}},{"id":26998,"position":4,"audio_url":"wbw/068_024_004.mp3","qpc_uthmani_hafs":"ٱلۡيَوۡمَ","char_type_name":"word","page_number":565,"line_number":5,"text":"ﮀ","translation":{"text":"today","language_name":"english","language_id":38},"transliteration":{"text":"l-yawma","language_name":"english","language_id":38}},{"id":26999,"position":5,"audio_url":"wbw/068_024_005.mp3","qpc_uthmani_hafs":"عَلَيۡكُم","char_type_name":"word","page_number":565,"line_number":5,"text":"ﮁ","translation":{"text":"upon you","language_name":"english","language_id":38},"transliteration":{"text":"ʿalaykum","language_name":"english","language_id":38}},{"id":27000,"position":6,"audio_url":"wbw/068_024_006.mp3","qpc_uthmani_hafs":"مِّسۡكِينٞ","char_type_name":"word","page_number":565,"line_number":5,"text":"ﮂ","translation":{"text":"any poor person","language_name":"english","language_id":38},"transliteration":{"text":"mis'kīnun","language_name":"english","language_id":38}},{"id":27001,"position":7,"audio_url":null,"qpc_uthmani_hafs":"٢٤","char_type_name":"end","page_number":565,"line_number":5,"text":"ﮃ","translation":{"text":"(24)","language_name":"english","language_id":38},"transliteration":{"text":null,"language_name":"english","language_id":38}}],"translations":[{"id":921724,"resource_id":134,"text":"\"Pada hari ini janganlah ada seorang miskin pun masuk ke dalam kebunmu\"."}]},{"id":5296,"verse_number":25,"verse_key":"68:25","juz_number":29,"hizb_number":57,"rub_el_hizb_number":226,"ruku_number":500,"manzil_number":7,"sajdah_number":null,"text_uthmani":"وَغَدَوْا۟ عَلَىٰ حَرْدٍ قَـٰدِرِينَ","page_number":565,"words":[{"id":28445,"position":1,"audio_url":"wbw/068_025_001.mp3","qpc_uthmani_hafs":"وَغَدَوۡاْ","char_type_name":"word","page_number":565,"line_number":5,"text":"ﮄ","translation":{"text":"And they went early","language_name":"english","language_id":38},"transliteration":{"text":"waghadaw","language_name":"english","language_id":38}},{"id":28446,"position":2,"audio_url":"wbw/068_025_002.mp3","qpc_uthmani_hafs":"عَلَىٰ","char_type_name":"word","page_number":565,"line_number":5,"text":"ﮅ","translation":{"text":"with","language_name":"english","language_id":38},"transliteration":{"text":"ʿalā","language_name":"english","language_id":38}},{"id":28447,"position":3,"audio_url":"wbw/068_025_003.mp3","qpc_uthmani_hafs":"حَرۡدٖ","char_type_name":"word","page_number":565,"line_number":5,"text":"ﮆ","translation":{"text":"determination","language_name":"english","language_id":38},"transliteration":{"text":"ḥardin","language_name":"english","language_id":38}},{"id":28448,"position":4,"audio_url":"wbw/068_025_004.mp3","qpc_uthmani_hafs":"قَٰدِرِينَ","char_type_name":"word","page_number":565,"line_number":5,"text":"ﮇ","translation":{"text":"able","language_name":"english","language_id":38},"transliteration":{"text":"qādirīna","language_name":"english","language_id":38}},{"id":28449,"position":5,"audio_url":null,"qpc_uthmani_hafs":"٢٥","char_type_name":"end","page_number":565,"line_number":5,"text":"ﮈ","translation":{"text":"(25)","language_name":"english","language_id":38},"transliteration":{"text":null,"language_name":"english","language_id":38}}],"translations":[{"id":921725,"resource_id":134,"text":"Dan berangkatlah mereka di pagi hari dengan niat menghalangi (orang-orang miskin) padahal mereka mampu (menolongnya)."}]},{"id":5297,"verse_number":26,"verse_key":"68:26","juz_number":29,"hizb_number":57,"rub_el_hizb_number":226,"ruku_number":500,"manzil_number":7,"sajdah_number":null,"text_uthmani":"فَلَمَّا رَأَوْهَا قَالُوٓا۟ إِنَّا لَضَآلُّونَ","page_number":565,"words":[{"id":28914,"position":1,"audio_url":"wbw/068_026_001.mp3","qpc_uthmani_hafs":"فَلَمَّا","char_type_name":"word","page_number":565,"line_number":5,"text":"ﮉ","translation":{"text":"But when","language_name":"english","language_id":38},"transliteration":{"text":"falammā","language_name":"english","language_id":38}},{"id":28915,"position":2,"audio_url":"wbw/068_026_002.mp3","qpc_uthmani_hafs":"رَأَوۡهَا","char_type_name":"word","page_number":565,"line_number":6,"text":"ﮊ","translation":{"text":"they saw it","language_name":"english","language_id":38},"transliteration":{"text":"ra-awhā","language_name":"english","language_id":38}},{"id":28916,"position":3,"audio_url":"wbw/068_026_003.mp3","qpc_uthmani_hafs":"قَالُوٓاْ","char_type_name":"word","page_number":565,"line_number":6,"text":"ﮋ","translation":{"text":"they said","language_name":"english","language_id":38},"transliteration":{"text":"qālū","language_name":"english","language_id":38}},{"id":28917,"position":4,"audio_url":"wbw/068_026_004.mp3","qpc_uthmani_hafs":"إِنَّا","char_type_name":"word","page_number":565,"line_number":6,"text":"ﮌ","translation":{"text":"Indeed, we","language_name":"english","language_id":38},"transliteration":{"text":"innā","language_name":"english","language_id":38}},{"id":28918,"position":5,"audio_url":"wbw/068_026_005.mp3","qpc_uthmani_hafs":"لَضَآلُّونَ","char_type_name":"word","page_number":565,"line_number":6,"text":"ﮍ","translation":{"text":"(are) surely lost","language_name":"english","language_id":38},"transliteration":{"text":"laḍāllūna","language_name":"english","language_id":38}},{"id":28919,"position":6,"audio_url":null,"qpc_uthmani_hafs":"٢٦","char_type_name":"end","page_number":565,"line_number":6,"text":"ﮎ","translation":{"text":"(26)","language_name":"english","language_id":38},"transliteration":{"text":null,"language_name":"english","language_id":38}}],"translations":[{"id":921726,"resource_id":134,"text":"Tatkala mereka melihat kebun itu, mereka berkata, \"Sesungguhnya kita benar-benar orang-orang yang sesat (jalan),"}]},{"id":5298,"verse_number":27,"verse_key":"68:27","juz_number":29,"hizb_number":57,"rub_el_hizb_number":226,"ruku_number":500,"manzil_number":7,"sajdah_number":null,"text_uthmani":"بَلْ نَحْنُ مَحْرُومُونَ","page_number":565,"words":[{"id":30379,"position":1,"audio_url":"wbw/068_027_001.mp3","qpc_uthmani_hafs":"بَلۡ","char_type_name":"word","page_number":565,"line_number":6,"text":"ﮏ","translation":{"text":"Nay","language_name":"english","language_id":38},"transliteration":{"text":"bal","language_name":"english","language_id":38}},{"id":30380,"position":2,"audio_url":"wbw/068_027_002.mp3","qpc_uthmani_hafs":"نَحۡنُ","char_type_name":"word","page_number":565,"line_number":6,"text":"ﮐ","translation":{"text":"We","language_name":"english","language_id":38},"transliteration":{"text":"naḥnu","language_name":"english","language_id":38}},{"id":30381,"position":3,"audio_url":"wbw/068_027_003.mp3","qpc_uthmani_hafs":"مَحۡرُومُونَ","char_type_name":"word","page_number":565,"line_number":6,"text":"ﮑ","translation":{"text":"(are) deprived","language_name":"english","language_id":38},"transliteration":{"text":"maḥrūmūna","language_name":"english","language_id":38}},{"id":30382,"position":4,"audio_url":null,"qpc_uthmani_hafs":"٢٧","char_type_name":"end","page_number":565,"line_number":6,"text":"ﮒ","translation":{"text":"(27)","language_name":"english","language_id":38},"transliteration":{"text":null,"language_name":"english","language_id":38}}],"translations":[{"id":921727,"resource_id":134,"text":"bahkan kita dihalangi (dari memperoleh hasilnya)\"<sup foot_note=211263>1</sup>."}]},{"id":5299,"verse_number":28,"verse_key":"68:28","juz_number":29,"hizb_number":57,"rub_el_hizb_number":226,"ruku_number":500,"manzil_number":7,"sajdah_number":null,"text_uthmani":"قَالَ أَوْسَطُهُمْ أَلَمْ أَقُل لَّكُمْ لَوْلَا تُسَبِّحُونَ","page_number":565,"words":[{"id":30905,"position":1,"audio_url":"wbw/068_028_001.mp3","qpc_uthmani_hafs":"قَالَ","char_type_name":"word","page_number":565,"line_number":6,"text":"ﮓ","translation":{"text":"Said","language_name":"english","language_id":38},"transliteration":{"text":"qāla","language_name":"english","language_id":38}},{"id":30906,"position":2,"audio_url":"wbw/068_028_002.mp3","qpc_uthmani_hafs":"أَوۡسَطُهُمۡ","char_type_name":"word","page_number":565,"line_number":6,"text":"ﮔ","translation":{"text":"(the) most moderate of them","language_name":"english","language_id":38},"transliteration":{"text":"awsaṭuhum","language_name":"english","language_id":38}},{"id":30907,"position":3,"audio_url":"wbw/068_028_003.mp3","qpc_uthmani_hafs":"أَلَمۡ","char_type_name":"word","page_number":565,"line_number":6,"text":"ﮕ","translation":{"text":"Did not","language_name":"english","language_id":38},"transliteration":{"text":"alam","language_name":"english","language_id":38}},{"id":30908,"position":4,"audio_url":"wbw/068_028_004.mp3","qpc_uthmani_hafs":"أَقُل","char_type_name":"word","page_number":565,"line_number":6,"text":"ﮖ","translation":{"text":"I tell","language_name":"english","language_id":38},"transliteration":{"text":"aqul","language_name":"english","language_id":38}},{"id":30909,"position":5,"audio_url":"wbw/068_028_005.mp3","qpc_uthmani_hafs":"لَّكُمۡ","char_type_name":"word","page_number":565,"line_number":7,"text":"ﮗ","translation":{"text":"you","language_name":"english","language_id":38},"transliteration":{"text":"lakum","language_name":"english","language_id":38}},{"id":30910,"position":6,"audio_url":"wbw/068_028_006.mp3","qpc_uthmani_hafs":"لَوۡلَا","char_type_name":"word","page_number":565,"line_number":7,"text":"ﮘ","translation":{"text":"'Why not","language_name":"english","language_id":38},"transliteration":{"text":"lawlā","language_name":"english","language_id":38}},{"id":30911,"position":7,"audio_url":"wbw/068_028_007.mp3","qpc_uthmani_hafs":"تُسَبِّحُونَ","char_type_name":"word","page_number":565,"line_number":7,"text":"ﮙ","translation":{"text":"you glorify (Allah)?'","language_name":"english","language_id":38},"transliteration":{"text":"tusabbiḥūna","language_name":"english","language_id":38}},{"id":30912,"position":8,"audio_url":null,"qpc_uthmani_hafs":"٢٨","char_type_name":"end","page_number":565,"line_number":7,"text":"ﮚ","translation":{"text":"(28)","language_name":"english","language_id":38},"transliteration":{"text":null,"language_name":"english","language_id":38}}],"translations":[{"id":921728,"resource_id":134,"text":"Berkatalah seorang yang paling baik pikirannya di antara mereka, \"Bukankah aku telah mengatakan kepadamu, hendaklah kamu bertasbih (kepada Tuhan-mu)?<sup foot_note=211264>1</sup>\""}]},{"id":5300,"verse_number":29,"verse_key":"68:29","juz_number":29,"hizb_number":57,"rub_el_hizb_number":226,"ruku_number":500,"manzil_number":7,"sajdah_number":null,"text_uthmani":"قَالُوا۟ سُبْحَـٰنَ رَبِّنَآ إِنَّا كُنَّا ظَـٰلِمِينَ","page_number":565,"words":[{"id":32292,"position":1,"audio_url":"wbw/068_029_001.mp3","qpc_uthmani_hafs":"قَالُواْ","char_type_name":"word","page_number":565,"line_number":7,"text":"ﮛ","translation":{"text":"They said","language_name":"english","language_id":38},"transliteration":{"text":"qālū","language_name":"english","language_id":38}},{"id":32293,"position":2,"audio_url":"wbw/068_029_002.mp3","qpc_uthmani_hafs":"سُبۡحَٰنَ","char_type_name":"word","page_number":565,"line_number":7,"text":"ﮜ","translation":{"text":"Glory be","language_name":"english","language_id":38},"transliteration":{"text":"sub'ḥāna","language_name":"english","language_id":38}},{"id":32294,"position":3,"audio_url":"wbw/068_029_003.mp3","qpc_uthmani_hafs":"رَبِّنَآ","char_type_name":"word","page_number":565,"line_number":7,"text":"ﮝ","translation":{"text":"(to) our Lord","language_name":"english","language_id":38},"transliteration":{"text":"rabbinā","language_name":"english","language_id":38}},{"id":32295,"position":4,"audio_url":"wbw/068_029_004.mp3","qpc_uthmani_hafs":"إِنَّا","char_type_name":"word","page_number":565,"line_number":7,"text":"ﮞ","translation":{"text":"Indeed, we","language_name":"english","language_id":38},"transliteration":{"text":"innā","language_name":"english","language_id":38}},{"id":32296,"position":5,"audio_url":"wbw/068_029_005.mp3","qpc_uthmani_hafs":"كُنَّا","char_type_name":"word","page_number":565,"line_number":7,"text":"ﮟ","translation":{"text":"[we] were","language_name":"english","language_id":38},"transliteration":{"text":"kunnā","language_name":"english","language_id":38}},{"id":32297,"position":6,"audio_url":"wbw/068_029_006.mp3","qpc_uthmani_hafs":"ظَٰلِمِينَ","char_type_name":"word","page_number":565,"line_number":7,"text":"ﮠ","translation":{"text":"wrongdoers","language_name":"english","language_id":38},"transliteration":{"text":"ẓālimīna","language_name":"english","language_id":38}},{"id":32298,"position":7,"audio_url":null,"qpc_uthmani_hafs":"٢٩","char_type_name":"end","page_number":565,"line_number":7,"text":"ﮡ","translation":{"text":"(29)","language_name":"english","language_id":38},"transliteration":{"text":null,"language_name":"english","language_id":38}}],"translations":[{"id":921729,"resource_id":134,"text":"Mereka mengucapkan, \"Maha Suci Tuhan kami, sesungguhnya kami adalah orang-orang yang zalim\"."}]},{"id":5301,"verse_number":30,"verse_key":"68:30","juz_number":29,"hizb_number":57,"rub_el_hizb_number":226,"ruku_number":500,"manzil_number":7,"sajdah_number":null,"text_uthmani":"فَأَقْبَلَ بَعْضُهُمْ عَلَىٰ بَعْضٍ يَتَلَـٰوَمُونَ","page_number":565,"words":[{"id":32779,"position":1,"audio_url":"wbw/068_030_001.mp3","qpc_uthmani_hafs":"فَأَقۡبَلَ","char_type_name":"word","page_number":565,"line_number":7,"text":"ﮢ","translation":{"text":"Then approached","language_name":"english","language_id":38},"transliteration":{"text":"fa-aqbala","language_name":"english","language_id":38}},{"id":32780,"position":2,"audio_url":"wbw/068_030_002.mp3","qpc_uthmani_hafs":"بَعۡضُهُمۡ","char_type_name":"word","page_number":565,"line_number":8,"text":"ﮣ","translation":{"text":"some of them","language_name":"english","language_id":38},"transliteration":{"text":"baʿḍuhum","language_name":"english","language_id":38}},{"id":32781,"position":3,"audio_url":"wbw/068_030_003.mp3","qpc_uthmani_hafs":"عَلَىٰ","char_type_name":"word","page_number":565,"line_number":8,"text":"ﮤ","translation":{"text":"to","language_name":"english","language_id":38},"transliteration":{"text":"ʿalā","language_name":"english","language_id":38}},{"id":32782,"position":4,"audio_url":"wbw/068_030_004.mp3","qpc_uthmani_hafs":"بَعۡضٖ","char_type_name":"word","page_number":565,"line_number":8,"text":"ﮥ","translation":{"text":"others","language_name":"english","language_id":38},"transliteration":{"text":"baʿḍin","language_name":"english","language_id":38}},{"id":32783,"position":5,"audio_url":"wbw/068_030_005.mp3","qpc_uthmani_hafs":"يَتَلَٰوَمُونَ","char_type_name":"word","page_number":565,"line_number":8,"text":"ﮦ","translation":{"text":"blaming each other","language_name":"english","language_id":38},"transliteration":{"text":"yatalāwamūna","language_name":"english","language_id":38}},{"id":32784,"position":6,"audio_url":null,"qpc_uthmani_hafs":"٣٠","char_type_name":"end","page_number":565,"line_number":8,"text":"ﮧ","translation":{"text":"(30)","language_name":"english","language_id":38},"transliteration":{"text":null,"language_name":"english","language_id":38}}],"translations":[{"id":921730,"resource_id":134,"text":"Lalu sebagian mereka menghadapi sebagian yang lain seraya cela mencela."}]},{"id":5302,"verse_number":31,"verse_key":"68:31","juz_number":29,"hizb_number":57,"rub_el_hizb_number":226,"ruku_number":500,"manzil_number":7,"sajdah_number":null,"text_uthmani":"قَالُوا۟ يَـٰوَيْلَنَآ إِنَّا كُنَّا طَـٰغِينَ","page_number":565,"words":[{"id":33975,"position":1,"audio_url":"wbw/068_031_001.mp3","qpc_uthmani_hafs":"قَالُواْ","char_type_name":"word","page_number":565,"line_number":8,"text":"ﮨ","translation":{"text":"They said","language_name":"english","language_id":38},"transliteration":{"text":"qālū","language_name":"english","language_id":38}},{"id":33976,"position":2,"audio_url":"wbw/068_031_002.mp3","qpc_uthmani_hafs":"يَٰوَيۡلَنَآ","char_type_name":"word","page_number":565,"line_number":8,"text":"ﮩ","translation":{"text":"O woe to us","language_name":"english","language_id":38},"transliteration":{"text":"yāwaylanā","language_name":"english","language_id":38}},{"id":33977,"position":3,"audio_url":"wbw/068_031_003.mp3","qpc_uthmani_hafs":"إِنَّا","char_type_name":"word","page_number":565,"line_number":8,"text":"ﮪ","translation":{"text":"Indeed, we","language_name":"english","language_id":38},"transliteration":{"text":"innā","language_name":"english","language_id":38}},{"id":33978,"position":4,"audio_url":"wbw/068_031_004.mp3","qpc_uthmani_hafs":"كُنَّا","char_type_name":"word","page_number":565,"line_number":8,"text":"ﮫ","translation":{"text":"[we] were","language_name":"english","language_id":38},"transliteration":{"text":"kunnā","language_name":"english","language_id":38}},{"id":33979,"position":5,"audio_url":"wbw/068_031_005.mp3","qpc_uthmani_hafs":"طَٰغِينَ","char_type_name":"word","page_number":565,"line_number":8,"text":"ﮬ","translation":{"text":"transgressors","language_name":"english","language_id":38},"transliteration":{"text":"ṭāghīna","language_name":"english","language_id":38}},{"id":33980,"position":6,"audio_url":null,"qpc_uthmani_hafs":"٣١","char_type_name":"end","page_number":565,"line_number":8,"text":"ﮭ","translation":{"text":"(31)","language_name":"english","language_id":38},"transliteration":{"text":null,"language_name":"english","language_id":38}}],"translations":[{"id":921731,"resource_id":134,"text":"Mereka berkata, \"Aduhai celakalah kita; sesungguhnya kita ini adalah orang-orang yang melampaui batas\"."}]},{"id":5303,"verse_number":32,"verse_key":"68:32","juz_number":29,"hizb_number":57,"rub_el_hizb_number":226,"ruku_number":500,"manzil_number":7,"sajdah_number":null,"text_uthmani":"عَسَىٰ رَبُّنَآ أَن يُبْدِلَنَا خَيْرًا مِّنْهَآ إِنَّآ إِلَىٰ رَبِّنَا رَٰغِبُونَ","page_number":565,"words":[{"id":34687,"position":1,"audio_url":"wbw/068_032_001.mp3","qpc_uthmani_hafs":"عَسَىٰ","char_type_name":"word","page_number":565,"line_number":8,"text":"ﮮ","translation":{"text":"Perhaps","language_name":"english","language_id":38},"transliteration":{"text":"ʿasā","language_name":"english","language_id":38}},{"id":34688,"position":2,"audio_url":"wbw/068_032_002.mp3","qpc_uthmani_hafs":"رَبُّنَآ","char_type_name":"word","page_number":565,"line_number":9,"text":"ﮯ","translation":{"text":"our Lord","language_name":"english","language_id":38},"transliteration":{"text":"rabbunā","language_name":"english","language_id":38}},{"id":34689,"position":3,"audio_url":"wbw/068_032_003.mp3","qpc_uthmani_hafs":"أَن","char_type_name":"word","page_number":565,"line_number":9,"text":"ﮰ","translation":{"text":"[that]","language_name":"english","language_id":38},"transliteration":{"text":"an","language_name":"english","language_id":38}},{"id":34690,"position":4,"audio_url":"wbw/068_032_004.mp3","qpc_uthmani_hafs":"يُبۡدِلَنَا","char_type_name":"word","page_number":565,"line_number":9,"text":"ﮱ","translation":{"text":"will substitute for us","language_name":"english","language_id":38},"transliteration":{"text":"yub'dilanā","language_name":"english","language_id":38}},{"id":34691,"position":5,"audio_url":"wbw/068_032_005.mp3","qpc_uthmani_hafs":"خَيۡرٗا","char_type_name":"word","page_number":565,"line_number":9,"text":"ﯓ","translation":{"text":"a better","language_name":"english","language_id":38},"transliteration":{"text":"khayran","language_name":"english","language_id":38}},{"id":34692,"position":6,"audio_url":"wbw/068_032_006.mp3","qpc_uthmani_hafs":"مِّنۡهَآ","char_type_name":"word","page_number":565,"line_number":9,"text":"ﯔ","translation":{"text":"than it","language_name":"english","language_id":38},"transliteration":{"text":"min'hā","language_name":"english","language_id":38}},{"id":34693,"position":7,"audio_url":"wbw/068_032_007.mp3","qpc_uthmani_hafs":"إِنَّآ","char_type_name":"word","page_number":565,"line_number":9,"text":"ﯕ","translation":{"text":"Indeed, we","language_name":"english","language_id":38},"transliteration":{"text":"innā","language_name":"english","language_id":38}},{"id":34694,"position":8,"audio_url":"wbw/068_032_008.mp3","qpc_uthmani_hafs":"إِلَىٰ","char_type_name":"word","page_number":565,"line_number":9,"text":"ﯖ","translation":{"text":"to","language_name":"english","language_id":38},"transliteration":{"text":"ilā","language_name":"english","language_id":38}},{"id":34695,"position":9,"audio_url":"wbw/068_032_009.mp3","qpc_uthmani_hafs":"رَبِّنَا","char_type_name":"word","page_number":565,"line_number":9,"text":"ﯗ","translation":{"text":"our Lord","language_name":"english","language_id":38},"transliteration":{"text":"rabbinā","language_name":"english","language_id":38}},{"id":34696,"position":10,"audio_url":"wbw/068_032_010.mp3","qpc_uthmani_hafs":"رَٰغِبُونَ","char_type_name":"word","page_number":565,"line_number":9,"text":"ﯘ","translation":{"text":"turn devoutly","language_name":"english","language_id":38},"transliteration":{"text":"rāghibūna","language_name":"english","language_id":38}},{"id":34697,"position":11,"audio_url":null,"qpc_uthmani_hafs":"٣٢","char_type_name":"end","page_number":565,"line_number":9,"text":"ﯙ","translation":{"text":"(32)","language_name":"english","language_id":38},"transliteration":{"text":null,"language_name":"english","language_id":38}}],"translations":[{"id":921732,"resource_id":134,"text":"Mudah-mudahan Tuhan kita memberikan ganti kepada kita dengan (kebun) yang lebih baik daripada itu; sesungguhnya kita mengharapkan ampunan dari Tuhan kita."}]},{"id":5304,"verse_number":33,"verse_key":"68:33","juz_number":29,"hizb_number":57,"rub_el_hizb_number":226,"ruku_number":500,"manzil_number":7,"sajdah_number":null,"text_uthmani":"كَذَٰلِكَ ٱلْعَذَابُ ۖ وَلَعَذَابُ ٱلْـَٔاخِرَةِ أَكْبَرُ ۚ لَوْ كَانُوا۟ يَعْلَمُونَ","page_number":565,"words":[{"id":35814,"position":1,"audio_url":"wbw/068_033_001.mp3","qpc_uthmani_hafs":"كَذَٰلِكَ","char_type_name":"word","page_number":565,"line_number":9,"text":"ﯚ","translation":{"text":"Such","language_name":"english","language_id":38},"transliteration":{"text":"kadhālika","language_name":"english","language_id":38}},{"id":35815,"position":2,"audio_url":"wbw/068_033_002.mp3","qpc_uthmani_hafs":"ٱلۡعَذَابُۖ","char_type_name":"word","page_number":565,"line_number":9,"text":"ﯛﯜ","translation":{"text":"(is) the punishment","language_name":"english","language_id":38},"transliteration":{"text":"l-ʿadhābu","language_name":"english","language_id":38}},{"id":35817,"position":3,"audio_url":"wbw/068_033_004.mp3","qpc_uthmani_hafs":"وَلَعَذَابُ","char_type_name":"word","page_number":565,"line_number":9,"text":"ﯝ","translation":{"text":"And surely the punishment","language_name":"english","language_id":38},"transliteration":{"text":"walaʿadhābu","language_name":"english","language_id":38}},{"id":35818,"position":4,"audio_url":"wbw/068_033_005.mp3","qpc_uthmani_hafs":"ٱلۡأٓخِرَةِ","char_type_name":"word","page_number":565,"line_number":10,"text":"ﯞ","translation":{"text":"(of) the Hereafter","language_name":"english","language_id":38},"transliteration":{"text":"l-ākhirati","language_name":"english","language_id":38}},{"id":35819,"position":5,"audio_url":"wbw/068_033_006.mp3","qpc_uthmani_hafs":"أَكۡبَرُۚ","char_type_name":"word","page_number":565,"line_number":10,"text":"ﯟﯠ","translation":{"text":"(is) greater","language_name":"english","language_id":38},"transliteration":{"text":"akbaru","language_name":"english","language_id":38}},{"id":35821,"position":6,"audio_url":"wbw/068_033_008.mp3","qpc_uthmani_hafs":"لَوۡ","char_type_name":"word","page_number":565,"line_number":10,"text":"ﯡ","translation":{"text":"if","language_name":"english","language_id":38},"transliteration":{"text":"law","language_name":"english","language_id":38}},{"id":35822,"position":7,"audio_url":"wbw/068_033_009.mp3","qpc_uthmani_hafs":"كَانُواْ","char_type_name":"word","page_number":565,"line_number":10,"text":"ﯢ","translation":{"text":"they","language_name":"english","language_id":38},"transliteration":{"text":"kānū","language_name":"english","language_id":38}},{"id":35823,"position":8,"audio_url":"wbw/068_033_010.mp3","qpc_uthmani_hafs":"يَعۡلَمُونَ","char_type_name":"word","page_number":565,"line_number":10,"text":"ﯣ","translation":{"text":"know","language_name":"english","language_id":38},"transliteration":{"text":"yaʿlamūna","language_name":"english","language_id":38}},{"id":35824,"position":9,"audio_url":null,"qpc_uthmani_hafs":"٣٣","char_type_name":"end","page_number":565,"line_number":10,"text":"ﯤ","translation":{"text":"(33)","language_name":"english","language_id":38},"transliteration":{"text":null,"language_name":"english","language_id":38}}],"translations":[{"id":921733,"resource_id":134,"text":"Seperti itulah azab (dunia).  Dan sesungguhnya azab akhirat lebih besar jika mereka mengetahui<sup foot_note=211265>1</sup>."}]},{"id":5305,"verse_number":34,"verse_key":"68:34","juz_number":29,"hizb_number":57,"rub_el_hizb_number":226,"ruku_number":501,"manzil_number":7,"sajdah_number":null,"text_uthmani":"إِنَّ لِلْمُتَّقِينَ عِندَ رَبِّهِمْ جَنَّـٰتِ ٱلنَّعِيمِ","page_number":565,"words":[{"id":36438,"position":1,"audio_url":"wbw/068_034_001.mp3","qpc_uthmani_hafs":"إِنَّ","char_type_name":"word","page_number":565,"line_number":10,"text":"ﯥ","translation":{"text":"Indeed","language_name":"english","language_id":38},"transliteration":{"text":"inna","language_name":"english","language_id":38}},{"id":36439,"position":2,"audio_url":"wbw/068_034_002.mp3","qpc_uthmani_hafs":"لِلۡمُتَّقِينَ","char_type_name":"word","page_number":565,"line_number":10,"text":"ﯦ","translation":{"text":"for the righteous","language_name":"english","language_id":38},"transliteration":{"text":"lil'muttaqīna","language_name":"english","language_id":38}},{"id":36440,"position":3,"audio_url":"wbw/068_034_003.mp3","qpc_uthmani_hafs":"عِندَ","char_type_name":"word","page_number":565,"line_number":10,"text":"ﯧ","translation":{"text":"with","language_name":"english","language_id":38},"transliteration":{"text":"ʿinda","language_name":"english","language_id":38}},{"id":36441,"position":4,"audio_url":"wbw/068_034_004.mp3","qpc_uthmani_hafs":"رَبِّهِمۡ","char_type_name":"word","page_number":565,"line_number":10,"text":"ﯨ","translation":{"text":"their Lord","language_name":"english","language_id":38},"transliteration":{"text":"rabbihim","language_name":"english","language_id":38}},{"id":36442,"position":5,"audio_url":"wbw/068_034_005.mp3","qpc_uthmani_hafs":"جَنَّٰتِ","char_type_name":"word","page_number":565,"line_number":10,"text":"ﯩ","translation":{"text":"(are) Gardens","language_name":"english","language_id":38},"transliteration":{"text":"jannāti","language_name":"english","language_id":38}},{"id":36443,"position":6,"audio_url":"wbw/068_034_006.mp3","qpc_uthmani_hafs":"ٱلنَّعِيمِ","char_type_name":"word","page_number":565,"line_number":10,"text":"ﯪ","translation":{"text":"(of) Delight","language_name":"english","language_id":38},"transliteration":{"text":"l-naʿīmi","language_name":"english","language_id":38}},{"id":36444,"position":7,"audio_url":null,"qpc_uthmani_hafs":"٣٤","char_type_name":"end","page_number":565,"line_number":11,"text":"ﯫ","translation":{"text":"(34)","language_name":"english","language_id":38},"transliteration":{"text":null,"language_name":"english","language_id":38}}],"translations":[{"id":921734,"resource_id":134,"text":"Sesungguhnya bagi orang-orang yang bertakwa (disediakan) surga-surga yang penuh kenikmatan di sisi Tuhan-nya."}]},{"id":5306,"verse_number":35,"verse_key":"68:35","juz_number":29,"hizb_number":57,"rub_el_hizb_number":226,"ruku_number":501,"manzil_number":7,"sajdah_number":null,"text_uthmani":"أَفَنَجْعَلُ ٱلْمُسْلِمِينَ كَٱلْمُجْرِمِينَ","page_number":565,"words":[{"id":37534,"position":1,"audio_url":"wbw/068_035_001.mp3","qpc_uthmani_hafs":"أَفَنَجۡعَلُ","char_type_name":"word","page_number":565,"line_number":11,"text":"ﯬ","translation":{"text":"Then will We treat","language_name":"english","language_id":38},"transliteration":{"text":"afanajʿalu","language_name":"english","language_id":38}},{"id":37535,"position":2,"audio_url":"wbw/068_035_002.mp3","qpc_uthmani_hafs":"ٱلۡمُسۡلِمِينَ","char_type_name":"word","page_number":565,"line_number":11,"text":"ﯭ","translation":{"text":"the Muslims","language_name":"english","language_id":38},"transliteration":{"text":"l-mus'limīna","language_name":"english","language_id":38}},{"id":37536,"position":3,"audio_url":"wbw/068_035_003.mp3","qpc_uthmani_hafs":"كَٱلۡمُجۡرِمِينَ","char_type_name":"word","page_number":565,"line_number":11,"text":"ﯮ","translation":{"text":"like the criminals","language_name":"english","language_id":38},"transliteration":{"text":"kal-muj'rimīna","language_name":"english","language_id":38}},{"id":37537,"position":4,"audio_url":null,"qpc_uthmani_hafs":"٣٥","char_type_name":"end","page_number":565,"line_number":11,"text":"ﯯ","translation":{"text":"(35)","language_name":"english","language_id":38},"transliteration":{"text":null,"language_name":"english","language_id":38}}],"translations":[{"id":921735,"resource_id":134,"text":"Maka apakah patut Kami menjadikan orang-orang Islam itu sama dengan orang-orang yang berdosa (orang kafir)?<sup foot_note=211266>1</sup>"}]},{"id":5307,"verse_number":36,"verse_key":"68:36","juz_number":29,"hizb_number":57,"rub_el_hizb_number":226,"ruku_number":501,"manzil_number":7,"sajdah_number":null,"text_uthmani":"مَا لَكُمْ كَيْفَ تَحْكُمُونَ","page_number":565,"words":[{"id":38415,"position":1,"audio_url":"wbw/068_036_001.mp3","qpc_uthmani_hafs":"مَا","char_type_name":"word","page_number":565,"line_number":11,"text":"ﯰ","translation":{"text":"What","language_name":"english","language_id":38},"transliteration":{"text":"mā","language_name":"english","language_id":38}},{"id":38416,"position":2,"audio_url":"wbw/068_036_002.mp3","qpc_uthmani_hafs":"لَكُمۡ","char_type_name":"word","page_number":565,"line_number":11,"text":"ﯱ","translation":{"text":"(is) for you","language_name":"english","language_id":38},"transliteration":{"text":"lakum","language_name":"english","language_id":38}},{"id":38417,"position":3,"audio_url":"wbw/068_036_003.mp3","qpc_uthmani_hafs":"كَيۡفَ","char_type_name":"word","page_number":565,"line_number":11,"text":"ﯲ","translation":{"text":"How","language_name":"english","language_id":38},"transliteration":{"text":"kayfa","language_name":"english","language_id":38}},{"id":38418,"position":4,"audio_url":"wbw/068_036_004.mp3","qpc_uthmani_hafs":"تَحۡكُمُونَ","char_type_name":"word","page_number":565,"line_number":11,"text":"ﯳ","translation":{"text":"(do) you judge","language_name":"english","language_id":38},"transliteration":{"text":"taḥkumūna","language_name":"english","language_id":38}},{"id":38419,"position":5,"audio_url":null,"qpc_uthmani_hafs":"٣٦","char_type_name":"end","page_number":565,"line_number":11,"text":"ﯴ","translation":{"text":"(36)","language_name":"english","language_id":38},"transliteration":{"text":null,"language_name":"english","language_id":38}}],"translations":[{"id":921736,"resource_id":134,"text":"Mengapa kamu (berbuat demikian), bagaimanakah kamu mengambil keputusan?"}]},{"id":5308,"verse_number":37,"verse_key":"68:37","juz_number":29,"hizb_number":57,"rub_el_hizb_number":226,"ruku_number":501,"manzil_number":7,"sajdah_number":null,"text_uthmani":"أَمْ لَكُمْ كِتَـٰبٌ فِيهِ تَدْرُسُونَ","page_number":565,"words":[{"id":39219,"position":1,"audio_url":"wbw/068_037_001.mp3","qpc_uthmani_hafs":"أَمۡ","char_type_name":"word","page_number":565,"line_number":11,"text":"ﯵ","translation":{"text":"Or","language_name":"english","language_id":38},"transliteration":{"text":"am","language_name":"english","language_id":38}},{"id":39220,"position":2,"audio_url":"wbw/068_037_002.mp3","qpc_uthmani_hafs":"لَكُمۡ","char_type_name":"word","page_number":565,"line_number":12,"text":"ﯶ","translation":{"text":"(is) for you","language_name":"english","language_id":38},"transliteration":{"text":"lakum","language_name":"english","language_id":38}},{"id":39221,"position":3,"audio_url":"wbw/068_037_003.mp3","qpc_uthmani_hafs":"كِتَٰبٞ","char_type_name":"word","page_number":565,"line_number":12,"text":"ﯷ","translation":{"text":"a book","language_name":"english","language_id":38},"transliteration":{"text":"kitābun","language_name":"english","language_id":38}},{"id":39222,"position":4,"audio_url":"wbw/068_037_004.mp3","qpc_uthmani_hafs":"فِيهِ","char_type_name":"word","page_number":565,"line_number":12,"text":"ﯸ","translation":{"text":"wherein","language_name":"english","language_id":38},"transliteration":{"text":"fīhi","language_name":"english","language_id":38}},{"id":39223,"position":5,"audio_url":"wbw/068_037_005.mp3","qpc_uthmani_hafs":"تَدۡرُسُونَ","char_type_name":"word","page_number":565,"line_number":12,"text":"ﯹ","translation":{"text":"you learn","language_name":"english","language_id":38},"transliteration":{"text":"tadrusūna","language_name":"english","language_id":38}},{"id":39224,"position":6,"audio_url":null,"qpc_uthmani_hafs":"٣٧","char_type_name":"end","page_number":565,"line_number":12,"text":"ﯺ","translation":{"text":"(37)","language_name":"english","language_id":38},"transliteration":{"text":null,"language_name":"english","language_id":38}}],"translations":[{"id":921737,"resource_id":134,"text":"Atau adakah kamu mempunyai sebuah kitab (yang diturunkan Allah) yang kamu membacanya?"}]},{"id":5309,"verse_number":38,"verse_key":"68:38","juz_number":29,"hizb_number":57,"rub_el_hizb_number":226,"ruku_number":501,"manzil_number":7,"sajdah_number":null,"text_uthmani":"إِنَّ لَكُمْ فِيهِ لَمَا تَخَيَّرُونَ","page_number":565,"words":[{"id":39781,"position":1,"audio_url":"wbw/068_038_001.mp3","qpc_uthmani_hafs":"إِنَّ","char_type_name":"word","page_number":565,"line_number":12,"text":"ﯻ","translation":{"text":"Indeed","language_name":"english","language_id":38},"transliteration":{"text":"inna","language_name":"english","language_id":38}},{"id":39782,"position":2,"audio_url":"wbw/068_038_002.mp3","qpc_uthmani_hafs":"لَكُمۡ","char_type_name":"word","page_number":565,"line_number":12,"text":"ﯼ","translation":{"text":"for you","language_name":"english","language_id":38},"transliteration":{"text":"lakum","language_name":"english","language_id":38}},{"id":39783,"position":3,"audio_url":"wbw/068_038_003.mp3","qpc_uthmani_hafs":"فِيهِ","char_type_name":"word","page_number":565,"line_number":12,"text":"ﯽ","translation":{"text":"in it","language_name":"english","language_id":38},"transliteration":{"text":"fīhi","language_name":"english","language_id":38}},{"id":39784,"position":4,"audio_url":"wbw/068_038_004.mp3","qpc_uthmani_hafs":"لَمَا","char_type_name":"word","page_number":565,"line_number":12,"text":"ﯾ","translation":{"text":"what","language_name":"english","language_id":38},"transliteration":{"text":"lamā","language_name":"english","language_id":38}},{"id":39785,"position":5,"audio_url":"wbw/068_038_005.mp3","qpc_uthmani_hafs":"تَخَيَّرُونَ","char_type_name":"word","page_number":565,"line_number":12,"text":"ﯿ","translation":{"text":"you choose","language_name":"english","language_id":38},"transliteration":{"text":"takhayyarūna","language_name":"english","language_id":38}},{"id":39786,"position":6,"audio_url":null,"qpc_uthmani_hafs":"٣٨","char_type_name":"end","page_number":565,"line_number":12,"text":"ﰀ","translation":{"text":"(38)","language_name":"english","language_id":38},"transliteration":{"text":null,"language_name":"english","language_id":38}}],"translations":[{"id":921738,"resource_id":134,"text":"Bahwa di dalamnya kamu benar-benar boleh memilih apa yang kamu sukai untukmu."}]},{"id":5310,"verse_number":39,"verse_key":"68:39","juz_number":29,"hizb_number":57,"rub_el_hizb_number":226,"ruku_number":501,"manzil_number":7,"sajdah_number":null,"text_uthmani":"أَمْ لَكُمْ أَيْمَـٰنٌ عَلَيْنَا بَـٰلِغَةٌ إِلَىٰ يَوْمِ ٱلْقِيَـٰمَةِ ۙ إِنَّ لَكُمْ لَمَا تَحْكُمُونَ","page_number":565,"words":[{"id":40768,"position":1,"audio_url":"wbw/068_039_001.mp3","qpc_uthmani_hafs":"أَمۡ","char_type_name":"word","page_number":565,"line_number":12,"text":"ﰁ","translation":{"text":"Or","language_name":"english","language_id":38},"transliteration":{"text":"am","language_name":"english","language_id":38}},{"id":40769,"position":2,"audio_url":"wbw/068_039_002.mp3","qpc_uthmani_hafs":"لَكُمۡ","char_type_name":"word","page_number":565,"line_number":12,"text":"ﰂ","translation":{"text":"for you","language_name":"english","language_id":38},"transliteration":{"text":"lakum","language_name":"english","language_id":38}},{"id":40770,"position":3,"audio_url":"wbw/068_039_003.mp3","qpc_uthmani_hafs":"أَيۡمَٰنٌ","char_type_name":"word","page_number":565,"line_number":12,"text":"ﰃ","translation":{"text":"oaths","language_name":"english","language_id":38},"transliteration":{"text":"aymānun","language_name":"english","language_id":38}},{"id":40771,"position":4,"audio_url":"wbw/068_039_004.mp3","qpc_uthmani_hafs":"عَلَيۡنَا","char_type_name":"word","page_number":565,"line_number":13,"text":"ﰄ","translation":{"text":"from us","language_name":"english","language_id":38},"transliteration":{"text":"ʿalaynā","language_name":"english","language_id":38}},{"id":40772,"position":5,"audio_url":"wbw/068_039_005.mp3","qpc_uthmani_hafs":"بَٰلِغَةٌ","char_type_name":"word","page_number":565,"line_number":13,"text":"ﰅ","translation":{"text":"reaching","language_name":"english","language_id":38},"transliteration":{"text":"bālighatun","language_name":"english","language_id":38}},{"id":40773,"position":6,"audio_url":"wbw/068_039_006.mp3","qpc_uthmani_hafs":"إِلَىٰ","char_type_name":"word","page_number":565,"line_number":13,"text":"ﰆ","translation":{"text":"to","language_name":"english","language_id":38},"transliteration":{"text":"ilā","language_name":"english","language_id":38}},{"id":40774,"position":7,"audio_url":"wbw/068_039_007.mp3","qpc_uthmani_hafs":"يَوۡمِ","char_type_name":"word","page_number":565,"line_number":13,"text":"ﰇ","translation":{"text":"(the) Day","language_name":"english","language_id":38},"transliteration":{"text":"yawmi","language_name":"english","language_id":38}},{"id":40775,"position":8,"audio_url":"wbw/068_039_008.mp3","qpc_uthmani_hafs":"ٱلۡقِيَٰمَةِ","char_type_name":"word","page_number":565,"line_number":13,"text":"ﰈﰉ","translation":{"text":"(of) the Resurrection","language_name":"english","language_id":38},"transliteration":{"text":"l-qiyāmati","language_name":"english","language_id":38}},{"id":40777,"position":9,"audio_url":"wbw/068_039_010.mp3","qpc_uthmani_hafs":"إِنَّ","char_type_name":"word","page_number":565,"line_number":13,"text":"ﰊ","translation":{"text":"indeed","language_name":"english","language_id":38},"transliteration":{"text":"inna","language_name":"english","language_id":38}},{"id":40778,"position":10,"audio_url":"wbw/068_039_011.mp3","qpc_uthmani_hafs":"لَكُمۡ","char_type_name":"word","page_number":565,"line_number":13,"text":"ﰋ","translation":{"text":"for you","language_name":"english","language_id":38},"transliteration":{"text":"lakum","language_name":"english","language_id":38}},{"id":40779,"position":11,"audio_url":"wbw/068_039_012.mp3","qpc_uthmani_hafs":"لَمَا","char_type_name":"word","page_number":565,"line_number":13,"text":"ﰌ","translation":{"text":"(is) what","language_name":"english","language_id":38},"transliteration":{"text":"lamā","language_name":"english","language_id":38}},{"id":40780,"position":12,"audio_url":"wbw/068_039_013.mp3","qpc_uthmani_hafs":"تَحۡكُمُونَ","char_type_name":"word","page_number":565,"line_number":13,"text":"ﰍ","translation":{"text":"you judge","language_name":"english","language_id":38},"transliteration":{"text":"taḥkumūna","language_name":"english","language_id":38}},{"id":40781,"position":13,"audio_url":null,"qpc_uthmani_hafs":"٣٩","char_type_name":"end","page_number":565,"line_number":13,"text":"ﰎ","translation":{"text":"(39)","language_name":"english","language_id":38},"transliteration":{"text":null,"language_name":"english","language_id":38}}],"translations":[{"id":921739,"resource_id":134,"text":"Atau apakah kamu memperoleh janji-janji yang diperkuat dengan sumpah dari Kami, yang tetap berlaku sampai hari kiamat; sesungguhnya kamu benar-benar dapat mengambil keputusan (sekehendakmu)?"}]},{"id":5311,"verse_number":40,"verse_key":"68:40","juz_number":29,"hizb_number":57,"rub_el_hizb_number":226,"ruku_number":501,"manzil_number":7,"sajdah_number":null,"text_uthmani":"سَلْهُمْ أَيُّهُم بِذَٰلِكَ زَعِيمٌ","page_number":565,"words":[{"id":41363,"position":1,"audio_url":"wbw/068_040_001.mp3","qpc_uthmani_hafs":"سَلۡهُمۡ","char_type_name":"word","page_number":565,"line_number":13,"text":"ﰏ","translation":{"text":"Ask them","language_name":"english","language_id":38},"transliteration":{"text":"salhum","language_name":"english","language_id":38}},{"id":41364,"position":2,"audio_url":"wbw/068_040_002.mp3","qpc_uthmani_hafs":"أَيُّهُم","char_type_name":"word","page_number":565,"line_number":13,"text":"ﰐ","translation":{"text":"which of them","language_name":"english","language_id":38},"transliteration":{"text":"ayyuhum","language_name":"english","language_id":38}},{"id":41365,"position":3,"audio_url":"wbw/068_040_003.mp3","qpc_uthmani_hafs":"بِذَٰلِكَ","char_type_name":"word","page_number":565,"line_number":14,"text":"ﰑ","translation":{"text":"for that","language_name":"english","language_id":38},"transliteration":{"text":"bidhālika","language_name":"english","language_id":38}},{"id":41366,"position":4,"audio_url":"wbw/068_040_004.mp3","qpc_uthmani_hafs":"زَعِيمٌ","char_type_name":"word","page_number":565,"line_number":14,"text":"ﰒ","translation":{"text":"(is) responsible","language_name":"english","language_id":38},"transliteration":{"text":"zaʿīmun","language_name":"english","language_id":38}},{"id":41367,"position":5,"audio_url":null,"qpc_uthmani_hafs":"٤٠","char_type_name":"end","page_number":565,"line_number":14,"text":"ﰓ","translation":{"text":"(40)","language_name":"english","language_id":38},"transliteration":{"text":null,"language_name":"english","language_id":38}}],"translations":[{"id":921740,"resource_id":134,"text":"Tanyakanlah kepada mereka, \"Siapakah di antara mereka yang bertanggung jawab terhadap keputusan yang diambil itu?\""}]},{"id":5312,"verse_number":41,"verse_key":"68:41","juz_number":29,"hizb_number":57,"rub_el_hizb_number":226,"ruku_number":501,"manzil_number":7,"sajdah_number":null,"text_uthmani":"أَمْ لَهُمْ شُرَكَآءُ فَلْيَأْتُوا۟ بِشُرَكَآئِهِمْ إِن كَانُوا۟ صَـٰدِقِينَ","page_number":565,"words":[{"id":42152,"position":1,"audio_url":"wbw/068_041_001.mp3","qpc_uthmani_hafs":"أَمۡ","char_type_name":"word","page_number":565,"line_number":14,"text":"ﰔ","translation":{"text":"Or","language_name":"english","language_id":38},"transliteration":{"text":"am","language_name":"english","language_id":38}},{"id":42153,"position":2,"audio_url":"wbw/068_041_002.mp3","qpc_uthmani_hafs":"لَهُمۡ","char_type_name":"word","page_number":565,"line_number":14,"text":"ﰕ","translation":{"text":"(are) for them","language_name":"english","language_id":38},"transliteration":{"text":"lahum","language_name":"english","language_id":38}},{"id":42154,"position":3,"audio_url":"wbw/068_041_003.mp3","qpc_uthmani_hafs":"شُرَكَآءُ","char_type_name":"word","page_number":565,"line_number":14,"text":"ﰖ","translation":{"text":"partners","language_name":"english","language_id":38},"transliteration":{"text":"shurakāu","language_name":"english","language_id":38}},{"id":42155,"position":4,"audio_url":"wbw/068_041_004.mp3","qpc_uthmani_hafs":"فَلۡيَأۡتُواْ","char_type_name":"word","page_number":565,"line_number":14,"text":"ﰗ","translation":{"text":"Then let them bring","language_name":"english","language_id":38},"transliteration":{"text":"falyatū","language_name":"english","language_id":38}},{"id":42156,"position":5,"audio_url":"wbw/068_041_005.mp3","qpc_uthmani_hafs":"بِشُرَكَآئِهِمۡ","char_type_name":"word","page_number":565,"line_number":14,"text":"ﰘ","translation":{"text":"their partners","language_name":"english","language_id":38},"transliteration":{"text":"bishurakāihim","language_name":"english","language_id":38}},{"id":42157,"position":6,"audio_url":"wbw/068_041_006.mp3","qpc_uthmani_hafs":"إِن","char_type_name":"word","page_number":565,"line_number":14,"text":"ﰙ","translation":{"text":"if","language_name":"english","language_id":38},"transliteration":{"text":"in","language_name":"english","language_id":38}},{"id":42158,"position":7,"audio_url":"wbw/068_041_007.mp3","qpc_uthmani_hafs":"كَانُواْ","char_type_name":"word","page_number":565,"line_number":14,"text":"ﰚ","translation":{"text":"they are","language_name":"english","language_id":38},"transliteration":{"text":"kānū","language_name":"english","language_id":38}},{"id":42159,"position":8,"audio_url":"wbw/068_041_008.mp3","qpc_uthmani_hafs":"صَٰدِقِينَ","char_type_name":"word","page_number":565,"line_number":14,"text":"ﰛ","translation":{"text":"truthful","language_name":"english","language_id":38},"transliteration":{"text":"ṣādiqīna","language_name":"english","language_id":38}},{"id":42160,"position":9,"audio_url":null,"qpc_uthmani_hafs":"٤١","char_type_name":"end","page_number":565,"line_number":14,"text":"ﰜ","translation":{"text":"(41)","language_name":"english","language_id":38},"transliteration":{"text":null,"language_name":"english","language_id":38}}],"translations":[{"id":921741,"resource_id":134,"text":"Atau apakah mereka mempunyai sekutu-sekutu? Maka hendaklah mereka mendatangkan sekutu-sekutunya jika mereka adalah orang-orang yang benar."}]},{"id":5313,"verse_number":42,"verse_key":"68:42","juz_number":29,"hizb_number":57,"rub_el_hizb_number":226,"ruku_number":501,"manzil_number":7,"sajdah_number":null,"text_uthmani":"يَوْمَ يُكْشَفُ عَن سَاقٍ وَيُدْعَوْنَ إِلَى ٱلسُّجُودِ فَلَا يَسْتَطِيعُونَ","page_number":565,"words":[{"id":43008,"position":1,"audio_url":"wbw/068_042_001.mp3","qpc_uthmani_hafs":"يَوۡمَ","char_type_name":"word","page_number":565,"line_number":15,"text":"ﰝ","translation":{"text":"(The) Day","language_name":"english","language_id":38},"transliteration":{"text":"yawma","language_name":"english","language_id":38}},{"id":43009,"position":2,"audio_url":"wbw/068_042_002.mp3","qpc_uthmani_hafs":"يُكۡشَفُ","char_type_name":"word","page_number":565,"line_number":15,"text":"ﰞ","translation":{"text":"will be uncovered","language_name":"english","language_id":38},"transliteration":{"text":"yuk'shafu","language_name":"english","language_id":38}},{"id":43010,"position":3,"audio_url":"wbw/068_042_003.mp3","qpc_uthmani_hafs":"عَن","char_type_name":"word","page_number":565,"line_number":15,"text":"ﰟ","translation":{"text":"from","language_name":"english","language_id":38},"transliteration":{"text":"ʿan","language_name":"english","language_id":38}},{"id":43011,"position":4,"audio_url":"wbw/068_042_004.mp3","qpc_uthmani_hafs":"سَاقٖ","char_type_name":"word","page_number":565,"line_number":15,"text":"ﰠ","translation":{"text":"the shin","language_name":"english","language_id":38},"transliteration":{"text":"sāqin","language_name":"english","language_id":38}},{"id":43012,"position":5,"audio_url":"wbw/068_042_005.mp3","qpc_uthmani_hafs":"وَيُدۡعَوۡنَ","char_type_name":"word","page_number":565,"line_number":15,"text":"ﰡ","translation":{"text":"and they will be called","language_name":"english","language_id":38},"transliteration":{"text":"wayud'ʿawna","language_name":"english","language_id":38}},{"id":43013,"position":6,"audio_url":"wbw/068_042_006.mp3","qpc_uthmani_hafs":"إِلَى","char_type_name":"word","page_number":565,"line_number":15,"text":"ﰢ","translation":{"text":"to","language_name":"english","language_id":38},"transliteration":{"text":"ilā","language_name":"english","language_id":38}},{"id":43014,"position":7,"audio_url":"wbw/068_042_007.mp3","qpc_uthmani_hafs":"ٱلسُّجُودِ","char_type_name":"word","page_number":565,"line_number":15,"text":"ﰣ","translation":{"text":"prostrate","language_name":"english","language_id":38},"transliteration":{"text":"l-sujūdi","language_name":"english","language_id":38}},{"id":43015,"position":8,"audio_url":"wbw/068_042_008.mp3","qpc_uthmani_hafs":"فَلَا","char_type_name":"word","page_number":565,"line_number":15,"text":"ﰤ","translation":{"text":"but not","language_name":"english","language_id":38},"transliteration":{"text":"falā","language_name":"english","language_id":38}},{"id":43016,"position":9,"audio_url":"wbw/068_042_009.mp3","qpc_uthmani_hafs":"يَسۡتَطِيعُونَ","char_type_name":"word","page_number":565,"line_number":15,"text":"ﰥ","translation":{"text":"they will be able","language_name":"english","language_id":38},"transliteration":{"text":"yastaṭīʿūna","language_name":"english","language_id":38}},{"id":43017,"position":10,"audio_url":null,"qpc_uthmani_hafs":"٤٢","char_type_name":"end","page_number":565,"line_number":15,"text":"ﰦ","translation":{"text":"(42)","language_name":"english","language_id":38},"transliteration":{"text":null,"language_name":"english","language_id":38}}],"translations":[{"id":921742,"resource_id":134,"text":"Pada hari betis disingkapkan<sup foot_note=211267>1</sup> dan mereka dipanggil untuk bersujud; maka mereka tidak kuasa<sup foot_note=211268>2</sup>,"}]}],"pagination":{"per_page":50,"current_page":1,"next_page":null,"total_pages":1,"total_records":27}}