{"verses":[{"id":5448,"verse_number":1,"verse_key":"72:1","juz_number":29,"hizb_number":58,"rub_el_hizb_number":229,"ruku_number":508,"manzil_number":7,"sajdah_number":null,"text_uthmani":" قُلْ أُوحِىَ إِلَىَّ أَنَّهُ ٱسْتَمَعَ نَفَرٌ مِّنَ ٱلْجِنِّ فَقَالُوٓا۟ إِنَّا سَمِعْنَا قُرْءَانًا عَجَبًا","page_number":572,"words":[{"id":614,"position":1,"audio_url":"wbw/072_001_001.mp3","qpc_uthmani_hafs":"قُلۡ","char_type_name":"word","page_number":572,"line_number":3,"text":"ﭑ","translation":{"text":"Say","language_name":"english","language_id":38},"transliteration":{"text":"qul","language_name":"english","language_id":38}},{"id":615,"position":2,"audio_url":"wbw/072_001_002.mp3","qpc_uthmani_hafs":"أُوحِيَ","char_type_name":"word","page_number":572,"line_number":3,"text":"ﭒ","translation":{"text":"It has been revealed","language_name":"english","language_id":38},"transliteration":{"text":"ūḥiya","language_name":"english","language_id":38}},{"id":616,"position":3,"audio_url":"wbw/072_001_003.mp3","qpc_uthmani_hafs":"إِلَيَّ","char_type_name":"word","page_number":572,"line_number":3,"text":"ﭓ","translation":{"text":"to me","language_name":"english","language_id":38},"transliteration":{"text":"ilayya","language_name":"english","language_id":38}},{"id":617,"position":4,"audio_url":"wbw/072_001_004.mp3","qpc_uthmani_hafs":"أَنَّهُ","char_type_name":"word","page_number":572,"line_number":3,"text":"ﭔ","translation":{"text":"that","language_name":"english","language_id":38},"transliteration":{"text":"annahu","language_name":"english","language_id":38}},{"id":618,"position":5,"audio_url":"wbw/072_001_005.mp3","qpc_uthmani_hafs":"ٱسۡتَمَعَ","char_type_name":"word","page_number":572,"line_number":3,"text":"ﭕ","translation":{"text":"listened","language_name":"english","language_id":38},"transliteration":{"text":"is'tamaʿa","language_name":"english","language_id":38}},{"id":619,"position":6,"audio_url":"wbw/072_001_006.mp3","qpc_uthmani_hafs":"نَفَرٞ","char_type_name":"word","page_number":572,"line_number":3,"text":"ﭖ","translation":{"text":"a group","language_name":"english","language_id":38},"transliteration":{"text":"nafarun","language_name":"english","language_id":38}},{"id":620,"position":7,"audio_url":"wbw/072_001_007.mp3","qpc_uthmani_hafs":"مِّنَ","char_type_name":"word","page_number":572,"line_number":3,"text":"ﭗ","translation":{"text":"of","language_name":"english","language_id":38},"transliteration":{"text":"mina","language_name":"english","language_id":38}},{"id":621,"position":8,"audio_url":"wbw/072_001_008.mp3","qpc_uthmani_hafs":"ٱلۡجِنِّ","char_type_name":"word","page_number":572,"line_number":3,"text":"ﭘ","translation":{"text":"the jinn","language_name":"english","language_id":38},"transliteration":{"text":"l-jini","language_name":"english","language_id":38}},{"id":622,"position":9,"audio_url":"wbw/072_001_009.mp3","qpc_uthmani_hafs":"فَقَالُوٓاْ","char_type_name":"word","page_number":572,"line_number":3,"text":"ﭙ","translation":{"text":"and they said","language_name":"english","language_id":38},"transliteration":{"text":"faqālū","language_name":"english","language_id":38}},{"id":623,"position":10,"audio_url":"wbw/072_001_010.mp3","qpc_uthmani_hafs":"إِنَّا","char_type_name":"word","page_number":572,"line_number":3,"text":"ﭚ","translation":{"text":"Indeed, we","language_name":"english","language_id":38},"transliteration":{"text":"innā","language_name":"english","language_id":38}},{"id":624,"position":11,"audio_url":"wbw/072_001_011.mp3","qpc_uthmani_hafs":"سَمِعۡنَا","char_type_name":"word","page_number":572,"line_number":3,"text":"ﭛ","translation":{"text":"heard","language_name":"english","language_id":38},"transliteration":{"text":"samiʿ'nā","language_name":"english","language_id":38}},{"id":625,"position":12,"audio_url":"wbw/072_001_012.mp3","qpc_uthmani_hafs":"قُرۡءَانًا","char_type_name":"word","page_number":572,"line_number":3,"text":"ﭜ","translation":{"text":"a Quran","language_name":"english","language_id":38},"transliteration":{"text":"qur'ānan","language_name":"english","language_id":38}},{"id":626,"position":13,"audio_url":"wbw/072_001_013.mp3","qpc_uthmani_hafs":"عَجَبٗا","char_type_name":"word","page_number":572,"line_number":4,"text":"ﭝ","translation":{"text":"amazing","language_name":"english","language_id":38},"transliteration":{"text":"ʿajaban","language_name":"english","language_id":38}},{"id":627,"position":14,"audio_url":null,"qpc_uthmani_hafs":"١","char_type_name":"end","page_number":572,"line_number":4,"text":"ﭞ","translation":{"text":"(1)","language_name":"english","language_id":38},"transliteration":{"text":null,"language_name":"english","language_id":38}}],"translations":[{"id":921877,"resource_id":134,"text":"Katakanlah (hai Muhammad), \"Telah diwahyukan kepadaku bahwasanya sekumpulan jin telah mendengarkan (Al-Qur`ān), lalu mereka berkata, \"Sesungguhnya kami telah mendengarkan Al-Qur`ān yang menakjubkan,"}]},{"id":5449,"verse_number":2,"verse_key":"72:2","juz_number":29,"hizb_number":58,"rub_el_hizb_number":229,"ruku_number":508,"manzil_number":7,"sajdah_number":null,"text_uthmani":"يَهْدِىٓ إِلَى ٱلرُّشْدِ فَـَٔامَنَّا بِهِۦ ۖ وَلَن نُّشْرِكَ بِرَبِّنَآ أَحَدًا","page_number":572,"words":[{"id":1564,"position":1,"audio_url":"wbw/072_002_001.mp3","qpc_uthmani_hafs":"يَهۡدِيٓ","char_type_name":"word","page_number":572,"line_number":4,"text":"ﭟ","translation":{"text":"It guides","language_name":"english","language_id":38},"transliteration":{"text":"yahdī","language_name":"english","language_id":38}},{"id":1565,"position":2,"audio_url":"wbw/072_002_002.mp3","qpc_uthmani_hafs":"إِلَى","char_type_name":"word","page_number":572,"line_number":4,"text":"ﭠ","translation":{"text":"to","language_name":"english","language_id":38},"transliteration":{"text":"ilā","language_name":"english","language_id":38}},{"id":1566,"position":3,"audio_url":"wbw/072_002_003.mp3","qpc_uthmani_hafs":"ٱلرُّشۡدِ","char_type_name":"word","page_number":572,"line_number":4,"text":"ﭡ","translation":{"text":"the right way","language_name":"english","language_id":38},"transliteration":{"text":"l-rush'di","language_name":"english","language_id":38}},{"id":1567,"position":4,"audio_url":"wbw/072_002_004.mp3","qpc_uthmani_hafs":"فَـَٔامَنَّا","char_type_name":"word","page_number":572,"line_number":4,"text":"ﭢ","translation":{"text":"so we believe","language_name":"english","language_id":38},"transliteration":{"text":"faāmannā","language_name":"english","language_id":38}},{"id":1568,"position":5,"audio_url":"wbw/072_002_005.mp3","qpc_uthmani_hafs":"بِهِۦۖ","char_type_name":"word","page_number":572,"line_number":4,"text":"ﭣﭤ","translation":{"text":"in it","language_name":"english","language_id":38},"transliteration":{"text":"bihi","language_name":"english","language_id":38}},{"id":1570,"position":6,"audio_url":"wbw/072_002_007.mp3","qpc_uthmani_hafs":"وَلَن","char_type_name":"word","page_number":572,"line_number":4,"text":"ﭥ","translation":{"text":"and never","language_name":"english","language_id":38},"transliteration":{"text":"walan","language_name":"english","language_id":38}},{"id":1571,"position":7,"audio_url":"wbw/072_002_008.mp3","qpc_uthmani_hafs":"نُّشۡرِكَ","char_type_name":"word","page_number":572,"line_number":4,"text":"ﭦ","translation":{"text":"we will associate","language_name":"english","language_id":38},"transliteration":{"text":"nush'rika","language_name":"english","language_id":38}},{"id":1572,"position":8,"audio_url":"wbw/072_002_009.mp3","qpc_uthmani_hafs":"بِرَبِّنَآ","char_type_name":"word","page_number":572,"line_number":4,"text":"ﭧ","translation":{"text":"with our Lord","language_name":"english","language_id":38},"transliteration":{"text":"birabbinā","language_name":"english","language_id":38}},{"id":1573,"position":9,"audio_url":"wbw/072_002_010.mp3","qpc_uthmani_hafs":"أَحَدٗا","char_type_name":"word","page_number":572,"line_number":4,"text":"ﭨ","translation":{"text":"anyone","language_name":"english","language_id":38},"transliteration":{"text":"aḥadan","language_name":"english","language_id":38}},{"id":1574,"position":10,"audio_url":null,"qpc_uthmani_hafs":"٢","char_type_name":"end","page_number":572,"line_number":4,"text":"ﭩ","translation":{"text":"(2)","language_name":"english","language_id":38},"transliteration":{"text":null,"language_name":"english","language_id":38}}],"translations":[{"id":921878,"resource_id":134,"text":"(yang) memberi petunjuk kapada jalan yang benar, lalu kami beriman kepadanya.  Dan kami sekali-kali tidak akan mempersekutukan seorang pun dengan Tuhan kami,"}]},{"id":5450,"verse_number":3,"verse_key":"72:3","juz_number":29,"hizb_number":58,"rub_el_hizb_number":229,"ruku_number":508,"manzil_number":7,"sajdah_number":null,"text_uthmani":"وَأَنَّهُۥ تَعَـٰلَىٰ جَدُّ رَبِّنَا مَا ٱتَّخَذَ صَـٰحِبَةً وَلَا وَلَدًا","page_number":572,"words":[{"id":2593,"position":1,"audio_url":"wbw/072_003_001.mp3","qpc_uthmani_hafs":"وَأَنَّهُۥ","char_type_name":"word","page_number":572,"line_number":5,"text":"ﭪ","translation":{"text":"And that He ","language_name":"english","language_id":38},"transliteration":{"text":"wa-annahu","language_name":"english","language_id":38}},{"id":2594,"position":2,"audio_url":"wbw/072_003_002.mp3","qpc_uthmani_hafs":"تَعَٰلَىٰ","char_type_name":"word","page_number":572,"line_number":5,"text":"ﭫ","translation":{"text":"Exalted is","language_name":"english","language_id":38},"transliteration":{"text":"taʿālā","language_name":"english","language_id":38}},{"id":2595,"position":3,"audio_url":"wbw/072_003_003.mp3","qpc_uthmani_hafs":"جَدُّ","char_type_name":"word","page_number":572,"line_number":5,"text":"ﭬ","translation":{"text":"(the) Majesty","language_name":"english","language_id":38},"transliteration":{"text":"jaddu","language_name":"english","language_id":38}},{"id":2596,"position":4,"audio_url":"wbw/072_003_004.mp3","qpc_uthmani_hafs":"رَبِّنَا","char_type_name":"word","page_number":572,"line_number":5,"text":"ﭭ","translation":{"text":"(of) our Lord ","language_name":"english","language_id":38},"transliteration":{"text":"rabbinā","language_name":"english","language_id":38}},{"id":2597,"position":5,"audio_url":"wbw/072_003_005.mp3","qpc_uthmani_hafs":"مَا","char_type_name":"word","page_number":572,"line_number":5,"text":"ﭮ","translation":{"text":"not","language_name":"english","language_id":38},"transliteration":{"text":"mā","language_name":"english","language_id":38}},{"id":2598,"position":6,"audio_url":"wbw/072_003_006.mp3","qpc_uthmani_hafs":"ٱتَّخَذَ","char_type_name":"word","page_number":572,"line_number":5,"text":"ﭯ","translation":{"text":"He has taken","language_name":"english","language_id":38},"transliteration":{"text":"ittakhadha","language_name":"english","language_id":38}},{"id":2599,"position":7,"audio_url":"wbw/072_003_007.mp3","qpc_uthmani_hafs":"صَٰحِبَةٗ","char_type_name":"word","page_number":572,"line_number":5,"text":"ﭰ","translation":{"text":"a wife","language_name":"english","language_id":38},"transliteration":{"text":"ṣāḥibatan","language_name":"english","language_id":38}},{"id":2600,"position":8,"audio_url":"wbw/072_003_008.mp3","qpc_uthmani_hafs":"وَلَا","char_type_name":"word","page_number":572,"line_number":5,"text":"ﭱ","translation":{"text":"and not","language_name":"english","language_id":38},"transliteration":{"text":"walā","language_name":"english","language_id":38}},{"id":2601,"position":9,"audio_url":"wbw/072_003_009.mp3","qpc_uthmani_hafs":"وَلَدٗا","char_type_name":"word","page_number":572,"line_number":5,"text":"ﭲ","translation":{"text":"a son","language_name":"english","language_id":38},"transliteration":{"text":"waladan","language_name":"english","language_id":38}},{"id":2602,"position":10,"audio_url":null,"qpc_uthmani_hafs":"٣","char_type_name":"end","page_number":572,"line_number":5,"text":"ﭳ","translation":{"text":"(3)","language_name":"english","language_id":38},"transliteration":{"text":null,"language_name":"english","language_id":38}}],"translations":[{"id":921879,"resource_id":134,"text":"dan bahwasanya Maha Tinggi kebesaran Tuhan kami, Dia tidak beristri dan tidak (pula) beranak."}]},{"id":5451,"verse_number":4,"verse_key":"72:4","juz_number":29,"hizb_number":58,"rub_el_hizb_number":229,"ruku_number":508,"manzil_number":7,"sajdah_number":null,"text_uthmani":"وَأَنَّهُۥ كَانَ يَقُولُ سَفِيهُنَا عَلَى ٱللَّهِ شَطَطًا","page_number":572,"words":[{"id":4026,"position":1,"audio_url":"wbw/072_004_001.mp3","qpc_uthmani_hafs":"وَأَنَّهُۥ","char_type_name":"word","page_number":572,"line_number":5,"text":"ﭴ","translation":{"text":"And that he","language_name":"english","language_id":38},"transliteration":{"text":"wa-annahu","language_name":"english","language_id":38}},{"id":4027,"position":2,"audio_url":"wbw/072_004_002.mp3","qpc_uthmani_hafs":"كَانَ","char_type_name":"word","page_number":572,"line_number":5,"text":"ﭵ","translation":{"text":"used to","language_name":"english","language_id":38},"transliteration":{"text":"kāna","language_name":"english","language_id":38}},{"id":4028,"position":3,"audio_url":"wbw/072_004_003.mp3","qpc_uthmani_hafs":"يَقُولُ","char_type_name":"word","page_number":572,"line_number":6,"text":"ﭶ","translation":{"text":"speak ","language_name":"english","language_id":38},"transliteration":{"text":"yaqūlu","language_name":"english","language_id":38}},{"id":4029,"position":4,"audio_url":"wbw/072_004_004.mp3","qpc_uthmani_hafs":"سَفِيهُنَا","char_type_name":"word","page_number":572,"line_number":6,"text":"ﭷ","translation":{"text":"the foolish among us","language_name":"english","language_id":38},"transliteration":{"text":"safīhunā","language_name":"english","language_id":38}},{"id":4030,"position":5,"audio_url":"wbw/072_004_005.mp3","qpc_uthmani_hafs":"عَلَى","char_type_name":"word","page_number":572,"line_number":6,"text":"ﭸ","translation":{"text":"against","language_name":"english","language_id":38},"transliteration":{"text":"ʿalā","language_name":"english","language_id":38}},{"id":4031,"position":6,"audio_url":"wbw/072_004_006.mp3","qpc_uthmani_hafs":"ٱللَّهِ","char_type_name":"word","page_number":572,"line_number":6,"text":"ﭹ","translation":{"text":"Allah","language_name":"english","language_id":38},"transliteration":{"text":"l-lahi","language_name":"english","language_id":38}},{"id":4032,"position":7,"audio_url":"wbw/072_004_007.mp3","qpc_uthmani_hafs":"شَطَطٗا","char_type_name":"word","page_number":572,"line_number":6,"text":"ﭺ","translation":{"text":"an excessive transgression","language_name":"english","language_id":38},"transliteration":{"text":"shaṭaṭan","language_name":"english","language_id":38}},{"id":4033,"position":8,"audio_url":null,"qpc_uthmani_hafs":"٤","char_type_name":"end","page_number":572,"line_number":6,"text":"ﭻ","translation":{"text":"(4)","language_name":"english","language_id":38},"transliteration":{"text":null,"language_name":"english","language_id":38}}],"translations":[{"id":921880,"resource_id":134,"text":"Dan bahwasanya orang yang kurang akal dari kami selalu mengatakan (perkataan) yang melampaui batas terhadap Allah,<sup foot_note=211292>1</sup>"}]},{"id":5452,"verse_number":5,"verse_key":"72:5","juz_number":29,"hizb_number":58,"rub_el_hizb_number":229,"ruku_number":508,"manzil_number":7,"sajdah_number":null,"text_uthmani":"وَأَنَّا ظَنَنَّآ أَن لَّن تَقُولَ ٱلْإِنسُ وَٱلْجِنُّ عَلَى ٱللَّهِ كَذِبًا","page_number":572,"words":[{"id":5314,"position":1,"audio_url":"wbw/072_005_001.mp3","qpc_uthmani_hafs":"وَأَنَّا","char_type_name":"word","page_number":572,"line_number":6,"text":"ﭼ","translation":{"text":"And that we","language_name":"english","language_id":38},"transliteration":{"text":"wa-annā","language_name":"english","language_id":38}},{"id":5315,"position":2,"audio_url":"wbw/072_005_002.mp3","qpc_uthmani_hafs":"ظَنَنَّآ","char_type_name":"word","page_number":572,"line_number":6,"text":"ﭽ","translation":{"text":"thought","language_name":"english","language_id":38},"transliteration":{"text":"ẓanannā","language_name":"english","language_id":38}},{"id":5316,"position":3,"audio_url":"wbw/072_005_003.mp3","qpc_uthmani_hafs":"أَن","char_type_name":"word","page_number":572,"line_number":6,"text":"ﭾ","translation":{"text":"that","language_name":"english","language_id":38},"transliteration":{"text":"an","language_name":"english","language_id":38}},{"id":5317,"position":4,"audio_url":"wbw/072_005_004.mp3","qpc_uthmani_hafs":"لَّن","char_type_name":"word","page_number":572,"line_number":6,"text":"ﭿ","translation":{"text":"never","language_name":"english","language_id":38},"transliteration":{"text":"lan","language_name":"english","language_id":38}},{"id":5318,"position":5,"audio_url":"wbw/072_005_005.mp3","qpc_uthmani_hafs":"تَقُولَ","char_type_name":"word","page_number":572,"line_number":6,"text":"ﮀ","translation":{"text":"will say","language_name":"english","language_id":38},"transliteration":{"text":"taqūla","language_name":"english","language_id":38}},{"id":5319,"position":6,"audio_url":"wbw/072_005_006.mp3","qpc_uthmani_hafs":"ٱلۡإِنسُ","char_type_name":"word","page_number":572,"line_number":6,"text":"ﮁ","translation":{"text":"the men","language_name":"english","language_id":38},"transliteration":{"text":"l-insu","language_name":"english","language_id":38}},{"id":5320,"position":7,"audio_url":"wbw/072_005_007.mp3","qpc_uthmani_hafs":"وَٱلۡجِنُّ","char_type_name":"word","page_number":572,"line_number":7,"text":"ﮂ","translation":{"text":"and the jinn","language_name":"english","language_id":38},"transliteration":{"text":"wal-jinu","language_name":"english","language_id":38}},{"id":5321,"position":8,"audio_url":"wbw/072_005_008.mp3","qpc_uthmani_hafs":"عَلَى","char_type_name":"word","page_number":572,"line_number":7,"text":"ﮃ","translation":{"text":"against","language_name":"english","language_id":38},"transliteration":{"text":"ʿalā","language_name":"english","language_id":38}},{"id":5322,"position":9,"audio_url":"wbw/072_005_009.mp3","qpc_uthmani_hafs":"ٱللَّهِ","char_type_name":"word","page_number":572,"line_number":7,"text":"ﮄ","translation":{"text":"Allah","language_name":"english","language_id":38},"transliteration":{"text":"l-lahi","language_name":"english","language_id":38}},{"id":5323,"position":10,"audio_url":"wbw/072_005_010.mp3","qpc_uthmani_hafs":"كَذِبٗا","char_type_name":"word","page_number":572,"line_number":7,"text":"ﮅ","translation":{"text":"any lie","language_name":"english","language_id":38},"transliteration":{"text":"kadhiban","language_name":"english","language_id":38}},{"id":5324,"position":11,"audio_url":null,"qpc_uthmani_hafs":"٥","char_type_name":"end","page_number":572,"line_number":7,"text":"ﮆ","translation":{"text":"(5)","language_name":"english","language_id":38},"transliteration":{"text":null,"language_name":"english","language_id":38}}],"translations":[{"id":921881,"resource_id":134,"text":"dan sesungguhnya kami mengira bahwa manusia dan jin sekali-kali tidak akan mengatakan perkataan yang dusta terhadap Allah."}]},{"id":5453,"verse_number":6,"verse_key":"72:6","juz_number":29,"hizb_number":58,"rub_el_hizb_number":229,"ruku_number":508,"manzil_number":7,"sajdah_number":null,"text_uthmani":"وَأَنَّهُۥ كَانَ رِجَالٌ مِّنَ ٱلْإِنسِ يَعُوذُونَ بِرِجَالٍ مِّنَ ٱلْجِنِّ فَزَادُوهُمْ رَهَقًا","page_number":572,"words":[{"id":6515,"position":1,"audio_url":"wbw/072_006_001.mp3","qpc_uthmani_hafs":"وَأَنَّهُۥ","char_type_name":"word","page_number":572,"line_number":7,"text":"ﮇ","translation":{"text":"And that","language_name":"english","language_id":38},"transliteration":{"text":"wa-annahu","language_name":"english","language_id":38}},{"id":6516,"position":2,"audio_url":"wbw/072_006_002.mp3","qpc_uthmani_hafs":"كَانَ","char_type_name":"word","page_number":572,"line_number":7,"text":"ﮈ","translation":{"text":"(there) were","language_name":"english","language_id":38},"transliteration":{"text":"kāna","language_name":"english","language_id":38}},{"id":6517,"position":3,"audio_url":"wbw/072_006_003.mp3","qpc_uthmani_hafs":"رِجَالٞ","char_type_name":"word","page_number":572,"line_number":7,"text":"ﮉ","translation":{"text":"men","language_name":"english","language_id":38},"transliteration":{"text":"rijālun","language_name":"english","language_id":38}},{"id":6518,"position":4,"audio_url":"wbw/072_006_004.mp3","qpc_uthmani_hafs":"مِّنَ","char_type_name":"word","page_number":572,"line_number":7,"text":"ﮊ","translation":{"text":"among","language_name":"english","language_id":38},"transliteration":{"text":"mina","language_name":"english","language_id":38}},{"id":6519,"position":5,"audio_url":"wbw/072_006_005.mp3","qpc_uthmani_hafs":"ٱلۡإِنسِ","char_type_name":"word","page_number":572,"line_number":7,"text":"ﮋ","translation":{"text":"mankind","language_name":"english","language_id":38},"transliteration":{"text":"l-insi","language_name":"english","language_id":38}},{"id":6520,"position":6,"audio_url":"wbw/072_006_006.mp3","qpc_uthmani_hafs":"يَعُوذُونَ","char_type_name":"word","page_number":572,"line_number":7,"text":"ﮌ","translation":{"text":"who sought refuge","language_name":"english","language_id":38},"transliteration":{"text":"yaʿūdhūna","language_name":"english","language_id":38}},{"id":6521,"position":7,"audio_url":"wbw/072_006_007.mp3","qpc_uthmani_hafs":"بِرِجَالٖ","char_type_name":"word","page_number":572,"line_number":7,"text":"ﮍ","translation":{"text":"in (the) men","language_name":"english","language_id":38},"transliteration":{"text":"birijālin","language_name":"english","language_id":38}},{"id":6522,"position":8,"audio_url":"wbw/072_006_008.mp3","qpc_uthmani_hafs":"مِّنَ","char_type_name":"word","page_number":572,"line_number":8,"text":"ﮎ","translation":{"text":"from","language_name":"english","language_id":38},"transliteration":{"text":"mina","language_name":"english","language_id":38}},{"id":6523,"position":9,"audio_url":"wbw/072_006_009.mp3","qpc_uthmani_hafs":"ٱلۡجِنِّ","char_type_name":"word","page_number":572,"line_number":8,"text":"ﮏ","translation":{"text":"the jinn","language_name":"english","language_id":38},"transliteration":{"text":"l-jini","language_name":"english","language_id":38}},{"id":6524,"position":10,"audio_url":"wbw/072_006_010.mp3","qpc_uthmani_hafs":"فَزَادُوهُمۡ","char_type_name":"word","page_number":572,"line_number":8,"text":"ﮐ","translation":{"text":"so they increased them","language_name":"english","language_id":38},"transliteration":{"text":"fazādūhum","language_name":"english","language_id":38}},{"id":6525,"position":11,"audio_url":"wbw/072_006_011.mp3","qpc_uthmani_hafs":"رَهَقٗا","char_type_name":"word","page_number":572,"line_number":8,"text":"ﮑ","translation":{"text":"(in) burden","language_name":"english","language_id":38},"transliteration":{"text":"rahaqan","language_name":"english","language_id":38}},{"id":6526,"position":12,"audio_url":null,"qpc_uthmani_hafs":"٦","char_type_name":"end","page_number":572,"line_number":8,"text":"ﮒ","translation":{"text":"(6)","language_name":"english","language_id":38},"transliteration":{"text":null,"language_name":"english","language_id":38}}],"translations":[{"id":921882,"resource_id":134,"text":"Dan bahwasanya ada beberapa orang laki-laki di antara manusia meminta perlindungan kepada beberapa laki-laki di antara jin, maka jin-jin itu menambah bagi mereka dosa dan kesalahan.<sup foot_note=211293>1</sup>"}]},{"id":5454,"verse_number":7,"verse_key":"72:7","juz_number":29,"hizb_number":58,"rub_el_hizb_number":229,"ruku_number":508,"manzil_number":7,"sajdah_number":null,"text_uthmani":"وَأَنَّهُمْ ظَنُّوا۟ كَمَا ظَنَنتُمْ أَن لَّن يَبْعَثَ ٱللَّهُ أَحَدًا","page_number":572,"words":[{"id":7930,"position":1,"audio_url":"wbw/072_007_001.mp3","qpc_uthmani_hafs":"وَأَنَّهُمۡ","char_type_name":"word","page_number":572,"line_number":8,"text":"ﮓ","translation":{"text":"And that they","language_name":"english","language_id":38},"transliteration":{"text":"wa-annahum","language_name":"english","language_id":38}},{"id":7931,"position":2,"audio_url":"wbw/072_007_002.mp3","qpc_uthmani_hafs":"ظَنُّواْ","char_type_name":"word","page_number":572,"line_number":8,"text":"ﮔ","translation":{"text":"thought","language_name":"english","language_id":38},"transliteration":{"text":"ẓannū","language_name":"english","language_id":38}},{"id":7932,"position":3,"audio_url":"wbw/072_007_003.mp3","qpc_uthmani_hafs":"كَمَا","char_type_name":"word","page_number":572,"line_number":8,"text":"ﮕ","translation":{"text":"as","language_name":"english","language_id":38},"transliteration":{"text":"kamā","language_name":"english","language_id":38}},{"id":7933,"position":4,"audio_url":"wbw/072_007_004.mp3","qpc_uthmani_hafs":"ظَنَنتُمۡ","char_type_name":"word","page_number":572,"line_number":8,"text":"ﮖ","translation":{"text":"you thought","language_name":"english","language_id":38},"transliteration":{"text":"ẓanantum","language_name":"english","language_id":38}},{"id":7934,"position":5,"audio_url":"wbw/072_007_005.mp3","qpc_uthmani_hafs":"أَن","char_type_name":"word","page_number":572,"line_number":8,"text":"ﮗ","translation":{"text":"that","language_name":"english","language_id":38},"transliteration":{"text":"an","language_name":"english","language_id":38}},{"id":7935,"position":6,"audio_url":"wbw/072_007_006.mp3","qpc_uthmani_hafs":"لَّن","char_type_name":"word","page_number":572,"line_number":8,"text":"ﮘ","translation":{"text":"never","language_name":"english","language_id":38},"transliteration":{"text":"lan","language_name":"english","language_id":38}},{"id":7936,"position":7,"audio_url":"wbw/072_007_007.mp3","qpc_uthmani_hafs":"يَبۡعَثَ","char_type_name":"word","page_number":572,"line_number":8,"text":"ﮙ","translation":{"text":"will raise","language_name":"english","language_id":38},"transliteration":{"text":"yabʿatha","language_name":"english","language_id":38}},{"id":7937,"position":8,"audio_url":"wbw/072_007_008.mp3","qpc_uthmani_hafs":"ٱللَّهُ","char_type_name":"word","page_number":572,"line_number":9,"text":"ﮚ","translation":{"text":"Allah","language_name":"english","language_id":38},"transliteration":{"text":"l-lahu","language_name":"english","language_id":38}},{"id":7938,"position":9,"audio_url":"wbw/072_007_009.mp3","qpc_uthmani_hafs":"أَحَدٗا","char_type_name":"word","page_number":572,"line_number":9,"text":"ﮛ","translation":{"text":"anyone","language_name":"english","language_id":38},"transliteration":{"text":"aḥadan","language_name":"english","language_id":38}},{"id":7939,"position":10,"audio_url":null,"qpc_uthmani_hafs":"٧","char_type_name":"end","page_number":572,"line_number":9,"text":"ﮜ","translation":{"text":"(7)","language_name":"english","language_id":38},"transliteration":{"text":null,"language_name":"english","language_id":38}}],"translations":[{"id":921883,"resource_id":134,"text":"Dan sesungguhnya mereka (jin) menyangka sebagaimana persangkaan kamu (orang-orang kafir Mekah), bahwa Allah sekali-kali tidak akan membangkitkan seorang (rasul) pun,"}]},{"id":5455,"verse_number":8,"verse_key":"72:8","juz_number":29,"hizb_number":58,"rub_el_hizb_number":229,"ruku_number":508,"manzil_number":7,"sajdah_number":null,"text_uthmani":"وَأَنَّا لَمَسْنَا ٱلسَّمَآءَ فَوَجَدْنَـٰهَا مُلِئَتْ حَرَسًا شَدِيدًا وَشُهُبًا","page_number":572,"words":[{"id":9097,"position":1,"audio_url":"wbw/072_008_001.mp3","qpc_uthmani_hafs":"وَأَنَّا","char_type_name":"word","page_number":572,"line_number":9,"text":"ﮝ","translation":{"text":"And that we","language_name":"english","language_id":38},"transliteration":{"text":"wa-annā","language_name":"english","language_id":38}},{"id":9098,"position":2,"audio_url":"wbw/072_008_002.mp3","qpc_uthmani_hafs":"لَمَسۡنَا","char_type_name":"word","page_number":572,"line_number":9,"text":"ﮞ","translation":{"text":"sought to touch","language_name":"english","language_id":38},"transliteration":{"text":"lamasnā","language_name":"english","language_id":38}},{"id":9099,"position":3,"audio_url":"wbw/072_008_003.mp3","qpc_uthmani_hafs":"ٱلسَّمَآءَ","char_type_name":"word","page_number":572,"line_number":9,"text":"ﮟ","translation":{"text":"the heaven","language_name":"english","language_id":38},"transliteration":{"text":"l-samāa","language_name":"english","language_id":38}},{"id":9100,"position":4,"audio_url":"wbw/072_008_004.mp3","qpc_uthmani_hafs":"فَوَجَدۡنَٰهَا","char_type_name":"word","page_number":572,"line_number":9,"text":"ﮠ","translation":{"text":"but we found it","language_name":"english","language_id":38},"transliteration":{"text":"fawajadnāhā","language_name":"english","language_id":38}},{"id":9101,"position":5,"audio_url":"wbw/072_008_005.mp3","qpc_uthmani_hafs":"مُلِئَتۡ","char_type_name":"word","page_number":572,"line_number":9,"text":"ﮡ","translation":{"text":"filled (with)","language_name":"english","language_id":38},"transliteration":{"text":"muli-at","language_name":"english","language_id":38}},{"id":9102,"position":6,"audio_url":"wbw/072_008_006.mp3","qpc_uthmani_hafs":"حَرَسٗا","char_type_name":"word","page_number":572,"line_number":9,"text":"ﮢ","translation":{"text":"guards","language_name":"english","language_id":38},"transliteration":{"text":"ḥarasan","language_name":"english","language_id":38}},{"id":9103,"position":7,"audio_url":"wbw/072_008_007.mp3","qpc_uthmani_hafs":"شَدِيدٗا","char_type_name":"word","page_number":572,"line_number":10,"text":"ﮣ","translation":{"text":"severe","language_name":"english","language_id":38},"transliteration":{"text":"shadīdan","language_name":"english","language_id":38}},{"id":9104,"position":8,"audio_url":"wbw/072_008_008.mp3","qpc_uthmani_hafs":"وَشُهُبٗا","char_type_name":"word","page_number":572,"line_number":10,"text":"ﮤ","translation":{"text":"and flaming fires","language_name":"english","language_id":38},"transliteration":{"text":"washuhuban","language_name":"english","language_id":38}},{"id":9105,"position":9,"audio_url":null,"qpc_uthmani_hafs":"٨","char_type_name":"end","page_number":572,"line_number":10,"text":"ﮥ","translation":{"text":"(8)","language_name":"english","language_id":38},"transliteration":{"text":null,"language_name":"english","language_id":38}}],"translations":[{"id":921884,"resource_id":134,"text":"dan sesungguhnya kami telah mencoba mengetahui (rahasia) langit, maka kami mendapatinya penuh dengan penjagaan yang kuat dan panah-panah api,"}]},{"id":5456,"verse_number":9,"verse_key":"72:9","juz_number":29,"hizb_number":58,"rub_el_hizb_number":229,"ruku_number":508,"manzil_number":7,"sajdah_number":null,"text_uthmani":"وَأَنَّا كُنَّا نَقْعُدُ مِنْهَا مَقَـٰعِدَ لِلسَّمْعِ ۖ فَمَن يَسْتَمِعِ ٱلْـَٔانَ يَجِدْ لَهُۥ شِهَابًا رَّصَدًا","page_number":572,"words":[{"id":10313,"position":1,"audio_url":"wbw/072_009_001.mp3","qpc_uthmani_hafs":"وَأَنَّا","char_type_name":"word","page_number":572,"line_number":10,"text":"ﮦ","translation":{"text":"And that we","language_name":"english","language_id":38},"transliteration":{"text":"wa-annā","language_name":"english","language_id":38}},{"id":10314,"position":2,"audio_url":"wbw/072_009_002.mp3","qpc_uthmani_hafs":"كُنَّا","char_type_name":"word","page_number":572,"line_number":10,"text":"ﮧ","translation":{"text":"used to","language_name":"english","language_id":38},"transliteration":{"text":"kunnā","language_name":"english","language_id":38}},{"id":10315,"position":3,"audio_url":"wbw/072_009_003.mp3","qpc_uthmani_hafs":"نَقۡعُدُ","char_type_name":"word","page_number":572,"line_number":10,"text":"ﮨ","translation":{"text":"sit","language_name":"english","language_id":38},"transliteration":{"text":"naqʿudu","language_name":"english","language_id":38}},{"id":10316,"position":4,"audio_url":"wbw/072_009_004.mp3","qpc_uthmani_hafs":"مِنۡهَا","char_type_name":"word","page_number":572,"line_number":10,"text":"ﮩ","translation":{"text":"there in","language_name":"english","language_id":38},"transliteration":{"text":"min'hā","language_name":"english","language_id":38}},{"id":10317,"position":5,"audio_url":"wbw/072_009_005.mp3","qpc_uthmani_hafs":"مَقَٰعِدَ","char_type_name":"word","page_number":572,"line_number":10,"text":"ﮪ","translation":{"text":"positions","language_name":"english","language_id":38},"transliteration":{"text":"maqāʿida","language_name":"english","language_id":38}},{"id":10318,"position":6,"audio_url":"wbw/072_009_006.mp3","qpc_uthmani_hafs":"لِلسَّمۡعِۖ","char_type_name":"word","page_number":572,"line_number":10,"text":"ﮫﮬ","translation":{"text":"for hearing","language_name":"english","language_id":38},"transliteration":{"text":"lilssamʿi","language_name":"english","language_id":38}},{"id":10320,"position":7,"audio_url":"wbw/072_009_008.mp3","qpc_uthmani_hafs":"فَمَن","char_type_name":"word","page_number":572,"line_number":10,"text":"ﮭ","translation":{"text":"but (he) who","language_name":"english","language_id":38},"transliteration":{"text":"faman","language_name":"english","language_id":38}},{"id":10321,"position":8,"audio_url":"wbw/072_009_009.mp3","qpc_uthmani_hafs":"يَسۡتَمِعِ","char_type_name":"word","page_number":572,"line_number":11,"text":"ﮮ","translation":{"text":"listens","language_name":"english","language_id":38},"transliteration":{"text":"yastamiʿi","language_name":"english","language_id":38}},{"id":10322,"position":9,"audio_url":"wbw/072_009_010.mp3","qpc_uthmani_hafs":"ٱلۡأٓنَ","char_type_name":"word","page_number":572,"line_number":11,"text":"ﮯ","translation":{"text":"now","language_name":"english","language_id":38},"transliteration":{"text":"l-āna","language_name":"english","language_id":38}},{"id":10323,"position":10,"audio_url":"wbw/072_009_011.mp3","qpc_uthmani_hafs":"يَجِدۡ","char_type_name":"word","page_number":572,"line_number":11,"text":"ﮰ","translation":{"text":"will find","language_name":"english","language_id":38},"transliteration":{"text":"yajid","language_name":"english","language_id":38}},{"id":10324,"position":11,"audio_url":"wbw/072_009_012.mp3","qpc_uthmani_hafs":"لَهُۥ","char_type_name":"word","page_number":572,"line_number":11,"text":"ﮱ","translation":{"text":"for him","language_name":"english","language_id":38},"transliteration":{"text":"lahu","language_name":"english","language_id":38}},{"id":10325,"position":12,"audio_url":"wbw/072_009_013.mp3","qpc_uthmani_hafs":"شِهَابٗا","char_type_name":"word","page_number":572,"line_number":11,"text":"ﯓ","translation":{"text":"a flaming fire","language_name":"english","language_id":38},"transliteration":{"text":"shihāban","language_name":"english","language_id":38}},{"id":10326,"position":13,"audio_url":"wbw/072_009_014.mp3","qpc_uthmani_hafs":"رَّصَدٗا","char_type_name":"word","page_number":572,"line_number":11,"text":"ﯔ","translation":{"text":"waiting","language_name":"english","language_id":38},"transliteration":{"text":"raṣadan","language_name":"english","language_id":38}},{"id":10327,"position":14,"audio_url":null,"qpc_uthmani_hafs":"٩","char_type_name":"end","page_number":572,"line_number":11,"text":"ﯕ","translation":{"text":"(9)","language_name":"english","language_id":38},"transliteration":{"text":null,"language_name":"english","language_id":38}}],"translations":[{"id":921885,"resource_id":134,"text":"dan sesungguhnya kami dahulu dapat menduduki beberapa tempat di langit itu untuk mendengar-dengarkan (berita-beritanya).  Tetapi sekarang<sup foot_note=211294>1</sup> barang siapa yang (mencoba) mendengar-dengarkan (seperti itu), tentu akan menjumpai panah api yang mengintai (untuk membakarnya)."}]},{"id":5457,"verse_number":10,"verse_key":"72:10","juz_number":29,"hizb_number":58,"rub_el_hizb_number":229,"ruku_number":508,"manzil_number":7,"sajdah_number":null,"text_uthmani":"وَأَنَّا لَا نَدْرِىٓ أَشَرٌّ أُرِيدَ بِمَن فِى ٱلْأَرْضِ أَمْ أَرَادَ بِهِمْ رَبُّهُمْ رَشَدًا","page_number":572,"words":[{"id":11542,"position":1,"audio_url":"wbw/072_010_001.mp3","qpc_uthmani_hafs":"وَأَنَّا","char_type_name":"word","page_number":572,"line_number":11,"text":"ﯖ","translation":{"text":"And that we ","language_name":"english","language_id":38},"transliteration":{"text":"wa-annā","language_name":"english","language_id":38}},{"id":11543,"position":2,"audio_url":"wbw/072_010_002.mp3","qpc_uthmani_hafs":"لَا","char_type_name":"word","page_number":572,"line_number":11,"text":"ﯗ","translation":{"text":"not","language_name":"english","language_id":38},"transliteration":{"text":"lā","language_name":"english","language_id":38}},{"id":11544,"position":3,"audio_url":"wbw/072_010_003.mp3","qpc_uthmani_hafs":"نَدۡرِيٓ","char_type_name":"word","page_number":572,"line_number":11,"text":"ﯘ","translation":{"text":"we know","language_name":"english","language_id":38},"transliteration":{"text":"nadrī","language_name":"english","language_id":38}},{"id":11545,"position":4,"audio_url":"wbw/072_010_004.mp3","qpc_uthmani_hafs":"أَشَرٌّ","char_type_name":"word","page_number":572,"line_number":11,"text":"ﯙ","translation":{"text":"whether evil","language_name":"english","language_id":38},"transliteration":{"text":"asharrun","language_name":"english","language_id":38}},{"id":11546,"position":5,"audio_url":"wbw/072_010_005.mp3","qpc_uthmani_hafs":"أُرِيدَ","char_type_name":"word","page_number":572,"line_number":11,"text":"ﯚ","translation":{"text":"is intended","language_name":"english","language_id":38},"transliteration":{"text":"urīda","language_name":"english","language_id":38}},{"id":11547,"position":6,"audio_url":"wbw/072_010_006.mp3","qpc_uthmani_hafs":"بِمَن","char_type_name":"word","page_number":572,"line_number":12,"text":"ﯛ","translation":{"text":"for (those) who","language_name":"english","language_id":38},"transliteration":{"text":"biman","language_name":"english","language_id":38}},{"id":11548,"position":7,"audio_url":"wbw/072_010_007.mp3","qpc_uthmani_hafs":"فِي","char_type_name":"word","page_number":572,"line_number":12,"text":"ﯜ","translation":{"text":"(are) in","language_name":"english","language_id":38},"transliteration":{"text":"fī","language_name":"english","language_id":38}},{"id":11549,"position":8,"audio_url":"wbw/072_010_008.mp3","qpc_uthmani_hafs":"ٱلۡأَرۡضِ","char_type_name":"word","page_number":572,"line_number":12,"text":"ﯝ","translation":{"text":"the earth","language_name":"english","language_id":38},"transliteration":{"text":"l-arḍi","language_name":"english","language_id":38}},{"id":11550,"position":9,"audio_url":"wbw/072_010_009.mp3","qpc_uthmani_hafs":"أَمۡ","char_type_name":"word","page_number":572,"line_number":12,"text":"ﯞ","translation":{"text":"or","language_name":"english","language_id":38},"transliteration":{"text":"am","language_name":"english","language_id":38}},{"id":11551,"position":10,"audio_url":"wbw/072_010_010.mp3","qpc_uthmani_hafs":"أَرَادَ","char_type_name":"word","page_number":572,"line_number":12,"text":"ﯟ","translation":{"text":"intends","language_name":"english","language_id":38},"transliteration":{"text":"arāda","language_name":"english","language_id":38}},{"id":11552,"position":11,"audio_url":"wbw/072_010_011.mp3","qpc_uthmani_hafs":"بِهِمۡ","char_type_name":"word","page_number":572,"line_number":12,"text":"ﯠ","translation":{"text":"for them","language_name":"english","language_id":38},"transliteration":{"text":"bihim","language_name":"english","language_id":38}},{"id":11553,"position":12,"audio_url":"wbw/072_010_012.mp3","qpc_uthmani_hafs":"رَبُّهُمۡ","char_type_name":"word","page_number":572,"line_number":12,"text":"ﯡ","translation":{"text":"their Lord","language_name":"english","language_id":38},"transliteration":{"text":"rabbuhum","language_name":"english","language_id":38}},{"id":11554,"position":13,"audio_url":"wbw/072_010_013.mp3","qpc_uthmani_hafs":"رَشَدٗا","char_type_name":"word","page_number":572,"line_number":12,"text":"ﯢ","translation":{"text":"a right path","language_name":"english","language_id":38},"transliteration":{"text":"rashadan","language_name":"english","language_id":38}},{"id":11555,"position":14,"audio_url":null,"qpc_uthmani_hafs":"١٠","char_type_name":"end","page_number":572,"line_number":12,"text":"ﯣ","translation":{"text":"(10)","language_name":"english","language_id":38},"transliteration":{"text":null,"language_name":"english","language_id":38}}],"translations":[{"id":921886,"resource_id":134,"text":"Dan sesungguhnya kami tidak mengetahui (dengan adanya penjagaan itu), apakah keburukan yang dikehendaki bagi orang yang di bumi ataukah Tuhan mereka menghendaki kebaikan bagi mereka."}]},{"id":5458,"verse_number":11,"verse_key":"72:11","juz_number":29,"hizb_number":58,"rub_el_hizb_number":229,"ruku_number":508,"manzil_number":7,"sajdah_number":null,"text_uthmani":"وَأَنَّا مِنَّا ٱلصَّـٰلِحُونَ وَمِنَّا دُونَ ذَٰلِكَ ۖ كُنَّا طَرَآئِقَ قِدَدًا","page_number":572,"words":[{"id":12859,"position":1,"audio_url":"wbw/072_011_001.mp3","qpc_uthmani_hafs":"وَأَنَّا","char_type_name":"word","page_number":572,"line_number":12,"text":"ﯤ","translation":{"text":"And that [we]","language_name":"english","language_id":38},"transliteration":{"text":"wa-annā","language_name":"english","language_id":38}},{"id":12860,"position":2,"audio_url":"wbw/072_011_002.mp3","qpc_uthmani_hafs":"مِنَّا","char_type_name":"word","page_number":572,"line_number":12,"text":"ﯥ","translation":{"text":"among us","language_name":"english","language_id":38},"transliteration":{"text":"minnā","language_name":"english","language_id":38}},{"id":12861,"position":3,"audio_url":"wbw/072_011_003.mp3","qpc_uthmani_hafs":"ٱلصَّٰلِحُونَ","char_type_name":"word","page_number":572,"line_number":12,"text":"ﯦ","translation":{"text":"(are) the righteous","language_name":"english","language_id":38},"transliteration":{"text":"l-ṣāliḥūna","language_name":"english","language_id":38}},{"id":12862,"position":4,"audio_url":"wbw/072_011_004.mp3","qpc_uthmani_hafs":"وَمِنَّا","char_type_name":"word","page_number":572,"line_number":13,"text":"ﯧ","translation":{"text":"and among us","language_name":"english","language_id":38},"transliteration":{"text":"waminnā","language_name":"english","language_id":38}},{"id":12863,"position":5,"audio_url":"wbw/072_011_005.mp3","qpc_uthmani_hafs":"دُونَ","char_type_name":"word","page_number":572,"line_number":13,"text":"ﯨ","translation":{"text":"(are) other than","language_name":"english","language_id":38},"transliteration":{"text":"dūna","language_name":"english","language_id":38}},{"id":12864,"position":6,"audio_url":"wbw/072_011_006.mp3","qpc_uthmani_hafs":"ذَٰلِكَۖ","char_type_name":"word","page_number":572,"line_number":13,"text":"ﯩﯪ","translation":{"text":"that","language_name":"english","language_id":38},"transliteration":{"text":"dhālika","language_name":"english","language_id":38}},{"id":12866,"position":7,"audio_url":"wbw/072_011_008.mp3","qpc_uthmani_hafs":"كُنَّا","char_type_name":"word","page_number":572,"line_number":13,"text":"ﯫ","translation":{"text":"We","language_name":"english","language_id":38},"transliteration":{"text":"kunnā","language_name":"english","language_id":38}},{"id":12867,"position":8,"audio_url":"wbw/072_011_009.mp3","qpc_uthmani_hafs":"طَرَآئِقَ","char_type_name":"word","page_number":572,"line_number":13,"text":"ﯬ","translation":{"text":"(are on) ways","language_name":"english","language_id":38},"transliteration":{"text":"ṭarāiqa","language_name":"english","language_id":38}},{"id":12868,"position":9,"audio_url":"wbw/072_011_010.mp3","qpc_uthmani_hafs":"قِدَدٗا","char_type_name":"word","page_number":572,"line_number":13,"text":"ﯭ","translation":{"text":"different","language_name":"english","language_id":38},"transliteration":{"text":"qidadan","language_name":"english","language_id":38}},{"id":12869,"position":10,"audio_url":null,"qpc_uthmani_hafs":"١١","char_type_name":"end","page_number":572,"line_number":13,"text":"ﯮ","translation":{"text":"(11)","language_name":"english","language_id":38},"transliteration":{"text":null,"language_name":"english","language_id":38}}],"translations":[{"id":921887,"resource_id":134,"text":"Dan sesungguhnya di antara kami ada orang-orang yang saleh dan di antara kami ada (pula) yang tidak demikian halnya.  Adalah kami menempuh jalan yang berbeda-beda."}]},{"id":5459,"verse_number":12,"verse_key":"72:12","juz_number":29,"hizb_number":58,"rub_el_hizb_number":229,"ruku_number":508,"manzil_number":7,"sajdah_number":null,"text_uthmani":"وَأَنَّا ظَنَنَّآ أَن لَّن نُّعْجِزَ ٱللَّهَ فِى ٱلْأَرْضِ وَلَن نُّعْجِزَهُۥ هَرَبًا","page_number":572,"words":[{"id":14114,"position":1,"audio_url":"wbw/072_012_001.mp3","qpc_uthmani_hafs":"وَأَنَّا","char_type_name":"word","page_number":572,"line_number":13,"text":"ﯯ","translation":{"text":"And that we","language_name":"english","language_id":38},"transliteration":{"text":"wa-annā","language_name":"english","language_id":38}},{"id":14115,"position":2,"audio_url":"wbw/072_012_002.mp3","qpc_uthmani_hafs":"ظَنَنَّآ","char_type_name":"word","page_number":572,"line_number":13,"text":"ﯰ","translation":{"text":"[we] have become certain","language_name":"english","language_id":38},"transliteration":{"text":"ẓanannā","language_name":"english","language_id":38}},{"id":14116,"position":3,"audio_url":"wbw/072_012_003.mp3","qpc_uthmani_hafs":"أَن","char_type_name":"word","page_number":572,"line_number":13,"text":"ﯱ","translation":{"text":"that","language_name":"english","language_id":38},"transliteration":{"text":"an","language_name":"english","language_id":38}},{"id":14117,"position":4,"audio_url":"wbw/072_012_004.mp3","qpc_uthmani_hafs":"لَّن","char_type_name":"word","page_number":572,"line_number":13,"text":"ﯲ","translation":{"text":"never","language_name":"english","language_id":38},"transliteration":{"text":"lan","language_name":"english","language_id":38}},{"id":14118,"position":5,"audio_url":"wbw/072_012_005.mp3","qpc_uthmani_hafs":"نُّعۡجِزَ","char_type_name":"word","page_number":572,"line_number":13,"text":"ﯳ","translation":{"text":"we will cause failure","language_name":"english","language_id":38},"transliteration":{"text":"nuʿ'jiza","language_name":"english","language_id":38}},{"id":14119,"position":6,"audio_url":"wbw/072_012_006.mp3","qpc_uthmani_hafs":"ٱللَّهَ","char_type_name":"word","page_number":572,"line_number":14,"text":"ﯴ","translation":{"text":"(to) Allah","language_name":"english","language_id":38},"transliteration":{"text":"l-laha","language_name":"english","language_id":38}},{"id":14120,"position":7,"audio_url":"wbw/072_012_007.mp3","qpc_uthmani_hafs":"فِي","char_type_name":"word","page_number":572,"line_number":14,"text":"ﯵ","translation":{"text":"in","language_name":"english","language_id":38},"transliteration":{"text":"fī","language_name":"english","language_id":38}},{"id":14121,"position":8,"audio_url":"wbw/072_012_008.mp3","qpc_uthmani_hafs":"ٱلۡأَرۡضِ","char_type_name":"word","page_number":572,"line_number":14,"text":"ﯶ","translation":{"text":"the earth","language_name":"english","language_id":38},"transliteration":{"text":"l-arḍi","language_name":"english","language_id":38}},{"id":14122,"position":9,"audio_url":"wbw/072_012_009.mp3","qpc_uthmani_hafs":"وَلَن","char_type_name":"word","page_number":572,"line_number":14,"text":"ﯷ","translation":{"text":"and never","language_name":"english","language_id":38},"transliteration":{"text":"walan","language_name":"english","language_id":38}},{"id":14123,"position":10,"audio_url":"wbw/072_012_010.mp3","qpc_uthmani_hafs":"نُّعۡجِزَهُۥ","char_type_name":"word","page_number":572,"line_number":14,"text":"ﯸ","translation":{"text":"we can escape Him","language_name":"english","language_id":38},"transliteration":{"text":"nuʿ'jizahu","language_name":"english","language_id":38}},{"id":14124,"position":11,"audio_url":"wbw/072_012_011.mp3","qpc_uthmani_hafs":"هَرَبٗا","char_type_name":"word","page_number":572,"line_number":14,"text":"ﯹ","translation":{"text":"(by) flight","language_name":"english","language_id":38},"transliteration":{"text":"haraban","language_name":"english","language_id":38}},{"id":14125,"position":12,"audio_url":null,"qpc_uthmani_hafs":"١٢","char_type_name":"end","page_number":572,"line_number":14,"text":"ﯺ","translation":{"text":"(12)","language_name":"english","language_id":38},"transliteration":{"text":null,"language_name":"english","language_id":38}}],"translations":[{"id":921888,"resource_id":134,"text":"Dan sesungguhnya kami mengetahui bahwa kami sekali-kali tidak akan dapat melepaskan diri (dari kekuasaan) Allah di muka bumi dan sekali-kali tidak (pula) dapat melepaskan diri (dari)-Nya dengan lari."}]},{"id":5460,"verse_number":13,"verse_key":"72:13","juz_number":29,"hizb_number":58,"rub_el_hizb_number":229,"ruku_number":508,"manzil_number":7,"sajdah_number":null,"text_uthmani":"وَأَنَّا لَمَّا سَمِعْنَا ٱلْهُدَىٰٓ ءَامَنَّا بِهِۦ ۖ فَمَن يُؤْمِنۢ بِرَبِّهِۦ فَلَا يَخَافُ بَخْسًا وَلَا رَهَقًا","page_number":572,"words":[{"id":15238,"position":1,"audio_url":"wbw/072_013_001.mp3","qpc_uthmani_hafs":"وَأَنَّا","char_type_name":"word","page_number":572,"line_number":14,"text":"ﯻ","translation":{"text":"And that [we]","language_name":"english","language_id":38},"transliteration":{"text":"wa-annā","language_name":"english","language_id":38}},{"id":15239,"position":2,"audio_url":"wbw/072_013_002.mp3","qpc_uthmani_hafs":"لَمَّا","char_type_name":"word","page_number":572,"line_number":14,"text":"ﯼ","translation":{"text":"when","language_name":"english","language_id":38},"transliteration":{"text":"lammā","language_name":"english","language_id":38}},{"id":15240,"position":3,"audio_url":"wbw/072_013_003.mp3","qpc_uthmani_hafs":"سَمِعۡنَا","char_type_name":"word","page_number":572,"line_number":14,"text":"ﯽ","translation":{"text":"we heard","language_name":"english","language_id":38},"transliteration":{"text":"samiʿ'nā","language_name":"english","language_id":38}},{"id":15241,"position":4,"audio_url":"wbw/072_013_004.mp3","qpc_uthmani_hafs":"ٱلۡهُدَىٰٓ","char_type_name":"word","page_number":572,"line_number":14,"text":"ﯾ","translation":{"text":"the Guidance","language_name":"english","language_id":38},"transliteration":{"text":"l-hudā","language_name":"english","language_id":38}},{"id":15242,"position":5,"audio_url":"wbw/072_013_005.mp3","qpc_uthmani_hafs":"ءَامَنَّا","char_type_name":"word","page_number":572,"line_number":15,"text":"ﯿ","translation":{"text":"we believed","language_name":"english","language_id":38},"transliteration":{"text":"āmannā","language_name":"english","language_id":38}},{"id":15243,"position":6,"audio_url":"wbw/072_013_006.mp3","qpc_uthmani_hafs":"بِهِۦۖ","char_type_name":"word","page_number":572,"line_number":15,"text":"ﰀﰁ","translation":{"text":"in it","language_name":"english","language_id":38},"transliteration":{"text":"bihi","language_name":"english","language_id":38}},{"id":15245,"position":7,"audio_url":"wbw/072_013_008.mp3","qpc_uthmani_hafs":"فَمَن","char_type_name":"word","page_number":572,"line_number":15,"text":"ﰂ","translation":{"text":"And whoever","language_name":"english","language_id":38},"transliteration":{"text":"faman","language_name":"english","language_id":38}},{"id":15246,"position":8,"audio_url":"wbw/072_013_009.mp3","qpc_uthmani_hafs":"يُؤۡمِنۢ","char_type_name":"word","page_number":572,"line_number":15,"text":"ﰃ","translation":{"text":"believes","language_name":"english","language_id":38},"transliteration":{"text":"yu'min","language_name":"english","language_id":38}},{"id":15247,"position":9,"audio_url":"wbw/072_013_010.mp3","qpc_uthmani_hafs":"بِرَبِّهِۦ","char_type_name":"word","page_number":572,"line_number":15,"text":"ﰄ","translation":{"text":"in his Lord","language_name":"english","language_id":38},"transliteration":{"text":"birabbihi","language_name":"english","language_id":38}},{"id":15248,"position":10,"audio_url":"wbw/072_013_011.mp3","qpc_uthmani_hafs":"فَلَا","char_type_name":"word","page_number":572,"line_number":15,"text":"ﰅ","translation":{"text":"then not","language_name":"english","language_id":38},"transliteration":{"text":"falā","language_name":"english","language_id":38}},{"id":15249,"position":11,"audio_url":"wbw/072_013_012.mp3","qpc_uthmani_hafs":"يَخَافُ","char_type_name":"word","page_number":572,"line_number":15,"text":"ﰆ","translation":{"text":"he will fear","language_name":"english","language_id":38},"transliteration":{"text":"yakhāfu","language_name":"english","language_id":38}},{"id":15250,"position":12,"audio_url":"wbw/072_013_013.mp3","qpc_uthmani_hafs":"بَخۡسٗا","char_type_name":"word","page_number":572,"line_number":15,"text":"ﰇ","translation":{"text":"any loss","language_name":"english","language_id":38},"transliteration":{"text":"bakhsan","language_name":"english","language_id":38}},{"id":15251,"position":13,"audio_url":"wbw/072_013_014.mp3","qpc_uthmani_hafs":"وَلَا","char_type_name":"word","page_number":572,"line_number":15,"text":"ﰈ","translation":{"text":"and not","language_name":"english","language_id":38},"transliteration":{"text":"walā","language_name":"english","language_id":38}},{"id":15252,"position":14,"audio_url":"wbw/072_013_015.mp3","qpc_uthmani_hafs":"رَهَقٗا","char_type_name":"word","page_number":572,"line_number":15,"text":"ﰉ","translation":{"text":"any burden","language_name":"english","language_id":38},"transliteration":{"text":"rahaqan","language_name":"english","language_id":38}},{"id":15253,"position":15,"audio_url":null,"qpc_uthmani_hafs":"١٣","char_type_name":"end","page_number":572,"line_number":15,"text":"ﰊ","translation":{"text":"(13)","language_name":"english","language_id":38},"transliteration":{"text":null,"language_name":"english","language_id":38}}],"translations":[{"id":921889,"resource_id":134,"text":"Dan sesungguhnya kami tatkala mendengar petunjuk (Al-Qur`ān), kami beriman kepadanya. Barang siapa beriman kepada Tuhan-nya, maka ia tidak takut akan pengurangan pahala dan tidak (takut pula) akan penambahan dosa dan kesalahan."}]}],"pagination":{"per_page":50,"current_page":1,"next_page":null,"total_pages":1,"total_records":13}}