{"verses":[{"id":5461,"verse_number":14,"verse_key":"72:14","juz_number":29,"hizb_number":58,"rub_el_hizb_number":229,"ruku_number":508,"manzil_number":7,"sajdah_number":null,"text_uthmani":"وَأَنَّا مِنَّا ٱلْمُسْلِمُونَ وَمِنَّا ٱلْقَـٰسِطُونَ ۖ فَمَنْ أَسْلَمَ فَأُو۟لَـٰٓئِكَ تَحَرَّوْا۟ رَشَدًا","page_number":573,"words":[{"id":16271,"position":1,"audio_url":"wbw/072_014_001.mp3","qpc_uthmani_hafs":"وَأَنَّا","char_type_name":"word","page_number":573,"line_number":1,"text":"ﭑ","translation":{"text":"And that we","language_name":"english","language_id":38},"transliteration":{"text":"wa-annā","language_name":"english","language_id":38}},{"id":16272,"position":2,"audio_url":"wbw/072_014_002.mp3","qpc_uthmani_hafs":"مِنَّا","char_type_name":"word","page_number":573,"line_number":1,"text":"ﭒ","translation":{"text":"among us","language_name":"english","language_id":38},"transliteration":{"text":"minnā","language_name":"english","language_id":38}},{"id":16273,"position":3,"audio_url":"wbw/072_014_003.mp3","qpc_uthmani_hafs":"ٱلۡمُسۡلِمُونَ","char_type_name":"word","page_number":573,"line_number":1,"text":"ﭓ","translation":{"text":"(are) Muslims","language_name":"english","language_id":38},"transliteration":{"text":"l-mus'limūna","language_name":"english","language_id":38}},{"id":16274,"position":4,"audio_url":"wbw/072_014_004.mp3","qpc_uthmani_hafs":"وَمِنَّا","char_type_name":"word","page_number":573,"line_number":1,"text":"ﭔ","translation":{"text":"and among us","language_name":"english","language_id":38},"transliteration":{"text":"waminnā","language_name":"english","language_id":38}},{"id":16275,"position":5,"audio_url":"wbw/072_014_005.mp3","qpc_uthmani_hafs":"ٱلۡقَٰسِطُونَۖ","char_type_name":"word","page_number":573,"line_number":1,"text":"ﭕﭖ","translation":{"text":"(are) unjust","language_name":"english","language_id":38},"transliteration":{"text":"l-qāsiṭūna","language_name":"english","language_id":38}},{"id":16277,"position":6,"audio_url":"wbw/072_014_007.mp3","qpc_uthmani_hafs":"فَمَنۡ","char_type_name":"word","page_number":573,"line_number":1,"text":"ﭗ","translation":{"text":"And whoever","language_name":"english","language_id":38},"transliteration":{"text":"faman","language_name":"english","language_id":38}},{"id":16278,"position":7,"audio_url":"wbw/072_014_008.mp3","qpc_uthmani_hafs":"أَسۡلَمَ","char_type_name":"word","page_number":573,"line_number":1,"text":"ﭘ","translation":{"text":"submits","language_name":"english","language_id":38},"transliteration":{"text":"aslama","language_name":"english","language_id":38}},{"id":16279,"position":8,"audio_url":"wbw/072_014_009.mp3","qpc_uthmani_hafs":"فَأُوْلَٰٓئِكَ","char_type_name":"word","page_number":573,"line_number":1,"text":"ﭙ","translation":{"text":"then those","language_name":"english","language_id":38},"transliteration":{"text":"fa-ulāika","language_name":"english","language_id":38}},{"id":16280,"position":9,"audio_url":"wbw/072_014_010.mp3","qpc_uthmani_hafs":"تَحَرَّوۡاْ","char_type_name":"word","page_number":573,"line_number":2,"text":"ﭚ","translation":{"text":"have sought","language_name":"english","language_id":38},"transliteration":{"text":"taḥarraw","language_name":"english","language_id":38}},{"id":16281,"position":10,"audio_url":"wbw/072_014_011.mp3","qpc_uthmani_hafs":"رَشَدٗا","char_type_name":"word","page_number":573,"line_number":2,"text":"ﭛ","translation":{"text":"(the) right path","language_name":"english","language_id":38},"transliteration":{"text":"rashadan","language_name":"english","language_id":38}},{"id":16282,"position":11,"audio_url":null,"qpc_uthmani_hafs":"١٤","char_type_name":"end","page_number":573,"line_number":2,"text":"ﭜ","translation":{"text":"(14)","language_name":"english","language_id":38},"transliteration":{"text":null,"language_name":"english","language_id":38}}],"translations":[{"id":921890,"resource_id":134,"text":"Dan sesungguhnya di antara kami ada orang-orang yang taat dan ada (pula) orang-orang yang menyimpang dari kebenaran.  Barang siapa yang yang taat, maka mereka itu benar-benar telah memilih jalan yang lurus."}]},{"id":5462,"verse_number":15,"verse_key":"72:15","juz_number":29,"hizb_number":58,"rub_el_hizb_number":229,"ruku_number":508,"manzil_number":7,"sajdah_number":null,"text_uthmani":"وَأَمَّا ٱلْقَـٰسِطُونَ فَكَانُوا۟ لِجَهَنَّمَ حَطَبًا","page_number":573,"words":[{"id":17139,"position":1,"audio_url":"wbw/072_015_001.mp3","qpc_uthmani_hafs":"وَأَمَّا","char_type_name":"word","page_number":573,"line_number":2,"text":"ﭝ","translation":{"text":"And as for","language_name":"english","language_id":38},"transliteration":{"text":"wa-ammā","language_name":"english","language_id":38}},{"id":17140,"position":2,"audio_url":"wbw/072_015_002.mp3","qpc_uthmani_hafs":"ٱلۡقَٰسِطُونَ","char_type_name":"word","page_number":573,"line_number":2,"text":"ﭞ","translation":{"text":"the unjust","language_name":"english","language_id":38},"transliteration":{"text":"l-qāsiṭūna","language_name":"english","language_id":38}},{"id":17141,"position":3,"audio_url":"wbw/072_015_003.mp3","qpc_uthmani_hafs":"فَكَانُواْ","char_type_name":"word","page_number":573,"line_number":2,"text":"ﭟ","translation":{"text":"they will be","language_name":"english","language_id":38},"transliteration":{"text":"fakānū","language_name":"english","language_id":38}},{"id":17142,"position":4,"audio_url":"wbw/072_015_004.mp3","qpc_uthmani_hafs":"لِجَهَنَّمَ","char_type_name":"word","page_number":573,"line_number":2,"text":"ﭠ","translation":{"text":"for Hell","language_name":"english","language_id":38},"transliteration":{"text":"lijahannama","language_name":"english","language_id":38}},{"id":17143,"position":5,"audio_url":"wbw/072_015_005.mp3","qpc_uthmani_hafs":"حَطَبٗا","char_type_name":"word","page_number":573,"line_number":2,"text":"ﭡ","translation":{"text":"firewood","language_name":"english","language_id":38},"transliteration":{"text":"ḥaṭaban","language_name":"english","language_id":38}},{"id":17144,"position":6,"audio_url":null,"qpc_uthmani_hafs":"١٥","char_type_name":"end","page_number":573,"line_number":2,"text":"ﭢ","translation":{"text":"(15)","language_name":"english","language_id":38},"transliteration":{"text":null,"language_name":"english","language_id":38}}],"translations":[{"id":921891,"resource_id":134,"text":"Adapun orang-orang yang menyimpang dari kebenaran, maka mereka menjadi kayu api bagi neraka Jahanam\"."}]},{"id":5463,"verse_number":16,"verse_key":"72:16","juz_number":29,"hizb_number":58,"rub_el_hizb_number":229,"ruku_number":508,"manzil_number":7,"sajdah_number":null,"text_uthmani":"وَأَلَّوِ ٱسْتَقَـٰمُوا۟ عَلَى ٱلطَّرِيقَةِ لَأَسْقَيْنَـٰهُم مَّآءً غَدَقًا","page_number":573,"words":[{"id":18533,"position":1,"audio_url":"wbw/072_016_001.mp3","qpc_uthmani_hafs":"وَأَلَّوِ","char_type_name":"word","page_number":573,"line_number":3,"text":"ﭣ","translation":{"text":"And that if","language_name":"english","language_id":38},"transliteration":{"text":"wa-allawi","language_name":"english","language_id":38}},{"id":18534,"position":2,"audio_url":"wbw/072_016_002.mp3","qpc_uthmani_hafs":"ٱسۡتَقَٰمُواْ","char_type_name":"word","page_number":573,"line_number":3,"text":"ﭤ","translation":{"text":"they had remained","language_name":"english","language_id":38},"transliteration":{"text":"is'taqāmū","language_name":"english","language_id":38}},{"id":18535,"position":3,"audio_url":"wbw/072_016_003.mp3","qpc_uthmani_hafs":"عَلَى","char_type_name":"word","page_number":573,"line_number":3,"text":"ﭥ","translation":{"text":"on","language_name":"english","language_id":38},"transliteration":{"text":"ʿalā","language_name":"english","language_id":38}},{"id":18536,"position":4,"audio_url":"wbw/072_016_004.mp3","qpc_uthmani_hafs":"ٱلطَّرِيقَةِ","char_type_name":"word","page_number":573,"line_number":3,"text":"ﭦ","translation":{"text":"the Way","language_name":"english","language_id":38},"transliteration":{"text":"l-ṭarīqati","language_name":"english","language_id":38}},{"id":18537,"position":5,"audio_url":"wbw/072_016_005.mp3","qpc_uthmani_hafs":"لَأَسۡقَيۡنَٰهُم","char_type_name":"word","page_number":573,"line_number":3,"text":"ﭧ","translation":{"text":"surely We (would) have given them to drink","language_name":"english","language_id":38},"transliteration":{"text":"la-asqaynāhum","language_name":"english","language_id":38}},{"id":18538,"position":6,"audio_url":"wbw/072_016_006.mp3","qpc_uthmani_hafs":"مَّآءً","char_type_name":"word","page_number":573,"line_number":3,"text":"ﭨ","translation":{"text":"water","language_name":"english","language_id":38},"transliteration":{"text":"māan","language_name":"english","language_id":38}},{"id":18539,"position":7,"audio_url":"wbw/072_016_007.mp3","qpc_uthmani_hafs":"غَدَقٗا","char_type_name":"word","page_number":573,"line_number":3,"text":"ﭩ","translation":{"text":"(in) abundance","language_name":"english","language_id":38},"transliteration":{"text":"ghadaqan","language_name":"english","language_id":38}},{"id":18540,"position":8,"audio_url":null,"qpc_uthmani_hafs":"١٦","char_type_name":"end","page_number":573,"line_number":3,"text":"ﭪ","translation":{"text":"(16)","language_name":"english","language_id":38},"transliteration":{"text":null,"language_name":"english","language_id":38}}],"translations":[{"id":921892,"resource_id":134,"text":"Dan bahwasanya, jikalau mereka tetap berjalan lurus di atas jalan itu (agama Islam), benar-benar Kami akan memberi minum kepada mereka air yang segar (rezeki yang banyak)."}]},{"id":5464,"verse_number":17,"verse_key":"72:17","juz_number":29,"hizb_number":58,"rub_el_hizb_number":229,"ruku_number":508,"manzil_number":7,"sajdah_number":null,"text_uthmani":"لِّنَفْتِنَهُمْ فِيهِ ۚ وَمَن يُعْرِضْ عَن ذِكْرِ رَبِّهِۦ يَسْلُكْهُ عَذَابًا صَعَدًا","page_number":573,"words":[{"id":19533,"position":1,"audio_url":"wbw/072_017_001.mp3","qpc_uthmani_hafs":"لِّنَفۡتِنَهُمۡ","char_type_name":"word","page_number":573,"line_number":3,"text":"ﭫ","translation":{"text":"That We might test them","language_name":"english","language_id":38},"transliteration":{"text":"linaftinahum","language_name":"english","language_id":38}},{"id":19534,"position":2,"audio_url":"wbw/072_017_002.mp3","qpc_uthmani_hafs":"فِيهِۚ","char_type_name":"word","page_number":573,"line_number":4,"text":"ﭬﭭ","translation":{"text":"therein","language_name":"english","language_id":38},"transliteration":{"text":"fīhi","language_name":"english","language_id":38}},{"id":19536,"position":3,"audio_url":"wbw/072_017_004.mp3","qpc_uthmani_hafs":"وَمَن","char_type_name":"word","page_number":573,"line_number":4,"text":"ﭮ","translation":{"text":"And whoever","language_name":"english","language_id":38},"transliteration":{"text":"waman","language_name":"english","language_id":38}},{"id":19537,"position":4,"audio_url":"wbw/072_017_005.mp3","qpc_uthmani_hafs":"يُعۡرِضۡ","char_type_name":"word","page_number":573,"line_number":4,"text":"ﭯ","translation":{"text":"turns away","language_name":"english","language_id":38},"transliteration":{"text":"yuʿ'riḍ","language_name":"english","language_id":38}},{"id":19538,"position":5,"audio_url":"wbw/072_017_006.mp3","qpc_uthmani_hafs":"عَن","char_type_name":"word","page_number":573,"line_number":4,"text":"ﭰ","translation":{"text":"from","language_name":"english","language_id":38},"transliteration":{"text":"ʿan","language_name":"english","language_id":38}},{"id":19539,"position":6,"audio_url":"wbw/072_017_007.mp3","qpc_uthmani_hafs":"ذِكۡرِ","char_type_name":"word","page_number":573,"line_number":4,"text":"ﭱ","translation":{"text":"the Remembrance","language_name":"english","language_id":38},"transliteration":{"text":"dhik'ri","language_name":"english","language_id":38}},{"id":19540,"position":7,"audio_url":"wbw/072_017_008.mp3","qpc_uthmani_hafs":"رَبِّهِۦ","char_type_name":"word","page_number":573,"line_number":4,"text":"ﭲ","translation":{"text":"(of) his Lord","language_name":"english","language_id":38},"transliteration":{"text":"rabbihi","language_name":"english","language_id":38}},{"id":19541,"position":8,"audio_url":"wbw/072_017_009.mp3","qpc_uthmani_hafs":"يَسۡلُكۡهُ","char_type_name":"word","page_number":573,"line_number":4,"text":"ﭳ","translation":{"text":"He will make him enter","language_name":"english","language_id":38},"transliteration":{"text":"yasluk'hu","language_name":"english","language_id":38}},{"id":19542,"position":9,"audio_url":"wbw/072_017_010.mp3","qpc_uthmani_hafs":"عَذَابٗا","char_type_name":"word","page_number":573,"line_number":4,"text":"ﭴ","translation":{"text":"a punishment","language_name":"english","language_id":38},"transliteration":{"text":"ʿadhāban","language_name":"english","language_id":38}},{"id":19543,"position":10,"audio_url":"wbw/072_017_011.mp3","qpc_uthmani_hafs":"صَعَدٗا","char_type_name":"word","page_number":573,"line_number":4,"text":"ﭵ","translation":{"text":"severe","language_name":"english","language_id":38},"transliteration":{"text":"ṣaʿadan","language_name":"english","language_id":38}},{"id":19544,"position":11,"audio_url":null,"qpc_uthmani_hafs":"١٧","char_type_name":"end","page_number":573,"line_number":4,"text":"ﭶ","translation":{"text":"(17)","language_name":"english","language_id":38},"transliteration":{"text":null,"language_name":"english","language_id":38}}],"translations":[{"id":921893,"resource_id":134,"text":"Untuk Kami beri cobaan kepada mereka padanya.  Dan barang siapa yang berpaling dari peringatan Tuhan-nya, niscaya akan dimasukkan-Nya ke dalam azab yang amat berat."}]},{"id":5465,"verse_number":18,"verse_key":"72:18","juz_number":29,"hizb_number":58,"rub_el_hizb_number":229,"ruku_number":508,"manzil_number":7,"sajdah_number":null,"text_uthmani":"وَأَنَّ ٱلْمَسَـٰجِدَ لِلَّهِ فَلَا تَدْعُوا۟ مَعَ ٱللَّهِ أَحَدًا","page_number":573,"words":[{"id":20624,"position":1,"audio_url":"wbw/072_018_001.mp3","qpc_uthmani_hafs":"وَأَنَّ","char_type_name":"word","page_number":573,"line_number":4,"text":"ﭷ","translation":{"text":"And that","language_name":"english","language_id":38},"transliteration":{"text":"wa-anna","language_name":"english","language_id":38}},{"id":20625,"position":2,"audio_url":"wbw/072_018_002.mp3","qpc_uthmani_hafs":"ٱلۡمَسَٰجِدَ","char_type_name":"word","page_number":573,"line_number":5,"text":"ﭸ","translation":{"text":"the masjids","language_name":"english","language_id":38},"transliteration":{"text":"l-masājida","language_name":"english","language_id":38}},{"id":20626,"position":3,"audio_url":"wbw/072_018_003.mp3","qpc_uthmani_hafs":"لِلَّهِ","char_type_name":"word","page_number":573,"line_number":5,"text":"ﭹ","translation":{"text":"(are) for Allah","language_name":"english","language_id":38},"transliteration":{"text":"lillahi","language_name":"english","language_id":38}},{"id":20627,"position":4,"audio_url":"wbw/072_018_004.mp3","qpc_uthmani_hafs":"فَلَا","char_type_name":"word","page_number":573,"line_number":5,"text":"ﭺ","translation":{"text":"so (do) not","language_name":"english","language_id":38},"transliteration":{"text":"falā","language_name":"english","language_id":38}},{"id":20628,"position":5,"audio_url":"wbw/072_018_005.mp3","qpc_uthmani_hafs":"تَدۡعُواْ","char_type_name":"word","page_number":573,"line_number":5,"text":"ﭻ","translation":{"text":"call","language_name":"english","language_id":38},"transliteration":{"text":"tadʿū","language_name":"english","language_id":38}},{"id":20629,"position":6,"audio_url":"wbw/072_018_006.mp3","qpc_uthmani_hafs":"مَعَ","char_type_name":"word","page_number":573,"line_number":5,"text":"ﭼ","translation":{"text":"with","language_name":"english","language_id":38},"transliteration":{"text":"maʿa","language_name":"english","language_id":38}},{"id":20630,"position":7,"audio_url":"wbw/072_018_007.mp3","qpc_uthmani_hafs":"ٱللَّهِ","char_type_name":"word","page_number":573,"line_number":5,"text":"ﭽ","translation":{"text":"Allah","language_name":"english","language_id":38},"transliteration":{"text":"l-lahi","language_name":"english","language_id":38}},{"id":20631,"position":8,"audio_url":"wbw/072_018_008.mp3","qpc_uthmani_hafs":"أَحَدٗا","char_type_name":"word","page_number":573,"line_number":5,"text":"ﭾ","translation":{"text":"anyone","language_name":"english","language_id":38},"transliteration":{"text":"aḥadan","language_name":"english","language_id":38}},{"id":20632,"position":9,"audio_url":null,"qpc_uthmani_hafs":"١٨","char_type_name":"end","page_number":573,"line_number":5,"text":"ﭿ","translation":{"text":"(18)","language_name":"english","language_id":38},"transliteration":{"text":null,"language_name":"english","language_id":38}}],"translations":[{"id":921894,"resource_id":134,"text":"Dan sesungguhnya masjid-masjid itu adalah kepunyaan Allah.  Maka janganlah kamu menyembah seseorang pun di dalamnya di samping (menyembah) Allah."}]},{"id":5466,"verse_number":19,"verse_key":"72:19","juz_number":29,"hizb_number":58,"rub_el_hizb_number":229,"ruku_number":508,"manzil_number":7,"sajdah_number":null,"text_uthmani":"وَأَنَّهُۥ لَمَّا قَامَ عَبْدُ ٱللَّهِ يَدْعُوهُ كَادُوا۟ يَكُونُونَ عَلَيْهِ لِبَدًا","page_number":573,"words":[{"id":21451,"position":1,"audio_url":"wbw/072_019_001.mp3","qpc_uthmani_hafs":"وَأَنَّهُۥ","char_type_name":"word","page_number":573,"line_number":5,"text":"ﮀ","translation":{"text":"And that","language_name":"english","language_id":38},"transliteration":{"text":"wa-annahu","language_name":"english","language_id":38}},{"id":21452,"position":2,"audio_url":"wbw/072_019_002.mp3","qpc_uthmani_hafs":"لَمَّا","char_type_name":"word","page_number":573,"line_number":5,"text":"ﮁ","translation":{"text":"when","language_name":"english","language_id":38},"transliteration":{"text":"lammā","language_name":"english","language_id":38}},{"id":21453,"position":3,"audio_url":"wbw/072_019_003.mp3","qpc_uthmani_hafs":"قَامَ","char_type_name":"word","page_number":573,"line_number":5,"text":"ﮂ","translation":{"text":"stood up","language_name":"english","language_id":38},"transliteration":{"text":"qāma","language_name":"english","language_id":38}},{"id":21454,"position":4,"audio_url":"wbw/072_019_004.mp3","qpc_uthmani_hafs":"عَبۡدُ","char_type_name":"word","page_number":573,"line_number":5,"text":"ﮃ","translation":{"text":"(the) slave","language_name":"english","language_id":38},"transliteration":{"text":"ʿabdu","language_name":"english","language_id":38}},{"id":21455,"position":5,"audio_url":"wbw/072_019_005.mp3","qpc_uthmani_hafs":"ٱللَّهِ","char_type_name":"word","page_number":573,"line_number":5,"text":"ﮄ","translation":{"text":"(of) Allah","language_name":"english","language_id":38},"transliteration":{"text":"l-lahi","language_name":"english","language_id":38}},{"id":21456,"position":6,"audio_url":"wbw/072_019_006.mp3","qpc_uthmani_hafs":"يَدۡعُوهُ","char_type_name":"word","page_number":573,"line_number":6,"text":"ﮅ","translation":{"text":"calling (upon) Him","language_name":"english","language_id":38},"transliteration":{"text":"yadʿūhu","language_name":"english","language_id":38}},{"id":21457,"position":7,"audio_url":"wbw/072_019_007.mp3","qpc_uthmani_hafs":"كَادُواْ","char_type_name":"word","page_number":573,"line_number":6,"text":"ﮆ","translation":{"text":"they almost","language_name":"english","language_id":38},"transliteration":{"text":"kādū","language_name":"english","language_id":38}},{"id":21458,"position":8,"audio_url":"wbw/072_019_008.mp3","qpc_uthmani_hafs":"يَكُونُونَ","char_type_name":"word","page_number":573,"line_number":6,"text":"ﮇ","translation":{"text":"became","language_name":"english","language_id":38},"transliteration":{"text":"yakūnūna","language_name":"english","language_id":38}},{"id":21459,"position":9,"audio_url":"wbw/072_019_009.mp3","qpc_uthmani_hafs":"عَلَيۡهِ","char_type_name":"word","page_number":573,"line_number":6,"text":"ﮈ","translation":{"text":"around him","language_name":"english","language_id":38},"transliteration":{"text":"ʿalayhi","language_name":"english","language_id":38}},{"id":21460,"position":10,"audio_url":"wbw/072_019_010.mp3","qpc_uthmani_hafs":"لِبَدٗا","char_type_name":"word","page_number":573,"line_number":6,"text":"ﮉ","translation":{"text":"a compacted mass","language_name":"english","language_id":38},"transliteration":{"text":"libadan","language_name":"english","language_id":38}},{"id":21461,"position":11,"audio_url":null,"qpc_uthmani_hafs":"١٩","char_type_name":"end","page_number":573,"line_number":6,"text":"ﮊ","translation":{"text":"(19)","language_name":"english","language_id":38},"transliteration":{"text":null,"language_name":"english","language_id":38}}],"translations":[{"id":921895,"resource_id":134,"text":"Dan bahwasanya tatkala hamba Allah (Muhammad) berdiri menyembah-Nya (mengerjakan ibadah), hampir saja jin-jin itu berdesakan mengerumuninya."}]},{"id":5467,"verse_number":20,"verse_key":"72:20","juz_number":29,"hizb_number":58,"rub_el_hizb_number":229,"ruku_number":509,"manzil_number":7,"sajdah_number":null,"text_uthmani":"قُلْ إِنَّمَآ أَدْعُوا۟ رَبِّى وَلَآ أُشْرِكُ بِهِۦٓ أَحَدًا","page_number":573,"words":[{"id":22766,"position":1,"audio_url":"wbw/072_020_001.mp3","qpc_uthmani_hafs":"قُلۡ","char_type_name":"word","page_number":573,"line_number":6,"text":"ﮋ","translation":{"text":"Say","language_name":"english","language_id":38},"transliteration":{"text":"qul","language_name":"english","language_id":38}},{"id":22767,"position":2,"audio_url":"wbw/072_020_002.mp3","qpc_uthmani_hafs":"إِنَّمَآ","char_type_name":"word","page_number":573,"line_number":6,"text":"ﮌ","translation":{"text":"Only","language_name":"english","language_id":38},"transliteration":{"text":"innamā","language_name":"english","language_id":38}},{"id":22768,"position":3,"audio_url":"wbw/072_020_003.mp3","qpc_uthmani_hafs":"أَدۡعُواْ","char_type_name":"word","page_number":573,"line_number":6,"text":"ﮍ","translation":{"text":"I call upon","language_name":"english","language_id":38},"transliteration":{"text":"adʿū","language_name":"english","language_id":38}},{"id":22769,"position":4,"audio_url":"wbw/072_020_004.mp3","qpc_uthmani_hafs":"رَبِّي","char_type_name":"word","page_number":573,"line_number":6,"text":"ﮎ","translation":{"text":"my Lord","language_name":"english","language_id":38},"transliteration":{"text":"rabbī","language_name":"english","language_id":38}},{"id":22770,"position":5,"audio_url":"wbw/072_020_005.mp3","qpc_uthmani_hafs":"وَلَآ","char_type_name":"word","page_number":573,"line_number":6,"text":"ﮏ","translation":{"text":"and not","language_name":"english","language_id":38},"transliteration":{"text":"walā","language_name":"english","language_id":38}},{"id":22771,"position":6,"audio_url":"wbw/072_020_006.mp3","qpc_uthmani_hafs":"أُشۡرِكُ","char_type_name":"word","page_number":573,"line_number":6,"text":"ﮐ","translation":{"text":"I associate","language_name":"english","language_id":38},"transliteration":{"text":"ush'riku","language_name":"english","language_id":38}},{"id":22772,"position":7,"audio_url":"wbw/072_020_007.mp3","qpc_uthmani_hafs":"بِهِۦٓ","char_type_name":"word","page_number":573,"line_number":7,"text":"ﮑ","translation":{"text":"with Him","language_name":"english","language_id":38},"transliteration":{"text":"bihi","language_name":"english","language_id":38}},{"id":22773,"position":8,"audio_url":"wbw/072_020_008.mp3","qpc_uthmani_hafs":"أَحَدٗا","char_type_name":"word","page_number":573,"line_number":7,"text":"ﮒ","translation":{"text":"anyone","language_name":"english","language_id":38},"transliteration":{"text":"aḥadan","language_name":"english","language_id":38}},{"id":22774,"position":9,"audio_url":null,"qpc_uthmani_hafs":"٢٠","char_type_name":"end","page_number":573,"line_number":7,"text":"ﮓ","translation":{"text":"(20)","language_name":"english","language_id":38},"transliteration":{"text":null,"language_name":"english","language_id":38}}],"translations":[{"id":921896,"resource_id":134,"text":"Katakanlah, \"Sesungguhnya aku hanya menyembah Tuhan-ku dan aku tidak mempersekutukan sesuatupun dengan-Nya\"."}]},{"id":5468,"verse_number":21,"verse_key":"72:21","juz_number":29,"hizb_number":58,"rub_el_hizb_number":229,"ruku_number":509,"manzil_number":7,"sajdah_number":null,"text_uthmani":"قُلْ إِنِّى لَآ أَمْلِكُ لَكُمْ ضَرًّا وَلَا رَشَدًا","page_number":573,"words":[{"id":23945,"position":1,"audio_url":"wbw/072_021_001.mp3","qpc_uthmani_hafs":"قُلۡ","char_type_name":"word","page_number":573,"line_number":7,"text":"ﮔ","translation":{"text":"Say","language_name":"english","language_id":38},"transliteration":{"text":"qul","language_name":"english","language_id":38}},{"id":23946,"position":2,"audio_url":"wbw/072_021_002.mp3","qpc_uthmani_hafs":"إِنِّي","char_type_name":"word","page_number":573,"line_number":7,"text":"ﮕ","translation":{"text":"Indeed, I","language_name":"english","language_id":38},"transliteration":{"text":"innī","language_name":"english","language_id":38}},{"id":23947,"position":3,"audio_url":"wbw/072_021_003.mp3","qpc_uthmani_hafs":"لَآ","char_type_name":"word","page_number":573,"line_number":7,"text":"ﮖ","translation":{"text":"(do) not","language_name":"english","language_id":38},"transliteration":{"text":"lā","language_name":"english","language_id":38}},{"id":23948,"position":4,"audio_url":"wbw/072_021_004.mp3","qpc_uthmani_hafs":"أَمۡلِكُ","char_type_name":"word","page_number":573,"line_number":7,"text":"ﮗ","translation":{"text":"possess","language_name":"english","language_id":38},"transliteration":{"text":"amliku","language_name":"english","language_id":38}},{"id":23949,"position":5,"audio_url":"wbw/072_021_005.mp3","qpc_uthmani_hafs":"لَكُمۡ","char_type_name":"word","page_number":573,"line_number":7,"text":"ﮘ","translation":{"text":"for you","language_name":"english","language_id":38},"transliteration":{"text":"lakum","language_name":"english","language_id":38}},{"id":23950,"position":6,"audio_url":"wbw/072_021_006.mp3","qpc_uthmani_hafs":"ضَرّٗا","char_type_name":"word","page_number":573,"line_number":7,"text":"ﮙ","translation":{"text":"any harm","language_name":"english","language_id":38},"transliteration":{"text":"ḍarran","language_name":"english","language_id":38}},{"id":23951,"position":7,"audio_url":"wbw/072_021_007.mp3","qpc_uthmani_hafs":"وَلَا","char_type_name":"word","page_number":573,"line_number":7,"text":"ﮚ","translation":{"text":"and not","language_name":"english","language_id":38},"transliteration":{"text":"walā","language_name":"english","language_id":38}},{"id":23952,"position":8,"audio_url":"wbw/072_021_008.mp3","qpc_uthmani_hafs":"رَشَدٗا","char_type_name":"word","page_number":573,"line_number":7,"text":"ﮛ","translation":{"text":"right path","language_name":"english","language_id":38},"transliteration":{"text":"rashadan","language_name":"english","language_id":38}},{"id":23953,"position":9,"audio_url":null,"qpc_uthmani_hafs":"٢١","char_type_name":"end","page_number":573,"line_number":7,"text":"ﮜ","translation":{"text":"(21)","language_name":"english","language_id":38},"transliteration":{"text":null,"language_name":"english","language_id":38}}],"translations":[{"id":921897,"resource_id":134,"text":"Katakanlah, \"Sesungguhnya aku tidak kuasa mendatangkan sesuatu kemudaratan pun kepadamu dan tidak (pula) suatu kemanfaatan\"."}]},{"id":5469,"verse_number":22,"verse_key":"72:22","juz_number":29,"hizb_number":58,"rub_el_hizb_number":229,"ruku_number":509,"manzil_number":7,"sajdah_number":null,"text_uthmani":"قُلْ إِنِّى لَن يُجِيرَنِى مِنَ ٱللَّهِ أَحَدٌ وَلَنْ أَجِدَ مِن دُونِهِۦ مُلْتَحَدًا","page_number":573,"words":[{"id":24921,"position":1,"audio_url":"wbw/072_022_001.mp3","qpc_uthmani_hafs":"قُلۡ","char_type_name":"word","page_number":573,"line_number":7,"text":"ﮝ","translation":{"text":"Say","language_name":"english","language_id":38},"transliteration":{"text":"qul","language_name":"english","language_id":38}},{"id":24922,"position":2,"audio_url":"wbw/072_022_002.mp3","qpc_uthmani_hafs":"إِنِّي","char_type_name":"word","page_number":573,"line_number":7,"text":"ﮞ","translation":{"text":"Indeed I","language_name":"english","language_id":38},"transliteration":{"text":"innī","language_name":"english","language_id":38}},{"id":24923,"position":3,"audio_url":"wbw/072_022_003.mp3","qpc_uthmani_hafs":"لَن","char_type_name":"word","page_number":573,"line_number":8,"text":"ﮟ","translation":{"text":"never","language_name":"english","language_id":38},"transliteration":{"text":"lan","language_name":"english","language_id":38}},{"id":24924,"position":4,"audio_url":"wbw/072_022_004.mp3","qpc_uthmani_hafs":"يُجِيرَنِي","char_type_name":"word","page_number":573,"line_number":8,"text":"ﮠ","translation":{"text":"can protect me","language_name":"english","language_id":38},"transliteration":{"text":"yujīranī","language_name":"english","language_id":38}},{"id":24925,"position":5,"audio_url":"wbw/072_022_005.mp3","qpc_uthmani_hafs":"مِنَ","char_type_name":"word","page_number":573,"line_number":8,"text":"ﮡ","translation":{"text":"from","language_name":"english","language_id":38},"transliteration":{"text":"mina","language_name":"english","language_id":38}},{"id":24926,"position":6,"audio_url":"wbw/072_022_006.mp3","qpc_uthmani_hafs":"ٱللَّهِ","char_type_name":"word","page_number":573,"line_number":8,"text":"ﮢ","translation":{"text":"Allah","language_name":"english","language_id":38},"transliteration":{"text":"l-lahi","language_name":"english","language_id":38}},{"id":24927,"position":7,"audio_url":"wbw/072_022_007.mp3","qpc_uthmani_hafs":"أَحَدٞ","char_type_name":"word","page_number":573,"line_number":8,"text":"ﮣ","translation":{"text":"anyone","language_name":"english","language_id":38},"transliteration":{"text":"aḥadun","language_name":"english","language_id":38}},{"id":24928,"position":8,"audio_url":"wbw/072_022_008.mp3","qpc_uthmani_hafs":"وَلَنۡ","char_type_name":"word","page_number":573,"line_number":8,"text":"ﮤ","translation":{"text":"and never","language_name":"english","language_id":38},"transliteration":{"text":"walan","language_name":"english","language_id":38}},{"id":24929,"position":9,"audio_url":"wbw/072_022_009.mp3","qpc_uthmani_hafs":"أَجِدَ","char_type_name":"word","page_number":573,"line_number":8,"text":"ﮥ","translation":{"text":"can I find","language_name":"english","language_id":38},"transliteration":{"text":"ajida","language_name":"english","language_id":38}},{"id":24930,"position":10,"audio_url":"wbw/072_022_010.mp3","qpc_uthmani_hafs":"مِن","char_type_name":"word","page_number":573,"line_number":8,"text":"ﮦ","translation":{"text":"from","language_name":"english","language_id":38},"transliteration":{"text":"min","language_name":"english","language_id":38}},{"id":24931,"position":11,"audio_url":"wbw/072_022_011.mp3","qpc_uthmani_hafs":"دُونِهِۦ","char_type_name":"word","page_number":573,"line_number":8,"text":"ﮧ","translation":{"text":"besides Him","language_name":"english","language_id":38},"transliteration":{"text":"dūnihi","language_name":"english","language_id":38}},{"id":24932,"position":12,"audio_url":"wbw/072_022_012.mp3","qpc_uthmani_hafs":"مُلۡتَحَدًا","char_type_name":"word","page_number":573,"line_number":8,"text":"ﮨ","translation":{"text":"any refuge","language_name":"english","language_id":38},"transliteration":{"text":"mul'taḥadan","language_name":"english","language_id":38}},{"id":24933,"position":13,"audio_url":null,"qpc_uthmani_hafs":"٢٢","char_type_name":"end","page_number":573,"line_number":8,"text":"ﮩ","translation":{"text":"(22)","language_name":"english","language_id":38},"transliteration":{"text":null,"language_name":"english","language_id":38}}],"translations":[{"id":921898,"resource_id":134,"text":"Katakanlah, \"Sesungguhnya aku sekali-kali tiada seorang pun yang dapat melindungiku dari (azab) Allah dan sekali-kali tiada akan memperoleh tempat berlindung selain dari-Nya."}]},{"id":5470,"verse_number":23,"verse_key":"72:23","juz_number":29,"hizb_number":58,"rub_el_hizb_number":229,"ruku_number":509,"manzil_number":7,"sajdah_number":null,"text_uthmani":"إِلَّا بَلَـٰغًا مِّنَ ٱللَّهِ وَرِسَـٰلَـٰتِهِۦ ۚ وَمَن يَعْصِ ٱللَّهَ وَرَسُولَهُۥ فَإِنَّ لَهُۥ نَارَ جَهَنَّمَ خَـٰلِدِينَ فِيهَآ أَبَدًا","page_number":573,"words":[{"id":25983,"position":1,"audio_url":"wbw/072_023_001.mp3","qpc_uthmani_hafs":"إِلَّا","char_type_name":"word","page_number":573,"line_number":8,"text":"ﮪ","translation":{"text":"But","language_name":"english","language_id":38},"transliteration":{"text":"illā","language_name":"english","language_id":38}},{"id":25984,"position":2,"audio_url":"wbw/072_023_002.mp3","qpc_uthmani_hafs":"بَلَٰغٗا","char_type_name":"word","page_number":573,"line_number":8,"text":"ﮫ","translation":{"text":"(the) notification","language_name":"english","language_id":38},"transliteration":{"text":"balāghan","language_name":"english","language_id":38}},{"id":25985,"position":3,"audio_url":"wbw/072_023_003.mp3","qpc_uthmani_hafs":"مِّنَ","char_type_name":"word","page_number":573,"line_number":9,"text":"ﮬ","translation":{"text":"from","language_name":"english","language_id":38},"transliteration":{"text":"mina","language_name":"english","language_id":38}},{"id":25986,"position":4,"audio_url":"wbw/072_023_004.mp3","qpc_uthmani_hafs":"ٱللَّهِ","char_type_name":"word","page_number":573,"line_number":9,"text":"ﮭ","translation":{"text":"Allah","language_name":"english","language_id":38},"transliteration":{"text":"l-lahi","language_name":"english","language_id":38}},{"id":25987,"position":5,"audio_url":"wbw/072_023_005.mp3","qpc_uthmani_hafs":"وَرِسَٰلَٰتِهِۦۚ","char_type_name":"word","page_number":573,"line_number":9,"text":"ﮮﮯ","translation":{"text":"and His Messages","language_name":"english","language_id":38},"transliteration":{"text":"warisālātihi","language_name":"english","language_id":38}},{"id":25989,"position":6,"audio_url":"wbw/072_023_007.mp3","qpc_uthmani_hafs":"وَمَن","char_type_name":"word","page_number":573,"line_number":9,"text":"ﮰ","translation":{"text":"And whoever","language_name":"english","language_id":38},"transliteration":{"text":"waman","language_name":"english","language_id":38}},{"id":25990,"position":7,"audio_url":"wbw/072_023_008.mp3","qpc_uthmani_hafs":"يَعۡصِ","char_type_name":"word","page_number":573,"line_number":9,"text":"ﮱ","translation":{"text":"disobeys","language_name":"english","language_id":38},"transliteration":{"text":"yaʿṣi","language_name":"english","language_id":38}},{"id":25991,"position":8,"audio_url":"wbw/072_023_009.mp3","qpc_uthmani_hafs":"ٱللَّهَ","char_type_name":"word","page_number":573,"line_number":9,"text":"ﯓ","translation":{"text":"Allah","language_name":"english","language_id":38},"transliteration":{"text":"l-laha","language_name":"english","language_id":38}},{"id":25992,"position":9,"audio_url":"wbw/072_023_010.mp3","qpc_uthmani_hafs":"وَرَسُولَهُۥ","char_type_name":"word","page_number":573,"line_number":9,"text":"ﯔ","translation":{"text":"and His Messenger","language_name":"english","language_id":38},"transliteration":{"text":"warasūlahu","language_name":"english","language_id":38}},{"id":25993,"position":10,"audio_url":"wbw/072_023_011.mp3","qpc_uthmani_hafs":"فَإِنَّ","char_type_name":"word","page_number":573,"line_number":9,"text":"ﯕ","translation":{"text":"then indeed","language_name":"english","language_id":38},"transliteration":{"text":"fa-inna","language_name":"english","language_id":38}},{"id":25994,"position":11,"audio_url":"wbw/072_023_012.mp3","qpc_uthmani_hafs":"لَهُۥ","char_type_name":"word","page_number":573,"line_number":9,"text":"ﯖ","translation":{"text":"for him","language_name":"english","language_id":38},"transliteration":{"text":"lahu","language_name":"english","language_id":38}},{"id":25995,"position":12,"audio_url":"wbw/072_023_013.mp3","qpc_uthmani_hafs":"نَارَ","char_type_name":"word","page_number":573,"line_number":9,"text":"ﯗ","translation":{"text":"(is the) Fire","language_name":"english","language_id":38},"transliteration":{"text":"nāra","language_name":"english","language_id":38}},{"id":25996,"position":13,"audio_url":"wbw/072_023_014.mp3","qpc_uthmani_hafs":"جَهَنَّمَ","char_type_name":"word","page_number":573,"line_number":9,"text":"ﯘ","translation":{"text":"(of) Hell","language_name":"english","language_id":38},"transliteration":{"text":"jahannama","language_name":"english","language_id":38}},{"id":25997,"position":14,"audio_url":"wbw/072_023_015.mp3","qpc_uthmani_hafs":"خَٰلِدِينَ","char_type_name":"word","page_number":573,"line_number":10,"text":"ﯙ","translation":{"text":"(they will) abide","language_name":"english","language_id":38},"transliteration":{"text":"khālidīna","language_name":"english","language_id":38}},{"id":25998,"position":15,"audio_url":"wbw/072_023_016.mp3","qpc_uthmani_hafs":"فِيهَآ","char_type_name":"word","page_number":573,"line_number":10,"text":"ﯚ","translation":{"text":"therein","language_name":"english","language_id":38},"transliteration":{"text":"fīhā","language_name":"english","language_id":38}},{"id":25999,"position":16,"audio_url":"wbw/072_023_017.mp3","qpc_uthmani_hafs":"أَبَدًا","char_type_name":"word","page_number":573,"line_number":10,"text":"ﯛ","translation":{"text":"forever","language_name":"english","language_id":38},"transliteration":{"text":"abadan","language_name":"english","language_id":38}},{"id":26000,"position":17,"audio_url":null,"qpc_uthmani_hafs":"٢٣","char_type_name":"end","page_number":573,"line_number":10,"text":"ﯜ","translation":{"text":"(23)","language_name":"english","language_id":38},"transliteration":{"text":null,"language_name":"english","language_id":38}}],"translations":[{"id":921899,"resource_id":134,"text":"Akan tetapi, (aku hanya) menyampaikan (peringatan) dari Allah dan risalah-Nya.  Dan barang siapa yang mendurhakai Allah dan rasul-Nya, maka sesungguhnya baginyalah neraka Jahanam, mereka kekal di dalamnya selama-lamanya."}]},{"id":5471,"verse_number":24,"verse_key":"72:24","juz_number":29,"hizb_number":58,"rub_el_hizb_number":229,"ruku_number":509,"manzil_number":7,"sajdah_number":null,"text_uthmani":"حَتَّىٰٓ إِذَا رَأَوْا۟ مَا يُوعَدُونَ فَسَيَعْلَمُونَ مَنْ أَضْعَفُ نَاصِرًا وَأَقَلُّ عَدَدًا","page_number":573,"words":[{"id":27072,"position":1,"audio_url":"wbw/072_024_001.mp3","qpc_uthmani_hafs":"حَتَّىٰٓ","char_type_name":"word","page_number":573,"line_number":10,"text":"ﯝ","translation":{"text":"Until","language_name":"english","language_id":38},"transliteration":{"text":"ḥattā","language_name":"english","language_id":38}},{"id":27073,"position":2,"audio_url":"wbw/072_024_002.mp3","qpc_uthmani_hafs":"إِذَا","char_type_name":"word","page_number":573,"line_number":10,"text":"ﯞ","translation":{"text":"when","language_name":"english","language_id":38},"transliteration":{"text":"idhā","language_name":"english","language_id":38}},{"id":27074,"position":3,"audio_url":"wbw/072_024_003.mp3","qpc_uthmani_hafs":"رَأَوۡاْ","char_type_name":"word","page_number":573,"line_number":10,"text":"ﯟ","translation":{"text":"they see","language_name":"english","language_id":38},"transliteration":{"text":"ra-aw","language_name":"english","language_id":38}},{"id":27075,"position":4,"audio_url":"wbw/072_024_004.mp3","qpc_uthmani_hafs":"مَا","char_type_name":"word","page_number":573,"line_number":10,"text":"ﯠ","translation":{"text":"what","language_name":"english","language_id":38},"transliteration":{"text":"mā","language_name":"english","language_id":38}},{"id":27076,"position":5,"audio_url":"wbw/072_024_005.mp3","qpc_uthmani_hafs":"يُوعَدُونَ","char_type_name":"word","page_number":573,"line_number":10,"text":"ﯡ","translation":{"text":"they are promised","language_name":"english","language_id":38},"transliteration":{"text":"yūʿadūna","language_name":"english","language_id":38}},{"id":27077,"position":6,"audio_url":"wbw/072_024_006.mp3","qpc_uthmani_hafs":"فَسَيَعۡلَمُونَ","char_type_name":"word","page_number":573,"line_number":10,"text":"ﯢ","translation":{"text":"then they will know","language_name":"english","language_id":38},"transliteration":{"text":"fasayaʿlamūna","language_name":"english","language_id":38}},{"id":27078,"position":7,"audio_url":"wbw/072_024_007.mp3","qpc_uthmani_hafs":"مَنۡ","char_type_name":"word","page_number":573,"line_number":11,"text":"ﯣ","translation":{"text":"who","language_name":"english","language_id":38},"transliteration":{"text":"man","language_name":"english","language_id":38}},{"id":27079,"position":8,"audio_url":"wbw/072_024_008.mp3","qpc_uthmani_hafs":"أَضۡعَفُ","char_type_name":"word","page_number":573,"line_number":11,"text":"ﯤ","translation":{"text":"(is) weaker","language_name":"english","language_id":38},"transliteration":{"text":"aḍʿafu","language_name":"english","language_id":38}},{"id":27080,"position":9,"audio_url":"wbw/072_024_009.mp3","qpc_uthmani_hafs":"نَاصِرٗا","char_type_name":"word","page_number":573,"line_number":11,"text":"ﯥ","translation":{"text":"(in) helpers","language_name":"english","language_id":38},"transliteration":{"text":"nāṣiran","language_name":"english","language_id":38}},{"id":27081,"position":10,"audio_url":"wbw/072_024_010.mp3","qpc_uthmani_hafs":"وَأَقَلُّ","char_type_name":"word","page_number":573,"line_number":11,"text":"ﯦ","translation":{"text":"and fewer","language_name":"english","language_id":38},"transliteration":{"text":"wa-aqallu","language_name":"english","language_id":38}},{"id":27082,"position":11,"audio_url":"wbw/072_024_011.mp3","qpc_uthmani_hafs":"عَدَدٗا","char_type_name":"word","page_number":573,"line_number":11,"text":"ﯧ","translation":{"text":"(in) number","language_name":"english","language_id":38},"transliteration":{"text":"ʿadadan","language_name":"english","language_id":38}},{"id":27083,"position":12,"audio_url":null,"qpc_uthmani_hafs":"٢٤","char_type_name":"end","page_number":573,"line_number":11,"text":"ﯨ","translation":{"text":"(24)","language_name":"english","language_id":38},"transliteration":{"text":null,"language_name":"english","language_id":38}}],"translations":[{"id":921900,"resource_id":134,"text":"Sehingga apabila mereka melihat azab yang diancamkan kepada mereka, maka mereka akan mengetahui siapakah yang lebih lemah penolongnya dan lebih sedikit bilangannya\"."}]},{"id":5472,"verse_number":25,"verse_key":"72:25","juz_number":29,"hizb_number":58,"rub_el_hizb_number":229,"ruku_number":509,"manzil_number":7,"sajdah_number":null,"text_uthmani":"قُلْ إِنْ أَدْرِىٓ أَقَرِيبٌ مَّا تُوعَدُونَ أَمْ يَجْعَلُ لَهُۥ رَبِّىٓ أَمَدًا","page_number":573,"words":[{"id":28057,"position":1,"audio_url":"wbw/072_025_001.mp3","qpc_uthmani_hafs":"قُلۡ","char_type_name":"word","page_number":573,"line_number":11,"text":"ﯩ","translation":{"text":"Say","language_name":"english","language_id":38},"transliteration":{"text":"qul","language_name":"english","language_id":38}},{"id":28058,"position":2,"audio_url":"wbw/072_025_002.mp3","qpc_uthmani_hafs":"إِنۡ","char_type_name":"word","page_number":573,"line_number":11,"text":"ﯪ","translation":{"text":"Not","language_name":"english","language_id":38},"transliteration":{"text":"in","language_name":"english","language_id":38}},{"id":28059,"position":3,"audio_url":"wbw/072_025_003.mp3","qpc_uthmani_hafs":"أَدۡرِيٓ","char_type_name":"word","page_number":573,"line_number":11,"text":"ﯫ","translation":{"text":"I know","language_name":"english","language_id":38},"transliteration":{"text":"adrī","language_name":"english","language_id":38}},{"id":28060,"position":4,"audio_url":"wbw/072_025_004.mp3","qpc_uthmani_hafs":"أَقَرِيبٞ","char_type_name":"word","page_number":573,"line_number":11,"text":"ﯬ","translation":{"text":"whether is near","language_name":"english","language_id":38},"transliteration":{"text":"aqarībun","language_name":"english","language_id":38}},{"id":28061,"position":5,"audio_url":"wbw/072_025_005.mp3","qpc_uthmani_hafs":"مَّا","char_type_name":"word","page_number":573,"line_number":12,"text":"ﯭ","translation":{"text":"what","language_name":"english","language_id":38},"transliteration":{"text":"mā","language_name":"english","language_id":38}},{"id":28062,"position":6,"audio_url":"wbw/072_025_006.mp3","qpc_uthmani_hafs":"تُوعَدُونَ","char_type_name":"word","page_number":573,"line_number":12,"text":"ﯮ","translation":{"text":"you are promised","language_name":"english","language_id":38},"transliteration":{"text":"tūʿadūna","language_name":"english","language_id":38}},{"id":28063,"position":7,"audio_url":"wbw/072_025_007.mp3","qpc_uthmani_hafs":"أَمۡ","char_type_name":"word","page_number":573,"line_number":12,"text":"ﯯ","translation":{"text":"or (whether)","language_name":"english","language_id":38},"transliteration":{"text":"am","language_name":"english","language_id":38}},{"id":28064,"position":8,"audio_url":"wbw/072_025_008.mp3","qpc_uthmani_hafs":"يَجۡعَلُ","char_type_name":"word","page_number":573,"line_number":12,"text":"ﯰ","translation":{"text":"will appoint","language_name":"english","language_id":38},"transliteration":{"text":"yajʿalu","language_name":"english","language_id":38}},{"id":28065,"position":9,"audio_url":"wbw/072_025_009.mp3","qpc_uthmani_hafs":"لَهُۥ","char_type_name":"word","page_number":573,"line_number":12,"text":"ﯱ","translation":{"text":"for it","language_name":"english","language_id":38},"transliteration":{"text":"lahu","language_name":"english","language_id":38}},{"id":28066,"position":10,"audio_url":"wbw/072_025_010.mp3","qpc_uthmani_hafs":"رَبِّيٓ","char_type_name":"word","page_number":573,"line_number":12,"text":"ﯲ","translation":{"text":"my Lord","language_name":"english","language_id":38},"transliteration":{"text":"rabbī","language_name":"english","language_id":38}},{"id":28067,"position":11,"audio_url":"wbw/072_025_011.mp3","qpc_uthmani_hafs":"أَمَدًا","char_type_name":"word","page_number":573,"line_number":12,"text":"ﯳ","translation":{"text":"a (distant) term","language_name":"english","language_id":38},"transliteration":{"text":"amadan","language_name":"english","language_id":38}},{"id":28068,"position":12,"audio_url":null,"qpc_uthmani_hafs":"٢٥","char_type_name":"end","page_number":573,"line_number":12,"text":"ﯴ","translation":{"text":"(25)","language_name":"english","language_id":38},"transliteration":{"text":null,"language_name":"english","language_id":38}}],"translations":[{"id":921901,"resource_id":134,"text":"Katakanlah, \"Aku tidak mengetahui, apakah azab yang diancamkan kepadamu itu dekat ataukah Tuhan-ku menjadikan bagi (kedatangan) azab itu masa yang panjang?"}]},{"id":5473,"verse_number":26,"verse_key":"72:26","juz_number":29,"hizb_number":58,"rub_el_hizb_number":229,"ruku_number":509,"manzil_number":7,"sajdah_number":null,"text_uthmani":"عَـٰلِمُ ٱلْغَيْبِ فَلَا يُظْهِرُ عَلَىٰ غَيْبِهِۦٓ أَحَدًا","page_number":573,"words":[{"id":28717,"position":1,"audio_url":"wbw/072_026_001.mp3","qpc_uthmani_hafs":"عَٰلِمُ","char_type_name":"word","page_number":573,"line_number":12,"text":"ﯵ","translation":{"text":"(The) All-Knower","language_name":"english","language_id":38},"transliteration":{"text":"ʿālimu","language_name":"english","language_id":38}},{"id":28718,"position":2,"audio_url":"wbw/072_026_002.mp3","qpc_uthmani_hafs":"ٱلۡغَيۡبِ","char_type_name":"word","page_number":573,"line_number":12,"text":"ﯶ","translation":{"text":"(of) the unseen","language_name":"english","language_id":38},"transliteration":{"text":"l-ghaybi","language_name":"english","language_id":38}},{"id":28719,"position":3,"audio_url":"wbw/072_026_003.mp3","qpc_uthmani_hafs":"فَلَا","char_type_name":"word","page_number":573,"line_number":12,"text":"ﯷ","translation":{"text":"so not","language_name":"english","language_id":38},"transliteration":{"text":"falā","language_name":"english","language_id":38}},{"id":28720,"position":4,"audio_url":"wbw/072_026_004.mp3","qpc_uthmani_hafs":"يُظۡهِرُ","char_type_name":"word","page_number":573,"line_number":13,"text":"ﯸ","translation":{"text":"He reveals","language_name":"english","language_id":38},"transliteration":{"text":"yuẓ'hiru","language_name":"english","language_id":38}},{"id":28721,"position":5,"audio_url":"wbw/072_026_005.mp3","qpc_uthmani_hafs":"عَلَىٰ","char_type_name":"word","page_number":573,"line_number":13,"text":"ﯹ","translation":{"text":"from","language_name":"english","language_id":38},"transliteration":{"text":"ʿalā","language_name":"english","language_id":38}},{"id":28722,"position":6,"audio_url":"wbw/072_026_006.mp3","qpc_uthmani_hafs":"غَيۡبِهِۦٓ","char_type_name":"word","page_number":573,"line_number":13,"text":"ﯺ","translation":{"text":"His unseen","language_name":"english","language_id":38},"transliteration":{"text":"ghaybihi","language_name":"english","language_id":38}},{"id":28723,"position":7,"audio_url":"wbw/072_026_007.mp3","qpc_uthmani_hafs":"أَحَدًا","char_type_name":"word","page_number":573,"line_number":13,"text":"ﯻ","translation":{"text":"(to) anyone","language_name":"english","language_id":38},"transliteration":{"text":"aḥadan","language_name":"english","language_id":38}},{"id":28724,"position":8,"audio_url":null,"qpc_uthmani_hafs":"٢٦","char_type_name":"end","page_number":573,"line_number":13,"text":"ﯼ","translation":{"text":"(26)","language_name":"english","language_id":38},"transliteration":{"text":null,"language_name":"english","language_id":38}}],"translations":[{"id":921902,"resource_id":134,"text":"(Dia adalah Tuhan) Yang Mengetahui yang gaib, maka Dia tidak memperlihatkan kepada seorang pun tentang yang gaib itu."}]},{"id":5474,"verse_number":27,"verse_key":"72:27","juz_number":29,"hizb_number":58,"rub_el_hizb_number":229,"ruku_number":509,"manzil_number":7,"sajdah_number":null,"text_uthmani":"إِلَّا مَنِ ٱرْتَضَىٰ مِن رَّسُولٍ فَإِنَّهُۥ يَسْلُكُ مِنۢ بَيْنِ يَدَيْهِ وَمِنْ خَلْفِهِۦ رَصَدًا","page_number":573,"words":[{"id":29848,"position":1,"audio_url":"wbw/072_027_001.mp3","qpc_uthmani_hafs":"إِلَّا","char_type_name":"word","page_number":573,"line_number":13,"text":"ﯽ","translation":{"text":"Except","language_name":"english","language_id":38},"transliteration":{"text":"illā","language_name":"english","language_id":38}},{"id":29849,"position":2,"audio_url":"wbw/072_027_002.mp3","qpc_uthmani_hafs":"مَنِ","char_type_name":"word","page_number":573,"line_number":13,"text":"ﯾ","translation":{"text":"whom","language_name":"english","language_id":38},"transliteration":{"text":"mani","language_name":"english","language_id":38}},{"id":29850,"position":3,"audio_url":"wbw/072_027_003.mp3","qpc_uthmani_hafs":"ٱرۡتَضَىٰ","char_type_name":"word","page_number":573,"line_number":13,"text":"ﯿ","translation":{"text":"He has approved","language_name":"english","language_id":38},"transliteration":{"text":"ir'taḍā","language_name":"english","language_id":38}},{"id":29851,"position":4,"audio_url":"wbw/072_027_004.mp3","qpc_uthmani_hafs":"مِن","char_type_name":"word","page_number":573,"line_number":13,"text":"ﰀ","translation":{"text":"of","language_name":"english","language_id":38},"transliteration":{"text":"min","language_name":"english","language_id":38}},{"id":29852,"position":5,"audio_url":"wbw/072_027_005.mp3","qpc_uthmani_hafs":"رَّسُولٖ","char_type_name":"word","page_number":573,"line_number":13,"text":"ﰁ","translation":{"text":"a Messenger","language_name":"english","language_id":38},"transliteration":{"text":"rasūlin","language_name":"english","language_id":38}},{"id":29853,"position":6,"audio_url":"wbw/072_027_006.mp3","qpc_uthmani_hafs":"فَإِنَّهُۥ","char_type_name":"word","page_number":573,"line_number":13,"text":"ﰂ","translation":{"text":"and indeed, He","language_name":"english","language_id":38},"transliteration":{"text":"fa-innahu","language_name":"english","language_id":38}},{"id":29854,"position":7,"audio_url":"wbw/072_027_007.mp3","qpc_uthmani_hafs":"يَسۡلُكُ","char_type_name":"word","page_number":573,"line_number":14,"text":"ﰃ","translation":{"text":"makes to march","language_name":"english","language_id":38},"transliteration":{"text":"yasluku","language_name":"english","language_id":38}},{"id":29855,"position":8,"audio_url":"wbw/072_027_008.mp3","qpc_uthmani_hafs":"مِنۢ","char_type_name":"word","page_number":573,"line_number":14,"text":"ﰄ","translation":{"text":"from","language_name":"english","language_id":38},"transliteration":{"text":"min","language_name":"english","language_id":38}},{"id":29856,"position":9,"audio_url":"wbw/072_027_009.mp3","qpc_uthmani_hafs":"بَيۡنِ","char_type_name":"word","page_number":573,"line_number":14,"text":"ﰅ","translation":{"text":"before","language_name":"english","language_id":38},"transliteration":{"text":"bayni","language_name":"english","language_id":38}},{"id":29857,"position":10,"audio_url":"wbw/072_027_010.mp3","qpc_uthmani_hafs":"يَدَيۡهِ","char_type_name":"word","page_number":573,"line_number":14,"text":"ﰆ","translation":{"text":"him","language_name":"english","language_id":38},"transliteration":{"text":"yadayhi","language_name":"english","language_id":38}},{"id":29858,"position":11,"audio_url":"wbw/072_027_011.mp3","qpc_uthmani_hafs":"وَمِنۡ","char_type_name":"word","page_number":573,"line_number":14,"text":"ﰇ","translation":{"text":"and from","language_name":"english","language_id":38},"transliteration":{"text":"wamin","language_name":"english","language_id":38}},{"id":29859,"position":12,"audio_url":"wbw/072_027_012.mp3","qpc_uthmani_hafs":"خَلۡفِهِۦ","char_type_name":"word","page_number":573,"line_number":14,"text":"ﰈ","translation":{"text":"behind him","language_name":"english","language_id":38},"transliteration":{"text":"khalfihi","language_name":"english","language_id":38}},{"id":29860,"position":13,"audio_url":"wbw/072_027_013.mp3","qpc_uthmani_hafs":"رَصَدٗا","char_type_name":"word","page_number":573,"line_number":14,"text":"ﰉ","translation":{"text":"a guard","language_name":"english","language_id":38},"transliteration":{"text":"raṣadan","language_name":"english","language_id":38}},{"id":29861,"position":14,"audio_url":null,"qpc_uthmani_hafs":"٢٧","char_type_name":"end","page_number":573,"line_number":14,"text":"ﰊ","translation":{"text":"(27)","language_name":"english","language_id":38},"transliteration":{"text":null,"language_name":"english","language_id":38}}],"translations":[{"id":921903,"resource_id":134,"text":"Kecuali kepada rasul yang diridai-Nya, maka sesungguhnya Dia mengadakan penjaga-penjaga (malaikat) di muka dan di belakangnya."}]},{"id":5475,"verse_number":28,"verse_key":"72:28","juz_number":29,"hizb_number":58,"rub_el_hizb_number":229,"ruku_number":509,"manzil_number":7,"sajdah_number":null,"text_uthmani":"لِّيَعْلَمَ أَن قَدْ أَبْلَغُوا۟ رِسَـٰلَـٰتِ رَبِّهِمْ وَأَحَاطَ بِمَا لَدَيْهِمْ وَأَحْصَىٰ كُلَّ شَىْءٍ عَدَدًۢا","page_number":573,"words":[{"id":30988,"position":1,"audio_url":"wbw/072_028_001.mp3","qpc_uthmani_hafs":"لِّيَعۡلَمَ","char_type_name":"word","page_number":573,"line_number":14,"text":"ﰋ","translation":{"text":"That He may make evident","language_name":"english","language_id":38},"transliteration":{"text":"liyaʿlama","language_name":"english","language_id":38}},{"id":30989,"position":2,"audio_url":"wbw/072_028_002.mp3","qpc_uthmani_hafs":"أَن","char_type_name":"word","page_number":573,"line_number":14,"text":"ﰌ","translation":{"text":"that","language_name":"english","language_id":38},"transliteration":{"text":"an","language_name":"english","language_id":38}},{"id":30990,"position":3,"audio_url":"wbw/072_028_003.mp3","qpc_uthmani_hafs":"قَدۡ","char_type_name":"word","page_number":573,"line_number":14,"text":"ﰍ","translation":{"text":"indeed","language_name":"english","language_id":38},"transliteration":{"text":"qad","language_name":"english","language_id":38}},{"id":30991,"position":4,"audio_url":"wbw/072_028_004.mp3","qpc_uthmani_hafs":"أَبۡلَغُواْ","char_type_name":"word","page_number":573,"line_number":14,"text":"ﰎ","translation":{"text":"they have conveyed","language_name":"english","language_id":38},"transliteration":{"text":"ablaghū","language_name":"english","language_id":38}},{"id":30992,"position":5,"audio_url":"wbw/072_028_005.mp3","qpc_uthmani_hafs":"رِسَٰلَٰتِ","char_type_name":"word","page_number":573,"line_number":15,"text":"ﰏ","translation":{"text":"(the) Messages","language_name":"english","language_id":38},"transliteration":{"text":"risālāti","language_name":"english","language_id":38}},{"id":30993,"position":6,"audio_url":"wbw/072_028_006.mp3","qpc_uthmani_hafs":"رَبِّهِمۡ","char_type_name":"word","page_number":573,"line_number":15,"text":"ﰐ","translation":{"text":"(of) their Lord","language_name":"english","language_id":38},"transliteration":{"text":"rabbihim","language_name":"english","language_id":38}},{"id":30994,"position":7,"audio_url":"wbw/072_028_007.mp3","qpc_uthmani_hafs":"وَأَحَاطَ","char_type_name":"word","page_number":573,"line_number":15,"text":"ﰑ","translation":{"text":"and He has encompassed","language_name":"english","language_id":38},"transliteration":{"text":"wa-aḥāṭa","language_name":"english","language_id":38}},{"id":30995,"position":8,"audio_url":"wbw/072_028_008.mp3","qpc_uthmani_hafs":"بِمَا","char_type_name":"word","page_number":573,"line_number":15,"text":"ﰒ","translation":{"text":"what","language_name":"english","language_id":38},"transliteration":{"text":"bimā","language_name":"english","language_id":38}},{"id":30996,"position":9,"audio_url":"wbw/072_028_009.mp3","qpc_uthmani_hafs":"لَدَيۡهِمۡ","char_type_name":"word","page_number":573,"line_number":15,"text":"ﰓ","translation":{"text":"(is) with them","language_name":"english","language_id":38},"transliteration":{"text":"ladayhim","language_name":"english","language_id":38}},{"id":30997,"position":10,"audio_url":"wbw/072_028_010.mp3","qpc_uthmani_hafs":"وَأَحۡصَىٰ","char_type_name":"word","page_number":573,"line_number":15,"text":"ﰔ","translation":{"text":"and He takes account","language_name":"english","language_id":38},"transliteration":{"text":"wa-aḥṣā","language_name":"english","language_id":38}},{"id":30998,"position":11,"audio_url":"wbw/072_028_011.mp3","qpc_uthmani_hafs":"كُلَّ","char_type_name":"word","page_number":573,"line_number":15,"text":"ﰕ","translation":{"text":"(of) all","language_name":"english","language_id":38},"transliteration":{"text":"kulla","language_name":"english","language_id":38}},{"id":30999,"position":12,"audio_url":"wbw/072_028_012.mp3","qpc_uthmani_hafs":"شَيۡءٍ","char_type_name":"word","page_number":573,"line_number":15,"text":"ﰖ","translation":{"text":"things","language_name":"english","language_id":38},"transliteration":{"text":"shayin","language_name":"english","language_id":38}},{"id":31000,"position":13,"audio_url":"wbw/072_028_013.mp3","qpc_uthmani_hafs":"عَدَدَۢا","char_type_name":"word","page_number":573,"line_number":15,"text":"ﰗ","translation":{"text":"(in) number","language_name":"english","language_id":38},"transliteration":{"text":"ʿadadan","language_name":"english","language_id":38}},{"id":31001,"position":14,"audio_url":null,"qpc_uthmani_hafs":"٢٨","char_type_name":"end","page_number":573,"line_number":15,"text":"ﰘ","translation":{"text":"(28)","language_name":"english","language_id":38},"transliteration":{"text":null,"language_name":"english","language_id":38}}],"translations":[{"id":921904,"resource_id":134,"text":"Supaya Dia mengetahui, bahwa sesungguhnya rasul-rasul itu telah menyampaikan risalah-risalah Tuhan-nya, sedang (sebenarnya) ilmu-Nya meliputi apa yang ada pada mereka, dan Dia menghitung segala sesuatu satu persatu."}]}],"pagination":{"per_page":50,"current_page":1,"next_page":null,"total_pages":1,"total_records":15}}