{"verses":[{"id":5830,"verse_number":1,"verse_key":"82:1","juz_number":30,"hizb_number":59,"rub_el_hizb_number":235,"ruku_number":526,"manzil_number":7,"sajdah_number":null,"text_uthmani":" إِذَا ٱلسَّمَآءُ ٱنفَطَرَتْ","page_number":587,"words":[{"id":699,"position":1,"audio_url":"wbw/082_001_001.mp3","qpc_uthmani_hafs":"إِذَا","char_type_name":"word","page_number":587,"line_number":2,"text":"ﭑ","translation":{"text":"When","language_name":"english","language_id":38},"transliteration":{"text":"idhā","language_name":"english","language_id":38}},{"id":700,"position":2,"audio_url":"wbw/082_001_002.mp3","qpc_uthmani_hafs":"ٱلسَّمَآءُ","char_type_name":"word","page_number":587,"line_number":2,"text":"ﭒ","translation":{"text":"the sky","language_name":"english","language_id":38},"transliteration":{"text":"l-samāu","language_name":"english","language_id":38}},{"id":701,"position":3,"audio_url":"wbw/082_001_003.mp3","qpc_uthmani_hafs":"ٱنفَطَرَتۡ","char_type_name":"word","page_number":587,"line_number":2,"text":"ﭓ","translation":{"text":"(is) cleft asunder","language_name":"english","language_id":38},"transliteration":{"text":"infaṭarat","language_name":"english","language_id":38}},{"id":702,"position":4,"audio_url":null,"qpc_uthmani_hafs":"١","char_type_name":"end","page_number":587,"line_number":2,"text":"ﭔ","translation":{"text":"(1)","language_name":"english","language_id":38},"transliteration":{"text":null,"language_name":"english","language_id":38}}],"translations":[{"id":922259,"resource_id":134,"text":"Apabila langit terbelah,"}]},{"id":5831,"verse_number":2,"verse_key":"82:2","juz_number":30,"hizb_number":59,"rub_el_hizb_number":235,"ruku_number":526,"manzil_number":7,"sajdah_number":null,"text_uthmani":"وَإِذَا ٱلْكَوَاكِبُ ٱنتَثَرَتْ","page_number":587,"words":[{"id":1726,"position":1,"audio_url":"wbw/082_002_001.mp3","qpc_uthmani_hafs":"وَإِذَا","char_type_name":"word","page_number":587,"line_number":2,"text":"ﭕ","translation":{"text":"And when","language_name":"english","language_id":38},"transliteration":{"text":"wa-idhā","language_name":"english","language_id":38}},{"id":1727,"position":2,"audio_url":"wbw/082_002_002.mp3","qpc_uthmani_hafs":"ٱلۡكَوَاكِبُ","char_type_name":"word","page_number":587,"line_number":2,"text":"ﭖ","translation":{"text":"the stars","language_name":"english","language_id":38},"transliteration":{"text":"l-kawākibu","language_name":"english","language_id":38}},{"id":1728,"position":3,"audio_url":"wbw/082_002_003.mp3","qpc_uthmani_hafs":"ٱنتَثَرَتۡ","char_type_name":"word","page_number":587,"line_number":2,"text":"ﭗ","translation":{"text":"scatter","language_name":"english","language_id":38},"transliteration":{"text":"intatharat","language_name":"english","language_id":38}},{"id":1729,"position":4,"audio_url":null,"qpc_uthmani_hafs":"٢","char_type_name":"end","page_number":587,"line_number":2,"text":"ﭘ","translation":{"text":"(2)","language_name":"english","language_id":38},"transliteration":{"text":null,"language_name":"english","language_id":38}}],"translations":[{"id":922260,"resource_id":134,"text":"dan apabila bintang-bintang jatuh berserakan,"}]},{"id":5832,"verse_number":3,"verse_key":"82:3","juz_number":30,"hizb_number":59,"rub_el_hizb_number":235,"ruku_number":526,"manzil_number":7,"sajdah_number":null,"text_uthmani":"وَإِذَا ٱلْبِحَارُ فُجِّرَتْ","page_number":587,"words":[{"id":2849,"position":1,"audio_url":"wbw/082_003_001.mp3","qpc_uthmani_hafs":"وَإِذَا","char_type_name":"word","page_number":587,"line_number":2,"text":"ﭙ","translation":{"text":"And when","language_name":"english","language_id":38},"transliteration":{"text":"wa-idhā","language_name":"english","language_id":38}},{"id":2850,"position":2,"audio_url":"wbw/082_003_002.mp3","qpc_uthmani_hafs":"ٱلۡبِحَارُ","char_type_name":"word","page_number":587,"line_number":2,"text":"ﭚ","translation":{"text":"the seas","language_name":"english","language_id":38},"transliteration":{"text":"l-biḥāru","language_name":"english","language_id":38}},{"id":2851,"position":3,"audio_url":"wbw/082_003_003.mp3","qpc_uthmani_hafs":"فُجِّرَتۡ","char_type_name":"word","page_number":587,"line_number":3,"text":"ﭛ","translation":{"text":"are made to gush forth","language_name":"english","language_id":38},"transliteration":{"text":"fujjirat","language_name":"english","language_id":38}},{"id":2852,"position":4,"audio_url":null,"qpc_uthmani_hafs":"٣","char_type_name":"end","page_number":587,"line_number":3,"text":"ﭜ","translation":{"text":"(3)","language_name":"english","language_id":38},"transliteration":{"text":null,"language_name":"english","language_id":38}}],"translations":[{"id":922261,"resource_id":134,"text":"dan apabila lautan menjadikan meluap,"}]},{"id":5833,"verse_number":4,"verse_key":"82:4","juz_number":30,"hizb_number":59,"rub_el_hizb_number":235,"ruku_number":526,"manzil_number":7,"sajdah_number":null,"text_uthmani":"وَإِذَا ٱلْقُبُورُ بُعْثِرَتْ","page_number":587,"words":[{"id":4214,"position":1,"audio_url":"wbw/082_004_001.mp3","qpc_uthmani_hafs":"وَإِذَا","char_type_name":"word","page_number":587,"line_number":3,"text":"ﭝ","translation":{"text":"And when","language_name":"english","language_id":38},"transliteration":{"text":"wa-idhā","language_name":"english","language_id":38}},{"id":4215,"position":2,"audio_url":"wbw/082_004_002.mp3","qpc_uthmani_hafs":"ٱلۡقُبُورُ","char_type_name":"word","page_number":587,"line_number":3,"text":"ﭞ","translation":{"text":"the graves","language_name":"english","language_id":38},"transliteration":{"text":"l-qubūru","language_name":"english","language_id":38}},{"id":4216,"position":3,"audio_url":"wbw/082_004_003.mp3","qpc_uthmani_hafs":"بُعۡثِرَتۡ","char_type_name":"word","page_number":587,"line_number":3,"text":"ﭟ","translation":{"text":"are overturned","language_name":"english","language_id":38},"transliteration":{"text":"buʿ'thirat","language_name":"english","language_id":38}},{"id":4217,"position":4,"audio_url":null,"qpc_uthmani_hafs":"٤","char_type_name":"end","page_number":587,"line_number":3,"text":"ﭠ","translation":{"text":"(4)","language_name":"english","language_id":38},"transliteration":{"text":null,"language_name":"english","language_id":38}}],"translations":[{"id":922262,"resource_id":134,"text":"dan apabila kuburan-kuburan dibongkar,"}]},{"id":5834,"verse_number":5,"verse_key":"82:5","juz_number":30,"hizb_number":59,"rub_el_hizb_number":235,"ruku_number":526,"manzil_number":7,"sajdah_number":null,"text_uthmani":"عَلِمَتْ نَفْسٌ مَّا قَدَّمَتْ وَأَخَّرَتْ","page_number":587,"words":[{"id":5479,"position":1,"audio_url":"wbw/082_005_001.mp3","qpc_uthmani_hafs":"عَلِمَتۡ","char_type_name":"word","page_number":587,"line_number":3,"text":"ﭡ","translation":{"text":"Will know","language_name":"english","language_id":38},"transliteration":{"text":"ʿalimat","language_name":"english","language_id":38}},{"id":5480,"position":2,"audio_url":"wbw/082_005_002.mp3","qpc_uthmani_hafs":"نَفۡسٞ","char_type_name":"word","page_number":587,"line_number":3,"text":"ﭢ","translation":{"text":"a soul","language_name":"english","language_id":38},"transliteration":{"text":"nafsun","language_name":"english","language_id":38}},{"id":5481,"position":3,"audio_url":"wbw/082_005_003.mp3","qpc_uthmani_hafs":"مَّا","char_type_name":"word","page_number":587,"line_number":3,"text":"ﭣ","translation":{"text":"what","language_name":"english","language_id":38},"transliteration":{"text":"mā","language_name":"english","language_id":38}},{"id":5482,"position":4,"audio_url":"wbw/082_005_004.mp3","qpc_uthmani_hafs":"قَدَّمَتۡ","char_type_name":"word","page_number":587,"line_number":3,"text":"ﭤ","translation":{"text":"it has sent forth","language_name":"english","language_id":38},"transliteration":{"text":"qaddamat","language_name":"english","language_id":38}},{"id":5483,"position":5,"audio_url":"wbw/082_005_005.mp3","qpc_uthmani_hafs":"وَأَخَّرَتۡ","char_type_name":"word","page_number":587,"line_number":4,"text":"ﭥ","translation":{"text":"and left behind","language_name":"english","language_id":38},"transliteration":{"text":"wa-akharat","language_name":"english","language_id":38}},{"id":5484,"position":6,"audio_url":null,"qpc_uthmani_hafs":"٥","char_type_name":"end","page_number":587,"line_number":4,"text":"ﭦ","translation":{"text":"(5)","language_name":"english","language_id":38},"transliteration":{"text":null,"language_name":"english","language_id":38}}],"translations":[{"id":922263,"resource_id":134,"text":"maka tiap-tiap jiwa akan mengetahui apa yang telah dikerjakan dan yang dilalaikannya."}]},{"id":5835,"verse_number":6,"verse_key":"82:6","juz_number":30,"hizb_number":59,"rub_el_hizb_number":235,"ruku_number":526,"manzil_number":7,"sajdah_number":null,"text_uthmani":"يَـٰٓأَيُّهَا ٱلْإِنسَـٰنُ مَا غَرَّكَ بِرَبِّكَ ٱلْكَرِيمِ","page_number":587,"words":[{"id":6707,"position":1,"audio_url":"wbw/082_006_001.mp3","qpc_uthmani_hafs":"يَٰٓأَيُّهَا","char_type_name":"word","page_number":587,"line_number":4,"text":"ﭧ","translation":{"text":"O","language_name":"english","language_id":38},"transliteration":{"text":"yāayyuhā","language_name":"english","language_id":38}},{"id":6708,"position":2,"audio_url":"wbw/082_006_002.mp3","qpc_uthmani_hafs":"ٱلۡإِنسَٰنُ","char_type_name":"word","page_number":587,"line_number":4,"text":"ﭨ","translation":{"text":"man","language_name":"english","language_id":38},"transliteration":{"text":"l-insānu","language_name":"english","language_id":38}},{"id":6709,"position":3,"audio_url":"wbw/082_006_003.mp3","qpc_uthmani_hafs":"مَا","char_type_name":"word","page_number":587,"line_number":4,"text":"ﭩ","translation":{"text":"What","language_name":"english","language_id":38},"transliteration":{"text":"mā","language_name":"english","language_id":38}},{"id":6710,"position":4,"audio_url":"wbw/082_006_004.mp3","qpc_uthmani_hafs":"غَرَّكَ","char_type_name":"word","page_number":587,"line_number":4,"text":"ﭪ","translation":{"text":"has deceived you","language_name":"english","language_id":38},"transliteration":{"text":"gharraka","language_name":"english","language_id":38}},{"id":6711,"position":5,"audio_url":"wbw/082_006_005.mp3","qpc_uthmani_hafs":"بِرَبِّكَ","char_type_name":"word","page_number":587,"line_number":4,"text":"ﭫ","translation":{"text":"concerning your Lord","language_name":"english","language_id":38},"transliteration":{"text":"birabbika","language_name":"english","language_id":38}},{"id":6712,"position":6,"audio_url":"wbw/082_006_006.mp3","qpc_uthmani_hafs":"ٱلۡكَرِيمِ","char_type_name":"word","page_number":587,"line_number":4,"text":"ﭬ","translation":{"text":"the Most Noble","language_name":"english","language_id":38},"transliteration":{"text":"l-karīmi","language_name":"english","language_id":38}},{"id":6713,"position":7,"audio_url":null,"qpc_uthmani_hafs":"٦","char_type_name":"end","page_number":587,"line_number":4,"text":"ﭭ","translation":{"text":"(6)","language_name":"english","language_id":38},"transliteration":{"text":null,"language_name":"english","language_id":38}}],"translations":[{"id":922264,"resource_id":134,"text":"Hai manusia, apakah yang telah memperdayakan kamu (berbuat durhaka) terhadap Tuhan-mu Yang Maha Pemurah."}]},{"id":5836,"verse_number":7,"verse_key":"82:7","juz_number":30,"hizb_number":59,"rub_el_hizb_number":235,"ruku_number":526,"manzil_number":7,"sajdah_number":null,"text_uthmani":"ٱلَّذِى خَلَقَكَ فَسَوَّىٰكَ فَعَدَلَكَ","page_number":587,"words":[{"id":8056,"position":1,"audio_url":"wbw/082_007_001.mp3","qpc_uthmani_hafs":"ٱلَّذِي","char_type_name":"word","page_number":587,"line_number":4,"text":"ﭮ","translation":{"text":"Who","language_name":"english","language_id":38},"transliteration":{"text":"alladhī","language_name":"english","language_id":38}},{"id":8057,"position":2,"audio_url":"wbw/082_007_002.mp3","qpc_uthmani_hafs":"خَلَقَكَ","char_type_name":"word","page_number":587,"line_number":5,"text":"ﭯ","translation":{"text":"created you","language_name":"english","language_id":38},"transliteration":{"text":"khalaqaka","language_name":"english","language_id":38}},{"id":8058,"position":3,"audio_url":"wbw/082_007_003.mp3","qpc_uthmani_hafs":"فَسَوَّىٰكَ","char_type_name":"word","page_number":587,"line_number":5,"text":"ﭰ","translation":{"text":"then fashioned you","language_name":"english","language_id":38},"transliteration":{"text":"fasawwāka","language_name":"english","language_id":38}},{"id":8059,"position":4,"audio_url":"wbw/082_007_004.mp3","qpc_uthmani_hafs":"فَعَدَلَكَ","char_type_name":"word","page_number":587,"line_number":5,"text":"ﭱ","translation":{"text":"then balanced you","language_name":"english","language_id":38},"transliteration":{"text":"faʿadalaka","language_name":"english","language_id":38}},{"id":8060,"position":5,"audio_url":null,"qpc_uthmani_hafs":"٧","char_type_name":"end","page_number":587,"line_number":5,"text":"ﭲ","translation":{"text":"(7)","language_name":"english","language_id":38},"transliteration":{"text":null,"language_name":"english","language_id":38}}],"translations":[{"id":922265,"resource_id":134,"text":"Yang telah menciptakan kamu lalu menyempurnakan kejadianmu dan menjadikan (susunan tubuh)mu seimbang,"}]},{"id":5837,"verse_number":8,"verse_key":"82:8","juz_number":30,"hizb_number":59,"rub_el_hizb_number":235,"ruku_number":526,"manzil_number":7,"sajdah_number":null,"text_uthmani":"فِىٓ أَىِّ صُورَةٍ مَّا شَآءَ رَكَّبَكَ","page_number":587,"words":[{"id":9226,"position":1,"audio_url":"wbw/082_008_001.mp3","qpc_uthmani_hafs":"فِيٓ","char_type_name":"word","page_number":587,"line_number":5,"text":"ﭳ","translation":{"text":"In","language_name":"english","language_id":38},"transliteration":{"text":"fī","language_name":"english","language_id":38}},{"id":9227,"position":2,"audio_url":"wbw/082_008_002.mp3","qpc_uthmani_hafs":"أَيِّ","char_type_name":"word","page_number":587,"line_number":5,"text":"ﭴ","translation":{"text":"whatever","language_name":"english","language_id":38},"transliteration":{"text":"ayyi","language_name":"english","language_id":38}},{"id":9228,"position":3,"audio_url":"wbw/082_008_003.mp3","qpc_uthmani_hafs":"صُورَةٖ","char_type_name":"word","page_number":587,"line_number":5,"text":"ﭵ","translation":{"text":"form","language_name":"english","language_id":38},"transliteration":{"text":"ṣūratin","language_name":"english","language_id":38}},{"id":9229,"position":4,"audio_url":"wbw/082_008_004.mp3","qpc_uthmani_hafs":"مَّا","char_type_name":"word","page_number":587,"line_number":5,"text":"ﭶ","translation":{"text":"what","language_name":"english","language_id":38},"transliteration":{"text":"mā","language_name":"english","language_id":38}},{"id":9230,"position":5,"audio_url":"wbw/082_008_005.mp3","qpc_uthmani_hafs":"شَآءَ","char_type_name":"word","page_number":587,"line_number":5,"text":"ﭷ","translation":{"text":"He willed","language_name":"english","language_id":38},"transliteration":{"text":"shāa","language_name":"english","language_id":38}},{"id":9231,"position":6,"audio_url":"wbw/082_008_006.mp3","qpc_uthmani_hafs":"رَكَّبَكَ","char_type_name":"word","page_number":587,"line_number":5,"text":"ﭸ","translation":{"text":"He assembled you","language_name":"english","language_id":38},"transliteration":{"text":"rakkabaka","language_name":"english","language_id":38}},{"id":9232,"position":7,"audio_url":null,"qpc_uthmani_hafs":"٨","char_type_name":"end","page_number":587,"line_number":5,"text":"ﭹ","translation":{"text":"(8)","language_name":"english","language_id":38},"transliteration":{"text":null,"language_name":"english","language_id":38}}],"translations":[{"id":922266,"resource_id":134,"text":"dalam bentuk apa saja yang Dia kehendaki, Dia menyusun tubuhmu."}]},{"id":5838,"verse_number":9,"verse_key":"82:9","juz_number":30,"hizb_number":59,"rub_el_hizb_number":235,"ruku_number":526,"manzil_number":7,"sajdah_number":null,"text_uthmani":"كَلَّا بَلْ تُكَذِّبُونَ بِٱلدِّينِ","page_number":587,"words":[{"id":10425,"position":1,"audio_url":"wbw/082_009_001.mp3","qpc_uthmani_hafs":"كـَلَّا","char_type_name":"word","page_number":587,"line_number":6,"text":"ﭺ","translation":{"text":"Nay","language_name":"english","language_id":38},"transliteration":{"text":"kallā","language_name":"english","language_id":38}},{"id":10426,"position":2,"audio_url":"wbw/082_009_002.mp3","qpc_uthmani_hafs":"بَلۡ","char_type_name":"word","page_number":587,"line_number":6,"text":"ﭻ","translation":{"text":"But","language_name":"english","language_id":38},"transliteration":{"text":"bal","language_name":"english","language_id":38}},{"id":10427,"position":3,"audio_url":"wbw/082_009_003.mp3","qpc_uthmani_hafs":"تُكَذِّبُونَ","char_type_name":"word","page_number":587,"line_number":6,"text":"ﭼ","translation":{"text":"you deny","language_name":"english","language_id":38},"transliteration":{"text":"tukadhibūna","language_name":"english","language_id":38}},{"id":10428,"position":4,"audio_url":"wbw/082_009_004.mp3","qpc_uthmani_hafs":"بِٱلدِّينِ","char_type_name":"word","page_number":587,"line_number":6,"text":"ﭽ","translation":{"text":"the Judgment","language_name":"english","language_id":38},"transliteration":{"text":"bil-dīni","language_name":"english","language_id":38}},{"id":10429,"position":5,"audio_url":null,"qpc_uthmani_hafs":"٩","char_type_name":"end","page_number":587,"line_number":6,"text":"ﭾ","translation":{"text":"(9)","language_name":"english","language_id":38},"transliteration":{"text":null,"language_name":"english","language_id":38}}],"translations":[{"id":922267,"resource_id":134,"text":"Bukan hanya durhaka saja, bahkan kamu mendustakan hari pembalasan."}]},{"id":5839,"verse_number":10,"verse_key":"82:10","juz_number":30,"hizb_number":59,"rub_el_hizb_number":235,"ruku_number":526,"manzil_number":7,"sajdah_number":null,"text_uthmani":"وَإِنَّ عَلَيْكُمْ لَحَـٰفِظِينَ","page_number":587,"words":[{"id":11831,"position":1,"audio_url":"wbw/082_010_001.mp3","qpc_uthmani_hafs":"وَإِنَّ","char_type_name":"word","page_number":587,"line_number":6,"text":"ﭿ","translation":{"text":"And indeed","language_name":"english","language_id":38},"transliteration":{"text":"wa-inna","language_name":"english","language_id":38}},{"id":11832,"position":2,"audio_url":"wbw/082_010_002.mp3","qpc_uthmani_hafs":"عَلَيۡكُمۡ","char_type_name":"word","page_number":587,"line_number":6,"text":"ﮀ","translation":{"text":"over you","language_name":"english","language_id":38},"transliteration":{"text":"ʿalaykum","language_name":"english","language_id":38}},{"id":11833,"position":3,"audio_url":"wbw/082_010_003.mp3","qpc_uthmani_hafs":"لَحَٰفِظِينَ","char_type_name":"word","page_number":587,"line_number":6,"text":"ﮁ","translation":{"text":"(are) surely guardians","language_name":"english","language_id":38},"transliteration":{"text":"laḥāfiẓīna","language_name":"english","language_id":38}},{"id":11834,"position":4,"audio_url":null,"qpc_uthmani_hafs":"١٠","char_type_name":"end","page_number":587,"line_number":6,"text":"ﮂ","translation":{"text":"(10)","language_name":"english","language_id":38},"transliteration":{"text":null,"language_name":"english","language_id":38}}],"translations":[{"id":922268,"resource_id":134,"text":"Padahal sesungguhnya bagi kamu ada (malaikat-malaikat) yang mengawasi (pekerjaanmu),"}]},{"id":5840,"verse_number":11,"verse_key":"82:11","juz_number":30,"hizb_number":59,"rub_el_hizb_number":235,"ruku_number":526,"manzil_number":7,"sajdah_number":null,"text_uthmani":"كِرَامًا كَـٰتِبِينَ","page_number":587,"words":[{"id":13006,"position":1,"audio_url":"wbw/082_011_001.mp3","qpc_uthmani_hafs":"كِرَامٗا","char_type_name":"word","page_number":587,"line_number":6,"text":"ﮃ","translation":{"text":"Noble","language_name":"english","language_id":38},"transliteration":{"text":"kirāman","language_name":"english","language_id":38}},{"id":13007,"position":2,"audio_url":"wbw/082_011_002.mp3","qpc_uthmani_hafs":"كَٰتِبِينَ","char_type_name":"word","page_number":587,"line_number":7,"text":"ﮄ","translation":{"text":"recording","language_name":"english","language_id":38},"transliteration":{"text":"kātibīna","language_name":"english","language_id":38}},{"id":13008,"position":3,"audio_url":null,"qpc_uthmani_hafs":"١١","char_type_name":"end","page_number":587,"line_number":7,"text":"ﮅ","translation":{"text":"(11)","language_name":"english","language_id":38},"transliteration":{"text":null,"language_name":"english","language_id":38}}],"translations":[{"id":922269,"resource_id":134,"text":"yang mulia (di sisi Allah) dan mencatat (pekerjaan-pekerjaanmu itu),"}]},{"id":5841,"verse_number":12,"verse_key":"82:12","juz_number":30,"hizb_number":59,"rub_el_hizb_number":235,"ruku_number":526,"manzil_number":7,"sajdah_number":null,"text_uthmani":"يَعْلَمُونَ مَا تَفْعَلُونَ","page_number":587,"words":[{"id":14263,"position":1,"audio_url":"wbw/082_012_001.mp3","qpc_uthmani_hafs":"يَعۡلَمُونَ","char_type_name":"word","page_number":587,"line_number":7,"text":"ﮆ","translation":{"text":"They know","language_name":"english","language_id":38},"transliteration":{"text":"yaʿlamūna","language_name":"english","language_id":38}},{"id":14264,"position":2,"audio_url":"wbw/082_012_002.mp3","qpc_uthmani_hafs":"مَا","char_type_name":"word","page_number":587,"line_number":7,"text":"ﮇ","translation":{"text":"whatever","language_name":"english","language_id":38},"transliteration":{"text":"mā","language_name":"english","language_id":38}},{"id":14265,"position":3,"audio_url":"wbw/082_012_003.mp3","qpc_uthmani_hafs":"تَفۡعَلُونَ","char_type_name":"word","page_number":587,"line_number":7,"text":"ﮈ","translation":{"text":"you do","language_name":"english","language_id":38},"transliteration":{"text":"tafʿalūna","language_name":"english","language_id":38}},{"id":14266,"position":4,"audio_url":null,"qpc_uthmani_hafs":"١٢","char_type_name":"end","page_number":587,"line_number":7,"text":"ﮉ","translation":{"text":"(12)","language_name":"english","language_id":38},"transliteration":{"text":null,"language_name":"english","language_id":38}}],"translations":[{"id":922270,"resource_id":134,"text":"mereka mengetahui apa yang kamu kerjakan."}]},{"id":5842,"verse_number":13,"verse_key":"82:13","juz_number":30,"hizb_number":59,"rub_el_hizb_number":235,"ruku_number":526,"manzil_number":7,"sajdah_number":null,"text_uthmani":"إِنَّ ٱلْأَبْرَارَ لَفِى نَعِيمٍ","page_number":587,"words":[{"id":15378,"position":1,"audio_url":"wbw/082_013_001.mp3","qpc_uthmani_hafs":"إِنَّ","char_type_name":"word","page_number":587,"line_number":7,"text":"ﮊ","translation":{"text":"Indeed","language_name":"english","language_id":38},"transliteration":{"text":"inna","language_name":"english","language_id":38}},{"id":15379,"position":2,"audio_url":"wbw/082_013_002.mp3","qpc_uthmani_hafs":"ٱلۡأَبۡرَارَ","char_type_name":"word","page_number":587,"line_number":7,"text":"ﮋ","translation":{"text":"the righteous","language_name":"english","language_id":38},"transliteration":{"text":"l-abrāra","language_name":"english","language_id":38}},{"id":15380,"position":3,"audio_url":"wbw/082_013_003.mp3","qpc_uthmani_hafs":"لَفِي","char_type_name":"word","page_number":587,"line_number":7,"text":"ﮌ","translation":{"text":"(will be) surely in","language_name":"english","language_id":38},"transliteration":{"text":"lafī","language_name":"english","language_id":38}},{"id":15381,"position":4,"audio_url":"wbw/082_013_004.mp3","qpc_uthmani_hafs":"نَعِيمٖ","char_type_name":"word","page_number":587,"line_number":7,"text":"ﮍ","translation":{"text":"bliss","language_name":"english","language_id":38},"transliteration":{"text":"naʿīmin","language_name":"english","language_id":38}},{"id":15382,"position":5,"audio_url":null,"qpc_uthmani_hafs":"١٣","char_type_name":"end","page_number":587,"line_number":7,"text":"ﮎ","translation":{"text":"(13)","language_name":"english","language_id":38},"transliteration":{"text":null,"language_name":"english","language_id":38}}],"translations":[{"id":922271,"resource_id":134,"text":"Sesungguhnya orang-orang yang banyak berbakti benar-benar berada dalam surga yang penuh keni'matan,"}]},{"id":5843,"verse_number":14,"verse_key":"82:14","juz_number":30,"hizb_number":59,"rub_el_hizb_number":235,"ruku_number":526,"manzil_number":7,"sajdah_number":null,"text_uthmani":"وَإِنَّ ٱلْفُجَّارَ لَفِى جَحِيمٍ","page_number":587,"words":[{"id":16432,"position":1,"audio_url":"wbw/082_014_001.mp3","qpc_uthmani_hafs":"وَإِنَّ","char_type_name":"word","page_number":587,"line_number":7,"text":"ﮏ","translation":{"text":"And indeed","language_name":"english","language_id":38},"transliteration":{"text":"wa-inna","language_name":"english","language_id":38}},{"id":16433,"position":2,"audio_url":"wbw/082_014_002.mp3","qpc_uthmani_hafs":"ٱلۡفُجَّارَ","char_type_name":"word","page_number":587,"line_number":8,"text":"ﮐ","translation":{"text":"the wicked","language_name":"english","language_id":38},"transliteration":{"text":"l-fujāra","language_name":"english","language_id":38}},{"id":16434,"position":3,"audio_url":"wbw/082_014_003.mp3","qpc_uthmani_hafs":"لَفِي","char_type_name":"word","page_number":587,"line_number":8,"text":"ﮑ","translation":{"text":"(will be) surely in","language_name":"english","language_id":38},"transliteration":{"text":"lafī","language_name":"english","language_id":38}},{"id":16435,"position":4,"audio_url":"wbw/082_014_004.mp3","qpc_uthmani_hafs":"جَحِيمٖ","char_type_name":"word","page_number":587,"line_number":8,"text":"ﮒ","translation":{"text":"Hellfire","language_name":"english","language_id":38},"transliteration":{"text":"jaḥīmin","language_name":"english","language_id":38}},{"id":16436,"position":5,"audio_url":null,"qpc_uthmani_hafs":"١٤","char_type_name":"end","page_number":587,"line_number":8,"text":"ﮓ","translation":{"text":"(14)","language_name":"english","language_id":38},"transliteration":{"text":null,"language_name":"english","language_id":38}}],"translations":[{"id":922272,"resource_id":134,"text":"dan sesungguhnya orang-orang yang durhaka benar-benar berada dalam neraka."}]},{"id":5844,"verse_number":15,"verse_key":"82:15","juz_number":30,"hizb_number":59,"rub_el_hizb_number":235,"ruku_number":526,"manzil_number":7,"sajdah_number":null,"text_uthmani":"يَصْلَوْنَهَا يَوْمَ ٱلدِّينِ","page_number":587,"words":[{"id":17585,"position":1,"audio_url":"wbw/082_015_001.mp3","qpc_uthmani_hafs":"يَصۡلَوۡنَهَا","char_type_name":"word","page_number":587,"line_number":8,"text":"ﮔ","translation":{"text":"They will burn (in) it","language_name":"english","language_id":38},"transliteration":{"text":"yaṣlawnahā","language_name":"english","language_id":38}},{"id":17586,"position":2,"audio_url":"wbw/082_015_002.mp3","qpc_uthmani_hafs":"يَوۡمَ","char_type_name":"word","page_number":587,"line_number":8,"text":"ﮕ","translation":{"text":"(on the) Day","language_name":"english","language_id":38},"transliteration":{"text":"yawma","language_name":"english","language_id":38}},{"id":17587,"position":3,"audio_url":"wbw/082_015_003.mp3","qpc_uthmani_hafs":"ٱلدِّينِ","char_type_name":"word","page_number":587,"line_number":8,"text":"ﮖ","translation":{"text":"(of) the Judgment","language_name":"english","language_id":38},"transliteration":{"text":"l-dīni","language_name":"english","language_id":38}},{"id":17588,"position":4,"audio_url":null,"qpc_uthmani_hafs":"١٥","char_type_name":"end","page_number":587,"line_number":8,"text":"ﮗ","translation":{"text":"(15)","language_name":"english","language_id":38},"transliteration":{"text":null,"language_name":"english","language_id":38}}],"translations":[{"id":922273,"resource_id":134,"text":"Mereka masuk ke dalamnya pada hari pembalasan."}]},{"id":5845,"verse_number":16,"verse_key":"82:16","juz_number":30,"hizb_number":59,"rub_el_hizb_number":235,"ruku_number":526,"manzil_number":7,"sajdah_number":null,"text_uthmani":"وَمَا هُمْ عَنْهَا بِغَآئِبِينَ","page_number":587,"words":[{"id":18628,"position":1,"audio_url":"wbw/082_016_001.mp3","qpc_uthmani_hafs":"وَمَا","char_type_name":"word","page_number":587,"line_number":8,"text":"ﮘ","translation":{"text":"And not","language_name":"english","language_id":38},"transliteration":{"text":"wamā","language_name":"english","language_id":38}},{"id":18629,"position":2,"audio_url":"wbw/082_016_002.mp3","qpc_uthmani_hafs":"هُمۡ","char_type_name":"word","page_number":587,"line_number":8,"text":"ﮙ","translation":{"text":"they","language_name":"english","language_id":38},"transliteration":{"text":"hum","language_name":"english","language_id":38}},{"id":18630,"position":3,"audio_url":"wbw/082_016_003.mp3","qpc_uthmani_hafs":"عَنۡهَا","char_type_name":"word","page_number":587,"line_number":8,"text":"ﮚ","translation":{"text":"from it","language_name":"english","language_id":38},"transliteration":{"text":"ʿanhā","language_name":"english","language_id":38}},{"id":18631,"position":4,"audio_url":"wbw/082_016_004.mp3","qpc_uthmani_hafs":"بِغَآئِبِينَ","char_type_name":"word","page_number":587,"line_number":8,"text":"ﮛ","translation":{"text":"(will be) absent","language_name":"english","language_id":38},"transliteration":{"text":"bighāibīna","language_name":"english","language_id":38}},{"id":18632,"position":5,"audio_url":null,"qpc_uthmani_hafs":"١٦","char_type_name":"end","page_number":587,"line_number":9,"text":"ﮜ","translation":{"text":"(16)","language_name":"english","language_id":38},"transliteration":{"text":null,"language_name":"english","language_id":38}}],"translations":[{"id":922274,"resource_id":134,"text":"Dan mereka sekali-kali tidak dapat keluar dari neraka itu."}]},{"id":5846,"verse_number":17,"verse_key":"82:17","juz_number":30,"hizb_number":59,"rub_el_hizb_number":235,"ruku_number":526,"manzil_number":7,"sajdah_number":null,"text_uthmani":"وَمَآ أَدْرَىٰكَ مَا يَوْمُ ٱلدِّينِ","page_number":587,"words":[{"id":19681,"position":1,"audio_url":"wbw/082_017_001.mp3","qpc_uthmani_hafs":"وَمَآ","char_type_name":"word","page_number":587,"line_number":9,"text":"ﮝ","translation":{"text":"And what","language_name":"english","language_id":38},"transliteration":{"text":"wamā","language_name":"english","language_id":38}},{"id":19682,"position":2,"audio_url":"wbw/082_017_002.mp3","qpc_uthmani_hafs":"أَدۡرَىٰكَ","char_type_name":"word","page_number":587,"line_number":9,"text":"ﮞ","translation":{"text":"can make you know","language_name":"english","language_id":38},"transliteration":{"text":"adrāka","language_name":"english","language_id":38}},{"id":19683,"position":3,"audio_url":"wbw/082_017_003.mp3","qpc_uthmani_hafs":"مَا","char_type_name":"word","page_number":587,"line_number":9,"text":"ﮟ","translation":{"text":"what","language_name":"english","language_id":38},"transliteration":{"text":"mā","language_name":"english","language_id":38}},{"id":19684,"position":4,"audio_url":"wbw/082_017_004.mp3","qpc_uthmani_hafs":"يَوۡمُ","char_type_name":"word","page_number":587,"line_number":9,"text":"ﮠ","translation":{"text":"(is the) Day","language_name":"english","language_id":38},"transliteration":{"text":"yawmu","language_name":"english","language_id":38}},{"id":19685,"position":5,"audio_url":"wbw/082_017_005.mp3","qpc_uthmani_hafs":"ٱلدِّينِ","char_type_name":"word","page_number":587,"line_number":9,"text":"ﮡ","translation":{"text":"(of) the Judgment","language_name":"english","language_id":38},"transliteration":{"text":"l-dīni","language_name":"english","language_id":38}},{"id":19686,"position":6,"audio_url":null,"qpc_uthmani_hafs":"١٧","char_type_name":"end","page_number":587,"line_number":9,"text":"ﮢ","translation":{"text":"(17)","language_name":"english","language_id":38},"transliteration":{"text":null,"language_name":"english","language_id":38}}],"translations":[{"id":922275,"resource_id":134,"text":"Tahukah kamu apakah hari pembalasan itu?"}]},{"id":5847,"verse_number":18,"verse_key":"82:18","juz_number":30,"hizb_number":59,"rub_el_hizb_number":235,"ruku_number":526,"manzil_number":7,"sajdah_number":null,"text_uthmani":"ثُمَّ مَآ أَدْرَىٰكَ مَا يَوْمُ ٱلدِّينِ","page_number":587,"words":[{"id":20783,"position":1,"audio_url":"wbw/082_018_001.mp3","qpc_uthmani_hafs":"ثُمَّ","char_type_name":"word","page_number":587,"line_number":9,"text":"ﮣ","translation":{"text":"Then","language_name":"english","language_id":38},"transliteration":{"text":"thumma","language_name":"english","language_id":38}},{"id":20784,"position":2,"audio_url":"wbw/082_018_002.mp3","qpc_uthmani_hafs":"مَآ","char_type_name":"word","page_number":587,"line_number":9,"text":"ﮤ","translation":{"text":"what","language_name":"english","language_id":38},"transliteration":{"text":"mā","language_name":"english","language_id":38}},{"id":20785,"position":3,"audio_url":"wbw/082_018_003.mp3","qpc_uthmani_hafs":"أَدۡرَىٰكَ","char_type_name":"word","page_number":587,"line_number":9,"text":"ﮥ","translation":{"text":"can make you know","language_name":"english","language_id":38},"transliteration":{"text":"adrāka","language_name":"english","language_id":38}},{"id":20786,"position":4,"audio_url":"wbw/082_018_004.mp3","qpc_uthmani_hafs":"مَا","char_type_name":"word","page_number":587,"line_number":9,"text":"ﮦ","translation":{"text":"what","language_name":"english","language_id":38},"transliteration":{"text":"mā","language_name":"english","language_id":38}},{"id":20787,"position":5,"audio_url":"wbw/082_018_005.mp3","qpc_uthmani_hafs":"يَوۡمُ","char_type_name":"word","page_number":587,"line_number":9,"text":"ﮧ","translation":{"text":"(is the) Day","language_name":"english","language_id":38},"transliteration":{"text":"yawmu","language_name":"english","language_id":38}},{"id":20788,"position":6,"audio_url":"wbw/082_018_006.mp3","qpc_uthmani_hafs":"ٱلدِّينِ","char_type_name":"word","page_number":587,"line_number":9,"text":"ﮨ","translation":{"text":"(of) the Judgment","language_name":"english","language_id":38},"transliteration":{"text":"l-dīni","language_name":"english","language_id":38}},{"id":20789,"position":7,"audio_url":null,"qpc_uthmani_hafs":"١٨","char_type_name":"end","page_number":587,"line_number":10,"text":"ﮩ","translation":{"text":"(18)","language_name":"english","language_id":38},"transliteration":{"text":null,"language_name":"english","language_id":38}}],"translations":[{"id":922276,"resource_id":134,"text":"Sekali lagi, tahukah kamu apakah hari pembalasan itu?"}]},{"id":5848,"verse_number":19,"verse_key":"82:19","juz_number":30,"hizb_number":59,"rub_el_hizb_number":235,"ruku_number":526,"manzil_number":7,"sajdah_number":null,"text_uthmani":"يَوْمَ لَا تَمْلِكُ نَفْسٌ لِّنَفْسٍ شَيْـًٔا ۖ وَٱلْأَمْرُ يَوْمَئِذٍ لِّلَّهِ","page_number":587,"words":[{"id":21813,"position":1,"audio_url":"wbw/082_019_001.mp3","qpc_uthmani_hafs":"يَوۡمَ","char_type_name":"word","page_number":587,"line_number":10,"text":"ﮪ","translation":{"text":"(The) Day","language_name":"english","language_id":38},"transliteration":{"text":"yawma","language_name":"english","language_id":38}},{"id":21814,"position":2,"audio_url":"wbw/082_019_002.mp3","qpc_uthmani_hafs":"لَا","char_type_name":"word","page_number":587,"line_number":10,"text":"ﮫ","translation":{"text":"not","language_name":"english","language_id":38},"transliteration":{"text":"lā","language_name":"english","language_id":38}},{"id":21815,"position":3,"audio_url":"wbw/082_019_003.mp3","qpc_uthmani_hafs":"تَمۡلِكُ","char_type_name":"word","page_number":587,"line_number":10,"text":"ﮬ","translation":{"text":"will have power","language_name":"english","language_id":38},"transliteration":{"text":"tamliku","language_name":"english","language_id":38}},{"id":21816,"position":4,"audio_url":"wbw/082_019_004.mp3","qpc_uthmani_hafs":"نَفۡسٞ","char_type_name":"word","page_number":587,"line_number":10,"text":"ﮭ","translation":{"text":"a soul","language_name":"english","language_id":38},"transliteration":{"text":"nafsun","language_name":"english","language_id":38}},{"id":21817,"position":5,"audio_url":"wbw/082_019_005.mp3","qpc_uthmani_hafs":"لِّنَفۡسٖ","char_type_name":"word","page_number":587,"line_number":10,"text":"ﮮ","translation":{"text":"for a soul","language_name":"english","language_id":38},"transliteration":{"text":"linafsin","language_name":"english","language_id":38}},{"id":21818,"position":6,"audio_url":"wbw/082_019_006.mp3","qpc_uthmani_hafs":"شَيۡـٔٗاۖ","char_type_name":"word","page_number":587,"line_number":10,"text":"ﮯﮰ","translation":{"text":"anything","language_name":"english","language_id":38},"transliteration":{"text":"shayan","language_name":"english","language_id":38}},{"id":21820,"position":7,"audio_url":"wbw/082_019_008.mp3","qpc_uthmani_hafs":"وَٱلۡأَمۡرُ","char_type_name":"word","page_number":587,"line_number":10,"text":"ﮱ","translation":{"text":"and the Command","language_name":"english","language_id":38},"transliteration":{"text":"wal-amru","language_name":"english","language_id":38}},{"id":21821,"position":8,"audio_url":"wbw/082_019_009.mp3","qpc_uthmani_hafs":"يَوۡمَئِذٖ","char_type_name":"word","page_number":587,"line_number":10,"text":"ﯓ","translation":{"text":"that Day","language_name":"english","language_id":38},"transliteration":{"text":"yawma-idhin","language_name":"english","language_id":38}},{"id":21822,"position":9,"audio_url":"wbw/082_019_010.mp3","qpc_uthmani_hafs":"لِّلَّهِ","char_type_name":"word","page_number":587,"line_number":10,"text":"ﯔ","translation":{"text":"(will be) with Allah","language_name":"english","language_id":38},"transliteration":{"text":"lillahi","language_name":"english","language_id":38}},{"id":21823,"position":10,"audio_url":null,"qpc_uthmani_hafs":"١٩","char_type_name":"end","page_number":587,"line_number":10,"text":"ﯕ","translation":{"text":"(19)","language_name":"english","language_id":38},"transliteration":{"text":null,"language_name":"english","language_id":38}}],"translations":[{"id":922277,"resource_id":134,"text":"(Yaitu) hari (ketika) seseorang tidak berdaya sedikit pun untuk menolong orang lain.  Dan segala urusan pada hari itu dalam kekuasaan Allah."}]},{"id":5849,"verse_number":1,"verse_key":"83:1","juz_number":30,"hizb_number":59,"rub_el_hizb_number":235,"ruku_number":527,"manzil_number":7,"sajdah_number":null,"text_uthmani":" وَيْلٌ لِّلْمُطَفِّفِينَ","page_number":587,"words":[{"id":703,"position":1,"audio_url":"wbw/083_001_001.mp3","qpc_uthmani_hafs":"وَيۡلٞ","char_type_name":"word","page_number":587,"line_number":13,"text":"ﯖ","translation":{"text":"Woe","language_name":"english","language_id":38},"transliteration":{"text":"waylun","language_name":"english","language_id":38}},{"id":704,"position":2,"audio_url":"wbw/083_001_002.mp3","qpc_uthmani_hafs":"لِّلۡمُطَفِّفِينَ","char_type_name":"word","page_number":587,"line_number":13,"text":"ﯗ","translation":{"text":"to those who give less","language_name":"english","language_id":38},"transliteration":{"text":"lil'muṭaffifīna","language_name":"english","language_id":38}},{"id":705,"position":3,"audio_url":null,"qpc_uthmani_hafs":"١","char_type_name":"end","page_number":587,"line_number":13,"text":"ﯘ","translation":{"text":"(1)","language_name":"english","language_id":38},"transliteration":{"text":null,"language_name":"english","language_id":38}}],"translations":[{"id":922278,"resource_id":134,"text":"Kecelakaan besarlah bagi orang-orang yang curang<sup foot_note=211331>1</sup>,"}]},{"id":5850,"verse_number":2,"verse_key":"83:2","juz_number":30,"hizb_number":59,"rub_el_hizb_number":235,"ruku_number":527,"manzil_number":7,"sajdah_number":null,"text_uthmani":"ٱلَّذِينَ إِذَا ٱكْتَالُوا۟ عَلَى ٱلنَّاسِ يَسْتَوْفُونَ","page_number":587,"words":[{"id":1730,"position":1,"audio_url":"wbw/083_002_001.mp3","qpc_uthmani_hafs":"ٱلَّذِينَ","char_type_name":"word","page_number":587,"line_number":13,"text":"ﯙ","translation":{"text":"Those who","language_name":"english","language_id":38},"transliteration":{"text":"alladhīna","language_name":"english","language_id":38}},{"id":1731,"position":2,"audio_url":"wbw/083_002_002.mp3","qpc_uthmani_hafs":"إِذَا","char_type_name":"word","page_number":587,"line_number":13,"text":"ﯚ","translation":{"text":"when","language_name":"english","language_id":38},"transliteration":{"text":"idhā","language_name":"english","language_id":38}},{"id":1732,"position":3,"audio_url":"wbw/083_002_003.mp3","qpc_uthmani_hafs":"ٱكۡتَالُواْ","char_type_name":"word","page_number":587,"line_number":13,"text":"ﯛ","translation":{"text":"they take a measure","language_name":"english","language_id":38},"transliteration":{"text":"ik'tālū","language_name":"english","language_id":38}},{"id":1733,"position":4,"audio_url":"wbw/083_002_004.mp3","qpc_uthmani_hafs":"عَلَى","char_type_name":"word","page_number":587,"line_number":13,"text":"ﯜ","translation":{"text":"from","language_name":"english","language_id":38},"transliteration":{"text":"ʿalā","language_name":"english","language_id":38}},{"id":1734,"position":5,"audio_url":"wbw/083_002_005.mp3","qpc_uthmani_hafs":"ٱلنَّاسِ","char_type_name":"word","page_number":587,"line_number":13,"text":"ﯝ","translation":{"text":"the people","language_name":"english","language_id":38},"transliteration":{"text":"l-nāsi","language_name":"english","language_id":38}},{"id":1735,"position":6,"audio_url":"wbw/083_002_006.mp3","qpc_uthmani_hafs":"يَسۡتَوۡفُونَ","char_type_name":"word","page_number":587,"line_number":13,"text":"ﯞ","translation":{"text":"they take in full","language_name":"english","language_id":38},"transliteration":{"text":"yastawfūna","language_name":"english","language_id":38}},{"id":1736,"position":7,"audio_url":null,"qpc_uthmani_hafs":"٢","char_type_name":"end","page_number":587,"line_number":13,"text":"ﯟ","translation":{"text":"(2)","language_name":"english","language_id":38},"transliteration":{"text":null,"language_name":"english","language_id":38}}],"translations":[{"id":922279,"resource_id":134,"text":"(yaitu) orang-orang yang apabila menerima takaran dari orang lain, mereka minta dipenuhi,"}]},{"id":5851,"verse_number":3,"verse_key":"83:3","juz_number":30,"hizb_number":59,"rub_el_hizb_number":235,"ruku_number":527,"manzil_number":7,"sajdah_number":null,"text_uthmani":"وَإِذَا كَالُوهُمْ أَو وَّزَنُوهُمْ يُخْسِرُونَ","page_number":587,"words":[{"id":2853,"position":1,"audio_url":"wbw/083_003_001.mp3","qpc_uthmani_hafs":"وَإِذَا","char_type_name":"word","page_number":587,"line_number":14,"text":"ﯠ","translation":{"text":"But when","language_name":"english","language_id":38},"transliteration":{"text":"wa-idhā","language_name":"english","language_id":38}},{"id":2854,"position":2,"audio_url":"wbw/083_003_002.mp3","qpc_uthmani_hafs":"كَالُوهُمۡ","char_type_name":"word","page_number":587,"line_number":14,"text":"ﯡ","translation":{"text":"they give by measure (to) them","language_name":"english","language_id":38},"transliteration":{"text":"kālūhum","language_name":"english","language_id":38}},{"id":2855,"position":3,"audio_url":"wbw/083_003_003.mp3","qpc_uthmani_hafs":"أَو","char_type_name":"word","page_number":587,"line_number":14,"text":"ﯢ","translation":{"text":"or","language_name":"english","language_id":38},"transliteration":{"text":"aw","language_name":"english","language_id":38}},{"id":2856,"position":4,"audio_url":"wbw/083_003_004.mp3","qpc_uthmani_hafs":"وَّزَنُوهُمۡ","char_type_name":"word","page_number":587,"line_number":14,"text":"ﯣ","translation":{"text":"they weigh (for) them","language_name":"english","language_id":38},"transliteration":{"text":"wazanūhum","language_name":"english","language_id":38}},{"id":2857,"position":5,"audio_url":"wbw/083_003_005.mp3","qpc_uthmani_hafs":"يُخۡسِرُونَ","char_type_name":"word","page_number":587,"line_number":14,"text":"ﯤ","translation":{"text":"they give less","language_name":"english","language_id":38},"transliteration":{"text":"yukh'sirūna","language_name":"english","language_id":38}},{"id":2858,"position":6,"audio_url":null,"qpc_uthmani_hafs":"٣","char_type_name":"end","page_number":587,"line_number":14,"text":"ﯥ","translation":{"text":"(3)","language_name":"english","language_id":38},"transliteration":{"text":null,"language_name":"english","language_id":38}}],"translations":[{"id":922280,"resource_id":134,"text":"dan apabila mereka menakar atau menimbang untuk orang lain, mereka mengurangi."}]},{"id":5852,"verse_number":4,"verse_key":"83:4","juz_number":30,"hizb_number":59,"rub_el_hizb_number":235,"ruku_number":527,"manzil_number":7,"sajdah_number":null,"text_uthmani":"أَلَا يَظُنُّ أُو۟لَـٰٓئِكَ أَنَّهُم مَّبْعُوثُونَ","page_number":587,"words":[{"id":4218,"position":1,"audio_url":"wbw/083_004_001.mp3","qpc_uthmani_hafs":"أَلَا","char_type_name":"word","page_number":587,"line_number":14,"text":"ﯦ","translation":{"text":"Do not","language_name":"english","language_id":38},"transliteration":{"text":"alā","language_name":"english","language_id":38}},{"id":4219,"position":2,"audio_url":"wbw/083_004_002.mp3","qpc_uthmani_hafs":"يَظُنُّ","char_type_name":"word","page_number":587,"line_number":14,"text":"ﯧ","translation":{"text":"think","language_name":"english","language_id":38},"transliteration":{"text":"yaẓunnu","language_name":"english","language_id":38}},{"id":4220,"position":3,"audio_url":"wbw/083_004_003.mp3","qpc_uthmani_hafs":"أُوْلَٰٓئِكَ","char_type_name":"word","page_number":587,"line_number":14,"text":"ﯨ","translation":{"text":"those","language_name":"english","language_id":38},"transliteration":{"text":"ulāika","language_name":"english","language_id":38}},{"id":4221,"position":4,"audio_url":"wbw/083_004_004.mp3","qpc_uthmani_hafs":"أَنَّهُم","char_type_name":"word","page_number":587,"line_number":14,"text":"ﯩ","translation":{"text":"that they","language_name":"english","language_id":38},"transliteration":{"text":"annahum","language_name":"english","language_id":38}},{"id":4222,"position":5,"audio_url":"wbw/083_004_005.mp3","qpc_uthmani_hafs":"مَّبۡعُوثُونَ","char_type_name":"word","page_number":587,"line_number":15,"text":"ﯪ","translation":{"text":"(will be) resurrected","language_name":"english","language_id":38},"transliteration":{"text":"mabʿūthūna","language_name":"english","language_id":38}},{"id":4223,"position":6,"audio_url":null,"qpc_uthmani_hafs":"٤","char_type_name":"end","page_number":587,"line_number":15,"text":"ﯫ","translation":{"text":"(4)","language_name":"english","language_id":38},"transliteration":{"text":null,"language_name":"english","language_id":38}}],"translations":[{"id":922281,"resource_id":134,"text":"Tidaklah orang-orang itu menyangka bahwa sesungguhnya mereka akan dibangkitkan,"}]},{"id":5853,"verse_number":5,"verse_key":"83:5","juz_number":30,"hizb_number":59,"rub_el_hizb_number":235,"ruku_number":527,"manzil_number":7,"sajdah_number":null,"text_uthmani":"لِيَوْمٍ عَظِيمٍ","page_number":587,"words":[{"id":5485,"position":1,"audio_url":"wbw/083_005_001.mp3","qpc_uthmani_hafs":"لِيَوۡمٍ","char_type_name":"word","page_number":587,"line_number":15,"text":"ﯬ","translation":{"text":"For a Day","language_name":"english","language_id":38},"transliteration":{"text":"liyawmin","language_name":"english","language_id":38}},{"id":5486,"position":2,"audio_url":"wbw/083_005_002.mp3","qpc_uthmani_hafs":"عَظِيمٖ","char_type_name":"word","page_number":587,"line_number":15,"text":"ﯭ","translation":{"text":"Great","language_name":"english","language_id":38},"transliteration":{"text":"ʿaẓīmin","language_name":"english","language_id":38}},{"id":5487,"position":3,"audio_url":null,"qpc_uthmani_hafs":"٥","char_type_name":"end","page_number":587,"line_number":15,"text":"ﯮ","translation":{"text":"(5)","language_name":"english","language_id":38},"transliteration":{"text":null,"language_name":"english","language_id":38}}],"translations":[{"id":922282,"resource_id":134,"text":"pada suatu hari yang besar,"}]},{"id":5854,"verse_number":6,"verse_key":"83:6","juz_number":30,"hizb_number":59,"rub_el_hizb_number":235,"ruku_number":527,"manzil_number":7,"sajdah_number":null,"text_uthmani":"يَوْمَ يَقُومُ ٱلنَّاسُ لِرَبِّ ٱلْعَـٰلَمِينَ","page_number":587,"words":[{"id":6714,"position":1,"audio_url":"wbw/083_006_001.mp3","qpc_uthmani_hafs":"يَوۡمَ","char_type_name":"word","page_number":587,"line_number":15,"text":"ﯯ","translation":{"text":"(The) Day","language_name":"english","language_id":38},"transliteration":{"text":"yawma","language_name":"english","language_id":38}},{"id":6715,"position":2,"audio_url":"wbw/083_006_002.mp3","qpc_uthmani_hafs":"يَقُومُ","char_type_name":"word","page_number":587,"line_number":15,"text":"ﯰ","translation":{"text":"will stand","language_name":"english","language_id":38},"transliteration":{"text":"yaqūmu","language_name":"english","language_id":38}},{"id":6716,"position":3,"audio_url":"wbw/083_006_003.mp3","qpc_uthmani_hafs":"ٱلنَّاسُ","char_type_name":"word","page_number":587,"line_number":15,"text":"ﯱ","translation":{"text":"mankind","language_name":"english","language_id":38},"transliteration":{"text":"l-nāsu","language_name":"english","language_id":38}},{"id":6717,"position":4,"audio_url":"wbw/083_006_004.mp3","qpc_uthmani_hafs":"لِرَبِّ","char_type_name":"word","page_number":587,"line_number":15,"text":"ﯲ","translation":{"text":"before (the) Lord","language_name":"english","language_id":38},"transliteration":{"text":"lirabbi","language_name":"english","language_id":38}},{"id":6718,"position":5,"audio_url":"wbw/083_006_005.mp3","qpc_uthmani_hafs":"ٱلۡعَٰلَمِينَ","char_type_name":"word","page_number":587,"line_number":15,"text":"ﯳ","translation":{"text":"(of) the worlds","language_name":"english","language_id":38},"transliteration":{"text":"l-ʿālamīna","language_name":"english","language_id":38}},{"id":6719,"position":6,"audio_url":null,"qpc_uthmani_hafs":"٦","char_type_name":"end","page_number":587,"line_number":15,"text":"ﯴ","translation":{"text":"(6)","language_name":"english","language_id":38},"transliteration":{"text":null,"language_name":"english","language_id":38}}],"translations":[{"id":922283,"resource_id":134,"text":"(yaitu) hari (ketika) manusia berdiri menghadap Tuhan semesta alam?"}]}],"pagination":{"per_page":50,"current_page":1,"next_page":null,"total_pages":1,"total_records":25}}