{"verses":[{"id":6073,"verse_number":15,"verse_key":"92:15","juz_number":30,"hizb_number":60,"rub_el_hizb_number":238,"ruku_number":536,"manzil_number":7,"sajdah_number":null,"text_uthmani":"لَا يَصْلَىٰهَآ إِلَّا ٱلْأَشْقَى","page_number":596,"words":[{"id":17229,"position":1,"audio_url":"wbw/092_015_001.mp3","qpc_uthmani_hafs":"لَا","char_type_name":"word","page_number":596,"line_number":1,"text":"ﭑ","translation":{"text":"Not","language_name":"english","language_id":38},"transliteration":{"text":"lā","language_name":"english","language_id":38}},{"id":17230,"position":2,"audio_url":"wbw/092_015_002.mp3","qpc_uthmani_hafs":"يَصۡلَىٰهَآ","char_type_name":"word","page_number":596,"line_number":1,"text":"ﭒ","translation":{"text":"will burn (in) it","language_name":"english","language_id":38},"transliteration":{"text":"yaṣlāhā","language_name":"english","language_id":38}},{"id":17231,"position":3,"audio_url":"wbw/092_015_003.mp3","qpc_uthmani_hafs":"إِلَّا","char_type_name":"word","page_number":596,"line_number":1,"text":"ﭓ","translation":{"text":"except","language_name":"english","language_id":38},"transliteration":{"text":"illā","language_name":"english","language_id":38}},{"id":17232,"position":4,"audio_url":"wbw/092_015_004.mp3","qpc_uthmani_hafs":"ٱلۡأَشۡقَى","char_type_name":"word","page_number":596,"line_number":1,"text":"ﭔ","translation":{"text":"the most wretched","language_name":"english","language_id":38},"transliteration":{"text":"l-ashqā","language_name":"english","language_id":38}},{"id":17233,"position":5,"audio_url":null,"qpc_uthmani_hafs":"١٥","char_type_name":"end","page_number":596,"line_number":1,"text":"ﭕ","translation":{"text":"(15)","language_name":"english","language_id":38},"transliteration":{"text":null,"language_name":"english","language_id":38}}],"translations":[{"id":922502,"resource_id":134,"text":"Tidak ada yang masuk ke dalamnya kecuali orang yang paling celaka,"}]},{"id":6074,"verse_number":16,"verse_key":"92:16","juz_number":30,"hizb_number":60,"rub_el_hizb_number":238,"ruku_number":536,"manzil_number":7,"sajdah_number":null,"text_uthmani":"ٱلَّذِى كَذَّبَ وَتَوَلَّىٰ","page_number":596,"words":[{"id":18215,"position":1,"audio_url":"wbw/092_016_001.mp3","qpc_uthmani_hafs":"ٱلَّذِي","char_type_name":"word","page_number":596,"line_number":1,"text":"ﭖ","translation":{"text":"The one who","language_name":"english","language_id":38},"transliteration":{"text":"alladhī","language_name":"english","language_id":38}},{"id":18216,"position":2,"audio_url":"wbw/092_016_002.mp3","qpc_uthmani_hafs":"كَذَّبَ","char_type_name":"word","page_number":596,"line_number":1,"text":"ﭗ","translation":{"text":"denied","language_name":"english","language_id":38},"transliteration":{"text":"kadhaba","language_name":"english","language_id":38}},{"id":18217,"position":3,"audio_url":"wbw/092_016_003.mp3","qpc_uthmani_hafs":"وَتَوَلَّىٰ","char_type_name":"word","page_number":596,"line_number":1,"text":"ﭘ","translation":{"text":"and turned away","language_name":"english","language_id":38},"transliteration":{"text":"watawallā","language_name":"english","language_id":38}},{"id":18218,"position":4,"audio_url":null,"qpc_uthmani_hafs":"١٦","char_type_name":"end","page_number":596,"line_number":1,"text":"ﭙ","translation":{"text":"(16)","language_name":"english","language_id":38},"transliteration":{"text":null,"language_name":"english","language_id":38}}],"translations":[{"id":922503,"resource_id":134,"text":"yang mendustakan (kebenaran) dan berpaling (dari iman)."}]},{"id":6075,"verse_number":17,"verse_key":"92:17","juz_number":30,"hizb_number":60,"rub_el_hizb_number":238,"ruku_number":536,"manzil_number":7,"sajdah_number":null,"text_uthmani":"وَسَيُجَنَّبُهَا ٱلْأَتْقَى","page_number":596,"words":[{"id":19361,"position":1,"audio_url":"wbw/092_017_001.mp3","qpc_uthmani_hafs":"وَسَيُجَنَّبُهَا","char_type_name":"word","page_number":596,"line_number":1,"text":"ﭚ","translation":{"text":"But will be removed from it","language_name":"english","language_id":38},"transliteration":{"text":"wasayujannabuhā","language_name":"english","language_id":38}},{"id":19362,"position":2,"audio_url":"wbw/092_017_002.mp3","qpc_uthmani_hafs":"ٱلۡأَتۡقَى","char_type_name":"word","page_number":596,"line_number":2,"text":"ﭛ","translation":{"text":"the righteous","language_name":"english","language_id":38},"transliteration":{"text":"l-atqā","language_name":"english","language_id":38}},{"id":19363,"position":3,"audio_url":null,"qpc_uthmani_hafs":"١٧","char_type_name":"end","page_number":596,"line_number":2,"text":"ﭜ","translation":{"text":"(17)","language_name":"english","language_id":38},"transliteration":{"text":null,"language_name":"english","language_id":38}}],"translations":[{"id":922504,"resource_id":134,"text":"Dan kelak akan dijauhkan orang yang paling takwa dari neraka itu,"}]},{"id":6076,"verse_number":18,"verse_key":"92:18","juz_number":30,"hizb_number":60,"rub_el_hizb_number":238,"ruku_number":536,"manzil_number":7,"sajdah_number":null,"text_uthmani":"ٱلَّذِى يُؤْتِى مَالَهُۥ يَتَزَكَّىٰ","page_number":596,"words":[{"id":20410,"position":1,"audio_url":"wbw/092_018_001.mp3","qpc_uthmani_hafs":"ٱلَّذِي","char_type_name":"word","page_number":596,"line_number":2,"text":"ﭝ","translation":{"text":"The one who","language_name":"english","language_id":38},"transliteration":{"text":"alladhī","language_name":"english","language_id":38}},{"id":20411,"position":2,"audio_url":"wbw/092_018_002.mp3","qpc_uthmani_hafs":"يُؤۡتِي","char_type_name":"word","page_number":596,"line_number":2,"text":"ﭞ","translation":{"text":"gives","language_name":"english","language_id":38},"transliteration":{"text":"yu'tī","language_name":"english","language_id":38}},{"id":20412,"position":3,"audio_url":"wbw/092_018_003.mp3","qpc_uthmani_hafs":"مَالَهُۥ","char_type_name":"word","page_number":596,"line_number":2,"text":"ﭟ","translation":{"text":"his wealth","language_name":"english","language_id":38},"transliteration":{"text":"mālahu","language_name":"english","language_id":38}},{"id":20413,"position":4,"audio_url":"wbw/092_018_004.mp3","qpc_uthmani_hafs":"يَتَزَكَّىٰ","char_type_name":"word","page_number":596,"line_number":2,"text":"ﭠ","translation":{"text":"(to) purify himself","language_name":"english","language_id":38},"transliteration":{"text":"yatazakkā","language_name":"english","language_id":38}},{"id":20414,"position":5,"audio_url":null,"qpc_uthmani_hafs":"١٨","char_type_name":"end","page_number":596,"line_number":2,"text":"ﭡ","translation":{"text":"(18)","language_name":"english","language_id":38},"transliteration":{"text":null,"language_name":"english","language_id":38}}],"translations":[{"id":922505,"resource_id":134,"text":"yang menafkahkan hartanya (di jalan Allah) untuk membersihkannya,"}]},{"id":6077,"verse_number":19,"verse_key":"92:19","juz_number":30,"hizb_number":60,"rub_el_hizb_number":238,"ruku_number":536,"manzil_number":7,"sajdah_number":null,"text_uthmani":"وَمَا لِأَحَدٍ عِندَهُۥ مِن نِّعْمَةٍ تُجْزَىٰٓ","page_number":596,"words":[{"id":21511,"position":1,"audio_url":"wbw/092_019_001.mp3","qpc_uthmani_hafs":"وَمَا","char_type_name":"word","page_number":596,"line_number":2,"text":"ﭢ","translation":{"text":"And not","language_name":"english","language_id":38},"transliteration":{"text":"wamā","language_name":"english","language_id":38}},{"id":21512,"position":2,"audio_url":"wbw/092_019_002.mp3","qpc_uthmani_hafs":"لِأَحَدٍ","char_type_name":"word","page_number":596,"line_number":2,"text":"ﭣ","translation":{"text":"for anyone","language_name":"english","language_id":38},"transliteration":{"text":"li-aḥadin","language_name":"english","language_id":38}},{"id":21513,"position":3,"audio_url":"wbw/092_019_003.mp3","qpc_uthmani_hafs":"عِندَهُۥ","char_type_name":"word","page_number":596,"line_number":2,"text":"ﭤ","translation":{"text":"with him","language_name":"english","language_id":38},"transliteration":{"text":"ʿindahu","language_name":"english","language_id":38}},{"id":21514,"position":4,"audio_url":"wbw/092_019_004.mp3","qpc_uthmani_hafs":"مِن","char_type_name":"word","page_number":596,"line_number":2,"text":"ﭥ","translation":{"text":"any","language_name":"english","language_id":38},"transliteration":{"text":"min","language_name":"english","language_id":38}},{"id":21515,"position":5,"audio_url":"wbw/092_019_005.mp3","qpc_uthmani_hafs":"نِّعۡمَةٖ","char_type_name":"word","page_number":596,"line_number":3,"text":"ﭦ","translation":{"text":"favor","language_name":"english","language_id":38},"transliteration":{"text":"niʿ'matin","language_name":"english","language_id":38}},{"id":21516,"position":6,"audio_url":"wbw/092_019_006.mp3","qpc_uthmani_hafs":"تُجۡزَىٰٓ","char_type_name":"word","page_number":596,"line_number":3,"text":"ﭧ","translation":{"text":"to be recompensed","language_name":"english","language_id":38},"transliteration":{"text":"tuj'zā","language_name":"english","language_id":38}},{"id":21517,"position":7,"audio_url":null,"qpc_uthmani_hafs":"١٩","char_type_name":"end","page_number":596,"line_number":3,"text":"ﭨ","translation":{"text":"(19)","language_name":"english","language_id":38},"transliteration":{"text":null,"language_name":"english","language_id":38}}],"translations":[{"id":922506,"resource_id":134,"text":"padahal tidak ada seseorang pun memberikan suatu nikmat kepadanya yang harus dibalasnya,"}]},{"id":6078,"verse_number":20,"verse_key":"92:20","juz_number":30,"hizb_number":60,"rub_el_hizb_number":238,"ruku_number":536,"manzil_number":7,"sajdah_number":null,"text_uthmani":"إِلَّا ٱبْتِغَآءَ وَجْهِ رَبِّهِ ٱلْأَعْلَىٰ","page_number":596,"words":[{"id":22591,"position":1,"audio_url":"wbw/092_020_001.mp3","qpc_uthmani_hafs":"إِلَّا","char_type_name":"word","page_number":596,"line_number":3,"text":"ﭩ","translation":{"text":"Except","language_name":"english","language_id":38},"transliteration":{"text":"illā","language_name":"english","language_id":38}},{"id":22592,"position":2,"audio_url":"wbw/092_020_002.mp3","qpc_uthmani_hafs":"ٱبۡتِغَآءَ","char_type_name":"word","page_number":596,"line_number":3,"text":"ﭪ","translation":{"text":"seeking","language_name":"english","language_id":38},"transliteration":{"text":"ib'tighāa","language_name":"english","language_id":38}},{"id":22593,"position":3,"audio_url":"wbw/092_020_003.mp3","qpc_uthmani_hafs":"وَجۡهِ","char_type_name":"word","page_number":596,"line_number":3,"text":"ﭫ","translation":{"text":"(the) Countenance","language_name":"english","language_id":38},"transliteration":{"text":"wajhi","language_name":"english","language_id":38}},{"id":22594,"position":4,"audio_url":"wbw/092_020_004.mp3","qpc_uthmani_hafs":"رَبِّهِ","char_type_name":"word","page_number":596,"line_number":3,"text":"ﭬ","translation":{"text":"(of) his Lord","language_name":"english","language_id":38},"transliteration":{"text":"rabbihi","language_name":"english","language_id":38}},{"id":22595,"position":5,"audio_url":"wbw/092_020_005.mp3","qpc_uthmani_hafs":"ٱلۡأَعۡلَىٰ","char_type_name":"word","page_number":596,"line_number":3,"text":"ﭭ","translation":{"text":"the Most High","language_name":"english","language_id":38},"transliteration":{"text":"l-aʿlā","language_name":"english","language_id":38}},{"id":22596,"position":6,"audio_url":null,"qpc_uthmani_hafs":"٢٠","char_type_name":"end","page_number":596,"line_number":3,"text":"ﭮ","translation":{"text":"(20)","language_name":"english","language_id":38},"transliteration":{"text":null,"language_name":"english","language_id":38}}],"translations":[{"id":922507,"resource_id":134,"text":"tetapi (dia memberikan itu semata-mata) karena mencari keridaan Tuhan-nya yang Maha Tinggi."}]},{"id":6079,"verse_number":21,"verse_key":"92:21","juz_number":30,"hizb_number":60,"rub_el_hizb_number":238,"ruku_number":536,"manzil_number":7,"sajdah_number":null,"text_uthmani":"وَلَسَوْفَ يَرْضَىٰ","page_number":596,"words":[{"id":23749,"position":1,"audio_url":"wbw/092_021_001.mp3","qpc_uthmani_hafs":"وَلَسَوۡفَ","char_type_name":"word","page_number":596,"line_number":3,"text":"ﭯ","translation":{"text":"And soon, surely","language_name":"english","language_id":38},"transliteration":{"text":"walasawfa","language_name":"english","language_id":38}},{"id":23750,"position":2,"audio_url":"wbw/092_021_002.mp3","qpc_uthmani_hafs":"يَرۡضَىٰ","char_type_name":"word","page_number":596,"line_number":3,"text":"ﭰ","translation":{"text":"he will be pleased","language_name":"english","language_id":38},"transliteration":{"text":"yarḍā","language_name":"english","language_id":38}},{"id":23751,"position":3,"audio_url":null,"qpc_uthmani_hafs":"٢١","char_type_name":"end","page_number":596,"line_number":3,"text":"ﭱ","translation":{"text":"(21)","language_name":"english","language_id":38},"transliteration":{"text":null,"language_name":"english","language_id":38}}],"translations":[{"id":922508,"resource_id":134,"text":"Dan kelak dia benar-benar mendapat kepuasan."}]},{"id":6080,"verse_number":1,"verse_key":"93:1","juz_number":30,"hizb_number":60,"rub_el_hizb_number":238,"ruku_number":537,"manzil_number":7,"sajdah_number":null,"text_uthmani":" وَٱلضُّحَىٰ","page_number":596,"words":[{"id":70,"position":1,"audio_url":"wbw/093_001_001.mp3","qpc_uthmani_hafs":"وَٱلضُّحَىٰ","char_type_name":"word","page_number":596,"line_number":6,"text":"ﭲ","translation":{"text":"By the morning brightness","language_name":"english","language_id":38},"transliteration":{"text":"wal-ḍuḥā","language_name":"english","language_id":38}},{"id":71,"position":2,"audio_url":null,"qpc_uthmani_hafs":"١","char_type_name":"end","page_number":596,"line_number":6,"text":"ﭳ","translation":{"text":"(1)","language_name":"english","language_id":38},"transliteration":{"text":null,"language_name":"english","language_id":38}}],"translations":[{"id":922509,"resource_id":134,"text":"Demi waktu matahari sepenggalahan naik,"}]},{"id":6081,"verse_number":2,"verse_key":"93:2","juz_number":30,"hizb_number":60,"rub_el_hizb_number":238,"ruku_number":537,"manzil_number":7,"sajdah_number":null,"text_uthmani":"وَٱلَّيْلِ إِذَا سَجَىٰ","page_number":596,"words":[{"id":1191,"position":1,"audio_url":"wbw/093_002_001.mp3","qpc_uthmani_hafs":"وَٱلَّيۡلِ","char_type_name":"word","page_number":596,"line_number":6,"text":"ﭴ","translation":{"text":"And the night","language_name":"english","language_id":38},"transliteration":{"text":"wa-al-layli","language_name":"english","language_id":38}},{"id":1192,"position":2,"audio_url":"wbw/093_002_002.mp3","qpc_uthmani_hafs":"إِذَا","char_type_name":"word","page_number":596,"line_number":6,"text":"ﭵ","translation":{"text":"when","language_name":"english","language_id":38},"transliteration":{"text":"idhā","language_name":"english","language_id":38}},{"id":1193,"position":3,"audio_url":"wbw/093_002_003.mp3","qpc_uthmani_hafs":"سَجَىٰ","char_type_name":"word","page_number":596,"line_number":6,"text":"ﭶ","translation":{"text":"it covers with darkness","language_name":"english","language_id":38},"transliteration":{"text":"sajā","language_name":"english","language_id":38}},{"id":1194,"position":4,"audio_url":null,"qpc_uthmani_hafs":"٢","char_type_name":"end","page_number":596,"line_number":6,"text":"ﭷ","translation":{"text":"(2)","language_name":"english","language_id":38},"transliteration":{"text":null,"language_name":"english","language_id":38}}],"translations":[{"id":922510,"resource_id":134,"text":"dan demi malam apabila telah sunyi,"}]},{"id":6082,"verse_number":3,"verse_key":"93:3","juz_number":30,"hizb_number":60,"rub_el_hizb_number":238,"ruku_number":537,"manzil_number":7,"sajdah_number":null,"text_uthmani":"مَا وَدَّعَكَ رَبُّكَ وَمَا قَلَىٰ","page_number":596,"words":[{"id":2251,"position":1,"audio_url":"wbw/093_003_001.mp3","qpc_uthmani_hafs":"مَا","char_type_name":"word","page_number":596,"line_number":6,"text":"ﭸ","translation":{"text":"Not","language_name":"english","language_id":38},"transliteration":{"text":"mā","language_name":"english","language_id":38}},{"id":2252,"position":2,"audio_url":"wbw/093_003_002.mp3","qpc_uthmani_hafs":"وَدَّعَكَ","char_type_name":"word","page_number":596,"line_number":6,"text":"ﭹ","translation":{"text":"has forsaken you","language_name":"english","language_id":38},"transliteration":{"text":"waddaʿaka","language_name":"english","language_id":38}},{"id":2253,"position":3,"audio_url":"wbw/093_003_003.mp3","qpc_uthmani_hafs":"رَبُّكَ","char_type_name":"word","page_number":596,"line_number":6,"text":"ﭺ","translation":{"text":"your Lord","language_name":"english","language_id":38},"transliteration":{"text":"rabbuka","language_name":"english","language_id":38}},{"id":2254,"position":4,"audio_url":"wbw/093_003_004.mp3","qpc_uthmani_hafs":"وَمَا","char_type_name":"word","page_number":596,"line_number":6,"text":"ﭻ","translation":{"text":"and not","language_name":"english","language_id":38},"transliteration":{"text":"wamā","language_name":"english","language_id":38}},{"id":2255,"position":5,"audio_url":"wbw/093_003_005.mp3","qpc_uthmani_hafs":"قَلَىٰ","char_type_name":"word","page_number":596,"line_number":6,"text":"ﭼ","translation":{"text":"He is displeased","language_name":"english","language_id":38},"transliteration":{"text":"qalā","language_name":"english","language_id":38}},{"id":2256,"position":6,"audio_url":null,"qpc_uthmani_hafs":"٣","char_type_name":"end","page_number":596,"line_number":6,"text":"ﭽ","translation":{"text":"(3)","language_name":"english","language_id":38},"transliteration":{"text":null,"language_name":"english","language_id":38}}],"translations":[{"id":922511,"resource_id":134,"text":"Tuhan-mu tiada meninggalkan kamu dan tiada (pula) benci kepadamu<sup foot_note=211351>1</sup>,"}]},{"id":6083,"verse_number":4,"verse_key":"93:4","juz_number":30,"hizb_number":60,"rub_el_hizb_number":238,"ruku_number":537,"manzil_number":7,"sajdah_number":null,"text_uthmani":"وَلَلْـَٔاخِرَةُ خَيْرٌ لَّكَ مِنَ ٱلْأُولَىٰ","page_number":596,"words":[{"id":3555,"position":1,"audio_url":"wbw/093_004_001.mp3","qpc_uthmani_hafs":"وَلَلۡأٓخِرَةُ","char_type_name":"word","page_number":596,"line_number":7,"text":"ﭾ","translation":{"text":"And surely the Hereafter","language_name":"english","language_id":38},"transliteration":{"text":"walalākhiratu","language_name":"english","language_id":38}},{"id":3556,"position":2,"audio_url":"wbw/093_004_002.mp3","qpc_uthmani_hafs":"خَيۡرٞ","char_type_name":"word","page_number":596,"line_number":7,"text":"ﭿ","translation":{"text":"(is) better","language_name":"english","language_id":38},"transliteration":{"text":"khayrun","language_name":"english","language_id":38}},{"id":3557,"position":3,"audio_url":"wbw/093_004_003.mp3","qpc_uthmani_hafs":"لَّكَ","char_type_name":"word","page_number":596,"line_number":7,"text":"ﮀ","translation":{"text":"for you","language_name":"english","language_id":38},"transliteration":{"text":"laka","language_name":"english","language_id":38}},{"id":3558,"position":4,"audio_url":"wbw/093_004_004.mp3","qpc_uthmani_hafs":"مِنَ","char_type_name":"word","page_number":596,"line_number":7,"text":"ﮁ","translation":{"text":"than","language_name":"english","language_id":38},"transliteration":{"text":"mina","language_name":"english","language_id":38}},{"id":3559,"position":5,"audio_url":"wbw/093_004_005.mp3","qpc_uthmani_hafs":"ٱلۡأُولَىٰ","char_type_name":"word","page_number":596,"line_number":7,"text":"ﮂ","translation":{"text":"the first","language_name":"english","language_id":38},"transliteration":{"text":"l-ūlā","language_name":"english","language_id":38}},{"id":3560,"position":6,"audio_url":null,"qpc_uthmani_hafs":"٤","char_type_name":"end","page_number":596,"line_number":7,"text":"ﮃ","translation":{"text":"(4)","language_name":"english","language_id":38},"transliteration":{"text":null,"language_name":"english","language_id":38}}],"translations":[{"id":922512,"resource_id":134,"text":"dan sesungguhnya akhir itu lebih baik bagimu dari permulaan<sup foot_note=211352>1</sup>."}]},{"id":6084,"verse_number":5,"verse_key":"93:5","juz_number":30,"hizb_number":60,"rub_el_hizb_number":238,"ruku_number":537,"manzil_number":7,"sajdah_number":null,"text_uthmani":"وَلَسَوْفَ يُعْطِيكَ رَبُّكَ فَتَرْضَىٰٓ","page_number":596,"words":[{"id":4814,"position":1,"audio_url":"wbw/093_005_001.mp3","qpc_uthmani_hafs":"وَلَسَوۡفَ","char_type_name":"word","page_number":596,"line_number":7,"text":"ﮄ","translation":{"text":"And soon","language_name":"english","language_id":38},"transliteration":{"text":"walasawfa","language_name":"english","language_id":38}},{"id":4815,"position":2,"audio_url":"wbw/093_005_002.mp3","qpc_uthmani_hafs":"يُعۡطِيكَ","char_type_name":"word","page_number":596,"line_number":7,"text":"ﮅ","translation":{"text":"will give you","language_name":"english","language_id":38},"transliteration":{"text":"yuʿ'ṭīka","language_name":"english","language_id":38}},{"id":4816,"position":3,"audio_url":"wbw/093_005_003.mp3","qpc_uthmani_hafs":"رَبُّكَ","char_type_name":"word","page_number":596,"line_number":7,"text":"ﮆ","translation":{"text":"your Lord","language_name":"english","language_id":38},"transliteration":{"text":"rabbuka","language_name":"english","language_id":38}},{"id":4817,"position":4,"audio_url":"wbw/093_005_004.mp3","qpc_uthmani_hafs":"فَتَرۡضَىٰٓ","char_type_name":"word","page_number":596,"line_number":8,"text":"ﮇ","translation":{"text":"then you will be satisfied","language_name":"english","language_id":38},"transliteration":{"text":"fatarḍā","language_name":"english","language_id":38}},{"id":4818,"position":5,"audio_url":null,"qpc_uthmani_hafs":"٥","char_type_name":"end","page_number":596,"line_number":8,"text":"ﮈ","translation":{"text":"(5)","language_name":"english","language_id":38},"transliteration":{"text":null,"language_name":"english","language_id":38}}],"translations":[{"id":922513,"resource_id":134,"text":"Dan kelak Tuhan-mu pasti memberikan karunia-Nya kepadamu, lalu (hati) kamu menjadi puas."}]},{"id":6085,"verse_number":6,"verse_key":"93:6","juz_number":30,"hizb_number":60,"rub_el_hizb_number":238,"ruku_number":537,"manzil_number":7,"sajdah_number":null,"text_uthmani":"أَلَمْ يَجِدْكَ يَتِيمًا فَـَٔاوَىٰ","page_number":596,"words":[{"id":5889,"position":1,"audio_url":"wbw/093_006_001.mp3","qpc_uthmani_hafs":"أَلَمۡ","char_type_name":"word","page_number":596,"line_number":8,"text":"ﮉ","translation":{"text":"Did not","language_name":"english","language_id":38},"transliteration":{"text":"alam","language_name":"english","language_id":38}},{"id":5890,"position":2,"audio_url":"wbw/093_006_002.mp3","qpc_uthmani_hafs":"يَجِدۡكَ","char_type_name":"word","page_number":596,"line_number":8,"text":"ﮊ","translation":{"text":"He find you","language_name":"english","language_id":38},"transliteration":{"text":"yajid'ka","language_name":"english","language_id":38}},{"id":5891,"position":3,"audio_url":"wbw/093_006_003.mp3","qpc_uthmani_hafs":"يَتِيمٗا","char_type_name":"word","page_number":596,"line_number":8,"text":"ﮋ","translation":{"text":"an orphan","language_name":"english","language_id":38},"transliteration":{"text":"yatīman","language_name":"english","language_id":38}},{"id":5892,"position":4,"audio_url":"wbw/093_006_004.mp3","qpc_uthmani_hafs":"فَـَٔاوَىٰ","char_type_name":"word","page_number":596,"line_number":8,"text":"ﮌ","translation":{"text":"and give shelter","language_name":"english","language_id":38},"transliteration":{"text":"faāwā","language_name":"english","language_id":38}},{"id":5893,"position":5,"audio_url":null,"qpc_uthmani_hafs":"٦","char_type_name":"end","page_number":596,"line_number":8,"text":"ﮍ","translation":{"text":"(6)","language_name":"english","language_id":38},"transliteration":{"text":null,"language_name":"english","language_id":38}}],"translations":[{"id":922514,"resource_id":134,"text":"Bukankah Dia mendapatimu sebagai seorang yatim, lalu Dia melindungimu."}]},{"id":6086,"verse_number":7,"verse_key":"93:7","juz_number":30,"hizb_number":60,"rub_el_hizb_number":238,"ruku_number":537,"manzil_number":7,"sajdah_number":null,"text_uthmani":"وَوَجَدَكَ ضَآلًّا فَهَدَىٰ","page_number":596,"words":[{"id":7732,"position":1,"audio_url":"wbw/093_007_001.mp3","qpc_uthmani_hafs":"وَوَجَدَكَ","char_type_name":"word","page_number":596,"line_number":8,"text":"ﮎ","translation":{"text":"And He found you","language_name":"english","language_id":38},"transliteration":{"text":"wawajadaka","language_name":"english","language_id":38}},{"id":7733,"position":2,"audio_url":"wbw/093_007_002.mp3","qpc_uthmani_hafs":"ضَآلّٗا","char_type_name":"word","page_number":596,"line_number":8,"text":"ﮏ","translation":{"text":"lost","language_name":"english","language_id":38},"transliteration":{"text":"ḍāllan","language_name":"english","language_id":38}},{"id":7734,"position":3,"audio_url":"wbw/093_007_003.mp3","qpc_uthmani_hafs":"فَهَدَىٰ","char_type_name":"word","page_number":596,"line_number":9,"text":"ﮐ","translation":{"text":"so He guided","language_name":"english","language_id":38},"transliteration":{"text":"fahadā","language_name":"english","language_id":38}},{"id":7735,"position":4,"audio_url":null,"qpc_uthmani_hafs":"٧","char_type_name":"end","page_number":596,"line_number":9,"text":"ﮑ","translation":{"text":"(7)","language_name":"english","language_id":38},"transliteration":{"text":null,"language_name":"english","language_id":38}}],"translations":[{"id":922515,"resource_id":134,"text":"Dan Dia mendapatimu sebagai seorang yang bingung<sup foot_note=211353>1</sup>, lalu Dia memberikan petunjuk."}]},{"id":6087,"verse_number":8,"verse_key":"93:8","juz_number":30,"hizb_number":60,"rub_el_hizb_number":238,"ruku_number":537,"manzil_number":7,"sajdah_number":null,"text_uthmani":"وَوَجَدَكَ عَآئِلًا فَأَغْنَىٰ","page_number":596,"words":[{"id":8971,"position":1,"audio_url":"wbw/093_008_001.mp3","qpc_uthmani_hafs":"وَوَجَدَكَ","char_type_name":"word","page_number":596,"line_number":9,"text":"ﮒ","translation":{"text":"And He found you","language_name":"english","language_id":38},"transliteration":{"text":"wawajadaka","language_name":"english","language_id":38}},{"id":8972,"position":2,"audio_url":"wbw/093_008_002.mp3","qpc_uthmani_hafs":"عَآئِلٗا","char_type_name":"word","page_number":596,"line_number":9,"text":"ﮓ","translation":{"text":"in need","language_name":"english","language_id":38},"transliteration":{"text":"ʿāilan","language_name":"english","language_id":38}},{"id":8973,"position":3,"audio_url":"wbw/093_008_003.mp3","qpc_uthmani_hafs":"فَأَغۡنَىٰ","char_type_name":"word","page_number":596,"line_number":9,"text":"ﮔ","translation":{"text":"so He made self-sufficient","language_name":"english","language_id":38},"transliteration":{"text":"fa-aghnā","language_name":"english","language_id":38}},{"id":8974,"position":4,"audio_url":null,"qpc_uthmani_hafs":"٨","char_type_name":"end","page_number":596,"line_number":9,"text":"ﮕ","translation":{"text":"(8)","language_name":"english","language_id":38},"transliteration":{"text":null,"language_name":"english","language_id":38}}],"translations":[{"id":922516,"resource_id":134,"text":"Dan Dia mendapatimu sebagai seorang yang kekurangan, lalu Dia memberikan kecukupan."}]},{"id":6088,"verse_number":9,"verse_key":"93:9","juz_number":30,"hizb_number":60,"rub_el_hizb_number":238,"ruku_number":537,"manzil_number":7,"sajdah_number":null,"text_uthmani":"فَأَمَّا ٱلْيَتِيمَ فَلَا تَقْهَرْ","page_number":596,"words":[{"id":10182,"position":1,"audio_url":"wbw/093_009_001.mp3","qpc_uthmani_hafs":"فَأَمَّا","char_type_name":"word","page_number":596,"line_number":9,"text":"ﮖ","translation":{"text":"So as for","language_name":"english","language_id":38},"transliteration":{"text":"fa-ammā","language_name":"english","language_id":38}},{"id":10183,"position":2,"audio_url":"wbw/093_009_002.mp3","qpc_uthmani_hafs":"ٱلۡيَتِيمَ","char_type_name":"word","page_number":596,"line_number":9,"text":"ﮗ","translation":{"text":"the orphan","language_name":"english","language_id":38},"transliteration":{"text":"l-yatīma","language_name":"english","language_id":38}},{"id":10184,"position":3,"audio_url":"wbw/093_009_003.mp3","qpc_uthmani_hafs":"فَلَا","char_type_name":"word","page_number":596,"line_number":9,"text":"ﮘ","translation":{"text":"then (do) not","language_name":"english","language_id":38},"transliteration":{"text":"falā","language_name":"english","language_id":38}},{"id":10185,"position":4,"audio_url":"wbw/093_009_004.mp3","qpc_uthmani_hafs":"تَقۡهَرۡ","char_type_name":"word","page_number":596,"line_number":9,"text":"ﮙ","translation":{"text":"oppress","language_name":"english","language_id":38},"transliteration":{"text":"taqhar","language_name":"english","language_id":38}},{"id":10186,"position":5,"audio_url":null,"qpc_uthmani_hafs":"٩","char_type_name":"end","page_number":596,"line_number":10,"text":"ﮚ","translation":{"text":"(9)","language_name":"english","language_id":38},"transliteration":{"text":null,"language_name":"english","language_id":38}}],"translations":[{"id":922517,"resource_id":134,"text":"Adapun terhadap anak yatim, maka janganlah kamu berlaku sewenang-wenang."}]},{"id":6089,"verse_number":10,"verse_key":"93:10","juz_number":30,"hizb_number":60,"rub_el_hizb_number":238,"ruku_number":537,"manzil_number":7,"sajdah_number":null,"text_uthmani":"وَأَمَّا ٱلسَّآئِلَ فَلَا تَنْهَرْ","page_number":596,"words":[{"id":11376,"position":1,"audio_url":"wbw/093_010_001.mp3","qpc_uthmani_hafs":"وَأَمَّا","char_type_name":"word","page_number":596,"line_number":10,"text":"ﮛ","translation":{"text":"And as for","language_name":"english","language_id":38},"transliteration":{"text":"wa-ammā","language_name":"english","language_id":38}},{"id":11377,"position":2,"audio_url":"wbw/093_010_002.mp3","qpc_uthmani_hafs":"ٱلسَّآئِلَ","char_type_name":"word","page_number":596,"line_number":10,"text":"ﮜ","translation":{"text":"one who asks","language_name":"english","language_id":38},"transliteration":{"text":"l-sāila","language_name":"english","language_id":38}},{"id":11378,"position":3,"audio_url":"wbw/093_010_003.mp3","qpc_uthmani_hafs":"فَلَا","char_type_name":"word","page_number":596,"line_number":10,"text":"ﮝ","translation":{"text":"then (do) not","language_name":"english","language_id":38},"transliteration":{"text":"falā","language_name":"english","language_id":38}},{"id":11379,"position":4,"audio_url":"wbw/093_010_004.mp3","qpc_uthmani_hafs":"تَنۡهَرۡ","char_type_name":"word","page_number":596,"line_number":10,"text":"ﮞ","translation":{"text":"repel","language_name":"english","language_id":38},"transliteration":{"text":"tanhar","language_name":"english","language_id":38}},{"id":11380,"position":5,"audio_url":null,"qpc_uthmani_hafs":"١٠","char_type_name":"end","page_number":596,"line_number":10,"text":"ﮟ","translation":{"text":"(10)","language_name":"english","language_id":38},"transliteration":{"text":null,"language_name":"english","language_id":38}}],"translations":[{"id":922518,"resource_id":134,"text":"Dan terhadap orang yang minta-minta, janganlah kamu menghardiknya."}]},{"id":6090,"verse_number":11,"verse_key":"93:11","juz_number":30,"hizb_number":60,"rub_el_hizb_number":238,"ruku_number":537,"manzil_number":7,"sajdah_number":null,"text_uthmani":"وَأَمَّا بِنِعْمَةِ رَبِّكَ فَحَدِّثْ","page_number":596,"words":[{"id":12598,"position":1,"audio_url":"wbw/093_011_001.mp3","qpc_uthmani_hafs":"وَأَمَّا","char_type_name":"word","page_number":596,"line_number":10,"text":"ﮠ","translation":{"text":"But as for","language_name":"english","language_id":38},"transliteration":{"text":"wa-ammā","language_name":"english","language_id":38}},{"id":12599,"position":2,"audio_url":"wbw/093_011_002.mp3","qpc_uthmani_hafs":"بِنِعۡمَةِ","char_type_name":"word","page_number":596,"line_number":10,"text":"ﮡ","translation":{"text":"(the) Favor","language_name":"english","language_id":38},"transliteration":{"text":"biniʿ'mati","language_name":"english","language_id":38}},{"id":12600,"position":3,"audio_url":"wbw/093_011_003.mp3","qpc_uthmani_hafs":"رَبِّكَ","char_type_name":"word","page_number":596,"line_number":10,"text":"ﮢ","translation":{"text":"(of) your Lord","language_name":"english","language_id":38},"transliteration":{"text":"rabbika","language_name":"english","language_id":38}},{"id":12601,"position":4,"audio_url":"wbw/093_011_004.mp3","qpc_uthmani_hafs":"فَحَدِّثۡ","char_type_name":"word","page_number":596,"line_number":10,"text":"ﮣ","translation":{"text":"narrate","language_name":"english","language_id":38},"transliteration":{"text":"faḥaddith","language_name":"english","language_id":38}},{"id":12602,"position":5,"audio_url":null,"qpc_uthmani_hafs":"١١","char_type_name":"end","page_number":596,"line_number":10,"text":"ﮤ","translation":{"text":"(11)","language_name":"english","language_id":38},"transliteration":{"text":null,"language_name":"english","language_id":38}}],"translations":[{"id":922519,"resource_id":134,"text":"Dan terhadap nikmat Tuhan-mu, maka hendaklah kamu menyebut-nyebutnya (dengan bersyukur)."}]},{"id":6091,"verse_number":1,"verse_key":"94:1","juz_number":30,"hizb_number":60,"rub_el_hizb_number":239,"ruku_number":538,"manzil_number":7,"sajdah_number":null,"text_uthmani":" أَلَمْ نَشْرَحْ لَكَ صَدْرَكَ","page_number":596,"words":[{"id":188,"position":1,"audio_url":"wbw/094_001_001.mp3","qpc_uthmani_hafs":"أَلَمۡ","char_type_name":"word","page_number":596,"line_number":13,"text":"ﮥ","translation":{"text":"Have not","language_name":"english","language_id":38},"transliteration":{"text":"alam","language_name":"english","language_id":38}},{"id":189,"position":2,"audio_url":"wbw/094_001_002.mp3","qpc_uthmani_hafs":"نَشۡرَحۡ","char_type_name":"word","page_number":596,"line_number":13,"text":"ﮦ","translation":{"text":"We expanded","language_name":"english","language_id":38},"transliteration":{"text":"nashraḥ","language_name":"english","language_id":38}},{"id":190,"position":3,"audio_url":"wbw/094_001_003.mp3","qpc_uthmani_hafs":"لَكَ","char_type_name":"word","page_number":596,"line_number":13,"text":"ﮧ","translation":{"text":"for you","language_name":"english","language_id":38},"transliteration":{"text":"laka","language_name":"english","language_id":38}},{"id":191,"position":4,"audio_url":"wbw/094_001_004.mp3","qpc_uthmani_hafs":"صَدۡرَكَ","char_type_name":"word","page_number":596,"line_number":13,"text":"ﮨ","translation":{"text":"your breast","language_name":"english","language_id":38},"transliteration":{"text":"ṣadraka","language_name":"english","language_id":38}},{"id":192,"position":5,"audio_url":null,"qpc_uthmani_hafs":"١","char_type_name":"end","page_number":596,"line_number":13,"text":"ﮩ","translation":{"text":"(1)","language_name":"english","language_id":38},"transliteration":{"text":null,"language_name":"english","language_id":38}}],"translations":[{"id":922520,"resource_id":134,"text":"Bukankah Kami telah melapangkan untukmu dadamu?"}]},{"id":6092,"verse_number":2,"verse_key":"94:2","juz_number":30,"hizb_number":60,"rub_el_hizb_number":239,"ruku_number":538,"manzil_number":7,"sajdah_number":null,"text_uthmani":"وَوَضَعْنَا عَنكَ وِزْرَكَ","page_number":596,"words":[{"id":1361,"position":1,"audio_url":"wbw/094_002_001.mp3","qpc_uthmani_hafs":"وَوَضَعۡنَا","char_type_name":"word","page_number":596,"line_number":13,"text":"ﮪ","translation":{"text":"And We removed","language_name":"english","language_id":38},"transliteration":{"text":"wawaḍaʿnā","language_name":"english","language_id":38}},{"id":1362,"position":2,"audio_url":"wbw/094_002_002.mp3","qpc_uthmani_hafs":"عَنكَ","char_type_name":"word","page_number":596,"line_number":13,"text":"ﮫ","translation":{"text":"from you","language_name":"english","language_id":38},"transliteration":{"text":"ʿanka","language_name":"english","language_id":38}},{"id":1363,"position":3,"audio_url":"wbw/094_002_003.mp3","qpc_uthmani_hafs":"وِزۡرَكَ","char_type_name":"word","page_number":596,"line_number":13,"text":"ﮬ","translation":{"text":"your burden","language_name":"english","language_id":38},"transliteration":{"text":"wiz'raka","language_name":"english","language_id":38}},{"id":1364,"position":4,"audio_url":null,"qpc_uthmani_hafs":"٢","char_type_name":"end","page_number":596,"line_number":13,"text":"ﮭ","translation":{"text":"(2)","language_name":"english","language_id":38},"transliteration":{"text":null,"language_name":"english","language_id":38}}],"translations":[{"id":922521,"resource_id":134,"text":"dan Kami telah menghilangkan darimu bebanmu<sup foot_note=211354>1</sup>,"}]},{"id":6093,"verse_number":3,"verse_key":"94:3","juz_number":30,"hizb_number":60,"rub_el_hizb_number":239,"ruku_number":538,"manzil_number":7,"sajdah_number":null,"text_uthmani":"ٱلَّذِىٓ أَنقَضَ ظَهْرَكَ","page_number":596,"words":[{"id":2546,"position":1,"audio_url":"wbw/094_003_001.mp3","qpc_uthmani_hafs":"ٱلَّذِيٓ","char_type_name":"word","page_number":596,"line_number":13,"text":"ﮮ","translation":{"text":"Which","language_name":"english","language_id":38},"transliteration":{"text":"alladhī","language_name":"english","language_id":38}},{"id":2547,"position":2,"audio_url":"wbw/094_003_002.mp3","qpc_uthmani_hafs":"أَنقَضَ","char_type_name":"word","page_number":596,"line_number":14,"text":"ﮯ","translation":{"text":"weighed upon","language_name":"english","language_id":38},"transliteration":{"text":"anqaḍa","language_name":"english","language_id":38}},{"id":2548,"position":3,"audio_url":"wbw/094_003_003.mp3","qpc_uthmani_hafs":"ظَهۡرَكَ","char_type_name":"word","page_number":596,"line_number":14,"text":"ﮰ","translation":{"text":"your back","language_name":"english","language_id":38},"transliteration":{"text":"ẓahraka","language_name":"english","language_id":38}},{"id":2549,"position":4,"audio_url":null,"qpc_uthmani_hafs":"٣","char_type_name":"end","page_number":596,"line_number":14,"text":"ﮱ","translation":{"text":"(3)","language_name":"english","language_id":38},"transliteration":{"text":null,"language_name":"english","language_id":38}}],"translations":[{"id":922522,"resource_id":134,"text":"yang memberatkan punggungmu?"}]},{"id":6094,"verse_number":4,"verse_key":"94:4","juz_number":30,"hizb_number":60,"rub_el_hizb_number":239,"ruku_number":538,"manzil_number":7,"sajdah_number":null,"text_uthmani":"وَرَفَعْنَا لَكَ ذِكْرَكَ","page_number":596,"words":[{"id":3914,"position":1,"audio_url":"wbw/094_004_001.mp3","qpc_uthmani_hafs":"وَرَفَعۡنَا","char_type_name":"word","page_number":596,"line_number":14,"text":"ﯓ","translation":{"text":"And We raised high","language_name":"english","language_id":38},"transliteration":{"text":"warafaʿnā","language_name":"english","language_id":38}},{"id":3915,"position":2,"audio_url":"wbw/094_004_002.mp3","qpc_uthmani_hafs":"لَكَ","char_type_name":"word","page_number":596,"line_number":14,"text":"ﯔ","translation":{"text":"for you","language_name":"english","language_id":38},"transliteration":{"text":"laka","language_name":"english","language_id":38}},{"id":3916,"position":3,"audio_url":"wbw/094_004_003.mp3","qpc_uthmani_hafs":"ذِكۡرَكَ","char_type_name":"word","page_number":596,"line_number":14,"text":"ﯕ","translation":{"text":"your reputation","language_name":"english","language_id":38},"transliteration":{"text":"dhik'raka","language_name":"english","language_id":38}},{"id":3917,"position":4,"audio_url":null,"qpc_uthmani_hafs":"٤","char_type_name":"end","page_number":596,"line_number":14,"text":"ﯖ","translation":{"text":"(4)","language_name":"english","language_id":38},"transliteration":{"text":null,"language_name":"english","language_id":38}}],"translations":[{"id":922523,"resource_id":134,"text":"Dan Kami tinggikan bagimu sebutan (nama)mu<sup foot_note=211355>1</sup>."}]},{"id":6095,"verse_number":5,"verse_key":"94:5","juz_number":30,"hizb_number":60,"rub_el_hizb_number":239,"ruku_number":538,"manzil_number":7,"sajdah_number":null,"text_uthmani":"فَإِنَّ مَعَ ٱلْعُسْرِ يُسْرًا","page_number":596,"words":[{"id":5270,"position":1,"audio_url":"wbw/094_005_001.mp3","qpc_uthmani_hafs":"فَإِنَّ","char_type_name":"word","page_number":596,"line_number":14,"text":"ﯗ","translation":{"text":"So indeed","language_name":"english","language_id":38},"transliteration":{"text":"fa-inna","language_name":"english","language_id":38}},{"id":5271,"position":2,"audio_url":"wbw/094_005_002.mp3","qpc_uthmani_hafs":"مَعَ","char_type_name":"word","page_number":596,"line_number":14,"text":"ﯘ","translation":{"text":"with","language_name":"english","language_id":38},"transliteration":{"text":"maʿa","language_name":"english","language_id":38}},{"id":5272,"position":3,"audio_url":"wbw/094_005_003.mp3","qpc_uthmani_hafs":"ٱلۡعُسۡرِ","char_type_name":"word","page_number":596,"line_number":14,"text":"ﯙ","translation":{"text":"the hardship","language_name":"english","language_id":38},"transliteration":{"text":"l-ʿus'ri","language_name":"english","language_id":38}},{"id":5273,"position":4,"audio_url":"wbw/094_005_004.mp3","qpc_uthmani_hafs":"يُسۡرًا","char_type_name":"word","page_number":596,"line_number":14,"text":"ﯚ","translation":{"text":"(is) ease","language_name":"english","language_id":38},"transliteration":{"text":"yus'ran","language_name":"english","language_id":38}},{"id":5274,"position":5,"audio_url":null,"qpc_uthmani_hafs":"٥","char_type_name":"end","page_number":596,"line_number":14,"text":"ﯛ","translation":{"text":"(5)","language_name":"english","language_id":38},"transliteration":{"text":null,"language_name":"english","language_id":38}}],"translations":[{"id":922524,"resource_id":134,"text":"Karena sesungguhnya sesudah kesulitan itu ada kemudahan,"}]},{"id":6096,"verse_number":6,"verse_key":"94:6","juz_number":30,"hizb_number":60,"rub_el_hizb_number":239,"ruku_number":538,"manzil_number":7,"sajdah_number":null,"text_uthmani":"إِنَّ مَعَ ٱلْعُسْرِ يُسْرًا","page_number":596,"words":[{"id":6456,"position":1,"audio_url":"wbw/094_006_001.mp3","qpc_uthmani_hafs":"إِنَّ","char_type_name":"word","page_number":596,"line_number":14,"text":"ﯜ","translation":{"text":"Indeed","language_name":"english","language_id":38},"transliteration":{"text":"inna","language_name":"english","language_id":38}},{"id":6457,"position":2,"audio_url":"wbw/094_006_002.mp3","qpc_uthmani_hafs":"مَعَ","char_type_name":"word","page_number":596,"line_number":15,"text":"ﯝ","translation":{"text":"with","language_name":"english","language_id":38},"transliteration":{"text":"maʿa","language_name":"english","language_id":38}},{"id":6458,"position":3,"audio_url":"wbw/094_006_003.mp3","qpc_uthmani_hafs":"ٱلۡعُسۡرِ","char_type_name":"word","page_number":596,"line_number":15,"text":"ﯞ","translation":{"text":"the hardship","language_name":"english","language_id":38},"transliteration":{"text":"l-ʿus'ri","language_name":"english","language_id":38}},{"id":6459,"position":4,"audio_url":"wbw/094_006_004.mp3","qpc_uthmani_hafs":"يُسۡرٗا","char_type_name":"word","page_number":596,"line_number":15,"text":"ﯟ","translation":{"text":"(is) ease","language_name":"english","language_id":38},"transliteration":{"text":"yus'ran","language_name":"english","language_id":38}},{"id":6460,"position":5,"audio_url":null,"qpc_uthmani_hafs":"٦","char_type_name":"end","page_number":596,"line_number":15,"text":"ﯠ","translation":{"text":"(6)","language_name":"english","language_id":38},"transliteration":{"text":null,"language_name":"english","language_id":38}}],"translations":[{"id":922525,"resource_id":134,"text":"sesungguhnya sesudah kesulitan itu ada kemudahan."}]},{"id":6097,"verse_number":7,"verse_key":"94:7","juz_number":30,"hizb_number":60,"rub_el_hizb_number":239,"ruku_number":538,"manzil_number":7,"sajdah_number":null,"text_uthmani":"فَإِذَا فَرَغْتَ فَٱنصَبْ","page_number":596,"words":[{"id":7614,"position":1,"audio_url":"wbw/094_007_001.mp3","qpc_uthmani_hafs":"فَإِذَا","char_type_name":"word","page_number":596,"line_number":15,"text":"ﯡ","translation":{"text":"So when","language_name":"english","language_id":38},"transliteration":{"text":"fa-idhā","language_name":"english","language_id":38}},{"id":7615,"position":2,"audio_url":"wbw/094_007_002.mp3","qpc_uthmani_hafs":"فَرَغۡتَ","char_type_name":"word","page_number":596,"line_number":15,"text":"ﯢ","translation":{"text":"you have finished","language_name":"english","language_id":38},"transliteration":{"text":"faraghta","language_name":"english","language_id":38}},{"id":7616,"position":3,"audio_url":"wbw/094_007_003.mp3","qpc_uthmani_hafs":"فَٱنصَبۡ","char_type_name":"word","page_number":596,"line_number":15,"text":"ﯣ","translation":{"text":"then labor hard","language_name":"english","language_id":38},"transliteration":{"text":"fa-inṣab","language_name":"english","language_id":38}},{"id":7617,"position":4,"audio_url":null,"qpc_uthmani_hafs":"٧","char_type_name":"end","page_number":596,"line_number":15,"text":"ﯤ","translation":{"text":"(7)","language_name":"english","language_id":38},"transliteration":{"text":null,"language_name":"english","language_id":38}}],"translations":[{"id":922526,"resource_id":134,"text":"Maka apabila kamu telah selesai (dari sesuatu urusan), kerjakanlah dengan sungguh-sungguh (urusan) yang lain<sup foot_note=211356>1</sup>,"}]},{"id":6098,"verse_number":8,"verse_key":"94:8","juz_number":30,"hizb_number":60,"rub_el_hizb_number":239,"ruku_number":538,"manzil_number":7,"sajdah_number":null,"text_uthmani":"وَإِلَىٰ رَبِّكَ فَٱرْغَب","page_number":596,"words":[{"id":9077,"position":1,"audio_url":"wbw/094_008_001.mp3","qpc_uthmani_hafs":"وَإِلَىٰ","char_type_name":"word","page_number":596,"line_number":15,"text":"ﯥ","translation":{"text":"And to","language_name":"english","language_id":38},"transliteration":{"text":"wa-ilā","language_name":"english","language_id":38}},{"id":9078,"position":2,"audio_url":"wbw/094_008_002.mp3","qpc_uthmani_hafs":"رَبِّكَ","char_type_name":"word","page_number":596,"line_number":15,"text":"ﯦ","translation":{"text":"your Lord","language_name":"english","language_id":38},"transliteration":{"text":"rabbika","language_name":"english","language_id":38}},{"id":9079,"position":3,"audio_url":"wbw/094_008_003.mp3","qpc_uthmani_hafs":"فَٱرۡغَب","char_type_name":"word","page_number":596,"line_number":15,"text":"ﯧ","translation":{"text":"turn your attention","language_name":"english","language_id":38},"transliteration":{"text":"fa-ir'ghab","language_name":"english","language_id":38}},{"id":9080,"position":4,"audio_url":null,"qpc_uthmani_hafs":"٨","char_type_name":"end","page_number":596,"line_number":15,"text":"ﯨ","translation":{"text":"(8)","language_name":"english","language_id":38},"transliteration":{"text":null,"language_name":"english","language_id":38}}],"translations":[{"id":922527,"resource_id":134,"text":"dan hanya kepada Tuhan-mulah hendaknya kamu berharap."}]}],"pagination":{"per_page":50,"current_page":1,"next_page":null,"total_pages":1,"total_records":26}}