{"verses":[{"id":6099,"verse_number":1,"verse_key":"95:1","juz_number":30,"hizb_number":60,"rub_el_hizb_number":239,"ruku_number":539,"manzil_number":7,"sajdah_number":null,"text_uthmani":"وَٱلتِّينِ وَٱلزَّيْتُونِ","page_number":597,"words":[{"id":95,"position":1,"audio_url":"wbw/095_001_001.mp3","qpc_uthmani_hafs":"وَٱلتِّينِ","char_type_name":"word","page_number":597,"line_number":3,"text":"ﭑ","translation":{"text":"By the fig","language_name":"english","language_id":38},"transliteration":{"text":"wal-tīni","language_name":"english","language_id":38}},{"id":96,"position":2,"audio_url":"wbw/095_001_002.mp3","qpc_uthmani_hafs":"وَٱلزَّيۡتُونِ","char_type_name":"word","page_number":597,"line_number":3,"text":"ﭒ","translation":{"text":"and the olive","language_name":"english","language_id":38},"transliteration":{"text":"wal-zaytūni","language_name":"english","language_id":38}},{"id":97,"position":3,"audio_url":null,"qpc_uthmani_hafs":"١","char_type_name":"end","page_number":597,"line_number":3,"text":"ﭓ","translation":{"text":"(1)","language_name":"english","language_id":38},"transliteration":{"text":null,"language_name":"english","language_id":38}}],"translations":[{"id":922528,"resource_id":134,"text":"Demi (buah) tin dan (buah) zaitun<sup foot_note=211357>1</sup>,"}]},{"id":6100,"verse_number":2,"verse_key":"95:2","juz_number":30,"hizb_number":60,"rub_el_hizb_number":239,"ruku_number":539,"manzil_number":7,"sajdah_number":null,"text_uthmani":"وَطُورِ سِينِينَ","page_number":597,"words":[{"id":1481,"position":1,"audio_url":"wbw/095_002_001.mp3","qpc_uthmani_hafs":"وَطُورِ","char_type_name":"word","page_number":597,"line_number":3,"text":"ﭔ","translation":{"text":"And (the) Mount","language_name":"english","language_id":38},"transliteration":{"text":"waṭūri","language_name":"english","language_id":38}},{"id":1482,"position":2,"audio_url":"wbw/095_002_002.mp3","qpc_uthmani_hafs":"سِينِينَ","char_type_name":"word","page_number":597,"line_number":3,"text":"ﭕ","translation":{"text":"Sinai","language_name":"english","language_id":38},"transliteration":{"text":"sīnīna","language_name":"english","language_id":38}},{"id":1483,"position":3,"audio_url":null,"qpc_uthmani_hafs":"٢","char_type_name":"end","page_number":597,"line_number":3,"text":"ﭖ","translation":{"text":"(2)","language_name":"english","language_id":38},"transliteration":{"text":null,"language_name":"english","language_id":38}}],"translations":[{"id":922529,"resource_id":134,"text":"dan demi bukit Ṭūrsīnā`<sup foot_note=211358>1</sup>,"}]},{"id":6101,"verse_number":3,"verse_key":"95:3","juz_number":30,"hizb_number":60,"rub_el_hizb_number":239,"ruku_number":539,"manzil_number":7,"sajdah_number":null,"text_uthmani":"وَهَـٰذَا ٱلْبَلَدِ ٱلْأَمِينِ","page_number":597,"words":[{"id":2603,"position":1,"audio_url":"wbw/095_003_001.mp3","qpc_uthmani_hafs":"وَهَٰذَا","char_type_name":"word","page_number":597,"line_number":3,"text":"ﭗ","translation":{"text":"And this","language_name":"english","language_id":38},"transliteration":{"text":"wahādhā","language_name":"english","language_id":38}},{"id":2604,"position":2,"audio_url":"wbw/095_003_002.mp3","qpc_uthmani_hafs":"ٱلۡبَلَدِ","char_type_name":"word","page_number":597,"line_number":3,"text":"ﭘ","translation":{"text":"[the] city","language_name":"english","language_id":38},"transliteration":{"text":"l-baladi","language_name":"english","language_id":38}},{"id":2605,"position":3,"audio_url":"wbw/095_003_003.mp3","qpc_uthmani_hafs":"ٱلۡأَمِينِ","char_type_name":"word","page_number":597,"line_number":3,"text":"ﭙ","translation":{"text":"[the] secure","language_name":"english","language_id":38},"transliteration":{"text":"l-amīni","language_name":"english","language_id":38}},{"id":2606,"position":4,"audio_url":null,"qpc_uthmani_hafs":"٣","char_type_name":"end","page_number":597,"line_number":3,"text":"ﭚ","translation":{"text":"(3)","language_name":"english","language_id":38},"transliteration":{"text":null,"language_name":"english","language_id":38}}],"translations":[{"id":922530,"resource_id":134,"text":"dan demi kota (Mekah) ini yang aman,"}]},{"id":6102,"verse_number":4,"verse_key":"95:4","juz_number":30,"hizb_number":60,"rub_el_hizb_number":239,"ruku_number":539,"manzil_number":7,"sajdah_number":null,"text_uthmani":"لَقَدْ خَلَقْنَا ٱلْإِنسَـٰنَ فِىٓ أَحْسَنِ تَقْوِيمٍ","page_number":597,"words":[{"id":4019,"position":1,"audio_url":"wbw/095_004_001.mp3","qpc_uthmani_hafs":"لَقَدۡ","char_type_name":"word","page_number":597,"line_number":4,"text":"ﭛ","translation":{"text":"Indeed","language_name":"english","language_id":38},"transliteration":{"text":"laqad","language_name":"english","language_id":38}},{"id":4020,"position":2,"audio_url":"wbw/095_004_002.mp3","qpc_uthmani_hafs":"خَلَقۡنَا","char_type_name":"word","page_number":597,"line_number":4,"text":"ﭜ","translation":{"text":"We created","language_name":"english","language_id":38},"transliteration":{"text":"khalaqnā","language_name":"english","language_id":38}},{"id":4021,"position":3,"audio_url":"wbw/095_004_003.mp3","qpc_uthmani_hafs":"ٱلۡإِنسَٰنَ","char_type_name":"word","page_number":597,"line_number":4,"text":"ﭝ","translation":{"text":"man","language_name":"english","language_id":38},"transliteration":{"text":"l-insāna","language_name":"english","language_id":38}},{"id":4022,"position":4,"audio_url":"wbw/095_004_004.mp3","qpc_uthmani_hafs":"فِيٓ","char_type_name":"word","page_number":597,"line_number":4,"text":"ﭞ","translation":{"text":"in","language_name":"english","language_id":38},"transliteration":{"text":"fī","language_name":"english","language_id":38}},{"id":4023,"position":5,"audio_url":"wbw/095_004_005.mp3","qpc_uthmani_hafs":"أَحۡسَنِ","char_type_name":"word","page_number":597,"line_number":4,"text":"ﭟ","translation":{"text":"(the) best","language_name":"english","language_id":38},"transliteration":{"text":"aḥsani","language_name":"english","language_id":38}},{"id":4024,"position":6,"audio_url":"wbw/095_004_006.mp3","qpc_uthmani_hafs":"تَقۡوِيمٖ","char_type_name":"word","page_number":597,"line_number":4,"text":"ﭠ","translation":{"text":"mould","language_name":"english","language_id":38},"transliteration":{"text":"taqwīmin","language_name":"english","language_id":38}},{"id":4025,"position":7,"audio_url":null,"qpc_uthmani_hafs":"٤","char_type_name":"end","page_number":597,"line_number":4,"text":"ﭡ","translation":{"text":"(4)","language_name":"english","language_id":38},"transliteration":{"text":null,"language_name":"english","language_id":38}}],"translations":[{"id":922531,"resource_id":134,"text":"sesungguhnya Kami telah menciptakan manusia dalam bentuk yang sebaik-baiknya."}]},{"id":6103,"verse_number":5,"verse_key":"95:5","juz_number":30,"hizb_number":60,"rub_el_hizb_number":239,"ruku_number":539,"manzil_number":7,"sajdah_number":null,"text_uthmani":"ثُمَّ رَدَدْنَـٰهُ أَسْفَلَ سَـٰفِلِينَ","page_number":597,"words":[{"id":5296,"position":1,"audio_url":"wbw/095_005_001.mp3","qpc_uthmani_hafs":"ثُمَّ","char_type_name":"word","page_number":597,"line_number":4,"text":"ﭢ","translation":{"text":"Then","language_name":"english","language_id":38},"transliteration":{"text":"thumma","language_name":"english","language_id":38}},{"id":5297,"position":2,"audio_url":"wbw/095_005_002.mp3","qpc_uthmani_hafs":"رَدَدۡنَٰهُ","char_type_name":"word","page_number":597,"line_number":4,"text":"ﭣ","translation":{"text":"We returned him","language_name":"english","language_id":38},"transliteration":{"text":"radadnāhu","language_name":"english","language_id":38}},{"id":5298,"position":3,"audio_url":"wbw/095_005_003.mp3","qpc_uthmani_hafs":"أَسۡفَلَ","char_type_name":"word","page_number":597,"line_number":4,"text":"ﭤ","translation":{"text":"(to the) lowest","language_name":"english","language_id":38},"transliteration":{"text":"asfala","language_name":"english","language_id":38}},{"id":5299,"position":4,"audio_url":"wbw/095_005_004.mp3","qpc_uthmani_hafs":"سَٰفِلِينَ","char_type_name":"word","page_number":597,"line_number":4,"text":"ﭥ","translation":{"text":"(of the) low","language_name":"english","language_id":38},"transliteration":{"text":"sāfilīna","language_name":"english","language_id":38}},{"id":5300,"position":5,"audio_url":null,"qpc_uthmani_hafs":"٥","char_type_name":"end","page_number":597,"line_number":5,"text":"ﭦ","translation":{"text":"(5)","language_name":"english","language_id":38},"transliteration":{"text":null,"language_name":"english","language_id":38}}],"translations":[{"id":922532,"resource_id":134,"text":"Kemudian Kami kembalikan dia ke tempat yang serendah-rendahnya (neraka),"}]},{"id":6104,"verse_number":6,"verse_key":"95:6","juz_number":30,"hizb_number":60,"rub_el_hizb_number":239,"ruku_number":539,"manzil_number":7,"sajdah_number":null,"text_uthmani":"إِلَّا ٱلَّذِينَ ءَامَنُوا۟ وَعَمِلُوا۟ ٱلصَّـٰلِحَـٰتِ فَلَهُمْ أَجْرٌ غَيْرُ مَمْنُونٍ","page_number":597,"words":[{"id":6536,"position":1,"audio_url":"wbw/095_006_001.mp3","qpc_uthmani_hafs":"إِلَّا","char_type_name":"word","page_number":597,"line_number":5,"text":"ﭧ","translation":{"text":"Except","language_name":"english","language_id":38},"transliteration":{"text":"illā","language_name":"english","language_id":38}},{"id":6537,"position":2,"audio_url":"wbw/095_006_002.mp3","qpc_uthmani_hafs":"ٱلَّذِينَ","char_type_name":"word","page_number":597,"line_number":5,"text":"ﭨ","translation":{"text":"those who","language_name":"english","language_id":38},"transliteration":{"text":"alladhīna","language_name":"english","language_id":38}},{"id":6538,"position":3,"audio_url":"wbw/095_006_003.mp3","qpc_uthmani_hafs":"ءَامَنُواْ","char_type_name":"word","page_number":597,"line_number":5,"text":"ﭩ","translation":{"text":"believe","language_name":"english","language_id":38},"transliteration":{"text":"āmanū","language_name":"english","language_id":38}},{"id":6539,"position":4,"audio_url":"wbw/095_006_004.mp3","qpc_uthmani_hafs":"وَعَمِلُواْ","char_type_name":"word","page_number":597,"line_number":5,"text":"ﭪ","translation":{"text":"and do","language_name":"english","language_id":38},"transliteration":{"text":"waʿamilū","language_name":"english","language_id":38}},{"id":6540,"position":5,"audio_url":"wbw/095_006_005.mp3","qpc_uthmani_hafs":"ٱلصَّٰلِحَٰتِ","char_type_name":"word","page_number":597,"line_number":5,"text":"ﭫ","translation":{"text":"righteous deeds","language_name":"english","language_id":38},"transliteration":{"text":"l-ṣāliḥāti","language_name":"english","language_id":38}},{"id":6541,"position":6,"audio_url":"wbw/095_006_006.mp3","qpc_uthmani_hafs":"فَلَهُمۡ","char_type_name":"word","page_number":597,"line_number":5,"text":"ﭬ","translation":{"text":"then for them","language_name":"english","language_id":38},"transliteration":{"text":"falahum","language_name":"english","language_id":38}},{"id":6542,"position":7,"audio_url":"wbw/095_006_007.mp3","qpc_uthmani_hafs":"أَجۡرٌ","char_type_name":"word","page_number":597,"line_number":5,"text":"ﭭ","translation":{"text":"(is a) reward","language_name":"english","language_id":38},"transliteration":{"text":"ajrun","language_name":"english","language_id":38}},{"id":6543,"position":8,"audio_url":"wbw/095_006_008.mp3","qpc_uthmani_hafs":"غَيۡرُ","char_type_name":"word","page_number":597,"line_number":5,"text":"ﭮ","translation":{"text":"never","language_name":"english","language_id":38},"transliteration":{"text":"ghayru","language_name":"english","language_id":38}},{"id":6544,"position":9,"audio_url":"wbw/095_006_009.mp3","qpc_uthmani_hafs":"مَمۡنُونٖ","char_type_name":"word","page_number":597,"line_number":5,"text":"ﭯ","translation":{"text":"ending","language_name":"english","language_id":38},"transliteration":{"text":"mamnūnin","language_name":"english","language_id":38}},{"id":6545,"position":10,"audio_url":null,"qpc_uthmani_hafs":"٦","char_type_name":"end","page_number":597,"line_number":5,"text":"ﭰ","translation":{"text":"(6)","language_name":"english","language_id":38},"transliteration":{"text":null,"language_name":"english","language_id":38}}],"translations":[{"id":922533,"resource_id":134,"text":"kecuali orang-orang yang beriman dan mengerjakan amal saleh; maka bagi mereka pahala yang tiada putus-putusnya."}]},{"id":6105,"verse_number":7,"verse_key":"95:7","juz_number":30,"hizb_number":60,"rub_el_hizb_number":239,"ruku_number":539,"manzil_number":7,"sajdah_number":null,"text_uthmani":"فَمَا يُكَذِّبُكَ بَعْدُ بِٱلدِّينِ","page_number":597,"words":[{"id":7954,"position":1,"audio_url":"wbw/095_007_001.mp3","qpc_uthmani_hafs":"فَمَا","char_type_name":"word","page_number":597,"line_number":6,"text":"ﭱ","translation":{"text":"Then what","language_name":"english","language_id":38},"transliteration":{"text":"famā","language_name":"english","language_id":38}},{"id":7955,"position":2,"audio_url":"wbw/095_007_002.mp3","qpc_uthmani_hafs":"يُكَذِّبُكَ","char_type_name":"word","page_number":597,"line_number":6,"text":"ﭲ","translation":{"text":"causes you to deny","language_name":"english","language_id":38},"transliteration":{"text":"yukadhibuka","language_name":"english","language_id":38}},{"id":7956,"position":3,"audio_url":"wbw/095_007_003.mp3","qpc_uthmani_hafs":"بَعۡدُ","char_type_name":"word","page_number":597,"line_number":6,"text":"ﭳ","translation":{"text":"after (this)","language_name":"english","language_id":38},"transliteration":{"text":"baʿdu","language_name":"english","language_id":38}},{"id":7957,"position":4,"audio_url":"wbw/095_007_004.mp3","qpc_uthmani_hafs":"بِٱلدِّينِ","char_type_name":"word","page_number":597,"line_number":6,"text":"ﭴ","translation":{"text":"the judgment","language_name":"english","language_id":38},"transliteration":{"text":"bil-dīni","language_name":"english","language_id":38}},{"id":7958,"position":5,"audio_url":null,"qpc_uthmani_hafs":"٧","char_type_name":"end","page_number":597,"line_number":6,"text":"ﭵ","translation":{"text":"(7)","language_name":"english","language_id":38},"transliteration":{"text":null,"language_name":"english","language_id":38}}],"translations":[{"id":922534,"resource_id":134,"text":"Maka apakah yang menyebabkan kamu mendustakan (hari) pembalasan sesudah (adanya keterangan-keterangan) itu?"}]},{"id":6106,"verse_number":8,"verse_key":"95:8","juz_number":30,"hizb_number":60,"rub_el_hizb_number":239,"ruku_number":539,"manzil_number":7,"sajdah_number":null,"text_uthmani":"أَلَيْسَ ٱللَّهُ بِأَحْكَمِ ٱلْحَـٰكِمِينَ","page_number":597,"words":[{"id":9118,"position":1,"audio_url":"wbw/095_008_001.mp3","qpc_uthmani_hafs":"أَلَيۡسَ","char_type_name":"word","page_number":597,"line_number":6,"text":"ﭶ","translation":{"text":"Is not","language_name":"english","language_id":38},"transliteration":{"text":"alaysa","language_name":"english","language_id":38}},{"id":9119,"position":2,"audio_url":"wbw/095_008_002.mp3","qpc_uthmani_hafs":"ٱللَّهُ","char_type_name":"word","page_number":597,"line_number":6,"text":"ﭷ","translation":{"text":"Allah","language_name":"english","language_id":38},"transliteration":{"text":"l-lahu","language_name":"english","language_id":38}},{"id":9120,"position":3,"audio_url":"wbw/095_008_003.mp3","qpc_uthmani_hafs":"بِأَحۡكَمِ","char_type_name":"word","page_number":597,"line_number":6,"text":"ﭸ","translation":{"text":"(the) Most Just","language_name":"english","language_id":38},"transliteration":{"text":"bi-aḥkami","language_name":"english","language_id":38}},{"id":9121,"position":4,"audio_url":"wbw/095_008_004.mp3","qpc_uthmani_hafs":"ٱلۡحَٰكِمِينَ","char_type_name":"word","page_number":597,"line_number":6,"text":"ﭹ","translation":{"text":"(of) the Judges","language_name":"english","language_id":38},"transliteration":{"text":"l-ḥākimīna","language_name":"english","language_id":38}},{"id":9122,"position":5,"audio_url":null,"qpc_uthmani_hafs":"٨","char_type_name":"end","page_number":597,"line_number":6,"text":"ﭺ","translation":{"text":"(8)","language_name":"english","language_id":38},"transliteration":{"text":null,"language_name":"english","language_id":38}}],"translations":[{"id":922535,"resource_id":134,"text":"Bukankah Allah Hakim yang seadil-adilnya?"}]},{"id":6107,"verse_number":1,"verse_key":"96:1","juz_number":30,"hizb_number":60,"rub_el_hizb_number":239,"ruku_number":540,"manzil_number":7,"sajdah_number":null,"text_uthmani":" ٱقْرَأْ بِٱسْمِ رَبِّكَ ٱلَّذِى خَلَقَ","page_number":597,"words":[{"id":100,"position":1,"audio_url":"wbw/096_001_001.mp3","qpc_uthmani_hafs":"ٱقۡرَأۡ","char_type_name":"word","page_number":597,"line_number":9,"text":"ﭻ","translation":{"text":"Read","language_name":"english","language_id":38},"transliteration":{"text":"iq'ra","language_name":"english","language_id":38}},{"id":101,"position":2,"audio_url":"wbw/096_001_002.mp3","qpc_uthmani_hafs":"بِٱسۡمِ","char_type_name":"word","page_number":597,"line_number":9,"text":"ﭼ","translation":{"text":"in (the) name","language_name":"english","language_id":38},"transliteration":{"text":"bi-is'mi","language_name":"english","language_id":38}},{"id":102,"position":3,"audio_url":"wbw/096_001_003.mp3","qpc_uthmani_hafs":"رَبِّكَ","char_type_name":"word","page_number":597,"line_number":9,"text":"ﭽ","translation":{"text":"(of) your Lord","language_name":"english","language_id":38},"transliteration":{"text":"rabbika","language_name":"english","language_id":38}},{"id":103,"position":4,"audio_url":"wbw/096_001_004.mp3","qpc_uthmani_hafs":"ٱلَّذِي","char_type_name":"word","page_number":597,"line_number":9,"text":"ﭾ","translation":{"text":"the One Who","language_name":"english","language_id":38},"transliteration":{"text":"alladhī","language_name":"english","language_id":38}},{"id":104,"position":5,"audio_url":"wbw/096_001_005.mp3","qpc_uthmani_hafs":"خَلَقَ","char_type_name":"word","page_number":597,"line_number":9,"text":"ﭿ","translation":{"text":"created ","language_name":"english","language_id":38},"transliteration":{"text":"khalaqa","language_name":"english","language_id":38}},{"id":105,"position":6,"audio_url":null,"qpc_uthmani_hafs":"١","char_type_name":"end","page_number":597,"line_number":9,"text":"ﮀ","translation":{"text":"(1)","language_name":"english","language_id":38},"transliteration":{"text":null,"language_name":"english","language_id":38}}],"translations":[{"id":922536,"resource_id":134,"text":"Bacalah dengan (menyebut) nama Tuhan-mu Yang menciptakan,"}]},{"id":6108,"verse_number":2,"verse_key":"96:2","juz_number":30,"hizb_number":60,"rub_el_hizb_number":239,"ruku_number":540,"manzil_number":7,"sajdah_number":null,"text_uthmani":"خَلَقَ ٱلْإِنسَـٰنَ مِنْ عَلَقٍ","page_number":597,"words":[{"id":1580,"position":1,"audio_url":"wbw/096_002_001.mp3","qpc_uthmani_hafs":"خَلَقَ","char_type_name":"word","page_number":597,"line_number":9,"text":"ﮁ","translation":{"text":"He created","language_name":"english","language_id":38},"transliteration":{"text":"khalaqa","language_name":"english","language_id":38}},{"id":1581,"position":2,"audio_url":"wbw/096_002_002.mp3","qpc_uthmani_hafs":"ٱلۡإِنسَٰنَ","char_type_name":"word","page_number":597,"line_number":9,"text":"ﮂ","translation":{"text":"man","language_name":"english","language_id":38},"transliteration":{"text":"l-insāna","language_name":"english","language_id":38}},{"id":1582,"position":3,"audio_url":"wbw/096_002_003.mp3","qpc_uthmani_hafs":"مِنۡ","char_type_name":"word","page_number":597,"line_number":9,"text":"ﮃ","translation":{"text":"from","language_name":"english","language_id":38},"transliteration":{"text":"min","language_name":"english","language_id":38}},{"id":1583,"position":4,"audio_url":"wbw/096_002_004.mp3","qpc_uthmani_hafs":"عَلَقٍ","char_type_name":"word","page_number":597,"line_number":9,"text":"ﮄ","translation":{"text":"a clinging substance","language_name":"english","language_id":38},"transliteration":{"text":"ʿalaqin","language_name":"english","language_id":38}},{"id":1584,"position":5,"audio_url":null,"qpc_uthmani_hafs":"٢","char_type_name":"end","page_number":597,"line_number":9,"text":"ﮅ","translation":{"text":"(2)","language_name":"english","language_id":38},"transliteration":{"text":null,"language_name":"english","language_id":38}}],"translations":[{"id":922537,"resource_id":134,"text":"Dia telah menciptakan manusia dari segumpal darah."}]},{"id":6109,"verse_number":3,"verse_key":"96:3","juz_number":30,"hizb_number":60,"rub_el_hizb_number":239,"ruku_number":540,"manzil_number":7,"sajdah_number":null,"text_uthmani":"ٱقْرَأْ وَرَبُّكَ ٱلْأَكْرَمُ","page_number":597,"words":[{"id":2566,"position":1,"audio_url":"wbw/096_003_001.mp3","qpc_uthmani_hafs":"ٱقۡرَأۡ","char_type_name":"word","page_number":597,"line_number":9,"text":"ﮆ","translation":{"text":"Read","language_name":"english","language_id":38},"transliteration":{"text":"iq'ra","language_name":"english","language_id":38}},{"id":2567,"position":2,"audio_url":"wbw/096_003_002.mp3","qpc_uthmani_hafs":"وَرَبُّكَ","char_type_name":"word","page_number":597,"line_number":9,"text":"ﮇ","translation":{"text":"and your Lord","language_name":"english","language_id":38},"transliteration":{"text":"warabbuka","language_name":"english","language_id":38}},{"id":2568,"position":3,"audio_url":"wbw/096_003_003.mp3","qpc_uthmani_hafs":"ٱلۡأَكۡرَمُ","char_type_name":"word","page_number":597,"line_number":10,"text":"ﮈ","translation":{"text":"(is) the Most Generous","language_name":"english","language_id":38},"transliteration":{"text":"l-akramu","language_name":"english","language_id":38}},{"id":2569,"position":4,"audio_url":null,"qpc_uthmani_hafs":"٣","char_type_name":"end","page_number":597,"line_number":10,"text":"ﮉ","translation":{"text":"(3)","language_name":"english","language_id":38},"transliteration":{"text":null,"language_name":"english","language_id":38}}],"translations":[{"id":922538,"resource_id":134,"text":"Bacalah, dan Tuhan-mulah Yang Maha Pemurah,"}]},{"id":6110,"verse_number":4,"verse_key":"96:4","juz_number":30,"hizb_number":60,"rub_el_hizb_number":239,"ruku_number":540,"manzil_number":7,"sajdah_number":null,"text_uthmani":"ٱلَّذِى عَلَّمَ بِٱلْقَلَمِ","page_number":597,"words":[{"id":3723,"position":1,"audio_url":"wbw/096_004_001.mp3","qpc_uthmani_hafs":"ٱلَّذِي","char_type_name":"word","page_number":597,"line_number":10,"text":"ﮊ","translation":{"text":"The One Who","language_name":"english","language_id":38},"transliteration":{"text":"alladhī","language_name":"english","language_id":38}},{"id":3724,"position":2,"audio_url":"wbw/096_004_002.mp3","qpc_uthmani_hafs":"عَلَّمَ","char_type_name":"word","page_number":597,"line_number":10,"text":"ﮋ","translation":{"text":"taught","language_name":"english","language_id":38},"transliteration":{"text":"ʿallama","language_name":"english","language_id":38}},{"id":3725,"position":3,"audio_url":"wbw/096_004_003.mp3","qpc_uthmani_hafs":"بِٱلۡقَلَمِ","char_type_name":"word","page_number":597,"line_number":10,"text":"ﮌ","translation":{"text":"by the pen","language_name":"english","language_id":38},"transliteration":{"text":"bil-qalami","language_name":"english","language_id":38}},{"id":3726,"position":4,"audio_url":null,"qpc_uthmani_hafs":"٤","char_type_name":"end","page_number":597,"line_number":10,"text":"ﮍ","translation":{"text":"(4)","language_name":"english","language_id":38},"transliteration":{"text":null,"language_name":"english","language_id":38}}],"translations":[{"id":922539,"resource_id":134,"text":"Yang mengajar (manusia) dengan perantaran kalam<sup foot_note=211359>1</sup>."}]},{"id":6111,"verse_number":5,"verse_key":"96:5","juz_number":30,"hizb_number":60,"rub_el_hizb_number":239,"ruku_number":540,"manzil_number":7,"sajdah_number":null,"text_uthmani":"عَلَّمَ ٱلْإِنسَـٰنَ مَا لَمْ يَعْلَمْ","page_number":597,"words":[{"id":5427,"position":1,"audio_url":"wbw/096_005_001.mp3","qpc_uthmani_hafs":"عَلَّمَ","char_type_name":"word","page_number":597,"line_number":10,"text":"ﮎ","translation":{"text":"Taught","language_name":"english","language_id":38},"transliteration":{"text":"ʿallama","language_name":"english","language_id":38}},{"id":5428,"position":2,"audio_url":"wbw/096_005_002.mp3","qpc_uthmani_hafs":"ٱلۡإِنسَٰنَ","char_type_name":"word","page_number":597,"line_number":10,"text":"ﮏ","translation":{"text":"man","language_name":"english","language_id":38},"transliteration":{"text":"l-insāna","language_name":"english","language_id":38}},{"id":5429,"position":3,"audio_url":"wbw/096_005_003.mp3","qpc_uthmani_hafs":"مَا","char_type_name":"word","page_number":597,"line_number":10,"text":"ﮐ","translation":{"text":"what","language_name":"english","language_id":38},"transliteration":{"text":"mā","language_name":"english","language_id":38}},{"id":5430,"position":4,"audio_url":"wbw/096_005_004.mp3","qpc_uthmani_hafs":"لَمۡ","char_type_name":"word","page_number":597,"line_number":10,"text":"ﮑ","translation":{"text":"not","language_name":"english","language_id":38},"transliteration":{"text":"lam","language_name":"english","language_id":38}},{"id":5431,"position":5,"audio_url":"wbw/096_005_005.mp3","qpc_uthmani_hafs":"يَعۡلَمۡ","char_type_name":"word","page_number":597,"line_number":10,"text":"ﮒ","translation":{"text":"he knew","language_name":"english","language_id":38},"transliteration":{"text":"yaʿlam","language_name":"english","language_id":38}},{"id":5432,"position":6,"audio_url":null,"qpc_uthmani_hafs":"٥","char_type_name":"end","page_number":597,"line_number":10,"text":"ﮓ","translation":{"text":"(5)","language_name":"english","language_id":38},"transliteration":{"text":null,"language_name":"english","language_id":38}}],"translations":[{"id":922540,"resource_id":134,"text":"Dia mengajarkan kepada manusia apa yang tidak diketahuinya."}]},{"id":6112,"verse_number":6,"verse_key":"96:6","juz_number":30,"hizb_number":60,"rub_el_hizb_number":239,"ruku_number":540,"manzil_number":7,"sajdah_number":null,"text_uthmani":"كَلَّآ إِنَّ ٱلْإِنسَـٰنَ لَيَطْغَىٰٓ","page_number":597,"words":[{"id":6676,"position":1,"audio_url":"wbw/096_006_001.mp3","qpc_uthmani_hafs":"كـَلَّآ","char_type_name":"word","page_number":597,"line_number":10,"text":"ﮔ","translation":{"text":"Nay","language_name":"english","language_id":38},"transliteration":{"text":"kallā","language_name":"english","language_id":38}},{"id":6677,"position":2,"audio_url":"wbw/096_006_002.mp3","qpc_uthmani_hafs":"إِنَّ","char_type_name":"word","page_number":597,"line_number":10,"text":"ﮕ","translation":{"text":"Indeed","language_name":"english","language_id":38},"transliteration":{"text":"inna","language_name":"english","language_id":38}},{"id":6678,"position":3,"audio_url":"wbw/096_006_003.mp3","qpc_uthmani_hafs":"ٱلۡإِنسَٰنَ","char_type_name":"word","page_number":597,"line_number":11,"text":"ﮖ","translation":{"text":"man","language_name":"english","language_id":38},"transliteration":{"text":"l-insāna","language_name":"english","language_id":38}},{"id":6679,"position":4,"audio_url":"wbw/096_006_004.mp3","qpc_uthmani_hafs":"لَيَطۡغَىٰٓ","char_type_name":"word","page_number":597,"line_number":11,"text":"ﮗ","translation":{"text":"surely transgresses","language_name":"english","language_id":38},"transliteration":{"text":"layaṭghā","language_name":"english","language_id":38}},{"id":6680,"position":5,"audio_url":null,"qpc_uthmani_hafs":"٦","char_type_name":"end","page_number":597,"line_number":11,"text":"ﮘ","translation":{"text":"(6)","language_name":"english","language_id":38},"transliteration":{"text":null,"language_name":"english","language_id":38}}],"translations":[{"id":922541,"resource_id":134,"text":"Ketahuilah! Sesungguhnya manusia benar-benar melampaui batas,"}]},{"id":6113,"verse_number":7,"verse_key":"96:7","juz_number":30,"hizb_number":60,"rub_el_hizb_number":239,"ruku_number":540,"manzil_number":7,"sajdah_number":null,"text_uthmani":"أَن رَّءَاهُ ٱسْتَغْنَىٰٓ","page_number":597,"words":[{"id":8005,"position":1,"audio_url":"wbw/096_007_001.mp3","qpc_uthmani_hafs":"أَن","char_type_name":"word","page_number":597,"line_number":11,"text":"ﮙ","translation":{"text":"That","language_name":"english","language_id":38},"transliteration":{"text":"an","language_name":"english","language_id":38}},{"id":8006,"position":2,"audio_url":"wbw/096_007_002.mp3","qpc_uthmani_hafs":"رَّءَاهُ","char_type_name":"word","page_number":597,"line_number":11,"text":"ﮚ","translation":{"text":"he sees himself","language_name":"english","language_id":38},"transliteration":{"text":"raāhu","language_name":"english","language_id":38}},{"id":8007,"position":3,"audio_url":"wbw/096_007_003.mp3","qpc_uthmani_hafs":"ٱسۡتَغۡنَىٰٓ","char_type_name":"word","page_number":597,"line_number":11,"text":"ﮛ","translation":{"text":"self-sufficient","language_name":"english","language_id":38},"transliteration":{"text":"is'taghnā","language_name":"english","language_id":38}},{"id":8008,"position":4,"audio_url":null,"qpc_uthmani_hafs":"٧","char_type_name":"end","page_number":597,"line_number":11,"text":"ﮜ","translation":{"text":"(7)","language_name":"english","language_id":38},"transliteration":{"text":null,"language_name":"english","language_id":38}}],"translations":[{"id":922542,"resource_id":134,"text":"karena dia melihat dirinya serba cukup."}]},{"id":6114,"verse_number":8,"verse_key":"96:8","juz_number":30,"hizb_number":60,"rub_el_hizb_number":239,"ruku_number":540,"manzil_number":7,"sajdah_number":null,"text_uthmani":"إِنَّ إِلَىٰ رَبِّكَ ٱلرُّجْعَىٰٓ","page_number":597,"words":[{"id":9198,"position":1,"audio_url":"wbw/096_008_001.mp3","qpc_uthmani_hafs":"إِنَّ","char_type_name":"word","page_number":597,"line_number":11,"text":"ﮝ","translation":{"text":"Indeed","language_name":"english","language_id":38},"transliteration":{"text":"inna","language_name":"english","language_id":38}},{"id":9199,"position":2,"audio_url":"wbw/096_008_002.mp3","qpc_uthmani_hafs":"إِلَىٰ","char_type_name":"word","page_number":597,"line_number":11,"text":"ﮞ","translation":{"text":"to","language_name":"english","language_id":38},"transliteration":{"text":"ilā","language_name":"english","language_id":38}},{"id":9200,"position":3,"audio_url":"wbw/096_008_003.mp3","qpc_uthmani_hafs":"رَبِّكَ","char_type_name":"word","page_number":597,"line_number":11,"text":"ﮟ","translation":{"text":"your Lord","language_name":"english","language_id":38},"transliteration":{"text":"rabbika","language_name":"english","language_id":38}},{"id":9201,"position":4,"audio_url":"wbw/096_008_004.mp3","qpc_uthmani_hafs":"ٱلرُّجۡعَىٰٓ","char_type_name":"word","page_number":597,"line_number":11,"text":"ﮠ","translation":{"text":"(is) the return","language_name":"english","language_id":38},"transliteration":{"text":"l-ruj'ʿā","language_name":"english","language_id":38}},{"id":9202,"position":5,"audio_url":null,"qpc_uthmani_hafs":"٨","char_type_name":"end","page_number":597,"line_number":11,"text":"ﮡ","translation":{"text":"(8)","language_name":"english","language_id":38},"transliteration":{"text":null,"language_name":"english","language_id":38}}],"translations":[{"id":922543,"resource_id":134,"text":"Sesungguhnya hanya kepada Tuhan-mulah kembali(mu)."}]},{"id":6115,"verse_number":9,"verse_key":"96:9","juz_number":30,"hizb_number":60,"rub_el_hizb_number":239,"ruku_number":540,"manzil_number":7,"sajdah_number":null,"text_uthmani":"أَرَءَيْتَ ٱلَّذِى يَنْهَىٰ","page_number":597,"words":[{"id":10404,"position":1,"audio_url":"wbw/096_009_001.mp3","qpc_uthmani_hafs":"أَرَءَيۡتَ","char_type_name":"word","page_number":597,"line_number":11,"text":"ﮢ","translation":{"text":"Have you seen","language_name":"english","language_id":38},"transliteration":{"text":"ara-ayta","language_name":"english","language_id":38}},{"id":10405,"position":2,"audio_url":"wbw/096_009_002.mp3","qpc_uthmani_hafs":"ٱلَّذِي","char_type_name":"word","page_number":597,"line_number":12,"text":"ﮣ","translation":{"text":"the one who","language_name":"english","language_id":38},"transliteration":{"text":"alladhī","language_name":"english","language_id":38}},{"id":10406,"position":3,"audio_url":"wbw/096_009_003.mp3","qpc_uthmani_hafs":"يَنۡهَىٰ","char_type_name":"word","page_number":597,"line_number":12,"text":"ﮤ","translation":{"text":"forbids","language_name":"english","language_id":38},"transliteration":{"text":"yanhā","language_name":"english","language_id":38}},{"id":10407,"position":4,"audio_url":null,"qpc_uthmani_hafs":"٩","char_type_name":"end","page_number":597,"line_number":12,"text":"ﮥ","translation":{"text":"(9)","language_name":"english","language_id":38},"transliteration":{"text":null,"language_name":"english","language_id":38}}],"translations":[{"id":922544,"resource_id":134,"text":"Bagaimana pendapatmu tentang orang yang melarang,"}]},{"id":6116,"verse_number":10,"verse_key":"96:10","juz_number":30,"hizb_number":60,"rub_el_hizb_number":239,"ruku_number":540,"manzil_number":7,"sajdah_number":null,"text_uthmani":"عَبْدًا إِذَا صَلَّىٰٓ","page_number":597,"words":[{"id":11656,"position":1,"audio_url":"wbw/096_010_001.mp3","qpc_uthmani_hafs":"عَبۡدًا","char_type_name":"word","page_number":597,"line_number":12,"text":"ﮦ","translation":{"text":"A slave","language_name":"english","language_id":38},"transliteration":{"text":"ʿabdan","language_name":"english","language_id":38}},{"id":11657,"position":2,"audio_url":"wbw/096_010_002.mp3","qpc_uthmani_hafs":"إِذَا","char_type_name":"word","page_number":597,"line_number":12,"text":"ﮧ","translation":{"text":"when","language_name":"english","language_id":38},"transliteration":{"text":"idhā","language_name":"english","language_id":38}},{"id":11658,"position":3,"audio_url":"wbw/096_010_003.mp3","qpc_uthmani_hafs":"صَلَّىٰٓ","char_type_name":"word","page_number":597,"line_number":12,"text":"ﮨ","translation":{"text":"he prays","language_name":"english","language_id":38},"transliteration":{"text":"ṣallā","language_name":"english","language_id":38}},{"id":11659,"position":4,"audio_url":null,"qpc_uthmani_hafs":"١٠","char_type_name":"end","page_number":597,"line_number":12,"text":"ﮩ","translation":{"text":"(10)","language_name":"english","language_id":38},"transliteration":{"text":null,"language_name":"english","language_id":38}}],"translations":[{"id":922545,"resource_id":134,"text":"seorang hamba ketika mengerjakan salat<sup foot_note=211360>1</sup>,"}]},{"id":6117,"verse_number":11,"verse_key":"96:11","juz_number":30,"hizb_number":60,"rub_el_hizb_number":239,"ruku_number":540,"manzil_number":7,"sajdah_number":null,"text_uthmani":"أَرَءَيْتَ إِن كَانَ عَلَى ٱلْهُدَىٰٓ","page_number":597,"words":[{"id":13014,"position":1,"audio_url":"wbw/096_011_001.mp3","qpc_uthmani_hafs":"أَرَءَيۡتَ","char_type_name":"word","page_number":597,"line_number":12,"text":"ﮪ","translation":{"text":"Have you seen","language_name":"english","language_id":38},"transliteration":{"text":"ara-ayta","language_name":"english","language_id":38}},{"id":13015,"position":2,"audio_url":"wbw/096_011_002.mp3","qpc_uthmani_hafs":"إِن","char_type_name":"word","page_number":597,"line_number":12,"text":"ﮫ","translation":{"text":"if","language_name":"english","language_id":38},"transliteration":{"text":"in","language_name":"english","language_id":38}},{"id":13016,"position":3,"audio_url":"wbw/096_011_003.mp3","qpc_uthmani_hafs":"كَانَ","char_type_name":"word","page_number":597,"line_number":12,"text":"ﮬ","translation":{"text":"he is","language_name":"english","language_id":38},"transliteration":{"text":"kāna","language_name":"english","language_id":38}},{"id":13017,"position":4,"audio_url":"wbw/096_011_004.mp3","qpc_uthmani_hafs":"عَلَى","char_type_name":"word","page_number":597,"line_number":12,"text":"ﮭ","translation":{"text":"upon","language_name":"english","language_id":38},"transliteration":{"text":"ʿalā","language_name":"english","language_id":38}},{"id":13018,"position":5,"audio_url":"wbw/096_011_005.mp3","qpc_uthmani_hafs":"ٱلۡهُدَىٰٓ","char_type_name":"word","page_number":597,"line_number":12,"text":"ﮮ","translation":{"text":"[the] guidance","language_name":"english","language_id":38},"transliteration":{"text":"l-hudā","language_name":"english","language_id":38}},{"id":13019,"position":6,"audio_url":null,"qpc_uthmani_hafs":"١١","char_type_name":"end","page_number":597,"line_number":12,"text":"ﮯ","translation":{"text":"(11)","language_name":"english","language_id":38},"transliteration":{"text":null,"language_name":"english","language_id":38}}],"translations":[{"id":922546,"resource_id":134,"text":"bagaimana pendapatmu jika orang yang dilarang (yaitu Muhammad) itu berada di atas kebenaran,"}]},{"id":6118,"verse_number":12,"verse_key":"96:12","juz_number":30,"hizb_number":60,"rub_el_hizb_number":239,"ruku_number":540,"manzil_number":7,"sajdah_number":null,"text_uthmani":"أَوْ أَمَرَ بِٱلتَّقْوَىٰٓ","page_number":597,"words":[{"id":14267,"position":1,"audio_url":"wbw/096_012_001.mp3","qpc_uthmani_hafs":"أَوۡ","char_type_name":"word","page_number":597,"line_number":12,"text":"ﮰ","translation":{"text":"Or","language_name":"english","language_id":38},"transliteration":{"text":"aw","language_name":"english","language_id":38}},{"id":14268,"position":2,"audio_url":"wbw/096_012_002.mp3","qpc_uthmani_hafs":"أَمَرَ","char_type_name":"word","page_number":597,"line_number":12,"text":"ﮱ","translation":{"text":"he enjoins","language_name":"english","language_id":38},"transliteration":{"text":"amara","language_name":"english","language_id":38}},{"id":14269,"position":3,"audio_url":"wbw/096_012_003.mp3","qpc_uthmani_hafs":"بِٱلتَّقۡوَىٰٓ","char_type_name":"word","page_number":597,"line_number":13,"text":"ﯓ","translation":{"text":"[of the] righteousness","language_name":"english","language_id":38},"transliteration":{"text":"bil-taqwā","language_name":"english","language_id":38}},{"id":14270,"position":4,"audio_url":null,"qpc_uthmani_hafs":"١٢","char_type_name":"end","page_number":597,"line_number":13,"text":"ﯔ","translation":{"text":"(12)","language_name":"english","language_id":38},"transliteration":{"text":null,"language_name":"english","language_id":38}}],"translations":[{"id":922547,"resource_id":134,"text":"atau dia menyuruh bertakwa (kepada Allah)?"}]},{"id":6119,"verse_number":13,"verse_key":"96:13","juz_number":30,"hizb_number":60,"rub_el_hizb_number":239,"ruku_number":540,"manzil_number":7,"sajdah_number":null,"text_uthmani":"أَرَءَيْتَ إِن كَذَّبَ وَتَوَلَّىٰٓ","page_number":597,"words":[{"id":15356,"position":1,"audio_url":"wbw/096_013_001.mp3","qpc_uthmani_hafs":"أَرَءَيۡتَ","char_type_name":"word","page_number":597,"line_number":13,"text":"ﯕ","translation":{"text":"Have you seen","language_name":"english","language_id":38},"transliteration":{"text":"ara-ayta","language_name":"english","language_id":38}},{"id":15357,"position":2,"audio_url":"wbw/096_013_002.mp3","qpc_uthmani_hafs":"إِن","char_type_name":"word","page_number":597,"line_number":13,"text":"ﯖ","translation":{"text":"if","language_name":"english","language_id":38},"transliteration":{"text":"in","language_name":"english","language_id":38}},{"id":15358,"position":3,"audio_url":"wbw/096_013_003.mp3","qpc_uthmani_hafs":"كَذَّبَ","char_type_name":"word","page_number":597,"line_number":13,"text":"ﯗ","translation":{"text":"he denies","language_name":"english","language_id":38},"transliteration":{"text":"kadhaba","language_name":"english","language_id":38}},{"id":15359,"position":4,"audio_url":"wbw/096_013_004.mp3","qpc_uthmani_hafs":"وَتَوَلَّىٰٓ","char_type_name":"word","page_number":597,"line_number":13,"text":"ﯘ","translation":{"text":"and turns away","language_name":"english","language_id":38},"transliteration":{"text":"watawallā","language_name":"english","language_id":38}},{"id":15360,"position":5,"audio_url":null,"qpc_uthmani_hafs":"١٣","char_type_name":"end","page_number":597,"line_number":13,"text":"ﯙ","translation":{"text":"(13)","language_name":"english","language_id":38},"transliteration":{"text":null,"language_name":"english","language_id":38}}],"translations":[{"id":922548,"resource_id":134,"text":"Bagaimana pendapatmu jika orang yang melarang itu mendustakan dan berpaling?"}]},{"id":6120,"verse_number":14,"verse_key":"96:14","juz_number":30,"hizb_number":60,"rub_el_hizb_number":239,"ruku_number":540,"manzil_number":7,"sajdah_number":null,"text_uthmani":"أَلَمْ يَعْلَم بِأَنَّ ٱللَّهَ يَرَىٰ","page_number":597,"words":[{"id":16380,"position":1,"audio_url":"wbw/096_014_001.mp3","qpc_uthmani_hafs":"أَلَمۡ","char_type_name":"word","page_number":597,"line_number":13,"text":"ﯚ","translation":{"text":"Does not","language_name":"english","language_id":38},"transliteration":{"text":"alam","language_name":"english","language_id":38}},{"id":16381,"position":2,"audio_url":"wbw/096_014_002.mp3","qpc_uthmani_hafs":"يَعۡلَم","char_type_name":"word","page_number":597,"line_number":13,"text":"ﯛ","translation":{"text":"he know","language_name":"english","language_id":38},"transliteration":{"text":"yaʿlam","language_name":"english","language_id":38}},{"id":16382,"position":3,"audio_url":"wbw/096_014_003.mp3","qpc_uthmani_hafs":"بِأَنَّ","char_type_name":"word","page_number":597,"line_number":13,"text":"ﯜ","translation":{"text":"that","language_name":"english","language_id":38},"transliteration":{"text":"bi-anna","language_name":"english","language_id":38}},{"id":16383,"position":4,"audio_url":"wbw/096_014_004.mp3","qpc_uthmani_hafs":"ٱللَّهَ","char_type_name":"word","page_number":597,"line_number":13,"text":"ﯝ","translation":{"text":"Allah","language_name":"english","language_id":38},"transliteration":{"text":"l-laha","language_name":"english","language_id":38}},{"id":16384,"position":5,"audio_url":"wbw/096_014_005.mp3","qpc_uthmani_hafs":"يَرَىٰ","char_type_name":"word","page_number":597,"line_number":13,"text":"ﯞ","translation":{"text":"sees","language_name":"english","language_id":38},"transliteration":{"text":"yarā","language_name":"english","language_id":38}},{"id":16385,"position":6,"audio_url":null,"qpc_uthmani_hafs":"١٤","char_type_name":"end","page_number":597,"line_number":13,"text":"ﯟ","translation":{"text":"(14)","language_name":"english","language_id":38},"transliteration":{"text":null,"language_name":"english","language_id":38}}],"translations":[{"id":922549,"resource_id":134,"text":"Tidakkah dia mengetahui bahwa sesungguhnya Allah melihat segala perbuatannya?"}]},{"id":6121,"verse_number":15,"verse_key":"96:15","juz_number":30,"hizb_number":60,"rub_el_hizb_number":239,"ruku_number":540,"manzil_number":7,"sajdah_number":null,"text_uthmani":"كَلَّا لَئِن لَّمْ يَنتَهِ لَنَسْفَعًۢا بِٱلنَّاصِيَةِ","page_number":597,"words":[{"id":17600,"position":1,"audio_url":"wbw/096_015_001.mp3","qpc_uthmani_hafs":"كـَلَّا","char_type_name":"word","page_number":597,"line_number":13,"text":"ﯠ","translation":{"text":"Nay","language_name":"english","language_id":38},"transliteration":{"text":"kallā","language_name":"english","language_id":38}},{"id":17601,"position":2,"audio_url":"wbw/096_015_002.mp3","qpc_uthmani_hafs":"لَئِن","char_type_name":"word","page_number":597,"line_number":13,"text":"ﯡ","translation":{"text":"If","language_name":"english","language_id":38},"transliteration":{"text":"la-in","language_name":"english","language_id":38}},{"id":17602,"position":3,"audio_url":"wbw/096_015_003.mp3","qpc_uthmani_hafs":"لَّمۡ","char_type_name":"word","page_number":597,"line_number":14,"text":"ﯢ","translation":{"text":"not","language_name":"english","language_id":38},"transliteration":{"text":"lam","language_name":"english","language_id":38}},{"id":17603,"position":4,"audio_url":"wbw/096_015_004.mp3","qpc_uthmani_hafs":"يَنتَهِ","char_type_name":"word","page_number":597,"line_number":14,"text":"ﯣ","translation":{"text":"he desists","language_name":"english","language_id":38},"transliteration":{"text":"yantahi","language_name":"english","language_id":38}},{"id":17604,"position":5,"audio_url":"wbw/096_015_005.mp3","qpc_uthmani_hafs":"لَنَسۡفَعَۢا","char_type_name":"word","page_number":597,"line_number":14,"text":"ﯤ","translation":{"text":"surely We will drag him","language_name":"english","language_id":38},"transliteration":{"text":"lanasfaʿan","language_name":"english","language_id":38}},{"id":17605,"position":6,"audio_url":"wbw/096_015_006.mp3","qpc_uthmani_hafs":"بِٱلنَّاصِيَةِ","char_type_name":"word","page_number":597,"line_number":14,"text":"ﯥ","translation":{"text":"by the forelock","language_name":"english","language_id":38},"transliteration":{"text":"bil-nāṣiyati","language_name":"english","language_id":38}},{"id":17606,"position":7,"audio_url":null,"qpc_uthmani_hafs":"١٥","char_type_name":"end","page_number":597,"line_number":14,"text":"ﯦ","translation":{"text":"(15)","language_name":"english","language_id":38},"transliteration":{"text":null,"language_name":"english","language_id":38}}],"translations":[{"id":922550,"resource_id":134,"text":"Ketahuilah, sungguh jika dia tidak berhenti (berbuat demikian), niscaya Kami tarik ubun-ubunnya<sup foot_note=211361>1</sup>,"}]},{"id":6122,"verse_number":16,"verse_key":"96:16","juz_number":30,"hizb_number":60,"rub_el_hizb_number":239,"ruku_number":540,"manzil_number":7,"sajdah_number":null,"text_uthmani":"نَاصِيَةٍ كَـٰذِبَةٍ خَاطِئَةٍ","page_number":597,"words":[{"id":18642,"position":1,"audio_url":"wbw/096_016_001.mp3","qpc_uthmani_hafs":"نَاصِيَةٖ","char_type_name":"word","page_number":597,"line_number":14,"text":"ﯧ","translation":{"text":"A forelock","language_name":"english","language_id":38},"transliteration":{"text":"nāṣiyatin","language_name":"english","language_id":38}},{"id":18643,"position":2,"audio_url":"wbw/096_016_002.mp3","qpc_uthmani_hafs":"كَٰذِبَةٍ","char_type_name":"word","page_number":597,"line_number":14,"text":"ﯨ","translation":{"text":"lying","language_name":"english","language_id":38},"transliteration":{"text":"kādhibatin","language_name":"english","language_id":38}},{"id":18644,"position":3,"audio_url":"wbw/096_016_003.mp3","qpc_uthmani_hafs":"خَاطِئَةٖ","char_type_name":"word","page_number":597,"line_number":14,"text":"ﯩ","translation":{"text":"sinful","language_name":"english","language_id":38},"transliteration":{"text":"khāṭi-atin","language_name":"english","language_id":38}},{"id":18645,"position":4,"audio_url":null,"qpc_uthmani_hafs":"١٦","char_type_name":"end","page_number":597,"line_number":14,"text":"ﯪ","translation":{"text":"(16)","language_name":"english","language_id":38},"transliteration":{"text":null,"language_name":"english","language_id":38}}],"translations":[{"id":922551,"resource_id":134,"text":"(yaitu) ubun-ubun orang yang mendustakan lagi durhaka."}]},{"id":6123,"verse_number":17,"verse_key":"96:17","juz_number":30,"hizb_number":60,"rub_el_hizb_number":239,"ruku_number":540,"manzil_number":7,"sajdah_number":null,"text_uthmani":"فَلْيَدْعُ نَادِيَهُۥ","page_number":597,"words":[{"id":19699,"position":1,"audio_url":"wbw/096_017_001.mp3","qpc_uthmani_hafs":"فَلۡيَدۡعُ","char_type_name":"word","page_number":597,"line_number":14,"text":"ﯫ","translation":{"text":"Then let him call","language_name":"english","language_id":38},"transliteration":{"text":"falyadʿu","language_name":"english","language_id":38}},{"id":19700,"position":2,"audio_url":"wbw/096_017_002.mp3","qpc_uthmani_hafs":"نَادِيَهُۥ","char_type_name":"word","page_number":597,"line_number":14,"text":"ﯬ","translation":{"text":"his associates","language_name":"english","language_id":38},"transliteration":{"text":"nādiyahu","language_name":"english","language_id":38}},{"id":19701,"position":3,"audio_url":null,"qpc_uthmani_hafs":"١٧","char_type_name":"end","page_number":597,"line_number":15,"text":"ﯭ","translation":{"text":"(17)","language_name":"english","language_id":38},"transliteration":{"text":null,"language_name":"english","language_id":38}}],"translations":[{"id":922552,"resource_id":134,"text":"Maka biarlah dia memanggil golongannya (untuk menolongnya),"}]},{"id":6124,"verse_number":18,"verse_key":"96:18","juz_number":30,"hizb_number":60,"rub_el_hizb_number":239,"ruku_number":540,"manzil_number":7,"sajdah_number":null,"text_uthmani":"سَنَدْعُ ٱلزَّبَانِيَةَ","page_number":597,"words":[{"id":20790,"position":1,"audio_url":"wbw/096_018_001.mp3","qpc_uthmani_hafs":"سَنَدۡعُ","char_type_name":"word","page_number":597,"line_number":15,"text":"ﯮ","translation":{"text":"We will call","language_name":"english","language_id":38},"transliteration":{"text":"sanadʿu","language_name":"english","language_id":38}},{"id":20791,"position":2,"audio_url":"wbw/096_018_002.mp3","qpc_uthmani_hafs":"ٱلزَّبَانِيَةَ","char_type_name":"word","page_number":597,"line_number":15,"text":"ﯯ","translation":{"text":"the Angels of Hell","language_name":"english","language_id":38},"transliteration":{"text":"l-zabāniyata","language_name":"english","language_id":38}},{"id":20792,"position":3,"audio_url":null,"qpc_uthmani_hafs":"١٨","char_type_name":"end","page_number":597,"line_number":15,"text":"ﯰ","translation":{"text":"(18)","language_name":"english","language_id":38},"transliteration":{"text":null,"language_name":"english","language_id":38}}],"translations":[{"id":922553,"resource_id":134,"text":"kelak Kami akan memanggil malaikat Zabaniyah<sup foot_note=211362>1</sup>,"}]},{"id":6125,"verse_number":19,"verse_key":"96:19","juz_number":30,"hizb_number":60,"rub_el_hizb_number":239,"ruku_number":540,"manzil_number":7,"sajdah_number":14,"text_uthmani":"كَلَّا لَا تُطِعْهُ وَٱسْجُدْ وَٱقْتَرِب ۩","page_number":597,"words":[{"id":21853,"position":1,"audio_url":"wbw/096_019_001.mp3","qpc_uthmani_hafs":"كـَلَّا","char_type_name":"word","page_number":597,"line_number":15,"text":"ﯱ","translation":{"text":"Nay","language_name":"english","language_id":38},"transliteration":{"text":"kallā","language_name":"english","language_id":38}},{"id":21854,"position":2,"audio_url":"wbw/096_019_002.mp3","qpc_uthmani_hafs":"لَا","char_type_name":"word","page_number":597,"line_number":15,"text":"ﯲ","translation":{"text":"(Do) not","language_name":"english","language_id":38},"transliteration":{"text":"lā","language_name":"english","language_id":38}},{"id":21855,"position":3,"audio_url":"wbw/096_019_003.mp3","qpc_uthmani_hafs":"تُطِعۡهُ","char_type_name":"word","page_number":597,"line_number":15,"text":"ﯳ","translation":{"text":"obey him","language_name":"english","language_id":38},"transliteration":{"text":"tuṭiʿ'hu","language_name":"english","language_id":38}},{"id":21856,"position":4,"audio_url":"wbw/096_019_004.mp3","qpc_uthmani_hafs":"وَٱسۡجُدۡۤ","char_type_name":"word","page_number":597,"line_number":15,"text":"ﯴ","translation":{"text":"But prostrate","language_name":"english","language_id":38},"transliteration":{"text":"wa-us'jud","language_name":"english","language_id":38}},{"id":21857,"position":5,"audio_url":"wbw/096_019_005.mp3","qpc_uthmani_hafs":"وَٱقۡتَرِب۩","char_type_name":"word","page_number":597,"line_number":15,"text":"ﯵﯶ","translation":{"text":"and draw near (to Allah)","language_name":"english","language_id":38},"transliteration":{"text":"wa-iq'tarib","language_name":"english","language_id":38}},{"id":21859,"position":6,"audio_url":"","qpc_uthmani_hafs":"١٩","char_type_name":"end","page_number":597,"line_number":15,"text":"ﯷ","translation":{"text":"(19)","language_name":"english","language_id":38},"transliteration":{"text":"","language_name":"english","language_id":38}}],"translations":[{"id":922554,"resource_id":134,"text":"sekali-kali jangan, janganlah kamu patuh kepadanya; dan sujudlah dan dekatkanlah (dirimu kepada Tuhan)."}]}],"pagination":{"per_page":50,"current_page":1,"next_page":null,"total_pages":1,"total_records":27}}