{"verses":[{"id":37,"verse_number":30,"verse_key":"2:30","juz_number":1,"hizb_number":1,"rub_el_hizb_number":2,"ruku_number":5,"manzil_number":1,"sajdah_number":null,"text_uthmani":"وَإِذْ قَالَ رَبُّكَ لِلْمَلَـٰٓئِكَةِ إِنِّى جَاعِلٌ فِى ٱلْأَرْضِ خَلِيفَةً ۖ قَالُوٓا۟ أَتَجْعَلُ فِيهَا مَن يُفْسِدُ فِيهَا وَيَسْفِكُ ٱلدِّمَآءَ وَنَحْنُ نُسَبِّحُ بِحَمْدِكَ وَنُقَدِّسُ لَكَ ۖ قَالَ إِنِّىٓ أَعْلَمُ مَا لَا تَعْلَمُونَ","page_number":6,"words":[{"id":32691,"position":1,"audio_url":"wbw/002_030_001.mp3","qpc_uthmani_hafs":"وَإِذۡ","char_type_name":"word","page_number":6,"line_number":1,"text":"ﭑ","translation":{"text":"And when","language_name":"english","language_id":38},"transliteration":{"text":"wa-idh","language_name":"english","language_id":38}},{"id":32692,"position":2,"audio_url":"wbw/002_030_002.mp3","qpc_uthmani_hafs":"قَالَ","char_type_name":"word","page_number":6,"line_number":1,"text":"ﭒ","translation":{"text":"said","language_name":"english","language_id":38},"transliteration":{"text":"qāla","language_name":"english","language_id":38}},{"id":32693,"position":3,"audio_url":"wbw/002_030_003.mp3","qpc_uthmani_hafs":"رَبُّكَ","char_type_name":"word","page_number":6,"line_number":1,"text":"ﭓ","translation":{"text":"your Lord","language_name":"english","language_id":38},"transliteration":{"text":"rabbuka","language_name":"english","language_id":38}},{"id":32694,"position":4,"audio_url":"wbw/002_030_004.mp3","qpc_uthmani_hafs":"لِلۡمَلَٰٓئِكَةِ","char_type_name":"word","page_number":6,"line_number":1,"text":"ﭔ","translation":{"text":"to the angels","language_name":"english","language_id":38},"transliteration":{"text":"lil'malāikati","language_name":"english","language_id":38}},{"id":32695,"position":5,"audio_url":"wbw/002_030_005.mp3","qpc_uthmani_hafs":"إِنِّي","char_type_name":"word","page_number":6,"line_number":1,"text":"ﭕ","translation":{"text":"Indeed, I (am)","language_name":"english","language_id":38},"transliteration":{"text":"innī","language_name":"english","language_id":38}},{"id":32696,"position":6,"audio_url":"wbw/002_030_006.mp3","qpc_uthmani_hafs":"جَاعِلٞ","char_type_name":"word","page_number":6,"line_number":1,"text":"ﭖ","translation":{"text":"going to place","language_name":"english","language_id":38},"transliteration":{"text":"jāʿilun","language_name":"english","language_id":38}},{"id":32697,"position":7,"audio_url":"wbw/002_030_007.mp3","qpc_uthmani_hafs":"فِي","char_type_name":"word","page_number":6,"line_number":1,"text":"ﭗ","translation":{"text":"in","language_name":"english","language_id":38},"transliteration":{"text":"fī","language_name":"english","language_id":38}},{"id":32698,"position":8,"audio_url":"wbw/002_030_008.mp3","qpc_uthmani_hafs":"ٱلۡأَرۡضِ","char_type_name":"word","page_number":6,"line_number":1,"text":"ﭘ","translation":{"text":"the earth","language_name":"english","language_id":38},"transliteration":{"text":"l-arḍi","language_name":"english","language_id":38}},{"id":32699,"position":9,"audio_url":"wbw/002_030_009.mp3","qpc_uthmani_hafs":"خَلِيفَةٗۖ","char_type_name":"word","page_number":6,"line_number":1,"text":"ﭙﭚ","translation":{"text":"a vicegerent","language_name":"english","language_id":38},"transliteration":{"text":"khalīfatan","language_name":"english","language_id":38}},{"id":32701,"position":10,"audio_url":"wbw/002_030_011.mp3","qpc_uthmani_hafs":"قَالُوٓاْ","char_type_name":"word","page_number":6,"line_number":2,"text":"ﭛ","translation":{"text":"they said","language_name":"english","language_id":38},"transliteration":{"text":"qālū","language_name":"english","language_id":38}},{"id":32702,"position":11,"audio_url":"wbw/002_030_012.mp3","qpc_uthmani_hafs":"أَتَجۡعَلُ","char_type_name":"word","page_number":6,"line_number":2,"text":"ﭜ","translation":{"text":"Will You place","language_name":"english","language_id":38},"transliteration":{"text":"atajʿalu","language_name":"english","language_id":38}},{"id":32703,"position":12,"audio_url":"wbw/002_030_013.mp3","qpc_uthmani_hafs":"فِيهَا","char_type_name":"word","page_number":6,"line_number":2,"text":"ﭝ","translation":{"text":"in it","language_name":"english","language_id":38},"transliteration":{"text":"fīhā","language_name":"english","language_id":38}},{"id":32704,"position":13,"audio_url":"wbw/002_030_014.mp3","qpc_uthmani_hafs":"مَن","char_type_name":"word","page_number":6,"line_number":2,"text":"ﭞ","translation":{"text":"(one) who","language_name":"english","language_id":38},"transliteration":{"text":"man","language_name":"english","language_id":38}},{"id":32705,"position":14,"audio_url":"wbw/002_030_015.mp3","qpc_uthmani_hafs":"يُفۡسِدُ","char_type_name":"word","page_number":6,"line_number":2,"text":"ﭟ","translation":{"text":"will spread corruption","language_name":"english","language_id":38},"transliteration":{"text":"yuf'sidu","language_name":"english","language_id":38}},{"id":32706,"position":15,"audio_url":"wbw/002_030_016.mp3","qpc_uthmani_hafs":"فِيهَا","char_type_name":"word","page_number":6,"line_number":2,"text":"ﭠ","translation":{"text":"in it","language_name":"english","language_id":38},"transliteration":{"text":"fīhā","language_name":"english","language_id":38}},{"id":32707,"position":16,"audio_url":"wbw/002_030_017.mp3","qpc_uthmani_hafs":"وَيَسۡفِكُ","char_type_name":"word","page_number":6,"line_number":2,"text":"ﭡ","translation":{"text":"and will shed","language_name":"english","language_id":38},"transliteration":{"text":"wayasfiku","language_name":"english","language_id":38}},{"id":32708,"position":17,"audio_url":"wbw/002_030_018.mp3","qpc_uthmani_hafs":"ٱلدِّمَآءَ","char_type_name":"word","page_number":6,"line_number":2,"text":"ﭢ","translation":{"text":"[the] blood[s]","language_name":"english","language_id":38},"transliteration":{"text":"l-dimāa","language_name":"english","language_id":38}},{"id":32709,"position":18,"audio_url":"wbw/002_030_019.mp3","qpc_uthmani_hafs":"وَنَحۡنُ","char_type_name":"word","page_number":6,"line_number":2,"text":"ﭣ","translation":{"text":"while we","language_name":"english","language_id":38},"transliteration":{"text":"wanaḥnu","language_name":"english","language_id":38}},{"id":32710,"position":19,"audio_url":"wbw/002_030_020.mp3","qpc_uthmani_hafs":"نُسَبِّحُ","char_type_name":"word","page_number":6,"line_number":3,"text":"ﭤ","translation":{"text":"[we] glorify (You)","language_name":"english","language_id":38},"transliteration":{"text":"nusabbiḥu","language_name":"english","language_id":38}},{"id":32711,"position":20,"audio_url":"wbw/002_030_021.mp3","qpc_uthmani_hafs":"بِحَمۡدِكَ","char_type_name":"word","page_number":6,"line_number":3,"text":"ﭥ","translation":{"text":"with Your praises","language_name":"english","language_id":38},"transliteration":{"text":"biḥamdika","language_name":"english","language_id":38}},{"id":32712,"position":21,"audio_url":"wbw/002_030_022.mp3","qpc_uthmani_hafs":"وَنُقَدِّسُ","char_type_name":"word","page_number":6,"line_number":3,"text":"ﭦ","translation":{"text":"and we sanctify","language_name":"english","language_id":38},"transliteration":{"text":"wanuqaddisu","language_name":"english","language_id":38}},{"id":32713,"position":22,"audio_url":"wbw/002_030_023.mp3","qpc_uthmani_hafs":"لَكَۖ","char_type_name":"word","page_number":6,"line_number":3,"text":"ﭧﭨ","translation":{"text":"[to] You","language_name":"english","language_id":38},"transliteration":{"text":"laka","language_name":"english","language_id":38}},{"id":32715,"position":23,"audio_url":"wbw/002_030_025.mp3","qpc_uthmani_hafs":"قَالَ","char_type_name":"word","page_number":6,"line_number":3,"text":"ﭩ","translation":{"text":"He said","language_name":"english","language_id":38},"transliteration":{"text":"qāla","language_name":"english","language_id":38}},{"id":32716,"position":24,"audio_url":"wbw/002_030_026.mp3","qpc_uthmani_hafs":"إِنِّيٓ","char_type_name":"word","page_number":6,"line_number":3,"text":"ﭪ","translation":{"text":"Indeed, I","language_name":"english","language_id":38},"transliteration":{"text":"innī","language_name":"english","language_id":38}},{"id":32717,"position":25,"audio_url":"wbw/002_030_027.mp3","qpc_uthmani_hafs":"أَعۡلَمُ","char_type_name":"word","page_number":6,"line_number":3,"text":"ﭫ","translation":{"text":"[I] know","language_name":"english","language_id":38},"transliteration":{"text":"aʿlamu","language_name":"english","language_id":38}},{"id":32718,"position":26,"audio_url":"wbw/002_030_028.mp3","qpc_uthmani_hafs":"مَا","char_type_name":"word","page_number":6,"line_number":3,"text":"ﭬ","translation":{"text":"what","language_name":"english","language_id":38},"transliteration":{"text":"mā","language_name":"english","language_id":38}},{"id":32719,"position":27,"audio_url":"wbw/002_030_029.mp3","qpc_uthmani_hafs":"لَا","char_type_name":"word","page_number":6,"line_number":3,"text":"ﭭ","translation":{"text":"not","language_name":"english","language_id":38},"transliteration":{"text":"lā","language_name":"english","language_id":38}},{"id":32720,"position":28,"audio_url":"wbw/002_030_030.mp3","qpc_uthmani_hafs":"تَعۡلَمُونَ","char_type_name":"word","page_number":6,"line_number":3,"text":"ﭮ","translation":{"text":"you know","language_name":"english","language_id":38},"transliteration":{"text":"taʿlamūna","language_name":"english","language_id":38}},{"id":32721,"position":29,"audio_url":null,"qpc_uthmani_hafs":"٣٠","char_type_name":"end","page_number":6,"line_number":4,"text":"ﭯ","translation":{"text":"(30)","language_name":"english","language_id":38},"transliteration":{"text":null,"language_name":"english","language_id":38}}],"translations":[{"id":916466,"resource_id":134,"text":"Ingatlah ketika Tuhan-mu berfirman kepada para malaikat, \"Sesungguhnya Aku hendak menjadikan seorang khalifah di muka bumi\".Mereka berkata, \"Mengapa Engkau hendak menjadikan (khalifah) di bumi itu orang yang akan membuat kerusakan padanya dan menumpahkan darah, padahal kami senantiasa bertasbih dengan memuji Engkau dan menyucikan Engkau?\"Tuhan berfirman, \"Sesungguhnya Aku mengetahui apa yang tidak kamu ketahui\"."}]},{"id":38,"verse_number":31,"verse_key":"2:31","juz_number":1,"hizb_number":1,"rub_el_hizb_number":2,"ruku_number":5,"manzil_number":1,"sajdah_number":null,"text_uthmani":"وَعَلَّمَ ءَادَمَ ٱلْأَسْمَآءَ كُلَّهَا ثُمَّ عَرَضَهُمْ عَلَى ٱلْمَلَـٰٓئِكَةِ فَقَالَ أَنۢبِـُٔونِى بِأَسْمَآءِ هَـٰٓؤُلَآءِ إِن كُنتُمْ صَـٰدِقِينَ","page_number":6,"words":[{"id":33595,"position":1,"audio_url":"wbw/002_031_001.mp3","qpc_uthmani_hafs":"وَعَلَّمَ","char_type_name":"word","page_number":6,"line_number":4,"text":"ﭰ","translation":{"text":"And He taught","language_name":"english","language_id":38},"transliteration":{"text":"waʿallama","language_name":"english","language_id":38}},{"id":33596,"position":2,"audio_url":"wbw/002_031_002.mp3","qpc_uthmani_hafs":"ءَادَمَ","char_type_name":"word","page_number":6,"line_number":4,"text":"ﭱ","translation":{"text":"Adam","language_name":"english","language_id":38},"transliteration":{"text":"ādama","language_name":"english","language_id":38}},{"id":33597,"position":3,"audio_url":"wbw/002_031_003.mp3","qpc_uthmani_hafs":"ٱلۡأَسۡمَآءَ","char_type_name":"word","page_number":6,"line_number":4,"text":"ﭲ","translation":{"text":"the names","language_name":"english","language_id":38},"transliteration":{"text":"l-asmāa","language_name":"english","language_id":38}},{"id":33598,"position":4,"audio_url":"wbw/002_031_004.mp3","qpc_uthmani_hafs":"كُلَّهَا","char_type_name":"word","page_number":6,"line_number":4,"text":"ﭳ","translation":{"text":"all of them","language_name":"english","language_id":38},"transliteration":{"text":"kullahā","language_name":"english","language_id":38}},{"id":33599,"position":5,"audio_url":"wbw/002_031_005.mp3","qpc_uthmani_hafs":"ثُمَّ","char_type_name":"word","page_number":6,"line_number":4,"text":"ﭴ","translation":{"text":"Then","language_name":"english","language_id":38},"transliteration":{"text":"thumma","language_name":"english","language_id":38}},{"id":33600,"position":6,"audio_url":"wbw/002_031_006.mp3","qpc_uthmani_hafs":"عَرَضَهُمۡ","char_type_name":"word","page_number":6,"line_number":4,"text":"ﭵ","translation":{"text":"He displayed them","language_name":"english","language_id":38},"transliteration":{"text":"ʿaraḍahum","language_name":"english","language_id":38}},{"id":33601,"position":7,"audio_url":"wbw/002_031_007.mp3","qpc_uthmani_hafs":"عَلَى","char_type_name":"word","page_number":6,"line_number":4,"text":"ﭶ","translation":{"text":"to","language_name":"english","language_id":38},"transliteration":{"text":"ʿalā","language_name":"english","language_id":38}},{"id":33602,"position":8,"audio_url":"wbw/002_031_008.mp3","qpc_uthmani_hafs":"ٱلۡمَلَٰٓئِكَةِ","char_type_name":"word","page_number":6,"line_number":4,"text":"ﭷ","translation":{"text":"the angels","language_name":"english","language_id":38},"transliteration":{"text":"l-malāikati","language_name":"english","language_id":38}},{"id":33603,"position":9,"audio_url":"wbw/002_031_009.mp3","qpc_uthmani_hafs":"فَقَالَ","char_type_name":"word","page_number":6,"line_number":5,"text":"ﭸ","translation":{"text":"then He said","language_name":"english","language_id":38},"transliteration":{"text":"faqāla","language_name":"english","language_id":38}},{"id":33604,"position":10,"audio_url":"wbw/002_031_010.mp3","qpc_uthmani_hafs":"أَنۢبِـُٔونِي","char_type_name":"word","page_number":6,"line_number":5,"text":"ﭹ","translation":{"text":"Inform Me","language_name":"english","language_id":38},"transliteration":{"text":"anbiūnī","language_name":"english","language_id":38}},{"id":33605,"position":11,"audio_url":"wbw/002_031_011.mp3","qpc_uthmani_hafs":"بِأَسۡمَآءِ","char_type_name":"word","page_number":6,"line_number":5,"text":"ﭺ","translation":{"text":"of (the) names","language_name":"english","language_id":38},"transliteration":{"text":"bi-asmāi","language_name":"english","language_id":38}},{"id":33606,"position":12,"audio_url":"wbw/002_031_012.mp3","qpc_uthmani_hafs":"هَٰٓؤُلَآءِ","char_type_name":"word","page_number":6,"line_number":5,"text":"ﭻ","translation":{"text":"(of) these","language_name":"english","language_id":38},"transliteration":{"text":"hāulāi","language_name":"english","language_id":38}},{"id":33607,"position":13,"audio_url":"wbw/002_031_013.mp3","qpc_uthmani_hafs":"إِن","char_type_name":"word","page_number":6,"line_number":5,"text":"ﭼ","translation":{"text":"if","language_name":"english","language_id":38},"transliteration":{"text":"in","language_name":"english","language_id":38}},{"id":33608,"position":14,"audio_url":"wbw/002_031_014.mp3","qpc_uthmani_hafs":"كُنتُمۡ","char_type_name":"word","page_number":6,"line_number":5,"text":"ﭽ","translation":{"text":"you are","language_name":"english","language_id":38},"transliteration":{"text":"kuntum","language_name":"english","language_id":38}},{"id":33609,"position":15,"audio_url":"wbw/002_031_015.mp3","qpc_uthmani_hafs":"صَٰدِقِينَ","char_type_name":"word","page_number":6,"line_number":5,"text":"ﭾ","translation":{"text":"truthful","language_name":"english","language_id":38},"transliteration":{"text":"ṣādiqīna","language_name":"english","language_id":38}},{"id":33610,"position":16,"audio_url":null,"qpc_uthmani_hafs":"٣١","char_type_name":"end","page_number":6,"line_number":5,"text":"ﭿ","translation":{"text":"(31)","language_name":"english","language_id":38},"transliteration":{"text":null,"language_name":"english","language_id":38}}],"translations":[{"id":916467,"resource_id":134,"text":"Dan Dia mengajarkan kepada Adam nama-nama (benda-benda) seluruhnya, kemudian mengemukakannya kepada para malaikat lalu berfirman, \"Sebutkanlah kepada-Ku nama benda-benda itu jika kamu mamang benar orang-orang yang benar!\""}]},{"id":39,"verse_number":32,"verse_key":"2:32","juz_number":1,"hizb_number":1,"rub_el_hizb_number":2,"ruku_number":5,"manzil_number":1,"sajdah_number":null,"text_uthmani":"قَالُوا۟ سُبْحَـٰنَكَ لَا عِلْمَ لَنَآ إِلَّا مَا عَلَّمْتَنَآ ۖ إِنَّكَ أَنتَ ٱلْعَلِيمُ ٱلْحَكِيمُ","page_number":6,"words":[{"id":34673,"position":1,"audio_url":"wbw/002_032_001.mp3","qpc_uthmani_hafs":"قَالُواْ","char_type_name":"word","page_number":6,"line_number":5,"text":"ﮀ","translation":{"text":"They said","language_name":"english","language_id":38},"transliteration":{"text":"qālū","language_name":"english","language_id":38}},{"id":34674,"position":2,"audio_url":"wbw/002_032_002.mp3","qpc_uthmani_hafs":"سُبۡحَٰنَكَ","char_type_name":"word","page_number":6,"line_number":6,"text":"ﮁ","translation":{"text":"Glory be to You","language_name":"english","language_id":38},"transliteration":{"text":"sub'ḥānaka","language_name":"english","language_id":38}},{"id":34675,"position":3,"audio_url":"wbw/002_032_003.mp3","qpc_uthmani_hafs":"لَا","char_type_name":"word","page_number":6,"line_number":6,"text":"ﮂ","translation":{"text":"No","language_name":"english","language_id":38},"transliteration":{"text":"lā","language_name":"english","language_id":38}},{"id":34676,"position":4,"audio_url":"wbw/002_032_004.mp3","qpc_uthmani_hafs":"عِلۡمَ","char_type_name":"word","page_number":6,"line_number":6,"text":"ﮃ","translation":{"text":"knowledge","language_name":"english","language_id":38},"transliteration":{"text":"ʿil'ma","language_name":"english","language_id":38}},{"id":34677,"position":5,"audio_url":"wbw/002_032_005.mp3","qpc_uthmani_hafs":"لَنَآ","char_type_name":"word","page_number":6,"line_number":6,"text":"ﮄ","translation":{"text":"(is) for us","language_name":"english","language_id":38},"transliteration":{"text":"lanā","language_name":"english","language_id":38}},{"id":34678,"position":6,"audio_url":"wbw/002_032_006.mp3","qpc_uthmani_hafs":"إِلَّا","char_type_name":"word","page_number":6,"line_number":6,"text":"ﮅ","translation":{"text":"except","language_name":"english","language_id":38},"transliteration":{"text":"illā","language_name":"english","language_id":38}},{"id":34679,"position":7,"audio_url":"wbw/002_032_007.mp3","qpc_uthmani_hafs":"مَا","char_type_name":"word","page_number":6,"line_number":6,"text":"ﮆ","translation":{"text":"what","language_name":"english","language_id":38},"transliteration":{"text":"mā","language_name":"english","language_id":38}},{"id":34680,"position":8,"audio_url":"wbw/002_032_008.mp3","qpc_uthmani_hafs":"عَلَّمۡتَنَآۖ","char_type_name":"word","page_number":6,"line_number":6,"text":"ﮇﮈ","translation":{"text":"You have taught us","language_name":"english","language_id":38},"transliteration":{"text":"ʿallamtanā","language_name":"english","language_id":38}},{"id":34682,"position":9,"audio_url":"wbw/002_032_010.mp3","qpc_uthmani_hafs":"إِنَّكَ","char_type_name":"word","page_number":6,"line_number":6,"text":"ﮉ","translation":{"text":"Indeed You","language_name":"english","language_id":38},"transliteration":{"text":"innaka","language_name":"english","language_id":38}},{"id":34683,"position":10,"audio_url":"wbw/002_032_011.mp3","qpc_uthmani_hafs":"أَنتَ","char_type_name":"word","page_number":6,"line_number":6,"text":"ﮊ","translation":{"text":"You","language_name":"english","language_id":38},"transliteration":{"text":"anta","language_name":"english","language_id":38}},{"id":34684,"position":11,"audio_url":"wbw/002_032_012.mp3","qpc_uthmani_hafs":"ٱلۡعَلِيمُ","char_type_name":"word","page_number":6,"line_number":6,"text":"ﮋ","translation":{"text":"(are) the All-Knowing","language_name":"english","language_id":38},"transliteration":{"text":"l-ʿalīmu","language_name":"english","language_id":38}},{"id":34685,"position":12,"audio_url":"wbw/002_032_013.mp3","qpc_uthmani_hafs":"ٱلۡحَكِيمُ","char_type_name":"word","page_number":6,"line_number":6,"text":"ﮌ","translation":{"text":"the All-Wise","language_name":"english","language_id":38},"transliteration":{"text":"l-ḥakīmu","language_name":"english","language_id":38}},{"id":34686,"position":13,"audio_url":null,"qpc_uthmani_hafs":"٣٢","char_type_name":"end","page_number":6,"line_number":7,"text":"ﮍ","translation":{"text":"(32)","language_name":"english","language_id":38},"transliteration":{"text":null,"language_name":"english","language_id":38}}],"translations":[{"id":916468,"resource_id":134,"text":"Mereka menjawab, \"Maha Suci Engkau, tidak ada yang kami ketahui selain dari apa yang telah Engkau ajarkan kepada kami; sesungguhnya Engkau-lah Yang Maha Mengetahui lagi Maha Bijaksana\"<sup foot_note=135907>1</sup>"}]},{"id":40,"verse_number":33,"verse_key":"2:33","juz_number":1,"hizb_number":1,"rub_el_hizb_number":2,"ruku_number":5,"manzil_number":1,"sajdah_number":null,"text_uthmani":"قَالَ يَـٰٓـَٔادَمُ أَنۢبِئْهُم بِأَسْمَآئِهِمْ ۖ فَلَمَّآ أَنۢبَأَهُم بِأَسْمَآئِهِمْ قَالَ أَلَمْ أَقُل لَّكُمْ إِنِّىٓ أَعْلَمُ غَيْبَ ٱلسَّمَـٰوَٰتِ وَٱلْأَرْضِ وَأَعْلَمُ مَا تُبْدُونَ وَمَا كُنتُمْ تَكْتُمُونَ","page_number":6,"words":[{"id":35503,"position":1,"audio_url":"wbw/002_033_001.mp3","qpc_uthmani_hafs":"قَالَ","char_type_name":"word","page_number":6,"line_number":7,"text":"ﮎ","translation":{"text":"He said","language_name":"english","language_id":38},"transliteration":{"text":"qāla","language_name":"english","language_id":38}},{"id":35504,"position":2,"audio_url":"wbw/002_033_002.mp3","qpc_uthmani_hafs":"يَٰٓـَٔادَمُ","char_type_name":"word","page_number":6,"line_number":7,"text":"ﮏ","translation":{"text":"O Adam","language_name":"english","language_id":38},"transliteration":{"text":"yāādamu","language_name":"english","language_id":38}},{"id":35505,"position":3,"audio_url":"wbw/002_033_003.mp3","qpc_uthmani_hafs":"أَنۢبِئۡهُم","char_type_name":"word","page_number":6,"line_number":7,"text":"ﮐ","translation":{"text":"Inform them","language_name":"english","language_id":38},"transliteration":{"text":"anbi'hum","language_name":"english","language_id":38}},{"id":35506,"position":4,"audio_url":"wbw/002_033_004.mp3","qpc_uthmani_hafs":"بِأَسۡمَآئِهِمۡۖ","char_type_name":"word","page_number":6,"line_number":7,"text":"ﮑﮒ","translation":{"text":"of their names","language_name":"english","language_id":38},"transliteration":{"text":"bi-asmāihim","language_name":"english","language_id":38}},{"id":35508,"position":5,"audio_url":"wbw/002_033_006.mp3","qpc_uthmani_hafs":"فَلَمَّآ","char_type_name":"word","page_number":6,"line_number":7,"text":"ﮓ","translation":{"text":"And when","language_name":"english","language_id":38},"transliteration":{"text":"falammā","language_name":"english","language_id":38}},{"id":35509,"position":6,"audio_url":"wbw/002_033_007.mp3","qpc_uthmani_hafs":"أَنۢبَأَهُم","char_type_name":"word","page_number":6,"line_number":7,"text":"ﮔ","translation":{"text":"he had informed them","language_name":"english","language_id":38},"transliteration":{"text":"anba-ahum","language_name":"english","language_id":38}},{"id":35510,"position":7,"audio_url":"wbw/002_033_008.mp3","qpc_uthmani_hafs":"بِأَسۡمَآئِهِمۡ","char_type_name":"word","page_number":6,"line_number":7,"text":"ﮕ","translation":{"text":"of their names","language_name":"english","language_id":38},"transliteration":{"text":"bi-asmāihim","language_name":"english","language_id":38}},{"id":35511,"position":8,"audio_url":"wbw/002_033_009.mp3","qpc_uthmani_hafs":"قَالَ","char_type_name":"word","page_number":6,"line_number":7,"text":"ﮖ","translation":{"text":"He said","language_name":"english","language_id":38},"transliteration":{"text":"qāla","language_name":"english","language_id":38}},{"id":35512,"position":9,"audio_url":"wbw/002_033_010.mp3","qpc_uthmani_hafs":"أَلَمۡ","char_type_name":"word","page_number":6,"line_number":8,"text":"ﮗ","translation":{"text":"Did not","language_name":"english","language_id":38},"transliteration":{"text":"alam","language_name":"english","language_id":38}},{"id":35513,"position":10,"audio_url":"wbw/002_033_011.mp3","qpc_uthmani_hafs":"أَقُل","char_type_name":"word","page_number":6,"line_number":8,"text":"ﮘ","translation":{"text":"I say","language_name":"english","language_id":38},"transliteration":{"text":"aqul","language_name":"english","language_id":38}},{"id":35514,"position":11,"audio_url":"wbw/002_033_012.mp3","qpc_uthmani_hafs":"لَّكُمۡ","char_type_name":"word","page_number":6,"line_number":8,"text":"ﮙ","translation":{"text":"to you","language_name":"english","language_id":38},"transliteration":{"text":"lakum","language_name":"english","language_id":38}},{"id":35515,"position":12,"audio_url":"wbw/002_033_013.mp3","qpc_uthmani_hafs":"إِنِّيٓ","char_type_name":"word","page_number":6,"line_number":8,"text":"ﮚ","translation":{"text":"Indeed, I","language_name":"english","language_id":38},"transliteration":{"text":"innī","language_name":"english","language_id":38}},{"id":35516,"position":13,"audio_url":"wbw/002_033_014.mp3","qpc_uthmani_hafs":"أَعۡلَمُ","char_type_name":"word","page_number":6,"line_number":8,"text":"ﮛ","translation":{"text":"[I] know","language_name":"english","language_id":38},"transliteration":{"text":"aʿlamu","language_name":"english","language_id":38}},{"id":35517,"position":14,"audio_url":"wbw/002_033_015.mp3","qpc_uthmani_hafs":"غَيۡبَ","char_type_name":"word","page_number":6,"line_number":8,"text":"ﮜ","translation":{"text":"(the) unseen","language_name":"english","language_id":38},"transliteration":{"text":"ghayba","language_name":"english","language_id":38}},{"id":35518,"position":15,"audio_url":"wbw/002_033_016.mp3","qpc_uthmani_hafs":"ٱلسَّمَٰوَٰتِ","char_type_name":"word","page_number":6,"line_number":8,"text":"ﮝ","translation":{"text":"(of) the heavens","language_name":"english","language_id":38},"transliteration":{"text":"l-samāwāti","language_name":"english","language_id":38}},{"id":35519,"position":16,"audio_url":"wbw/002_033_017.mp3","qpc_uthmani_hafs":"وَٱلۡأَرۡضِ","char_type_name":"word","page_number":6,"line_number":8,"text":"ﮞ","translation":{"text":"and the earth","language_name":"english","language_id":38},"transliteration":{"text":"wal-arḍi","language_name":"english","language_id":38}},{"id":35520,"position":17,"audio_url":"wbw/002_033_018.mp3","qpc_uthmani_hafs":"وَأَعۡلَمُ","char_type_name":"word","page_number":6,"line_number":8,"text":"ﮟ","translation":{"text":"and I know","language_name":"english","language_id":38},"transliteration":{"text":"wa-aʿlamu","language_name":"english","language_id":38}},{"id":35521,"position":18,"audio_url":"wbw/002_033_019.mp3","qpc_uthmani_hafs":"مَا","char_type_name":"word","page_number":6,"line_number":8,"text":"ﮠ","translation":{"text":"what","language_name":"english","language_id":38},"transliteration":{"text":"mā","language_name":"english","language_id":38}},{"id":35522,"position":19,"audio_url":"wbw/002_033_020.mp3","qpc_uthmani_hafs":"تُبۡدُونَ","char_type_name":"word","page_number":6,"line_number":9,"text":"ﮡ","translation":{"text":"you reveal","language_name":"english","language_id":38},"transliteration":{"text":"tub'dūna","language_name":"english","language_id":38}},{"id":35523,"position":20,"audio_url":"wbw/002_033_021.mp3","qpc_uthmani_hafs":"وَمَا","char_type_name":"word","page_number":6,"line_number":9,"text":"ﮢ","translation":{"text":"and what","language_name":"english","language_id":38},"transliteration":{"text":"wamā","language_name":"english","language_id":38}},{"id":35524,"position":21,"audio_url":"wbw/002_033_022.mp3","qpc_uthmani_hafs":"كُنتُمۡ","char_type_name":"word","page_number":6,"line_number":9,"text":"ﮣ","translation":{"text":"you [were]","language_name":"english","language_id":38},"transliteration":{"text":"kuntum","language_name":"english","language_id":38}},{"id":35525,"position":22,"audio_url":"wbw/002_033_023.mp3","qpc_uthmani_hafs":"تَكۡتُمُونَ","char_type_name":"word","page_number":6,"line_number":9,"text":"ﮤ","translation":{"text":"conceal","language_name":"english","language_id":38},"transliteration":{"text":"taktumūna","language_name":"english","language_id":38}},{"id":35526,"position":23,"audio_url":null,"qpc_uthmani_hafs":"٣٣","char_type_name":"end","page_number":6,"line_number":9,"text":"ﮥ","translation":{"text":"(33)","language_name":"english","language_id":38},"transliteration":{"text":null,"language_name":"english","language_id":38}}],"translations":[{"id":916469,"resource_id":134,"text":"Allah berfirman, \"Hai Adam, beritahukanlah kepada mereka nama-nama benda ini\".Maka setelah diberitahukannya kepada mereka nama-nama benda itu, Allah berfirman, \"Bukankah sudah Aku katakan kepadamu bahwa sesungguhnya Aku mengetahui rahasia langit dan bumi dan mengetahui apa yang kamu lahirkan dan apa yang kamu sembunyikan?\""}]},{"id":41,"verse_number":34,"verse_key":"2:34","juz_number":1,"hizb_number":1,"rub_el_hizb_number":2,"ruku_number":5,"manzil_number":1,"sajdah_number":null,"text_uthmani":"وَإِذْ قُلْنَا لِلْمَلَـٰٓئِكَةِ ٱسْجُدُوا۟ لِـَٔادَمَ فَسَجَدُوٓا۟ إِلَّآ إِبْلِيسَ أَبَىٰ وَٱسْتَكْبَرَ وَكَانَ مِنَ ٱلْكَـٰفِرِينَ","page_number":6,"words":[{"id":36491,"position":1,"audio_url":"wbw/002_034_001.mp3","qpc_uthmani_hafs":"وَإِذۡ","char_type_name":"word","page_number":6,"line_number":9,"text":"ﮦ","translation":{"text":"And when","language_name":"english","language_id":38},"transliteration":{"text":"wa-idh","language_name":"english","language_id":38}},{"id":36492,"position":2,"audio_url":"wbw/002_034_002.mp3","qpc_uthmani_hafs":"قُلۡنَا","char_type_name":"word","page_number":6,"line_number":9,"text":"ﮧ","translation":{"text":"We said","language_name":"english","language_id":38},"transliteration":{"text":"qul'nā","language_name":"english","language_id":38}},{"id":36493,"position":3,"audio_url":"wbw/002_034_003.mp3","qpc_uthmani_hafs":"لِلۡمَلَٰٓئِكَةِ","char_type_name":"word","page_number":6,"line_number":9,"text":"ﮨ","translation":{"text":"to the angels","language_name":"english","language_id":38},"transliteration":{"text":"lil'malāikati","language_name":"english","language_id":38}},{"id":36494,"position":4,"audio_url":"wbw/002_034_004.mp3","qpc_uthmani_hafs":"ٱسۡجُدُواْ","char_type_name":"word","page_number":6,"line_number":9,"text":"ﮩ","translation":{"text":"Prostrate","language_name":"english","language_id":38},"transliteration":{"text":"us'judū","language_name":"english","language_id":38}},{"id":36495,"position":5,"audio_url":"wbw/002_034_005.mp3","qpc_uthmani_hafs":"لِأٓدَمَ","char_type_name":"word","page_number":6,"line_number":10,"text":"ﮪ","translation":{"text":"to Adam","language_name":"english","language_id":38},"transliteration":{"text":"liādama","language_name":"english","language_id":38}},{"id":36496,"position":6,"audio_url":"wbw/002_034_006.mp3","qpc_uthmani_hafs":"فَسَجَدُوٓاْ","char_type_name":"word","page_number":6,"line_number":10,"text":"ﮫ","translation":{"text":"[so] they prostrated","language_name":"english","language_id":38},"transliteration":{"text":"fasajadū","language_name":"english","language_id":38}},{"id":36497,"position":7,"audio_url":"wbw/002_034_007.mp3","qpc_uthmani_hafs":"إِلَّآ","char_type_name":"word","page_number":6,"line_number":10,"text":"ﮬ","translation":{"text":"except","language_name":"english","language_id":38},"transliteration":{"text":"illā","language_name":"english","language_id":38}},{"id":36498,"position":8,"audio_url":"wbw/002_034_008.mp3","qpc_uthmani_hafs":"إِبۡلِيسَ","char_type_name":"word","page_number":6,"line_number":10,"text":"ﮭ","translation":{"text":"Iblis","language_name":"english","language_id":38},"transliteration":{"text":"ib'līsa","language_name":"english","language_id":38}},{"id":36499,"position":9,"audio_url":"wbw/002_034_009.mp3","qpc_uthmani_hafs":"أَبَىٰ","char_type_name":"word","page_number":6,"line_number":10,"text":"ﮮ","translation":{"text":"He refused","language_name":"english","language_id":38},"transliteration":{"text":"abā","language_name":"english","language_id":38}},{"id":36500,"position":10,"audio_url":"wbw/002_034_010.mp3","qpc_uthmani_hafs":"وَٱسۡتَكۡبَرَ","char_type_name":"word","page_number":6,"line_number":10,"text":"ﮯ","translation":{"text":"and was arrogant","language_name":"english","language_id":38},"transliteration":{"text":"wa-is'takbara","language_name":"english","language_id":38}},{"id":36501,"position":11,"audio_url":"wbw/002_034_011.mp3","qpc_uthmani_hafs":"وَكَانَ","char_type_name":"word","page_number":6,"line_number":10,"text":"ﮰ","translation":{"text":"and became","language_name":"english","language_id":38},"transliteration":{"text":"wakāna","language_name":"english","language_id":38}},{"id":36502,"position":12,"audio_url":"wbw/002_034_012.mp3","qpc_uthmani_hafs":"مِنَ","char_type_name":"word","page_number":6,"line_number":10,"text":"ﮱ","translation":{"text":"of","language_name":"english","language_id":38},"transliteration":{"text":"mina","language_name":"english","language_id":38}},{"id":36503,"position":13,"audio_url":"wbw/002_034_013.mp3","qpc_uthmani_hafs":"ٱلۡكَٰفِرِينَ","char_type_name":"word","page_number":6,"line_number":10,"text":"ﯓ","translation":{"text":"the disbelievers","language_name":"english","language_id":38},"transliteration":{"text":"l-kāfirīna","language_name":"english","language_id":38}},{"id":36504,"position":14,"audio_url":null,"qpc_uthmani_hafs":"٣٤","char_type_name":"end","page_number":6,"line_number":11,"text":"ﯔ","translation":{"text":"(34)","language_name":"english","language_id":38},"transliteration":{"text":null,"language_name":"english","language_id":38}}],"translations":[{"id":916470,"resource_id":134,"text":"Dan (ingatlah) ketika Kami berfirman kepada para malaikat, \"Sujud-lahkamu kepada Adam!\"Maka sujud-lah mereka kecuali Iblis; ia enggan dan takabur, dan adalah ia termasuk golongan orang-orang yang kafir. <sup foot_note=135908>1</sup>"}]},{"id":42,"verse_number":35,"verse_key":"2:35","juz_number":1,"hizb_number":1,"rub_el_hizb_number":2,"ruku_number":5,"manzil_number":1,"sajdah_number":null,"text_uthmani":"وَقُلْنَا يَـٰٓـَٔادَمُ ٱسْكُنْ أَنتَ وَزَوْجُكَ ٱلْجَنَّةَ وَكُلَا مِنْهَا رَغَدًا حَيْثُ شِئْتُمَا وَلَا تَقْرَبَا هَـٰذِهِ ٱلشَّجَرَةَ فَتَكُونَا مِنَ ٱلظَّـٰلِمِينَ","page_number":6,"words":[{"id":37359,"position":1,"audio_url":"wbw/002_035_001.mp3","qpc_uthmani_hafs":"وَقُلۡنَا","char_type_name":"word","page_number":6,"line_number":11,"text":"ﯕ","translation":{"text":"And We said","language_name":"english","language_id":38},"transliteration":{"text":"waqul'nā","language_name":"english","language_id":38}},{"id":37360,"position":2,"audio_url":"wbw/002_035_002.mp3","qpc_uthmani_hafs":"يَٰٓـَٔادَمُ","char_type_name":"word","page_number":6,"line_number":11,"text":"ﯖ","translation":{"text":"O Adam","language_name":"english","language_id":38},"transliteration":{"text":"yāādamu","language_name":"english","language_id":38}},{"id":37361,"position":3,"audio_url":"wbw/002_035_003.mp3","qpc_uthmani_hafs":"ٱسۡكُنۡ","char_type_name":"word","page_number":6,"line_number":11,"text":"ﯗ","translation":{"text":"Dwell","language_name":"english","language_id":38},"transliteration":{"text":"us'kun","language_name":"english","language_id":38}},{"id":37362,"position":4,"audio_url":"wbw/002_035_004.mp3","qpc_uthmani_hafs":"أَنتَ","char_type_name":"word","page_number":6,"line_number":11,"text":"ﯘ","translation":{"text":"you","language_name":"english","language_id":38},"transliteration":{"text":"anta","language_name":"english","language_id":38}},{"id":37363,"position":5,"audio_url":"wbw/002_035_005.mp3","qpc_uthmani_hafs":"وَزَوۡجُكَ","char_type_name":"word","page_number":6,"line_number":11,"text":"ﯙ","translation":{"text":"and your spouse","language_name":"english","language_id":38},"transliteration":{"text":"wazawjuka","language_name":"english","language_id":38}},{"id":37364,"position":6,"audio_url":"wbw/002_035_006.mp3","qpc_uthmani_hafs":"ٱلۡجَنَّةَ","char_type_name":"word","page_number":6,"line_number":11,"text":"ﯚ","translation":{"text":"(in) Paradise","language_name":"english","language_id":38},"transliteration":{"text":"l-janata","language_name":"english","language_id":38}},{"id":37365,"position":7,"audio_url":"wbw/002_035_007.mp3","qpc_uthmani_hafs":"وَكُلَا","char_type_name":"word","page_number":6,"line_number":11,"text":"ﯛ","translation":{"text":"and [you both] eat","language_name":"english","language_id":38},"transliteration":{"text":"wakulā","language_name":"english","language_id":38}},{"id":37366,"position":8,"audio_url":"wbw/002_035_008.mp3","qpc_uthmani_hafs":"مِنۡهَا","char_type_name":"word","page_number":6,"line_number":11,"text":"ﯜ","translation":{"text":"from it","language_name":"english","language_id":38},"transliteration":{"text":"min'hā","language_name":"english","language_id":38}},{"id":37367,"position":9,"audio_url":"wbw/002_035_009.mp3","qpc_uthmani_hafs":"رَغَدًا","char_type_name":"word","page_number":6,"line_number":11,"text":"ﯝ","translation":{"text":"freely","language_name":"english","language_id":38},"transliteration":{"text":"raghadan","language_name":"english","language_id":38}},{"id":37368,"position":10,"audio_url":"wbw/002_035_010.mp3","qpc_uthmani_hafs":"حَيۡثُ","char_type_name":"word","page_number":6,"line_number":12,"text":"ﯞ","translation":{"text":"(from) wherever","language_name":"english","language_id":38},"transliteration":{"text":"ḥaythu","language_name":"english","language_id":38}},{"id":37369,"position":11,"audio_url":"wbw/002_035_011.mp3","qpc_uthmani_hafs":"شِئۡتُمَا","char_type_name":"word","page_number":6,"line_number":12,"text":"ﯟ","translation":{"text":"you [both] wish","language_name":"english","language_id":38},"transliteration":{"text":"shi'tumā","language_name":"english","language_id":38}},{"id":37370,"position":12,"audio_url":"wbw/002_035_012.mp3","qpc_uthmani_hafs":"وَلَا","char_type_name":"word","page_number":6,"line_number":12,"text":"ﯠ","translation":{"text":"But do not","language_name":"english","language_id":38},"transliteration":{"text":"walā","language_name":"english","language_id":38}},{"id":37371,"position":13,"audio_url":"wbw/002_035_013.mp3","qpc_uthmani_hafs":"تَقۡرَبَا","char_type_name":"word","page_number":6,"line_number":12,"text":"ﯡ","translation":{"text":"[you two] approach","language_name":"english","language_id":38},"transliteration":{"text":"taqrabā","language_name":"english","language_id":38}},{"id":37372,"position":14,"audio_url":"wbw/002_035_014.mp3","qpc_uthmani_hafs":"هَٰذِهِ","char_type_name":"word","page_number":6,"line_number":12,"text":"ﯢ","translation":{"text":"this","language_name":"english","language_id":38},"transliteration":{"text":"hādhihi","language_name":"english","language_id":38}},{"id":37373,"position":15,"audio_url":"wbw/002_035_015.mp3","qpc_uthmani_hafs":"ٱلشَّجَرَةَ","char_type_name":"word","page_number":6,"line_number":12,"text":"ﯣ","translation":{"text":"[the] tree","language_name":"english","language_id":38},"transliteration":{"text":"l-shajarata","language_name":"english","language_id":38}},{"id":37374,"position":16,"audio_url":"wbw/002_035_016.mp3","qpc_uthmani_hafs":"فَتَكُونَا","char_type_name":"word","page_number":6,"line_number":12,"text":"ﯤ","translation":{"text":"lest you [both] be","language_name":"english","language_id":38},"transliteration":{"text":"fatakūnā","language_name":"english","language_id":38}},{"id":37375,"position":17,"audio_url":"wbw/002_035_017.mp3","qpc_uthmani_hafs":"مِنَ","char_type_name":"word","page_number":6,"line_number":12,"text":"ﯥ","translation":{"text":"of","language_name":"english","language_id":38},"transliteration":{"text":"mina","language_name":"english","language_id":38}},{"id":37376,"position":18,"audio_url":"wbw/002_035_018.mp3","qpc_uthmani_hafs":"ٱلظَّٰلِمِينَ","char_type_name":"word","page_number":6,"line_number":12,"text":"ﯦ","translation":{"text":"the wrongdoers","language_name":"english","language_id":38},"transliteration":{"text":"l-ẓālimīna","language_name":"english","language_id":38}},{"id":37377,"position":19,"audio_url":null,"qpc_uthmani_hafs":"٣٥","char_type_name":"end","page_number":6,"line_number":12,"text":"ﯧ","translation":{"text":"(35)","language_name":"english","language_id":38},"transliteration":{"text":null,"language_name":"english","language_id":38}}],"translations":[{"id":916471,"resource_id":134,"text":"Dan Kami berfirman, \"Hai Adam, diamilah oleh kamu dan istrimu surga ini, dan makanlah makanan-makanannya yang banyak lagi baik dimana saja yang kamu sukai, dan janganlah kamu dekati pohon ini yang menyebabkan kamu termasuk orang-orang yang zalim. <sup foot_note=135909>1</sup>"}]},{"id":43,"verse_number":36,"verse_key":"2:36","juz_number":1,"hizb_number":1,"rub_el_hizb_number":2,"ruku_number":5,"manzil_number":1,"sajdah_number":null,"text_uthmani":"فَأَزَلَّهُمَا ٱلشَّيْطَـٰنُ عَنْهَا فَأَخْرَجَهُمَا مِمَّا كَانَا فِيهِ ۖ وَقُلْنَا ٱهْبِطُوا۟ بَعْضُكُمْ لِبَعْضٍ عَدُوٌّ ۖ وَلَكُمْ فِى ٱلْأَرْضِ مُسْتَقَرٌّ وَمَتَـٰعٌ إِلَىٰ حِينٍ","page_number":6,"words":[{"id":38099,"position":1,"audio_url":"wbw/002_036_001.mp3","qpc_uthmani_hafs":"فَأَزَلَّهُمَا","char_type_name":"word","page_number":6,"line_number":13,"text":"ﯨ","translation":{"text":"Then made [both of] them slip","language_name":"english","language_id":38},"transliteration":{"text":"fa-azallahumā","language_name":"english","language_id":38}},{"id":38100,"position":2,"audio_url":"wbw/002_036_002.mp3","qpc_uthmani_hafs":"ٱلشَّيۡطَٰنُ","char_type_name":"word","page_number":6,"line_number":13,"text":"ﯩ","translation":{"text":"the Shaitaan","language_name":"english","language_id":38},"transliteration":{"text":"l-shayṭānu","language_name":"english","language_id":38}},{"id":38101,"position":3,"audio_url":"wbw/002_036_003.mp3","qpc_uthmani_hafs":"عَنۡهَا","char_type_name":"word","page_number":6,"line_number":13,"text":"ﯪ","translation":{"text":"from it","language_name":"english","language_id":38},"transliteration":{"text":"ʿanhā","language_name":"english","language_id":38}},{"id":38102,"position":4,"audio_url":"wbw/002_036_004.mp3","qpc_uthmani_hafs":"فَأَخۡرَجَهُمَا","char_type_name":"word","page_number":6,"line_number":13,"text":"ﯫ","translation":{"text":"and he got [both of] them out","language_name":"english","language_id":38},"transliteration":{"text":"fa-akhrajahumā","language_name":"english","language_id":38}},{"id":38103,"position":5,"audio_url":"wbw/002_036_005.mp3","qpc_uthmani_hafs":"مِمَّا","char_type_name":"word","page_number":6,"line_number":13,"text":"ﯬ","translation":{"text":"from what","language_name":"english","language_id":38},"transliteration":{"text":"mimmā","language_name":"english","language_id":38}},{"id":38104,"position":6,"audio_url":"wbw/002_036_006.mp3","qpc_uthmani_hafs":"كَانَا","char_type_name":"word","page_number":6,"line_number":13,"text":"ﯭ","translation":{"text":"they [both] were","language_name":"english","language_id":38},"transliteration":{"text":"kānā","language_name":"english","language_id":38}},{"id":38105,"position":7,"audio_url":"wbw/002_036_007.mp3","qpc_uthmani_hafs":"فِيهِۖ","char_type_name":"word","page_number":6,"line_number":13,"text":"ﯮﯯ","translation":{"text":"in [it]","language_name":"english","language_id":38},"transliteration":{"text":"fīhi","language_name":"english","language_id":38}},{"id":38107,"position":8,"audio_url":"wbw/002_036_009.mp3","qpc_uthmani_hafs":"وَقُلۡنَا","char_type_name":"word","page_number":6,"line_number":13,"text":"ﯰ","translation":{"text":"And We said","language_name":"english","language_id":38},"transliteration":{"text":"waqul'nā","language_name":"english","language_id":38}},{"id":38108,"position":9,"audio_url":"wbw/002_036_010.mp3","qpc_uthmani_hafs":"ٱهۡبِطُواْ","char_type_name":"word","page_number":6,"line_number":13,"text":"ﯱ","translation":{"text":"Go down (all of you)","language_name":"english","language_id":38},"transliteration":{"text":"ih'biṭū","language_name":"english","language_id":38}},{"id":38109,"position":10,"audio_url":"wbw/002_036_011.mp3","qpc_uthmani_hafs":"بَعۡضُكُمۡ","char_type_name":"word","page_number":6,"line_number":14,"text":"ﯲ","translation":{"text":"some of you","language_name":"english","language_id":38},"transliteration":{"text":"baʿḍukum","language_name":"english","language_id":38}},{"id":38110,"position":11,"audio_url":"wbw/002_036_012.mp3","qpc_uthmani_hafs":"لِبَعۡضٍ","char_type_name":"word","page_number":6,"line_number":14,"text":"ﯳ","translation":{"text":"to others","language_name":"english","language_id":38},"transliteration":{"text":"libaʿḍin","language_name":"english","language_id":38}},{"id":38111,"position":12,"audio_url":"wbw/002_036_013.mp3","qpc_uthmani_hafs":"عَدُوّٞۖ","char_type_name":"word","page_number":6,"line_number":14,"text":"ﯴﯵ","translation":{"text":"(as) enemy","language_name":"english","language_id":38},"transliteration":{"text":"ʿaduwwun","language_name":"english","language_id":38}},{"id":38113,"position":13,"audio_url":"wbw/002_036_015.mp3","qpc_uthmani_hafs":"وَلَكُمۡ","char_type_name":"word","page_number":6,"line_number":14,"text":"ﯶ","translation":{"text":"and for you","language_name":"english","language_id":38},"transliteration":{"text":"walakum","language_name":"english","language_id":38}},{"id":38114,"position":14,"audio_url":"wbw/002_036_016.mp3","qpc_uthmani_hafs":"فِي","char_type_name":"word","page_number":6,"line_number":14,"text":"ﯷ","translation":{"text":"in","language_name":"english","language_id":38},"transliteration":{"text":"fī","language_name":"english","language_id":38}},{"id":38115,"position":15,"audio_url":"wbw/002_036_017.mp3","qpc_uthmani_hafs":"ٱلۡأَرۡضِ","char_type_name":"word","page_number":6,"line_number":14,"text":"ﯸ","translation":{"text":"the earth","language_name":"english","language_id":38},"transliteration":{"text":"l-arḍi","language_name":"english","language_id":38}},{"id":38116,"position":16,"audio_url":"wbw/002_036_018.mp3","qpc_uthmani_hafs":"مُسۡتَقَرّٞ","char_type_name":"word","page_number":6,"line_number":14,"text":"ﯹ","translation":{"text":"(is) a dwelling place","language_name":"english","language_id":38},"transliteration":{"text":"mus'taqarrun","language_name":"english","language_id":38}},{"id":38117,"position":17,"audio_url":"wbw/002_036_019.mp3","qpc_uthmani_hafs":"وَمَتَٰعٌ","char_type_name":"word","page_number":6,"line_number":14,"text":"ﯺ","translation":{"text":"and a provision","language_name":"english","language_id":38},"transliteration":{"text":"wamatāʿun","language_name":"english","language_id":38}},{"id":38118,"position":18,"audio_url":"wbw/002_036_020.mp3","qpc_uthmani_hafs":"إِلَىٰ","char_type_name":"word","page_number":6,"line_number":14,"text":"ﯻ","translation":{"text":"for","language_name":"english","language_id":38},"transliteration":{"text":"ilā","language_name":"english","language_id":38}},{"id":38119,"position":19,"audio_url":"wbw/002_036_021.mp3","qpc_uthmani_hafs":"حِينٖ","char_type_name":"word","page_number":6,"line_number":14,"text":"ﯼ","translation":{"text":"a period","language_name":"english","language_id":38},"transliteration":{"text":"ḥīnin","language_name":"english","language_id":38}},{"id":38120,"position":20,"audio_url":null,"qpc_uthmani_hafs":"٣٦","char_type_name":"end","page_number":6,"line_number":14,"text":"ﯽ","translation":{"text":"(36)","language_name":"english","language_id":38},"transliteration":{"text":null,"language_name":"english","language_id":38}}],"translations":[{"id":916472,"resource_id":134,"text":"Lalu keduanya digelincirkan oleh setan dari surga itudan dikeluarkan dari keadaan semula<sup foot_note=135910>1</sup> dan Kami berfirman, \"Turunlah kamu! Sebagian kamu menjadi musuh bagi yang lain, dan bagi kamu ada tempat kediaman di bumi, dan kesenangan hidup sampai waktu yang ditentukan\"."}]},{"id":44,"verse_number":37,"verse_key":"2:37","juz_number":1,"hizb_number":1,"rub_el_hizb_number":2,"ruku_number":5,"manzil_number":1,"sajdah_number":null,"text_uthmani":"فَتَلَقَّىٰٓ ءَادَمُ مِن رَّبِّهِۦ كَلِمَـٰتٍ فَتَابَ عَلَيْهِ ۚ إِنَّهُۥ هُوَ ٱلتَّوَّابُ ٱلرَّحِيمُ","page_number":6,"words":[{"id":39109,"position":1,"audio_url":"wbw/002_037_001.mp3","qpc_uthmani_hafs":"فَتَلَقَّىٰٓ","char_type_name":"word","page_number":6,"line_number":15,"text":"ﯾ","translation":{"text":"Then received","language_name":"english","language_id":38},"transliteration":{"text":"fatalaqqā","language_name":"english","language_id":38}},{"id":39110,"position":2,"audio_url":"wbw/002_037_002.mp3","qpc_uthmani_hafs":"ءَادَمُ","char_type_name":"word","page_number":6,"line_number":15,"text":"ﯿ","translation":{"text":"Adam","language_name":"english","language_id":38},"transliteration":{"text":"ādamu","language_name":"english","language_id":38}},{"id":39111,"position":3,"audio_url":"wbw/002_037_003.mp3","qpc_uthmani_hafs":"مِن","char_type_name":"word","page_number":6,"line_number":15,"text":"ﰀ","translation":{"text":"from","language_name":"english","language_id":38},"transliteration":{"text":"min","language_name":"english","language_id":38}},{"id":39112,"position":4,"audio_url":"wbw/002_037_004.mp3","qpc_uthmani_hafs":"رَّبِّهِۦ","char_type_name":"word","page_number":6,"line_number":15,"text":"ﰁ","translation":{"text":"his Lord","language_name":"english","language_id":38},"transliteration":{"text":"rabbihi","language_name":"english","language_id":38}},{"id":39113,"position":5,"audio_url":"wbw/002_037_005.mp3","qpc_uthmani_hafs":"كَلِمَٰتٖ","char_type_name":"word","page_number":6,"line_number":15,"text":"ﰂ","translation":{"text":"words","language_name":"english","language_id":38},"transliteration":{"text":"kalimātin","language_name":"english","language_id":38}},{"id":39114,"position":6,"audio_url":"wbw/002_037_006.mp3","qpc_uthmani_hafs":"فَتَابَ","char_type_name":"word","page_number":6,"line_number":15,"text":"ﰃ","translation":{"text":"So (his Lord) turned","language_name":"english","language_id":38},"transliteration":{"text":"fatāba","language_name":"english","language_id":38}},{"id":39115,"position":7,"audio_url":"wbw/002_037_007.mp3","qpc_uthmani_hafs":"عَلَيۡهِۚ","char_type_name":"word","page_number":6,"line_number":15,"text":"ﰄﰅ","translation":{"text":"towards him","language_name":"english","language_id":38},"transliteration":{"text":"ʿalayhi","language_name":"english","language_id":38}},{"id":39117,"position":8,"audio_url":"wbw/002_037_009.mp3","qpc_uthmani_hafs":"إِنَّهُۥ","char_type_name":"word","page_number":6,"line_number":15,"text":"ﰆ","translation":{"text":"Indeed He","language_name":"english","language_id":38},"transliteration":{"text":"innahu","language_name":"english","language_id":38}},{"id":39118,"position":9,"audio_url":"wbw/002_037_010.mp3","qpc_uthmani_hafs":"هُوَ","char_type_name":"word","page_number":6,"line_number":15,"text":"ﰇ","translation":{"text":"He","language_name":"english","language_id":38},"transliteration":{"text":"huwa","language_name":"english","language_id":38}},{"id":39119,"position":10,"audio_url":"wbw/002_037_011.mp3","qpc_uthmani_hafs":"ٱلتَّوَّابُ","char_type_name":"word","page_number":6,"line_number":15,"text":"ﰈ","translation":{"text":"(is) the Oft-returning (to mercy)","language_name":"english","language_id":38},"transliteration":{"text":"l-tawābu","language_name":"english","language_id":38}},{"id":39120,"position":11,"audio_url":"wbw/002_037_012.mp3","qpc_uthmani_hafs":"ٱلرَّحِيمُ","char_type_name":"word","page_number":6,"line_number":15,"text":"ﰉ","translation":{"text":"the Most Merciful","language_name":"english","language_id":38},"transliteration":{"text":"l-raḥīmu","language_name":"english","language_id":38}},{"id":39121,"position":12,"audio_url":null,"qpc_uthmani_hafs":"٣٧","char_type_name":"end","page_number":6,"line_number":15,"text":"ﰊ","translation":{"text":"(37)","language_name":"english","language_id":38},"transliteration":{"text":null,"language_name":"english","language_id":38}}],"translations":[{"id":916473,"resource_id":134,"text":"Kemudian Adam menerima beberapa kalimatdari Tuhan-nya, maka Allah menerima tobatnya.Sesungguhnya Allah Maha Penerima tobat lagi Maha Penyayang. <sup foot_note=135911>1</sup>"}]}],"pagination":{"per_page":50,"current_page":1,"next_page":null,"total_pages":1,"total_records":8}}