{"verses":[{"id":434,"verse_number":141,"verse_key":"3:141","juz_number":4,"hizb_number":7,"rub_el_hizb_number":27,"ruku_number":55,"manzil_number":1,"sajdah_number":null,"text_uthmani":"وَلِيُمَحِّصَ ٱللَّهُ ٱلَّذِينَ ءَامَنُوا۟ وَيَمْحَقَ ٱلْكَـٰفِرِينَ","page_number":68,"words":[{"id":79312,"position":1,"audio_url":"wbw/003_141_001.mp3","qpc_uthmani_hafs":"وَلِيُمَحِّصَ","char_type_name":"word","page_number":68,"line_number":1,"text":"ﭑ","translation":{"text":"And so that may purify","language_name":"english","language_id":38},"transliteration":{"text":"waliyumaḥḥiṣa","language_name":"english","language_id":38}},{"id":79313,"position":2,"audio_url":"wbw/003_141_002.mp3","qpc_uthmani_hafs":"ٱللَّهُ","char_type_name":"word","page_number":68,"line_number":1,"text":"ﭒ","translation":{"text":"Allah","language_name":"english","language_id":38},"transliteration":{"text":"l-lahu","language_name":"english","language_id":38}},{"id":79314,"position":3,"audio_url":"wbw/003_141_003.mp3","qpc_uthmani_hafs":"ٱلَّذِينَ","char_type_name":"word","page_number":68,"line_number":1,"text":"ﭓ","translation":{"text":"those who","language_name":"english","language_id":38},"transliteration":{"text":"alladhīna","language_name":"english","language_id":38}},{"id":79315,"position":4,"audio_url":"wbw/003_141_004.mp3","qpc_uthmani_hafs":"ءَامَنُواْ","char_type_name":"word","page_number":68,"line_number":1,"text":"ﭔ","translation":{"text":"believe","language_name":"english","language_id":38},"transliteration":{"text":"āmanū","language_name":"english","language_id":38}},{"id":79316,"position":5,"audio_url":"wbw/003_141_005.mp3","qpc_uthmani_hafs":"وَيَمۡحَقَ","char_type_name":"word","page_number":68,"line_number":1,"text":"ﭕ","translation":{"text":"and destroy","language_name":"english","language_id":38},"transliteration":{"text":"wayamḥaqa","language_name":"english","language_id":38}},{"id":79317,"position":6,"audio_url":"wbw/003_141_006.mp3","qpc_uthmani_hafs":"ٱلۡكَٰفِرِينَ","char_type_name":"word","page_number":68,"line_number":1,"text":"ﭖ","translation":{"text":"the disbelievers","language_name":"english","language_id":38},"transliteration":{"text":"l-kāfirīna","language_name":"english","language_id":38}},{"id":79318,"position":7,"audio_url":null,"qpc_uthmani_hafs":"١٤١","char_type_name":"end","page_number":68,"line_number":1,"text":"ﭗ","translation":{"text":"(141)","language_name":"english","language_id":38},"transliteration":{"text":null,"language_name":"english","language_id":38}}],"translations":[{"id":916863,"resource_id":134,"text":"Dan agar Allah membersihkan orang-orang yang beriman (dari dosa mereka) dan membinasakan orang-orang yang kafir."}]},{"id":435,"verse_number":142,"verse_key":"3:142","juz_number":4,"hizb_number":7,"rub_el_hizb_number":27,"ruku_number":55,"manzil_number":1,"sajdah_number":null,"text_uthmani":"أَمْ حَسِبْتُمْ أَن تَدْخُلُوا۟ ٱلْجَنَّةَ وَلَمَّا يَعْلَمِ ٱللَّهُ ٱلَّذِينَ جَـٰهَدُوا۟ مِنكُمْ وَيَعْلَمَ ٱلصَّـٰبِرِينَ","page_number":68,"words":[{"id":79319,"position":1,"audio_url":"wbw/003_142_001.mp3","qpc_uthmani_hafs":"أَمۡ","char_type_name":"word","page_number":68,"line_number":1,"text":"ﭘ","translation":{"text":"Or","language_name":"english","language_id":38},"transliteration":{"text":"am","language_name":"english","language_id":38}},{"id":79320,"position":2,"audio_url":"wbw/003_142_002.mp3","qpc_uthmani_hafs":"حَسِبۡتُمۡ","char_type_name":"word","page_number":68,"line_number":2,"text":"ﭙ","translation":{"text":"do you think","language_name":"english","language_id":38},"transliteration":{"text":"ḥasib'tum","language_name":"english","language_id":38}},{"id":79321,"position":3,"audio_url":"wbw/003_142_003.mp3","qpc_uthmani_hafs":"أَن","char_type_name":"word","page_number":68,"line_number":2,"text":"ﭚ","translation":{"text":"that","language_name":"english","language_id":38},"transliteration":{"text":"an","language_name":"english","language_id":38}},{"id":79322,"position":4,"audio_url":"wbw/003_142_004.mp3","qpc_uthmani_hafs":"تَدۡخُلُواْ","char_type_name":"word","page_number":68,"line_number":2,"text":"ﭛ","translation":{"text":"you will enter","language_name":"english","language_id":38},"transliteration":{"text":"tadkhulū","language_name":"english","language_id":38}},{"id":79323,"position":5,"audio_url":"wbw/003_142_005.mp3","qpc_uthmani_hafs":"ٱلۡجَنَّةَ","char_type_name":"word","page_number":68,"line_number":2,"text":"ﭜ","translation":{"text":"Paradise","language_name":"english","language_id":38},"transliteration":{"text":"l-janata","language_name":"english","language_id":38}},{"id":79324,"position":6,"audio_url":"wbw/003_142_006.mp3","qpc_uthmani_hafs":"وَلَمَّا","char_type_name":"word","page_number":68,"line_number":2,"text":"ﭝ","translation":{"text":"while has not yet","language_name":"english","language_id":38},"transliteration":{"text":"walammā","language_name":"english","language_id":38}},{"id":79325,"position":7,"audio_url":"wbw/003_142_007.mp3","qpc_uthmani_hafs":"يَعۡلَمِ","char_type_name":"word","page_number":68,"line_number":2,"text":"ﭞ","translation":{"text":"made evident","language_name":"english","language_id":38},"transliteration":{"text":"yaʿlami","language_name":"english","language_id":38}},{"id":79326,"position":8,"audio_url":"wbw/003_142_008.mp3","qpc_uthmani_hafs":"ٱللَّهُ","char_type_name":"word","page_number":68,"line_number":2,"text":"ﭟ","translation":{"text":"Allah","language_name":"english","language_id":38},"transliteration":{"text":"l-lahu","language_name":"english","language_id":38}},{"id":79327,"position":9,"audio_url":"wbw/003_142_009.mp3","qpc_uthmani_hafs":"ٱلَّذِينَ","char_type_name":"word","page_number":68,"line_number":2,"text":"ﭠ","translation":{"text":"those who","language_name":"english","language_id":38},"transliteration":{"text":"alladhīna","language_name":"english","language_id":38}},{"id":79328,"position":10,"audio_url":"wbw/003_142_010.mp3","qpc_uthmani_hafs":"جَٰهَدُواْ","char_type_name":"word","page_number":68,"line_number":2,"text":"ﭡ","translation":{"text":"strove hard","language_name":"english","language_id":38},"transliteration":{"text":"jāhadū","language_name":"english","language_id":38}},{"id":79329,"position":11,"audio_url":"wbw/003_142_011.mp3","qpc_uthmani_hafs":"مِنكُمۡ","char_type_name":"word","page_number":68,"line_number":3,"text":"ﭢ","translation":{"text":"among you","language_name":"english","language_id":38},"transliteration":{"text":"minkum","language_name":"english","language_id":38}},{"id":79330,"position":12,"audio_url":"wbw/003_142_012.mp3","qpc_uthmani_hafs":"وَيَعۡلَمَ","char_type_name":"word","page_number":68,"line_number":3,"text":"ﭣ","translation":{"text":"and made evident","language_name":"english","language_id":38},"transliteration":{"text":"wayaʿlama","language_name":"english","language_id":38}},{"id":79331,"position":13,"audio_url":"wbw/003_142_013.mp3","qpc_uthmani_hafs":"ٱلصَّٰبِرِينَ","char_type_name":"word","page_number":68,"line_number":3,"text":"ﭤ","translation":{"text":"the steadfast","language_name":"english","language_id":38},"transliteration":{"text":"l-ṣābirīna","language_name":"english","language_id":38}},{"id":79332,"position":14,"audio_url":null,"qpc_uthmani_hafs":"١٤٢","char_type_name":"end","page_number":68,"line_number":3,"text":"ﭥ","translation":{"text":"(142)","language_name":"english","language_id":38},"transliteration":{"text":null,"language_name":"english","language_id":38}}],"translations":[{"id":916864,"resource_id":134,"text":"Apakah kamu mengira bahwa kamu akan masuk surga, padahal belum nyata bagi Allah orang-orang yang berjihad<sup foot_note=210002>1</sup> di antaramu, dan belum nyata orang-orang yang sabar."}]},{"id":436,"verse_number":143,"verse_key":"3:143","juz_number":4,"hizb_number":7,"rub_el_hizb_number":27,"ruku_number":55,"manzil_number":1,"sajdah_number":null,"text_uthmani":"وَلَقَدْ كُنتُمْ تَمَنَّوْنَ ٱلْمَوْتَ مِن قَبْلِ أَن تَلْقَوْهُ فَقَدْ رَأَيْتُمُوهُ وَأَنتُمْ تَنظُرُونَ","page_number":68,"words":[{"id":79560,"position":1,"audio_url":"wbw/003_143_001.mp3","qpc_uthmani_hafs":"وَلَقَدۡ","char_type_name":"word","page_number":68,"line_number":3,"text":"ﭦ","translation":{"text":"And certainly","language_name":"english","language_id":38},"transliteration":{"text":"walaqad","language_name":"english","language_id":38}},{"id":79561,"position":2,"audio_url":"wbw/003_143_002.mp3","qpc_uthmani_hafs":"كُنتُمۡ","char_type_name":"word","page_number":68,"line_number":3,"text":"ﭧ","translation":{"text":"you used to","language_name":"english","language_id":38},"transliteration":{"text":"kuntum","language_name":"english","language_id":38}},{"id":79562,"position":3,"audio_url":"wbw/003_143_003.mp3","qpc_uthmani_hafs":"تَمَنَّوۡنَ","char_type_name":"word","page_number":68,"line_number":3,"text":"ﭨ","translation":{"text":"wish","language_name":"english","language_id":38},"transliteration":{"text":"tamannawna","language_name":"english","language_id":38}},{"id":79563,"position":4,"audio_url":"wbw/003_143_004.mp3","qpc_uthmani_hafs":"ٱلۡمَوۡتَ","char_type_name":"word","page_number":68,"line_number":3,"text":"ﭩ","translation":{"text":"(for) death","language_name":"english","language_id":38},"transliteration":{"text":"l-mawta","language_name":"english","language_id":38}},{"id":79564,"position":5,"audio_url":"wbw/003_143_005.mp3","qpc_uthmani_hafs":"مِن","char_type_name":"word","page_number":68,"line_number":3,"text":"ﭪ","translation":{"text":"from","language_name":"english","language_id":38},"transliteration":{"text":"min","language_name":"english","language_id":38}},{"id":79565,"position":6,"audio_url":"wbw/003_143_006.mp3","qpc_uthmani_hafs":"قَبۡلِ","char_type_name":"word","page_number":68,"line_number":4,"text":"ﭫ","translation":{"text":"before","language_name":"english","language_id":38},"transliteration":{"text":"qabli","language_name":"english","language_id":38}},{"id":79566,"position":7,"audio_url":"wbw/003_143_007.mp3","qpc_uthmani_hafs":"أَن","char_type_name":"word","page_number":68,"line_number":4,"text":"ﭬ","translation":{"text":"[that]","language_name":"english","language_id":38},"transliteration":{"text":"an","language_name":"english","language_id":38}},{"id":79567,"position":8,"audio_url":"wbw/003_143_008.mp3","qpc_uthmani_hafs":"تَلۡقَوۡهُ","char_type_name":"word","page_number":68,"line_number":4,"text":"ﭭ","translation":{"text":"you met it","language_name":"english","language_id":38},"transliteration":{"text":"talqawhu","language_name":"english","language_id":38}},{"id":79568,"position":9,"audio_url":"wbw/003_143_009.mp3","qpc_uthmani_hafs":"فَقَدۡ","char_type_name":"word","page_number":68,"line_number":4,"text":"ﭮ","translation":{"text":"then indeed","language_name":"english","language_id":38},"transliteration":{"text":"faqad","language_name":"english","language_id":38}},{"id":79569,"position":10,"audio_url":"wbw/003_143_010.mp3","qpc_uthmani_hafs":"رَأَيۡتُمُوهُ","char_type_name":"word","page_number":68,"line_number":4,"text":"ﭯ","translation":{"text":"you have seen it","language_name":"english","language_id":38},"transliteration":{"text":"ra-aytumūhu","language_name":"english","language_id":38}},{"id":79570,"position":11,"audio_url":"wbw/003_143_011.mp3","qpc_uthmani_hafs":"وَأَنتُمۡ","char_type_name":"word","page_number":68,"line_number":4,"text":"ﭰ","translation":{"text":"while you (were)","language_name":"english","language_id":38},"transliteration":{"text":"wa-antum","language_name":"english","language_id":38}},{"id":79571,"position":12,"audio_url":"wbw/003_143_012.mp3","qpc_uthmani_hafs":"تَنظُرُونَ","char_type_name":"word","page_number":68,"line_number":4,"text":"ﭱ","translation":{"text":"looking on","language_name":"english","language_id":38},"transliteration":{"text":"tanẓurūna","language_name":"english","language_id":38}},{"id":79572,"position":13,"audio_url":null,"qpc_uthmani_hafs":"١٤٣","char_type_name":"end","page_number":68,"line_number":4,"text":"ﭲ","translation":{"text":"(143)","language_name":"english","language_id":38},"transliteration":{"text":null,"language_name":"english","language_id":38}}],"translations":[{"id":916865,"resource_id":134,"text":"Sesungguhnya kamu mengharapkan mati (syahid) sebelum kamu menghadapinya; (sekarang) sungguh kamu telah melihatnya dan kamu menyaksikannya<sup foot_note=210003>1</sup>."}]},{"id":437,"verse_number":144,"verse_key":"3:144","juz_number":4,"hizb_number":7,"rub_el_hizb_number":27,"ruku_number":56,"manzil_number":1,"sajdah_number":null,"text_uthmani":"وَمَا مُحَمَّدٌ إِلَّا رَسُولٌ قَدْ خَلَتْ مِن قَبْلِهِ ٱلرُّسُلُ ۚ أَفَإِي۟ن مَّاتَ أَوْ قُتِلَ ٱنقَلَبْتُمْ عَلَىٰٓ أَعْقَـٰبِكُمْ ۚ وَمَن يَنقَلِبْ عَلَىٰ عَقِبَيْهِ فَلَن يَضُرَّ ٱللَّهَ شَيْـًٔا ۗ وَسَيَجْزِى ٱللَّهُ ٱلشَّـٰكِرِينَ","page_number":68,"words":[{"id":79664,"position":1,"audio_url":"wbw/003_144_001.mp3","qpc_uthmani_hafs":"وَمَا","char_type_name":"word","page_number":68,"line_number":4,"text":"ﭳ","translation":{"text":"And not","language_name":"english","language_id":38},"transliteration":{"text":"wamā","language_name":"english","language_id":38}},{"id":79665,"position":2,"audio_url":"wbw/003_144_002.mp3","qpc_uthmani_hafs":"مُحَمَّدٌ","char_type_name":"word","page_number":68,"line_number":4,"text":"ﭴ","translation":{"text":"(is) Muhammad ","language_name":"english","language_id":38},"transliteration":{"text":"muḥammadun","language_name":"english","language_id":38}},{"id":79666,"position":3,"audio_url":"wbw/003_144_003.mp3","qpc_uthmani_hafs":"إِلَّا","char_type_name":"word","page_number":68,"line_number":5,"text":"ﭵ","translation":{"text":"except","language_name":"english","language_id":38},"transliteration":{"text":"illā","language_name":"english","language_id":38}},{"id":79667,"position":4,"audio_url":"wbw/003_144_004.mp3","qpc_uthmani_hafs":"رَسُولٞ","char_type_name":"word","page_number":68,"line_number":5,"text":"ﭶ","translation":{"text":"a Messenger","language_name":"english","language_id":38},"transliteration":{"text":"rasūlun","language_name":"english","language_id":38}},{"id":79668,"position":5,"audio_url":"wbw/003_144_005.mp3","qpc_uthmani_hafs":"قَدۡ","char_type_name":"word","page_number":68,"line_number":5,"text":"ﭷ","translation":{"text":"certainly","language_name":"english","language_id":38},"transliteration":{"text":"qad","language_name":"english","language_id":38}},{"id":79669,"position":6,"audio_url":"wbw/003_144_006.mp3","qpc_uthmani_hafs":"خَلَتۡ","char_type_name":"word","page_number":68,"line_number":5,"text":"ﭸ","translation":{"text":"passed away","language_name":"english","language_id":38},"transliteration":{"text":"khalat","language_name":"english","language_id":38}},{"id":79670,"position":7,"audio_url":"wbw/003_144_007.mp3","qpc_uthmani_hafs":"مِن","char_type_name":"word","page_number":68,"line_number":5,"text":"ﭹ","translation":{"text":"from","language_name":"english","language_id":38},"transliteration":{"text":"min","language_name":"english","language_id":38}},{"id":79671,"position":8,"audio_url":"wbw/003_144_008.mp3","qpc_uthmani_hafs":"قَبۡلِهِ","char_type_name":"word","page_number":68,"line_number":5,"text":"ﭺ","translation":{"text":"before him","language_name":"english","language_id":38},"transliteration":{"text":"qablihi","language_name":"english","language_id":38}},{"id":79672,"position":9,"audio_url":"wbw/003_144_009.mp3","qpc_uthmani_hafs":"ٱلرُّسُلُۚ","char_type_name":"word","page_number":68,"line_number":5,"text":"ﭻﭼ","translation":{"text":"[the] (other) Messengers","language_name":"english","language_id":38},"transliteration":{"text":"l-rusulu","language_name":"english","language_id":38}},{"id":79674,"position":10,"audio_url":"wbw/003_144_011.mp3","qpc_uthmani_hafs":"أَفَإِيْن","char_type_name":"word","page_number":68,"line_number":5,"text":"ﭽ","translation":{"text":"So if","language_name":"english","language_id":38},"transliteration":{"text":"afa-in","language_name":"english","language_id":38}},{"id":79675,"position":11,"audio_url":"wbw/003_144_012.mp3","qpc_uthmani_hafs":"مَّاتَ","char_type_name":"word","page_number":68,"line_number":5,"text":"ﭾ","translation":{"text":"he died","language_name":"english","language_id":38},"transliteration":{"text":"māta","language_name":"english","language_id":38}},{"id":79676,"position":12,"audio_url":"wbw/003_144_013.mp3","qpc_uthmani_hafs":"أَوۡ","char_type_name":"word","page_number":68,"line_number":5,"text":"ﭿ","translation":{"text":"or","language_name":"english","language_id":38},"transliteration":{"text":"aw","language_name":"english","language_id":38}},{"id":79677,"position":13,"audio_url":"wbw/003_144_014.mp3","qpc_uthmani_hafs":"قُتِلَ","char_type_name":"word","page_number":68,"line_number":5,"text":"ﮀ","translation":{"text":"is slain","language_name":"english","language_id":38},"transliteration":{"text":"qutila","language_name":"english","language_id":38}},{"id":79678,"position":14,"audio_url":"wbw/003_144_015.mp3","qpc_uthmani_hafs":"ٱنقَلَبۡتُمۡ","char_type_name":"word","page_number":68,"line_number":6,"text":"ﮁ","translation":{"text":"will you turn back","language_name":"english","language_id":38},"transliteration":{"text":"inqalabtum","language_name":"english","language_id":38}},{"id":79679,"position":15,"audio_url":"wbw/003_144_016.mp3","qpc_uthmani_hafs":"عَلَىٰٓ","char_type_name":"word","page_number":68,"line_number":6,"text":"ﮂ","translation":{"text":"on","language_name":"english","language_id":38},"transliteration":{"text":"ʿalā","language_name":"english","language_id":38}},{"id":79680,"position":16,"audio_url":"wbw/003_144_017.mp3","qpc_uthmani_hafs":"أَعۡقَٰبِكُمۡۚ","char_type_name":"word","page_number":68,"line_number":6,"text":"ﮃﮄ","translation":{"text":"your heels","language_name":"english","language_id":38},"transliteration":{"text":"aʿqābikum","language_name":"english","language_id":38}},{"id":79682,"position":17,"audio_url":"wbw/003_144_019.mp3","qpc_uthmani_hafs":"وَمَن","char_type_name":"word","page_number":68,"line_number":6,"text":"ﮅ","translation":{"text":"And whoever","language_name":"english","language_id":38},"transliteration":{"text":"waman","language_name":"english","language_id":38}},{"id":79683,"position":18,"audio_url":"wbw/003_144_020.mp3","qpc_uthmani_hafs":"يَنقَلِبۡ","char_type_name":"word","page_number":68,"line_number":6,"text":"ﮆ","translation":{"text":"turns back","language_name":"english","language_id":38},"transliteration":{"text":"yanqalib","language_name":"english","language_id":38}},{"id":79684,"position":19,"audio_url":"wbw/003_144_021.mp3","qpc_uthmani_hafs":"عَلَىٰ","char_type_name":"word","page_number":68,"line_number":6,"text":"ﮇ","translation":{"text":"on","language_name":"english","language_id":38},"transliteration":{"text":"ʿalā","language_name":"english","language_id":38}},{"id":79685,"position":20,"audio_url":"wbw/003_144_022.mp3","qpc_uthmani_hafs":"عَقِبَيۡهِ","char_type_name":"word","page_number":68,"line_number":6,"text":"ﮈ","translation":{"text":"his heels","language_name":"english","language_id":38},"transliteration":{"text":"ʿaqibayhi","language_name":"english","language_id":38}},{"id":79686,"position":21,"audio_url":"wbw/003_144_023.mp3","qpc_uthmani_hafs":"فَلَن","char_type_name":"word","page_number":68,"line_number":6,"text":"ﮉ","translation":{"text":"then never","language_name":"english","language_id":38},"transliteration":{"text":"falan","language_name":"english","language_id":38}},{"id":79687,"position":22,"audio_url":"wbw/003_144_024.mp3","qpc_uthmani_hafs":"يَضُرَّ","char_type_name":"word","page_number":68,"line_number":6,"text":"ﮊ","translation":{"text":"will he harm","language_name":"english","language_id":38},"transliteration":{"text":"yaḍurra","language_name":"english","language_id":38}},{"id":79688,"position":23,"audio_url":"wbw/003_144_025.mp3","qpc_uthmani_hafs":"ٱللَّهَ","char_type_name":"word","page_number":68,"line_number":7,"text":"ﮋ","translation":{"text":"Allah","language_name":"english","language_id":38},"transliteration":{"text":"l-laha","language_name":"english","language_id":38}},{"id":79689,"position":24,"audio_url":"wbw/003_144_026.mp3","qpc_uthmani_hafs":"شَيۡـٔٗاۚ","char_type_name":"word","page_number":68,"line_number":7,"text":"ﮌﮍ","translation":{"text":"(in) anything","language_name":"english","language_id":38},"transliteration":{"text":"shayan","language_name":"english","language_id":38}},{"id":79691,"position":25,"audio_url":"wbw/003_144_028.mp3","qpc_uthmani_hafs":"وَسَيَجۡزِي","char_type_name":"word","page_number":68,"line_number":7,"text":"ﮎ","translation":{"text":"And will reward","language_name":"english","language_id":38},"transliteration":{"text":"wasayajzī","language_name":"english","language_id":38}},{"id":79692,"position":26,"audio_url":"wbw/003_144_029.mp3","qpc_uthmani_hafs":"ٱللَّهُ","char_type_name":"word","page_number":68,"line_number":7,"text":"ﮏ","translation":{"text":"Allah","language_name":"english","language_id":38},"transliteration":{"text":"l-lahu","language_name":"english","language_id":38}},{"id":79693,"position":27,"audio_url":"wbw/003_144_030.mp3","qpc_uthmani_hafs":"ٱلشَّٰكِرِينَ","char_type_name":"word","page_number":68,"line_number":7,"text":"ﮐ","translation":{"text":"the grateful ones","language_name":"english","language_id":38},"transliteration":{"text":"l-shākirīna","language_name":"english","language_id":38}},{"id":79694,"position":28,"audio_url":null,"qpc_uthmani_hafs":"١٤٤","char_type_name":"end","page_number":68,"line_number":7,"text":"ﮑ","translation":{"text":"(144)","language_name":"english","language_id":38},"transliteration":{"text":null,"language_name":"english","language_id":38}}],"translations":[{"id":916866,"resource_id":134,"text":"Muhammad itu tidak lain hanyalah seorang rasul; sungguh telah berlalu sebelumnya beberapa orang rasul<sup foot_note=210004>1</sup>.  Apakah jika dia wafat atau dibunuh, kamu berbalik ke belakang (murtad)? Barang siapa yang berbalik ke belakang, maka ia tidak dapat mendatangkan mudarat kepada Allah sedikit pun; dan Allah akan memberi balasan kepada orang-orang yang bersyukur."}]},{"id":438,"verse_number":145,"verse_key":"3:145","juz_number":4,"hizb_number":7,"rub_el_hizb_number":27,"ruku_number":56,"manzil_number":1,"sajdah_number":null,"text_uthmani":"وَمَا كَانَ لِنَفْسٍ أَن تَمُوتَ إِلَّا بِإِذْنِ ٱللَّهِ كِتَـٰبًا مُّؤَجَّلًا ۗ وَمَن يُرِدْ ثَوَابَ ٱلدُّنْيَا نُؤْتِهِۦ مِنْهَا وَمَن يُرِدْ ثَوَابَ ٱلْـَٔاخِرَةِ نُؤْتِهِۦ مِنْهَا ۚ وَسَنَجْزِى ٱلشَّـٰكِرِينَ","page_number":68,"words":[{"id":79892,"position":1,"audio_url":"wbw/003_145_001.mp3","qpc_uthmani_hafs":"وَمَا","char_type_name":"word","page_number":68,"line_number":7,"text":"ﮒ","translation":{"text":"And not","language_name":"english","language_id":38},"transliteration":{"text":"wamā","language_name":"english","language_id":38}},{"id":79893,"position":2,"audio_url":"wbw/003_145_002.mp3","qpc_uthmani_hafs":"كَانَ","char_type_name":"word","page_number":68,"line_number":7,"text":"ﮓ","translation":{"text":"is","language_name":"english","language_id":38},"transliteration":{"text":"kāna","language_name":"english","language_id":38}},{"id":79894,"position":3,"audio_url":"wbw/003_145_003.mp3","qpc_uthmani_hafs":"لِنَفۡسٍ","char_type_name":"word","page_number":68,"line_number":8,"text":"ﮔ","translation":{"text":"for a soul","language_name":"english","language_id":38},"transliteration":{"text":"linafsin","language_name":"english","language_id":38}},{"id":79895,"position":4,"audio_url":"wbw/003_145_004.mp3","qpc_uthmani_hafs":"أَن","char_type_name":"word","page_number":68,"line_number":8,"text":"ﮕ","translation":{"text":"that","language_name":"english","language_id":38},"transliteration":{"text":"an","language_name":"english","language_id":38}},{"id":79896,"position":5,"audio_url":"wbw/003_145_005.mp3","qpc_uthmani_hafs":"تَمُوتَ","char_type_name":"word","page_number":68,"line_number":8,"text":"ﮖ","translation":{"text":"he dies","language_name":"english","language_id":38},"transliteration":{"text":"tamūta","language_name":"english","language_id":38}},{"id":79897,"position":6,"audio_url":"wbw/003_145_006.mp3","qpc_uthmani_hafs":"إِلَّا","char_type_name":"word","page_number":68,"line_number":8,"text":"ﮗ","translation":{"text":"except","language_name":"english","language_id":38},"transliteration":{"text":"illā","language_name":"english","language_id":38}},{"id":79898,"position":7,"audio_url":"wbw/003_145_007.mp3","qpc_uthmani_hafs":"بِإِذۡنِ","char_type_name":"word","page_number":68,"line_number":8,"text":"ﮘ","translation":{"text":"by (the) permission","language_name":"english","language_id":38},"transliteration":{"text":"bi-idh'ni","language_name":"english","language_id":38}},{"id":79899,"position":8,"audio_url":"wbw/003_145_008.mp3","qpc_uthmani_hafs":"ٱللَّهِ","char_type_name":"word","page_number":68,"line_number":8,"text":"ﮙ","translation":{"text":"(of) Allah","language_name":"english","language_id":38},"transliteration":{"text":"l-lahi","language_name":"english","language_id":38}},{"id":79900,"position":9,"audio_url":"wbw/003_145_009.mp3","qpc_uthmani_hafs":"كِتَٰبٗا","char_type_name":"word","page_number":68,"line_number":8,"text":"ﮚ","translation":{"text":"(at a) decree","language_name":"english","language_id":38},"transliteration":{"text":"kitāban","language_name":"english","language_id":38}},{"id":79901,"position":10,"audio_url":"wbw/003_145_010.mp3","qpc_uthmani_hafs":"مُّؤَجَّلٗاۗ","char_type_name":"word","page_number":68,"line_number":8,"text":"ﮛﮜ","translation":{"text":"determined","language_name":"english","language_id":38},"transliteration":{"text":"mu-ajjalan","language_name":"english","language_id":38}},{"id":79903,"position":11,"audio_url":"wbw/003_145_012.mp3","qpc_uthmani_hafs":"وَمَن","char_type_name":"word","page_number":68,"line_number":8,"text":"ﮝ","translation":{"text":"And whoever","language_name":"english","language_id":38},"transliteration":{"text":"waman","language_name":"english","language_id":38}},{"id":79904,"position":12,"audio_url":"wbw/003_145_013.mp3","qpc_uthmani_hafs":"يُرِدۡ","char_type_name":"word","page_number":68,"line_number":8,"text":"ﮞ","translation":{"text":"desires","language_name":"english","language_id":38},"transliteration":{"text":"yurid","language_name":"english","language_id":38}},{"id":79905,"position":13,"audio_url":"wbw/003_145_014.mp3","qpc_uthmani_hafs":"ثَوَابَ","char_type_name":"word","page_number":68,"line_number":9,"text":"ﮟ","translation":{"text":"reward","language_name":"english","language_id":38},"transliteration":{"text":"thawāba","language_name":"english","language_id":38}},{"id":79906,"position":14,"audio_url":"wbw/003_145_015.mp3","qpc_uthmani_hafs":"ٱلدُّنۡيَا","char_type_name":"word","page_number":68,"line_number":9,"text":"ﮠ","translation":{"text":"(of) the world ","language_name":"english","language_id":38},"transliteration":{"text":"l-dun'yā","language_name":"english","language_id":38}},{"id":79907,"position":15,"audio_url":"wbw/003_145_016.mp3","qpc_uthmani_hafs":"نُؤۡتِهِۦ","char_type_name":"word","page_number":68,"line_number":9,"text":"ﮡ","translation":{"text":"We will give him","language_name":"english","language_id":38},"transliteration":{"text":"nu'tihi","language_name":"english","language_id":38}},{"id":79908,"position":16,"audio_url":"wbw/003_145_017.mp3","qpc_uthmani_hafs":"مِنۡهَا","char_type_name":"word","page_number":68,"line_number":9,"text":"ﮢ","translation":{"text":"thereof","language_name":"english","language_id":38},"transliteration":{"text":"min'hā","language_name":"english","language_id":38}},{"id":79909,"position":17,"audio_url":"wbw/003_145_018.mp3","qpc_uthmani_hafs":"وَمَن","char_type_name":"word","page_number":68,"line_number":9,"text":"ﮣ","translation":{"text":"and whoever","language_name":"english","language_id":38},"transliteration":{"text":"waman","language_name":"english","language_id":38}},{"id":79910,"position":18,"audio_url":"wbw/003_145_019.mp3","qpc_uthmani_hafs":"يُرِدۡ","char_type_name":"word","page_number":68,"line_number":9,"text":"ﮤ","translation":{"text":"desires","language_name":"english","language_id":38},"transliteration":{"text":"yurid","language_name":"english","language_id":38}},{"id":79911,"position":19,"audio_url":"wbw/003_145_020.mp3","qpc_uthmani_hafs":"ثَوَابَ","char_type_name":"word","page_number":68,"line_number":9,"text":"ﮥ","translation":{"text":"reward","language_name":"english","language_id":38},"transliteration":{"text":"thawāba","language_name":"english","language_id":38}},{"id":79912,"position":20,"audio_url":"wbw/003_145_021.mp3","qpc_uthmani_hafs":"ٱلۡأٓخِرَةِ","char_type_name":"word","page_number":68,"line_number":9,"text":"ﮦ","translation":{"text":"(of) the Hereafter","language_name":"english","language_id":38},"transliteration":{"text":"l-ākhirati","language_name":"english","language_id":38}},{"id":79913,"position":21,"audio_url":"wbw/003_145_022.mp3","qpc_uthmani_hafs":"نُؤۡتِهِۦ","char_type_name":"word","page_number":68,"line_number":9,"text":"ﮧ","translation":{"text":"We will give him","language_name":"english","language_id":38},"transliteration":{"text":"nu'tihi","language_name":"english","language_id":38}},{"id":79914,"position":22,"audio_url":"wbw/003_145_023.mp3","qpc_uthmani_hafs":"مِنۡهَاۚ","char_type_name":"word","page_number":68,"line_number":10,"text":"ﮨﮩ","translation":{"text":"thereof","language_name":"english","language_id":38},"transliteration":{"text":"min'hā","language_name":"english","language_id":38}},{"id":79916,"position":23,"audio_url":"wbw/003_145_025.mp3","qpc_uthmani_hafs":"وَسَنَجۡزِي","char_type_name":"word","page_number":68,"line_number":10,"text":"ﮪ","translation":{"text":"And We will reward","language_name":"english","language_id":38},"transliteration":{"text":"wasanajzī","language_name":"english","language_id":38}},{"id":79917,"position":24,"audio_url":"wbw/003_145_026.mp3","qpc_uthmani_hafs":"ٱلشَّٰكِرِينَ","char_type_name":"word","page_number":68,"line_number":10,"text":"ﮫ","translation":{"text":"the grateful ones","language_name":"english","language_id":38},"transliteration":{"text":"l-shākirīna","language_name":"english","language_id":38}},{"id":79918,"position":25,"audio_url":null,"qpc_uthmani_hafs":"١٤٥","char_type_name":"end","page_number":68,"line_number":10,"text":"ﮬ","translation":{"text":"(145)","language_name":"english","language_id":38},"transliteration":{"text":null,"language_name":"english","language_id":38}}],"translations":[{"id":916867,"resource_id":134,"text":"Sesuatu yang bernyawa tidak akan mati melainkan dengan izin Allah, sebagai ketetapan yang telah ditentukan waktunya. Barang siapa menghendaki pahala dunia, niscaya Kami berikan kepadanya pahala dunia itu, dan barang siapa menghendaki pahala akhirat, Kami berikan (pula) kepadanya pahala akhirat. Dan kami akan memberi balasan kepada orang-orang yang bersyukur."}]},{"id":439,"verse_number":146,"verse_key":"3:146","juz_number":4,"hizb_number":7,"rub_el_hizb_number":27,"ruku_number":56,"manzil_number":1,"sajdah_number":null,"text_uthmani":"وَكَأَيِّن مِّن نَّبِىٍّ قَـٰتَلَ مَعَهُۥ رِبِّيُّونَ كَثِيرٌ فَمَا وَهَنُوا۟ لِمَآ أَصَابَهُمْ فِى سَبِيلِ ٱللَّهِ وَمَا ضَعُفُوا۟ وَمَا ٱسْتَكَانُوا۟ ۗ وَٱللَّهُ يُحِبُّ ٱلصَّـٰبِرِينَ","page_number":68,"words":[{"id":80021,"position":1,"audio_url":"wbw/003_146_001.mp3","qpc_uthmani_hafs":"وَكَأَيِّن","char_type_name":"word","page_number":68,"line_number":10,"text":"ﮭ","translation":{"text":"And how many","language_name":"english","language_id":38},"transliteration":{"text":"waka-ayyin","language_name":"english","language_id":38}},{"id":80022,"position":2,"audio_url":"wbw/003_146_002.mp3","qpc_uthmani_hafs":"مِّن","char_type_name":"word","page_number":68,"line_number":10,"text":"ﮮ","translation":{"text":"from","language_name":"english","language_id":38},"transliteration":{"text":"min","language_name":"english","language_id":38}},{"id":80023,"position":3,"audio_url":"wbw/003_146_003.mp3","qpc_uthmani_hafs":"نَّبِيّٖ","char_type_name":"word","page_number":68,"line_number":10,"text":"ﮯ","translation":{"text":"a Prophet","language_name":"english","language_id":38},"transliteration":{"text":"nabiyyin","language_name":"english","language_id":38}},{"id":80024,"position":4,"audio_url":"wbw/003_146_004.mp3","qpc_uthmani_hafs":"قَٰتَلَ","char_type_name":"word","page_number":68,"line_number":10,"text":"ﮰ","translation":{"text":"fought","language_name":"english","language_id":38},"transliteration":{"text":"qātala","language_name":"english","language_id":38}},{"id":80025,"position":5,"audio_url":"wbw/003_146_005.mp3","qpc_uthmani_hafs":"مَعَهُۥ","char_type_name":"word","page_number":68,"line_number":10,"text":"ﮱ","translation":{"text":"with him","language_name":"english","language_id":38},"transliteration":{"text":"maʿahu","language_name":"english","language_id":38}},{"id":80026,"position":6,"audio_url":"wbw/003_146_006.mp3","qpc_uthmani_hafs":"رِبِّيُّونَ","char_type_name":"word","page_number":68,"line_number":11,"text":"ﯓ","translation":{"text":"(were) religious scholars","language_name":"english","language_id":38},"transliteration":{"text":"ribbiyyūna","language_name":"english","language_id":38}},{"id":80027,"position":7,"audio_url":"wbw/003_146_007.mp3","qpc_uthmani_hafs":"كَثِيرٞ","char_type_name":"word","page_number":68,"line_number":11,"text":"ﯔ","translation":{"text":"many","language_name":"english","language_id":38},"transliteration":{"text":"kathīrun","language_name":"english","language_id":38}},{"id":80028,"position":8,"audio_url":"wbw/003_146_008.mp3","qpc_uthmani_hafs":"فَمَا","char_type_name":"word","page_number":68,"line_number":11,"text":"ﯕ","translation":{"text":"But not","language_name":"english","language_id":38},"transliteration":{"text":"famā","language_name":"english","language_id":38}},{"id":80029,"position":9,"audio_url":"wbw/003_146_009.mp3","qpc_uthmani_hafs":"وَهَنُواْ","char_type_name":"word","page_number":68,"line_number":11,"text":"ﯖ","translation":{"text":"they lost heart","language_name":"english","language_id":38},"transliteration":{"text":"wahanū","language_name":"english","language_id":38}},{"id":80030,"position":10,"audio_url":"wbw/003_146_010.mp3","qpc_uthmani_hafs":"لِمَآ","char_type_name":"word","page_number":68,"line_number":11,"text":"ﯗ","translation":{"text":"for what","language_name":"english","language_id":38},"transliteration":{"text":"limā","language_name":"english","language_id":38}},{"id":80031,"position":11,"audio_url":"wbw/003_146_011.mp3","qpc_uthmani_hafs":"أَصَابَهُمۡ","char_type_name":"word","page_number":68,"line_number":11,"text":"ﯘ","translation":{"text":"befell them","language_name":"english","language_id":38},"transliteration":{"text":"aṣābahum","language_name":"english","language_id":38}},{"id":80032,"position":12,"audio_url":"wbw/003_146_012.mp3","qpc_uthmani_hafs":"فِي","char_type_name":"word","page_number":68,"line_number":11,"text":"ﯙ","translation":{"text":"in","language_name":"english","language_id":38},"transliteration":{"text":"fī","language_name":"english","language_id":38}},{"id":80033,"position":13,"audio_url":"wbw/003_146_013.mp3","qpc_uthmani_hafs":"سَبِيلِ","char_type_name":"word","page_number":68,"line_number":11,"text":"ﯚ","translation":{"text":"(the) way","language_name":"english","language_id":38},"transliteration":{"text":"sabīli","language_name":"english","language_id":38}},{"id":80034,"position":14,"audio_url":"wbw/003_146_014.mp3","qpc_uthmani_hafs":"ٱللَّهِ","char_type_name":"word","page_number":68,"line_number":11,"text":"ﯛ","translation":{"text":"(of) Allah","language_name":"english","language_id":38},"transliteration":{"text":"l-lahi","language_name":"english","language_id":38}},{"id":80035,"position":15,"audio_url":"wbw/003_146_015.mp3","qpc_uthmani_hafs":"وَمَا","char_type_name":"word","page_number":68,"line_number":11,"text":"ﯜ","translation":{"text":"and not","language_name":"english","language_id":38},"transliteration":{"text":"wamā","language_name":"english","language_id":38}},{"id":80036,"position":16,"audio_url":"wbw/003_146_016.mp3","qpc_uthmani_hafs":"ضَعُفُواْ","char_type_name":"word","page_number":68,"line_number":11,"text":"ﯝ","translation":{"text":"they weakened","language_name":"english","language_id":38},"transliteration":{"text":"ḍaʿufū","language_name":"english","language_id":38}},{"id":80037,"position":17,"audio_url":"wbw/003_146_017.mp3","qpc_uthmani_hafs":"وَمَا","char_type_name":"word","page_number":68,"line_number":12,"text":"ﯞ","translation":{"text":"and not","language_name":"english","language_id":38},"transliteration":{"text":"wamā","language_name":"english","language_id":38}},{"id":80038,"position":18,"audio_url":"wbw/003_146_018.mp3","qpc_uthmani_hafs":"ٱسۡتَكَانُواْۗ","char_type_name":"word","page_number":68,"line_number":12,"text":"ﯟﯠ","translation":{"text":"they gave in","language_name":"english","language_id":38},"transliteration":{"text":"is'takānū","language_name":"english","language_id":38}},{"id":80040,"position":19,"audio_url":"wbw/003_146_020.mp3","qpc_uthmani_hafs":"وَٱللَّهُ","char_type_name":"word","page_number":68,"line_number":12,"text":"ﯡ","translation":{"text":"And Allah","language_name":"english","language_id":38},"transliteration":{"text":"wal-lahu","language_name":"english","language_id":38}},{"id":80041,"position":20,"audio_url":"wbw/003_146_021.mp3","qpc_uthmani_hafs":"يُحِبُّ","char_type_name":"word","page_number":68,"line_number":12,"text":"ﯢ","translation":{"text":"loves","language_name":"english","language_id":38},"transliteration":{"text":"yuḥibbu","language_name":"english","language_id":38}},{"id":80042,"position":21,"audio_url":"wbw/003_146_022.mp3","qpc_uthmani_hafs":"ٱلصَّٰبِرِينَ","char_type_name":"word","page_number":68,"line_number":12,"text":"ﯣ","translation":{"text":"the patient ones","language_name":"english","language_id":38},"transliteration":{"text":"l-ṣābirīna","language_name":"english","language_id":38}},{"id":80043,"position":22,"audio_url":null,"qpc_uthmani_hafs":"١٤٦","char_type_name":"end","page_number":68,"line_number":12,"text":"ﯤ","translation":{"text":"(146)","language_name":"english","language_id":38},"transliteration":{"text":null,"language_name":"english","language_id":38}}],"translations":[{"id":916868,"resource_id":134,"text":"Dan berapa banyaknya nabi yang berperang bersama-sama mereka sejumlah besar dari pengikut(nya) yang bertakwa.  Mereka tidak menjadi lemah karena bencana yang menimpa mereka di jalan Allah, dan tidak lesu dan tidak (pula) menyerah (kepada musuh). Allah menyukai orang-orang yang sabar."}]},{"id":440,"verse_number":147,"verse_key":"3:147","juz_number":4,"hizb_number":7,"rub_el_hizb_number":27,"ruku_number":56,"manzil_number":1,"sajdah_number":null,"text_uthmani":"وَمَا كَانَ قَوْلَهُمْ إِلَّآ أَن قَالُوا۟ رَبَّنَا ٱغْفِرْ لَنَا ذُنُوبَنَا وَإِسْرَافَنَا فِىٓ أَمْرِنَا وَثَبِّتْ أَقْدَامَنَا وَٱنصُرْنَا عَلَى ٱلْقَوْمِ ٱلْكَـٰفِرِينَ","page_number":68,"words":[{"id":80088,"position":1,"audio_url":"wbw/003_147_001.mp3","qpc_uthmani_hafs":"وَمَا","char_type_name":"word","page_number":68,"line_number":12,"text":"ﯥ","translation":{"text":"And not","language_name":"english","language_id":38},"transliteration":{"text":"wamā","language_name":"english","language_id":38}},{"id":80089,"position":2,"audio_url":"wbw/003_147_002.mp3","qpc_uthmani_hafs":"كَانَ","char_type_name":"word","page_number":68,"line_number":12,"text":"ﯦ","translation":{"text":"were","language_name":"english","language_id":38},"transliteration":{"text":"kāna","language_name":"english","language_id":38}},{"id":80090,"position":3,"audio_url":"wbw/003_147_003.mp3","qpc_uthmani_hafs":"قَوۡلَهُمۡ","char_type_name":"word","page_number":68,"line_number":12,"text":"ﯧ","translation":{"text":"their words","language_name":"english","language_id":38},"transliteration":{"text":"qawlahum","language_name":"english","language_id":38}},{"id":80091,"position":4,"audio_url":"wbw/003_147_004.mp3","qpc_uthmani_hafs":"إِلَّآ","char_type_name":"word","page_number":68,"line_number":13,"text":"ﯨ","translation":{"text":"except","language_name":"english","language_id":38},"transliteration":{"text":"illā","language_name":"english","language_id":38}},{"id":80092,"position":5,"audio_url":"wbw/003_147_005.mp3","qpc_uthmani_hafs":"أَن","char_type_name":"word","page_number":68,"line_number":13,"text":"ﯩ","translation":{"text":"that","language_name":"english","language_id":38},"transliteration":{"text":"an","language_name":"english","language_id":38}},{"id":80093,"position":6,"audio_url":"wbw/003_147_006.mp3","qpc_uthmani_hafs":"قَالُواْ","char_type_name":"word","page_number":68,"line_number":13,"text":"ﯪ","translation":{"text":"they said","language_name":"english","language_id":38},"transliteration":{"text":"qālū","language_name":"english","language_id":38}},{"id":80094,"position":7,"audio_url":"wbw/003_147_007.mp3","qpc_uthmani_hafs":"رَبَّنَا","char_type_name":"word","page_number":68,"line_number":13,"text":"ﯫ","translation":{"text":"Our Lord","language_name":"english","language_id":38},"transliteration":{"text":"rabbanā","language_name":"english","language_id":38}},{"id":80095,"position":8,"audio_url":"wbw/003_147_008.mp3","qpc_uthmani_hafs":"ٱغۡفِرۡ","char_type_name":"word","page_number":68,"line_number":13,"text":"ﯬ","translation":{"text":"forgive","language_name":"english","language_id":38},"transliteration":{"text":"igh'fir","language_name":"english","language_id":38}},{"id":80096,"position":9,"audio_url":"wbw/003_147_009.mp3","qpc_uthmani_hafs":"لَنَا","char_type_name":"word","page_number":68,"line_number":13,"text":"ﯭ","translation":{"text":"for us","language_name":"english","language_id":38},"transliteration":{"text":"lanā","language_name":"english","language_id":38}},{"id":80097,"position":10,"audio_url":"wbw/003_147_010.mp3","qpc_uthmani_hafs":"ذُنُوبَنَا","char_type_name":"word","page_number":68,"line_number":13,"text":"ﯮ","translation":{"text":"our sins","language_name":"english","language_id":38},"transliteration":{"text":"dhunūbanā","language_name":"english","language_id":38}},{"id":80098,"position":11,"audio_url":"wbw/003_147_011.mp3","qpc_uthmani_hafs":"وَإِسۡرَافَنَا","char_type_name":"word","page_number":68,"line_number":13,"text":"ﯯ","translation":{"text":"and our excesses","language_name":"english","language_id":38},"transliteration":{"text":"wa-is'rāfanā","language_name":"english","language_id":38}},{"id":80099,"position":12,"audio_url":"wbw/003_147_012.mp3","qpc_uthmani_hafs":"فِيٓ","char_type_name":"word","page_number":68,"line_number":13,"text":"ﯰ","translation":{"text":"in","language_name":"english","language_id":38},"transliteration":{"text":"fī","language_name":"english","language_id":38}},{"id":80100,"position":13,"audio_url":"wbw/003_147_013.mp3","qpc_uthmani_hafs":"أَمۡرِنَا","char_type_name":"word","page_number":68,"line_number":13,"text":"ﯱ","translation":{"text":"our affairs","language_name":"english","language_id":38},"transliteration":{"text":"amrinā","language_name":"english","language_id":38}},{"id":80101,"position":14,"audio_url":"wbw/003_147_014.mp3","qpc_uthmani_hafs":"وَثَبِّتۡ","char_type_name":"word","page_number":68,"line_number":13,"text":"ﯲ","translation":{"text":"and make firm","language_name":"english","language_id":38},"transliteration":{"text":"wathabbit","language_name":"english","language_id":38}},{"id":80102,"position":15,"audio_url":"wbw/003_147_015.mp3","qpc_uthmani_hafs":"أَقۡدَامَنَا","char_type_name":"word","page_number":68,"line_number":14,"text":"ﯳ","translation":{"text":"our feet","language_name":"english","language_id":38},"transliteration":{"text":"aqdāmanā","language_name":"english","language_id":38}},{"id":80103,"position":16,"audio_url":"wbw/003_147_016.mp3","qpc_uthmani_hafs":"وَٱنصُرۡنَا","char_type_name":"word","page_number":68,"line_number":14,"text":"ﯴ","translation":{"text":"and give us victory","language_name":"english","language_id":38},"transliteration":{"text":"wa-unṣur'nā","language_name":"english","language_id":38}},{"id":80104,"position":17,"audio_url":"wbw/003_147_017.mp3","qpc_uthmani_hafs":"عَلَى","char_type_name":"word","page_number":68,"line_number":14,"text":"ﯵ","translation":{"text":"over","language_name":"english","language_id":38},"transliteration":{"text":"ʿalā","language_name":"english","language_id":38}},{"id":80105,"position":18,"audio_url":"wbw/003_147_018.mp3","qpc_uthmani_hafs":"ٱلۡقَوۡمِ","char_type_name":"word","page_number":68,"line_number":14,"text":"ﯶ","translation":{"text":"[the people]","language_name":"english","language_id":38},"transliteration":{"text":"l-qawmi","language_name":"english","language_id":38}},{"id":80106,"position":19,"audio_url":"wbw/003_147_019.mp3","qpc_uthmani_hafs":"ٱلۡكَٰفِرِينَ","char_type_name":"word","page_number":68,"line_number":14,"text":"ﯷ","translation":{"text":"the disbelievers","language_name":"english","language_id":38},"transliteration":{"text":"l-kāfirīna","language_name":"english","language_id":38}},{"id":80107,"position":20,"audio_url":null,"qpc_uthmani_hafs":"١٤٧","char_type_name":"end","page_number":68,"line_number":14,"text":"ﯸ","translation":{"text":"(147)","language_name":"english","language_id":38},"transliteration":{"text":null,"language_name":"english","language_id":38}}],"translations":[{"id":916869,"resource_id":134,"text":"Tidak ada doa mereka selain ucapan, \"Ya Tuhan kami, ampunilah dosa-dosa kami dan tindakan-tindakan kami yang berlebih-lebihan dalam urusan kami<sup foot_note=210005>1</sup>, dan tetapkanlah pendirian kami, dan tolonglah kami terhadap kaum yang kafir\"."}]},{"id":441,"verse_number":148,"verse_key":"3:148","juz_number":4,"hizb_number":7,"rub_el_hizb_number":27,"ruku_number":56,"manzil_number":1,"sajdah_number":null,"text_uthmani":"فَـَٔاتَىٰهُمُ ٱللَّهُ ثَوَابَ ٱلدُّنْيَا وَحُسْنَ ثَوَابِ ٱلْـَٔاخِرَةِ ۗ وَٱللَّهُ يُحِبُّ ٱلْمُحْسِنِينَ","page_number":68,"words":[{"id":80167,"position":1,"audio_url":"wbw/003_148_001.mp3","qpc_uthmani_hafs":"فَـَٔاتَىٰهُمُ","char_type_name":"word","page_number":68,"line_number":14,"text":"ﯹ","translation":{"text":"So gave them","language_name":"english","language_id":38},"transliteration":{"text":"faātāhumu","language_name":"english","language_id":38}},{"id":80168,"position":2,"audio_url":"wbw/003_148_002.mp3","qpc_uthmani_hafs":"ٱللَّهُ","char_type_name":"word","page_number":68,"line_number":14,"text":"ﯺ","translation":{"text":"Allah","language_name":"english","language_id":38},"transliteration":{"text":"l-lahu","language_name":"english","language_id":38}},{"id":80169,"position":3,"audio_url":"wbw/003_148_003.mp3","qpc_uthmani_hafs":"ثَوَابَ","char_type_name":"word","page_number":68,"line_number":15,"text":"ﯻ","translation":{"text":"reward","language_name":"english","language_id":38},"transliteration":{"text":"thawāba","language_name":"english","language_id":38}},{"id":80170,"position":4,"audio_url":"wbw/003_148_004.mp3","qpc_uthmani_hafs":"ٱلدُّنۡيَا","char_type_name":"word","page_number":68,"line_number":15,"text":"ﯼ","translation":{"text":"(in) the world","language_name":"english","language_id":38},"transliteration":{"text":"l-dun'yā","language_name":"english","language_id":38}},{"id":80171,"position":5,"audio_url":"wbw/003_148_005.mp3","qpc_uthmani_hafs":"وَحُسۡنَ","char_type_name":"word","page_number":68,"line_number":15,"text":"ﯽ","translation":{"text":"and good","language_name":"english","language_id":38},"transliteration":{"text":"waḥus'na","language_name":"english","language_id":38}},{"id":80172,"position":6,"audio_url":"wbw/003_148_006.mp3","qpc_uthmani_hafs":"ثَوَابِ","char_type_name":"word","page_number":68,"line_number":15,"text":"ﯾ","translation":{"text":"reward","language_name":"english","language_id":38},"transliteration":{"text":"thawābi","language_name":"english","language_id":38}},{"id":80173,"position":7,"audio_url":"wbw/003_148_007.mp3","qpc_uthmani_hafs":"ٱلۡأٓخِرَةِۗ","char_type_name":"word","page_number":68,"line_number":15,"text":"ﯿﰀ","translation":{"text":"(in) the Hereafter","language_name":"english","language_id":38},"transliteration":{"text":"l-ākhirati","language_name":"english","language_id":38}},{"id":80175,"position":8,"audio_url":"wbw/003_148_009.mp3","qpc_uthmani_hafs":"وَٱللَّهُ","char_type_name":"word","page_number":68,"line_number":15,"text":"ﰁ","translation":{"text":"And Allah","language_name":"english","language_id":38},"transliteration":{"text":"wal-lahu","language_name":"english","language_id":38}},{"id":80176,"position":9,"audio_url":"wbw/003_148_010.mp3","qpc_uthmani_hafs":"يُحِبُّ","char_type_name":"word","page_number":68,"line_number":15,"text":"ﰂ","translation":{"text":"loves","language_name":"english","language_id":38},"transliteration":{"text":"yuḥibbu","language_name":"english","language_id":38}},{"id":80177,"position":10,"audio_url":"wbw/003_148_011.mp3","qpc_uthmani_hafs":"ٱلۡمُحۡسِنِينَ","char_type_name":"word","page_number":68,"line_number":15,"text":"ﰃ","translation":{"text":"the good-doers","language_name":"english","language_id":38},"transliteration":{"text":"l-muḥ'sinīna","language_name":"english","language_id":38}},{"id":80178,"position":11,"audio_url":null,"qpc_uthmani_hafs":"١٤٨","char_type_name":"end","page_number":68,"line_number":15,"text":"ﰄ","translation":{"text":"(148)","language_name":"english","language_id":38},"transliteration":{"text":null,"language_name":"english","language_id":38}}],"translations":[{"id":916870,"resource_id":134,"text":"Karena itu Allah memberikan kepada mereka pahala di dunia<sup foot_note=210006>1</sup> dan pahala yang baik di akhirat.  Dan Allah menyukai orang-orang yang berbuat kebaikan."}]}],"pagination":{"per_page":50,"current_page":1,"next_page":null,"total_pages":1,"total_records":8}}