{"verses":[{"id":442,"verse_number":149,"verse_key":"3:149","juz_number":4,"hizb_number":7,"rub_el_hizb_number":27,"ruku_number":57,"manzil_number":1,"sajdah_number":null,"text_uthmani":"يَـٰٓأَيُّهَا ٱلَّذِينَ ءَامَنُوٓا۟ إِن تُطِيعُوا۟ ٱلَّذِينَ كَفَرُوا۟ يَرُدُّوكُمْ عَلَىٰٓ أَعْقَـٰبِكُمْ فَتَنقَلِبُوا۟ خَـٰسِرِينَ","page_number":69,"words":[{"id":80270,"position":1,"audio_url":"wbw/003_149_001.mp3","qpc_uthmani_hafs":"يَٰٓأَيُّهَا","char_type_name":"word","page_number":69,"line_number":1,"text":"ﭑ","translation":{"text":"O you","language_name":"english","language_id":38},"transliteration":{"text":"yāayyuhā","language_name":"english","language_id":38}},{"id":80271,"position":2,"audio_url":"wbw/003_149_002.mp3","qpc_uthmani_hafs":"ٱلَّذِينَ","char_type_name":"word","page_number":69,"line_number":1,"text":"ﭒ","translation":{"text":"who","language_name":"english","language_id":38},"transliteration":{"text":"alladhīna","language_name":"english","language_id":38}},{"id":80272,"position":3,"audio_url":"wbw/003_149_003.mp3","qpc_uthmani_hafs":"ءَامَنُوٓاْ","char_type_name":"word","page_number":69,"line_number":1,"text":"ﭓ","translation":{"text":"believe","language_name":"english","language_id":38},"transliteration":{"text":"āmanū","language_name":"english","language_id":38}},{"id":80273,"position":4,"audio_url":"wbw/003_149_004.mp3","qpc_uthmani_hafs":"إِن","char_type_name":"word","page_number":69,"line_number":1,"text":"ﭔ","translation":{"text":"If","language_name":"english","language_id":38},"transliteration":{"text":"in","language_name":"english","language_id":38}},{"id":80274,"position":5,"audio_url":"wbw/003_149_005.mp3","qpc_uthmani_hafs":"تُطِيعُواْ","char_type_name":"word","page_number":69,"line_number":1,"text":"ﭕ","translation":{"text":"you obey","language_name":"english","language_id":38},"transliteration":{"text":"tuṭīʿū","language_name":"english","language_id":38}},{"id":80275,"position":6,"audio_url":"wbw/003_149_006.mp3","qpc_uthmani_hafs":"ٱلَّذِينَ","char_type_name":"word","page_number":69,"line_number":1,"text":"ﭖ","translation":{"text":"those who","language_name":"english","language_id":38},"transliteration":{"text":"alladhīna","language_name":"english","language_id":38}},{"id":80276,"position":7,"audio_url":"wbw/003_149_007.mp3","qpc_uthmani_hafs":"كَفَرُواْ","char_type_name":"word","page_number":69,"line_number":1,"text":"ﭗ","translation":{"text":"disbelieve","language_name":"english","language_id":38},"transliteration":{"text":"kafarū","language_name":"english","language_id":38}},{"id":80277,"position":8,"audio_url":"wbw/003_149_008.mp3","qpc_uthmani_hafs":"يَرُدُّوكُمۡ","char_type_name":"word","page_number":69,"line_number":2,"text":"ﭘ","translation":{"text":"they will turn you back","language_name":"english","language_id":38},"transliteration":{"text":"yaruddūkum","language_name":"english","language_id":38}},{"id":80278,"position":9,"audio_url":"wbw/003_149_009.mp3","qpc_uthmani_hafs":"عَلَىٰٓ","char_type_name":"word","page_number":69,"line_number":2,"text":"ﭙ","translation":{"text":"on","language_name":"english","language_id":38},"transliteration":{"text":"ʿalā","language_name":"english","language_id":38}},{"id":80279,"position":10,"audio_url":"wbw/003_149_010.mp3","qpc_uthmani_hafs":"أَعۡقَٰبِكُمۡ","char_type_name":"word","page_number":69,"line_number":2,"text":"ﭚ","translation":{"text":"your heels","language_name":"english","language_id":38},"transliteration":{"text":"aʿqābikum","language_name":"english","language_id":38}},{"id":80280,"position":11,"audio_url":"wbw/003_149_011.mp3","qpc_uthmani_hafs":"فَتَنقَلِبُواْ","char_type_name":"word","page_number":69,"line_number":2,"text":"ﭛ","translation":{"text":"then you will turn back","language_name":"english","language_id":38},"transliteration":{"text":"fatanqalibū","language_name":"english","language_id":38}},{"id":80281,"position":12,"audio_url":"wbw/003_149_012.mp3","qpc_uthmani_hafs":"خَٰسِرِينَ","char_type_name":"word","page_number":69,"line_number":2,"text":"ﭜ","translation":{"text":"(as) losers","language_name":"english","language_id":38},"transliteration":{"text":"khāsirīna","language_name":"english","language_id":38}},{"id":80282,"position":13,"audio_url":null,"qpc_uthmani_hafs":"١٤٩","char_type_name":"end","page_number":69,"line_number":2,"text":"ﭝ","translation":{"text":"(149)","language_name":"english","language_id":38},"transliteration":{"text":null,"language_name":"english","language_id":38}}],"translations":[{"id":916871,"resource_id":134,"text":"Hai orang-orang yang beriman, jika kamu mentaati orang-orang yang kafir itu, niscaya mereka mengembalikan kamu ke belakang (kepada kekafiran), lalu jadilah kamu orang-orang yang rugi."}]},{"id":443,"verse_number":150,"verse_key":"3:150","juz_number":4,"hizb_number":7,"rub_el_hizb_number":27,"ruku_number":57,"manzil_number":1,"sajdah_number":null,"text_uthmani":"بَلِ ٱللَّهُ مَوْلَىٰكُمْ ۖ وَهُوَ خَيْرُ ٱلنَّـٰصِرِينَ","page_number":69,"words":[{"id":80426,"position":1,"audio_url":"wbw/003_150_001.mp3","qpc_uthmani_hafs":"بَلِ","char_type_name":"word","page_number":69,"line_number":3,"text":"ﭞ","translation":{"text":"Nay","language_name":"english","language_id":38},"transliteration":{"text":"bali","language_name":"english","language_id":38}},{"id":80427,"position":2,"audio_url":"wbw/003_150_002.mp3","qpc_uthmani_hafs":"ٱللَّهُ","char_type_name":"word","page_number":69,"line_number":3,"text":"ﭟ","translation":{"text":"Allah","language_name":"english","language_id":38},"transliteration":{"text":"l-lahu","language_name":"english","language_id":38}},{"id":80428,"position":3,"audio_url":"wbw/003_150_003.mp3","qpc_uthmani_hafs":"مَوۡلَىٰكُمۡۖ","char_type_name":"word","page_number":69,"line_number":3,"text":"ﭠﭡ","translation":{"text":"(is) your Protector","language_name":"english","language_id":38},"transliteration":{"text":"mawlākum","language_name":"english","language_id":38}},{"id":80430,"position":4,"audio_url":"wbw/003_150_005.mp3","qpc_uthmani_hafs":"وَهُوَ","char_type_name":"word","page_number":69,"line_number":3,"text":"ﭢ","translation":{"text":"and He","language_name":"english","language_id":38},"transliteration":{"text":"wahuwa","language_name":"english","language_id":38}},{"id":80431,"position":5,"audio_url":"wbw/003_150_006.mp3","qpc_uthmani_hafs":"خَيۡرُ","char_type_name":"word","page_number":69,"line_number":3,"text":"ﭣ","translation":{"text":"(is the) best","language_name":"english","language_id":38},"transliteration":{"text":"khayru","language_name":"english","language_id":38}},{"id":80432,"position":6,"audio_url":"wbw/003_150_007.mp3","qpc_uthmani_hafs":"ٱلنَّٰصِرِينَ","char_type_name":"word","page_number":69,"line_number":3,"text":"ﭤ","translation":{"text":"(of) the Helpers","language_name":"english","language_id":38},"transliteration":{"text":"l-nāṣirīna","language_name":"english","language_id":38}},{"id":80433,"position":7,"audio_url":null,"qpc_uthmani_hafs":"١٥٠","char_type_name":"end","page_number":69,"line_number":3,"text":"ﭥ","translation":{"text":"(150)","language_name":"english","language_id":38},"transliteration":{"text":null,"language_name":"english","language_id":38}}],"translations":[{"id":916872,"resource_id":134,"text":"Tetapi (ikutilah Allah), Allah-lah Pelindungmu, dan Dia-lah sebaik-baik Penolong."}]},{"id":444,"verse_number":151,"verse_key":"3:151","juz_number":4,"hizb_number":7,"rub_el_hizb_number":27,"ruku_number":57,"manzil_number":1,"sajdah_number":null,"text_uthmani":"سَنُلْقِى فِى قُلُوبِ ٱلَّذِينَ كَفَرُوا۟ ٱلرُّعْبَ بِمَآ أَشْرَكُوا۟ بِٱللَّهِ مَا لَمْ يُنَزِّلْ بِهِۦ سُلْطَـٰنًا ۖ وَمَأْوَىٰهُمُ ٱلنَّارُ ۚ وَبِئْسَ مَثْوَى ٱلظَّـٰلِمِينَ","page_number":69,"words":[{"id":80582,"position":1,"audio_url":"wbw/003_151_001.mp3","qpc_uthmani_hafs":"سَنُلۡقِي","char_type_name":"word","page_number":69,"line_number":3,"text":"ﭦ","translation":{"text":"We will cast","language_name":"english","language_id":38},"transliteration":{"text":"sanul'qī","language_name":"english","language_id":38}},{"id":80583,"position":2,"audio_url":"wbw/003_151_002.mp3","qpc_uthmani_hafs":"فِي","char_type_name":"word","page_number":69,"line_number":4,"text":"ﭧ","translation":{"text":"in","language_name":"english","language_id":38},"transliteration":{"text":"fī","language_name":"english","language_id":38}},{"id":80584,"position":3,"audio_url":"wbw/003_151_003.mp3","qpc_uthmani_hafs":"قُلُوبِ","char_type_name":"word","page_number":69,"line_number":4,"text":"ﭨ","translation":{"text":"(the) hearts","language_name":"english","language_id":38},"transliteration":{"text":"qulūbi","language_name":"english","language_id":38}},{"id":80585,"position":4,"audio_url":"wbw/003_151_004.mp3","qpc_uthmani_hafs":"ٱلَّذِينَ","char_type_name":"word","page_number":69,"line_number":4,"text":"ﭩ","translation":{"text":"(of) those who","language_name":"english","language_id":38},"transliteration":{"text":"alladhīna","language_name":"english","language_id":38}},{"id":80586,"position":5,"audio_url":"wbw/003_151_005.mp3","qpc_uthmani_hafs":"كَفَرُواْ","char_type_name":"word","page_number":69,"line_number":4,"text":"ﭪ","translation":{"text":"disbelieve","language_name":"english","language_id":38},"transliteration":{"text":"kafarū","language_name":"english","language_id":38}},{"id":80587,"position":6,"audio_url":"wbw/003_151_006.mp3","qpc_uthmani_hafs":"ٱلرُّعۡبَ","char_type_name":"word","page_number":69,"line_number":4,"text":"ﭫ","translation":{"text":"[the] terror","language_name":"english","language_id":38},"transliteration":{"text":"l-ruʿ'ba","language_name":"english","language_id":38}},{"id":80588,"position":7,"audio_url":"wbw/003_151_007.mp3","qpc_uthmani_hafs":"بِمَآ","char_type_name":"word","page_number":69,"line_number":4,"text":"ﭬ","translation":{"text":"because","language_name":"english","language_id":38},"transliteration":{"text":"bimā","language_name":"english","language_id":38}},{"id":80589,"position":8,"audio_url":"wbw/003_151_008.mp3","qpc_uthmani_hafs":"أَشۡرَكُواْ","char_type_name":"word","page_number":69,"line_number":4,"text":"ﭭ","translation":{"text":"they associated partners","language_name":"english","language_id":38},"transliteration":{"text":"ashrakū","language_name":"english","language_id":38}},{"id":80590,"position":9,"audio_url":"wbw/003_151_009.mp3","qpc_uthmani_hafs":"بِٱللَّهِ","char_type_name":"word","page_number":69,"line_number":4,"text":"ﭮ","translation":{"text":"with Allah","language_name":"english","language_id":38},"transliteration":{"text":"bil-lahi","language_name":"english","language_id":38}},{"id":80591,"position":10,"audio_url":"wbw/003_151_010.mp3","qpc_uthmani_hafs":"مَا","char_type_name":"word","page_number":69,"line_number":5,"text":"ﭯ","translation":{"text":"what","language_name":"english","language_id":38},"transliteration":{"text":"mā","language_name":"english","language_id":38}},{"id":80592,"position":11,"audio_url":"wbw/003_151_011.mp3","qpc_uthmani_hafs":"لَمۡ","char_type_name":"word","page_number":69,"line_number":5,"text":"ﭰ","translation":{"text":"not","language_name":"english","language_id":38},"transliteration":{"text":"lam","language_name":"english","language_id":38}},{"id":80593,"position":12,"audio_url":"wbw/003_151_012.mp3","qpc_uthmani_hafs":"يُنَزِّلۡ","char_type_name":"word","page_number":69,"line_number":5,"text":"ﭱ","translation":{"text":"He sent down","language_name":"english","language_id":38},"transliteration":{"text":"yunazzil","language_name":"english","language_id":38}},{"id":80594,"position":13,"audio_url":"wbw/003_151_013.mp3","qpc_uthmani_hafs":"بِهِۦ","char_type_name":"word","page_number":69,"line_number":5,"text":"ﭲ","translation":{"text":"about it","language_name":"english","language_id":38},"transliteration":{"text":"bihi","language_name":"english","language_id":38}},{"id":80595,"position":14,"audio_url":"wbw/003_151_014.mp3","qpc_uthmani_hafs":"سُلۡطَٰنٗاۖ","char_type_name":"word","page_number":69,"line_number":5,"text":"ﭳﭴ","translation":{"text":"any authority","language_name":"english","language_id":38},"transliteration":{"text":"sul'ṭānan","language_name":"english","language_id":38}},{"id":80597,"position":15,"audio_url":"wbw/003_151_016.mp3","qpc_uthmani_hafs":"وَمَأۡوَىٰهُمُ","char_type_name":"word","page_number":69,"line_number":5,"text":"ﭵ","translation":{"text":"and their refuge","language_name":"english","language_id":38},"transliteration":{"text":"wamawāhumu","language_name":"english","language_id":38}},{"id":80598,"position":16,"audio_url":"wbw/003_151_017.mp3","qpc_uthmani_hafs":"ٱلنَّارُۖ","char_type_name":"word","page_number":69,"line_number":5,"text":"ﭶﭷ","translation":{"text":"(will be) the Fire","language_name":"english","language_id":38},"transliteration":{"text":"l-nāru","language_name":"english","language_id":38}},{"id":80600,"position":17,"audio_url":"wbw/003_151_019.mp3","qpc_uthmani_hafs":"وَبِئۡسَ","char_type_name":"word","page_number":69,"line_number":5,"text":"ﭸ","translation":{"text":"and wretched","language_name":"english","language_id":38},"transliteration":{"text":"wabi'sa","language_name":"english","language_id":38}},{"id":80601,"position":18,"audio_url":"wbw/003_151_020.mp3","qpc_uthmani_hafs":"مَثۡوَى","char_type_name":"word","page_number":69,"line_number":6,"text":"ﭹ","translation":{"text":"(is the) abode","language_name":"english","language_id":38},"transliteration":{"text":"mathwā","language_name":"english","language_id":38}},{"id":80602,"position":19,"audio_url":"wbw/003_151_021.mp3","qpc_uthmani_hafs":"ٱلظَّٰلِمِينَ","char_type_name":"word","page_number":69,"line_number":6,"text":"ﭺ","translation":{"text":"[of] the wrongdoers","language_name":"english","language_id":38},"transliteration":{"text":"l-ẓālimīna","language_name":"english","language_id":38}},{"id":80603,"position":20,"audio_url":null,"qpc_uthmani_hafs":"١٥١","char_type_name":"end","page_number":69,"line_number":6,"text":"ﭻ","translation":{"text":"(151)","language_name":"english","language_id":38},"transliteration":{"text":null,"language_name":"english","language_id":38}}],"translations":[{"id":916873,"resource_id":134,"text":"Akan Kami masukkan ke dalam hati orang-orang kafir rasa takut, disebabkan mereka mempersekutukan Allah dengan sesuatu yang Allah sendiri tidak menurunkan keterangan tentang itu.  Tempat kembali mereka ialah neraka; dan itulah seburuk-buruk tempat tinggal orang-orang yang zalim."}]},{"id":445,"verse_number":152,"verse_key":"3:152","juz_number":4,"hizb_number":7,"rub_el_hizb_number":27,"ruku_number":57,"manzil_number":1,"sajdah_number":null,"text_uthmani":"وَلَقَدْ صَدَقَكُمُ ٱللَّهُ وَعْدَهُۥٓ إِذْ تَحُسُّونَهُم بِإِذْنِهِۦ ۖ حَتَّىٰٓ إِذَا فَشِلْتُمْ وَتَنَـٰزَعْتُمْ فِى ٱلْأَمْرِ وَعَصَيْتُم مِّنۢ بَعْدِ مَآ أَرَىٰكُم مَّا تُحِبُّونَ ۚ مِنكُم مَّن يُرِيدُ ٱلدُّنْيَا وَمِنكُم مَّن يُرِيدُ ٱلْـَٔاخِرَةَ ۚ ثُمَّ صَرَفَكُمْ عَنْهُمْ لِيَبْتَلِيَكُمْ ۖ وَلَقَدْ عَفَا عَنكُمْ ۗ وَٱللَّهُ ذُو فَضْلٍ عَلَى ٱلْمُؤْمِنِينَ","page_number":69,"words":[{"id":80670,"position":1,"audio_url":"wbw/003_152_001.mp3","qpc_uthmani_hafs":"وَلَقَدۡ","char_type_name":"word","page_number":69,"line_number":6,"text":"ﭼ","translation":{"text":"And certainly","language_name":"english","language_id":38},"transliteration":{"text":"walaqad","language_name":"english","language_id":38}},{"id":80671,"position":2,"audio_url":"wbw/003_152_002.mp3","qpc_uthmani_hafs":"صَدَقَكُمُ","char_type_name":"word","page_number":69,"line_number":6,"text":"ﭽ","translation":{"text":"fulfilled to you","language_name":"english","language_id":38},"transliteration":{"text":"ṣadaqakumu","language_name":"english","language_id":38}},{"id":80672,"position":3,"audio_url":"wbw/003_152_003.mp3","qpc_uthmani_hafs":"ٱللَّهُ","char_type_name":"word","page_number":69,"line_number":6,"text":"ﭾ","translation":{"text":"Allah","language_name":"english","language_id":38},"transliteration":{"text":"l-lahu","language_name":"english","language_id":38}},{"id":80673,"position":4,"audio_url":"wbw/003_152_004.mp3","qpc_uthmani_hafs":"وَعۡدَهُۥٓ","char_type_name":"word","page_number":69,"line_number":7,"text":"ﭿ","translation":{"text":"His promise","language_name":"english","language_id":38},"transliteration":{"text":"waʿdahu","language_name":"english","language_id":38}},{"id":80674,"position":5,"audio_url":"wbw/003_152_005.mp3","qpc_uthmani_hafs":"إِذۡ","char_type_name":"word","page_number":69,"line_number":7,"text":"ﮀ","translation":{"text":"when","language_name":"english","language_id":38},"transliteration":{"text":"idh","language_name":"english","language_id":38}},{"id":80675,"position":6,"audio_url":"wbw/003_152_006.mp3","qpc_uthmani_hafs":"تَحُسُّونَهُم","char_type_name":"word","page_number":69,"line_number":7,"text":"ﮁ","translation":{"text":"you were killing them","language_name":"english","language_id":38},"transliteration":{"text":"taḥussūnahum","language_name":"english","language_id":38}},{"id":80676,"position":7,"audio_url":"wbw/003_152_007.mp3","qpc_uthmani_hafs":"بِإِذۡنِهِۦۖ","char_type_name":"word","page_number":69,"line_number":7,"text":"ﮂﮃ","translation":{"text":"by His permission","language_name":"english","language_id":38},"transliteration":{"text":"bi-idh'nihi","language_name":"english","language_id":38}},{"id":80678,"position":8,"audio_url":"wbw/003_152_009.mp3","qpc_uthmani_hafs":"حَتَّىٰٓ","char_type_name":"word","page_number":69,"line_number":7,"text":"ﮄ","translation":{"text":"until","language_name":"english","language_id":38},"transliteration":{"text":"ḥattā","language_name":"english","language_id":38}},{"id":80679,"position":9,"audio_url":"wbw/003_152_010.mp3","qpc_uthmani_hafs":"إِذَا","char_type_name":"word","page_number":69,"line_number":7,"text":"ﮅ","translation":{"text":"when","language_name":"english","language_id":38},"transliteration":{"text":"idhā","language_name":"english","language_id":38}},{"id":80680,"position":10,"audio_url":"wbw/003_152_011.mp3","qpc_uthmani_hafs":"فَشِلۡتُمۡ","char_type_name":"word","page_number":69,"line_number":7,"text":"ﮆ","translation":{"text":"you lost courage","language_name":"english","language_id":38},"transliteration":{"text":"fashil'tum","language_name":"english","language_id":38}},{"id":80681,"position":11,"audio_url":"wbw/003_152_012.mp3","qpc_uthmani_hafs":"وَتَنَٰزَعۡتُمۡ","char_type_name":"word","page_number":69,"line_number":8,"text":"ﮇ","translation":{"text":"and you fell into dispute","language_name":"english","language_id":38},"transliteration":{"text":"watanāzaʿtum","language_name":"english","language_id":38}},{"id":80682,"position":12,"audio_url":"wbw/003_152_013.mp3","qpc_uthmani_hafs":"فِي","char_type_name":"word","page_number":69,"line_number":8,"text":"ﮈ","translation":{"text":"concerning","language_name":"english","language_id":38},"transliteration":{"text":"fī","language_name":"english","language_id":38}},{"id":80683,"position":13,"audio_url":"wbw/003_152_014.mp3","qpc_uthmani_hafs":"ٱلۡأَمۡرِ","char_type_name":"word","page_number":69,"line_number":8,"text":"ﮉ","translation":{"text":"the order","language_name":"english","language_id":38},"transliteration":{"text":"l-amri","language_name":"english","language_id":38}},{"id":80684,"position":14,"audio_url":"wbw/003_152_015.mp3","qpc_uthmani_hafs":"وَعَصَيۡتُم","char_type_name":"word","page_number":69,"line_number":8,"text":"ﮊ","translation":{"text":"and you disobeyed","language_name":"english","language_id":38},"transliteration":{"text":"waʿaṣaytum","language_name":"english","language_id":38}},{"id":80685,"position":15,"audio_url":"wbw/003_152_016.mp3","qpc_uthmani_hafs":"مِّنۢ","char_type_name":"word","page_number":69,"line_number":8,"text":"ﮋ","translation":{"text":"from","language_name":"english","language_id":38},"transliteration":{"text":"min","language_name":"english","language_id":38}},{"id":80686,"position":16,"audio_url":"wbw/003_152_017.mp3","qpc_uthmani_hafs":"بَعۡدِ","char_type_name":"word","page_number":69,"line_number":8,"text":"ﮌ","translation":{"text":"after","language_name":"english","language_id":38},"transliteration":{"text":"baʿdi","language_name":"english","language_id":38}},{"id":80687,"position":17,"audio_url":"wbw/003_152_018.mp3","qpc_uthmani_hafs":"مَآ","char_type_name":"word","page_number":69,"line_number":8,"text":"ﮍ","translation":{"text":"[what]","language_name":"english","language_id":38},"transliteration":{"text":"mā","language_name":"english","language_id":38}},{"id":80688,"position":18,"audio_url":"wbw/003_152_019.mp3","qpc_uthmani_hafs":"أَرَىٰكُم","char_type_name":"word","page_number":69,"line_number":8,"text":"ﮎ","translation":{"text":"He (had) shown you","language_name":"english","language_id":38},"transliteration":{"text":"arākum","language_name":"english","language_id":38}},{"id":80689,"position":19,"audio_url":"wbw/003_152_020.mp3","qpc_uthmani_hafs":"مَّا","char_type_name":"word","page_number":69,"line_number":9,"text":"ﮏ","translation":{"text":"what","language_name":"english","language_id":38},"transliteration":{"text":"mā","language_name":"english","language_id":38}},{"id":80690,"position":20,"audio_url":"wbw/003_152_021.mp3","qpc_uthmani_hafs":"تُحِبُّونَۚ","char_type_name":"word","page_number":69,"line_number":9,"text":"ﮐﮑ","translation":{"text":"you love","language_name":"english","language_id":38},"transliteration":{"text":"tuḥibbūna","language_name":"english","language_id":38}},{"id":80692,"position":21,"audio_url":"wbw/003_152_023.mp3","qpc_uthmani_hafs":"مِنكُم","char_type_name":"word","page_number":69,"line_number":9,"text":"ﮒ","translation":{"text":"Among you","language_name":"english","language_id":38},"transliteration":{"text":"minkum","language_name":"english","language_id":38}},{"id":80693,"position":22,"audio_url":"wbw/003_152_024.mp3","qpc_uthmani_hafs":"مَّن","char_type_name":"word","page_number":69,"line_number":9,"text":"ﮓ","translation":{"text":"(are some) who","language_name":"english","language_id":38},"transliteration":{"text":"man","language_name":"english","language_id":38}},{"id":80694,"position":23,"audio_url":"wbw/003_152_025.mp3","qpc_uthmani_hafs":"يُرِيدُ","char_type_name":"word","page_number":69,"line_number":9,"text":"ﮔ","translation":{"text":"desire","language_name":"english","language_id":38},"transliteration":{"text":"yurīdu","language_name":"english","language_id":38}},{"id":80695,"position":24,"audio_url":"wbw/003_152_026.mp3","qpc_uthmani_hafs":"ٱلدُّنۡيَا","char_type_name":"word","page_number":69,"line_number":9,"text":"ﮕ","translation":{"text":"the world","language_name":"english","language_id":38},"transliteration":{"text":"l-dun'yā","language_name":"english","language_id":38}},{"id":80696,"position":25,"audio_url":"wbw/003_152_027.mp3","qpc_uthmani_hafs":"وَمِنكُم","char_type_name":"word","page_number":69,"line_number":9,"text":"ﮖ","translation":{"text":"and among you","language_name":"english","language_id":38},"transliteration":{"text":"waminkum","language_name":"english","language_id":38}},{"id":80697,"position":26,"audio_url":"wbw/003_152_028.mp3","qpc_uthmani_hafs":"مَّن","char_type_name":"word","page_number":69,"line_number":10,"text":"ﮗ","translation":{"text":"(are some) who","language_name":"english","language_id":38},"transliteration":{"text":"man","language_name":"english","language_id":38}},{"id":80698,"position":27,"audio_url":"wbw/003_152_029.mp3","qpc_uthmani_hafs":"يُرِيدُ","char_type_name":"word","page_number":69,"line_number":10,"text":"ﮘ","translation":{"text":"desire","language_name":"english","language_id":38},"transliteration":{"text":"yurīdu","language_name":"english","language_id":38}},{"id":80699,"position":28,"audio_url":"wbw/003_152_030.mp3","qpc_uthmani_hafs":"ٱلۡأٓخِرَةَۚ","char_type_name":"word","page_number":69,"line_number":10,"text":"ﮙﮚ","translation":{"text":"the Hereafter","language_name":"english","language_id":38},"transliteration":{"text":"l-ākhirata","language_name":"english","language_id":38}},{"id":80701,"position":29,"audio_url":"wbw/003_152_032.mp3","qpc_uthmani_hafs":"ثُمَّ","char_type_name":"word","page_number":69,"line_number":10,"text":"ﮛ","translation":{"text":"Then","language_name":"english","language_id":38},"transliteration":{"text":"thumma","language_name":"english","language_id":38}},{"id":80702,"position":30,"audio_url":"wbw/003_152_033.mp3","qpc_uthmani_hafs":"صَرَفَكُمۡ","char_type_name":"word","page_number":69,"line_number":10,"text":"ﮜ","translation":{"text":"He diverted you","language_name":"english","language_id":38},"transliteration":{"text":"ṣarafakum","language_name":"english","language_id":38}},{"id":80703,"position":31,"audio_url":"wbw/003_152_034.mp3","qpc_uthmani_hafs":"عَنۡهُمۡ","char_type_name":"word","page_number":69,"line_number":10,"text":"ﮝ","translation":{"text":"from them","language_name":"english","language_id":38},"transliteration":{"text":"ʿanhum","language_name":"english","language_id":38}},{"id":80704,"position":32,"audio_url":"wbw/003_152_035.mp3","qpc_uthmani_hafs":"لِيَبۡتَلِيَكُمۡۖ","char_type_name":"word","page_number":69,"line_number":10,"text":"ﮞﮟ","translation":{"text":"so that He may test you","language_name":"english","language_id":38},"transliteration":{"text":"liyabtaliyakum","language_name":"english","language_id":38}},{"id":80706,"position":33,"audio_url":"wbw/003_152_037.mp3","qpc_uthmani_hafs":"وَلَقَدۡ","char_type_name":"word","page_number":69,"line_number":11,"text":"ﮠ","translation":{"text":"And surely","language_name":"english","language_id":38},"transliteration":{"text":"walaqad","language_name":"english","language_id":38}},{"id":80707,"position":34,"audio_url":"wbw/003_152_038.mp3","qpc_uthmani_hafs":"عَفَا","char_type_name":"word","page_number":69,"line_number":11,"text":"ﮡ","translation":{"text":"He forgave","language_name":"english","language_id":38},"transliteration":{"text":"ʿafā","language_name":"english","language_id":38}},{"id":80708,"position":35,"audio_url":"wbw/003_152_039.mp3","qpc_uthmani_hafs":"عَنكُمۡۗ","char_type_name":"word","page_number":69,"line_number":11,"text":"ﮢﮣ","translation":{"text":"you","language_name":"english","language_id":38},"transliteration":{"text":"ʿankum","language_name":"english","language_id":38}},{"id":80710,"position":36,"audio_url":"wbw/003_152_041.mp3","qpc_uthmani_hafs":"وَٱللَّهُ","char_type_name":"word","page_number":69,"line_number":11,"text":"ﮤ","translation":{"text":"And Allah","language_name":"english","language_id":38},"transliteration":{"text":"wal-lahu","language_name":"english","language_id":38}},{"id":80711,"position":37,"audio_url":"wbw/003_152_042.mp3","qpc_uthmani_hafs":"ذُو","char_type_name":"word","page_number":69,"line_number":11,"text":"ﮥ","translation":{"text":"(is the) Possessor","language_name":"english","language_id":38},"transliteration":{"text":"dhū","language_name":"english","language_id":38}},{"id":80712,"position":38,"audio_url":"wbw/003_152_043.mp3","qpc_uthmani_hafs":"فَضۡلٍ","char_type_name":"word","page_number":69,"line_number":11,"text":"ﮦ","translation":{"text":"(of) Bounty","language_name":"english","language_id":38},"transliteration":{"text":"faḍlin","language_name":"english","language_id":38}},{"id":80713,"position":39,"audio_url":"wbw/003_152_044.mp3","qpc_uthmani_hafs":"عَلَى","char_type_name":"word","page_number":69,"line_number":11,"text":"ﮧ","translation":{"text":"for","language_name":"english","language_id":38},"transliteration":{"text":"ʿalā","language_name":"english","language_id":38}},{"id":80714,"position":40,"audio_url":"wbw/003_152_045.mp3","qpc_uthmani_hafs":"ٱلۡمُؤۡمِنِينَ","char_type_name":"word","page_number":69,"line_number":11,"text":"ﮨ","translation":{"text":"the believers","language_name":"english","language_id":38},"transliteration":{"text":"l-mu'minīna","language_name":"english","language_id":38}},{"id":80715,"position":41,"audio_url":null,"qpc_uthmani_hafs":"١٥٢","char_type_name":"end","page_number":69,"line_number":12,"text":"ﮩ","translation":{"text":"(152)","language_name":"english","language_id":38},"transliteration":{"text":null,"language_name":"english","language_id":38}}],"translations":[{"id":916874,"resource_id":134,"text":"Dan sesungguhnya Allah telah memenuhi janji-Nya kepada kamu, ketika kamu membunuh mereka dengan izin-Nya sampai pada saat kamu lemah dan berselisih dalam urusan itu<sup foot_note=210007>1</sup> dan mendurhakai perintah (rasul) sesudah Allah memperlihatkan kepadamu apa yang kamu sukai<sup foot_note=210008>2</sup>.  Di antaramu ada orang yang menghendaki dunia dan di antara kamu ada orang yang menghendaki akhirat.  Kemudian Allah memalingkan kamu dari mereka<sup foot_note=210009>3</sup> untuk menguji kamu; dan sesunguhnya Allah telah memaafkan kamu.  Dan Allah mempunyai karunia (yang dilimpahkan) atas orang orang yang beriman."}]},{"id":446,"verse_number":153,"verse_key":"3:153","juz_number":4,"hizb_number":7,"rub_el_hizb_number":28,"ruku_number":57,"manzil_number":1,"sajdah_number":null,"text_uthmani":"۞ إِذْ تُصْعِدُونَ وَلَا تَلْوُۥنَ عَلَىٰٓ أَحَدٍ وَٱلرَّسُولُ يَدْعُوكُمْ فِىٓ أُخْرَىٰكُمْ فَأَثَـٰبَكُمْ غَمًّۢا بِغَمٍّ لِّكَيْلَا تَحْزَنُوا۟ عَلَىٰ مَا فَاتَكُمْ وَلَا مَآ أَصَـٰبَكُمْ ۗ وَٱللَّهُ خَبِيرٌۢ بِمَا تَعْمَلُونَ","page_number":69,"words":[{"id":80869,"position":1,"audio_url":"wbw/003_153_002.mp3","qpc_uthmani_hafs":"۞ إِذۡ","char_type_name":"word","page_number":69,"line_number":12,"text":"ﮪ ﮫ","translation":{"text":"When","language_name":"english","language_id":38},"transliteration":{"text":"idh","language_name":"english","language_id":38}},{"id":80870,"position":2,"audio_url":"wbw/003_153_003.mp3","qpc_uthmani_hafs":"تُصۡعِدُونَ","char_type_name":"word","page_number":69,"line_number":12,"text":"ﮬ","translation":{"text":"you were running uphill","language_name":"english","language_id":38},"transliteration":{"text":"tuṣ'ʿidūna","language_name":"english","language_id":38}},{"id":80871,"position":3,"audio_url":"wbw/003_153_004.mp3","qpc_uthmani_hafs":"وَلَا","char_type_name":"word","page_number":69,"line_number":12,"text":"ﮭ","translation":{"text":"and not","language_name":"english","language_id":38},"transliteration":{"text":"walā","language_name":"english","language_id":38}},{"id":80872,"position":4,"audio_url":"wbw/003_153_005.mp3","qpc_uthmani_hafs":"تَلۡوُۥنَ","char_type_name":"word","page_number":69,"line_number":12,"text":"ﮮ","translation":{"text":"casting a glance","language_name":"english","language_id":38},"transliteration":{"text":"talwūna","language_name":"english","language_id":38}},{"id":80873,"position":5,"audio_url":"wbw/003_153_006.mp3","qpc_uthmani_hafs":"عَلَىٰٓ","char_type_name":"word","page_number":69,"line_number":12,"text":"ﮯ","translation":{"text":"on","language_name":"english","language_id":38},"transliteration":{"text":"ʿalā","language_name":"english","language_id":38}},{"id":80874,"position":6,"audio_url":"wbw/003_153_007.mp3","qpc_uthmani_hafs":"أَحَدٖ","char_type_name":"word","page_number":69,"line_number":12,"text":"ﮰ","translation":{"text":"anyone","language_name":"english","language_id":38},"transliteration":{"text":"aḥadin","language_name":"english","language_id":38}},{"id":80875,"position":7,"audio_url":"wbw/003_153_008.mp3","qpc_uthmani_hafs":"وَٱلرَّسُولُ","char_type_name":"word","page_number":69,"line_number":13,"text":"ﮱ","translation":{"text":"while the Messenger","language_name":"english","language_id":38},"transliteration":{"text":"wal-rasūlu","language_name":"english","language_id":38}},{"id":80876,"position":8,"audio_url":"wbw/003_153_009.mp3","qpc_uthmani_hafs":"يَدۡعُوكُمۡ","char_type_name":"word","page_number":69,"line_number":13,"text":"ﯓ","translation":{"text":"was calling you","language_name":"english","language_id":38},"transliteration":{"text":"yadʿūkum","language_name":"english","language_id":38}},{"id":80877,"position":9,"audio_url":"wbw/003_153_010.mp3","qpc_uthmani_hafs":"فِيٓ","char_type_name":"word","page_number":69,"line_number":13,"text":"ﯔ","translation":{"text":"[in]","language_name":"english","language_id":38},"transliteration":{"text":"fī","language_name":"english","language_id":38}},{"id":80878,"position":10,"audio_url":"wbw/003_153_011.mp3","qpc_uthmani_hafs":"أُخۡرَىٰكُمۡ","char_type_name":"word","page_number":69,"line_number":13,"text":"ﯕ","translation":{"text":"(from) behind you","language_name":"english","language_id":38},"transliteration":{"text":"ukh'rākum","language_name":"english","language_id":38}},{"id":80879,"position":11,"audio_url":"wbw/003_153_012.mp3","qpc_uthmani_hafs":"فَأَثَٰبَكُمۡ","char_type_name":"word","page_number":69,"line_number":13,"text":"ﯖ","translation":{"text":"So (He) repaid you","language_name":"english","language_id":38},"transliteration":{"text":"fa-athābakum","language_name":"english","language_id":38}},{"id":80880,"position":12,"audio_url":"wbw/003_153_013.mp3","qpc_uthmani_hafs":"غَمَّۢا","char_type_name":"word","page_number":69,"line_number":14,"text":"ﯗ","translation":{"text":"(with) distress","language_name":"english","language_id":38},"transliteration":{"text":"ghamman","language_name":"english","language_id":38}},{"id":80881,"position":13,"audio_url":"wbw/003_153_014.mp3","qpc_uthmani_hafs":"بِغَمّٖ","char_type_name":"word","page_number":69,"line_number":14,"text":"ﯘ","translation":{"text":"on distress","language_name":"english","language_id":38},"transliteration":{"text":"bighammin","language_name":"english","language_id":38}},{"id":80882,"position":14,"audio_url":"wbw/003_153_015.mp3","qpc_uthmani_hafs":"لِّكَيۡلَا","char_type_name":"word","page_number":69,"line_number":14,"text":"ﯙ","translation":{"text":"so that not","language_name":"english","language_id":38},"transliteration":{"text":"likaylā","language_name":"english","language_id":38}},{"id":80883,"position":15,"audio_url":"wbw/003_153_016.mp3","qpc_uthmani_hafs":"تَحۡزَنُواْ","char_type_name":"word","page_number":69,"line_number":14,"text":"ﯚ","translation":{"text":"you grieve","language_name":"english","language_id":38},"transliteration":{"text":"taḥzanū","language_name":"english","language_id":38}},{"id":80884,"position":16,"audio_url":"wbw/003_153_017.mp3","qpc_uthmani_hafs":"عَلَىٰ","char_type_name":"word","page_number":69,"line_number":14,"text":"ﯛ","translation":{"text":"over","language_name":"english","language_id":38},"transliteration":{"text":"ʿalā","language_name":"english","language_id":38}},{"id":80885,"position":17,"audio_url":"wbw/003_153_018.mp3","qpc_uthmani_hafs":"مَا","char_type_name":"word","page_number":69,"line_number":14,"text":"ﯜ","translation":{"text":"what","language_name":"english","language_id":38},"transliteration":{"text":"mā","language_name":"english","language_id":38}},{"id":80886,"position":18,"audio_url":"wbw/003_153_019.mp3","qpc_uthmani_hafs":"فَاتَكُمۡ","char_type_name":"word","page_number":69,"line_number":14,"text":"ﯝ","translation":{"text":"escaped you","language_name":"english","language_id":38},"transliteration":{"text":"fātakum","language_name":"english","language_id":38}},{"id":80887,"position":19,"audio_url":"wbw/003_153_020.mp3","qpc_uthmani_hafs":"وَلَا","char_type_name":"word","page_number":69,"line_number":15,"text":"ﯞ","translation":{"text":"and not","language_name":"english","language_id":38},"transliteration":{"text":"walā","language_name":"english","language_id":38}},{"id":80888,"position":20,"audio_url":"wbw/003_153_021.mp3","qpc_uthmani_hafs":"مَآ","char_type_name":"word","page_number":69,"line_number":15,"text":"ﯟ","translation":{"text":"what","language_name":"english","language_id":38},"transliteration":{"text":"mā","language_name":"english","language_id":38}},{"id":80889,"position":21,"audio_url":"wbw/003_153_022.mp3","qpc_uthmani_hafs":"أَصَٰبَكُمۡۗ","char_type_name":"word","page_number":69,"line_number":15,"text":"ﯠﯡ","translation":{"text":"(had) befallen you","language_name":"english","language_id":38},"transliteration":{"text":"aṣābakum","language_name":"english","language_id":38}},{"id":80891,"position":22,"audio_url":"wbw/003_153_024.mp3","qpc_uthmani_hafs":"وَٱللَّهُ","char_type_name":"word","page_number":69,"line_number":15,"text":"ﯢ","translation":{"text":"And Allah","language_name":"english","language_id":38},"transliteration":{"text":"wal-lahu","language_name":"english","language_id":38}},{"id":80892,"position":23,"audio_url":"wbw/003_153_025.mp3","qpc_uthmani_hafs":"خَبِيرُۢ","char_type_name":"word","page_number":69,"line_number":15,"text":"ﯣ","translation":{"text":"(is) All-Aware","language_name":"english","language_id":38},"transliteration":{"text":"khabīrun","language_name":"english","language_id":38}},{"id":80893,"position":24,"audio_url":"wbw/003_153_026.mp3","qpc_uthmani_hafs":"بِمَا","char_type_name":"word","page_number":69,"line_number":15,"text":"ﯤ","translation":{"text":"of what","language_name":"english","language_id":38},"transliteration":{"text":"bimā","language_name":"english","language_id":38}},{"id":80894,"position":25,"audio_url":"wbw/003_153_027.mp3","qpc_uthmani_hafs":"تَعۡمَلُونَ","char_type_name":"word","page_number":69,"line_number":15,"text":"ﯥ","translation":{"text":"you do","language_name":"english","language_id":38},"transliteration":{"text":"taʿmalūna","language_name":"english","language_id":38}},{"id":80895,"position":26,"audio_url":null,"qpc_uthmani_hafs":"١٥٣","char_type_name":"end","page_number":69,"line_number":15,"text":"ﯦ","translation":{"text":"(153)","language_name":"english","language_id":38},"transliteration":{"text":null,"language_name":"english","language_id":38}}],"translations":[{"id":916875,"resource_id":134,"text":"(Ingatlah) ketika kamu lari dan tidak menoleh kepada seseorang pun, sedang rasul yang berada di antara kawan-kawanmu yang lain memanggil kamu, karena itu Allah menimpakan atas kamu kesedihan atas kesedihan<sup foot_note=210010>1</sup>, supaya kamu jangan bersedih hati terhadap apa yang luput dari pada kamu dan terhadap apa yang menimpa kamu Allah Maha Mengetahui apa yang kamu kerjakan."}]}],"pagination":{"per_page":50,"current_page":1,"next_page":null,"total_pages":1,"total_records":5}}