{"verses":[{"id":447,"verse_number":154,"verse_key":"3:154","juz_number":4,"hizb_number":7,"rub_el_hizb_number":28,"ruku_number":57,"manzil_number":1,"sajdah_number":null,"text_uthmani":"ثُمَّ أَنزَلَ عَلَيْكُم مِّنۢ بَعْدِ ٱلْغَمِّ أَمَنَةً نُّعَاسًا يَغْشَىٰ طَآئِفَةً مِّنكُمْ ۖ وَطَآئِفَةٌ قَدْ أَهَمَّتْهُمْ أَنفُسُهُمْ يَظُنُّونَ بِٱللَّهِ غَيْرَ ٱلْحَقِّ ظَنَّ ٱلْجَـٰهِلِيَّةِ ۖ يَقُولُونَ هَل لَّنَا مِنَ ٱلْأَمْرِ مِن شَىْءٍ ۗ قُلْ إِنَّ ٱلْأَمْرَ كُلَّهُۥ لِلَّهِ ۗ يُخْفُونَ فِىٓ أَنفُسِهِم مَّا لَا يُبْدُونَ لَكَ ۖ يَقُولُونَ لَوْ كَانَ لَنَا مِنَ ٱلْأَمْرِ شَىْءٌ مَّا قُتِلْنَا هَـٰهُنَا ۗ قُل لَّوْ كُنتُمْ فِى بُيُوتِكُمْ لَبَرَزَ ٱلَّذِينَ كُتِبَ عَلَيْهِمُ ٱلْقَتْلُ إِلَىٰ مَضَاجِعِهِمْ ۖ وَلِيَبْتَلِىَ ٱللَّهُ مَا فِى صُدُورِكُمْ وَلِيُمَحِّصَ مَا فِى قُلُوبِكُمْ ۗ وَٱللَّهُ عَلِيمٌۢ بِذَاتِ ٱلصُّدُورِ","page_number":70,"words":[{"id":80988,"position":1,"audio_url":"wbw/003_154_001.mp3","qpc_uthmani_hafs":"ثُمَّ","char_type_name":"word","page_number":70,"line_number":1,"text":"ﭑ","translation":{"text":"Then","language_name":"english","language_id":38},"transliteration":{"text":"thumma","language_name":"english","language_id":38}},{"id":80989,"position":2,"audio_url":"wbw/003_154_002.mp3","qpc_uthmani_hafs":"أَنزَلَ","char_type_name":"word","page_number":70,"line_number":1,"text":"ﭒ","translation":{"text":"He sent down","language_name":"english","language_id":38},"transliteration":{"text":"anzala","language_name":"english","language_id":38}},{"id":80990,"position":3,"audio_url":"wbw/003_154_003.mp3","qpc_uthmani_hafs":"عَلَيۡكُم","char_type_name":"word","page_number":70,"line_number":1,"text":"ﭓ","translation":{"text":"upon you","language_name":"english","language_id":38},"transliteration":{"text":"ʿalaykum","language_name":"english","language_id":38}},{"id":80991,"position":4,"audio_url":"wbw/003_154_004.mp3","qpc_uthmani_hafs":"مِّنۢ","char_type_name":"word","page_number":70,"line_number":1,"text":"ﭔ","translation":{"text":"from","language_name":"english","language_id":38},"transliteration":{"text":"min","language_name":"english","language_id":38}},{"id":80992,"position":5,"audio_url":"wbw/003_154_005.mp3","qpc_uthmani_hafs":"بَعۡدِ","char_type_name":"word","page_number":70,"line_number":1,"text":"ﭕ","translation":{"text":"after","language_name":"english","language_id":38},"transliteration":{"text":"baʿdi","language_name":"english","language_id":38}},{"id":80993,"position":6,"audio_url":"wbw/003_154_006.mp3","qpc_uthmani_hafs":"ٱلۡغَمِّ","char_type_name":"word","page_number":70,"line_number":1,"text":"ﭖ","translation":{"text":"the distress","language_name":"english","language_id":38},"transliteration":{"text":"l-ghami","language_name":"english","language_id":38}},{"id":80994,"position":7,"audio_url":"wbw/003_154_007.mp3","qpc_uthmani_hafs":"أَمَنَةٗ","char_type_name":"word","page_number":70,"line_number":1,"text":"ﭗ","translation":{"text":"security ","language_name":"english","language_id":38},"transliteration":{"text":"amanatan","language_name":"english","language_id":38}},{"id":80995,"position":8,"audio_url":"wbw/003_154_008.mp3","qpc_uthmani_hafs":"نُّعَاسٗا","char_type_name":"word","page_number":70,"line_number":1,"text":"ﭘ","translation":{"text":"slumber","language_name":"english","language_id":38},"transliteration":{"text":"nuʿāsan","language_name":"english","language_id":38}},{"id":80996,"position":9,"audio_url":"wbw/003_154_009.mp3","qpc_uthmani_hafs":"يَغۡشَىٰ","char_type_name":"word","page_number":70,"line_number":1,"text":"ﭙ","translation":{"text":"overcoming","language_name":"english","language_id":38},"transliteration":{"text":"yaghshā","language_name":"english","language_id":38}},{"id":80997,"position":10,"audio_url":"wbw/003_154_010.mp3","qpc_uthmani_hafs":"طَآئِفَةٗ","char_type_name":"word","page_number":70,"line_number":1,"text":"ﭚ","translation":{"text":"a group","language_name":"english","language_id":38},"transliteration":{"text":"ṭāifatan","language_name":"english","language_id":38}},{"id":80998,"position":11,"audio_url":"wbw/003_154_011.mp3","qpc_uthmani_hafs":"مِّنكُمۡۖ","char_type_name":"word","page_number":70,"line_number":2,"text":"ﭛﭜ","translation":{"text":"of you","language_name":"english","language_id":38},"transliteration":{"text":"minkum","language_name":"english","language_id":38}},{"id":81000,"position":12,"audio_url":"wbw/003_154_013.mp3","qpc_uthmani_hafs":"وَطَآئِفَةٞ","char_type_name":"word","page_number":70,"line_number":2,"text":"ﭝ","translation":{"text":"while a group","language_name":"english","language_id":38},"transliteration":{"text":"waṭāifatun","language_name":"english","language_id":38}},{"id":81001,"position":13,"audio_url":"wbw/003_154_014.mp3","qpc_uthmani_hafs":"قَدۡ","char_type_name":"word","page_number":70,"line_number":2,"text":"ﭞ","translation":{"text":"certainly","language_name":"english","language_id":38},"transliteration":{"text":"qad","language_name":"english","language_id":38}},{"id":81002,"position":14,"audio_url":"wbw/003_154_015.mp3","qpc_uthmani_hafs":"أَهَمَّتۡهُمۡ","char_type_name":"word","page_number":70,"line_number":2,"text":"ﭟ","translation":{"text":"worried [them]","language_name":"english","language_id":38},"transliteration":{"text":"ahammathum","language_name":"english","language_id":38}},{"id":81003,"position":15,"audio_url":"wbw/003_154_016.mp3","qpc_uthmani_hafs":"أَنفُسُهُمۡ","char_type_name":"word","page_number":70,"line_number":2,"text":"ﭠ","translation":{"text":"(about) themselves","language_name":"english","language_id":38},"transliteration":{"text":"anfusuhum","language_name":"english","language_id":38}},{"id":81004,"position":16,"audio_url":"wbw/003_154_017.mp3","qpc_uthmani_hafs":"يَظُنُّونَ","char_type_name":"word","page_number":70,"line_number":2,"text":"ﭡ","translation":{"text":"thinking","language_name":"english","language_id":38},"transliteration":{"text":"yaẓunnūna","language_name":"english","language_id":38}},{"id":81005,"position":17,"audio_url":"wbw/003_154_018.mp3","qpc_uthmani_hafs":"بِٱللَّهِ","char_type_name":"word","page_number":70,"line_number":2,"text":"ﭢ","translation":{"text":"about Allah","language_name":"english","language_id":38},"transliteration":{"text":"bil-lahi","language_name":"english","language_id":38}},{"id":81006,"position":18,"audio_url":"wbw/003_154_019.mp3","qpc_uthmani_hafs":"غَيۡرَ","char_type_name":"word","page_number":70,"line_number":2,"text":"ﭣ","translation":{"text":"other than","language_name":"english","language_id":38},"transliteration":{"text":"ghayra","language_name":"english","language_id":38}},{"id":81007,"position":19,"audio_url":"wbw/003_154_020.mp3","qpc_uthmani_hafs":"ٱلۡحَقِّ","char_type_name":"word","page_number":70,"line_number":3,"text":"ﭤ","translation":{"text":"the truth ","language_name":"english","language_id":38},"transliteration":{"text":"l-ḥaqi","language_name":"english","language_id":38}},{"id":81008,"position":20,"audio_url":"wbw/003_154_021.mp3","qpc_uthmani_hafs":"ظَنَّ","char_type_name":"word","page_number":70,"line_number":3,"text":"ﭥ","translation":{"text":"(the) thought","language_name":"english","language_id":38},"transliteration":{"text":"ẓanna","language_name":"english","language_id":38}},{"id":81009,"position":21,"audio_url":"wbw/003_154_022.mp3","qpc_uthmani_hafs":"ٱلۡجَٰهِلِيَّةِۖ","char_type_name":"word","page_number":70,"line_number":3,"text":"ﭦﭧ","translation":{"text":"(of) [the] ignorance","language_name":"english","language_id":38},"transliteration":{"text":"l-jāhiliyati","language_name":"english","language_id":38}},{"id":81011,"position":22,"audio_url":"wbw/003_154_024.mp3","qpc_uthmani_hafs":"يَقُولُونَ","char_type_name":"word","page_number":70,"line_number":3,"text":"ﭨ","translation":{"text":"saying","language_name":"english","language_id":38},"transliteration":{"text":"yaqūlūna","language_name":"english","language_id":38}},{"id":81012,"position":23,"audio_url":"wbw/003_154_025.mp3","qpc_uthmani_hafs":"هَل","char_type_name":"word","page_number":70,"line_number":3,"text":"ﭩ","translation":{"text":"Is (there)","language_name":"english","language_id":38},"transliteration":{"text":"hal","language_name":"english","language_id":38}},{"id":81013,"position":24,"audio_url":"wbw/003_154_026.mp3","qpc_uthmani_hafs":"لَّنَا","char_type_name":"word","page_number":70,"line_number":3,"text":"ﭪ","translation":{"text":"for us","language_name":"english","language_id":38},"transliteration":{"text":"lanā","language_name":"english","language_id":38}},{"id":81014,"position":25,"audio_url":"wbw/003_154_027.mp3","qpc_uthmani_hafs":"مِنَ","char_type_name":"word","page_number":70,"line_number":3,"text":"ﭫ","translation":{"text":"from","language_name":"english","language_id":38},"transliteration":{"text":"mina","language_name":"english","language_id":38}},{"id":81015,"position":26,"audio_url":"wbw/003_154_028.mp3","qpc_uthmani_hafs":"ٱلۡأَمۡرِ","char_type_name":"word","page_number":70,"line_number":3,"text":"ﭬ","translation":{"text":"the matter","language_name":"english","language_id":38},"transliteration":{"text":"l-amri","language_name":"english","language_id":38}},{"id":81016,"position":27,"audio_url":"wbw/003_154_029.mp3","qpc_uthmani_hafs":"مِن","char_type_name":"word","page_number":70,"line_number":3,"text":"ﭭ","translation":{"text":"any","language_name":"english","language_id":38},"transliteration":{"text":"min","language_name":"english","language_id":38}},{"id":81017,"position":28,"audio_url":"wbw/003_154_030.mp3","qpc_uthmani_hafs":"شَيۡءٖۗ","char_type_name":"word","page_number":70,"line_number":3,"text":"ﭮﭯ","translation":{"text":"thing","language_name":"english","language_id":38},"transliteration":{"text":"shayin","language_name":"english","language_id":38}},{"id":81019,"position":29,"audio_url":"wbw/003_154_032.mp3","qpc_uthmani_hafs":"قُلۡ","char_type_name":"word","page_number":70,"line_number":4,"text":"ﭰ","translation":{"text":"Say","language_name":"english","language_id":38},"transliteration":{"text":"qul","language_name":"english","language_id":38}},{"id":81020,"position":30,"audio_url":"wbw/003_154_033.mp3","qpc_uthmani_hafs":"إِنَّ","char_type_name":"word","page_number":70,"line_number":4,"text":"ﭱ","translation":{"text":"Indeed","language_name":"english","language_id":38},"transliteration":{"text":"inna","language_name":"english","language_id":38}},{"id":81021,"position":31,"audio_url":"wbw/003_154_034.mp3","qpc_uthmani_hafs":"ٱلۡأَمۡرَ","char_type_name":"word","page_number":70,"line_number":4,"text":"ﭲ","translation":{"text":"the matter","language_name":"english","language_id":38},"transliteration":{"text":"l-amra","language_name":"english","language_id":38}},{"id":81022,"position":32,"audio_url":"wbw/003_154_035.mp3","qpc_uthmani_hafs":"كُلَّهُۥ","char_type_name":"word","page_number":70,"line_number":4,"text":"ﭳ","translation":{"text":"all (of) it","language_name":"english","language_id":38},"transliteration":{"text":"kullahu","language_name":"english","language_id":38}},{"id":81023,"position":33,"audio_url":"wbw/003_154_036.mp3","qpc_uthmani_hafs":"لِلَّهِۗ","char_type_name":"word","page_number":70,"line_number":4,"text":"ﭴﭵ","translation":{"text":"(is) for Allah","language_name":"english","language_id":38},"transliteration":{"text":"lillahi","language_name":"english","language_id":38}},{"id":81025,"position":34,"audio_url":"wbw/003_154_038.mp3","qpc_uthmani_hafs":"يُخۡفُونَ","char_type_name":"word","page_number":70,"line_number":4,"text":"ﭶ","translation":{"text":"They hide","language_name":"english","language_id":38},"transliteration":{"text":"yukh'fūna","language_name":"english","language_id":38}},{"id":81026,"position":35,"audio_url":"wbw/003_154_039.mp3","qpc_uthmani_hafs":"فِيٓ","char_type_name":"word","page_number":70,"line_number":4,"text":"ﭷ","translation":{"text":"in","language_name":"english","language_id":38},"transliteration":{"text":"fī","language_name":"english","language_id":38}},{"id":81027,"position":36,"audio_url":"wbw/003_154_040.mp3","qpc_uthmani_hafs":"أَنفُسِهِم","char_type_name":"word","page_number":70,"line_number":4,"text":"ﭸ","translation":{"text":"themselves","language_name":"english","language_id":38},"transliteration":{"text":"anfusihim","language_name":"english","language_id":38}},{"id":81028,"position":37,"audio_url":"wbw/003_154_041.mp3","qpc_uthmani_hafs":"مَّا","char_type_name":"word","page_number":70,"line_number":4,"text":"ﭹ","translation":{"text":"what","language_name":"english","language_id":38},"transliteration":{"text":"mā","language_name":"english","language_id":38}},{"id":81029,"position":38,"audio_url":"wbw/003_154_042.mp3","qpc_uthmani_hafs":"لَا","char_type_name":"word","page_number":70,"line_number":4,"text":"ﭺ","translation":{"text":"not","language_name":"english","language_id":38},"transliteration":{"text":"lā","language_name":"english","language_id":38}},{"id":81030,"position":39,"audio_url":"wbw/003_154_043.mp3","qpc_uthmani_hafs":"يُبۡدُونَ","char_type_name":"word","page_number":70,"line_number":4,"text":"ﭻ","translation":{"text":"they reveal","language_name":"english","language_id":38},"transliteration":{"text":"yub'dūna","language_name":"english","language_id":38}},{"id":81031,"position":40,"audio_url":"wbw/003_154_044.mp3","qpc_uthmani_hafs":"لَكَۖ","char_type_name":"word","page_number":70,"line_number":4,"text":"ﭼﭽ","translation":{"text":"to you","language_name":"english","language_id":38},"transliteration":{"text":"laka","language_name":"english","language_id":38}},{"id":81033,"position":41,"audio_url":"wbw/003_154_046.mp3","qpc_uthmani_hafs":"يَقُولُونَ","char_type_name":"word","page_number":70,"line_number":5,"text":"ﭾ","translation":{"text":"They say","language_name":"english","language_id":38},"transliteration":{"text":"yaqūlūna","language_name":"english","language_id":38}},{"id":81034,"position":42,"audio_url":"wbw/003_154_047.mp3","qpc_uthmani_hafs":"لَوۡ","char_type_name":"word","page_number":70,"line_number":5,"text":"ﭿ","translation":{"text":"If","language_name":"english","language_id":38},"transliteration":{"text":"law","language_name":"english","language_id":38}},{"id":81035,"position":43,"audio_url":"wbw/003_154_048.mp3","qpc_uthmani_hafs":"كَانَ","char_type_name":"word","page_number":70,"line_number":5,"text":"ﮀ","translation":{"text":"was","language_name":"english","language_id":38},"transliteration":{"text":"kāna","language_name":"english","language_id":38}},{"id":81036,"position":44,"audio_url":"wbw/003_154_049.mp3","qpc_uthmani_hafs":"لَنَا","char_type_name":"word","page_number":70,"line_number":5,"text":"ﮁ","translation":{"text":"for us","language_name":"english","language_id":38},"transliteration":{"text":"lanā","language_name":"english","language_id":38}},{"id":81037,"position":45,"audio_url":"wbw/003_154_050.mp3","qpc_uthmani_hafs":"مِنَ","char_type_name":"word","page_number":70,"line_number":5,"text":"ﮂ","translation":{"text":"from","language_name":"english","language_id":38},"transliteration":{"text":"mina","language_name":"english","language_id":38}},{"id":81038,"position":46,"audio_url":"wbw/003_154_051.mp3","qpc_uthmani_hafs":"ٱلۡأَمۡرِ","char_type_name":"word","page_number":70,"line_number":5,"text":"ﮃ","translation":{"text":"the matter","language_name":"english","language_id":38},"transliteration":{"text":"l-amri","language_name":"english","language_id":38}},{"id":81039,"position":47,"audio_url":"wbw/003_154_052.mp3","qpc_uthmani_hafs":"شَيۡءٞ","char_type_name":"word","page_number":70,"line_number":5,"text":"ﮄ","translation":{"text":"anything","language_name":"english","language_id":38},"transliteration":{"text":"shayon","language_name":"english","language_id":38}},{"id":81040,"position":48,"audio_url":"wbw/003_154_053.mp3","qpc_uthmani_hafs":"مَّا","char_type_name":"word","page_number":70,"line_number":5,"text":"ﮅ","translation":{"text":"not","language_name":"english","language_id":38},"transliteration":{"text":"mā","language_name":"english","language_id":38}},{"id":81041,"position":49,"audio_url":"wbw/003_154_054.mp3","qpc_uthmani_hafs":"قُتِلۡنَا","char_type_name":"word","page_number":70,"line_number":5,"text":"ﮆ","translation":{"text":"we would have been killed","language_name":"english","language_id":38},"transliteration":{"text":"qutil'nā","language_name":"english","language_id":38}},{"id":81042,"position":50,"audio_url":"wbw/003_154_055.mp3","qpc_uthmani_hafs":"هَٰهُنَاۗ","char_type_name":"word","page_number":70,"line_number":5,"text":"ﮇﮈ","translation":{"text":"here","language_name":"english","language_id":38},"transliteration":{"text":"hāhunā","language_name":"english","language_id":38}},{"id":81044,"position":51,"audio_url":"wbw/003_154_057.mp3","qpc_uthmani_hafs":"قُل","char_type_name":"word","page_number":70,"line_number":5,"text":"ﮉ","translation":{"text":"Say","language_name":"english","language_id":38},"transliteration":{"text":"qul","language_name":"english","language_id":38}},{"id":81045,"position":52,"audio_url":"wbw/003_154_058.mp3","qpc_uthmani_hafs":"لَّوۡ","char_type_name":"word","page_number":70,"line_number":5,"text":"ﮊ","translation":{"text":"If","language_name":"english","language_id":38},"transliteration":{"text":"law","language_name":"english","language_id":38}},{"id":81046,"position":53,"audio_url":"wbw/003_154_059.mp3","qpc_uthmani_hafs":"كُنتُمۡ","char_type_name":"word","page_number":70,"line_number":5,"text":"ﮋ","translation":{"text":"you were","language_name":"english","language_id":38},"transliteration":{"text":"kuntum","language_name":"english","language_id":38}},{"id":81047,"position":54,"audio_url":"wbw/003_154_060.mp3","qpc_uthmani_hafs":"فِي","char_type_name":"word","page_number":70,"line_number":6,"text":"ﮌ","translation":{"text":"in","language_name":"english","language_id":38},"transliteration":{"text":"fī","language_name":"english","language_id":38}},{"id":81048,"position":55,"audio_url":"wbw/003_154_061.mp3","qpc_uthmani_hafs":"بُيُوتِكُمۡ","char_type_name":"word","page_number":70,"line_number":6,"text":"ﮍ","translation":{"text":"your houses","language_name":"english","language_id":38},"transliteration":{"text":"buyūtikum","language_name":"english","language_id":38}},{"id":81049,"position":56,"audio_url":"wbw/003_154_062.mp3","qpc_uthmani_hafs":"لَبَرَزَ","char_type_name":"word","page_number":70,"line_number":6,"text":"ﮎ","translation":{"text":"surely (would have) come out","language_name":"english","language_id":38},"transliteration":{"text":"labaraza","language_name":"english","language_id":38}},{"id":81050,"position":57,"audio_url":"wbw/003_154_063.mp3","qpc_uthmani_hafs":"ٱلَّذِينَ","char_type_name":"word","page_number":70,"line_number":6,"text":"ﮏ","translation":{"text":"those who ","language_name":"english","language_id":38},"transliteration":{"text":"alladhīna","language_name":"english","language_id":38}},{"id":81051,"position":58,"audio_url":"wbw/003_154_064.mp3","qpc_uthmani_hafs":"كُتِبَ","char_type_name":"word","page_number":70,"line_number":6,"text":"ﮐ","translation":{"text":"was decreed","language_name":"english","language_id":38},"transliteration":{"text":"kutiba","language_name":"english","language_id":38}},{"id":81052,"position":59,"audio_url":"wbw/003_154_065.mp3","qpc_uthmani_hafs":"عَلَيۡهِمُ","char_type_name":"word","page_number":70,"line_number":6,"text":"ﮑ","translation":{"text":"upon them","language_name":"english","language_id":38},"transliteration":{"text":"ʿalayhimu","language_name":"english","language_id":38}},{"id":81053,"position":60,"audio_url":"wbw/003_154_066.mp3","qpc_uthmani_hafs":"ٱلۡقَتۡلُ","char_type_name":"word","page_number":70,"line_number":6,"text":"ﮒ","translation":{"text":"[the] death","language_name":"english","language_id":38},"transliteration":{"text":"l-qatlu","language_name":"english","language_id":38}},{"id":81054,"position":61,"audio_url":"wbw/003_154_067.mp3","qpc_uthmani_hafs":"إِلَىٰ","char_type_name":"word","page_number":70,"line_number":6,"text":"ﮓ","translation":{"text":"towards","language_name":"english","language_id":38},"transliteration":{"text":"ilā","language_name":"english","language_id":38}},{"id":81055,"position":62,"audio_url":"wbw/003_154_068.mp3","qpc_uthmani_hafs":"مَضَاجِعِهِمۡۖ","char_type_name":"word","page_number":70,"line_number":6,"text":"ﮔﮕ","translation":{"text":"their places of death","language_name":"english","language_id":38},"transliteration":{"text":"maḍājiʿihim","language_name":"english","language_id":38}},{"id":81057,"position":63,"audio_url":"wbw/003_154_070.mp3","qpc_uthmani_hafs":"وَلِيَبۡتَلِيَ","char_type_name":"word","page_number":70,"line_number":7,"text":"ﮖ","translation":{"text":"And that might test","language_name":"english","language_id":38},"transliteration":{"text":"waliyabtaliya","language_name":"english","language_id":38}},{"id":81058,"position":64,"audio_url":"wbw/003_154_071.mp3","qpc_uthmani_hafs":"ٱللَّهُ","char_type_name":"word","page_number":70,"line_number":7,"text":"ﮗ","translation":{"text":"Allah","language_name":"english","language_id":38},"transliteration":{"text":"l-lahu","language_name":"english","language_id":38}},{"id":81059,"position":65,"audio_url":"wbw/003_154_072.mp3","qpc_uthmani_hafs":"مَا","char_type_name":"word","page_number":70,"line_number":7,"text":"ﮘ","translation":{"text":"what","language_name":"english","language_id":38},"transliteration":{"text":"mā","language_name":"english","language_id":38}},{"id":81060,"position":66,"audio_url":"wbw/003_154_073.mp3","qpc_uthmani_hafs":"فِي","char_type_name":"word","page_number":70,"line_number":7,"text":"ﮙ","translation":{"text":"(is) in","language_name":"english","language_id":38},"transliteration":{"text":"fī","language_name":"english","language_id":38}},{"id":81061,"position":67,"audio_url":"wbw/003_154_074.mp3","qpc_uthmani_hafs":"صُدُورِكُمۡ","char_type_name":"word","page_number":70,"line_number":7,"text":"ﮚ","translation":{"text":"your breasts","language_name":"english","language_id":38},"transliteration":{"text":"ṣudūrikum","language_name":"english","language_id":38}},{"id":81062,"position":68,"audio_url":"wbw/003_154_075.mp3","qpc_uthmani_hafs":"وَلِيُمَحِّصَ","char_type_name":"word","page_number":70,"line_number":7,"text":"ﮛ","translation":{"text":"and that He may purge","language_name":"english","language_id":38},"transliteration":{"text":"waliyumaḥḥiṣa","language_name":"english","language_id":38}},{"id":81063,"position":69,"audio_url":"wbw/003_154_076.mp3","qpc_uthmani_hafs":"مَا","char_type_name":"word","page_number":70,"line_number":7,"text":"ﮜ","translation":{"text":"what","language_name":"english","language_id":38},"transliteration":{"text":"mā","language_name":"english","language_id":38}},{"id":81064,"position":70,"audio_url":"wbw/003_154_077.mp3","qpc_uthmani_hafs":"فِي","char_type_name":"word","page_number":70,"line_number":7,"text":"ﮝ","translation":{"text":"(is) in","language_name":"english","language_id":38},"transliteration":{"text":"fī","language_name":"english","language_id":38}},{"id":81065,"position":71,"audio_url":"wbw/003_154_078.mp3","qpc_uthmani_hafs":"قُلُوبِكُمۡۚ","char_type_name":"word","page_number":70,"line_number":7,"text":"ﮞﮟ","translation":{"text":"your hearts","language_name":"english","language_id":38},"transliteration":{"text":"qulūbikum","language_name":"english","language_id":38}},{"id":81067,"position":72,"audio_url":"wbw/003_154_080.mp3","qpc_uthmani_hafs":"وَٱللَّهُ","char_type_name":"word","page_number":70,"line_number":8,"text":"ﮠ","translation":{"text":"And Allah","language_name":"english","language_id":38},"transliteration":{"text":"wal-lahu","language_name":"english","language_id":38}},{"id":81068,"position":73,"audio_url":"wbw/003_154_081.mp3","qpc_uthmani_hafs":"عَلِيمُۢ","char_type_name":"word","page_number":70,"line_number":8,"text":"ﮡ","translation":{"text":"(is) All-Aware","language_name":"english","language_id":38},"transliteration":{"text":"ʿalīmun","language_name":"english","language_id":38}},{"id":81069,"position":74,"audio_url":"wbw/003_154_082.mp3","qpc_uthmani_hafs":"بِذَاتِ","char_type_name":"word","page_number":70,"line_number":8,"text":"ﮢ","translation":{"text":"of what","language_name":"english","language_id":38},"transliteration":{"text":"bidhāti","language_name":"english","language_id":38}},{"id":81070,"position":75,"audio_url":"wbw/003_154_083.mp3","qpc_uthmani_hafs":"ٱلصُّدُورِ","char_type_name":"word","page_number":70,"line_number":8,"text":"ﮣ","translation":{"text":"(is in) the breasts","language_name":"english","language_id":38},"transliteration":{"text":"l-ṣudūri","language_name":"english","language_id":38}},{"id":81071,"position":76,"audio_url":null,"qpc_uthmani_hafs":"١٥٤","char_type_name":"end","page_number":70,"line_number":8,"text":"ﮤ","translation":{"text":"(154)","language_name":"english","language_id":38},"transliteration":{"text":null,"language_name":"english","language_id":38}}],"translations":[{"id":916876,"resource_id":134,"text":"Kemudian setelah kamu berduka cita, Allah menurunkan kepada kamu keamanan (berupa) kantuk yang meliputi segolongan dari kamu<sup foot_note=210011>1</sup>, sedang segolongan lagi<sup foot_note=210012>2</sup> telah dicemaskan oleh diri mereka sendiri; mereka menyangka yang tidak benar terhadap Allah seperti sangkaan jahiliah<sup foot_note=210013>3</sup>.  Mereka berkata, \"Apakah ada bagi kita barang sesuatu (hak campur tangan) dalam urusan ini?\" Katakanlah, \"Sesungguhnya urusan itu seluruhnya di tangan Allah\".  Mereka menyembunyikan dalam hati mereka apa yang tidak mereka terangkan kepadamu; mereka berkata, \"Sekiranya ada bagi kita barang sesuatu (hak campur tangan) dalam urusan ini, niscaya kita tidak akan dibunuh (dikalahkan) di sini\".  Katakanlah, \"Sekiranya kamu berada di rumahmu, niscaya orang-orang yang telah ditakdirkan akan mati terbunuh itu keluar (juga) ke tempat mereka terbunuh\".  Dan Allah (berbuat demikian) untuk menguji apa yang ada dalam dadamu dan untuk membersihkan apa yang ada dalam hatimu. Allah Maha Mengetahui isi hati."}]},{"id":448,"verse_number":155,"verse_key":"3:155","juz_number":4,"hizb_number":7,"rub_el_hizb_number":28,"ruku_number":57,"manzil_number":1,"sajdah_number":null,"text_uthmani":"إِنَّ ٱلَّذِينَ تَوَلَّوْا۟ مِنكُمْ يَوْمَ ٱلْتَقَى ٱلْجَمْعَانِ إِنَّمَا ٱسْتَزَلَّهُمُ ٱلشَّيْطَـٰنُ بِبَعْضِ مَا كَسَبُوا۟ ۖ وَلَقَدْ عَفَا ٱللَّهُ عَنْهُمْ ۗ إِنَّ ٱللَّهَ غَفُورٌ حَلِيمٌ","page_number":70,"words":[{"id":81095,"position":1,"audio_url":"wbw/003_155_001.mp3","qpc_uthmani_hafs":"إِنَّ","char_type_name":"word","page_number":70,"line_number":8,"text":"ﮥ","translation":{"text":"Indeed","language_name":"english","language_id":38},"transliteration":{"text":"inna","language_name":"english","language_id":38}},{"id":81096,"position":2,"audio_url":"wbw/003_155_002.mp3","qpc_uthmani_hafs":"ٱلَّذِينَ","char_type_name":"word","page_number":70,"line_number":8,"text":"ﮦ","translation":{"text":"those who","language_name":"english","language_id":38},"transliteration":{"text":"alladhīna","language_name":"english","language_id":38}},{"id":81097,"position":3,"audio_url":"wbw/003_155_003.mp3","qpc_uthmani_hafs":"تَوَلَّوۡاْ","char_type_name":"word","page_number":70,"line_number":8,"text":"ﮧ","translation":{"text":"turned back","language_name":"english","language_id":38},"transliteration":{"text":"tawallaw","language_name":"english","language_id":38}},{"id":81098,"position":4,"audio_url":"wbw/003_155_004.mp3","qpc_uthmani_hafs":"مِنكُمۡ","char_type_name":"word","page_number":70,"line_number":8,"text":"ﮨ","translation":{"text":"among you","language_name":"english","language_id":38},"transliteration":{"text":"minkum","language_name":"english","language_id":38}},{"id":81099,"position":5,"audio_url":"wbw/003_155_005.mp3","qpc_uthmani_hafs":"يَوۡمَ","char_type_name":"word","page_number":70,"line_number":9,"text":"ﮩ","translation":{"text":"(on the) day","language_name":"english","language_id":38},"transliteration":{"text":"yawma","language_name":"english","language_id":38}},{"id":81100,"position":6,"audio_url":"wbw/003_155_006.mp3","qpc_uthmani_hafs":"ٱلۡتَقَى","char_type_name":"word","page_number":70,"line_number":9,"text":"ﮪ","translation":{"text":"met","language_name":"english","language_id":38},"transliteration":{"text":"l-taqā","language_name":"english","language_id":38}},{"id":81101,"position":7,"audio_url":"wbw/003_155_007.mp3","qpc_uthmani_hafs":"ٱلۡجَمۡعَانِ","char_type_name":"word","page_number":70,"line_number":9,"text":"ﮫ","translation":{"text":"the two hosts ","language_name":"english","language_id":38},"transliteration":{"text":"l-jamʿāni","language_name":"english","language_id":38}},{"id":81102,"position":8,"audio_url":"wbw/003_155_008.mp3","qpc_uthmani_hafs":"إِنَّمَا","char_type_name":"word","page_number":70,"line_number":9,"text":"ﮬ","translation":{"text":"only","language_name":"english","language_id":38},"transliteration":{"text":"innamā","language_name":"english","language_id":38}},{"id":81103,"position":9,"audio_url":"wbw/003_155_009.mp3","qpc_uthmani_hafs":"ٱسۡتَزَلَّهُمُ","char_type_name":"word","page_number":70,"line_number":9,"text":"ﮭ","translation":{"text":"made them slip","language_name":"english","language_id":38},"transliteration":{"text":"is'tazallahumu","language_name":"english","language_id":38}},{"id":81104,"position":10,"audio_url":"wbw/003_155_010.mp3","qpc_uthmani_hafs":"ٱلشَّيۡطَٰنُ","char_type_name":"word","page_number":70,"line_number":9,"text":"ﮮ","translation":{"text":"the Shaitaan","language_name":"english","language_id":38},"transliteration":{"text":"l-shayṭānu","language_name":"english","language_id":38}},{"id":81105,"position":11,"audio_url":"wbw/003_155_011.mp3","qpc_uthmani_hafs":"بِبَعۡضِ","char_type_name":"word","page_number":70,"line_number":9,"text":"ﮯ","translation":{"text":"for some","language_name":"english","language_id":38},"transliteration":{"text":"bibaʿḍi","language_name":"english","language_id":38}},{"id":81106,"position":12,"audio_url":"wbw/003_155_012.mp3","qpc_uthmani_hafs":"مَا","char_type_name":"word","page_number":70,"line_number":9,"text":"ﮰ","translation":{"text":"(of) what","language_name":"english","language_id":38},"transliteration":{"text":"mā","language_name":"english","language_id":38}},{"id":81107,"position":13,"audio_url":"wbw/003_155_013.mp3","qpc_uthmani_hafs":"كَسَبُواْۖ","char_type_name":"word","page_number":70,"line_number":10,"text":"ﮱﯓ","translation":{"text":"they (had) earned","language_name":"english","language_id":38},"transliteration":{"text":"kasabū","language_name":"english","language_id":38}},{"id":81109,"position":14,"audio_url":"wbw/003_155_015.mp3","qpc_uthmani_hafs":"وَلَقَدۡ","char_type_name":"word","page_number":70,"line_number":10,"text":"ﯔ","translation":{"text":"And surely","language_name":"english","language_id":38},"transliteration":{"text":"walaqad","language_name":"english","language_id":38}},{"id":81110,"position":15,"audio_url":"wbw/003_155_016.mp3","qpc_uthmani_hafs":"عَفَا","char_type_name":"word","page_number":70,"line_number":10,"text":"ﯕ","translation":{"text":"forgave","language_name":"english","language_id":38},"transliteration":{"text":"ʿafā","language_name":"english","language_id":38}},{"id":81111,"position":16,"audio_url":"wbw/003_155_017.mp3","qpc_uthmani_hafs":"ٱللَّهُ","char_type_name":"word","page_number":70,"line_number":10,"text":"ﯖ","translation":{"text":"Allah","language_name":"english","language_id":38},"transliteration":{"text":"l-lahu","language_name":"english","language_id":38}},{"id":81112,"position":17,"audio_url":"wbw/003_155_018.mp3","qpc_uthmani_hafs":"عَنۡهُمۡۗ","char_type_name":"word","page_number":70,"line_number":10,"text":"ﯗﯘ","translation":{"text":"[on] them","language_name":"english","language_id":38},"transliteration":{"text":"ʿanhum","language_name":"english","language_id":38}},{"id":81114,"position":18,"audio_url":"wbw/003_155_020.mp3","qpc_uthmani_hafs":"إِنَّ","char_type_name":"word","page_number":70,"line_number":10,"text":"ﯙ","translation":{"text":"indeed","language_name":"english","language_id":38},"transliteration":{"text":"inna","language_name":"english","language_id":38}},{"id":81115,"position":19,"audio_url":"wbw/003_155_021.mp3","qpc_uthmani_hafs":"ٱللَّهَ","char_type_name":"word","page_number":70,"line_number":10,"text":"ﯚ","translation":{"text":"Allah","language_name":"english","language_id":38},"transliteration":{"text":"l-laha","language_name":"english","language_id":38}},{"id":81116,"position":20,"audio_url":"wbw/003_155_022.mp3","qpc_uthmani_hafs":"غَفُورٌ","char_type_name":"word","page_number":70,"line_number":10,"text":"ﯛ","translation":{"text":"(is) Oft-Forgiving","language_name":"english","language_id":38},"transliteration":{"text":"ghafūrun","language_name":"english","language_id":38}},{"id":81117,"position":21,"audio_url":"wbw/003_155_023.mp3","qpc_uthmani_hafs":"حَلِيمٞ","char_type_name":"word","page_number":70,"line_number":10,"text":"ﯜ","translation":{"text":"All-Forbearing","language_name":"english","language_id":38},"transliteration":{"text":"ḥalīmun","language_name":"english","language_id":38}},{"id":81118,"position":22,"audio_url":null,"qpc_uthmani_hafs":"١٥٥","char_type_name":"end","page_number":70,"line_number":10,"text":"ﯝ","translation":{"text":"(155)","language_name":"english","language_id":38},"transliteration":{"text":null,"language_name":"english","language_id":38}}],"translations":[{"id":916877,"resource_id":134,"text":"Sesungguhnya orang-orang yang berpaling di antaramu pada hari bertemu dua pasukan itu<sup foot_note=210014>1</sup>, hanya saja mereka digelincirkan oleh setan, disebabkan sebagian kesalahan yang telah mereka perbuat (di masa lampau) dan sesungguhnya Allah telah memberi maaf kepada mereka.  Sesungguhnya Allah Maha Pengampun lagi Maha Penyantun."}]},{"id":449,"verse_number":156,"verse_key":"3:156","juz_number":4,"hizb_number":7,"rub_el_hizb_number":28,"ruku_number":58,"manzil_number":1,"sajdah_number":null,"text_uthmani":"يَـٰٓأَيُّهَا ٱلَّذِينَ ءَامَنُوا۟ لَا تَكُونُوا۟ كَٱلَّذِينَ كَفَرُوا۟ وَقَالُوا۟ لِإِخْوَٰنِهِمْ إِذَا ضَرَبُوا۟ فِى ٱلْأَرْضِ أَوْ كَانُوا۟ غُزًّى لَّوْ كَانُوا۟ عِندَنَا مَا مَاتُوا۟ وَمَا قُتِلُوا۟ لِيَجْعَلَ ٱللَّهُ ذَٰلِكَ حَسْرَةً فِى قُلُوبِهِمْ ۗ وَٱللَّهُ يُحْىِۦ وَيُمِيتُ ۗ وَٱللَّهُ بِمَا تَعْمَلُونَ بَصِيرٌ","page_number":70,"words":[{"id":81284,"position":1,"audio_url":"wbw/003_156_001.mp3","qpc_uthmani_hafs":"يَٰٓأَيُّهَا","char_type_name":"word","page_number":70,"line_number":10,"text":"ﯞ","translation":{"text":"O you","language_name":"english","language_id":38},"transliteration":{"text":"yāayyuhā","language_name":"english","language_id":38}},{"id":81285,"position":2,"audio_url":"wbw/003_156_002.mp3","qpc_uthmani_hafs":"ٱلَّذِينَ","char_type_name":"word","page_number":70,"line_number":11,"text":"ﯟ","translation":{"text":"who","language_name":"english","language_id":38},"transliteration":{"text":"alladhīna","language_name":"english","language_id":38}},{"id":81286,"position":3,"audio_url":"wbw/003_156_003.mp3","qpc_uthmani_hafs":"ءَامَنُواْ","char_type_name":"word","page_number":70,"line_number":11,"text":"ﯠ","translation":{"text":"believe[d]","language_name":"english","language_id":38},"transliteration":{"text":"āmanū","language_name":"english","language_id":38}},{"id":81287,"position":4,"audio_url":"wbw/003_156_004.mp3","qpc_uthmani_hafs":"لَا","char_type_name":"word","page_number":70,"line_number":11,"text":"ﯡ","translation":{"text":"(Do) not","language_name":"english","language_id":38},"transliteration":{"text":"lā","language_name":"english","language_id":38}},{"id":81288,"position":5,"audio_url":"wbw/003_156_005.mp3","qpc_uthmani_hafs":"تَكُونُواْ","char_type_name":"word","page_number":70,"line_number":11,"text":"ﯢ","translation":{"text":"be","language_name":"english","language_id":38},"transliteration":{"text":"takūnū","language_name":"english","language_id":38}},{"id":81289,"position":6,"audio_url":"wbw/003_156_006.mp3","qpc_uthmani_hafs":"كَٱلَّذِينَ","char_type_name":"word","page_number":70,"line_number":11,"text":"ﯣ","translation":{"text":"like those who","language_name":"english","language_id":38},"transliteration":{"text":"ka-alladhīna","language_name":"english","language_id":38}},{"id":81290,"position":7,"audio_url":"wbw/003_156_007.mp3","qpc_uthmani_hafs":"كَفَرُواْ","char_type_name":"word","page_number":70,"line_number":11,"text":"ﯤ","translation":{"text":"disbelieved","language_name":"english","language_id":38},"transliteration":{"text":"kafarū","language_name":"english","language_id":38}},{"id":81291,"position":8,"audio_url":"wbw/003_156_008.mp3","qpc_uthmani_hafs":"وَقَالُواْ","char_type_name":"word","page_number":70,"line_number":11,"text":"ﯥ","translation":{"text":"and they said","language_name":"english","language_id":38},"transliteration":{"text":"waqālū","language_name":"english","language_id":38}},{"id":81292,"position":9,"audio_url":"wbw/003_156_009.mp3","qpc_uthmani_hafs":"لِإِخۡوَٰنِهِمۡ","char_type_name":"word","page_number":70,"line_number":11,"text":"ﯦ","translation":{"text":"about their brothers","language_name":"english","language_id":38},"transliteration":{"text":"li-ikh'wānihim","language_name":"english","language_id":38}},{"id":81293,"position":10,"audio_url":"wbw/003_156_010.mp3","qpc_uthmani_hafs":"إِذَا","char_type_name":"word","page_number":70,"line_number":11,"text":"ﯧ","translation":{"text":"when","language_name":"english","language_id":38},"transliteration":{"text":"idhā","language_name":"english","language_id":38}},{"id":81294,"position":11,"audio_url":"wbw/003_156_011.mp3","qpc_uthmani_hafs":"ضَرَبُواْ","char_type_name":"word","page_number":70,"line_number":12,"text":"ﯨ","translation":{"text":"they traveled","language_name":"english","language_id":38},"transliteration":{"text":"ḍarabū","language_name":"english","language_id":38}},{"id":81295,"position":12,"audio_url":"wbw/003_156_012.mp3","qpc_uthmani_hafs":"فِي","char_type_name":"word","page_number":70,"line_number":12,"text":"ﯩ","translation":{"text":"in","language_name":"english","language_id":38},"transliteration":{"text":"fī","language_name":"english","language_id":38}},{"id":81296,"position":13,"audio_url":"wbw/003_156_013.mp3","qpc_uthmani_hafs":"ٱلۡأَرۡضِ","char_type_name":"word","page_number":70,"line_number":12,"text":"ﯪ","translation":{"text":"the earth","language_name":"english","language_id":38},"transliteration":{"text":"l-arḍi","language_name":"english","language_id":38}},{"id":81297,"position":14,"audio_url":"wbw/003_156_014.mp3","qpc_uthmani_hafs":"أَوۡ","char_type_name":"word","page_number":70,"line_number":12,"text":"ﯫ","translation":{"text":"or","language_name":"english","language_id":38},"transliteration":{"text":"aw","language_name":"english","language_id":38}},{"id":81298,"position":15,"audio_url":"wbw/003_156_015.mp3","qpc_uthmani_hafs":"كَانُواْ","char_type_name":"word","page_number":70,"line_number":12,"text":"ﯬ","translation":{"text":"they were","language_name":"english","language_id":38},"transliteration":{"text":"kānū","language_name":"english","language_id":38}},{"id":81299,"position":16,"audio_url":"wbw/003_156_016.mp3","qpc_uthmani_hafs":"غُزّٗى","char_type_name":"word","page_number":70,"line_number":12,"text":"ﯭ","translation":{"text":"fighting","language_name":"english","language_id":38},"transliteration":{"text":"ghuzzan","language_name":"english","language_id":38}},{"id":81300,"position":17,"audio_url":"wbw/003_156_017.mp3","qpc_uthmani_hafs":"لَّوۡ","char_type_name":"word","page_number":70,"line_number":12,"text":"ﯮ","translation":{"text":"If","language_name":"english","language_id":38},"transliteration":{"text":"law","language_name":"english","language_id":38}},{"id":81301,"position":18,"audio_url":"wbw/003_156_018.mp3","qpc_uthmani_hafs":"كَانُواْ","char_type_name":"word","page_number":70,"line_number":12,"text":"ﯯ","translation":{"text":"they had been","language_name":"english","language_id":38},"transliteration":{"text":"kānū","language_name":"english","language_id":38}},{"id":81302,"position":19,"audio_url":"wbw/003_156_019.mp3","qpc_uthmani_hafs":"عِندَنَا","char_type_name":"word","page_number":70,"line_number":12,"text":"ﯰ","translation":{"text":"with us","language_name":"english","language_id":38},"transliteration":{"text":"ʿindanā","language_name":"english","language_id":38}},{"id":81303,"position":20,"audio_url":"wbw/003_156_020.mp3","qpc_uthmani_hafs":"مَا","char_type_name":"word","page_number":70,"line_number":12,"text":"ﯱ","translation":{"text":"not","language_name":"english","language_id":38},"transliteration":{"text":"mā","language_name":"english","language_id":38}},{"id":81304,"position":21,"audio_url":"wbw/003_156_021.mp3","qpc_uthmani_hafs":"مَاتُواْ","char_type_name":"word","page_number":70,"line_number":12,"text":"ﯲ","translation":{"text":"they (would have) died","language_name":"english","language_id":38},"transliteration":{"text":"mātū","language_name":"english","language_id":38}},{"id":81305,"position":22,"audio_url":"wbw/003_156_022.mp3","qpc_uthmani_hafs":"وَمَا","char_type_name":"word","page_number":70,"line_number":12,"text":"ﯳ","translation":{"text":"and not","language_name":"english","language_id":38},"transliteration":{"text":"wamā","language_name":"english","language_id":38}},{"id":81306,"position":23,"audio_url":"wbw/003_156_023.mp3","qpc_uthmani_hafs":"قُتِلُواْ","char_type_name":"word","page_number":70,"line_number":13,"text":"ﯴ","translation":{"text":"they (would have) been killed","language_name":"english","language_id":38},"transliteration":{"text":"qutilū","language_name":"english","language_id":38}},{"id":81307,"position":24,"audio_url":"wbw/003_156_024.mp3","qpc_uthmani_hafs":"لِيَجۡعَلَ","char_type_name":"word","page_number":70,"line_number":13,"text":"ﯵ","translation":{"text":"So makes","language_name":"english","language_id":38},"transliteration":{"text":"liyajʿala","language_name":"english","language_id":38}},{"id":81308,"position":25,"audio_url":"wbw/003_156_025.mp3","qpc_uthmani_hafs":"ٱللَّهُ","char_type_name":"word","page_number":70,"line_number":13,"text":"ﯶ","translation":{"text":"Allah","language_name":"english","language_id":38},"transliteration":{"text":"l-lahu","language_name":"english","language_id":38}},{"id":81309,"position":26,"audio_url":"wbw/003_156_026.mp3","qpc_uthmani_hafs":"ذَٰلِكَ","char_type_name":"word","page_number":70,"line_number":13,"text":"ﯷ","translation":{"text":"that","language_name":"english","language_id":38},"transliteration":{"text":"dhālika","language_name":"english","language_id":38}},{"id":81310,"position":27,"audio_url":"wbw/003_156_027.mp3","qpc_uthmani_hafs":"حَسۡرَةٗ","char_type_name":"word","page_number":70,"line_number":13,"text":"ﯸ","translation":{"text":"a regret","language_name":"english","language_id":38},"transliteration":{"text":"ḥasratan","language_name":"english","language_id":38}},{"id":81311,"position":28,"audio_url":"wbw/003_156_028.mp3","qpc_uthmani_hafs":"فِي","char_type_name":"word","page_number":70,"line_number":13,"text":"ﯹ","translation":{"text":"in","language_name":"english","language_id":38},"transliteration":{"text":"fī","language_name":"english","language_id":38}},{"id":81312,"position":29,"audio_url":"wbw/003_156_029.mp3","qpc_uthmani_hafs":"قُلُوبِهِمۡۗ","char_type_name":"word","page_number":70,"line_number":13,"text":"ﯺﯻ","translation":{"text":"their hearts","language_name":"english","language_id":38},"transliteration":{"text":"qulūbihim","language_name":"english","language_id":38}},{"id":81314,"position":30,"audio_url":"wbw/003_156_031.mp3","qpc_uthmani_hafs":"وَٱللَّهُ","char_type_name":"word","page_number":70,"line_number":13,"text":"ﯼ","translation":{"text":"And Allah","language_name":"english","language_id":38},"transliteration":{"text":"wal-lahu","language_name":"english","language_id":38}},{"id":81315,"position":31,"audio_url":"wbw/003_156_032.mp3","qpc_uthmani_hafs":"يُحۡيِۦ","char_type_name":"word","page_number":70,"line_number":13,"text":"ﯽ","translation":{"text":"gives life","language_name":"english","language_id":38},"transliteration":{"text":"yuḥ'yī","language_name":"english","language_id":38}},{"id":81316,"position":32,"audio_url":"wbw/003_156_033.mp3","qpc_uthmani_hafs":"وَيُمِيتُۗ","char_type_name":"word","page_number":70,"line_number":13,"text":"ﯾﯿ","translation":{"text":"and causes death","language_name":"english","language_id":38},"transliteration":{"text":"wayumītu","language_name":"english","language_id":38}},{"id":81318,"position":33,"audio_url":"wbw/003_156_035.mp3","qpc_uthmani_hafs":"وَٱللَّهُ","char_type_name":"word","page_number":70,"line_number":14,"text":"ﰀ","translation":{"text":"and Allah","language_name":"english","language_id":38},"transliteration":{"text":"wal-lahu","language_name":"english","language_id":38}},{"id":81319,"position":34,"audio_url":"wbw/003_156_036.mp3","qpc_uthmani_hafs":"بِمَا","char_type_name":"word","page_number":70,"line_number":14,"text":"ﰁ","translation":{"text":"of what","language_name":"english","language_id":38},"transliteration":{"text":"bimā","language_name":"english","language_id":38}},{"id":81320,"position":35,"audio_url":"wbw/003_156_037.mp3","qpc_uthmani_hafs":"تَعۡمَلُونَ","char_type_name":"word","page_number":70,"line_number":14,"text":"ﰂ","translation":{"text":"you do","language_name":"english","language_id":38},"transliteration":{"text":"taʿmalūna","language_name":"english","language_id":38}},{"id":81321,"position":36,"audio_url":"wbw/003_156_038.mp3","qpc_uthmani_hafs":"بَصِيرٞ","char_type_name":"word","page_number":70,"line_number":14,"text":"ﰃ","translation":{"text":"(is) All-Seer","language_name":"english","language_id":38},"transliteration":{"text":"baṣīrun","language_name":"english","language_id":38}},{"id":81322,"position":37,"audio_url":null,"qpc_uthmani_hafs":"١٥٦","char_type_name":"end","page_number":70,"line_number":14,"text":"ﰄ","translation":{"text":"(156)","language_name":"english","language_id":38},"transliteration":{"text":null,"language_name":"english","language_id":38}}],"translations":[{"id":916878,"resource_id":134,"text":"Hai orang-orang yang beriman, janganlah kamu seperti orang-orang kafir (orang-orang munafik) itu, yang mengatakan kepada saudara-saudara mereka apabila mereka mengadakan perjalanan di muka bumi atau mereka berperang, \"Kalau mereka tetap bersama-sama kita tentulah mereka tidak mati dan tidak dibunuh\".  Akibat (dari perkataan dan keyakinan mereka) yang demikian itu, Allah menimbulkan rasa penyesalan yang sangat di dalam hati mereka.  Allah menghidupkan dan mematikan.  Dan Allah melihat apa yang kamu kerjakan."}]},{"id":450,"verse_number":157,"verse_key":"3:157","juz_number":4,"hizb_number":7,"rub_el_hizb_number":28,"ruku_number":58,"manzil_number":1,"sajdah_number":null,"text_uthmani":"وَلَئِن قُتِلْتُمْ فِى سَبِيلِ ٱللَّهِ أَوْ مُتُّمْ لَمَغْفِرَةٌ مِّنَ ٱللَّهِ وَرَحْمَةٌ خَيْرٌ مِّمَّا يَجْمَعُونَ","page_number":70,"words":[{"id":81323,"position":1,"audio_url":"wbw/003_157_001.mp3","qpc_uthmani_hafs":"وَلَئِن","char_type_name":"word","page_number":70,"line_number":14,"text":"ﰅ","translation":{"text":"And if","language_name":"english","language_id":38},"transliteration":{"text":"wala-in","language_name":"english","language_id":38}},{"id":81324,"position":2,"audio_url":"wbw/003_157_002.mp3","qpc_uthmani_hafs":"قُتِلۡتُمۡ","char_type_name":"word","page_number":70,"line_number":14,"text":"ﰆ","translation":{"text":"you are killed","language_name":"english","language_id":38},"transliteration":{"text":"qutil'tum","language_name":"english","language_id":38}},{"id":81325,"position":3,"audio_url":"wbw/003_157_003.mp3","qpc_uthmani_hafs":"فِي","char_type_name":"word","page_number":70,"line_number":14,"text":"ﰇ","translation":{"text":"in","language_name":"english","language_id":38},"transliteration":{"text":"fī","language_name":"english","language_id":38}},{"id":81326,"position":4,"audio_url":"wbw/003_157_004.mp3","qpc_uthmani_hafs":"سَبِيلِ","char_type_name":"word","page_number":70,"line_number":14,"text":"ﰈ","translation":{"text":"(the) way","language_name":"english","language_id":38},"transliteration":{"text":"sabīli","language_name":"english","language_id":38}},{"id":81327,"position":5,"audio_url":"wbw/003_157_005.mp3","qpc_uthmani_hafs":"ٱللَّهِ","char_type_name":"word","page_number":70,"line_number":14,"text":"ﰉ","translation":{"text":"(of) Allah","language_name":"english","language_id":38},"transliteration":{"text":"l-lahi","language_name":"english","language_id":38}},{"id":81328,"position":6,"audio_url":"wbw/003_157_006.mp3","qpc_uthmani_hafs":"أَوۡ","char_type_name":"word","page_number":70,"line_number":15,"text":"ﰊ","translation":{"text":"or","language_name":"english","language_id":38},"transliteration":{"text":"aw","language_name":"english","language_id":38}},{"id":81329,"position":7,"audio_url":"wbw/003_157_007.mp3","qpc_uthmani_hafs":"مُتُّمۡ","char_type_name":"word","page_number":70,"line_number":15,"text":"ﰋ","translation":{"text":"die[d] ","language_name":"english","language_id":38},"transliteration":{"text":"muttum","language_name":"english","language_id":38}},{"id":81330,"position":8,"audio_url":"wbw/003_157_008.mp3","qpc_uthmani_hafs":"لَمَغۡفِرَةٞ","char_type_name":"word","page_number":70,"line_number":15,"text":"ﰌ","translation":{"text":"certainly forgiveness","language_name":"english","language_id":38},"transliteration":{"text":"lamaghfiratun","language_name":"english","language_id":38}},{"id":81331,"position":9,"audio_url":"wbw/003_157_009.mp3","qpc_uthmani_hafs":"مِّنَ","char_type_name":"word","page_number":70,"line_number":15,"text":"ﰍ","translation":{"text":"from","language_name":"english","language_id":38},"transliteration":{"text":"mina","language_name":"english","language_id":38}},{"id":81332,"position":10,"audio_url":"wbw/003_157_010.mp3","qpc_uthmani_hafs":"ٱللَّهِ","char_type_name":"word","page_number":70,"line_number":15,"text":"ﰎ","translation":{"text":"Allah","language_name":"english","language_id":38},"transliteration":{"text":"l-lahi","language_name":"english","language_id":38}},{"id":81333,"position":11,"audio_url":"wbw/003_157_011.mp3","qpc_uthmani_hafs":"وَرَحۡمَةٌ","char_type_name":"word","page_number":70,"line_number":15,"text":"ﰏ","translation":{"text":"and Mercy","language_name":"english","language_id":38},"transliteration":{"text":"waraḥmatun","language_name":"english","language_id":38}},{"id":81334,"position":12,"audio_url":"wbw/003_157_012.mp3","qpc_uthmani_hafs":"خَيۡرٞ","char_type_name":"word","page_number":70,"line_number":15,"text":"ﰐ","translation":{"text":"(are) better","language_name":"english","language_id":38},"transliteration":{"text":"khayrun","language_name":"english","language_id":38}},{"id":81335,"position":13,"audio_url":"wbw/003_157_013.mp3","qpc_uthmani_hafs":"مِّمَّا","char_type_name":"word","page_number":70,"line_number":15,"text":"ﰑ","translation":{"text":"than what","language_name":"english","language_id":38},"transliteration":{"text":"mimmā","language_name":"english","language_id":38}},{"id":81336,"position":14,"audio_url":"wbw/003_157_014.mp3","qpc_uthmani_hafs":"يَجۡمَعُونَ","char_type_name":"word","page_number":70,"line_number":15,"text":"ﰒ","translation":{"text":"they accumulate","language_name":"english","language_id":38},"transliteration":{"text":"yajmaʿūna","language_name":"english","language_id":38}},{"id":81337,"position":15,"audio_url":null,"qpc_uthmani_hafs":"١٥٧","char_type_name":"end","page_number":70,"line_number":15,"text":"ﰓ","translation":{"text":"(157)","language_name":"english","language_id":38},"transliteration":{"text":null,"language_name":"english","language_id":38}}],"translations":[{"id":916879,"resource_id":134,"text":"Dan sungguh kalau kamu gugur di jalan Allah atau meninggal<sup foot_note=210015>1</sup>, tentulah ampunan Allah dan rahmat-Nya lebih baik (bagimu) dari harta rampasan yang mereka kumpulkan."}]}],"pagination":{"per_page":50,"current_page":1,"next_page":null,"total_pages":1,"total_records":4}}