{"verses":[{"id":459,"verse_number":166,"verse_key":"3:166","juz_number":4,"hizb_number":7,"rub_el_hizb_number":28,"ruku_number":58,"manzil_number":1,"sajdah_number":null,"text_uthmani":"وَمَآ أَصَـٰبَكُمْ يَوْمَ ٱلْتَقَى ٱلْجَمْعَانِ فَبِإِذْنِ ٱللَّهِ وَلِيَعْلَمَ ٱلْمُؤْمِنِينَ","page_number":72,"words":[{"id":82453,"position":1,"audio_url":"wbw/003_166_001.mp3","qpc_uthmani_hafs":"وَمَآ","char_type_name":"word","page_number":72,"line_number":1,"text":"ﭑ","translation":{"text":"And what","language_name":"english","language_id":38},"transliteration":{"text":"wamā","language_name":"english","language_id":38}},{"id":82454,"position":2,"audio_url":"wbw/003_166_002.mp3","qpc_uthmani_hafs":"أَصَٰبَكُمۡ","char_type_name":"word","page_number":72,"line_number":1,"text":"ﭒ","translation":{"text":"struck you","language_name":"english","language_id":38},"transliteration":{"text":"aṣābakum","language_name":"english","language_id":38}},{"id":82455,"position":3,"audio_url":"wbw/003_166_003.mp3","qpc_uthmani_hafs":"يَوۡمَ","char_type_name":"word","page_number":72,"line_number":1,"text":"ﭓ","translation":{"text":"(on the) day","language_name":"english","language_id":38},"transliteration":{"text":"yawma","language_name":"english","language_id":38}},{"id":82456,"position":4,"audio_url":"wbw/003_166_004.mp3","qpc_uthmani_hafs":"ٱلۡتَقَى","char_type_name":"word","page_number":72,"line_number":1,"text":"ﭔ","translation":{"text":"(when) met","language_name":"english","language_id":38},"transliteration":{"text":"l-taqā","language_name":"english","language_id":38}},{"id":82457,"position":5,"audio_url":"wbw/003_166_005.mp3","qpc_uthmani_hafs":"ٱلۡجَمۡعَانِ","char_type_name":"word","page_number":72,"line_number":1,"text":"ﭕ","translation":{"text":"the two hosts","language_name":"english","language_id":38},"transliteration":{"text":"l-jamʿāni","language_name":"english","language_id":38}},{"id":82458,"position":6,"audio_url":"wbw/003_166_006.mp3","qpc_uthmani_hafs":"فَبِإِذۡنِ","char_type_name":"word","page_number":72,"line_number":1,"text":"ﭖ","translation":{"text":"(was) by (the) permission","language_name":"english","language_id":38},"transliteration":{"text":"fabi-idh'ni","language_name":"english","language_id":38}},{"id":82459,"position":7,"audio_url":"wbw/003_166_007.mp3","qpc_uthmani_hafs":"ٱللَّهِ","char_type_name":"word","page_number":72,"line_number":1,"text":"ﭗ","translation":{"text":"(of) Allah","language_name":"english","language_id":38},"transliteration":{"text":"l-lahi","language_name":"english","language_id":38}},{"id":82460,"position":8,"audio_url":"wbw/003_166_008.mp3","qpc_uthmani_hafs":"وَلِيَعۡلَمَ","char_type_name":"word","page_number":72,"line_number":1,"text":"ﭘ","translation":{"text":"and that He (might) make evident","language_name":"english","language_id":38},"transliteration":{"text":"waliyaʿlama","language_name":"english","language_id":38}},{"id":82461,"position":9,"audio_url":"wbw/003_166_009.mp3","qpc_uthmani_hafs":"ٱلۡمُؤۡمِنِينَ","char_type_name":"word","page_number":72,"line_number":1,"text":"ﭙ","translation":{"text":"the believers","language_name":"english","language_id":38},"transliteration":{"text":"l-mu'minīna","language_name":"english","language_id":38}},{"id":82462,"position":10,"audio_url":null,"qpc_uthmani_hafs":"١٦٦","char_type_name":"end","page_number":72,"line_number":2,"text":"ﭚ","translation":{"text":"(166)","language_name":"english","language_id":38},"transliteration":{"text":null,"language_name":"english","language_id":38}}],"translations":[{"id":916888,"resource_id":134,"text":"Dan apa yang menimpa kamu pada hari bertemunya dua pasukan, maka (kekalahan) itu adalah dengan izin (takdir) Allah, dan agar Allah mengetahui siapa orang-orang yang beriman."}]},{"id":460,"verse_number":167,"verse_key":"3:167","juz_number":4,"hizb_number":7,"rub_el_hizb_number":28,"ruku_number":58,"manzil_number":1,"sajdah_number":null,"text_uthmani":"وَلِيَعْلَمَ ٱلَّذِينَ نَافَقُوا۟ ۚ وَقِيلَ لَهُمْ تَعَالَوْا۟ قَـٰتِلُوا۟ فِى سَبِيلِ ٱللَّهِ أَوِ ٱدْفَعُوا۟ ۖ قَالُوا۟ لَوْ نَعْلَمُ قِتَالًا لَّٱتَّبَعْنَـٰكُمْ ۗ هُمْ لِلْكُفْرِ يَوْمَئِذٍ أَقْرَبُ مِنْهُمْ لِلْإِيمَـٰنِ ۚ يَقُولُونَ بِأَفْوَٰهِهِم مَّا لَيْسَ فِى قُلُوبِهِمْ ۗ وَٱللَّهُ أَعْلَمُ بِمَا يَكْتُمُونَ","page_number":72,"words":[{"id":82595,"position":1,"audio_url":"wbw/003_167_001.mp3","qpc_uthmani_hafs":"وَلِيَعۡلَمَ","char_type_name":"word","page_number":72,"line_number":2,"text":"ﭛ","translation":{"text":"And that He (might) make evident","language_name":"english","language_id":38},"transliteration":{"text":"waliyaʿlama","language_name":"english","language_id":38}},{"id":82596,"position":2,"audio_url":"wbw/003_167_002.mp3","qpc_uthmani_hafs":"ٱلَّذِينَ","char_type_name":"word","page_number":72,"line_number":2,"text":"ﭜ","translation":{"text":"those who","language_name":"english","language_id":38},"transliteration":{"text":"alladhīna","language_name":"english","language_id":38}},{"id":82597,"position":3,"audio_url":"wbw/003_167_003.mp3","qpc_uthmani_hafs":"نَافَقُواْۚ","char_type_name":"word","page_number":72,"line_number":2,"text":"ﭝﭞ","translation":{"text":"(are) hypocrites","language_name":"english","language_id":38},"transliteration":{"text":"nāfaqū","language_name":"english","language_id":38}},{"id":82599,"position":4,"audio_url":"wbw/003_167_005.mp3","qpc_uthmani_hafs":"وَقِيلَ","char_type_name":"word","page_number":72,"line_number":2,"text":"ﭟ","translation":{"text":"And it was said","language_name":"english","language_id":38},"transliteration":{"text":"waqīla","language_name":"english","language_id":38}},{"id":82600,"position":5,"audio_url":"wbw/003_167_006.mp3","qpc_uthmani_hafs":"لَهُمۡ","char_type_name":"word","page_number":72,"line_number":2,"text":"ﭠ","translation":{"text":"to them","language_name":"english","language_id":38},"transliteration":{"text":"lahum","language_name":"english","language_id":38}},{"id":82601,"position":6,"audio_url":"wbw/003_167_007.mp3","qpc_uthmani_hafs":"تَعَالَوۡاْ","char_type_name":"word","page_number":72,"line_number":2,"text":"ﭡ","translation":{"text":"Come","language_name":"english","language_id":38},"transliteration":{"text":"taʿālaw","language_name":"english","language_id":38}},{"id":82602,"position":7,"audio_url":"wbw/003_167_008.mp3","qpc_uthmani_hafs":"قَٰتِلُواْ","char_type_name":"word","page_number":72,"line_number":2,"text":"ﭢ","translation":{"text":"fight","language_name":"english","language_id":38},"transliteration":{"text":"qātilū","language_name":"english","language_id":38}},{"id":82603,"position":8,"audio_url":"wbw/003_167_009.mp3","qpc_uthmani_hafs":"فِي","char_type_name":"word","page_number":72,"line_number":2,"text":"ﭣ","translation":{"text":"in","language_name":"english","language_id":38},"transliteration":{"text":"fī","language_name":"english","language_id":38}},{"id":82604,"position":9,"audio_url":"wbw/003_167_010.mp3","qpc_uthmani_hafs":"سَبِيلِ","char_type_name":"word","page_number":72,"line_number":2,"text":"ﭤ","translation":{"text":"(the) way","language_name":"english","language_id":38},"transliteration":{"text":"sabīli","language_name":"english","language_id":38}},{"id":82605,"position":10,"audio_url":"wbw/003_167_011.mp3","qpc_uthmani_hafs":"ٱللَّهِ","char_type_name":"word","page_number":72,"line_number":2,"text":"ﭥ","translation":{"text":"(of) Allah","language_name":"english","language_id":38},"transliteration":{"text":"l-lahi","language_name":"english","language_id":38}},{"id":82606,"position":11,"audio_url":"wbw/003_167_012.mp3","qpc_uthmani_hafs":"أَوِ","char_type_name":"word","page_number":72,"line_number":3,"text":"ﭦ","translation":{"text":"or","language_name":"english","language_id":38},"transliteration":{"text":"awi","language_name":"english","language_id":38}},{"id":82607,"position":12,"audio_url":"wbw/003_167_013.mp3","qpc_uthmani_hafs":"ٱدۡفَعُواْۖ","char_type_name":"word","page_number":72,"line_number":3,"text":"ﭧﭨ","translation":{"text":"defend","language_name":"english","language_id":38},"transliteration":{"text":"id'faʿū","language_name":"english","language_id":38}},{"id":82609,"position":13,"audio_url":"wbw/003_167_015.mp3","qpc_uthmani_hafs":"قَالُواْ","char_type_name":"word","page_number":72,"line_number":3,"text":"ﭩ","translation":{"text":"They said","language_name":"english","language_id":38},"transliteration":{"text":"qālū","language_name":"english","language_id":38}},{"id":82610,"position":14,"audio_url":"wbw/003_167_016.mp3","qpc_uthmani_hafs":"لَوۡ","char_type_name":"word","page_number":72,"line_number":3,"text":"ﭪ","translation":{"text":"If","language_name":"english","language_id":38},"transliteration":{"text":"law","language_name":"english","language_id":38}},{"id":82611,"position":15,"audio_url":"wbw/003_167_017.mp3","qpc_uthmani_hafs":"نَعۡلَمُ","char_type_name":"word","page_number":72,"line_number":3,"text":"ﭫ","translation":{"text":"we knew","language_name":"english","language_id":38},"transliteration":{"text":"naʿlamu","language_name":"english","language_id":38}},{"id":82612,"position":16,"audio_url":"wbw/003_167_018.mp3","qpc_uthmani_hafs":"قِتَالٗا","char_type_name":"word","page_number":72,"line_number":3,"text":"ﭬ","translation":{"text":"fighting","language_name":"english","language_id":38},"transliteration":{"text":"qitālan","language_name":"english","language_id":38}},{"id":82613,"position":17,"audio_url":"wbw/003_167_019.mp3","qpc_uthmani_hafs":"لَّٱتَّبَعۡنَٰكُمۡۗ","char_type_name":"word","page_number":72,"line_number":3,"text":"ﭭﭮ","translation":{"text":"certainly we (would have) followed you","language_name":"english","language_id":38},"transliteration":{"text":"la-ittabaʿnākum","language_name":"english","language_id":38}},{"id":82615,"position":18,"audio_url":"wbw/003_167_021.mp3","qpc_uthmani_hafs":"هُمۡ","char_type_name":"word","page_number":72,"line_number":3,"text":"ﭯ","translation":{"text":"They ","language_name":"english","language_id":38},"transliteration":{"text":"hum","language_name":"english","language_id":38}},{"id":82616,"position":19,"audio_url":"wbw/003_167_022.mp3","qpc_uthmani_hafs":"لِلۡكُفۡرِ","char_type_name":"word","page_number":72,"line_number":3,"text":"ﭰ","translation":{"text":"to disbelief","language_name":"english","language_id":38},"transliteration":{"text":"lil'kuf'ri","language_name":"english","language_id":38}},{"id":82617,"position":20,"audio_url":"wbw/003_167_023.mp3","qpc_uthmani_hafs":"يَوۡمَئِذٍ","char_type_name":"word","page_number":72,"line_number":4,"text":"ﭱ","translation":{"text":"that day","language_name":"english","language_id":38},"transliteration":{"text":"yawma-idhin","language_name":"english","language_id":38}},{"id":82618,"position":21,"audio_url":"wbw/003_167_024.mp3","qpc_uthmani_hafs":"أَقۡرَبُ","char_type_name":"word","page_number":72,"line_number":4,"text":"ﭲ","translation":{"text":"(were) nearer","language_name":"english","language_id":38},"transliteration":{"text":"aqrabu","language_name":"english","language_id":38}},{"id":82619,"position":22,"audio_url":"wbw/003_167_025.mp3","qpc_uthmani_hafs":"مِنۡهُمۡ","char_type_name":"word","page_number":72,"line_number":4,"text":"ﭳ","translation":{"text":"than [them]","language_name":"english","language_id":38},"transliteration":{"text":"min'hum","language_name":"english","language_id":38}},{"id":82620,"position":23,"audio_url":"wbw/003_167_026.mp3","qpc_uthmani_hafs":"لِلۡإِيمَٰنِۚ","char_type_name":"word","page_number":72,"line_number":4,"text":"ﭴﭵ","translation":{"text":"to the faith","language_name":"english","language_id":38},"transliteration":{"text":"lil'īmāni","language_name":"english","language_id":38}},{"id":82622,"position":24,"audio_url":"wbw/003_167_028.mp3","qpc_uthmani_hafs":"يَقُولُونَ","char_type_name":"word","page_number":72,"line_number":4,"text":"ﭶ","translation":{"text":"saying","language_name":"english","language_id":38},"transliteration":{"text":"yaqūlūna","language_name":"english","language_id":38}},{"id":82623,"position":25,"audio_url":"wbw/003_167_029.mp3","qpc_uthmani_hafs":"بِأَفۡوَٰهِهِم","char_type_name":"word","page_number":72,"line_number":4,"text":"ﭷ","translation":{"text":"with their mouths","language_name":"english","language_id":38},"transliteration":{"text":"bi-afwāhihim","language_name":"english","language_id":38}},{"id":82624,"position":26,"audio_url":"wbw/003_167_030.mp3","qpc_uthmani_hafs":"مَّا","char_type_name":"word","page_number":72,"line_number":4,"text":"ﭸ","translation":{"text":"what","language_name":"english","language_id":38},"transliteration":{"text":"mā","language_name":"english","language_id":38}},{"id":82625,"position":27,"audio_url":"wbw/003_167_031.mp3","qpc_uthmani_hafs":"لَيۡسَ","char_type_name":"word","page_number":72,"line_number":4,"text":"ﭹ","translation":{"text":"was not","language_name":"english","language_id":38},"transliteration":{"text":"laysa","language_name":"english","language_id":38}},{"id":82626,"position":28,"audio_url":"wbw/003_167_032.mp3","qpc_uthmani_hafs":"فِي","char_type_name":"word","page_number":72,"line_number":5,"text":"ﭺ","translation":{"text":"in","language_name":"english","language_id":38},"transliteration":{"text":"fī","language_name":"english","language_id":38}},{"id":82627,"position":29,"audio_url":"wbw/003_167_033.mp3","qpc_uthmani_hafs":"قُلُوبِهِمۡۚ","char_type_name":"word","page_number":72,"line_number":5,"text":"ﭻﭼ","translation":{"text":"their hearts","language_name":"english","language_id":38},"transliteration":{"text":"qulūbihim","language_name":"english","language_id":38}},{"id":82629,"position":30,"audio_url":"wbw/003_167_035.mp3","qpc_uthmani_hafs":"وَٱللَّهُ","char_type_name":"word","page_number":72,"line_number":5,"text":"ﭽ","translation":{"text":"And Allah","language_name":"english","language_id":38},"transliteration":{"text":"wal-lahu","language_name":"english","language_id":38}},{"id":82630,"position":31,"audio_url":"wbw/003_167_036.mp3","qpc_uthmani_hafs":"أَعۡلَمُ","char_type_name":"word","page_number":72,"line_number":5,"text":"ﭾ","translation":{"text":"(is) Most Knowing","language_name":"english","language_id":38},"transliteration":{"text":"aʿlamu","language_name":"english","language_id":38}},{"id":82631,"position":32,"audio_url":"wbw/003_167_037.mp3","qpc_uthmani_hafs":"بِمَا","char_type_name":"word","page_number":72,"line_number":5,"text":"ﭿ","translation":{"text":"of what","language_name":"english","language_id":38},"transliteration":{"text":"bimā","language_name":"english","language_id":38}},{"id":82632,"position":33,"audio_url":"wbw/003_167_038.mp3","qpc_uthmani_hafs":"يَكۡتُمُونَ","char_type_name":"word","page_number":72,"line_number":5,"text":"ﮀ","translation":{"text":"they conceal","language_name":"english","language_id":38},"transliteration":{"text":"yaktumūna","language_name":"english","language_id":38}},{"id":82633,"position":34,"audio_url":null,"qpc_uthmani_hafs":"١٦٧","char_type_name":"end","page_number":72,"line_number":5,"text":"ﮁ","translation":{"text":"(167)","language_name":"english","language_id":38},"transliteration":{"text":null,"language_name":"english","language_id":38}}],"translations":[{"id":916889,"resource_id":134,"text":"Dan supaya Allah mengetahui siapa orang-orang yang munafik.  Kepada mereka dikatakan, \"Marilah berperang di jalan Allah atau pertahankanlah (dirimu)\".  Mereka berkata, \"Sekiranya kami mengetahui akan terjadi peperangan, tentulah kami mengikuti kamu\"<sup foot_note=210017>1</sup>.  Mereka pada hari itu lebih dekat kepada kekafiran dari pada keimanan.  Mereka mengatakan dengan mulutnya apa yang tidak terkandung dalam hatinya.  Dan Allah lebih mengetahui apa yang mereka sembunyikan."}]},{"id":461,"verse_number":168,"verse_key":"3:168","juz_number":4,"hizb_number":7,"rub_el_hizb_number":28,"ruku_number":58,"manzil_number":1,"sajdah_number":null,"text_uthmani":"ٱلَّذِينَ قَالُوا۟ لِإِخْوَٰنِهِمْ وَقَعَدُوا۟ لَوْ أَطَاعُونَا مَا قُتِلُوا۟ ۗ قُلْ فَٱدْرَءُوا۟ عَنْ أَنفُسِكُمُ ٱلْمَوْتَ إِن كُنتُمْ صَـٰدِقِينَ","page_number":72,"words":[{"id":82677,"position":1,"audio_url":"wbw/003_168_001.mp3","qpc_uthmani_hafs":"ٱلَّذِينَ","char_type_name":"word","page_number":72,"line_number":5,"text":"ﮂ","translation":{"text":"Those who","language_name":"english","language_id":38},"transliteration":{"text":"alladhīna","language_name":"english","language_id":38}},{"id":82678,"position":2,"audio_url":"wbw/003_168_002.mp3","qpc_uthmani_hafs":"قَالُواْ","char_type_name":"word","page_number":72,"line_number":5,"text":"ﮃ","translation":{"text":"said","language_name":"english","language_id":38},"transliteration":{"text":"qālū","language_name":"english","language_id":38}},{"id":82679,"position":3,"audio_url":"wbw/003_168_003.mp3","qpc_uthmani_hafs":"لِإِخۡوَٰنِهِمۡ","char_type_name":"word","page_number":72,"line_number":5,"text":"ﮄ","translation":{"text":"about their brothers","language_name":"english","language_id":38},"transliteration":{"text":"li-ikh'wānihim","language_name":"english","language_id":38}},{"id":82680,"position":4,"audio_url":"wbw/003_168_004.mp3","qpc_uthmani_hafs":"وَقَعَدُواْ","char_type_name":"word","page_number":72,"line_number":6,"text":"ﮅ","translation":{"text":"while they sat","language_name":"english","language_id":38},"transliteration":{"text":"waqaʿadū","language_name":"english","language_id":38}},{"id":82681,"position":5,"audio_url":"wbw/003_168_005.mp3","qpc_uthmani_hafs":"لَوۡ","char_type_name":"word","page_number":72,"line_number":6,"text":"ﮆ","translation":{"text":"If","language_name":"english","language_id":38},"transliteration":{"text":"law","language_name":"english","language_id":38}},{"id":82682,"position":6,"audio_url":"wbw/003_168_006.mp3","qpc_uthmani_hafs":"أَطَاعُونَا","char_type_name":"word","page_number":72,"line_number":6,"text":"ﮇ","translation":{"text":"they (had) obeyed us","language_name":"english","language_id":38},"transliteration":{"text":"aṭāʿūnā","language_name":"english","language_id":38}},{"id":82683,"position":7,"audio_url":"wbw/003_168_007.mp3","qpc_uthmani_hafs":"مَا","char_type_name":"word","page_number":72,"line_number":6,"text":"ﮈ","translation":{"text":"not","language_name":"english","language_id":38},"transliteration":{"text":"mā","language_name":"english","language_id":38}},{"id":82684,"position":8,"audio_url":"wbw/003_168_008.mp3","qpc_uthmani_hafs":"قُتِلُواْۗ","char_type_name":"word","page_number":72,"line_number":6,"text":"ﮉﮊ","translation":{"text":"they would have been killed","language_name":"english","language_id":38},"transliteration":{"text":"qutilū","language_name":"english","language_id":38}},{"id":82686,"position":9,"audio_url":"wbw/003_168_010.mp3","qpc_uthmani_hafs":"قُلۡ","char_type_name":"word","page_number":72,"line_number":6,"text":"ﮋ","translation":{"text":"Say","language_name":"english","language_id":38},"transliteration":{"text":"qul","language_name":"english","language_id":38}},{"id":82687,"position":10,"audio_url":"wbw/003_168_011.mp3","qpc_uthmani_hafs":"فَٱدۡرَءُواْ","char_type_name":"word","page_number":72,"line_number":6,"text":"ﮌ","translation":{"text":"Then avert","language_name":"english","language_id":38},"transliteration":{"text":"fa-id'raū","language_name":"english","language_id":38}},{"id":82688,"position":11,"audio_url":"wbw/003_168_012.mp3","qpc_uthmani_hafs":"عَنۡ","char_type_name":"word","page_number":72,"line_number":6,"text":"ﮍ","translation":{"text":"from","language_name":"english","language_id":38},"transliteration":{"text":"ʿan","language_name":"english","language_id":38}},{"id":82689,"position":12,"audio_url":"wbw/003_168_013.mp3","qpc_uthmani_hafs":"أَنفُسِكُمُ","char_type_name":"word","page_number":72,"line_number":6,"text":"ﮎ","translation":{"text":"yourselves","language_name":"english","language_id":38},"transliteration":{"text":"anfusikumu","language_name":"english","language_id":38}},{"id":82690,"position":13,"audio_url":"wbw/003_168_014.mp3","qpc_uthmani_hafs":"ٱلۡمَوۡتَ","char_type_name":"word","page_number":72,"line_number":7,"text":"ﮏ","translation":{"text":"[the] death","language_name":"english","language_id":38},"transliteration":{"text":"l-mawta","language_name":"english","language_id":38}},{"id":82691,"position":14,"audio_url":"wbw/003_168_015.mp3","qpc_uthmani_hafs":"إِن","char_type_name":"word","page_number":72,"line_number":7,"text":"ﮐ","translation":{"text":"if","language_name":"english","language_id":38},"transliteration":{"text":"in","language_name":"english","language_id":38}},{"id":82692,"position":15,"audio_url":"wbw/003_168_016.mp3","qpc_uthmani_hafs":"كُنتُمۡ","char_type_name":"word","page_number":72,"line_number":7,"text":"ﮑ","translation":{"text":"you are","language_name":"english","language_id":38},"transliteration":{"text":"kuntum","language_name":"english","language_id":38}},{"id":82693,"position":16,"audio_url":"wbw/003_168_017.mp3","qpc_uthmani_hafs":"صَٰدِقِينَ","char_type_name":"word","page_number":72,"line_number":7,"text":"ﮒ","translation":{"text":"truthful","language_name":"english","language_id":38},"transliteration":{"text":"ṣādiqīna","language_name":"english","language_id":38}},{"id":82694,"position":17,"audio_url":null,"qpc_uthmani_hafs":"١٦٨","char_type_name":"end","page_number":72,"line_number":7,"text":"ﮓ","translation":{"text":"(168)","language_name":"english","language_id":38},"transliteration":{"text":null,"language_name":"english","language_id":38}}],"translations":[{"id":916890,"resource_id":134,"text":"Orang-orang yang mengatakan kepada saudara-saudaranya dan mereka tidak turut pergi berperang, \"Sekiranya mereka mengikuti kita, tentulah mereka tidak terbunuh\".  Katakanlah, \"Tolaklah kematian itu dari dirimu, jika kamu orang-orang yang benar\"."}]},{"id":462,"verse_number":169,"verse_key":"3:169","juz_number":4,"hizb_number":7,"rub_el_hizb_number":28,"ruku_number":58,"manzil_number":1,"sajdah_number":null,"text_uthmani":"وَلَا تَحْسَبَنَّ ٱلَّذِينَ قُتِلُوا۟ فِى سَبِيلِ ٱللَّهِ أَمْوَٰتًۢا ۚ بَلْ أَحْيَآءٌ عِندَ رَبِّهِمْ يُرْزَقُونَ","page_number":72,"words":[{"id":82737,"position":1,"audio_url":"wbw/003_169_001.mp3","qpc_uthmani_hafs":"وَلَا","char_type_name":"word","page_number":72,"line_number":7,"text":"ﮔ","translation":{"text":"And (do) not","language_name":"english","language_id":38},"transliteration":{"text":"walā","language_name":"english","language_id":38}},{"id":82738,"position":2,"audio_url":"wbw/003_169_002.mp3","qpc_uthmani_hafs":"تَحۡسَبَنَّ","char_type_name":"word","page_number":72,"line_number":7,"text":"ﮕ","translation":{"text":"think","language_name":"english","language_id":38},"transliteration":{"text":"taḥsabanna","language_name":"english","language_id":38}},{"id":82739,"position":3,"audio_url":"wbw/003_169_003.mp3","qpc_uthmani_hafs":"ٱلَّذِينَ","char_type_name":"word","page_number":72,"line_number":7,"text":"ﮖ","translation":{"text":"(of) those who","language_name":"english","language_id":38},"transliteration":{"text":"alladhīna","language_name":"english","language_id":38}},{"id":82740,"position":4,"audio_url":"wbw/003_169_004.mp3","qpc_uthmani_hafs":"قُتِلُواْ","char_type_name":"word","page_number":72,"line_number":7,"text":"ﮗ","translation":{"text":"are killed","language_name":"english","language_id":38},"transliteration":{"text":"qutilū","language_name":"english","language_id":38}},{"id":82741,"position":5,"audio_url":"wbw/003_169_005.mp3","qpc_uthmani_hafs":"فِي","char_type_name":"word","page_number":72,"line_number":7,"text":"ﮘ","translation":{"text":"in","language_name":"english","language_id":38},"transliteration":{"text":"fī","language_name":"english","language_id":38}},{"id":82742,"position":6,"audio_url":"wbw/003_169_006.mp3","qpc_uthmani_hafs":"سَبِيلِ","char_type_name":"word","page_number":72,"line_number":8,"text":"ﮙ","translation":{"text":"(the) way","language_name":"english","language_id":38},"transliteration":{"text":"sabīli","language_name":"english","language_id":38}},{"id":82743,"position":7,"audio_url":"wbw/003_169_007.mp3","qpc_uthmani_hafs":"ٱللَّهِ","char_type_name":"word","page_number":72,"line_number":8,"text":"ﮚ","translation":{"text":"(of) Allah","language_name":"english","language_id":38},"transliteration":{"text":"l-lahi","language_name":"english","language_id":38}},{"id":82744,"position":8,"audio_url":"wbw/003_169_008.mp3","qpc_uthmani_hafs":"أَمۡوَٰتَۢاۚ","char_type_name":"word","page_number":72,"line_number":8,"text":"ﮛﮜ","translation":{"text":"(as) dead","language_name":"english","language_id":38},"transliteration":{"text":"amwātan","language_name":"english","language_id":38}},{"id":82746,"position":9,"audio_url":"wbw/003_169_010.mp3","qpc_uthmani_hafs":"بَلۡ","char_type_name":"word","page_number":72,"line_number":8,"text":"ﮝ","translation":{"text":"Nay","language_name":"english","language_id":38},"transliteration":{"text":"bal","language_name":"english","language_id":38}},{"id":82747,"position":10,"audio_url":"wbw/003_169_011.mp3","qpc_uthmani_hafs":"أَحۡيَآءٌ","char_type_name":"word","page_number":72,"line_number":8,"text":"ﮞ","translation":{"text":"They are alive","language_name":"english","language_id":38},"transliteration":{"text":"aḥyāon","language_name":"english","language_id":38}},{"id":82748,"position":11,"audio_url":"wbw/003_169_012.mp3","qpc_uthmani_hafs":"عِندَ","char_type_name":"word","page_number":72,"line_number":8,"text":"ﮟ","translation":{"text":"near","language_name":"english","language_id":38},"transliteration":{"text":"ʿinda","language_name":"english","language_id":38}},{"id":82749,"position":12,"audio_url":"wbw/003_169_013.mp3","qpc_uthmani_hafs":"رَبِّهِمۡ","char_type_name":"word","page_number":72,"line_number":8,"text":"ﮠ","translation":{"text":"their Lord","language_name":"english","language_id":38},"transliteration":{"text":"rabbihim","language_name":"english","language_id":38}},{"id":82750,"position":13,"audio_url":"wbw/003_169_014.mp3","qpc_uthmani_hafs":"يُرۡزَقُونَ","char_type_name":"word","page_number":72,"line_number":8,"text":"ﮡ","translation":{"text":"they are given provision","language_name":"english","language_id":38},"transliteration":{"text":"yur'zaqūna","language_name":"english","language_id":38}},{"id":82751,"position":14,"audio_url":null,"qpc_uthmani_hafs":"١٦٩","char_type_name":"end","page_number":72,"line_number":8,"text":"ﮢ","translation":{"text":"(169)","language_name":"english","language_id":38},"transliteration":{"text":null,"language_name":"english","language_id":38}}],"translations":[{"id":916891,"resource_id":134,"text":"Janganlah kamu mengira bahwa orang-orang yang gugur di jalan Allah itu mati, bahkan mereka itu hidup<sup foot_note=210018>1</sup> di sisi Tuhan-nya dengan mendapat rezeki,"}]},{"id":463,"verse_number":170,"verse_key":"3:170","juz_number":4,"hizb_number":7,"rub_el_hizb_number":28,"ruku_number":58,"manzil_number":1,"sajdah_number":null,"text_uthmani":"فَرِحِينَ بِمَآ ءَاتَىٰهُمُ ٱللَّهُ مِن فَضْلِهِۦ وَيَسْتَبْشِرُونَ بِٱلَّذِينَ لَمْ يَلْحَقُوا۟ بِهِم مِّنْ خَلْفِهِمْ أَلَّا خَوْفٌ عَلَيْهِمْ وَلَا هُمْ يَحْزَنُونَ","page_number":72,"words":[{"id":82819,"position":1,"audio_url":"wbw/003_170_001.mp3","qpc_uthmani_hafs":"فَرِحِينَ","char_type_name":"word","page_number":72,"line_number":8,"text":"ﮣ","translation":{"text":"Rejoicing","language_name":"english","language_id":38},"transliteration":{"text":"fariḥīna","language_name":"english","language_id":38}},{"id":82820,"position":2,"audio_url":"wbw/003_170_002.mp3","qpc_uthmani_hafs":"بِمَآ","char_type_name":"word","page_number":72,"line_number":9,"text":"ﮤ","translation":{"text":"in what","language_name":"english","language_id":38},"transliteration":{"text":"bimā","language_name":"english","language_id":38}},{"id":82821,"position":3,"audio_url":"wbw/003_170_003.mp3","qpc_uthmani_hafs":"ءَاتَىٰهُمُ","char_type_name":"word","page_number":72,"line_number":9,"text":"ﮥ","translation":{"text":"bestowed them","language_name":"english","language_id":38},"transliteration":{"text":"ātāhumu","language_name":"english","language_id":38}},{"id":82822,"position":4,"audio_url":"wbw/003_170_004.mp3","qpc_uthmani_hafs":"ٱللَّهُ","char_type_name":"word","page_number":72,"line_number":9,"text":"ﮦ","translation":{"text":"Allah","language_name":"english","language_id":38},"transliteration":{"text":"l-lahu","language_name":"english","language_id":38}},{"id":82823,"position":5,"audio_url":"wbw/003_170_005.mp3","qpc_uthmani_hafs":"مِن","char_type_name":"word","page_number":72,"line_number":9,"text":"ﮧ","translation":{"text":"of","language_name":"english","language_id":38},"transliteration":{"text":"min","language_name":"english","language_id":38}},{"id":82824,"position":6,"audio_url":"wbw/003_170_006.mp3","qpc_uthmani_hafs":"فَضۡلِهِۦ","char_type_name":"word","page_number":72,"line_number":9,"text":"ﮨ","translation":{"text":"His Bounty","language_name":"english","language_id":38},"transliteration":{"text":"faḍlihi","language_name":"english","language_id":38}},{"id":82825,"position":7,"audio_url":"wbw/003_170_007.mp3","qpc_uthmani_hafs":"وَيَسۡتَبۡشِرُونَ","char_type_name":"word","page_number":72,"line_number":9,"text":"ﮩ","translation":{"text":"and they receive good tidings","language_name":"english","language_id":38},"transliteration":{"text":"wayastabshirūna","language_name":"english","language_id":38}},{"id":82826,"position":8,"audio_url":"wbw/003_170_008.mp3","qpc_uthmani_hafs":"بِٱلَّذِينَ","char_type_name":"word","page_number":72,"line_number":9,"text":"ﮪ","translation":{"text":"about those who","language_name":"english","language_id":38},"transliteration":{"text":"bi-alladhīna","language_name":"english","language_id":38}},{"id":82827,"position":9,"audio_url":"wbw/003_170_009.mp3","qpc_uthmani_hafs":"لَمۡ","char_type_name":"word","page_number":72,"line_number":9,"text":"ﮫ","translation":{"text":"(have) not","language_name":"english","language_id":38},"transliteration":{"text":"lam","language_name":"english","language_id":38}},{"id":82828,"position":10,"audio_url":"wbw/003_170_010.mp3","qpc_uthmani_hafs":"يَلۡحَقُواْ","char_type_name":"word","page_number":72,"line_number":9,"text":"ﮬ","translation":{"text":"yet joined","language_name":"english","language_id":38},"transliteration":{"text":"yalḥaqū","language_name":"english","language_id":38}},{"id":82829,"position":11,"audio_url":"wbw/003_170_011.mp3","qpc_uthmani_hafs":"بِهِم","char_type_name":"word","page_number":72,"line_number":10,"text":"ﮭ","translation":{"text":"[with] them","language_name":"english","language_id":38},"transliteration":{"text":"bihim","language_name":"english","language_id":38}},{"id":82830,"position":12,"audio_url":"wbw/003_170_012.mp3","qpc_uthmani_hafs":"مِّنۡ","char_type_name":"word","page_number":72,"line_number":10,"text":"ﮮ","translation":{"text":"[from]","language_name":"english","language_id":38},"transliteration":{"text":"min","language_name":"english","language_id":38}},{"id":82831,"position":13,"audio_url":"wbw/003_170_013.mp3","qpc_uthmani_hafs":"خَلۡفِهِمۡ","char_type_name":"word","page_number":72,"line_number":10,"text":"ﮯ","translation":{"text":"(but are) left behind ","language_name":"english","language_id":38},"transliteration":{"text":"khalfihim","language_name":"english","language_id":38}},{"id":82832,"position":14,"audio_url":"wbw/003_170_014.mp3","qpc_uthmani_hafs":"أَلَّا","char_type_name":"word","page_number":72,"line_number":10,"text":"ﮰ","translation":{"text":"that (there will be) no","language_name":"english","language_id":38},"transliteration":{"text":"allā","language_name":"english","language_id":38}},{"id":82833,"position":15,"audio_url":"wbw/003_170_015.mp3","qpc_uthmani_hafs":"خَوۡفٌ","char_type_name":"word","page_number":72,"line_number":10,"text":"ﮱ","translation":{"text":"fear","language_name":"english","language_id":38},"transliteration":{"text":"khawfun","language_name":"english","language_id":38}},{"id":82834,"position":16,"audio_url":"wbw/003_170_016.mp3","qpc_uthmani_hafs":"عَلَيۡهِمۡ","char_type_name":"word","page_number":72,"line_number":10,"text":"ﯓ","translation":{"text":"on them","language_name":"english","language_id":38},"transliteration":{"text":"ʿalayhim","language_name":"english","language_id":38}},{"id":82835,"position":17,"audio_url":"wbw/003_170_017.mp3","qpc_uthmani_hafs":"وَلَا","char_type_name":"word","page_number":72,"line_number":10,"text":"ﯔ","translation":{"text":"and not","language_name":"english","language_id":38},"transliteration":{"text":"walā","language_name":"english","language_id":38}},{"id":82836,"position":18,"audio_url":"wbw/003_170_018.mp3","qpc_uthmani_hafs":"هُمۡ","char_type_name":"word","page_number":72,"line_number":10,"text":"ﯕ","translation":{"text":"they","language_name":"english","language_id":38},"transliteration":{"text":"hum","language_name":"english","language_id":38}},{"id":82837,"position":19,"audio_url":"wbw/003_170_019.mp3","qpc_uthmani_hafs":"يَحۡزَنُونَ","char_type_name":"word","page_number":72,"line_number":10,"text":"ﯖ","translation":{"text":"will grieve","language_name":"english","language_id":38},"transliteration":{"text":"yaḥzanūna","language_name":"english","language_id":38}},{"id":82838,"position":20,"audio_url":null,"qpc_uthmani_hafs":"١٧٠","char_type_name":"end","page_number":72,"line_number":10,"text":"ﯗ","translation":{"text":"(170)","language_name":"english","language_id":38},"transliteration":{"text":null,"language_name":"english","language_id":38}}],"translations":[{"id":916892,"resource_id":134,"text":"mereka dalam keadaan gembira disebabkan karunia Allah yang diberikan-Nya kepada mereka, dan mereka bergirang hati terhadap orang-orang yang masih tinggal di belakang yang belum menyusul mereka<sup foot_note=210019>1</sup>, bahwa tidak ada kekhawatiran terhadap mereka dan tidak (pula) mereka bersedih hati."}]},{"id":464,"verse_number":171,"verse_key":"3:171","juz_number":4,"hizb_number":8,"rub_el_hizb_number":29,"ruku_number":58,"manzil_number":1,"sajdah_number":null,"text_uthmani":"۞ يَسْتَبْشِرُونَ بِنِعْمَةٍ مِّنَ ٱللَّهِ وَفَضْلٍ وَأَنَّ ٱللَّهَ لَا يُضِيعُ أَجْرَ ٱلْمُؤْمِنِينَ","page_number":72,"words":[{"id":82993,"position":1,"audio_url":"wbw/003_171_002.mp3","qpc_uthmani_hafs":"۞ يَسۡتَبۡشِرُونَ","char_type_name":"word","page_number":72,"line_number":11,"text":"ﯘ ﯙ","translation":{"text":"They receive good tidings","language_name":"english","language_id":38},"transliteration":{"text":"yastabshirūna","language_name":"english","language_id":38}},{"id":82994,"position":2,"audio_url":"wbw/003_171_003.mp3","qpc_uthmani_hafs":"بِنِعۡمَةٖ","char_type_name":"word","page_number":72,"line_number":11,"text":"ﯚ","translation":{"text":"of Favor","language_name":"english","language_id":38},"transliteration":{"text":"biniʿ'matin","language_name":"english","language_id":38}},{"id":82995,"position":3,"audio_url":"wbw/003_171_004.mp3","qpc_uthmani_hafs":"مِّنَ","char_type_name":"word","page_number":72,"line_number":11,"text":"ﯛ","translation":{"text":"from","language_name":"english","language_id":38},"transliteration":{"text":"mina","language_name":"english","language_id":38}},{"id":82996,"position":4,"audio_url":"wbw/003_171_005.mp3","qpc_uthmani_hafs":"ٱللَّهِ","char_type_name":"word","page_number":72,"line_number":11,"text":"ﯜ","translation":{"text":"Allah","language_name":"english","language_id":38},"transliteration":{"text":"l-lahi","language_name":"english","language_id":38}},{"id":82997,"position":5,"audio_url":"wbw/003_171_006.mp3","qpc_uthmani_hafs":"وَفَضۡلٖ","char_type_name":"word","page_number":72,"line_number":11,"text":"ﯝ","translation":{"text":"and Bounty","language_name":"english","language_id":38},"transliteration":{"text":"wafaḍlin","language_name":"english","language_id":38}},{"id":82998,"position":6,"audio_url":"wbw/003_171_007.mp3","qpc_uthmani_hafs":"وَأَنَّ","char_type_name":"word","page_number":72,"line_number":11,"text":"ﯞ","translation":{"text":"and that","language_name":"english","language_id":38},"transliteration":{"text":"wa-anna","language_name":"english","language_id":38}},{"id":82999,"position":7,"audio_url":"wbw/003_171_008.mp3","qpc_uthmani_hafs":"ٱللَّهَ","char_type_name":"word","page_number":72,"line_number":11,"text":"ﯟ","translation":{"text":"Allah","language_name":"english","language_id":38},"transliteration":{"text":"l-laha","language_name":"english","language_id":38}},{"id":83000,"position":8,"audio_url":"wbw/003_171_009.mp3","qpc_uthmani_hafs":"لَا","char_type_name":"word","page_number":72,"line_number":11,"text":"ﯠ","translation":{"text":"(does) not","language_name":"english","language_id":38},"transliteration":{"text":"lā","language_name":"english","language_id":38}},{"id":83001,"position":9,"audio_url":"wbw/003_171_010.mp3","qpc_uthmani_hafs":"يُضِيعُ","char_type_name":"word","page_number":72,"line_number":11,"text":"ﯡ","translation":{"text":"let go waste","language_name":"english","language_id":38},"transliteration":{"text":"yuḍīʿu","language_name":"english","language_id":38}},{"id":83002,"position":10,"audio_url":"wbw/003_171_011.mp3","qpc_uthmani_hafs":"أَجۡرَ","char_type_name":"word","page_number":72,"line_number":11,"text":"ﯢ","translation":{"text":"(the) reward","language_name":"english","language_id":38},"transliteration":{"text":"ajra","language_name":"english","language_id":38}},{"id":83003,"position":11,"audio_url":"wbw/003_171_012.mp3","qpc_uthmani_hafs":"ٱلۡمُؤۡمِنِينَ","char_type_name":"word","page_number":72,"line_number":12,"text":"ﯣ","translation":{"text":"(of) the believers","language_name":"english","language_id":38},"transliteration":{"text":"l-mu'minīna","language_name":"english","language_id":38}},{"id":83004,"position":12,"audio_url":null,"qpc_uthmani_hafs":"١٧١","char_type_name":"end","page_number":72,"line_number":12,"text":"ﯤ","translation":{"text":"(171)","language_name":"english","language_id":38},"transliteration":{"text":null,"language_name":"english","language_id":38}}],"translations":[{"id":916893,"resource_id":134,"text":"Mereka bergirang hati dengan nikmat dan karunia yang yang besar dari Allah, dan bahwa Allah tidak menyia-nyiakan pahala orang-orang yang beriman."}]},{"id":465,"verse_number":172,"verse_key":"3:172","juz_number":4,"hizb_number":8,"rub_el_hizb_number":29,"ruku_number":59,"manzil_number":1,"sajdah_number":null,"text_uthmani":"ٱلَّذِينَ ٱسْتَجَابُوا۟ لِلَّهِ وَٱلرَّسُولِ مِنۢ بَعْدِ مَآ أَصَابَهُمُ ٱلْقَرْحُ ۚ لِلَّذِينَ أَحْسَنُوا۟ مِنْهُمْ وَٱتَّقَوْا۟ أَجْرٌ عَظِيمٌ","page_number":72,"words":[{"id":83079,"position":1,"audio_url":"wbw/003_172_001.mp3","qpc_uthmani_hafs":"ٱلَّذِينَ","char_type_name":"word","page_number":72,"line_number":12,"text":"ﯥ","translation":{"text":"Those who","language_name":"english","language_id":38},"transliteration":{"text":"alladhīna","language_name":"english","language_id":38}},{"id":83080,"position":2,"audio_url":"wbw/003_172_002.mp3","qpc_uthmani_hafs":"ٱسۡتَجَابُواْ","char_type_name":"word","page_number":72,"line_number":12,"text":"ﯦ","translation":{"text":"responded","language_name":"english","language_id":38},"transliteration":{"text":"is'tajābū","language_name":"english","language_id":38}},{"id":83081,"position":3,"audio_url":"wbw/003_172_003.mp3","qpc_uthmani_hafs":"لِلَّهِ","char_type_name":"word","page_number":72,"line_number":12,"text":"ﯧ","translation":{"text":"to Allah","language_name":"english","language_id":38},"transliteration":{"text":"lillahi","language_name":"english","language_id":38}},{"id":83082,"position":4,"audio_url":"wbw/003_172_004.mp3","qpc_uthmani_hafs":"وَٱلرَّسُولِ","char_type_name":"word","page_number":72,"line_number":12,"text":"ﯨ","translation":{"text":"and the Messenger","language_name":"english","language_id":38},"transliteration":{"text":"wal-rasūli","language_name":"english","language_id":38}},{"id":83083,"position":5,"audio_url":"wbw/003_172_005.mp3","qpc_uthmani_hafs":"مِنۢ","char_type_name":"word","page_number":72,"line_number":12,"text":"ﯩ","translation":{"text":"from","language_name":"english","language_id":38},"transliteration":{"text":"min","language_name":"english","language_id":38}},{"id":83084,"position":6,"audio_url":"wbw/003_172_006.mp3","qpc_uthmani_hafs":"بَعۡدِ","char_type_name":"word","page_number":72,"line_number":12,"text":"ﯪ","translation":{"text":"after","language_name":"english","language_id":38},"transliteration":{"text":"baʿdi","language_name":"english","language_id":38}},{"id":83085,"position":7,"audio_url":"wbw/003_172_007.mp3","qpc_uthmani_hafs":"مَآ","char_type_name":"word","page_number":72,"line_number":12,"text":"ﯫ","translation":{"text":"what","language_name":"english","language_id":38},"transliteration":{"text":"mā","language_name":"english","language_id":38}},{"id":83086,"position":8,"audio_url":"wbw/003_172_008.mp3","qpc_uthmani_hafs":"أَصَابَهُمُ","char_type_name":"word","page_number":72,"line_number":13,"text":"ﯬ","translation":{"text":"befell them ","language_name":"english","language_id":38},"transliteration":{"text":"aṣābahumu","language_name":"english","language_id":38}},{"id":83087,"position":9,"audio_url":"wbw/003_172_009.mp3","qpc_uthmani_hafs":"ٱلۡقَرۡحُۚ","char_type_name":"word","page_number":72,"line_number":13,"text":"ﯭﯮ","translation":{"text":"the injury ","language_name":"english","language_id":38},"transliteration":{"text":"l-qarḥu","language_name":"english","language_id":38}},{"id":83089,"position":10,"audio_url":"wbw/003_172_011.mp3","qpc_uthmani_hafs":"لِلَّذِينَ","char_type_name":"word","page_number":72,"line_number":13,"text":"ﯯ","translation":{"text":"for those who","language_name":"english","language_id":38},"transliteration":{"text":"lilladhīna","language_name":"english","language_id":38}},{"id":83090,"position":11,"audio_url":"wbw/003_172_012.mp3","qpc_uthmani_hafs":"أَحۡسَنُواْ","char_type_name":"word","page_number":72,"line_number":13,"text":"ﯰ","translation":{"text":"did good","language_name":"english","language_id":38},"transliteration":{"text":"aḥsanū","language_name":"english","language_id":38}},{"id":83091,"position":12,"audio_url":"wbw/003_172_013.mp3","qpc_uthmani_hafs":"مِنۡهُمۡ","char_type_name":"word","page_number":72,"line_number":13,"text":"ﯱ","translation":{"text":"among them","language_name":"english","language_id":38},"transliteration":{"text":"min'hum","language_name":"english","language_id":38}},{"id":83092,"position":13,"audio_url":"wbw/003_172_014.mp3","qpc_uthmani_hafs":"وَٱتَّقَوۡاْ","char_type_name":"word","page_number":72,"line_number":13,"text":"ﯲ","translation":{"text":"and feared Allah","language_name":"english","language_id":38},"transliteration":{"text":"wa-ittaqaw","language_name":"english","language_id":38}},{"id":83093,"position":14,"audio_url":"wbw/003_172_015.mp3","qpc_uthmani_hafs":"أَجۡرٌ","char_type_name":"word","page_number":72,"line_number":13,"text":"ﯳ","translation":{"text":"(is) a reward ","language_name":"english","language_id":38},"transliteration":{"text":"ajrun","language_name":"english","language_id":38}},{"id":83094,"position":15,"audio_url":"wbw/003_172_016.mp3","qpc_uthmani_hafs":"عَظِيمٌ","char_type_name":"word","page_number":72,"line_number":13,"text":"ﯴ","translation":{"text":"great","language_name":"english","language_id":38},"transliteration":{"text":"ʿaẓīmun","language_name":"english","language_id":38}},{"id":83095,"position":16,"audio_url":null,"qpc_uthmani_hafs":"١٧٢","char_type_name":"end","page_number":72,"line_number":13,"text":"ﯵ","translation":{"text":"(172)","language_name":"english","language_id":38},"transliteration":{"text":null,"language_name":"english","language_id":38}}],"translations":[{"id":916894,"resource_id":134,"text":"(Yaitu) orang-orang yang mentaati perintah Allah dan rasul-Nya sesudah mereka mendapat luka (dalam peperangan Uḥud).  Bagi orang-orang yang berbuat kebaikan di antara mereka dan yang bertakwa ada pahala yang besar."}]},{"id":466,"verse_number":173,"verse_key":"3:173","juz_number":4,"hizb_number":8,"rub_el_hizb_number":29,"ruku_number":59,"manzil_number":1,"sajdah_number":null,"text_uthmani":"ٱلَّذِينَ قَالَ لَهُمُ ٱلنَّاسُ إِنَّ ٱلنَّاسَ قَدْ جَمَعُوا۟ لَكُمْ فَٱخْشَوْهُمْ فَزَادَهُمْ إِيمَـٰنًا وَقَالُوا۟ حَسْبُنَا ٱللَّهُ وَنِعْمَ ٱلْوَكِيلُ","page_number":72,"words":[{"id":83189,"position":1,"audio_url":"wbw/003_173_001.mp3","qpc_uthmani_hafs":"ٱلَّذِينَ","char_type_name":"word","page_number":72,"line_number":14,"text":"ﯶ","translation":{"text":"Those who","language_name":"english","language_id":38},"transliteration":{"text":"alladhīna","language_name":"english","language_id":38}},{"id":83190,"position":2,"audio_url":"wbw/003_173_002.mp3","qpc_uthmani_hafs":"قَالَ","char_type_name":"word","page_number":72,"line_number":14,"text":"ﯷ","translation":{"text":"said","language_name":"english","language_id":38},"transliteration":{"text":"qāla","language_name":"english","language_id":38}},{"id":83191,"position":3,"audio_url":"wbw/003_173_003.mp3","qpc_uthmani_hafs":"لَهُمُ","char_type_name":"word","page_number":72,"line_number":14,"text":"ﯸ","translation":{"text":"to them","language_name":"english","language_id":38},"transliteration":{"text":"lahumu","language_name":"english","language_id":38}},{"id":83192,"position":4,"audio_url":"wbw/003_173_004.mp3","qpc_uthmani_hafs":"ٱلنَّاسُ","char_type_name":"word","page_number":72,"line_number":14,"text":"ﯹ","translation":{"text":"[the people]","language_name":"english","language_id":38},"transliteration":{"text":"l-nāsu","language_name":"english","language_id":38}},{"id":83193,"position":5,"audio_url":"wbw/003_173_005.mp3","qpc_uthmani_hafs":"إِنَّ","char_type_name":"word","page_number":72,"line_number":14,"text":"ﯺ","translation":{"text":"Indeed","language_name":"english","language_id":38},"transliteration":{"text":"inna","language_name":"english","language_id":38}},{"id":83194,"position":6,"audio_url":"wbw/003_173_006.mp3","qpc_uthmani_hafs":"ٱلنَّاسَ","char_type_name":"word","page_number":72,"line_number":14,"text":"ﯻ","translation":{"text":"the people","language_name":"english","language_id":38},"transliteration":{"text":"l-nāsa","language_name":"english","language_id":38}},{"id":83195,"position":7,"audio_url":"wbw/003_173_007.mp3","qpc_uthmani_hafs":"قَدۡ","char_type_name":"word","page_number":72,"line_number":14,"text":"ﯼ","translation":{"text":"(have) certainly","language_name":"english","language_id":38},"transliteration":{"text":"qad","language_name":"english","language_id":38}},{"id":83196,"position":8,"audio_url":"wbw/003_173_008.mp3","qpc_uthmani_hafs":"جَمَعُواْ","char_type_name":"word","page_number":72,"line_number":14,"text":"ﯽ","translation":{"text":"gathered","language_name":"english","language_id":38},"transliteration":{"text":"jamaʿū","language_name":"english","language_id":38}},{"id":83197,"position":9,"audio_url":"wbw/003_173_009.mp3","qpc_uthmani_hafs":"لَكُمۡ","char_type_name":"word","page_number":72,"line_number":14,"text":"ﯾ","translation":{"text":"against you","language_name":"english","language_id":38},"transliteration":{"text":"lakum","language_name":"english","language_id":38}},{"id":83198,"position":10,"audio_url":"wbw/003_173_010.mp3","qpc_uthmani_hafs":"فَٱخۡشَوۡهُمۡ","char_type_name":"word","page_number":72,"line_number":14,"text":"ﯿ","translation":{"text":"so fear them","language_name":"english","language_id":38},"transliteration":{"text":"fa-ikh'shawhum","language_name":"english","language_id":38}},{"id":83199,"position":11,"audio_url":"wbw/003_173_011.mp3","qpc_uthmani_hafs":"فَزَادَهُمۡ","char_type_name":"word","page_number":72,"line_number":15,"text":"ﰀ","translation":{"text":"But it increased them","language_name":"english","language_id":38},"transliteration":{"text":"fazādahum","language_name":"english","language_id":38}},{"id":83200,"position":12,"audio_url":"wbw/003_173_012.mp3","qpc_uthmani_hafs":"إِيمَٰنٗا","char_type_name":"word","page_number":72,"line_number":15,"text":"ﰁ","translation":{"text":"(in) faith","language_name":"english","language_id":38},"transliteration":{"text":"īmānan","language_name":"english","language_id":38}},{"id":83201,"position":13,"audio_url":"wbw/003_173_013.mp3","qpc_uthmani_hafs":"وَقَالُواْ","char_type_name":"word","page_number":72,"line_number":15,"text":"ﰂ","translation":{"text":"and they said","language_name":"english","language_id":38},"transliteration":{"text":"waqālū","language_name":"english","language_id":38}},{"id":83202,"position":14,"audio_url":"wbw/003_173_014.mp3","qpc_uthmani_hafs":"حَسۡبُنَا","char_type_name":"word","page_number":72,"line_number":15,"text":"ﰃ","translation":{"text":"Sufficient for us","language_name":"english","language_id":38},"transliteration":{"text":"ḥasbunā","language_name":"english","language_id":38}},{"id":83203,"position":15,"audio_url":"wbw/003_173_015.mp3","qpc_uthmani_hafs":"ٱللَّهُ","char_type_name":"word","page_number":72,"line_number":15,"text":"ﰄ","translation":{"text":"(is) Allah","language_name":"english","language_id":38},"transliteration":{"text":"l-lahu","language_name":"english","language_id":38}},{"id":83204,"position":16,"audio_url":"wbw/003_173_016.mp3","qpc_uthmani_hafs":"وَنِعۡمَ","char_type_name":"word","page_number":72,"line_number":15,"text":"ﰅ","translation":{"text":"and (He is the) best","language_name":"english","language_id":38},"transliteration":{"text":"waniʿ'ma","language_name":"english","language_id":38}},{"id":83205,"position":17,"audio_url":"wbw/003_173_017.mp3","qpc_uthmani_hafs":"ٱلۡوَكِيلُ","char_type_name":"word","page_number":72,"line_number":15,"text":"ﰆ","translation":{"text":"[the] Disposer of affairs","language_name":"english","language_id":38},"transliteration":{"text":"l-wakīlu","language_name":"english","language_id":38}},{"id":83206,"position":18,"audio_url":null,"qpc_uthmani_hafs":"١٧٣","char_type_name":"end","page_number":72,"line_number":15,"text":"ﰇ","translation":{"text":"(173)","language_name":"english","language_id":38},"transliteration":{"text":null,"language_name":"english","language_id":38}}],"translations":[{"id":916895,"resource_id":134,"text":"(Yaitu) orang-orang (yang mentaati Allah dan rasul) yang kepada mereka ada orang-orang yang mengatakan, \"Sesungguhnya manusia<sup foot_note=210020>1</sup> telah mengumpulkan pasukan untuk menyerang kamu, karena itu takutlah kepada mereka\", maka perkataan itu menambah keimanan mereka dan mereka menjawab, \"Cukuplah Allah menjadi Penolong kami dan Allah adalah sebaik-baik Pelindung\"."}]}],"pagination":{"per_page":50,"current_page":1,"next_page":null,"total_pages":1,"total_records":8}}