{"verses":[{"id":568,"verse_number":75,"verse_key":"4:75","juz_number":5,"hizb_number":9,"rub_el_hizb_number":36,"ruku_number":71,"manzil_number":1,"sajdah_number":null,"text_uthmani":"وَمَا لَكُمْ لَا تُقَـٰتِلُونَ فِى سَبِيلِ ٱللَّهِ وَٱلْمُسْتَضْعَفِينَ مِنَ ٱلرِّجَالِ وَٱلنِّسَآءِ وَٱلْوِلْدَٰنِ ٱلَّذِينَ يَقُولُونَ رَبَّنَآ أَخْرِجْنَا مِنْ هَـٰذِهِ ٱلْقَرْيَةِ ٱلظَّالِمِ أَهْلُهَا وَٱجْعَل لَّنَا مِن لَّدُنكَ وَلِيًّا وَٱجْعَل لَّنَا مِن لَّدُنكَ نَصِيرًا","page_number":90,"words":[{"id":62104,"position":1,"audio_url":"wbw/004_075_001.mp3","qpc_uthmani_hafs":"وَمَا","char_type_name":"word","page_number":90,"line_number":1,"text":"ﭑ","translation":{"text":"And what","language_name":"english","language_id":38},"transliteration":{"text":"wamā","language_name":"english","language_id":38}},{"id":62105,"position":2,"audio_url":"wbw/004_075_002.mp3","qpc_uthmani_hafs":"لَكُمۡ","char_type_name":"word","page_number":90,"line_number":1,"text":"ﭒ","translation":{"text":"for you","language_name":"english","language_id":38},"transliteration":{"text":"lakum","language_name":"english","language_id":38}},{"id":62106,"position":3,"audio_url":"wbw/004_075_003.mp3","qpc_uthmani_hafs":"لَا","char_type_name":"word","page_number":90,"line_number":1,"text":"ﭓ","translation":{"text":"(that) not","language_name":"english","language_id":38},"transliteration":{"text":"lā","language_name":"english","language_id":38}},{"id":62107,"position":4,"audio_url":"wbw/004_075_004.mp3","qpc_uthmani_hafs":"تُقَٰتِلُونَ","char_type_name":"word","page_number":90,"line_number":1,"text":"ﭔ","translation":{"text":"you fight","language_name":"english","language_id":38},"transliteration":{"text":"tuqātilūna","language_name":"english","language_id":38}},{"id":62108,"position":5,"audio_url":"wbw/004_075_005.mp3","qpc_uthmani_hafs":"فِي","char_type_name":"word","page_number":90,"line_number":1,"text":"ﭕ","translation":{"text":"in","language_name":"english","language_id":38},"transliteration":{"text":"fī","language_name":"english","language_id":38}},{"id":62109,"position":6,"audio_url":"wbw/004_075_006.mp3","qpc_uthmani_hafs":"سَبِيلِ","char_type_name":"word","page_number":90,"line_number":1,"text":"ﭖ","translation":{"text":"(the) way","language_name":"english","language_id":38},"transliteration":{"text":"sabīli","language_name":"english","language_id":38}},{"id":62110,"position":7,"audio_url":"wbw/004_075_007.mp3","qpc_uthmani_hafs":"ٱللَّهِ","char_type_name":"word","page_number":90,"line_number":1,"text":"ﭗ","translation":{"text":"(of) Allah","language_name":"english","language_id":38},"transliteration":{"text":"l-lahi","language_name":"english","language_id":38}},{"id":62111,"position":8,"audio_url":"wbw/004_075_008.mp3","qpc_uthmani_hafs":"وَٱلۡمُسۡتَضۡعَفِينَ","char_type_name":"word","page_number":90,"line_number":1,"text":"ﭘ","translation":{"text":"and (for) those who are weak","language_name":"english","language_id":38},"transliteration":{"text":"wal-mus'taḍʿafīna","language_name":"english","language_id":38}},{"id":62112,"position":9,"audio_url":"wbw/004_075_009.mp3","qpc_uthmani_hafs":"مِنَ","char_type_name":"word","page_number":90,"line_number":1,"text":"ﭙ","translation":{"text":"among","language_name":"english","language_id":38},"transliteration":{"text":"mina","language_name":"english","language_id":38}},{"id":62113,"position":10,"audio_url":"wbw/004_075_010.mp3","qpc_uthmani_hafs":"ٱلرِّجَالِ","char_type_name":"word","page_number":90,"line_number":1,"text":"ﭚ","translation":{"text":"the men","language_name":"english","language_id":38},"transliteration":{"text":"l-rijāli","language_name":"english","language_id":38}},{"id":62114,"position":11,"audio_url":"wbw/004_075_011.mp3","qpc_uthmani_hafs":"وَٱلنِّسَآءِ","char_type_name":"word","page_number":90,"line_number":2,"text":"ﭛ","translation":{"text":"and the women","language_name":"english","language_id":38},"transliteration":{"text":"wal-nisāi","language_name":"english","language_id":38}},{"id":62115,"position":12,"audio_url":"wbw/004_075_012.mp3","qpc_uthmani_hafs":"وَٱلۡوِلۡدَٰنِ","char_type_name":"word","page_number":90,"line_number":2,"text":"ﭜ","translation":{"text":"and the children","language_name":"english","language_id":38},"transliteration":{"text":"wal-wil'dāni","language_name":"english","language_id":38}},{"id":62116,"position":13,"audio_url":"wbw/004_075_013.mp3","qpc_uthmani_hafs":"ٱلَّذِينَ","char_type_name":"word","page_number":90,"line_number":2,"text":"ﭝ","translation":{"text":"those who","language_name":"english","language_id":38},"transliteration":{"text":"alladhīna","language_name":"english","language_id":38}},{"id":62117,"position":14,"audio_url":"wbw/004_075_014.mp3","qpc_uthmani_hafs":"يَقُولُونَ","char_type_name":"word","page_number":90,"line_number":2,"text":"ﭞ","translation":{"text":"say","language_name":"english","language_id":38},"transliteration":{"text":"yaqūlūna","language_name":"english","language_id":38}},{"id":62118,"position":15,"audio_url":"wbw/004_075_015.mp3","qpc_uthmani_hafs":"رَبَّنَآ","char_type_name":"word","page_number":90,"line_number":2,"text":"ﭟ","translation":{"text":"Our Lord","language_name":"english","language_id":38},"transliteration":{"text":"rabbanā","language_name":"english","language_id":38}},{"id":62119,"position":16,"audio_url":"wbw/004_075_016.mp3","qpc_uthmani_hafs":"أَخۡرِجۡنَا","char_type_name":"word","page_number":90,"line_number":2,"text":"ﭠ","translation":{"text":"take us out","language_name":"english","language_id":38},"transliteration":{"text":"akhrij'nā","language_name":"english","language_id":38}},{"id":62120,"position":17,"audio_url":"wbw/004_075_017.mp3","qpc_uthmani_hafs":"مِنۡ","char_type_name":"word","page_number":90,"line_number":2,"text":"ﭡ","translation":{"text":"of","language_name":"english","language_id":38},"transliteration":{"text":"min","language_name":"english","language_id":38}},{"id":62121,"position":18,"audio_url":"wbw/004_075_018.mp3","qpc_uthmani_hafs":"هَٰذِهِ","char_type_name":"word","page_number":90,"line_number":2,"text":"ﭢ","translation":{"text":"this","language_name":"english","language_id":38},"transliteration":{"text":"hādhihi","language_name":"english","language_id":38}},{"id":62122,"position":19,"audio_url":"wbw/004_075_019.mp3","qpc_uthmani_hafs":"ٱلۡقَرۡيَةِ","char_type_name":"word","page_number":90,"line_number":2,"text":"ﭣ","translation":{"text":"[the] town","language_name":"english","language_id":38},"transliteration":{"text":"l-qaryati","language_name":"english","language_id":38}},{"id":62123,"position":20,"audio_url":"wbw/004_075_020.mp3","qpc_uthmani_hafs":"ٱلظَّالِمِ","char_type_name":"word","page_number":90,"line_number":3,"text":"ﭤ","translation":{"text":"[the] oppressor(s)","language_name":"english","language_id":38},"transliteration":{"text":"l-ẓālimi","language_name":"english","language_id":38}},{"id":62124,"position":21,"audio_url":"wbw/004_075_021.mp3","qpc_uthmani_hafs":"أَهۡلُهَا","char_type_name":"word","page_number":90,"line_number":3,"text":"ﭥ","translation":{"text":"(are) its people","language_name":"english","language_id":38},"transliteration":{"text":"ahluhā","language_name":"english","language_id":38}},{"id":62125,"position":22,"audio_url":"wbw/004_075_022.mp3","qpc_uthmani_hafs":"وَٱجۡعَل","char_type_name":"word","page_number":90,"line_number":3,"text":"ﭦ","translation":{"text":"and appoint","language_name":"english","language_id":38},"transliteration":{"text":"wa-ij'ʿal","language_name":"english","language_id":38}},{"id":62126,"position":23,"audio_url":"wbw/004_075_023.mp3","qpc_uthmani_hafs":"لَّنَا","char_type_name":"word","page_number":90,"line_number":3,"text":"ﭧ","translation":{"text":"for us","language_name":"english","language_id":38},"transliteration":{"text":"lanā","language_name":"english","language_id":38}},{"id":62127,"position":24,"audio_url":"wbw/004_075_024.mp3","qpc_uthmani_hafs":"مِن","char_type_name":"word","page_number":90,"line_number":3,"text":"ﭨ","translation":{"text":"from","language_name":"english","language_id":38},"transliteration":{"text":"min","language_name":"english","language_id":38}},{"id":62128,"position":25,"audio_url":"wbw/004_075_025.mp3","qpc_uthmani_hafs":"لَّدُنكَ","char_type_name":"word","page_number":90,"line_number":3,"text":"ﭩ","translation":{"text":"Yourself","language_name":"english","language_id":38},"transliteration":{"text":"ladunka","language_name":"english","language_id":38}},{"id":62129,"position":26,"audio_url":"wbw/004_075_026.mp3","qpc_uthmani_hafs":"وَلِيّٗا","char_type_name":"word","page_number":90,"line_number":3,"text":"ﭪ","translation":{"text":"a protector","language_name":"english","language_id":38},"transliteration":{"text":"waliyyan","language_name":"english","language_id":38}},{"id":62130,"position":27,"audio_url":"wbw/004_075_027.mp3","qpc_uthmani_hafs":"وَٱجۡعَل","char_type_name":"word","page_number":90,"line_number":3,"text":"ﭫ","translation":{"text":"and appoint","language_name":"english","language_id":38},"transliteration":{"text":"wa-ij'ʿal","language_name":"english","language_id":38}},{"id":62131,"position":28,"audio_url":"wbw/004_075_028.mp3","qpc_uthmani_hafs":"لَّنَا","char_type_name":"word","page_number":90,"line_number":3,"text":"ﭬ","translation":{"text":"for us","language_name":"english","language_id":38},"transliteration":{"text":"lanā","language_name":"english","language_id":38}},{"id":62132,"position":29,"audio_url":"wbw/004_075_029.mp3","qpc_uthmani_hafs":"مِن","char_type_name":"word","page_number":90,"line_number":3,"text":"ﭭ","translation":{"text":"from","language_name":"english","language_id":38},"transliteration":{"text":"min","language_name":"english","language_id":38}},{"id":62133,"position":30,"audio_url":"wbw/004_075_030.mp3","qpc_uthmani_hafs":"لَّدُنكَ","char_type_name":"word","page_number":90,"line_number":3,"text":"ﭮ","translation":{"text":"Yourself","language_name":"english","language_id":38},"transliteration":{"text":"ladunka","language_name":"english","language_id":38}},{"id":62134,"position":31,"audio_url":"wbw/004_075_031.mp3","qpc_uthmani_hafs":"نَصِيرًا","char_type_name":"word","page_number":90,"line_number":4,"text":"ﭯ","translation":{"text":"a helper","language_name":"english","language_id":38},"transliteration":{"text":"naṣīran","language_name":"english","language_id":38}},{"id":62135,"position":32,"audio_url":null,"qpc_uthmani_hafs":"٧٥","char_type_name":"end","page_number":90,"line_number":4,"text":"ﭰ","translation":{"text":"(75)","language_name":"english","language_id":38},"transliteration":{"text":null,"language_name":"english","language_id":38}}],"translations":[{"id":916997,"resource_id":134,"text":"Mengapa kamu tidak mau berperang di jalan Allah dan (membela) orang-orang yang lemah, baik laki-laki, wanita-wanita, maupun anak-anak yang semuanya berdoa, \"Ya Tuhan kami, keluarkanlah kami dari negeri ini (Mekah) yang zalim penduduknya dan berilah kami pelindung dari sisi Engkau, dan berilah kami penolong dari sisi Engkau!\""}]},{"id":569,"verse_number":76,"verse_key":"4:76","juz_number":5,"hizb_number":9,"rub_el_hizb_number":36,"ruku_number":71,"manzil_number":1,"sajdah_number":null,"text_uthmani":"ٱلَّذِينَ ءَامَنُوا۟ يُقَـٰتِلُونَ فِى سَبِيلِ ٱللَّهِ ۖ وَٱلَّذِينَ كَفَرُوا۟ يُقَـٰتِلُونَ فِى سَبِيلِ ٱلطَّـٰغُوتِ فَقَـٰتِلُوٓا۟ أَوْلِيَآءَ ٱلشَّيْطَـٰنِ ۖ إِنَّ كَيْدَ ٱلشَّيْطَـٰنِ كَانَ ضَعِيفًا","page_number":90,"words":[{"id":62591,"position":1,"audio_url":"wbw/004_076_001.mp3","qpc_uthmani_hafs":"ٱلَّذِينَ","char_type_name":"word","page_number":90,"line_number":4,"text":"ﭱ","translation":{"text":"Those who","language_name":"english","language_id":38},"transliteration":{"text":"alladhīna","language_name":"english","language_id":38}},{"id":62592,"position":2,"audio_url":"wbw/004_076_002.mp3","qpc_uthmani_hafs":"ءَامَنُواْ","char_type_name":"word","page_number":90,"line_number":4,"text":"ﭲ","translation":{"text":"believe","language_name":"english","language_id":38},"transliteration":{"text":"āmanū","language_name":"english","language_id":38}},{"id":62593,"position":3,"audio_url":"wbw/004_076_003.mp3","qpc_uthmani_hafs":"يُقَٰتِلُونَ","char_type_name":"word","page_number":90,"line_number":4,"text":"ﭳ","translation":{"text":"they fight","language_name":"english","language_id":38},"transliteration":{"text":"yuqātilūna","language_name":"english","language_id":38}},{"id":62594,"position":4,"audio_url":"wbw/004_076_004.mp3","qpc_uthmani_hafs":"فِي","char_type_name":"word","page_number":90,"line_number":4,"text":"ﭴ","translation":{"text":"in","language_name":"english","language_id":38},"transliteration":{"text":"fī","language_name":"english","language_id":38}},{"id":62595,"position":5,"audio_url":"wbw/004_076_005.mp3","qpc_uthmani_hafs":"سَبِيلِ","char_type_name":"word","page_number":90,"line_number":4,"text":"ﭵ","translation":{"text":"(the) way","language_name":"english","language_id":38},"transliteration":{"text":"sabīli","language_name":"english","language_id":38}},{"id":62596,"position":6,"audio_url":"wbw/004_076_006.mp3","qpc_uthmani_hafs":"ٱللَّهِۖ","char_type_name":"word","page_number":90,"line_number":4,"text":"ﭶﭷ","translation":{"text":"(of) Allah","language_name":"english","language_id":38},"transliteration":{"text":"l-lahi","language_name":"english","language_id":38}},{"id":62598,"position":7,"audio_url":"wbw/004_076_008.mp3","qpc_uthmani_hafs":"وَٱلَّذِينَ","char_type_name":"word","page_number":90,"line_number":4,"text":"ﭸ","translation":{"text":"and those","language_name":"english","language_id":38},"transliteration":{"text":"wa-alladhīna","language_name":"english","language_id":38}},{"id":62599,"position":8,"audio_url":"wbw/004_076_009.mp3","qpc_uthmani_hafs":"كَفَرُواْ","char_type_name":"word","page_number":90,"line_number":4,"text":"ﭹ","translation":{"text":"who disbelieve","language_name":"english","language_id":38},"transliteration":{"text":"kafarū","language_name":"english","language_id":38}},{"id":62600,"position":9,"audio_url":"wbw/004_076_010.mp3","qpc_uthmani_hafs":"يُقَٰتِلُونَ","char_type_name":"word","page_number":90,"line_number":5,"text":"ﭺ","translation":{"text":"they fight","language_name":"english","language_id":38},"transliteration":{"text":"yuqātilūna","language_name":"english","language_id":38}},{"id":62601,"position":10,"audio_url":"wbw/004_076_011.mp3","qpc_uthmani_hafs":"فِي","char_type_name":"word","page_number":90,"line_number":5,"text":"ﭻ","translation":{"text":"in","language_name":"english","language_id":38},"transliteration":{"text":"fī","language_name":"english","language_id":38}},{"id":62602,"position":11,"audio_url":"wbw/004_076_012.mp3","qpc_uthmani_hafs":"سَبِيلِ","char_type_name":"word","page_number":90,"line_number":5,"text":"ﭼ","translation":{"text":"(the) way","language_name":"english","language_id":38},"transliteration":{"text":"sabīli","language_name":"english","language_id":38}},{"id":62603,"position":12,"audio_url":"wbw/004_076_013.mp3","qpc_uthmani_hafs":"ٱلطَّٰغُوتِ","char_type_name":"word","page_number":90,"line_number":5,"text":"ﭽ","translation":{"text":"(of) the false deities","language_name":"english","language_id":38},"transliteration":{"text":"l-ṭāghūti","language_name":"english","language_id":38}},{"id":62604,"position":13,"audio_url":"wbw/004_076_014.mp3","qpc_uthmani_hafs":"فَقَٰتِلُوٓاْ","char_type_name":"word","page_number":90,"line_number":5,"text":"ﭾ","translation":{"text":"So fight (against)","language_name":"english","language_id":38},"transliteration":{"text":"faqātilū","language_name":"english","language_id":38}},{"id":62605,"position":14,"audio_url":"wbw/004_076_015.mp3","qpc_uthmani_hafs":"أَوۡلِيَآءَ","char_type_name":"word","page_number":90,"line_number":5,"text":"ﭿ","translation":{"text":"(the) friends","language_name":"english","language_id":38},"transliteration":{"text":"awliyāa","language_name":"english","language_id":38}},{"id":62606,"position":15,"audio_url":"wbw/004_076_016.mp3","qpc_uthmani_hafs":"ٱلشَّيۡطَٰنِۖ","char_type_name":"word","page_number":90,"line_number":5,"text":"ﮀﮁ","translation":{"text":"(of) the Shaitaan","language_name":"english","language_id":38},"transliteration":{"text":"l-shayṭāni","language_name":"english","language_id":38}},{"id":62608,"position":16,"audio_url":"wbw/004_076_018.mp3","qpc_uthmani_hafs":"إِنَّ","char_type_name":"word","page_number":90,"line_number":5,"text":"ﮂ","translation":{"text":"Indeed","language_name":"english","language_id":38},"transliteration":{"text":"inna","language_name":"english","language_id":38}},{"id":62609,"position":17,"audio_url":"wbw/004_076_019.mp3","qpc_uthmani_hafs":"كَيۡدَ","char_type_name":"word","page_number":90,"line_number":5,"text":"ﮃ","translation":{"text":"(the) strategy","language_name":"english","language_id":38},"transliteration":{"text":"kayda","language_name":"english","language_id":38}},{"id":62610,"position":18,"audio_url":"wbw/004_076_020.mp3","qpc_uthmani_hafs":"ٱلشَّيۡطَٰنِ","char_type_name":"word","page_number":90,"line_number":6,"text":"ﮄ","translation":{"text":"(of) the Shaitaan","language_name":"english","language_id":38},"transliteration":{"text":"l-shayṭāni","language_name":"english","language_id":38}},{"id":62611,"position":19,"audio_url":"wbw/004_076_021.mp3","qpc_uthmani_hafs":"كَانَ","char_type_name":"word","page_number":90,"line_number":6,"text":"ﮅ","translation":{"text":"is","language_name":"english","language_id":38},"transliteration":{"text":"kāna","language_name":"english","language_id":38}},{"id":62612,"position":20,"audio_url":"wbw/004_076_022.mp3","qpc_uthmani_hafs":"ضَعِيفًا","char_type_name":"word","page_number":90,"line_number":6,"text":"ﮆ","translation":{"text":"weak","language_name":"english","language_id":38},"transliteration":{"text":"ḍaʿīfan","language_name":"english","language_id":38}},{"id":62613,"position":21,"audio_url":null,"qpc_uthmani_hafs":"٧٦","char_type_name":"end","page_number":90,"line_number":6,"text":"ﮇ","translation":{"text":"(76)","language_name":"english","language_id":38},"transliteration":{"text":null,"language_name":"english","language_id":38}}],"translations":[{"id":916998,"resource_id":134,"text":"Orang-orang yang beriman berperang di jalan Allah, dan orang-orang yang kafir berperang di jalan  ṭāgūt, sebab itu perangilah kawan-kawan setan itu, karena sesungguhnya tipu daya setan itu adalah lemah."}]},{"id":570,"verse_number":77,"verse_key":"4:77","juz_number":5,"hizb_number":9,"rub_el_hizb_number":36,"ruku_number":72,"manzil_number":1,"sajdah_number":null,"text_uthmani":"أَلَمْ تَرَ إِلَى ٱلَّذِينَ قِيلَ لَهُمْ كُفُّوٓا۟ أَيْدِيَكُمْ وَأَقِيمُوا۟ ٱلصَّلَوٰةَ وَءَاتُوا۟ ٱلزَّكَوٰةَ فَلَمَّا كُتِبَ عَلَيْهِمُ ٱلْقِتَالُ إِذَا فَرِيقٌ مِّنْهُمْ يَخْشَوْنَ ٱلنَّاسَ كَخَشْيَةِ ٱللَّهِ أَوْ أَشَدَّ خَشْيَةً ۚ وَقَالُوا۟ رَبَّنَا لِمَ كَتَبْتَ عَلَيْنَا ٱلْقِتَالَ لَوْلَآ أَخَّرْتَنَآ إِلَىٰٓ أَجَلٍ قَرِيبٍ ۗ قُلْ مَتَـٰعُ ٱلدُّنْيَا قَلِيلٌ وَٱلْـَٔاخِرَةُ خَيْرٌ لِّمَنِ ٱتَّقَىٰ وَلَا تُظْلَمُونَ فَتِيلًا","page_number":90,"words":[{"id":62943,"position":1,"audio_url":"wbw/004_077_001.mp3","qpc_uthmani_hafs":"أَلَمۡ","char_type_name":"word","page_number":90,"line_number":6,"text":"ﮈ","translation":{"text":"Have not","language_name":"english","language_id":38},"transliteration":{"text":"alam","language_name":"english","language_id":38}},{"id":62944,"position":2,"audio_url":"wbw/004_077_002.mp3","qpc_uthmani_hafs":"تَرَ","char_type_name":"word","page_number":90,"line_number":6,"text":"ﮉ","translation":{"text":"you seen","language_name":"english","language_id":38},"transliteration":{"text":"tara","language_name":"english","language_id":38}},{"id":62945,"position":3,"audio_url":"wbw/004_077_003.mp3","qpc_uthmani_hafs":"إِلَى","char_type_name":"word","page_number":90,"line_number":6,"text":"ﮊ","translation":{"text":"[towards]","language_name":"english","language_id":38},"transliteration":{"text":"ilā","language_name":"english","language_id":38}},{"id":62946,"position":4,"audio_url":"wbw/004_077_004.mp3","qpc_uthmani_hafs":"ٱلَّذِينَ","char_type_name":"word","page_number":90,"line_number":6,"text":"ﮋ","translation":{"text":"those who","language_name":"english","language_id":38},"transliteration":{"text":"alladhīna","language_name":"english","language_id":38}},{"id":62947,"position":5,"audio_url":"wbw/004_077_005.mp3","qpc_uthmani_hafs":"قِيلَ","char_type_name":"word","page_number":90,"line_number":6,"text":"ﮌ","translation":{"text":"(when) it was said","language_name":"english","language_id":38},"transliteration":{"text":"qīla","language_name":"english","language_id":38}},{"id":62948,"position":6,"audio_url":"wbw/004_077_006.mp3","qpc_uthmani_hafs":"لَهُمۡ","char_type_name":"word","page_number":90,"line_number":6,"text":"ﮍ","translation":{"text":"to them","language_name":"english","language_id":38},"transliteration":{"text":"lahum","language_name":"english","language_id":38}},{"id":62949,"position":7,"audio_url":"wbw/004_077_007.mp3","qpc_uthmani_hafs":"كُفُّوٓاْ","char_type_name":"word","page_number":90,"line_number":6,"text":"ﮎ","translation":{"text":"Restrain","language_name":"english","language_id":38},"transliteration":{"text":"kuffū","language_name":"english","language_id":38}},{"id":62950,"position":8,"audio_url":"wbw/004_077_008.mp3","qpc_uthmani_hafs":"أَيۡدِيَكُمۡ","char_type_name":"word","page_number":90,"line_number":6,"text":"ﮏ","translation":{"text":"your hands","language_name":"english","language_id":38},"transliteration":{"text":"aydiyakum","language_name":"english","language_id":38}},{"id":62951,"position":9,"audio_url":"wbw/004_077_009.mp3","qpc_uthmani_hafs":"وَأَقِيمُواْ","char_type_name":"word","page_number":90,"line_number":7,"text":"ﮐ","translation":{"text":"and establish","language_name":"english","language_id":38},"transliteration":{"text":"wa-aqīmū","language_name":"english","language_id":38}},{"id":62952,"position":10,"audio_url":"wbw/004_077_010.mp3","qpc_uthmani_hafs":"ٱلصَّلَوٰةَ","char_type_name":"word","page_number":90,"line_number":7,"text":"ﮑ","translation":{"text":"the prayer","language_name":"english","language_id":38},"transliteration":{"text":"l-ṣalata","language_name":"english","language_id":38}},{"id":62953,"position":11,"audio_url":"wbw/004_077_011.mp3","qpc_uthmani_hafs":"وَءَاتُواْ","char_type_name":"word","page_number":90,"line_number":7,"text":"ﮒ","translation":{"text":"and give","language_name":"english","language_id":38},"transliteration":{"text":"waātū","language_name":"english","language_id":38}},{"id":62954,"position":12,"audio_url":"wbw/004_077_012.mp3","qpc_uthmani_hafs":"ٱلزَّكَوٰةَ","char_type_name":"word","page_number":90,"line_number":7,"text":"ﮓ","translation":{"text":"the zakah","language_name":"english","language_id":38},"transliteration":{"text":"l-zakata","language_name":"english","language_id":38}},{"id":62955,"position":13,"audio_url":"wbw/004_077_013.mp3","qpc_uthmani_hafs":"فَلَمَّا","char_type_name":"word","page_number":90,"line_number":7,"text":"ﮔ","translation":{"text":"Then when","language_name":"english","language_id":38},"transliteration":{"text":"falammā","language_name":"english","language_id":38}},{"id":62956,"position":14,"audio_url":"wbw/004_077_014.mp3","qpc_uthmani_hafs":"كُتِبَ","char_type_name":"word","page_number":90,"line_number":7,"text":"ﮕ","translation":{"text":"was ordained","language_name":"english","language_id":38},"transliteration":{"text":"kutiba","language_name":"english","language_id":38}},{"id":62957,"position":15,"audio_url":"wbw/004_077_015.mp3","qpc_uthmani_hafs":"عَلَيۡهِمُ","char_type_name":"word","page_number":90,"line_number":7,"text":"ﮖ","translation":{"text":"on them","language_name":"english","language_id":38},"transliteration":{"text":"ʿalayhimu","language_name":"english","language_id":38}},{"id":62958,"position":16,"audio_url":"wbw/004_077_016.mp3","qpc_uthmani_hafs":"ٱلۡقِتَالُ","char_type_name":"word","page_number":90,"line_number":7,"text":"ﮗ","translation":{"text":"the fighting","language_name":"english","language_id":38},"transliteration":{"text":"l-qitālu","language_name":"english","language_id":38}},{"id":62959,"position":17,"audio_url":"wbw/004_077_017.mp3","qpc_uthmani_hafs":"إِذَا","char_type_name":"word","page_number":90,"line_number":7,"text":"ﮘ","translation":{"text":"then","language_name":"english","language_id":38},"transliteration":{"text":"idhā","language_name":"english","language_id":38}},{"id":62960,"position":18,"audio_url":"wbw/004_077_018.mp3","qpc_uthmani_hafs":"فَرِيقٞ","char_type_name":"word","page_number":90,"line_number":7,"text":"ﮙ","translation":{"text":"a group","language_name":"english","language_id":38},"transliteration":{"text":"farīqun","language_name":"english","language_id":38}},{"id":62961,"position":19,"audio_url":"wbw/004_077_019.mp3","qpc_uthmani_hafs":"مِّنۡهُمۡ","char_type_name":"word","page_number":90,"line_number":8,"text":"ﮚ","translation":{"text":"of them","language_name":"english","language_id":38},"transliteration":{"text":"min'hum","language_name":"english","language_id":38}},{"id":62962,"position":20,"audio_url":"wbw/004_077_020.mp3","qpc_uthmani_hafs":"يَخۡشَوۡنَ","char_type_name":"word","page_number":90,"line_number":8,"text":"ﮛ","translation":{"text":"[they] fear","language_name":"english","language_id":38},"transliteration":{"text":"yakhshawna","language_name":"english","language_id":38}},{"id":62963,"position":21,"audio_url":"wbw/004_077_021.mp3","qpc_uthmani_hafs":"ٱلنَّاسَ","char_type_name":"word","page_number":90,"line_number":8,"text":"ﮜ","translation":{"text":"the people","language_name":"english","language_id":38},"transliteration":{"text":"l-nāsa","language_name":"english","language_id":38}},{"id":62964,"position":22,"audio_url":"wbw/004_077_022.mp3","qpc_uthmani_hafs":"كَخَشۡيَةِ","char_type_name":"word","page_number":90,"line_number":8,"text":"ﮝ","translation":{"text":"as (they) fear","language_name":"english","language_id":38},"transliteration":{"text":"kakhashyati","language_name":"english","language_id":38}},{"id":62965,"position":23,"audio_url":"wbw/004_077_023.mp3","qpc_uthmani_hafs":"ٱللَّهِ","char_type_name":"word","page_number":90,"line_number":8,"text":"ﮞ","translation":{"text":"Allah","language_name":"english","language_id":38},"transliteration":{"text":"l-lahi","language_name":"english","language_id":38}},{"id":62966,"position":24,"audio_url":"wbw/004_077_024.mp3","qpc_uthmani_hafs":"أَوۡ","char_type_name":"word","page_number":90,"line_number":8,"text":"ﮟ","translation":{"text":"or","language_name":"english","language_id":38},"transliteration":{"text":"aw","language_name":"english","language_id":38}},{"id":62967,"position":25,"audio_url":"wbw/004_077_025.mp3","qpc_uthmani_hafs":"أَشَدَّ","char_type_name":"word","page_number":90,"line_number":8,"text":"ﮠ","translation":{"text":"more intense","language_name":"english","language_id":38},"transliteration":{"text":"ashadda","language_name":"english","language_id":38}},{"id":62968,"position":26,"audio_url":"wbw/004_077_026.mp3","qpc_uthmani_hafs":"خَشۡيَةٗۚ","char_type_name":"word","page_number":90,"line_number":8,"text":"ﮡﮢ","translation":{"text":"fear","language_name":"english","language_id":38},"transliteration":{"text":"khashyatan","language_name":"english","language_id":38}},{"id":62970,"position":27,"audio_url":"wbw/004_077_028.mp3","qpc_uthmani_hafs":"وَقَالُواْ","char_type_name":"word","page_number":90,"line_number":8,"text":"ﮣ","translation":{"text":"and they said","language_name":"english","language_id":38},"transliteration":{"text":"waqālū","language_name":"english","language_id":38}},{"id":62971,"position":28,"audio_url":"wbw/004_077_029.mp3","qpc_uthmani_hafs":"رَبَّنَا","char_type_name":"word","page_number":90,"line_number":8,"text":"ﮤ","translation":{"text":"Our Lord","language_name":"english","language_id":38},"transliteration":{"text":"rabbanā","language_name":"english","language_id":38}},{"id":62972,"position":29,"audio_url":"wbw/004_077_030.mp3","qpc_uthmani_hafs":"لِمَ","char_type_name":"word","page_number":90,"line_number":8,"text":"ﮥ","translation":{"text":"why","language_name":"english","language_id":38},"transliteration":{"text":"lima","language_name":"english","language_id":38}},{"id":62973,"position":30,"audio_url":"wbw/004_077_031.mp3","qpc_uthmani_hafs":"كَتَبۡتَ","char_type_name":"word","page_number":90,"line_number":9,"text":"ﮦ","translation":{"text":"have You ordained","language_name":"english","language_id":38},"transliteration":{"text":"katabta","language_name":"english","language_id":38}},{"id":62974,"position":31,"audio_url":"wbw/004_077_032.mp3","qpc_uthmani_hafs":"عَلَيۡنَا","char_type_name":"word","page_number":90,"line_number":9,"text":"ﮧ","translation":{"text":"upon us","language_name":"english","language_id":38},"transliteration":{"text":"ʿalaynā","language_name":"english","language_id":38}},{"id":62975,"position":32,"audio_url":"wbw/004_077_033.mp3","qpc_uthmani_hafs":"ٱلۡقِتَالَ","char_type_name":"word","page_number":90,"line_number":9,"text":"ﮨ","translation":{"text":"[the] fighting","language_name":"english","language_id":38},"transliteration":{"text":"l-qitāla","language_name":"english","language_id":38}},{"id":62976,"position":33,"audio_url":"wbw/004_077_034.mp3","qpc_uthmani_hafs":"لَوۡلَآ","char_type_name":"word","page_number":90,"line_number":9,"text":"ﮩ","translation":{"text":"Why not","language_name":"english","language_id":38},"transliteration":{"text":"lawlā","language_name":"english","language_id":38}},{"id":62977,"position":34,"audio_url":"wbw/004_077_035.mp3","qpc_uthmani_hafs":"أَخَّرۡتَنَآ","char_type_name":"word","page_number":90,"line_number":9,"text":"ﮪ","translation":{"text":"You postpone (it for) us","language_name":"english","language_id":38},"transliteration":{"text":"akhartanā","language_name":"english","language_id":38}},{"id":62978,"position":35,"audio_url":"wbw/004_077_036.mp3","qpc_uthmani_hafs":"إِلَىٰٓ","char_type_name":"word","page_number":90,"line_number":9,"text":"ﮫ","translation":{"text":"to","language_name":"english","language_id":38},"transliteration":{"text":"ilā","language_name":"english","language_id":38}},{"id":62979,"position":36,"audio_url":"wbw/004_077_037.mp3","qpc_uthmani_hafs":"أَجَلٖ","char_type_name":"word","page_number":90,"line_number":9,"text":"ﮬ","translation":{"text":"a term","language_name":"english","language_id":38},"transliteration":{"text":"ajalin","language_name":"english","language_id":38}},{"id":62980,"position":37,"audio_url":"wbw/004_077_038.mp3","qpc_uthmani_hafs":"قَرِيبٖۗ","char_type_name":"word","page_number":90,"line_number":9,"text":"ﮭﮮ","translation":{"text":"near","language_name":"english","language_id":38},"transliteration":{"text":"qarībin","language_name":"english","language_id":38}},{"id":62982,"position":38,"audio_url":"wbw/004_077_040.mp3","qpc_uthmani_hafs":"قُلۡ","char_type_name":"word","page_number":90,"line_number":9,"text":"ﮯ","translation":{"text":"Say","language_name":"english","language_id":38},"transliteration":{"text":"qul","language_name":"english","language_id":38}},{"id":62983,"position":39,"audio_url":"wbw/004_077_041.mp3","qpc_uthmani_hafs":"مَتَٰعُ","char_type_name":"word","page_number":90,"line_number":9,"text":"ﮰ","translation":{"text":"Enjoyment","language_name":"english","language_id":38},"transliteration":{"text":"matāʿu","language_name":"english","language_id":38}},{"id":62984,"position":40,"audio_url":"wbw/004_077_042.mp3","qpc_uthmani_hafs":"ٱلدُّنۡيَا","char_type_name":"word","page_number":90,"line_number":9,"text":"ﮱ","translation":{"text":"(of) the world","language_name":"english","language_id":38},"transliteration":{"text":"l-dun'yā","language_name":"english","language_id":38}},{"id":62985,"position":41,"audio_url":"wbw/004_077_043.mp3","qpc_uthmani_hafs":"قَلِيلٞ","char_type_name":"word","page_number":90,"line_number":10,"text":"ﯓ","translation":{"text":"(is) little","language_name":"english","language_id":38},"transliteration":{"text":"qalīlun","language_name":"english","language_id":38}},{"id":62986,"position":42,"audio_url":"wbw/004_077_044.mp3","qpc_uthmani_hafs":"وَٱلۡأٓخِرَةُ","char_type_name":"word","page_number":90,"line_number":10,"text":"ﯔ","translation":{"text":"and the Hereafter","language_name":"english","language_id":38},"transliteration":{"text":"wal-ākhiratu","language_name":"english","language_id":38}},{"id":62987,"position":43,"audio_url":"wbw/004_077_045.mp3","qpc_uthmani_hafs":"خَيۡرٞ","char_type_name":"word","page_number":90,"line_number":10,"text":"ﯕ","translation":{"text":"(is) better","language_name":"english","language_id":38},"transliteration":{"text":"khayrun","language_name":"english","language_id":38}},{"id":62988,"position":44,"audio_url":"wbw/004_077_046.mp3","qpc_uthmani_hafs":"لِّمَنِ","char_type_name":"word","page_number":90,"line_number":10,"text":"ﯖ","translation":{"text":"for whoever","language_name":"english","language_id":38},"transliteration":{"text":"limani","language_name":"english","language_id":38}},{"id":62989,"position":45,"audio_url":"wbw/004_077_047.mp3","qpc_uthmani_hafs":"ٱتَّقَىٰ","char_type_name":"word","page_number":90,"line_number":10,"text":"ﯗ","translation":{"text":"fears (Allah)","language_name":"english","language_id":38},"transliteration":{"text":"ittaqā","language_name":"english","language_id":38}},{"id":62990,"position":46,"audio_url":"wbw/004_077_048.mp3","qpc_uthmani_hafs":"وَلَا","char_type_name":"word","page_number":90,"line_number":10,"text":"ﯘ","translation":{"text":"and not","language_name":"english","language_id":38},"transliteration":{"text":"walā","language_name":"english","language_id":38}},{"id":62991,"position":47,"audio_url":"wbw/004_077_049.mp3","qpc_uthmani_hafs":"تُظۡلَمُونَ","char_type_name":"word","page_number":90,"line_number":10,"text":"ﯙ","translation":{"text":"you will be wronged","language_name":"english","language_id":38},"transliteration":{"text":"tuẓ'lamūna","language_name":"english","language_id":38}},{"id":62992,"position":48,"audio_url":"wbw/004_077_050.mp3","qpc_uthmani_hafs":"فَتِيلًا","char_type_name":"word","page_number":90,"line_number":10,"text":"ﯚ","translation":{"text":"(even as much as) a hair on a date-seed","language_name":"english","language_id":38},"transliteration":{"text":"fatīlan","language_name":"english","language_id":38}},{"id":62993,"position":49,"audio_url":null,"qpc_uthmani_hafs":"٧٧","char_type_name":"end","page_number":90,"line_number":10,"text":"ﯛ","translation":{"text":"(77)","language_name":"english","language_id":38},"transliteration":{"text":null,"language_name":"english","language_id":38}}],"translations":[{"id":916999,"resource_id":134,"text":"Tidakkah kamu perhatikan orang-orang yang dikatakan kepada mereka<sup foot_note=210086>1</sup>, \"Tahanlah tanganmu (dari berperang), dirikanlah salat dan tunaikanlah zakat!\" Setelah diwajibkan kepada mereka berperang, tiba-tiba sebagian dari mereka (golongan munafik) takut kepada manusia (musuh), seperti takutnya kepada Allah, bahkan lebih sangat dari itu takutnya.  Mereka berkata, \"Ya Tuhan kami, mengapa Engkau wajibkan berperang kepada kami? Mengapa tidak Engkau tangguhkan (kewajiban berperang) kepada kami beberapa waktu lagi?\" Katakanlah, \"Kesenangan di dunia ini hanya sebentar dan akhirat itu lebih baik untuk orang-orang yang bertakwa dan kamu tidak akan dianiaya sedikit pun<sup foot_note=210087>2</sup>.\""}]},{"id":571,"verse_number":78,"verse_key":"4:78","juz_number":5,"hizb_number":9,"rub_el_hizb_number":36,"ruku_number":72,"manzil_number":1,"sajdah_number":null,"text_uthmani":"أَيْنَمَا تَكُونُوا۟ يُدْرِككُّمُ ٱلْمَوْتُ وَلَوْ كُنتُمْ فِى بُرُوجٍ مُّشَيَّدَةٍ ۗ وَإِن تُصِبْهُمْ حَسَنَةٌ يَقُولُوا۟ هَـٰذِهِۦ مِنْ عِندِ ٱللَّهِ ۖ وَإِن تُصِبْهُمْ سَيِّئَةٌ يَقُولُوا۟ هَـٰذِهِۦ مِنْ عِندِكَ ۚ قُلْ كُلٌّ مِّنْ عِندِ ٱللَّهِ ۖ فَمَالِ هَـٰٓؤُلَآءِ ٱلْقَوْمِ لَا يَكَادُونَ يَفْقَهُونَ حَدِيثًا","page_number":90,"words":[{"id":63219,"position":1,"audio_url":"wbw/004_078_001.mp3","qpc_uthmani_hafs":"أَيۡنَمَا","char_type_name":"word","page_number":90,"line_number":10,"text":"ﯜ","translation":{"text":"Wherever","language_name":"english","language_id":38},"transliteration":{"text":"aynamā","language_name":"english","language_id":38}},{"id":63220,"position":2,"audio_url":"wbw/004_078_002.mp3","qpc_uthmani_hafs":"تَكُونُواْ","char_type_name":"word","page_number":90,"line_number":11,"text":"ﯝ","translation":{"text":"you be","language_name":"english","language_id":38},"transliteration":{"text":"takūnū","language_name":"english","language_id":38}},{"id":63221,"position":3,"audio_url":"wbw/004_078_003.mp3","qpc_uthmani_hafs":"يُدۡرِككُّمُ","char_type_name":"word","page_number":90,"line_number":11,"text":"ﯞ","translation":{"text":"will overtake you","language_name":"english","language_id":38},"transliteration":{"text":"yud'rikkumu","language_name":"english","language_id":38}},{"id":63222,"position":4,"audio_url":"wbw/004_078_004.mp3","qpc_uthmani_hafs":"ٱلۡمَوۡتُ","char_type_name":"word","page_number":90,"line_number":11,"text":"ﯟ","translation":{"text":"[the] death","language_name":"english","language_id":38},"transliteration":{"text":"l-mawtu","language_name":"english","language_id":38}},{"id":63223,"position":5,"audio_url":"wbw/004_078_005.mp3","qpc_uthmani_hafs":"وَلَوۡ","char_type_name":"word","page_number":90,"line_number":11,"text":"ﯠ","translation":{"text":"even if","language_name":"english","language_id":38},"transliteration":{"text":"walaw","language_name":"english","language_id":38}},{"id":63224,"position":6,"audio_url":"wbw/004_078_006.mp3","qpc_uthmani_hafs":"كُنتُمۡ","char_type_name":"word","page_number":90,"line_number":11,"text":"ﯡ","translation":{"text":"you are","language_name":"english","language_id":38},"transliteration":{"text":"kuntum","language_name":"english","language_id":38}},{"id":63225,"position":7,"audio_url":"wbw/004_078_007.mp3","qpc_uthmani_hafs":"فِي","char_type_name":"word","page_number":90,"line_number":11,"text":"ﯢ","translation":{"text":"in","language_name":"english","language_id":38},"transliteration":{"text":"fī","language_name":"english","language_id":38}},{"id":63226,"position":8,"audio_url":"wbw/004_078_008.mp3","qpc_uthmani_hafs":"بُرُوجٖ","char_type_name":"word","page_number":90,"line_number":11,"text":"ﯣ","translation":{"text":"towers","language_name":"english","language_id":38},"transliteration":{"text":"burūjin","language_name":"english","language_id":38}},{"id":63227,"position":9,"audio_url":"wbw/004_078_009.mp3","qpc_uthmani_hafs":"مُّشَيَّدَةٖۗ","char_type_name":"word","page_number":90,"line_number":11,"text":"ﯤﯥ","translation":{"text":"lofty","language_name":"english","language_id":38},"transliteration":{"text":"mushayyadatin","language_name":"english","language_id":38}},{"id":63229,"position":10,"audio_url":"wbw/004_078_011.mp3","qpc_uthmani_hafs":"وَإِن","char_type_name":"word","page_number":90,"line_number":11,"text":"ﯦ","translation":{"text":"And if","language_name":"english","language_id":38},"transliteration":{"text":"wa-in","language_name":"english","language_id":38}},{"id":63230,"position":11,"audio_url":"wbw/004_078_012.mp3","qpc_uthmani_hafs":"تُصِبۡهُمۡ","char_type_name":"word","page_number":90,"line_number":11,"text":"ﯧ","translation":{"text":"befalls them","language_name":"english","language_id":38},"transliteration":{"text":"tuṣib'hum","language_name":"english","language_id":38}},{"id":63231,"position":12,"audio_url":"wbw/004_078_013.mp3","qpc_uthmani_hafs":"حَسَنَةٞ","char_type_name":"word","page_number":90,"line_number":12,"text":"ﯨ","translation":{"text":"any good","language_name":"english","language_id":38},"transliteration":{"text":"ḥasanatun","language_name":"english","language_id":38}},{"id":63232,"position":13,"audio_url":"wbw/004_078_014.mp3","qpc_uthmani_hafs":"يَقُولُواْ","char_type_name":"word","page_number":90,"line_number":12,"text":"ﯩ","translation":{"text":"they say","language_name":"english","language_id":38},"transliteration":{"text":"yaqūlū","language_name":"english","language_id":38}},{"id":63233,"position":14,"audio_url":"wbw/004_078_015.mp3","qpc_uthmani_hafs":"هَٰذِهِۦ","char_type_name":"word","page_number":90,"line_number":12,"text":"ﯪ","translation":{"text":"This","language_name":"english","language_id":38},"transliteration":{"text":"hādhihi","language_name":"english","language_id":38}},{"id":63234,"position":15,"audio_url":"wbw/004_078_016.mp3","qpc_uthmani_hafs":"مِنۡ","char_type_name":"word","page_number":90,"line_number":12,"text":"ﯫ","translation":{"text":"(is)","language_name":"english","language_id":38},"transliteration":{"text":"min","language_name":"english","language_id":38}},{"id":63235,"position":16,"audio_url":"wbw/004_078_017.mp3","qpc_uthmani_hafs":"عِندِ","char_type_name":"word","page_number":90,"line_number":12,"text":"ﯬ","translation":{"text":"from","language_name":"english","language_id":38},"transliteration":{"text":"ʿindi","language_name":"english","language_id":38}},{"id":63236,"position":17,"audio_url":"wbw/004_078_018.mp3","qpc_uthmani_hafs":"ٱللَّهِۖ","char_type_name":"word","page_number":90,"line_number":12,"text":"ﯭﯮ","translation":{"text":"Allah","language_name":"english","language_id":38},"transliteration":{"text":"l-lahi","language_name":"english","language_id":38}},{"id":63238,"position":18,"audio_url":"wbw/004_078_020.mp3","qpc_uthmani_hafs":"وَإِن","char_type_name":"word","page_number":90,"line_number":12,"text":"ﯯ","translation":{"text":"And if","language_name":"english","language_id":38},"transliteration":{"text":"wa-in","language_name":"english","language_id":38}},{"id":63239,"position":19,"audio_url":"wbw/004_078_021.mp3","qpc_uthmani_hafs":"تُصِبۡهُمۡ","char_type_name":"word","page_number":90,"line_number":12,"text":"ﯰ","translation":{"text":"befalls them","language_name":"english","language_id":38},"transliteration":{"text":"tuṣib'hum","language_name":"english","language_id":38}},{"id":63240,"position":20,"audio_url":"wbw/004_078_022.mp3","qpc_uthmani_hafs":"سَيِّئَةٞ","char_type_name":"word","page_number":90,"line_number":12,"text":"ﯱ","translation":{"text":"any evil","language_name":"english","language_id":38},"transliteration":{"text":"sayyi-atun","language_name":"english","language_id":38}},{"id":63241,"position":21,"audio_url":"wbw/004_078_023.mp3","qpc_uthmani_hafs":"يَقُولُواْ","char_type_name":"word","page_number":90,"line_number":12,"text":"ﯲ","translation":{"text":"they say","language_name":"english","language_id":38},"transliteration":{"text":"yaqūlū","language_name":"english","language_id":38}},{"id":63242,"position":22,"audio_url":"wbw/004_078_024.mp3","qpc_uthmani_hafs":"هَٰذِهِۦ","char_type_name":"word","page_number":90,"line_number":13,"text":"ﯳ","translation":{"text":"This","language_name":"english","language_id":38},"transliteration":{"text":"hādhihi","language_name":"english","language_id":38}},{"id":63243,"position":23,"audio_url":"wbw/004_078_025.mp3","qpc_uthmani_hafs":"مِنۡ","char_type_name":"word","page_number":90,"line_number":13,"text":"ﯴ","translation":{"text":"(is)","language_name":"english","language_id":38},"transliteration":{"text":"min","language_name":"english","language_id":38}},{"id":63244,"position":24,"audio_url":"wbw/004_078_026.mp3","qpc_uthmani_hafs":"عِندِكَۚ","char_type_name":"word","page_number":90,"line_number":13,"text":"ﯵﯶ","translation":{"text":"(from) you","language_name":"english","language_id":38},"transliteration":{"text":"ʿindika","language_name":"english","language_id":38}},{"id":63246,"position":25,"audio_url":"wbw/004_078_028.mp3","qpc_uthmani_hafs":"قُلۡ","char_type_name":"word","page_number":90,"line_number":13,"text":"ﯷ","translation":{"text":"Say","language_name":"english","language_id":38},"transliteration":{"text":"qul","language_name":"english","language_id":38}},{"id":63247,"position":26,"audio_url":"wbw/004_078_029.mp3","qpc_uthmani_hafs":"كُلّٞ","char_type_name":"word","page_number":90,"line_number":13,"text":"ﯸ","translation":{"text":"All","language_name":"english","language_id":38},"transliteration":{"text":"kullun","language_name":"english","language_id":38}},{"id":63248,"position":27,"audio_url":"wbw/004_078_030.mp3","qpc_uthmani_hafs":"مِّنۡ","char_type_name":"word","page_number":90,"line_number":13,"text":"ﯹ","translation":{"text":"(is)","language_name":"english","language_id":38},"transliteration":{"text":"min","language_name":"english","language_id":38}},{"id":63249,"position":28,"audio_url":"wbw/004_078_031.mp3","qpc_uthmani_hafs":"عِندِ","char_type_name":"word","page_number":90,"line_number":13,"text":"ﯺ","translation":{"text":"from","language_name":"english","language_id":38},"transliteration":{"text":"ʿindi","language_name":"english","language_id":38}},{"id":63250,"position":29,"audio_url":"wbw/004_078_032.mp3","qpc_uthmani_hafs":"ٱللَّهِۖ","char_type_name":"word","page_number":90,"line_number":13,"text":"ﯻﯼ","translation":{"text":"Allah","language_name":"english","language_id":38},"transliteration":{"text":"l-lahi","language_name":"english","language_id":38}},{"id":63252,"position":30,"audio_url":"wbw/004_078_034.mp3","qpc_uthmani_hafs":"فَمَالِ","char_type_name":"word","page_number":90,"line_number":13,"text":"ﯽ","translation":{"text":"So what (is wrong)","language_name":"english","language_id":38},"transliteration":{"text":"famāli","language_name":"english","language_id":38}},{"id":63253,"position":31,"audio_url":"wbw/004_078_035.mp3","qpc_uthmani_hafs":"هَٰٓؤُلَآءِ","char_type_name":"word","page_number":90,"line_number":13,"text":"ﯾ","translation":{"text":"(with) these","language_name":"english","language_id":38},"transliteration":{"text":"hāulāi","language_name":"english","language_id":38}},{"id":63254,"position":32,"audio_url":"wbw/004_078_036.mp3","qpc_uthmani_hafs":"ٱلۡقَوۡمِ","char_type_name":"word","page_number":90,"line_number":13,"text":"ﯿ","translation":{"text":"[the] people","language_name":"english","language_id":38},"transliteration":{"text":"l-qawmi","language_name":"english","language_id":38}},{"id":63255,"position":33,"audio_url":"wbw/004_078_037.mp3","qpc_uthmani_hafs":"لَا","char_type_name":"word","page_number":90,"line_number":13,"text":"ﰀ","translation":{"text":"not","language_name":"english","language_id":38},"transliteration":{"text":"lā","language_name":"english","language_id":38}},{"id":63256,"position":34,"audio_url":"wbw/004_078_038.mp3","qpc_uthmani_hafs":"يَكَادُونَ","char_type_name":"word","page_number":90,"line_number":13,"text":"ﰁ","translation":{"text":"do they seem","language_name":"english","language_id":38},"transliteration":{"text":"yakādūna","language_name":"english","language_id":38}},{"id":63257,"position":35,"audio_url":"wbw/004_078_039.mp3","qpc_uthmani_hafs":"يَفۡقَهُونَ","char_type_name":"word","page_number":90,"line_number":14,"text":"ﰂ","translation":{"text":"(to) understand","language_name":"english","language_id":38},"transliteration":{"text":"yafqahūna","language_name":"english","language_id":38}},{"id":63258,"position":36,"audio_url":"wbw/004_078_040.mp3","qpc_uthmani_hafs":"حَدِيثٗا","char_type_name":"word","page_number":90,"line_number":14,"text":"ﰃ","translation":{"text":"any statement","language_name":"english","language_id":38},"transliteration":{"text":"ḥadīthan","language_name":"english","language_id":38}},{"id":63259,"position":37,"audio_url":null,"qpc_uthmani_hafs":"٧٨","char_type_name":"end","page_number":90,"line_number":14,"text":"ﰄ","translation":{"text":"(78)","language_name":"english","language_id":38},"transliteration":{"text":null,"language_name":"english","language_id":38}}],"translations":[{"id":917000,"resource_id":134,"text":"Di mana saja kamu berada, kematian akan mendapatkan kamu, kendatipun kamu di dalam benteng yang tinggi lagi kukuh, dan jika mereka memperoleh kebaikan<sup foot_note=210088>1</sup>, mereka mengatakan, \"Ini adalah dari sisi Allah\", dan kalau mereka ditimpa sesuatu bencana mereka mengatakan, \"Ini (datangnya) dari sisi kamu (Muhammad)\".  Katakanlah, \"Semuanya (datang) dari sisi Allah\".  Maka mengapa orang-orang itu (orang munafik) hampir-hampir tidak memahami pembicaraan<sup foot_note=210089>2</sup> sedikit pun?"}]},{"id":572,"verse_number":79,"verse_key":"4:79","juz_number":5,"hizb_number":9,"rub_el_hizb_number":36,"ruku_number":72,"manzil_number":1,"sajdah_number":null,"text_uthmani":"مَّآ أَصَابَكَ مِنْ حَسَنَةٍ فَمِنَ ٱللَّهِ ۖ وَمَآ أَصَابَكَ مِن سَيِّئَةٍ فَمِن نَّفْسِكَ ۚ وَأَرْسَلْنَـٰكَ لِلنَّاسِ رَسُولًا ۚ وَكَفَىٰ بِٱللَّهِ شَهِيدًا","page_number":90,"words":[{"id":63824,"position":1,"audio_url":"wbw/004_079_001.mp3","qpc_uthmani_hafs":"مَّآ","char_type_name":"word","page_number":90,"line_number":14,"text":"ﰅ","translation":{"text":"What(ever)","language_name":"english","language_id":38},"transliteration":{"text":"mā","language_name":"english","language_id":38}},{"id":63825,"position":2,"audio_url":"wbw/004_079_002.mp3","qpc_uthmani_hafs":"أَصَابَكَ","char_type_name":"word","page_number":90,"line_number":14,"text":"ﰆ","translation":{"text":"befalls you","language_name":"english","language_id":38},"transliteration":{"text":"aṣābaka","language_name":"english","language_id":38}},{"id":63826,"position":3,"audio_url":"wbw/004_079_003.mp3","qpc_uthmani_hafs":"مِنۡ","char_type_name":"word","page_number":90,"line_number":14,"text":"ﰇ","translation":{"text":"of","language_name":"english","language_id":38},"transliteration":{"text":"min","language_name":"english","language_id":38}},{"id":63827,"position":4,"audio_url":"wbw/004_079_004.mp3","qpc_uthmani_hafs":"حَسَنَةٖ","char_type_name":"word","page_number":90,"line_number":14,"text":"ﰈ","translation":{"text":"(the) good","language_name":"english","language_id":38},"transliteration":{"text":"ḥasanatin","language_name":"english","language_id":38}},{"id":63828,"position":5,"audio_url":"wbw/004_079_005.mp3","qpc_uthmani_hafs":"فَمِنَ","char_type_name":"word","page_number":90,"line_number":14,"text":"ﰉ","translation":{"text":"(is) from","language_name":"english","language_id":38},"transliteration":{"text":"famina","language_name":"english","language_id":38}},{"id":63829,"position":6,"audio_url":"wbw/004_079_006.mp3","qpc_uthmani_hafs":"ٱللَّهِۖ","char_type_name":"word","page_number":90,"line_number":14,"text":"ﰊﰋ","translation":{"text":"Allah","language_name":"english","language_id":38},"transliteration":{"text":"l-lahi","language_name":"english","language_id":38}},{"id":63831,"position":7,"audio_url":"wbw/004_079_008.mp3","qpc_uthmani_hafs":"وَمَآ","char_type_name":"word","page_number":90,"line_number":14,"text":"ﰌ","translation":{"text":"and whatever","language_name":"english","language_id":38},"transliteration":{"text":"wamā","language_name":"english","language_id":38}},{"id":63832,"position":8,"audio_url":"wbw/004_079_009.mp3","qpc_uthmani_hafs":"أَصَابَكَ","char_type_name":"word","page_number":90,"line_number":14,"text":"ﰍ","translation":{"text":"befalls you","language_name":"english","language_id":38},"transliteration":{"text":"aṣābaka","language_name":"english","language_id":38}},{"id":63833,"position":9,"audio_url":"wbw/004_079_010.mp3","qpc_uthmani_hafs":"مِن","char_type_name":"word","page_number":90,"line_number":14,"text":"ﰎ","translation":{"text":"of","language_name":"english","language_id":38},"transliteration":{"text":"min","language_name":"english","language_id":38}},{"id":63834,"position":10,"audio_url":"wbw/004_079_011.mp3","qpc_uthmani_hafs":"سَيِّئَةٖ","char_type_name":"word","page_number":90,"line_number":15,"text":"ﰏ","translation":{"text":"(the) evil","language_name":"english","language_id":38},"transliteration":{"text":"sayyi-atin","language_name":"english","language_id":38}},{"id":63835,"position":11,"audio_url":"wbw/004_079_012.mp3","qpc_uthmani_hafs":"فَمِن","char_type_name":"word","page_number":90,"line_number":15,"text":"ﰐ","translation":{"text":"(is) from","language_name":"english","language_id":38},"transliteration":{"text":"famin","language_name":"english","language_id":38}},{"id":63836,"position":12,"audio_url":"wbw/004_079_013.mp3","qpc_uthmani_hafs":"نَّفۡسِكَۚ","char_type_name":"word","page_number":90,"line_number":15,"text":"ﰑﰒ","translation":{"text":"yourself","language_name":"english","language_id":38},"transliteration":{"text":"nafsika","language_name":"english","language_id":38}},{"id":63838,"position":13,"audio_url":"wbw/004_079_015.mp3","qpc_uthmani_hafs":"وَأَرۡسَلۡنَٰكَ","char_type_name":"word","page_number":90,"line_number":15,"text":"ﰓ","translation":{"text":"And We have sent you","language_name":"english","language_id":38},"transliteration":{"text":"wa-arsalnāka","language_name":"english","language_id":38}},{"id":63839,"position":14,"audio_url":"wbw/004_079_016.mp3","qpc_uthmani_hafs":"لِلنَّاسِ","char_type_name":"word","page_number":90,"line_number":15,"text":"ﰔ","translation":{"text":"for the people","language_name":"english","language_id":38},"transliteration":{"text":"lilnnāsi","language_name":"english","language_id":38}},{"id":63840,"position":15,"audio_url":"wbw/004_079_017.mp3","qpc_uthmani_hafs":"رَسُولٗاۚ","char_type_name":"word","page_number":90,"line_number":15,"text":"ﰕﰖ","translation":{"text":"(as) a Messenger","language_name":"english","language_id":38},"transliteration":{"text":"rasūlan","language_name":"english","language_id":38}},{"id":63842,"position":16,"audio_url":"wbw/004_079_019.mp3","qpc_uthmani_hafs":"وَكَفَىٰ","char_type_name":"word","page_number":90,"line_number":15,"text":"ﰗ","translation":{"text":"and is sufficient","language_name":"english","language_id":38},"transliteration":{"text":"wakafā","language_name":"english","language_id":38}},{"id":63843,"position":17,"audio_url":"wbw/004_079_020.mp3","qpc_uthmani_hafs":"بِٱللَّهِ","char_type_name":"word","page_number":90,"line_number":15,"text":"ﰘ","translation":{"text":"Allah","language_name":"english","language_id":38},"transliteration":{"text":"bil-lahi","language_name":"english","language_id":38}},{"id":63844,"position":18,"audio_url":"wbw/004_079_021.mp3","qpc_uthmani_hafs":"شَهِيدٗا","char_type_name":"word","page_number":90,"line_number":15,"text":"ﰙ","translation":{"text":"(as) a Witness","language_name":"english","language_id":38},"transliteration":{"text":"shahīdan","language_name":"english","language_id":38}},{"id":63845,"position":19,"audio_url":null,"qpc_uthmani_hafs":"٧٩","char_type_name":"end","page_number":90,"line_number":15,"text":"ﰚ","translation":{"text":"(79)","language_name":"english","language_id":38},"transliteration":{"text":null,"language_name":"english","language_id":38}}],"translations":[{"id":917001,"resource_id":134,"text":"Apa saja nikmat yang kamu peroleh adalah dari Allah, dan apa saja bencana yang menimpamu, maka dari (kesalahan) dirimu sendiri.  Kami mengutusmu menjadi rasul kepada segenap manusia.  Dan cukuplah Allah menjadi saksi."}]}],"pagination":{"per_page":50,"current_page":1,"next_page":null,"total_pages":1,"total_records":5}}