{"verses":[{"id":580,"verse_number":87,"verse_key":"4:87","juz_number":5,"hizb_number":9,"rub_el_hizb_number":36,"ruku_number":72,"manzil_number":1,"sajdah_number":null,"text_uthmani":"ٱللَّهُ لَآ إِلَـٰهَ إِلَّا هُوَ ۚ لَيَجْمَعَنَّكُمْ إِلَىٰ يَوْمِ ٱلْقِيَـٰمَةِ لَا رَيْبَ فِيهِ ۗ وَمَنْ أَصْدَقُ مِنَ ٱللَّهِ حَدِيثًا","page_number":92,"words":[{"id":66842,"position":1,"audio_url":"wbw/004_087_001.mp3","qpc_uthmani_hafs":"ٱللَّهُ","char_type_name":"word","page_number":92,"line_number":1,"text":"ﭑ","translation":{"text":"Allah ","language_name":"english","language_id":38},"transliteration":{"text":"al-lahu","language_name":"english","language_id":38}},{"id":66843,"position":2,"audio_url":"wbw/004_087_002.mp3","qpc_uthmani_hafs":"لَآ","char_type_name":"word","page_number":92,"line_number":1,"text":"ﭒ","translation":{"text":"(there is) no","language_name":"english","language_id":38},"transliteration":{"text":"lā","language_name":"english","language_id":38}},{"id":66844,"position":3,"audio_url":"wbw/004_087_003.mp3","qpc_uthmani_hafs":"إِلَٰهَ","char_type_name":"word","page_number":92,"line_number":1,"text":"ﭓ","translation":{"text":"god","language_name":"english","language_id":38},"transliteration":{"text":"ilāha","language_name":"english","language_id":38}},{"id":66845,"position":4,"audio_url":"wbw/004_087_004.mp3","qpc_uthmani_hafs":"إِلَّا","char_type_name":"word","page_number":92,"line_number":1,"text":"ﭔ","translation":{"text":"except","language_name":"english","language_id":38},"transliteration":{"text":"illā","language_name":"english","language_id":38}},{"id":66846,"position":5,"audio_url":"wbw/004_087_005.mp3","qpc_uthmani_hafs":"هُوَۚ","char_type_name":"word","page_number":92,"line_number":1,"text":"ﭕﭖ","translation":{"text":"Him","language_name":"english","language_id":38},"transliteration":{"text":"huwa","language_name":"english","language_id":38}},{"id":66848,"position":6,"audio_url":"wbw/004_087_007.mp3","qpc_uthmani_hafs":"لَيَجۡمَعَنَّكُمۡ","char_type_name":"word","page_number":92,"line_number":1,"text":"ﭗ","translation":{"text":"surely He will gather you","language_name":"english","language_id":38},"transliteration":{"text":"layajmaʿannakum","language_name":"english","language_id":38}},{"id":66849,"position":7,"audio_url":"wbw/004_087_008.mp3","qpc_uthmani_hafs":"إِلَىٰ","char_type_name":"word","page_number":92,"line_number":1,"text":"ﭘ","translation":{"text":"to","language_name":"english","language_id":38},"transliteration":{"text":"ilā","language_name":"english","language_id":38}},{"id":66850,"position":8,"audio_url":"wbw/004_087_009.mp3","qpc_uthmani_hafs":"يَوۡمِ","char_type_name":"word","page_number":92,"line_number":1,"text":"ﭙ","translation":{"text":"(the) Day","language_name":"english","language_id":38},"transliteration":{"text":"yawmi","language_name":"english","language_id":38}},{"id":66851,"position":9,"audio_url":"wbw/004_087_010.mp3","qpc_uthmani_hafs":"ٱلۡقِيَٰمَةِ","char_type_name":"word","page_number":92,"line_number":1,"text":"ﭚ","translation":{"text":"(of) Resurrection ","language_name":"english","language_id":38},"transliteration":{"text":"l-qiyāmati","language_name":"english","language_id":38}},{"id":66852,"position":10,"audio_url":"wbw/004_087_011.mp3","qpc_uthmani_hafs":"لَا","char_type_name":"word","page_number":92,"line_number":1,"text":"ﭛ","translation":{"text":"no","language_name":"english","language_id":38},"transliteration":{"text":"lā","language_name":"english","language_id":38}},{"id":66853,"position":11,"audio_url":"wbw/004_087_012.mp3","qpc_uthmani_hafs":"رَيۡبَ","char_type_name":"word","page_number":92,"line_number":1,"text":"ﭜ","translation":{"text":"doubt","language_name":"english","language_id":38},"transliteration":{"text":"rayba","language_name":"english","language_id":38}},{"id":66854,"position":12,"audio_url":"wbw/004_087_013.mp3","qpc_uthmani_hafs":"فِيهِۗ","char_type_name":"word","page_number":92,"line_number":1,"text":"ﭝﭞ","translation":{"text":"about it","language_name":"english","language_id":38},"transliteration":{"text":"fīhi","language_name":"english","language_id":38}},{"id":66856,"position":13,"audio_url":"wbw/004_087_015.mp3","qpc_uthmani_hafs":"وَمَنۡ","char_type_name":"word","page_number":92,"line_number":2,"text":"ﭟ","translation":{"text":"And who","language_name":"english","language_id":38},"transliteration":{"text":"waman","language_name":"english","language_id":38}},{"id":66857,"position":14,"audio_url":"wbw/004_087_016.mp3","qpc_uthmani_hafs":"أَصۡدَقُ","char_type_name":"word","page_number":92,"line_number":2,"text":"ﭠ","translation":{"text":"(is) more truthful","language_name":"english","language_id":38},"transliteration":{"text":"aṣdaqu","language_name":"english","language_id":38}},{"id":66858,"position":15,"audio_url":"wbw/004_087_017.mp3","qpc_uthmani_hafs":"مِنَ","char_type_name":"word","page_number":92,"line_number":2,"text":"ﭡ","translation":{"text":"than","language_name":"english","language_id":38},"transliteration":{"text":"mina","language_name":"english","language_id":38}},{"id":66859,"position":16,"audio_url":"wbw/004_087_018.mp3","qpc_uthmani_hafs":"ٱللَّهِ","char_type_name":"word","page_number":92,"line_number":2,"text":"ﭢ","translation":{"text":"Allah","language_name":"english","language_id":38},"transliteration":{"text":"l-lahi","language_name":"english","language_id":38}},{"id":66860,"position":17,"audio_url":"wbw/004_087_019.mp3","qpc_uthmani_hafs":"حَدِيثٗا","char_type_name":"word","page_number":92,"line_number":2,"text":"ﭣ","translation":{"text":"(in) statement","language_name":"english","language_id":38},"transliteration":{"text":"ḥadīthan","language_name":"english","language_id":38}},{"id":66861,"position":18,"audio_url":null,"qpc_uthmani_hafs":"٨٧","char_type_name":"end","page_number":92,"line_number":2,"text":"ﭤ","translation":{"text":"(87)","language_name":"english","language_id":38},"transliteration":{"text":null,"language_name":"english","language_id":38}}],"translations":[{"id":917009,"resource_id":134,"text":"Allah, tidak ada Tuhan (yang berhak disembah) selain Dia.  Sesungguhnya Dia akan mengumpulkan kamu di hari kiamat, yang tidak ada keraguan terjadinya.  Dan siapakah orang yang lebih benar perkataan(nya) daripada Allah?"}]},{"id":581,"verse_number":88,"verse_key":"4:88","juz_number":5,"hizb_number":10,"rub_el_hizb_number":37,"ruku_number":73,"manzil_number":1,"sajdah_number":null,"text_uthmani":"۞ فَمَا لَكُمْ فِى ٱلْمُنَـٰفِقِينَ فِئَتَيْنِ وَٱللَّهُ أَرْكَسَهُم بِمَا كَسَبُوٓا۟ ۚ أَتُرِيدُونَ أَن تَهْدُوا۟ مَنْ أَضَلَّ ٱللَّهُ ۖ وَمَن يُضْلِلِ ٱللَّهُ فَلَن تَجِدَ لَهُۥ سَبِيلًا","page_number":92,"words":[{"id":67200,"position":1,"audio_url":"wbw/004_088_002.mp3","qpc_uthmani_hafs":"۞ فَمَا","char_type_name":"word","page_number":92,"line_number":2,"text":"ﭥ ﭦ","translation":{"text":"So what","language_name":"english","language_id":38},"transliteration":{"text":"famā","language_name":"english","language_id":38}},{"id":67201,"position":2,"audio_url":"wbw/004_088_003.mp3","qpc_uthmani_hafs":"لَكُمۡ","char_type_name":"word","page_number":92,"line_number":2,"text":"ﭧ","translation":{"text":"(is the matter) with you","language_name":"english","language_id":38},"transliteration":{"text":"lakum","language_name":"english","language_id":38}},{"id":67202,"position":3,"audio_url":"wbw/004_088_004.mp3","qpc_uthmani_hafs":"فِي","char_type_name":"word","page_number":92,"line_number":2,"text":"ﭨ","translation":{"text":"concerning","language_name":"english","language_id":38},"transliteration":{"text":"fī","language_name":"english","language_id":38}},{"id":67203,"position":4,"audio_url":"wbw/004_088_005.mp3","qpc_uthmani_hafs":"ٱلۡمُنَٰفِقِينَ","char_type_name":"word","page_number":92,"line_number":2,"text":"ﭩ","translation":{"text":"the hypocrites (that)","language_name":"english","language_id":38},"transliteration":{"text":"l-munāfiqīna","language_name":"english","language_id":38}},{"id":67204,"position":5,"audio_url":"wbw/004_088_006.mp3","qpc_uthmani_hafs":"فِئَتَيۡنِ","char_type_name":"word","page_number":92,"line_number":3,"text":"ﭪ","translation":{"text":"(you have become) two parties","language_name":"english","language_id":38},"transliteration":{"text":"fi-atayni","language_name":"english","language_id":38}},{"id":67205,"position":6,"audio_url":"wbw/004_088_007.mp3","qpc_uthmani_hafs":"وَٱللَّهُ","char_type_name":"word","page_number":92,"line_number":3,"text":"ﭫ","translation":{"text":"While Allah","language_name":"english","language_id":38},"transliteration":{"text":"wal-lahu","language_name":"english","language_id":38}},{"id":67206,"position":7,"audio_url":"wbw/004_088_008.mp3","qpc_uthmani_hafs":"أَرۡكَسَهُم","char_type_name":"word","page_number":92,"line_number":3,"text":"ﭬ","translation":{"text":"cast them back","language_name":"english","language_id":38},"transliteration":{"text":"arkasahum","language_name":"english","language_id":38}},{"id":67207,"position":8,"audio_url":"wbw/004_088_009.mp3","qpc_uthmani_hafs":"بِمَا","char_type_name":"word","page_number":92,"line_number":3,"text":"ﭭ","translation":{"text":"for what","language_name":"english","language_id":38},"transliteration":{"text":"bimā","language_name":"english","language_id":38}},{"id":67208,"position":9,"audio_url":"wbw/004_088_010.mp3","qpc_uthmani_hafs":"كَسَبُوٓاْۚ","char_type_name":"word","page_number":92,"line_number":3,"text":"ﭮﭯ","translation":{"text":"they earned","language_name":"english","language_id":38},"transliteration":{"text":"kasabū","language_name":"english","language_id":38}},{"id":67210,"position":10,"audio_url":"wbw/004_088_012.mp3","qpc_uthmani_hafs":"أَتُرِيدُونَ","char_type_name":"word","page_number":92,"line_number":3,"text":"ﭰ","translation":{"text":"Do you wish","language_name":"english","language_id":38},"transliteration":{"text":"aturīdūna","language_name":"english","language_id":38}},{"id":67211,"position":11,"audio_url":"wbw/004_088_013.mp3","qpc_uthmani_hafs":"أَن","char_type_name":"word","page_number":92,"line_number":3,"text":"ﭱ","translation":{"text":"that","language_name":"english","language_id":38},"transliteration":{"text":"an","language_name":"english","language_id":38}},{"id":67212,"position":12,"audio_url":"wbw/004_088_014.mp3","qpc_uthmani_hafs":"تَهۡدُواْ","char_type_name":"word","page_number":92,"line_number":3,"text":"ﭲ","translation":{"text":"you guide","language_name":"english","language_id":38},"transliteration":{"text":"tahdū","language_name":"english","language_id":38}},{"id":67213,"position":13,"audio_url":"wbw/004_088_015.mp3","qpc_uthmani_hafs":"مَنۡ","char_type_name":"word","page_number":92,"line_number":3,"text":"ﭳ","translation":{"text":"whom","language_name":"english","language_id":38},"transliteration":{"text":"man","language_name":"english","language_id":38}},{"id":67214,"position":14,"audio_url":"wbw/004_088_016.mp3","qpc_uthmani_hafs":"أَضَلَّ","char_type_name":"word","page_number":92,"line_number":4,"text":"ﭴ","translation":{"text":"is let astray","language_name":"english","language_id":38},"transliteration":{"text":"aḍalla","language_name":"english","language_id":38}},{"id":67215,"position":15,"audio_url":"wbw/004_088_017.mp3","qpc_uthmani_hafs":"ٱللَّهُۖ","char_type_name":"word","page_number":92,"line_number":4,"text":"ﭵﭶ","translation":{"text":"(by) Allah","language_name":"english","language_id":38},"transliteration":{"text":"l-lahu","language_name":"english","language_id":38}},{"id":67217,"position":16,"audio_url":"wbw/004_088_019.mp3","qpc_uthmani_hafs":"وَمَن","char_type_name":"word","page_number":92,"line_number":4,"text":"ﭷ","translation":{"text":"And whoever","language_name":"english","language_id":38},"transliteration":{"text":"waman","language_name":"english","language_id":38}},{"id":67218,"position":17,"audio_url":"wbw/004_088_020.mp3","qpc_uthmani_hafs":"يُضۡلِلِ","char_type_name":"word","page_number":92,"line_number":4,"text":"ﭸ","translation":{"text":"is let astray","language_name":"english","language_id":38},"transliteration":{"text":"yuḍ'lili","language_name":"english","language_id":38}},{"id":67219,"position":18,"audio_url":"wbw/004_088_021.mp3","qpc_uthmani_hafs":"ٱللَّهُ","char_type_name":"word","page_number":92,"line_number":4,"text":"ﭹ","translation":{"text":"(by) Allah","language_name":"english","language_id":38},"transliteration":{"text":"l-lahu","language_name":"english","language_id":38}},{"id":67220,"position":19,"audio_url":"wbw/004_088_022.mp3","qpc_uthmani_hafs":"فَلَن","char_type_name":"word","page_number":92,"line_number":4,"text":"ﭺ","translation":{"text":"then never","language_name":"english","language_id":38},"transliteration":{"text":"falan","language_name":"english","language_id":38}},{"id":67221,"position":20,"audio_url":"wbw/004_088_023.mp3","qpc_uthmani_hafs":"تَجِدَ","char_type_name":"word","page_number":92,"line_number":4,"text":"ﭻ","translation":{"text":"will you find","language_name":"english","language_id":38},"transliteration":{"text":"tajida","language_name":"english","language_id":38}},{"id":67222,"position":21,"audio_url":"wbw/004_088_024.mp3","qpc_uthmani_hafs":"لَهُۥ","char_type_name":"word","page_number":92,"line_number":4,"text":"ﭼ","translation":{"text":"for him","language_name":"english","language_id":38},"transliteration":{"text":"lahu","language_name":"english","language_id":38}},{"id":67223,"position":22,"audio_url":"wbw/004_088_025.mp3","qpc_uthmani_hafs":"سَبِيلٗا","char_type_name":"word","page_number":92,"line_number":4,"text":"ﭽ","translation":{"text":"a way","language_name":"english","language_id":38},"transliteration":{"text":"sabīlan","language_name":"english","language_id":38}},{"id":67224,"position":23,"audio_url":null,"qpc_uthmani_hafs":"٨٨","char_type_name":"end","page_number":92,"line_number":4,"text":"ﭾ","translation":{"text":"(88)","language_name":"english","language_id":38},"transliteration":{"text":null,"language_name":"english","language_id":38}}],"translations":[{"id":917010,"resource_id":134,"text":"Maka mengapa kamu (terpecah) menjadi dua golongan<sup foot_note=210097>1</sup> dalam (menghadapi) orang-orang munafik, padahal Allah telah membalikkan mereka kepada kekafiran disebabkan usaha mereka sendiri? Apakah kamu bermaksud memberi petunjuk kepada orang-orang yang telah disesatkan Allah<sup foot_note=210098>2</sup>? Barang siapa yang disesatkan Allah, sekali-kali kamu tidak mendapatkan jalan (untuk memberi petunjuk) kepadanya."}]},{"id":582,"verse_number":89,"verse_key":"4:89","juz_number":5,"hizb_number":10,"rub_el_hizb_number":37,"ruku_number":73,"manzil_number":1,"sajdah_number":null,"text_uthmani":"وَدُّوا۟ لَوْ تَكْفُرُونَ كَمَا كَفَرُوا۟ فَتَكُونُونَ سَوَآءً ۖ فَلَا تَتَّخِذُوا۟ مِنْهُمْ أَوْلِيَآءَ حَتَّىٰ يُهَاجِرُوا۟ فِى سَبِيلِ ٱللَّهِ ۚ فَإِن تَوَلَّوْا۟ فَخُذُوهُمْ وَٱقْتُلُوهُمْ حَيْثُ وَجَدتُّمُوهُمْ ۖ وَلَا تَتَّخِذُوا۟ مِنْهُمْ وَلِيًّا وَلَا نَصِيرًا","page_number":92,"words":[{"id":67562,"position":1,"audio_url":"wbw/004_089_001.mp3","qpc_uthmani_hafs":"وَدُّواْ","char_type_name":"word","page_number":92,"line_number":4,"text":"ﭿ","translation":{"text":"They wish","language_name":"english","language_id":38},"transliteration":{"text":"waddū","language_name":"english","language_id":38}},{"id":67563,"position":2,"audio_url":"wbw/004_089_002.mp3","qpc_uthmani_hafs":"لَوۡ","char_type_name":"word","page_number":92,"line_number":4,"text":"ﮀ","translation":{"text":"if","language_name":"english","language_id":38},"transliteration":{"text":"law","language_name":"english","language_id":38}},{"id":67564,"position":3,"audio_url":"wbw/004_089_003.mp3","qpc_uthmani_hafs":"تَكۡفُرُونَ","char_type_name":"word","page_number":92,"line_number":5,"text":"ﮁ","translation":{"text":"you disbelieve","language_name":"english","language_id":38},"transliteration":{"text":"takfurūna","language_name":"english","language_id":38}},{"id":67565,"position":4,"audio_url":"wbw/004_089_004.mp3","qpc_uthmani_hafs":"كَمَا","char_type_name":"word","page_number":92,"line_number":5,"text":"ﮂ","translation":{"text":"as","language_name":"english","language_id":38},"transliteration":{"text":"kamā","language_name":"english","language_id":38}},{"id":67566,"position":5,"audio_url":"wbw/004_089_005.mp3","qpc_uthmani_hafs":"كَفَرُواْ","char_type_name":"word","page_number":92,"line_number":5,"text":"ﮃ","translation":{"text":"they disbelieved","language_name":"english","language_id":38},"transliteration":{"text":"kafarū","language_name":"english","language_id":38}},{"id":67567,"position":6,"audio_url":"wbw/004_089_006.mp3","qpc_uthmani_hafs":"فَتَكُونُونَ","char_type_name":"word","page_number":92,"line_number":5,"text":"ﮄ","translation":{"text":"and you would be","language_name":"english","language_id":38},"transliteration":{"text":"fatakūnūna","language_name":"english","language_id":38}},{"id":67568,"position":7,"audio_url":"wbw/004_089_007.mp3","qpc_uthmani_hafs":"سَوَآءٗۖ","char_type_name":"word","page_number":92,"line_number":5,"text":"ﮅﮆ","translation":{"text":"alike","language_name":"english","language_id":38},"transliteration":{"text":"sawāan","language_name":"english","language_id":38}},{"id":67570,"position":8,"audio_url":"wbw/004_089_009.mp3","qpc_uthmani_hafs":"فَلَا","char_type_name":"word","page_number":92,"line_number":5,"text":"ﮇ","translation":{"text":"So (do) not","language_name":"english","language_id":38},"transliteration":{"text":"falā","language_name":"english","language_id":38}},{"id":67571,"position":9,"audio_url":"wbw/004_089_010.mp3","qpc_uthmani_hafs":"تَتَّخِذُواْ","char_type_name":"word","page_number":92,"line_number":5,"text":"ﮈ","translation":{"text":"take","language_name":"english","language_id":38},"transliteration":{"text":"tattakhidhū","language_name":"english","language_id":38}},{"id":67572,"position":10,"audio_url":"wbw/004_089_011.mp3","qpc_uthmani_hafs":"مِنۡهُمۡ","char_type_name":"word","page_number":92,"line_number":5,"text":"ﮉ","translation":{"text":"from them","language_name":"english","language_id":38},"transliteration":{"text":"min'hum","language_name":"english","language_id":38}},{"id":67573,"position":11,"audio_url":"wbw/004_089_012.mp3","qpc_uthmani_hafs":"أَوۡلِيَآءَ","char_type_name":"word","page_number":92,"line_number":5,"text":"ﮊ","translation":{"text":"allies","language_name":"english","language_id":38},"transliteration":{"text":"awliyāa","language_name":"english","language_id":38}},{"id":67574,"position":12,"audio_url":"wbw/004_089_013.mp3","qpc_uthmani_hafs":"حَتَّىٰ","char_type_name":"word","page_number":92,"line_number":6,"text":"ﮋ","translation":{"text":"until","language_name":"english","language_id":38},"transliteration":{"text":"ḥattā","language_name":"english","language_id":38}},{"id":67575,"position":13,"audio_url":"wbw/004_089_014.mp3","qpc_uthmani_hafs":"يُهَاجِرُواْ","char_type_name":"word","page_number":92,"line_number":6,"text":"ﮌ","translation":{"text":"they emigrate","language_name":"english","language_id":38},"transliteration":{"text":"yuhājirū","language_name":"english","language_id":38}},{"id":67576,"position":14,"audio_url":"wbw/004_089_015.mp3","qpc_uthmani_hafs":"فِي","char_type_name":"word","page_number":92,"line_number":6,"text":"ﮍ","translation":{"text":"in","language_name":"english","language_id":38},"transliteration":{"text":"fī","language_name":"english","language_id":38}},{"id":67577,"position":15,"audio_url":"wbw/004_089_016.mp3","qpc_uthmani_hafs":"سَبِيلِ","char_type_name":"word","page_number":92,"line_number":6,"text":"ﮎ","translation":{"text":"(the) way","language_name":"english","language_id":38},"transliteration":{"text":"sabīli","language_name":"english","language_id":38}},{"id":67578,"position":16,"audio_url":"wbw/004_089_017.mp3","qpc_uthmani_hafs":"ٱللَّهِۚ","char_type_name":"word","page_number":92,"line_number":6,"text":"ﮏﮐ","translation":{"text":"(of) Allah","language_name":"english","language_id":38},"transliteration":{"text":"l-lahi","language_name":"english","language_id":38}},{"id":67580,"position":17,"audio_url":"wbw/004_089_019.mp3","qpc_uthmani_hafs":"فَإِن","char_type_name":"word","page_number":92,"line_number":6,"text":"ﮑ","translation":{"text":"But if","language_name":"english","language_id":38},"transliteration":{"text":"fa-in","language_name":"english","language_id":38}},{"id":67581,"position":18,"audio_url":"wbw/004_089_020.mp3","qpc_uthmani_hafs":"تَوَلَّوۡاْ","char_type_name":"word","page_number":92,"line_number":6,"text":"ﮒ","translation":{"text":"they turn back","language_name":"english","language_id":38},"transliteration":{"text":"tawallaw","language_name":"english","language_id":38}},{"id":67582,"position":19,"audio_url":"wbw/004_089_021.mp3","qpc_uthmani_hafs":"فَخُذُوهُمۡ","char_type_name":"word","page_number":92,"line_number":6,"text":"ﮓ","translation":{"text":"seize them","language_name":"english","language_id":38},"transliteration":{"text":"fakhudhūhum","language_name":"english","language_id":38}},{"id":67583,"position":20,"audio_url":"wbw/004_089_022.mp3","qpc_uthmani_hafs":"وَٱقۡتُلُوهُمۡ","char_type_name":"word","page_number":92,"line_number":6,"text":"ﮔ","translation":{"text":"and kill them","language_name":"english","language_id":38},"transliteration":{"text":"wa-uq'tulūhum","language_name":"english","language_id":38}},{"id":67584,"position":21,"audio_url":"wbw/004_089_023.mp3","qpc_uthmani_hafs":"حَيۡثُ","char_type_name":"word","page_number":92,"line_number":7,"text":"ﮕ","translation":{"text":"wherever","language_name":"english","language_id":38},"transliteration":{"text":"ḥaythu","language_name":"english","language_id":38}},{"id":67585,"position":22,"audio_url":"wbw/004_089_024.mp3","qpc_uthmani_hafs":"وَجَدتُّمُوهُمۡۖ","char_type_name":"word","page_number":92,"line_number":7,"text":"ﮖﮗ","translation":{"text":"you find them","language_name":"english","language_id":38},"transliteration":{"text":"wajadttumūhum","language_name":"english","language_id":38}},{"id":67587,"position":23,"audio_url":"wbw/004_089_026.mp3","qpc_uthmani_hafs":"وَلَا","char_type_name":"word","page_number":92,"line_number":7,"text":"ﮘ","translation":{"text":"And (do) not","language_name":"english","language_id":38},"transliteration":{"text":"walā","language_name":"english","language_id":38}},{"id":67588,"position":24,"audio_url":"wbw/004_089_027.mp3","qpc_uthmani_hafs":"تَتَّخِذُواْ","char_type_name":"word","page_number":92,"line_number":7,"text":"ﮙ","translation":{"text":"take","language_name":"english","language_id":38},"transliteration":{"text":"tattakhidhū","language_name":"english","language_id":38}},{"id":67589,"position":25,"audio_url":"wbw/004_089_028.mp3","qpc_uthmani_hafs":"مِنۡهُمۡ","char_type_name":"word","page_number":92,"line_number":7,"text":"ﮚ","translation":{"text":"from them","language_name":"english","language_id":38},"transliteration":{"text":"min'hum","language_name":"english","language_id":38}},{"id":67590,"position":26,"audio_url":"wbw/004_089_029.mp3","qpc_uthmani_hafs":"وَلِيّٗا","char_type_name":"word","page_number":92,"line_number":7,"text":"ﮛ","translation":{"text":"any ally","language_name":"english","language_id":38},"transliteration":{"text":"waliyyan","language_name":"english","language_id":38}},{"id":67591,"position":27,"audio_url":"wbw/004_089_030.mp3","qpc_uthmani_hafs":"وَلَا","char_type_name":"word","page_number":92,"line_number":7,"text":"ﮜ","translation":{"text":"and not","language_name":"english","language_id":38},"transliteration":{"text":"walā","language_name":"english","language_id":38}},{"id":67592,"position":28,"audio_url":"wbw/004_089_031.mp3","qpc_uthmani_hafs":"نَصِيرًا","char_type_name":"word","page_number":92,"line_number":7,"text":"ﮝ","translation":{"text":"any helper","language_name":"english","language_id":38},"transliteration":{"text":"naṣīran","language_name":"english","language_id":38}},{"id":67593,"position":29,"audio_url":null,"qpc_uthmani_hafs":"٨٩","char_type_name":"end","page_number":92,"line_number":7,"text":"ﮞ","translation":{"text":"(89)","language_name":"english","language_id":38},"transliteration":{"text":null,"language_name":"english","language_id":38}}],"translations":[{"id":917011,"resource_id":134,"text":"Mereka ingin supaya kamu menjadi kafir sebagaimana mereka telah menjadi kafir, lalu kamu menjadi sama (dengan mereka).  Maka janganlah kamu jadikan di antara mereka penolong-penolong(mu), hingga mereka berhijrah pada jalan Allah.  Maka jika mereka berpaling<sup foot_note=210099>1</sup>, tawan dan bunuhlah mereka di mana saja kamu menemuinya, dan janganlah kamu ambil seorang pun di antara mereka menjadi pelindung, dan jangan (pula) menjadi penolong,"}]},{"id":583,"verse_number":90,"verse_key":"4:90","juz_number":5,"hizb_number":10,"rub_el_hizb_number":37,"ruku_number":73,"manzil_number":1,"sajdah_number":null,"text_uthmani":"إِلَّا ٱلَّذِينَ يَصِلُونَ إِلَىٰ قَوْمٍۭ بَيْنَكُمْ وَبَيْنَهُم مِّيثَـٰقٌ أَوْ جَآءُوكُمْ حَصِرَتْ صُدُورُهُمْ أَن يُقَـٰتِلُوكُمْ أَوْ يُقَـٰتِلُوا۟ قَوْمَهُمْ ۚ وَلَوْ شَآءَ ٱللَّهُ لَسَلَّطَهُمْ عَلَيْكُمْ فَلَقَـٰتَلُوكُمْ ۚ فَإِنِ ٱعْتَزَلُوكُمْ فَلَمْ يُقَـٰتِلُوكُمْ وَأَلْقَوْا۟ إِلَيْكُمُ ٱلسَّلَمَ فَمَا جَعَلَ ٱللَّهُ لَكُمْ عَلَيْهِمْ سَبِيلًا","page_number":92,"words":[{"id":67928,"position":1,"audio_url":"wbw/004_090_001.mp3","qpc_uthmani_hafs":"إِلَّا","char_type_name":"word","page_number":92,"line_number":8,"text":"ﮟ","translation":{"text":"Except","language_name":"english","language_id":38},"transliteration":{"text":"illā","language_name":"english","language_id":38}},{"id":67929,"position":2,"audio_url":"wbw/004_090_002.mp3","qpc_uthmani_hafs":"ٱلَّذِينَ","char_type_name":"word","page_number":92,"line_number":8,"text":"ﮠ","translation":{"text":"those who","language_name":"english","language_id":38},"transliteration":{"text":"alladhīna","language_name":"english","language_id":38}},{"id":67930,"position":3,"audio_url":"wbw/004_090_003.mp3","qpc_uthmani_hafs":"يَصِلُونَ","char_type_name":"word","page_number":92,"line_number":8,"text":"ﮡ","translation":{"text":"join","language_name":"english","language_id":38},"transliteration":{"text":"yaṣilūna","language_name":"english","language_id":38}},{"id":67931,"position":4,"audio_url":"wbw/004_090_004.mp3","qpc_uthmani_hafs":"إِلَىٰ","char_type_name":"word","page_number":92,"line_number":8,"text":"ﮢ","translation":{"text":"[to]","language_name":"english","language_id":38},"transliteration":{"text":"ilā","language_name":"english","language_id":38}},{"id":67932,"position":5,"audio_url":"wbw/004_090_005.mp3","qpc_uthmani_hafs":"قَوۡمِۭ","char_type_name":"word","page_number":92,"line_number":8,"text":"ﮣ","translation":{"text":"a group","language_name":"english","language_id":38},"transliteration":{"text":"qawmin","language_name":"english","language_id":38}},{"id":67933,"position":6,"audio_url":"wbw/004_090_006.mp3","qpc_uthmani_hafs":"بَيۡنَكُمۡ","char_type_name":"word","page_number":92,"line_number":8,"text":"ﮤ","translation":{"text":"between you","language_name":"english","language_id":38},"transliteration":{"text":"baynakum","language_name":"english","language_id":38}},{"id":67934,"position":7,"audio_url":"wbw/004_090_007.mp3","qpc_uthmani_hafs":"وَبَيۡنَهُم","char_type_name":"word","page_number":92,"line_number":8,"text":"ﮥ","translation":{"text":"and between them","language_name":"english","language_id":38},"transliteration":{"text":"wabaynahum","language_name":"english","language_id":38}},{"id":67935,"position":8,"audio_url":"wbw/004_090_008.mp3","qpc_uthmani_hafs":"مِّيثَٰقٌ","char_type_name":"word","page_number":92,"line_number":8,"text":"ﮦ","translation":{"text":"(is) a treaty","language_name":"english","language_id":38},"transliteration":{"text":"mīthāqun","language_name":"english","language_id":38}},{"id":67936,"position":9,"audio_url":"wbw/004_090_009.mp3","qpc_uthmani_hafs":"أَوۡ","char_type_name":"word","page_number":92,"line_number":8,"text":"ﮧ","translation":{"text":"or","language_name":"english","language_id":38},"transliteration":{"text":"aw","language_name":"english","language_id":38}},{"id":67937,"position":10,"audio_url":"wbw/004_090_010.mp3","qpc_uthmani_hafs":"جَآءُوكُمۡ","char_type_name":"word","page_number":92,"line_number":8,"text":"ﮨ","translation":{"text":"those who come to you","language_name":"english","language_id":38},"transliteration":{"text":"jāūkum","language_name":"english","language_id":38}},{"id":67938,"position":11,"audio_url":"wbw/004_090_011.mp3","qpc_uthmani_hafs":"حَصِرَتۡ","char_type_name":"word","page_number":92,"line_number":9,"text":"ﮩ","translation":{"text":"restraining","language_name":"english","language_id":38},"transliteration":{"text":"ḥaṣirat","language_name":"english","language_id":38}},{"id":67939,"position":12,"audio_url":"wbw/004_090_012.mp3","qpc_uthmani_hafs":"صُدُورُهُمۡ","char_type_name":"word","page_number":92,"line_number":9,"text":"ﮪ","translation":{"text":"their hearts","language_name":"english","language_id":38},"transliteration":{"text":"ṣudūruhum","language_name":"english","language_id":38}},{"id":67940,"position":13,"audio_url":"wbw/004_090_013.mp3","qpc_uthmani_hafs":"أَن","char_type_name":"word","page_number":92,"line_number":9,"text":"ﮫ","translation":{"text":"that","language_name":"english","language_id":38},"transliteration":{"text":"an","language_name":"english","language_id":38}},{"id":67941,"position":14,"audio_url":"wbw/004_090_014.mp3","qpc_uthmani_hafs":"يُقَٰتِلُوكُمۡ","char_type_name":"word","page_number":92,"line_number":9,"text":"ﮬ","translation":{"text":"they fight you","language_name":"english","language_id":38},"transliteration":{"text":"yuqātilūkum","language_name":"english","language_id":38}},{"id":67942,"position":15,"audio_url":"wbw/004_090_015.mp3","qpc_uthmani_hafs":"أَوۡ","char_type_name":"word","page_number":92,"line_number":9,"text":"ﮭ","translation":{"text":"or","language_name":"english","language_id":38},"transliteration":{"text":"aw","language_name":"english","language_id":38}},{"id":67943,"position":16,"audio_url":"wbw/004_090_016.mp3","qpc_uthmani_hafs":"يُقَٰتِلُواْ","char_type_name":"word","page_number":92,"line_number":9,"text":"ﮮ","translation":{"text":"they fight","language_name":"english","language_id":38},"transliteration":{"text":"yuqātilū","language_name":"english","language_id":38}},{"id":67944,"position":17,"audio_url":"wbw/004_090_017.mp3","qpc_uthmani_hafs":"قَوۡمَهُمۡۚ","char_type_name":"word","page_number":92,"line_number":9,"text":"ﮯﮰ","translation":{"text":"their people","language_name":"english","language_id":38},"transliteration":{"text":"qawmahum","language_name":"english","language_id":38}},{"id":67946,"position":18,"audio_url":"wbw/004_090_019.mp3","qpc_uthmani_hafs":"وَلَوۡ","char_type_name":"word","page_number":92,"line_number":9,"text":"ﮱ","translation":{"text":"And if","language_name":"english","language_id":38},"transliteration":{"text":"walaw","language_name":"english","language_id":38}},{"id":67947,"position":19,"audio_url":"wbw/004_090_020.mp3","qpc_uthmani_hafs":"شَآءَ","char_type_name":"word","page_number":92,"line_number":9,"text":"ﯓ","translation":{"text":"(had) willed","language_name":"english","language_id":38},"transliteration":{"text":"shāa","language_name":"english","language_id":38}},{"id":67948,"position":20,"audio_url":"wbw/004_090_021.mp3","qpc_uthmani_hafs":"ٱللَّهُ","char_type_name":"word","page_number":92,"line_number":10,"text":"ﯔ","translation":{"text":"Allah","language_name":"english","language_id":38},"transliteration":{"text":"l-lahu","language_name":"english","language_id":38}},{"id":67949,"position":21,"audio_url":"wbw/004_090_022.mp3","qpc_uthmani_hafs":"لَسَلَّطَهُمۡ","char_type_name":"word","page_number":92,"line_number":10,"text":"ﯕ","translation":{"text":"surely He (would have) given them power","language_name":"english","language_id":38},"transliteration":{"text":"lasallaṭahum","language_name":"english","language_id":38}},{"id":67950,"position":22,"audio_url":"wbw/004_090_023.mp3","qpc_uthmani_hafs":"عَلَيۡكُمۡ","char_type_name":"word","page_number":92,"line_number":10,"text":"ﯖ","translation":{"text":"over you","language_name":"english","language_id":38},"transliteration":{"text":"ʿalaykum","language_name":"english","language_id":38}},{"id":67951,"position":23,"audio_url":"wbw/004_090_024.mp3","qpc_uthmani_hafs":"فَلَقَٰتَلُوكُمۡۚ","char_type_name":"word","page_number":92,"line_number":10,"text":"ﯗﯘ","translation":{"text":"and surely they (would have) fought you","language_name":"english","language_id":38},"transliteration":{"text":"falaqātalūkum","language_name":"english","language_id":38}},{"id":67953,"position":24,"audio_url":"wbw/004_090_026.mp3","qpc_uthmani_hafs":"فَإِنِ","char_type_name":"word","page_number":92,"line_number":10,"text":"ﯙ","translation":{"text":"So if","language_name":"english","language_id":38},"transliteration":{"text":"fa-ini","language_name":"english","language_id":38}},{"id":67954,"position":25,"audio_url":"wbw/004_090_027.mp3","qpc_uthmani_hafs":"ٱعۡتَزَلُوكُمۡ","char_type_name":"word","page_number":92,"line_number":10,"text":"ﯚ","translation":{"text":"they withdraw from you","language_name":"english","language_id":38},"transliteration":{"text":"iʿ'tazalūkum","language_name":"english","language_id":38}},{"id":67955,"position":26,"audio_url":"wbw/004_090_028.mp3","qpc_uthmani_hafs":"فَلَمۡ","char_type_name":"word","page_number":92,"line_number":10,"text":"ﯛ","translation":{"text":"and (do) not","language_name":"english","language_id":38},"transliteration":{"text":"falam","language_name":"english","language_id":38}},{"id":67956,"position":27,"audio_url":"wbw/004_090_029.mp3","qpc_uthmani_hafs":"يُقَٰتِلُوكُمۡ","char_type_name":"word","page_number":92,"line_number":10,"text":"ﯜ","translation":{"text":"fight against you","language_name":"english","language_id":38},"transliteration":{"text":"yuqātilūkum","language_name":"english","language_id":38}},{"id":67957,"position":28,"audio_url":"wbw/004_090_030.mp3","qpc_uthmani_hafs":"وَأَلۡقَوۡاْ","char_type_name":"word","page_number":92,"line_number":11,"text":"ﯝ","translation":{"text":"and offer","language_name":"english","language_id":38},"transliteration":{"text":"wa-alqaw","language_name":"english","language_id":38}},{"id":67958,"position":29,"audio_url":"wbw/004_090_031.mp3","qpc_uthmani_hafs":"إِلَيۡكُمُ","char_type_name":"word","page_number":92,"line_number":11,"text":"ﯞ","translation":{"text":"to you","language_name":"english","language_id":38},"transliteration":{"text":"ilaykumu","language_name":"english","language_id":38}},{"id":67959,"position":30,"audio_url":"wbw/004_090_032.mp3","qpc_uthmani_hafs":"ٱلسَّلَمَ","char_type_name":"word","page_number":92,"line_number":11,"text":"ﯟ","translation":{"text":"[the] peace","language_name":"english","language_id":38},"transliteration":{"text":"l-salama","language_name":"english","language_id":38}},{"id":67960,"position":31,"audio_url":"wbw/004_090_033.mp3","qpc_uthmani_hafs":"فَمَا","char_type_name":"word","page_number":92,"line_number":11,"text":"ﯠ","translation":{"text":"then not","language_name":"english","language_id":38},"transliteration":{"text":"famā","language_name":"english","language_id":38}},{"id":67961,"position":32,"audio_url":"wbw/004_090_034.mp3","qpc_uthmani_hafs":"جَعَلَ","char_type_name":"word","page_number":92,"line_number":11,"text":"ﯡ","translation":{"text":"(has) made","language_name":"english","language_id":38},"transliteration":{"text":"jaʿala","language_name":"english","language_id":38}},{"id":67962,"position":33,"audio_url":"wbw/004_090_035.mp3","qpc_uthmani_hafs":"ٱللَّهُ","char_type_name":"word","page_number":92,"line_number":11,"text":"ﯢ","translation":{"text":"Allah","language_name":"english","language_id":38},"transliteration":{"text":"l-lahu","language_name":"english","language_id":38}},{"id":67963,"position":34,"audio_url":"wbw/004_090_036.mp3","qpc_uthmani_hafs":"لَكُمۡ","char_type_name":"word","page_number":92,"line_number":11,"text":"ﯣ","translation":{"text":"for you","language_name":"english","language_id":38},"transliteration":{"text":"lakum","language_name":"english","language_id":38}},{"id":67964,"position":35,"audio_url":"wbw/004_090_037.mp3","qpc_uthmani_hafs":"عَلَيۡهِمۡ","char_type_name":"word","page_number":92,"line_number":11,"text":"ﯤ","translation":{"text":"against them","language_name":"english","language_id":38},"transliteration":{"text":"ʿalayhim","language_name":"english","language_id":38}},{"id":67965,"position":36,"audio_url":"wbw/004_090_038.mp3","qpc_uthmani_hafs":"سَبِيلٗا","char_type_name":"word","page_number":92,"line_number":11,"text":"ﯥ","translation":{"text":"a way","language_name":"english","language_id":38},"transliteration":{"text":"sabīlan","language_name":"english","language_id":38}},{"id":67966,"position":37,"audio_url":null,"qpc_uthmani_hafs":"٩٠","char_type_name":"end","page_number":92,"line_number":11,"text":"ﯦ","translation":{"text":"(90)","language_name":"english","language_id":38},"transliteration":{"text":null,"language_name":"english","language_id":38}}],"translations":[{"id":917012,"resource_id":134,"text":"kecuali orang-orang yang meminta perlindungan kepada sesuatu kaum, yang antara kamu dan kaum itu telah ada perjanjian (damai)<sup foot_note=210100>1</sup> atau orang-orang yang datang kepada kamu sedang hati mereka merasa keberatan untuk memerangi kamu dan memerangi kaumnya<sup foot_note=210101>2</sup>. Kalau Allah menghendaki, tentu Dia memberi kekuasaan kepada mereka terhadap kamu, lalu pastilah mereka memerangimu.  Tetapi jika mereka membiarkan kamu, dan tidak memerangi kamu serta mengemukakan perdamaian kepadamu<sup foot_note=210102>3</sup> maka Allah tidak memberi jalan bagimu (untuk menawan dan membunuh) mereka."}]},{"id":584,"verse_number":91,"verse_key":"4:91","juz_number":5,"hizb_number":10,"rub_el_hizb_number":37,"ruku_number":73,"manzil_number":1,"sajdah_number":null,"text_uthmani":"سَتَجِدُونَ ءَاخَرِينَ يُرِيدُونَ أَن يَأْمَنُوكُمْ وَيَأْمَنُوا۟ قَوْمَهُمْ كُلَّ مَا رُدُّوٓا۟ إِلَى ٱلْفِتْنَةِ أُرْكِسُوا۟ فِيهَا ۚ فَإِن لَّمْ يَعْتَزِلُوكُمْ وَيُلْقُوٓا۟ إِلَيْكُمُ ٱلسَّلَمَ وَيَكُفُّوٓا۟ أَيْدِيَهُمْ فَخُذُوهُمْ وَٱقْتُلُوهُمْ حَيْثُ ثَقِفْتُمُوهُمْ ۚ وَأُو۟لَـٰٓئِكُمْ جَعَلْنَا لَكُمْ عَلَيْهِمْ سُلْطَـٰنًا مُّبِينًا","page_number":92,"words":[{"id":68374,"position":1,"audio_url":"wbw/004_091_001.mp3","qpc_uthmani_hafs":"سَتَجِدُونَ","char_type_name":"word","page_number":92,"line_number":12,"text":"ﯧ","translation":{"text":"You will find","language_name":"english","language_id":38},"transliteration":{"text":"satajidūna","language_name":"english","language_id":38}},{"id":68375,"position":2,"audio_url":"wbw/004_091_002.mp3","qpc_uthmani_hafs":"ءَاخَرِينَ","char_type_name":"word","page_number":92,"line_number":12,"text":"ﯨ","translation":{"text":"others","language_name":"english","language_id":38},"transliteration":{"text":"ākharīna","language_name":"english","language_id":38}},{"id":68376,"position":3,"audio_url":"wbw/004_091_003.mp3","qpc_uthmani_hafs":"يُرِيدُونَ","char_type_name":"word","page_number":92,"line_number":12,"text":"ﯩ","translation":{"text":"wishing","language_name":"english","language_id":38},"transliteration":{"text":"yurīdūna","language_name":"english","language_id":38}},{"id":68377,"position":4,"audio_url":"wbw/004_091_004.mp3","qpc_uthmani_hafs":"أَن","char_type_name":"word","page_number":92,"line_number":12,"text":"ﯪ","translation":{"text":"that","language_name":"english","language_id":38},"transliteration":{"text":"an","language_name":"english","language_id":38}},{"id":68378,"position":5,"audio_url":"wbw/004_091_005.mp3","qpc_uthmani_hafs":"يَأۡمَنُوكُمۡ","char_type_name":"word","page_number":92,"line_number":12,"text":"ﯫ","translation":{"text":"they be secure from you","language_name":"english","language_id":38},"transliteration":{"text":"yamanūkum","language_name":"english","language_id":38}},{"id":68379,"position":6,"audio_url":"wbw/004_091_006.mp3","qpc_uthmani_hafs":"وَيَأۡمَنُواْ","char_type_name":"word","page_number":92,"line_number":12,"text":"ﯬ","translation":{"text":"and they be secure from","language_name":"english","language_id":38},"transliteration":{"text":"wayamanū","language_name":"english","language_id":38}},{"id":68380,"position":7,"audio_url":"wbw/004_091_007.mp3","qpc_uthmani_hafs":"قَوۡمَهُمۡ","char_type_name":"word","page_number":92,"line_number":12,"text":"ﯭ","translation":{"text":"their people","language_name":"english","language_id":38},"transliteration":{"text":"qawmahum","language_name":"english","language_id":38}},{"id":68381,"position":8,"audio_url":"wbw/004_091_008.mp3","qpc_uthmani_hafs":"كُلَّ","char_type_name":"word","page_number":92,"line_number":12,"text":"ﯮ","translation":{"text":"Everytime","language_name":"english","language_id":38},"transliteration":{"text":"kulla","language_name":"english","language_id":38}},{"id":68382,"position":9,"audio_url":"wbw/004_091_009.mp3","qpc_uthmani_hafs":"مَا","char_type_name":"word","page_number":92,"line_number":13,"text":"ﯯ","translation":{"text":"that","language_name":"english","language_id":38},"transliteration":{"text":"mā","language_name":"english","language_id":38}},{"id":68383,"position":10,"audio_url":"wbw/004_091_010.mp3","qpc_uthmani_hafs":"رُدُّوٓاْ","char_type_name":"word","page_number":92,"line_number":13,"text":"ﯰ","translation":{"text":"they are returned","language_name":"english","language_id":38},"transliteration":{"text":"ruddū","language_name":"english","language_id":38}},{"id":68384,"position":11,"audio_url":"wbw/004_091_011.mp3","qpc_uthmani_hafs":"إِلَى","char_type_name":"word","page_number":92,"line_number":13,"text":"ﯱ","translation":{"text":"to","language_name":"english","language_id":38},"transliteration":{"text":"ilā","language_name":"english","language_id":38}},{"id":68385,"position":12,"audio_url":"wbw/004_091_012.mp3","qpc_uthmani_hafs":"ٱلۡفِتۡنَةِ","char_type_name":"word","page_number":92,"line_number":13,"text":"ﯲ","translation":{"text":"the temptation","language_name":"english","language_id":38},"transliteration":{"text":"l-fit'nati","language_name":"english","language_id":38}},{"id":68386,"position":13,"audio_url":"wbw/004_091_013.mp3","qpc_uthmani_hafs":"أُرۡكِسُواْ","char_type_name":"word","page_number":92,"line_number":13,"text":"ﯳ","translation":{"text":"they are plunged","language_name":"english","language_id":38},"transliteration":{"text":"ur'kisū","language_name":"english","language_id":38}},{"id":68387,"position":14,"audio_url":"wbw/004_091_014.mp3","qpc_uthmani_hafs":"فِيهَاۚ","char_type_name":"word","page_number":92,"line_number":13,"text":"ﯴﯵ","translation":{"text":"into it","language_name":"english","language_id":38},"transliteration":{"text":"fīhā","language_name":"english","language_id":38}},{"id":68389,"position":15,"audio_url":"wbw/004_091_016.mp3","qpc_uthmani_hafs":"فَإِن","char_type_name":"word","page_number":92,"line_number":13,"text":"ﯶ","translation":{"text":"So if","language_name":"english","language_id":38},"transliteration":{"text":"fa-in","language_name":"english","language_id":38}},{"id":68390,"position":16,"audio_url":"wbw/004_091_017.mp3","qpc_uthmani_hafs":"لَّمۡ","char_type_name":"word","page_number":92,"line_number":13,"text":"ﯷ","translation":{"text":"not","language_name":"english","language_id":38},"transliteration":{"text":"lam","language_name":"english","language_id":38}},{"id":68391,"position":17,"audio_url":"wbw/004_091_018.mp3","qpc_uthmani_hafs":"يَعۡتَزِلُوكُمۡ","char_type_name":"word","page_number":92,"line_number":13,"text":"ﯸ","translation":{"text":"they withdraw from you","language_name":"english","language_id":38},"transliteration":{"text":"yaʿtazilūkum","language_name":"english","language_id":38}},{"id":68392,"position":18,"audio_url":"wbw/004_091_019.mp3","qpc_uthmani_hafs":"وَيُلۡقُوٓاْ","char_type_name":"word","page_number":92,"line_number":13,"text":"ﯹ","translation":{"text":"and offer","language_name":"english","language_id":38},"transliteration":{"text":"wayul'qū","language_name":"english","language_id":38}},{"id":68393,"position":19,"audio_url":"wbw/004_091_020.mp3","qpc_uthmani_hafs":"إِلَيۡكُمُ","char_type_name":"word","page_number":92,"line_number":13,"text":"ﯺ","translation":{"text":"to you","language_name":"english","language_id":38},"transliteration":{"text":"ilaykumu","language_name":"english","language_id":38}},{"id":68394,"position":20,"audio_url":"wbw/004_091_021.mp3","qpc_uthmani_hafs":"ٱلسَّلَمَ","char_type_name":"word","page_number":92,"line_number":14,"text":"ﯻ","translation":{"text":"[the] peace","language_name":"english","language_id":38},"transliteration":{"text":"l-salama","language_name":"english","language_id":38}},{"id":68395,"position":21,"audio_url":"wbw/004_091_022.mp3","qpc_uthmani_hafs":"وَيَكُفُّوٓاْ","char_type_name":"word","page_number":92,"line_number":14,"text":"ﯼ","translation":{"text":"and they restrain","language_name":"english","language_id":38},"transliteration":{"text":"wayakuffū","language_name":"english","language_id":38}},{"id":68396,"position":22,"audio_url":"wbw/004_091_023.mp3","qpc_uthmani_hafs":"أَيۡدِيَهُمۡ","char_type_name":"word","page_number":92,"line_number":14,"text":"ﯽ","translation":{"text":"their hands","language_name":"english","language_id":38},"transliteration":{"text":"aydiyahum","language_name":"english","language_id":38}},{"id":68397,"position":23,"audio_url":"wbw/004_091_024.mp3","qpc_uthmani_hafs":"فَخُذُوهُمۡ","char_type_name":"word","page_number":92,"line_number":14,"text":"ﯾ","translation":{"text":"then seize them","language_name":"english","language_id":38},"transliteration":{"text":"fakhudhūhum","language_name":"english","language_id":38}},{"id":68398,"position":24,"audio_url":"wbw/004_091_025.mp3","qpc_uthmani_hafs":"وَٱقۡتُلُوهُمۡ","char_type_name":"word","page_number":92,"line_number":14,"text":"ﯿ","translation":{"text":"and kill them","language_name":"english","language_id":38},"transliteration":{"text":"wa-uq'tulūhum","language_name":"english","language_id":38}},{"id":68399,"position":25,"audio_url":"wbw/004_091_026.mp3","qpc_uthmani_hafs":"حَيۡثُ","char_type_name":"word","page_number":92,"line_number":14,"text":"ﰀ","translation":{"text":"wherever","language_name":"english","language_id":38},"transliteration":{"text":"ḥaythu","language_name":"english","language_id":38}},{"id":68400,"position":26,"audio_url":"wbw/004_091_027.mp3","qpc_uthmani_hafs":"ثَقِفۡتُمُوهُمۡۚ","char_type_name":"word","page_number":92,"line_number":15,"text":"ﰁﰂ","translation":{"text":"you find them","language_name":"english","language_id":38},"transliteration":{"text":"thaqif'tumūhum","language_name":"english","language_id":38}},{"id":68402,"position":27,"audio_url":"wbw/004_091_029.mp3","qpc_uthmani_hafs":"وَأُوْلَٰٓئِكُمۡ","char_type_name":"word","page_number":92,"line_number":15,"text":"ﰃ","translation":{"text":"And those ","language_name":"english","language_id":38},"transliteration":{"text":"wa-ulāikum","language_name":"english","language_id":38}},{"id":68403,"position":28,"audio_url":"wbw/004_091_030.mp3","qpc_uthmani_hafs":"جَعَلۡنَا","char_type_name":"word","page_number":92,"line_number":15,"text":"ﰄ","translation":{"text":"We made","language_name":"english","language_id":38},"transliteration":{"text":"jaʿalnā","language_name":"english","language_id":38}},{"id":68404,"position":29,"audio_url":"wbw/004_091_031.mp3","qpc_uthmani_hafs":"لَكُمۡ","char_type_name":"word","page_number":92,"line_number":15,"text":"ﰅ","translation":{"text":"for you","language_name":"english","language_id":38},"transliteration":{"text":"lakum","language_name":"english","language_id":38}},{"id":68405,"position":30,"audio_url":"wbw/004_091_032.mp3","qpc_uthmani_hafs":"عَلَيۡهِمۡ","char_type_name":"word","page_number":92,"line_number":15,"text":"ﰆ","translation":{"text":"against them","language_name":"english","language_id":38},"transliteration":{"text":"ʿalayhim","language_name":"english","language_id":38}},{"id":68406,"position":31,"audio_url":"wbw/004_091_033.mp3","qpc_uthmani_hafs":"سُلۡطَٰنٗا","char_type_name":"word","page_number":92,"line_number":15,"text":"ﰇ","translation":{"text":"an authority","language_name":"english","language_id":38},"transliteration":{"text":"sul'ṭānan","language_name":"english","language_id":38}},{"id":68407,"position":32,"audio_url":"wbw/004_091_034.mp3","qpc_uthmani_hafs":"مُّبِينٗا","char_type_name":"word","page_number":92,"line_number":15,"text":"ﰈ","translation":{"text":"clear","language_name":"english","language_id":38},"transliteration":{"text":"mubīnan","language_name":"english","language_id":38}},{"id":68408,"position":33,"audio_url":null,"qpc_uthmani_hafs":"٩١","char_type_name":"end","page_number":92,"line_number":15,"text":"ﰉ","translation":{"text":"(91)","language_name":"english","language_id":38},"transliteration":{"text":null,"language_name":"english","language_id":38}}],"translations":[{"id":917013,"resource_id":134,"text":"Kelak kamu akan dapati (golongan-golongan) yang lain, yang bermaksud supaya mereka aman dari kamu dan aman (pula) dari kaumnya.  Setiap mereka diajak kembali kepada fitnah (syirik), mereka pun terjun kedalamnya.  Karena itu, jika mereka tidak membiarkan kamu dan (tidak) mau mengemukakan perdamaian kepadamu, serta (tidak) menahan tangan mereka (dari memerangimu), maka tawanlah mereka dan bunuhlah mereka dimana saja kamu menemui mereka, dan merekalah orang-orang yang Kami berikan kepadamu alasan yang nyata (untuk menawan dan membunuh) mereka."}]}],"pagination":{"per_page":50,"current_page":1,"next_page":null,"total_pages":1,"total_records":5}}